time,ticker,start_time,price,ticker_id,charm_per_one_percent_move_dir,charm_per_one_percent_move_oi,charm_per_one_percent_move_vol,gamma_per_one_percent_move_dir,gamma_per_one_percent_move_oi,gamma_per_one_percent_move_vol,vanna_per_one_percent_move_dir,vanna_per_one_percent_move_oi,vanna_per_one_percent_move_vol
2026-07-02T10:30:57.705000Z,MU,2026-07-02T10:30:00.000000Z,1009.3033,6377,0,-35273839562.9,0,0,-85283654.58,0,0.00,-2470949.89,0.00
2026-07-02T10:38:05.828000Z,MU,2026-07-02T10:38:00.000000Z,1008.81,6377,0,-913828932356,0,0,-218067473.07,0,0.00,136499812.18,0.00
2026-07-02T10:39:05.766000Z,MU,2026-07-02T10:39:00.000000Z,1010.8365,6377,0,-918353882601.32,0,0,-219948126.15,0,0.00,136725993.15,0.00
2026-07-02T10:40:05.680000Z,MU,2026-07-02T10:40:00.000000Z,1012.94,6377,0,-922964197108.95,0,0,-209238152.54,0,0.00,137445729.42,0.00
2026-07-02T10:41:05.783000Z,MU,2026-07-02T10:41:00.000000Z,1012.8,6377,0,-925610933988.06,0,0,-197171401.8,0,0.00,137892590.11,0.00
2026-07-02T10:42:05.774000Z,MU,2026-07-02T10:42:00.000000Z,1012.47,6377,0,-926993624655.32,0,0,-199415607.31,0,0.00,137731014.53,0.00
2026-07-02T10:43:05.679000Z,MU,2026-07-02T10:43:00.000000Z,1010.47,6377,0,-926728586037.58,0,0,-201769074.69,0,0.00,137311544.36,0.00
2026-07-02T10:44:05.780000Z,MU,2026-07-02T10:44:00.000000Z,1009.8,6377,0,-925992114691.92,0,0,-207035409.09,0,0.00,136968418.82,0.00
2026-07-02T10:45:05.759000Z,MU,2026-07-02T10:45:00.000000Z,1008.4558,6377,0,-926432822649.54,0,0,-213970799.46,0,0.00,136476839.51,0.00
2026-07-02T10:46:05.696000Z,MU,2026-07-02T10:46:00.000000Z,1007,6377,0,-925855906139,0,0,-219960648.53,0,0.00,135998018.86,0.00
2026-07-02T10:47:05.772000Z,MU,2026-07-02T10:47:00.000000Z,1007.59,6377,0,-926479046338.4,0,0,-222453998.5,0,0.00,135956138.75,0.00
2026-07-02T10:48:05.711000Z,MU,2026-07-02T10:48:00.000000Z,1007.5,6377,0,-929315088136.9,0,0,-226943992.08,0,0.00,135754217.15,0.00
2026-07-02T10:49:09.848000Z,MU,2026-07-02T10:49:00.000000Z,1010,6377,0,-932985212770.21,0,0,-240124042.18,0,0.00,135002713.37,0.00
2026-07-02T10:50:05.677000Z,MU,2026-07-02T10:50:00.000000Z,1010,6377,0,-938269141381.18,0,0,-230358801.97,0,0.00,135990343.42,0.00
2026-07-02T10:51:05.674000Z,MU,2026-07-02T10:51:00.000000Z,1010.15,6377,0,-939424133536.03,0,0,-212797174.17,0,0.00,136681226.88,0.00
2026-07-02T10:52:05.790000Z,MU,2026-07-02T10:52:00.000000Z,1009.86,6377,0,-939476566169.01,0,0,-213008822.09,0,0.00,136585072.29,0.00
2026-07-02T10:53:05.773000Z,MU,2026-07-02T10:53:00.000000Z,1009,6377,0,-940290684456.79,0,0,-215202509.13,0,0.00,136349782.32,0.00
2026-07-02T10:54:05.786000Z,MU,2026-07-02T10:54:00.000000Z,1009,6377,0,-941254297186.41,0,0,-218149622.77,0,0.00,136210597.65,0.00
2026-07-02T10:55:05.807000Z,MU,2026-07-02T10:55:00.000000Z,1009,6377,0,-942588520941.27,0,0,-215258118.64,0,0.00,136297484.56,0.00
2026-07-02T10:56:05.740000Z,MU,2026-07-02T10:56:00.000000Z,1007.7839,6377,0,-943041207908.52,0,0,-213963021.27,0,0.00,136141563.63,0.00
2026-07-02T10:57:05.784000Z,MU,2026-07-02T10:57:00.000000Z,1008.2929,6377,0,-944742278292.31,0,0,-223038442.08,0,0.00,135846091.77,0.00
2026-07-02T10:58:05.805000Z,MU,2026-07-02T10:58:00.000000Z,1010,6377,0,-948519893535.13,0,0,-222449936.82,0,0.00,136111416.33,0.00
2026-07-02T10:59:05.707000Z,MU,2026-07-02T10:59:00.000000Z,1011,6377,0,-952158577714.7,0,0,-213099686.88,0,0.00,136584466.19,0.00
2026-07-02T11:00:05.688000Z,MU,2026-07-02T11:00:00.000000Z,1013.5,6377,0,-955755087946.32,0,0,-199440936.94,0,0.00,137498097.00,0.00
2026-07-02T11:01:05.728000Z,MU,2026-07-02T11:01:00.000000Z,1015.9,6377,0,-964090911561.74,0,0,-212242063.94,0,0.00,137367061.73,0.00
2026-07-02T11:02:05.782000Z,MU,2026-07-02T11:02:00.000000Z,1013.746,6377,0,-963958682398.1,0,0,-186552154.1,0,0.00,138052065.79,0.00
2026-07-02T11:04:05.756000Z,MU,2026-07-02T11:04:00.000000Z,1008.47,6377,0,-958468726075.65,0,0,-187491039.85,0,0.00,137181905.90,0.00
2026-07-02T11:05:05.732000Z,MU,2026-07-02T11:05:00.000000Z,1008.09,6377,0,-958479816962.74,0,0,-217423271.68,0,0.00,135867530.11,0.00
2026-07-02T11:06:05.764000Z,MU,2026-07-02T11:06:00.000000Z,1007.4,6377,0,-959751755616.67,0,0,-222588686.64,0,0.00,135546087.26,0.00
2026-07-02T11:07:05.799000Z,MU,2026-07-02T11:07:00.000000Z,1007.1,6377,0,-960779893071.22,0,0,-226079887.17,0,0.00,135334490.78,0.00
2026-07-02T11:08:10.372000Z,MU,2026-07-02T11:08:00.000000Z,1005.56,6377,0,-962233994073.33,0,0,-238017493.02,0,0.00,134042290.84,0.00
2026-07-02T11:09:05.778000Z,MU,2026-07-02T11:09:00.000000Z,1006.9999,6377,0,-963258055168.05,0,0,-231682703.73,0,0.00,135048373.40,0.00
2026-07-02T11:10:05.754000Z,MU,2026-07-02T11:10:00.000000Z,1007.46,6377,0,-966465077700.09,0,0,-230711881.21,0,0.00,135145927.19,0.00
2026-07-02T11:11:05.736000Z,MU,2026-07-02T11:11:00.000000Z,1007.88,6377,0,-968912469531.19,0,0,-228309749.87,0,0.00,135285709.35,0.00
2026-07-02T11:12:05.772000Z,MU,2026-07-02T11:12:00.000000Z,1008.06,6377,0,-970949203196.8,0,0,-224690887.38,0,0.00,135440832.92,0.00
2026-07-02T11:13:05.678000Z,MU,2026-07-02T11:13:00.000000Z,1007.9969,6377,0,-973382560105.17,0,0,-228362714.43,0,0.00,135266905.67,0.00
2026-07-02T11:14:05.816000Z,MU,2026-07-02T11:14:00.000000Z,1008.83,6377,0,-975951693368.29,0,0,-229086768.78,0,0.00,135344074.29,0.00
2026-07-02T11:15:05.767000Z,MU,2026-07-02T11:15:00.000000Z,1008.2463,6377,0,-977181270462.22,0,0,-220206059.02,0,0.00,135583404.71,0.00
2026-07-02T11:16:05.685000Z,MU,2026-07-02T11:16:00.000000Z,1006.6,6377,0,-976819722062.21,0,0,-220917959.83,0,0.00,135281774.39,0.00
2026-07-02T11:17:05.684000Z,MU,2026-07-02T11:17:00.000000Z,1005.0003,6377,0,-975785282302.52,0,0,-227006967.12,0,0.00,134764573.42,0.00
2026-07-02T11:18:05.681000Z,MU,2026-07-02T11:18:00.000000Z,1003.0975,6377,0,-974375591056.59,0,0,-232012523.82,0,0.00,134242605.55,0.00
2026-07-02T11:19:05.770000Z,MU,2026-07-02T11:19:00.000000Z,1005,6377,0,-976756870562.59,0,0,-242941793.57,0,0.00,134053751.42,0.00
2026-07-02T11:20:05.705000Z,MU,2026-07-02T11:20:00.000000Z,1005,6377,0,-981224885284.98,0,0,-240272640.64,0,0.00,134175383.39,0.00
2026-07-02T11:21:05.680000Z,MU,2026-07-02T11:21:00.000000Z,1004.3168,6377,0,-981533601820.67,0,0,-236216082.69,0,0.00,134202337.61,0.00
2026-07-02T11:22:05.679000Z,MU,2026-07-02T11:22:00.000000Z,1003.5259,6377,0,-982377478128.37,0,0,-241163226.19,0,0.00,133859350.49,0.00
2026-07-02T11:23:05.691000Z,MU,2026-07-02T11:23:00.000000Z,1007,6377,0,-987354919088.75,0,0,-249093239.15,0,0.00,134046475.56,0.00
2026-07-02T11:24:05.668000Z,MU,2026-07-02T11:24:00.000000Z,1006.14,6377,0,-990751075009.18,0,0,-230751265.96,0,0.00,134653115.40,0.00
2026-07-02T11:25:05.672000Z,MU,2026-07-02T11:25:00.000000Z,1006,6377,0,-991536306750.57,0,0,-232287313.08,0,0.00,134541525.38,0.00
2026-07-02T11:26:05.735000Z,MU,2026-07-02T11:26:00.000000Z,1007.0001,6377,0,-994184192223.34,0,0,-232559064.24,0,0.00,134659937.66,0.00
2026-07-02T11:27:05.793000Z,MU,2026-07-02T11:27:00.000000Z,1008.3266,6377,0,-997523193209.61,0,0,-223932387.98,0,0.00,135185843.59,0.00
2026-07-02T11:28:05.739000Z,MU,2026-07-02T11:28:00.000000Z,1008.4032,6377,0,-1001350610362.91,0,0,-224518042.51,0,0.00,135169125.53,0.00
2026-07-02T11:29:05.750000Z,MU,2026-07-02T11:29:00.000000Z,1007.24,6377,0,-1001794895157.55,0,0,-220875349.55,0,0.00,135108974.77,0.00
2026-07-02T11:30:05.686000Z,MU,2026-07-02T11:30:00.000000Z,1007.5,6377,0,-1002895446488.76,0,0,-224769080.03,0,0.00,134969758.59,0.00
2026-07-02T11:31:05.697000Z,MU,2026-07-02T11:31:00.000000Z,1007.5,6377,0,-1005356291999.71,0,0,-226236634.86,0,0.00,134889586.94,0.00
2026-07-02T11:32:05.801000Z,MU,2026-07-02T11:32:00.000000Z,1007.72,6377,0,-1007684044159.65,0,0,-227694911.74,0,0.00,134846240.11,0.00
2026-07-02T11:33:05.800000Z,MU,2026-07-02T11:33:00.000000Z,1007.7,6377,0,-1009452285947.81,0,0,-224311693.81,0,0.00,134958946.90,0.00
2026-07-02T11:34:05.687000Z,MU,2026-07-02T11:34:00.000000Z,1008.22,6377,0,-1011903490058.68,0,0,-224652745.76,0,0.00,135003151.70,0.00
2026-07-02T11:35:05.698000Z,MU,2026-07-02T11:35:00.000000Z,1007.1383,6377,0,-1013964461535.12,0,0,-221319359.88,0,0.00,134961671.49,0.00
2026-07-02T11:36:05.688000Z,MU,2026-07-02T11:36:00.000000Z,1008,6377,0,-1014753464682.14,0,0,-224039529.7,0,0.00,134944478.78,0.00
2026-07-02T11:37:05.684000Z,MU,2026-07-02T11:37:00.000000Z,1007.2385,6377,0,-1017622600308,0,0,-227423298.45,0,0.00,134683863.15,0.00
2026-07-02T11:38:05.739000Z,MU,2026-07-02T11:38:00.000000Z,1011,6377,0,-1021987930197.83,0,0,-226333463.64,0,0.00,135269088.88,0.00
2026-07-02T11:39:05.790000Z,MU,2026-07-02T11:39:00.000000Z,1013.5599,6377,0,-1031260602345.29,0,0,-224596032.93,0,0.00,135732884.94,0.00
2026-07-02T11:40:05.689000Z,MU,2026-07-02T11:40:00.000000Z,1013,6377,0,-1032844081860.84,0,0,-201723300.66,0,0.00,136495721.10,0.00
2026-07-02T11:41:05.773000Z,MU,2026-07-02T11:41:00.000000Z,1013,6377,0,-1033643337048.48,0,0,-194496351.45,0,0.00,136763269.50,0.00
2026-07-02T11:42:05.715000Z,MU,2026-07-02T11:42:00.000000Z,1016.5,6377,0,-1038883861028.62,0,0,-201395831.9,0,0.00,136979568.25,0.00
2026-07-02T11:43:05.768000Z,MU,2026-07-02T11:43:00.000000Z,1017.56,6377,0,-1046202897921.61,0,0,-182444986.93,0,0.00,137927278.41,0.00
2026-07-02T11:44:05.754000Z,MU,2026-07-02T11:44:00.000000Z,1021.31,6377,0,-1052053177871.6,0,0,-179243367.91,0,0.00,138590235.85,0.00
2026-07-02T11:45:05.764000Z,MU,2026-07-02T11:45:00.000000Z,1018.8,6377,0,-1053628402364.53,0,0,-166225571.46,0,0.00,138705487.39,0.00
2026-07-02T11:46:05.699000Z,MU,2026-07-02T11:46:00.000000Z,1018.253,6377,0,-1053353237591.35,0,0,-167669187.87,0,0.00,138557602.29,0.00
2026-07-02T11:47:05.667000Z,MU,2026-07-02T11:47:00.000000Z,1017,6377,0,-1053000910174.08,0,0,-163174037.99,0,0.00,138525719.32,0.00
2026-07-02T11:48:05.671000Z,MU,2026-07-02T11:48:00.000000Z,1019.4074,6377,0,-1056995444779.13,0,0,-172013181.85,0,0.00,138513132.75,0.00
2026-07-02T11:49:05.687000Z,MU,2026-07-02T11:49:00.000000Z,1020.2862,6377,0,-1062024064273.55,0,0,-164600354.45,0,0.00,138913411.74,0.00
2026-07-02T11:50:05.718000Z,MU,2026-07-02T11:50:00.000000Z,1019.75,6377,0,-1063130457232.17,0,0,-152292144.78,0,0.00,139311109.19,0.00
2026-07-02T11:51:05.689000Z,MU,2026-07-02T11:51:00.000000Z,1022.88,6377,0,-1069622680589.74,0,0,-167559608.23,0,0.00,139138549.45,0.00
2026-07-02T11:52:05.693000Z,MU,2026-07-02T11:52:00.000000Z,1022.99,6377,0,-1072566265860.7,0,0,-156676456.61,0,0.00,139512260.74,0.00
2026-07-02T11:53:05.711000Z,MU,2026-07-02T11:53:00.000000Z,1022.7482,6377,0,-1073660340347.8,0,0,-142632298.35,0,0.00,140010791.34,0.00
2026-07-02T11:54:05.682000Z,MU,2026-07-02T11:54:00.000000Z,1020.0521,6377,0,-1074131508197.67,0,0,-146600873.94,0,0.00,139441602.18,0.00
2026-07-02T11:55:05.684000Z,MU,2026-07-02T11:55:00.000000Z,1019.2,6377,0,-1072901652360.65,0,0,-151729869.53,0,0.00,139108892.60,0.00
2026-07-02T11:56:05.691000Z,MU,2026-07-02T11:56:00.000000Z,1019,6377,0,-1076579550577.57,0,0,-166234743.31,0,0.00,138500398.43,0.00
2026-07-02T11:57:05.801000Z,MU,2026-07-02T11:57:00.000000Z,1020,6377,0,-1078608408157.62,0,0,-166574104.31,0,0.00,138614613.76,0.00
2026-07-02T11:58:05.776000Z,MU,2026-07-02T11:58:00.000000Z,1020.0579,6377,0,-1081533489302.88,0,0,-162343357.87,0,0.00,138763274.46,0.00
2026-07-02T11:59:05.701000Z,MU,2026-07-02T11:59:00.000000Z,1020.01,6377,0,-1084330330370.86,0,0,-160909780.03,0,0.00,138795781.00,0.00
2026-07-02T12:00:05.690000Z,MU,2026-07-02T12:00:00.000000Z,1018.86,6377,0,-1084205554529.67,0,0,-158271850.52,0,0.00,138696971.21,0.00
2026-07-02T12:01:05.688000Z,MU,2026-07-02T12:01:00.000000Z,1019,6377,0,-1085845764316.03,0,0,-163760069.68,0,0.00,138485936.66,0.00
2026-07-02T12:02:05.702000Z,MU,2026-07-02T12:02:00.000000Z,1019.8717,6377,0,-1088950866758.83,0,0,-172169908.02,0,0.00,138249897.14,0.00
2026-07-02T12:03:05.762000Z,MU,2026-07-02T12:03:00.000000Z,1025.6701,6377,0,-1099706674624.88,0,0,-174696706.82,0,0.00,139002982.61,0.00
2026-07-02T12:04:05.694000Z,MU,2026-07-02T12:04:00.000000Z,1027.1601,6377,0,-1106838034149.06,0,0,-146882162.43,0,0.00,140231610.87,0.00
2026-07-02T12:05:05.694000Z,MU,2026-07-02T12:05:00.000000Z,1029.28,6377,0,-1109196110975.89,0,0,-118035056.04,0,0.00,141578997.98,0.00
2026-07-02T12:06:05.691000Z,MU,2026-07-02T12:06:00.000000Z,1034.66,6377,0,-1117962394536.3,0,0,-105620002.22,0,0.00,142738610.59,0.00
2026-07-02T12:07:05.719000Z,MU,2026-07-02T12:07:00.000000Z,1037.6761,6377,0,-1130625089329.14,0,0,-117348142.93,0,0.00,142669992.22,0.00
2026-07-02T12:08:05.710000Z,MU,2026-07-02T12:08:00.000000Z,1038.5,6377,0,-1128566721440.31,0,0,-56485495.38,0,0.00,144856677.24,0.00
2026-07-02T12:09:05.708000Z,MU,2026-07-02T12:09:00.000000Z,1039.5,6377,0,-1132172336091.34,0,0,-51860733.52,0,0.00,145117450.86,0.00
2026-07-02T12:10:05.701000Z,MU,2026-07-02T12:10:00.000000Z,1038.97,6377,0,-1133934944341.15,0,0,-44168807.63,0,0.00,145257801.62,0.00
2026-07-02T12:11:05.734000Z,MU,2026-07-02T12:11:00.000000Z,1039,6377,0,-1136503828302.41,0,0,-49794236.69,0,0.00,145058071.14,0.00
2026-07-02T12:12:05.702000Z,MU,2026-07-02T12:12:00.000000Z,1042.45,6377,0,-1141048120203.65,0,0,-35376274.57,0,0.00,146014912.83,0.00
2026-07-02T12:13:05.697000Z,MU,2026-07-02T12:13:00.000000Z,1044.3,6377,0,-1147775357369.82,0,0,-31231712.92,0,0.00,146308839.88,0.00
2026-07-02T12:14:05.707000Z,MU,2026-07-02T12:14:00.000000Z,1049.0879,6377,0,-1153994410725.07,0,0,-12709663.59,0,0.00,147544388.39,0.00
2026-07-02T12:15:05.739000Z,MU,2026-07-02T12:15:00.000000Z,1051.71,6377,0,-1162481622872.54,0,0,-5208217.08,0,0.00,147973213.32,0.00
2026-07-02T12:16:05.718000Z,MU,2026-07-02T12:16:00.000000Z,1049.6562,6377,0,-1158027588564.7,0,0,30894795.84,0,0.00,148801866.90,0.00
2026-07-02T12:17:05.696000Z,MU,2026-07-02T12:17:00.000000Z,1055.4503,6377,0,-1169020482533.64,0,0,19610508.39,0,0.00,149277018.08,0.00
2026-07-02T12:18:05.715000Z,MU,2026-07-02T12:18:00.000000Z,1055,6377,0,-1170267302139.65,0,0,51274294.84,0,0.00,150020668.30,0.00
2026-07-02T12:19:05.688000Z,MU,2026-07-02T12:19:00.000000Z,1052.5485,6377,0,-1170251512217.01,0,0,47448867.35,0,0.00,149543978.32,0.00
2026-07-02T12:20:05.691000Z,MU,2026-07-02T12:20:00.000000Z,1052.8938,6377,0,-1171344450383.31,0,0,47090198.97,0,0.00,149700846.79,0.00
2026-07-02T12:21:05.725000Z,MU,2026-07-02T12:21:00.000000Z,1053,6377,0,-1176407961625.37,0,0,33378252.54,0,0.00,149176522.45,0.00
2026-07-02T12:22:05.714000Z,MU,2026-07-02T12:22:00.000000Z,1048.26,6377,0,-1172416570663.09,0,0,42919716.41,0,0.00,148795944.67,0.00
2026-07-02T12:23:05.690000Z,MU,2026-07-02T12:23:00.000000Z,1048.54,6377,0,-1176399194247.38,0,0,10522087.13,0,0.00,147901233.93,0.00
2026-07-02T12:24:05.721000Z,MU,2026-07-02T12:24:00.000000Z,1048.1867,6377,0,-1177555596738.59,0,0,19990123.48,0,0.00,148133901.22,0.00
2026-07-02T12:25:05.709000Z,MU,2026-07-02T12:25:00.000000Z,1052.54,6377,0,-1186485239799.74,0,0,9075712.35,0,0.00,148362060.99,0.00
2026-07-02T12:26:05.696000Z,MU,2026-07-02T12:26:00.000000Z,1055.1616,6377,0,-1191198985396.23,0,0,34171325.17,0,0.00,149391297.95,0.00
2026-07-02T12:27:05.738000Z,MU,2026-07-02T12:27:00.000000Z,1060.1146,6377,0,-1198232252093.62,0,0,54351225.26,0,0.00,150617471.70,0.00
2026-07-02T12:28:05.701000Z,MU,2026-07-02T12:28:00.000000Z,1058.9,6377,0,-1199690894225.85,0,0,80682518.8,0,0.00,151099028.16,0.00
2026-07-02T12:29:05.705000Z,MU,2026-07-02T12:29:00.000000Z,1058.32,6377,0,-1201379472332.23,0,0,67399522.65,0,0.00,150599689.79,0.00
2026-07-02T12:30:05.729000Z,MU,2026-07-02T12:30:00.000000Z,1061.9,6377,0,-1206620732025.07,0,0,77088098.89,0,0.00,151417039.68,0.00
2026-07-02T12:31:05.708000Z,MU,2026-07-02T12:31:00.000000Z,1067.3119,6377,0,-1215471229080.37,0,0,88524882.35,0,0.00,152347696.07,0.00
2026-07-02T12:32:05.728000Z,MU,2026-07-02T12:32:00.000000Z,1063.01,6377,0,-1208208076061.15,0,0,144431115.73,0,0.00,153483605.93,0.00
2026-07-02T12:33:05.713000Z,MU,2026-07-02T12:33:00.000000Z,1062.0701,6377,0,-1211850505391.54,0,0,114723973.53,0,0.00,152444926.34,0.00
2026-07-02T12:34:05.700000Z,MU,2026-07-02T12:34:00.000000Z,1066.7025,6377,0,-1219411417962.87,0,0,117298547.1,0,0.00,153164486.56,0.00
2026-07-02T12:35:05.695000Z,MU,2026-07-02T12:35:00.000000Z,1069.0575,6377,0,-1225494231835.82,0,0,122723746.62,0,0.00,153468766.85,0.00
2026-07-02T12:36:05.718000Z,MU,2026-07-02T12:36:00.000000Z,1072.3722,6377,0,-1230699050146.95,0,0,141820551.44,0,0.00,154419197.08,0.00
2026-07-02T12:37:05.732000Z,MU,2026-07-02T12:37:00.000000Z,1071.89,6377,0,-1229965465036.75,0,0,172230000.07,0,0.00,155183288.75,0.00
2026-07-02T12:38:05.716000Z,MU,2026-07-02T12:38:00.000000Z,1067,6377,0,-1228461559653.33,0,0,156694789.19,0,0.00,154007775.69,0.00
2026-07-02T12:39:05.707000Z,MU,2026-07-02T12:39:00.000000Z,1064.13,6377,0,-1229077228102.82,0,0,138060303.84,0,0.00,153252822.96,0.00
2026-07-02T12:40:05.717000Z,MU,2026-07-02T12:40:00.000000Z,1065.01,6377,0,-1234303598050.52,0,0,120049141.48,0,0.00,152740645.06,0.00
2026-07-02T12:41:05.710000Z,MU,2026-07-02T12:41:00.000000Z,1059.5907,6377,0,-1230067877894.69,0,0,125044084.32,0,0.00,152163947.47,0.00
2026-07-02T12:42:05.753000Z,MU,2026-07-02T12:42:00.000000Z,1058.31,6377,0,-1233849097058.89,0,0,86972340.54,0,0.00,150881548.71,0.00
2026-07-02T12:43:05.726000Z,MU,2026-07-02T12:43:00.000000Z,1059.9384,6377,0,-1239255453027.89,0,0,77267760.49,0,0.00,150813233.07,0.00
2026-07-02T12:44:05.720000Z,MU,2026-07-02T12:44:00.000000Z,1054.31,6377,0,-1235150154211.3,0,0,83839902.14,0,0.00,150161056.56,0.00
2026-07-02T12:45:05.705000Z,MU,2026-07-02T12:45:00.000000Z,1057.7043,6377,0,-1243279535988.95,0,0,54104357.92,0,0.00,149846474.43,0.00
2026-07-02T12:46:05.727000Z,MU,2026-07-02T12:46:00.000000Z,1054.96,6377,0,-1243411138095.93,0,0,62196204.54,0,0.00,149576483.27,0.00
2026-07-02T12:47:05.730000Z,MU,2026-07-02T12:47:00.000000Z,1057.1583,6377,0,-1248196458122.5,0,0,56939330.16,0,0.00,149788788.91,0.00
2026-07-02T12:48:05.720000Z,MU,2026-07-02T12:48:00.000000Z,1059,6377,0,-1252109473622.71,0,0,73362152.33,0,0.00,150474533.52,0.00
2026-07-02T12:49:05.709000Z,MU,2026-07-02T12:49:00.000000Z,1058.39,6377,0,-1254973788055.89,0,0,73937972.17,0,0.00,150304685.40,0.00
2026-07-02T12:50:05.709000Z,MU,2026-07-02T12:50:00.000000Z,1057.7572,6377,0,-1256404837461.37,0,0,76782573.25,0,0.00,150311827.48,0.00
2026-07-02T12:51:05.723000Z,MU,2026-07-02T12:51:00.000000Z,1059.8973,6377,0,-1261917638380.67,0,0,74148718.8,0,0.00,150520030.73,0.00
2026-07-02T12:52:05.702000Z,MU,2026-07-02T12:52:00.000000Z,1056.84,6377,0,-1260431588456.21,0,0,86076755.8,0,0.00,150376792.04,0.00
2026-07-02T12:53:05.704000Z,MU,2026-07-02T12:53:00.000000Z,1055.26,6377,0,-1263176388670.54,0,0,62753779.81,0,0.00,149491301.25,0.00
2026-07-02T12:54:05.735000Z,MU,2026-07-02T12:54:00.000000Z,1051.47,6377,0,-1261943118150.99,0,0,53468435.88,0,0.00,148693121.46,0.00
2026-07-02T12:55:05.723000Z,MU,2026-07-02T12:55:00.000000Z,1047.47,6377,0,-1260832490860.2,0,0,31412642.16,0,0.00,147526706.99,0.00
2026-07-02T12:56:05.711000Z,MU,2026-07-02T12:56:00.000000Z,1045,6377,0,-1259202176004.95,0,0,26052361.78,0,0.00,147111784.45,0.00
2026-07-02T12:57:05.736000Z,MU,2026-07-02T12:57:00.000000Z,1045.8898,6377,0,-1265436821625.48,0,0,-9350697.08,0,0.00,146094839.04,0.00
2026-07-02T12:58:05.722000Z,MU,2026-07-02T12:58:00.000000Z,1043.2,6377,0,-1265059471634.15,0,0,-3424334.75,0,0.00,145868612.60,0.00
2026-07-02T12:59:05.756000Z,MU,2026-07-02T12:59:00.000000Z,1045,6377,0,-1269753468381.12,0,0,-17315736.54,0,0.00,145698174.38,0.00
2026-07-02T13:00:05.709000Z,MU,2026-07-02T13:00:00.000000Z,1045.36,6377,0,-1274294531379.93,0,0,-14811772.91,0,0.00,145757172.66,0.00
2026-07-02T13:01:05.716000Z,MU,2026-07-02T13:01:00.000000Z,1040.1,6377,0,-1269397630289.71,0,0,-940241.69,0,0.00,145458525.46,0.00
2026-07-02T13:02:05.723000Z,MU,2026-07-02T13:02:00.000000Z,1042,6377,0,-1273953181566.93,0,0,-30772334.81,0,0.00,144834250.18,0.00
2026-07-02T13:03:05.734000Z,MU,2026-07-02T13:03:00.000000Z,1043.6233,6377,0,-1280434530392.63,0,0,-29318441.76,0,0.00,145037810.18,0.00
2026-07-02T13:04:05.725000Z,MU,2026-07-02T13:04:00.000000Z,1045.26,6377,0,-1285429711920.92,0,0,-18098701.35,0,0.00,145567709.49,0.00
2026-07-02T13:05:05.722000Z,MU,2026-07-02T13:05:00.000000Z,1045.97,6377,0,-1289287410118.99,0,0,-7150633.47,0,0.00,145967175.14,0.00
2026-07-02T13:06:05.736000Z,MU,2026-07-02T13:06:00.000000Z,1041.43,6377,0,-1288159553595.75,0,0,-14113038.42,0,0.00,145046561.99,0.00
2026-07-02T13:07:05.705000Z,MU,2026-07-02T13:07:00.000000Z,1039.25,6377,0,-1285992533260.91,0,0,-24404296.55,0,0.00,144492815.46,0.00
2026-07-02T13:08:05.721000Z,MU,2026-07-02T13:08:00.000000Z,1035.51,6377,0,-1285559799723.1,0,0,-48763038.76,0,0.00,143176777.91,0.00
2026-07-02T13:09:05.727000Z,MU,2026-07-02T13:09:00.000000Z,1036.46,6377,0,-1288140508925.88,0,0,-64938323.77,0,0.00,142805499.01,0.00
2026-07-02T13:10:05.744000Z,MU,2026-07-02T13:10:00.000000Z,1035.74,6377,0,-1292391072991.3,0,0,-71056699.27,0,0.00,142449088.03,0.00
2026-07-02T13:11:05.718000Z,MU,2026-07-02T13:11:00.000000Z,1038.68,6377,0,-1296958918572.58,0,0,-62509927.14,0,0.00,143150370.89,0.00
2026-07-02T13:12:05.709000Z,MU,2026-07-02T13:12:00.000000Z,1040.46,6377,0,-1303897988049.11,0,0,-52107978.39,0,0.00,143674061.15,0.00
2026-07-02T13:13:08.367000Z,MU,2026-07-02T13:13:00.000000Z,1044,6377,0,-1312073738369.18,0,0,-43822280.39,0,0.00,144385977.35,0.00
2026-07-02T13:14:08.463000Z,MU,2026-07-02T13:14:00.000000Z,1043.32,6377,0,-1313978257354.87,0,0,-14754019.54,0,0.00,145138322.46,0.00
2026-07-02T13:15:08.362000Z,MU,2026-07-02T13:15:00.000000Z,1043.4785,6377,0,-1317609513072.99,0,0,-21313461.36,0,0.00,144930892.39,0.00
2026-07-02T13:16:08.481000Z,MU,2026-07-02T13:16:00.000000Z,1047.232,6377,0,-1325688900404.88,0,0,-21481983.28,0,0.00,145421215.94,0.00
2026-07-02T13:17:08.481000Z,MU,2026-07-02T13:17:00.000000Z,1048.3,6377,0,-1330444971235.08,0,0,858235.52,0,0.00,146188901.95,0.00
2026-07-02T13:18:08.473000Z,MU,2026-07-02T13:18:00.000000Z,1044.31,6377,0,-1329210517332.55,0,0,7731733.86,0,0.00,145799557.02,0.00
2026-07-02T13:19:08.481000Z,MU,2026-07-02T13:19:00.000000Z,1045.6,6377,0,-1333177851546,0,0,-14947624.68,0,0.00,145311281.94,0.00
2026-07-02T13:20:08.366000Z,MU,2026-07-02T13:20:00.000000Z,1045,6377,0,-1336092823545.9,0,0,-9970274.85,0,0.00,145332667.15,0.00
2026-07-02T13:24:08.442000Z,MU,2026-07-02T13:24:00.000000Z,1048,6377,0,-1352275504280.01,0,0,-5171537,0,0.00,145818196.89,0.00
2026-07-02T13:25:08.345000Z,MU,2026-07-02T13:25:00.000000Z,1051.9584,6377,0,-1362101668823.52,0,0,7845401.15,0,0.00,146654470.20,0.00
2026-07-02T13:26:08.345000Z,MU,2026-07-02T13:26:00.000000Z,1051.62,6377,0,-1365092336803.17,0,0,20839315.43,0,0.00,146917016.17,0.00
2026-07-02T13:27:08.386000Z,MU,2026-07-02T13:27:00.000000Z,1053.3707,6377,0,-1369494579817.66,0,0,28302524.03,0,0.00,147390635.79,0.00
2026-07-02T13:28:08.387000Z,MU,2026-07-02T13:28:00.000000Z,1042.5,6377,0,-1357779095787.61,0,0,41808875.84,0,0.00,146240661.99,0.00
2026-07-02T13:30:02.000000Z,MU,2026-07-02T13:30:00.000000Z,1040,6377,0,-1359773903700.34,-246644.65,0,-31167488.59,7603.92,0.00,143776347.12,1423.24
2026-07-02T13:31:56.000000Z,MU,2026-07-02T13:31:00.000000Z,1030.99,6377,0,0,0,0,0,0,0.00,0.00,0.00
2026-07-02T13:32:56.000000Z,MU,2026-07-02T13:32:00.000000Z,1032.5971,6377,-7686423349.96,-1532229343622.73,-85277364796.69,1306298.89,-131722540.5,-36165139.1,347153.05,149767897.41,2593184.84
2026-07-02T13:33:56.000000Z,MU,2026-07-02T13:33:00.000000Z,1035.21,6377,-7244157625.48,-1536106520938.02,-95761192132.55,-894156.2,-132390009.51,-31508429.26,376194.11,150146872.46,2956382.57
2026-07-02T13:34:56.000000Z,MU,2026-07-02T13:34:00.000000Z,1052.515,6377,-10229778641.76,-1561784715067.55,-112869928573.5,-3331062.96,-136853177.07,-27176466.96,385219.45,152656789.90,3560817.84
2026-07-02T13:35:56.000000Z,MU,2026-07-02T13:35:00.000000Z,1060.14,6377,-15148167571.42,-1592165257696.33,-138989032075.64,-956936.64,-52047622.87,17307939.85,332179.40,154374762.06,4465576.59
2026-07-02T13:36:56.000000Z,MU,2026-07-02T13:36:00.000000Z,1054.77,6377,-16225838691.68,-1584100353595.15,-147219112560.31,2012256.14,-51521677.5,24850081.25,419608.25,153592796.97,4820450.94
2026-07-02T13:37:56.000000Z,MU,2026-07-02T13:37:00.000000Z,1050,6377,-18722571983.44,-1576936556097.45,-156204895854.62,4309587.16,-51056736.89,28205332.32,523615.30,152898202.29,5129468.76
2026-07-02T13:38:56.000000Z,MU,2026-07-02T13:38:00.000000Z,1037.99,6377,-21512079962.61,-1473838767903.33,-161615339318.65,7744615.43,24829656.23,52431769.44,644584.03,152076442.14,5450237.37
2026-07-02T13:39:56.000000Z,MU,2026-07-02T13:39:00.000000Z,1038.9101,6377,-20170912850.15,-1475145215027.43,-171872243563.95,8808506.83,24873694.98,55731617.91,636948.30,152211246.46,5729232.22
2026-07-02T13:40:56.000000Z,MU,2026-07-02T13:40:00.000000Z,1039.83,6377,-19107018864.42,-1515570905307.55,-188315718608.11,3746936.9,-64791210.17,41260865.26,607366.98,148958270.35,6255351.56
2026-07-02T13:41:56.000000Z,MU,2026-07-02T13:41:00.000000Z,1045.395,6377,-16452006342.73,-1523681992781.5,-197316848226.56,2217109.82,-65486569.84,43965869.02,577945.40,149755470.63,6538661.91
2026-07-02T13:42:56.000000Z,MU,2026-07-02T13:42:00.000000Z,1043.7759,6377,-16783140431.64,-1521322125444.74,-205519697715.93,5861321.78,-65283876.7,55433813.87,589901.72,149523530.47,6918139.17
2026-07-02T13:43:56.000000Z,MU,2026-07-02T13:43:00.000000Z,1046.52,6377,-17443694543.4,-1549050257001.53,-218885621645.77,8575865.7,-50882753.49,52373628.21,661462.79,153027683.62,7335821.67
2026-07-02T13:44:56.000000Z,MU,2026-07-02T13:44:00.000000Z,1041.4628,6377,-20602820255.29,-1541564631347.26,-227836581713.02,12851141.84,-50392170.39,54147679.91,811296.26,152288193.12,7683874.13
2026-07-02T13:45:56.000000Z,MU,2026-07-02T13:45:00.000000Z,1042.335,6377,-19097432311.72,-1544142863179.22,-239256306355.93,16277240.94,-68771513.53,57154845.49,1063699.80,152670761.37,8489888.74
2026-07-02T13:46:56.000000Z,MU,2026-07-02T13:46:00.000000Z,1039.965,6377,-22028206561.47,-1540631881982.45,-244466214081.36,19691880.4,-68459131.83,61855133.62,1119233.95,152323627.58,8798849.22
2026-07-02T13:47:56.000000Z,MU,2026-07-02T13:47:00.000000Z,1041.94,6377,-22042602390.71,-1543557699646.43,-249664350748.56,22323712.55,-68719400.54,64472339.53,1271977.18,152612905.74,9212483.01
2026-07-02T13:48:56.000000Z,MU,2026-07-02T13:48:00.000000Z,1045.2046,6377,-22979352301.56,-1548393965137.98,-258307182659.76,24345955.85,-69150697.55,67394983.79,1275949.50,153091071.56,9509169.19
2026-07-02T13:49:56.000000Z,MU,2026-07-02T13:49:00.000000Z,1046.07,6377,-24099140223.62,-1571203449744.65,-267491024050.36,27171236.97,-78330418.22,79358070.55,1354353.50,153616844.07,9808549.63
2026-07-02T13:50:56.000000Z,MU,2026-07-02T13:50:00.000000Z,1045.15,6377,-19885954937.78,-1569821604195.34,-277900624823.53,26133502.37,-78192698.38,83283483.14,1285350.85,153481740.78,10137730.51
2026-07-02T13:51:56.000000Z,MU,2026-07-02T13:51:00.000000Z,1055,6377,-18651934704.95,-1584616363609.13,-292521456172.04,27707659.93,-79673495.28,92031875.72,1149861.44,154928227.07,10735360.86
2026-07-02T13:52:56.000000Z,MU,2026-07-02T13:52:00.000000Z,1056.3,6377,-20164707446.32,-1586568971450.55,-303026165592.83,34967403.83,-79869967.99,102012665.71,1106778.74,155119133.89,11229245.71
2026-07-02T13:53:56.000000Z,MU,2026-07-02T13:53:00.000000Z,1055.68,6377,-16660193518.31,-1588193897324.99,-305369591795.98,42195457,25057963.75,178431643.54,1004893.97,154978800.37,11453598.15
2026-07-02T13:54:56.000000Z,MU,2026-07-02T13:54:00.000000Z,1058.36,6377,-14095617191.98,-1592225762705.43,-314540260851.15,46800186.2,25185351.95,192075878.46,917750.86,155372237.00,11808318.42
2026-07-02T13:55:56.000000Z,MU,2026-07-02T13:55:00.000000Z,1056.7489,6377,-14847430041.05,-1589801979752.29,-318272233841.5,50469294.2,25108732.96,195614368.64,919867.31,155135719.93,12074358.47
2026-07-02T13:56:56.000000Z,MU,2026-07-02T13:56:00.000000Z,1054.245,6377,-14586695852.71,-1586035044033.59,-322835458384.78,51315010.74,24989886.8,196819153.24,952993.82,154768135.60,12282664.95
2026-07-02T13:57:56.000000Z,MU,2026-07-02T13:57:00.000000Z,1054.06,6377,-14606741859.28,-1585756724968.15,-326806344240.63,51607734.53,24981117.07,198765672.55,974040.77,154740976.73,12370589.36
2026-07-02T13:58:56.000000Z,MU,2026-07-02T13:58:00.000000Z,1059.63,6377,-15137911831.31,-1594831584929.71,-336576961857.53,52959454.82,50748765.83,220801686.14,1015733.13,155262975.09,12640997.42
2026-07-02T13:59:56.000000Z,MU,2026-07-02T13:59:00.000000Z,1056.17,6377,-15531633057.1,-1589623996163.95,-338530046985.48,52516671.99,50417887.97,222525833.57,1056335.25,154755996.35,12804309.06
2026-07-02T14:00:56.000000Z,MU,2026-07-02T14:00:00.000000Z,1054.2901,6377,-15405931954.7,-1586794589770.67,-341207870455.03,54128601.59,50238567.91,224912926.76,1107479.24,154480542.77,12960984.18
2026-07-02T14:01:56.000000Z,MU,2026-07-02T14:01:00.000000Z,1055.475,6377,-15223250962.82,-1588577963160.42,-344792808597.74,54458658.08,50351556.03,227531192.52,1108084.17,154654161.01,13079024.86
2026-07-02T14:02:56.000000Z,MU,2026-07-02T14:02:00.000000Z,1060.57,6377,-12156775543.77,-1629733404605.21,-354176072018.11,54193008.68,18337738.35,212539739.6,884772.31,158545088.48,13411657.11
2026-07-02T14:03:56.000000Z,MU,2026-07-02T14:03:00.000000Z,1061.45,6377,-13459801717.96,-1631085252882.01,-358147630619.56,50291650.1,18343973.87,222895012.11,881486.15,158634767.99,13637219.79
2026-07-02T14:04:56.000000Z,MU,2026-07-02T14:04:00.000000Z,1057.19,6377,-13900409445.81,-1624539091331.98,-360391502169.38,51125779.1,18197026.74,224254498.39,951611.41,157998106.71,13772903.73
2026-07-02T14:05:56.000000Z,MU,2026-07-02T14:05:00.000000Z,1053.2199,6377,-14264050667.22,-1618438406832.03,-365182329591.18,54168538.34,18060611.59,226994266.08,1043239.12,157404771.29,13968471.06
2026-07-02T14:06:56.000000Z,MU,2026-07-02T14:06:00.000000Z,1049.56,6377,-20870935933.69,-1617066070946.41,-387379523749.14,53127035.53,43782684.01,230124611.21,1304659.98,156367891.62,14593165.51
2026-07-02T14:07:56.000000Z,MU,2026-07-02T14:07:00.000000Z,1051.845,6377,-21246254437.07,-1620586589994.5,-398768951798.05,58226139.06,43973530.33,231043995.87,1138155.87,156708320.59,15201745.44
2026-07-02T14:08:56.000000Z,MU,2026-07-02T14:08:00.000000Z,1047.08,6377,-22119552879.71,-1613245113730.11,-400204155491.73,62335309.13,43576020.69,234076338.82,1177608.00,155998410.72,15254295.07
2026-07-02T14:09:56.000000Z,MU,2026-07-02T14:09:00.000000Z,1048.01,6377,-23094137831.31,-1638729178960.03,-415795647117.6,58598306.25,1708008.5,199208800.99,1126493.71,156083296.26,15570649.89
2026-07-02T14:10:56.000000Z,MU,2026-07-02T14:10:00.000000Z,1043.96,6377,-25124009800.94,-1643252426214.34,-424250448143.35,61059168.5,-14995689.5,188752628.04,1231319.50,155586832.62,15894433.62
2026-07-02T14:11:56.000000Z,MU,2026-07-02T14:11:00.000000Z,1045.71,6377,-24617060027.7,-1646007025764.01,-429556236702.69,63510793.53,-15046006.47,192488386.87,858656.36,155847644.29,16576102.68
2026-07-02T14:12:56.000000Z,MU,2026-07-02T14:12:00.000000Z,1047.99,6377,-24056492128.83,-1649595875463.01,-434322366341.45,62890769.02,-15111688.72,193798294.76,773100.29,156187444.65,16856750.59
2026-07-02T14:13:56.000000Z,MU,2026-07-02T14:13:00.000000Z,1051.6,6377,-20721770579.13,-1688200997652.92,-447653872761.84,70543690.44,-39055734.17,219925714.28,583622.46,157589116.89,17520798.94
2026-07-02T14:14:56.000000Z,MU,2026-07-02T14:14:00.000000Z,1048,6377,-20767688138.34,-1682421686516.03,-451531100633.83,72669780.05,-38788788.6,220282462.52,603022.66,157049633.42,17669982.05
2026-07-02T14:15:56.000000Z,MU,2026-07-02T14:15:00.000000Z,1045.01,6377,-21106730659.1,-1677621647544,-453305665426.89,74857296.47,-38567771.36,222273757.42,621539.43,156601562.41,17768381.31
2026-07-02T14:16:56.000000Z,MU,2026-07-02T14:16:00.000000Z,1038.44,6377,-27088816132.81,-1655258970600.78,-465969494651.22,69627266.4,-32302937.41,211419269.49,962594.00,155698279.45,18284001.56
2026-07-02T14:17:56.000000Z,MU,2026-07-02T14:17:00.000000Z,1035.455,6377,-32344977960.36,-1645801162065.41,-487978959517.24,76996537.03,-29144281.7,209386858.12,1202778.44,155176493.35,19129929.08
2026-07-02T14:18:56.000000Z,MU,2026-07-02T14:18:00.000000Z,1034.0246,6377,-35890771612.16,-1643527616636.38,-496224408049.87,79266696.44,-29063816.24,216415885.12,1271676.89,154962129.18,19594573.85
2026-07-02T14:19:56.000000Z,MU,2026-07-02T14:19:00.000000Z,1035.0001,6377,-34899228060.36,-1645078122485.11,-502654155744.92,80977993.95,-29118679.78,219750291.09,1255353.88,155108320.63,19867766.86
2026-07-02T14:20:56.000000Z,MU,2026-07-02T14:20:00.000000Z,1029.785,6377,-36378216720.9,-1711036935331.67,-512770049396.29,73230104.3,-138775265.62,113672410.34,1084006.30,152954715.22,19720227.25
2026-07-02T14:21:56.000000Z,MU,2026-07-02T14:21:00.000000Z,1028.07,6377,-38202094056.89,-1708187380964.4,-519541078273.27,75426243.87,-138313418.92,113492123.83,1174874.24,152699985.02,20130916.00
2026-07-02T14:22:56.000000Z,MU,2026-07-02T14:22:00.000000Z,1027.7501,6377,-40392307147.34,-1707655851843.65,-526848012477.49,76413592.08,-138227355.56,112205570.53,1163468.61,152652470.04,20470882.88
2026-07-02T14:23:56.000000Z,MU,2026-07-02T14:23:00.000000Z,1030.305,6377,-41225817962.07,-1711900940154.4,-533177768213.92,79027471.77,-138915452.85,114391085.56,1164274.31,153031951.20,20821018.77
2026-07-02T14:24:56.000000Z,MU,2026-07-02T14:24:00.000000Z,1027.7901,6377,-40190796706.55,-1707216063382.43,-537532780350.38,78755204.66,-156296105.04,93698037.68,1243864.75,153179327.24,20970272.05
2026-07-02T14:25:56.000000Z,MU,2026-07-02T14:25:00.000000Z,1023.69,6377,-43421998290.4,-1702301421767.64,-556187701838.56,70524383.77,-167357158.52,41854928.83,1332753.12,153863833.46,21323707.92
2026-07-02T14:26:56.000000Z,MU,2026-07-02T14:26:00.000000Z,1021.1,6377,-43177398631.58,-1697994492245.64,-561670794212.02,73530222.96,-166511381.56,37791797.67,1323149.44,153474548.29,21617659.81
2026-07-02T14:27:56.000000Z,MU,2026-07-02T14:27:00.000000Z,1011.215,6377,-44575451320.3,-1681556655054.52,-564297926180.36,77339073.7,-163303080.84,34128763.59,1433198.88,151988801.64,22037266.45
2026-07-02T14:28:56.000000Z,MU,2026-07-02T14:28:00.000000Z,1013.8,6377,-55362791181.68,-1677862920044.29,-576629187166.28,65620548.35,-245933677.42,-84110758.05,1537022.45,149300531.54,21551455.64
2026-07-02T14:29:56.000000Z,MU,2026-07-02T14:29:00.000000Z,1013.16,6377,-57345365893.66,-1676842675945.32,-583224344829.67,67077428.91,-246756846.36,-84558577.15,1590747.17,149088818.12,21790489.16
2026-07-02T14:30:56.000000Z,MU,2026-07-02T14:30:00.000000Z,1014.73,6377,-61503189756.58,-1679441123378.34,-593015167303.66,71496128.28,-247522191.25,-85068774.34,1692184.40,149319847.23,22214695.26
2026-07-02T14:31:56.000000Z,MU,2026-07-02T14:31:00.000000Z,1015.465,6377,-60683063384.94,-1720728865325.97,-602617575266.46,66921137.25,-280581185.69,-123213411.28,1626539.78,148446697.28,22206672.82
2026-07-02T14:32:56.000000Z,MU,2026-07-02T14:32:00.000000Z,1009.03,6377,-65414819199.58,-1709824609395.56,-608709489414.39,69392804.32,-277036368.14,-118651822.14,1818169.19,147505990.81,22473559.22
2026-07-02T14:33:56.000000Z,MU,2026-07-02T14:33:00.000000Z,1010.41,6377,-68144625041.59,-1724988407743.6,-624631154400.77,72981518.57,-276039191.12,-105562379.45,1907016.23,148625598.12,23369171.77
2026-07-02T14:34:56.000000Z,MU,2026-07-02T14:34:00.000000Z,1006.51,6377,-69856733695.65,-1713155516270.66,-619037865851.74,70961480.43,-278200148.16,-119903760,2000282.88,147952367.40,23286893.35
2026-07-02T14:35:56.000000Z,MU,2026-07-02T14:35:00.000000Z,1009.905,6377,-72973570493.21,-1719573552762.91,-636167723307.72,68282496.06,-269182771,-133713556.4,2118277.33,148626066.42,23588587.58
2026-07-02T14:36:56.000000Z,MU,2026-07-02T14:36:00.000000Z,1015.8399,6377,-71820231071.92,-1744521077266.52,-644095516300.4,68801898.07,-303706967.95,-191228530.91,2018446.79,148692330.95,23477587.53
2026-07-02T14:37:56.000000Z,MU,2026-07-02T14:37:00.000000Z,1018.73,6377,-71291656794.72,-1777730641521.8,-676419213109.06,72861160.09,-294741928.37,-171881505.17,2050903.75,149613160.17,24527970.38
2026-07-02T14:38:56.000000Z,MU,2026-07-02T14:38:00.000000Z,1016.4,6377,-72509398406.94,-1773664684502.04,-679045007881.27,73013320.56,-293395225.43,-172466444.19,2077803.55,149270970.71,24763250.90
2026-07-02T14:39:56.000000Z,MU,2026-07-02T14:39:00.000000Z,1013.2,6377,-65649896143.19,-1787792044292.85,-692833129411.66,82858640.33,-261529362.63,-105416609.91,2091313.99,149918997.30,26027006.02
2026-07-02T14:40:56.000000Z,MU,2026-07-02T14:40:00.000000Z,1005.46,6377,-70743547643.69,-1774134809370.99,-696488493228.97,82534415.28,-257548893.76,-105439942.05,2238780.01,148773741.63,26200966.88
2026-07-02T14:41:56.000000Z,MU,2026-07-02T14:41:00.000000Z,1001.4,6377,-72826525155.34,-1747165378188.67,-681680620711.22,81399235.77,-241508507.06,-97650539.93,2386291.58,148101976.55,25971443.59
2026-07-02T14:42:56.000000Z,MU,2026-07-02T14:42:00.000000Z,997.8743,6377,-77496443418.67,-1741014009131.47,-690120185561.12,86034044.35,-239810908.5,-104386068.82,2437024.85,147580543.42,26420356.21
2026-07-02T14:43:56.000000Z,MU,2026-07-02T14:43:00.000000Z,996.2001,6377,-77537941881.02,-1738092994276.1,-696775100997.25,86786159.87,-239006890.16,-108699360.97,2404312.54,147332937.74,26800923.67
2026-07-02T14:44:56.000000Z,MU,2026-07-02T14:44:00.000000Z,998.79,6377,-94840485066.14,-1741223742037.06,-717115671291.62,51277295.77,-386462448.06,-337604767.75,2564331.79,146136210.63,25991146.28
2026-07-02T14:45:56.000000Z,MU,2026-07-02T14:45:00.000000Z,999.66,6377,-94958841092.96,-1742740441899.47,-725310025881.68,54155406.01,-387136000.58,-343142531.72,2638301.69,146263503.15,26309428.47
2026-07-02T14:46:56.000000Z,MU,2026-07-02T14:46:00.000000Z,1000.655,6377,-92879521360.02,-1744475058408.77,-731876284854.5,55217453.87,-387907046.79,-347058527.88,2581341.22,146409084.84,26601763.28
2026-07-02T14:47:56.000000Z,MU,2026-07-02T14:47:00.000000Z,994.2901,6377,-92845103386.13,-1733378917082.07,-734158822013.33,56416140.5,-382987994.23,-344397183.93,2667872.79,145477815.63,26853152.75
2026-07-02T14:48:56.000000Z,MU,2026-07-02T14:48:00.000000Z,991.645,6377,-103540193732.9,-1720941854201.52,-756478121537.18,67240364.3,-365365550.1,-319219023.95,3067443.23,143575748.23,27661210.93
2026-07-02T14:49:56.000000Z,MU,2026-07-02T14:49:00.000000Z,995.58,6377,-104712022009.02,-1727770816376.78,-767351152384.42,66093326.5,-368270956.72,-323169105.9,3080260.75,144145478.90,28110153.77
2026-07-02T14:50:56.000000Z,MU,2026-07-02T14:50:00.000000Z,992.5501,6377,-104633081877.28,-1722512602273.91,-775036905488.83,68835747.94,-366032811.62,-326453877.69,3074823.26,143706793.52,28322217.48
2026-07-02T14:51:56.000000Z,MU,2026-07-02T14:51:00.000000Z,995.7055,6377,-102640506433.89,-1742822948374.25,-769795625391.35,54892070.66,-379783066.4,-384766281.44,2992436.12,143549885.31,26886411.41
2026-07-02T14:52:56.000000Z,MU,2026-07-02T14:52:00.000000Z,994.5405,6377,-102326299840.49,-1740783802527.56,-772232755438.78,53833622.72,-378894875.19,-385099449.29,2964975.01,143381928.40,27061624.35
2026-07-02T14:53:56.000000Z,MU,2026-07-02T14:53:00.000000Z,988.945,6377,-108253253293.63,-1730989776274.18,-777592405910.97,50842192.44,-374643379.78,-385235005.11,3124171.82,142575230.66,27242131.49
2026-07-02T14:54:56.000000Z,MU,2026-07-02T14:54:00.000000Z,990.7001,6377,-116319131764.26,-1728438326881.05,-785021530034.69,48122735.79,-368394239.57,-387679705.12,3140809.09,142485798.45,27187293.99
2026-07-02T14:55:56.000000Z,MU,2026-07-02T14:55:00.000000Z,993.52,6377,-112755573477.24,-1733358103550.07,-798931634213.71,49489025.83,-370494397.57,-391277850.99,3109476.76,142891365.90,27621752.85
2026-07-02T14:56:56.000000Z,MU,2026-07-02T14:56:00.000000Z,991.1326,6377,-114955378890.53,-1729192893854.83,-802721168613.38,51067783.42,-368715962.13,-392927092.71,3183791.54,142548002.06,27871714.25
2026-07-02T14:57:56.000000Z,MU,2026-07-02T14:57:00.000000Z,990.28,6377,-121811304493.56,-1764910951300.57,-837193310969.9,46010705.91,-429061342.75,-446914138.37,3365428.25,143413147.27,30307616.62
2026-07-02T14:58:56.000000Z,MU,2026-07-02T14:58:00.000000Z,988.14,6377,-120124179718.69,-1761096969966.22,-840331924435.85,44400156.88,-427208939.06,-457282945.62,3325036.22,143103230.74,30511765.47
2026-07-02T14:59:56.000000Z,MU,2026-07-02T14:59:00.000000Z,993.6,6377,-121955695422.23,-1770827969071.62,-851592352280.09,45319801.88,-431943096.42,-471477668.28,3338258.99,143893952.34,31020971.53
2026-07-02T15:00:56.000000Z,MU,2026-07-02T15:00:00.000000Z,993.6,6377,-120186506292.56,-1779984002219.92,-858015354692.64,36822010.68,-417659314.23,-491427264.87,3319285.46,144364612.09,30173494.11
2026-07-02T15:01:56.000000Z,MU,2026-07-02T15:01:00.000000Z,990.83,6377,-116884966446.37,-1804469131542.05,-875059589949.72,38275478.36,-437619032.04,-499520467.12,3371157.65,143706459.51,30857477.89
2026-07-02T15:02:56.000000Z,MU,2026-07-02T15:02:00.000000Z,990.0001,6377,-116408541723.74,-1802957743178.49,-877278588846.53,37807567.89,-436886256.61,-504396469.59,3351183.04,143586093.77,30976680.37
2026-07-02T15:03:56.000000Z,MU,2026-07-02T15:03:00.000000Z,988.255,6377,-119882984825.68,-1790098740166.11,-878821412310.72,45590022.58,-420958576.93,-492792283.67,3406502.18,143309428.63,31120337.49
2026-07-02T15:04:56.000000Z,MU,2026-07-02T15:04:00.000000Z,982.18,6377,-123134408158.71,-1790003976069.05,-883397461354.62,39902998.9,-410191033.01,-504684220.26,3537533.91,142730104.52,31180765.09
2026-07-02T15:05:56.000000Z,MU,2026-07-02T15:05:00.000000Z,981.755,6377,-120112249790.43,-1789233846471.42,-894155316017.37,38222955.69,-410901792.5,-511148781.98,3422428.11,142137124.32,31673943.37
2026-07-02T15:06:56.000000Z,MU,2026-07-02T15:06:00.000000Z,978.83,6377,-119713458645.2,-1783903077592.29,-895797397040.07,38973153.3,-408456992.5,-513922513.46,3440927.43,141713646.88,31874058.06
2026-07-02T15:07:56.000000Z,MU,2026-07-02T15:07:00.000000Z,979.56,6377,-121231358630.17,-1811611133092.05,-901496850461.25,34358252.03,-402550876.68,-525176232.44,3409700.13,141651204.50,31786492.99
2026-07-02T15:08:56.000000Z,MU,2026-07-02T15:08:00.000000Z,983.23,6377,-129258101361.94,-1819401037871.71,-900156275652.42,24645821.9,-475218398.73,-634623697.54,3637714.24,141278909.16,31504208.81
2026-07-02T15:09:56.000000Z,MU,2026-07-02T15:09:00.000000Z,988.865,6377,-129017066658.72,-1829814869182.37,-913287411537.7,21062548.52,-480409988.95,-647082314.66,3740341.18,142225551.56,32066106.38
2026-07-02T15:10:56.000000Z,MU,2026-07-02T15:10:00.000000Z,991.63,6377,-124168412686.51,-1827026874590.62,-933437810621.74,22352974.86,-502306469.14,-661863987.38,3652274.71,142644804.39,33096201.58
2026-07-02T15:11:56.000000Z,MU,2026-07-02T15:11:00.000000Z,999.105,6377,-120507950640.11,-1901345069817.88,-1024059327079.55,32068763.4,-475539788.99,-592629794.23,3631448.79,142816036.66,36170851.23
2026-07-02T15:12:56.000000Z,MU,2026-07-02T15:12:00.000000Z,993.4402,6377,-122686933984.99,-1890551865615.54,-1027352804716.22,26544654.79,-470587735.8,-587178156.41,3723443.40,142059795.54,36299005.11
2026-07-02T15:13:56.000000Z,MU,2026-07-02T15:13:00.000000Z,995.1762,6377,-121977863517.78,-1893855535065.11,-1034273176597.36,24042790.94,-472233842.12,-590720906.54,3716977.60,142308039.77,36573994.37
2026-07-02T15:14:56.000000Z,MU,2026-07-02T15:14:00.000000Z,989.58,6377,-122541748336.36,-1843777678231.14,-993064153069.84,36669590.69,-380498050.96,-455065621.05,3767895.61,142019041.09,34021140.18
2026-07-02T15:15:56.000000Z,MU,2026-07-02T15:15:00.000000Z,985.52,6377,-122618634472.31,-1836234996800.11,-993335640026.16,29295771.07,-377351769.33,-453202294.19,4184045.82,141255357.47,34458186.95
2026-07-02T15:16:56.000000Z,MU,2026-07-02T15:16:00.000000Z,986.49,6377,-129026625227.34,-1851331073281.75,-1018165701988.08,35733601.46,-395660188.36,-478315654.6,4302678.08,141858294.03,35596898.21
2026-07-02T15:17:56.000000Z,MU,2026-07-02T15:17:00.000000Z,985.395,6377,-130362050618.28,-1865942014873.34,-1016092265811.34,18301435.71,-459319292.44,-606231031.37,4219533.17,140168439.33,35133508.92
2026-07-02T15:18:56.000000Z,MU,2026-07-02T15:18:00.000000Z,987.3,6377,-134052856041.81,-1869549319089.75,-1024861696751.68,18640442.67,-461096953.27,-614238820.62,4306019.70,140439417.84,35461225.82
2026-07-02T15:19:56.000000Z,MU,2026-07-02T15:19:00.000000Z,987.135,6377,-135549188175.23,-1868633101081.77,-1032779323893.58,16522293.25,-461506421.93,-627196287.98,4273147.11,140646185.29,35732420.41
2026-07-02T15:20:56.000000Z,MU,2026-07-02T15:20:00.000000Z,990.9199,6377,-131169743594.38,-1878358979705.19,-1043838082002.87,17848697.68,-463096480.55,-634278072.45,4234323.75,141017247.68,35827016.67
2026-07-02T15:21:56.000000Z,MU,2026-07-02T15:21:00.000000Z,990.6,6377,-125077549551.97,-1884646701177.35,-1076076082400.77,24760602.32,-453586730.53,-623649952.27,4150226.54,140030484.20,35900936.11
2026-07-02T15:22:56.000000Z,MU,2026-07-02T15:22:00.000000Z,992.03,6377,-122399115361.58,-1921129920225.33,-1081403341197.61,27273976.28,-464478661.21,-618508975.02,4036405.04,139390898.38,36140951.80
2026-07-02T15:23:56.000000Z,MU,2026-07-02T15:23:00.000000Z,991.77,6377,-123704613972.72,-1947191305822.49,-1095732046887.9,29524227.84,-476722985.92,-625408320.2,4153689.05,140132115.79,36934126.19
2026-07-02T15:24:56.000000Z,MU,2026-07-02T15:24:00.000000Z,998.34,6377,-125969220905.57,-2004941992385.56,-1129243747342.39,39280232.05,-449627437.66,-553842711.32,4116143.75,142408391.66,38334887.40
2026-07-02T15:25:56.000000Z,MU,2026-07-02T15:25:00.000000Z,996.58,6377,-121744721403.66,-1981679982340.08,-1133186613797.51,31090649.1,-450072644.35,-545119912.52,4067917.67,142261649.06,38867970.07
2026-07-02T15:26:56.000000Z,MU,2026-07-02T15:26:00.000000Z,1003.16,6377,-119845581311.29,-2012366367225.9,-1224244042565.46,35494564.57,-440253075.23,-487634226.16,4216694.85,144809350.09,41539779.88
2026-07-02T15:27:56.000000Z,MU,2026-07-02T15:27:00.000000Z,1004.575,6377,-117071030581.23,-2015191774676.04,-1235111251322.22,29739069.75,-441819410.93,-488580857.15,4150169.85,145063991.49,41916281.26
2026-07-02T15:28:56.000000Z,MU,2026-07-02T15:28:00.000000Z,1002.775,6377,-115364796552.03,-1995571090477.63,-1219676491758.26,31704248.53,-413213832.24,-444434222.28,4184584.52,144681549.15,41027966.44
2026-07-02T15:29:56.000000Z,MU,2026-07-02T15:29:00.000000Z,998.66,6377,-116612243267.15,-1959387989920.03,-1205151730296.34,39393975.87,-355002366.12,-348467712.35,4213812.65,143682890.49,40063176.01
2026-07-02T15:30:56.000000Z,MU,2026-07-02T15:30:00.000000Z,1003.32,6377,-115863575541.44,-1968789668798.12,-1214693752303.73,37760353.85,-354937893.94,-352116440.52,4157287.76,144357614.36,40100306.16
2026-07-02T15:31:56.000000Z,MU,2026-07-02T15:31:00.000000Z,1003.6,6377,-118675880704.22,-2022495042935.91,-1242547173344.43,31763848.72,-382062838.72,-399154119.91,4227574.29,144205702.85,40792421.99
2026-07-02T15:32:56.000000Z,MU,2026-07-02T15:32:00.000000Z,1003.585,6377,-118486192346.37,-2027147951020.84,-1246984310309.97,30958988.27,-379301510.55,-391327344.72,4212559.19,144152184.39,40724114.66
2026-07-02T15:33:56.000000Z,MU,2026-07-02T15:33:00.000000Z,1004.82,6377,-116931215953.32,-2029434608283.39,-1258969010172.89,27208042.24,-376188203.39,-352487219.36,4170174.42,143696460.69,40870883.94
2026-07-02T15:34:56.000000Z,MU,2026-07-02T15:34:00.000000Z,1007.345,6377,-113138207983.44,-2042125834198.93,-1281357388969.7,27320852.65,-367745686.42,-307285851.49,4181646.83,143953318.00,41771413.80
2026-07-02T15:35:56.000000Z,MU,2026-07-02T15:35:00.000000Z,1009.685,6377,-110095956422.64,-2066515850919.34,-1297522491037.94,25914297.62,-399879536.33,-311640081.66,4196703.00,144995024.07,43356332.10
2026-07-02T15:36:56.000000Z,MU,2026-07-02T15:36:00.000000Z,1010.505,6377,-106876782538.43,-2078372601573.59,-1305147954973.83,34893964.31,-395112426.33,-269991079.55,4354803.83,146085941.90,43863706.43
2026-07-02T15:37:56.000000Z,MU,2026-07-02T15:37:00.000000Z,1011.3534,6377,-108630431614.62,-2105197600527.44,-1346946336287.91,35379809.28,-367587705.23,-174163549.52,4373436.31,147527559.54,45051682.33
2026-07-02T15:38:56.000000Z,MU,2026-07-02T15:38:00.000000Z,1010.67,6377,-108092258749.2,-2103866291142.45,-1349560690951.02,36996596.9,-371204251.89,-167550153.23,4241050.24,147774058.50,45274369.85
2026-07-02T15:39:56.000000Z,MU,2026-07-02T15:39:00.000000Z,1008.68,6377,-108962482682.06,-2104684582340.63,-1360176562215.75,39628232.3,-356573747.92,-139864973.62,4057761.41,147168623.46,45748468.96
2026-07-02T15:40:56.000000Z,MU,2026-07-02T15:40:00.000000Z,1013.07,6377,-106827221827.39,-2172027782597.14,-1380163891971.14,32210266.43,-337975164.28,-113803788.4,3995395.80,147117068.45,45863388.05
2026-07-02T15:41:56.000000Z,MU,2026-07-02T15:41:00.000000Z,1009.6,6377,-108090074336.93,-2219076420133.3,-1386759237398.4,30507000.15,-339887279.25,-111107260.99,4198608.35,146696285.03,46202335.75
2026-07-02T15:42:56.000000Z,MU,2026-07-02T15:42:00.000000Z,1007.725,6377,-109108745587.42,-2249888886831.98,-1394420409423,27733531.4,-336267881.78,-110467065.26,4247965.20,146443112.93,46128915.97
2026-07-02T15:43:56.000000Z,MU,2026-07-02T15:43:00.000000Z,1002.275,6377,-109209566900.06,-2241234114348.65,-1385165386958.12,24198561.89,-344513377.41,-146533069.27,4175877.75,146079848.80,45637283.71
2026-07-02T15:44:56.000000Z,MU,2026-07-02T15:44:00.000000Z,1001.6,6377,-116677393771.09,-2182835943396.28,-1403179721592.99,16622764.61,-320171750.58,-139680696.79,4234490.82,145452035.34,45489651.05
2026-07-02T15:45:56.000000Z,MU,2026-07-02T15:45:00.000000Z,1003.395,6377,-118465956111.31,-2121642080733.02,-1402999010771.73,6771049.2,-387698972.41,-344309661.15,4162235.14,144511653.94,44778028.39
2026-07-02T15:46:56.000000Z,MU,2026-07-02T15:46:00.000000Z,1003.26,6377,-117568542720.71,-2133841144493.69,-1413039983785.24,4385398.98,-392063439.12,-361474923.66,4119713.53,144104770.64,45224690.03
2026-07-02T15:47:56.000000Z,MU,2026-07-02T15:47:00.000000Z,1003.655,6377,-117605083594.99,-2134681272927.07,-1415625693864.78,3616193.29,-392372223.58,-362348823.46,4069671.75,144161507.07,45339360.27
2026-07-02T15:48:56.000000Z,MU,2026-07-02T15:48:00.000000Z,1000.3199,6377,-123452121560.49,-2180759855392.03,-1448120343808.58,8238142.69,-367490972.47,-294832856.97,4280007.84,143004415.93,45749072.26
2026-07-02T15:49:56.000000Z,MU,2026-07-02T15:49:00.000000Z,996.56,6377,-124328780528.65,-2180606595856.52,-1440993998450.6,6273315.48,-348024287.18,-276302414.96,4281083.36,142146994.54,44910072.11
2026-07-02T15:50:56.000000Z,MU,2026-07-02T15:50:00.000000Z,997.31,6377,-123756802998.25,-2182448949829.69,-1442942332085.4,-6223101.76,-381681553.86,-360976642.07,4187693.03,142416540.84,45066755.20
2026-07-02T15:51:56.000000Z,MU,2026-07-02T15:51:00.000000Z,998.395,6377,-127048063426.03,-2167711578256.9,-1443175107961.24,-7838574.57,-386158786.56,-401762644.03,4168952.84,142399388.63,44634452.04
2026-07-02T15:52:56.000000Z,MU,2026-07-02T15:52:00.000000Z,994.41,6377,-127166800996.92,-2159059360808.54,-1439736020902.43,-7632571.98,-383082305.42,-403207465.78,4178586.10,141831014.83,44548198.30
2026-07-02T15:53:56.000000Z,MU,2026-07-02T15:53:00.000000Z,991.01,6377,-127253723638.07,-2115283993062.29,-1418509056566.62,-9158876.26,-387690273.74,-434060303.67,4114631.19,140739423.65,43507862.71
2026-07-02T15:54:56.000000Z,MU,2026-07-02T15:54:00.000000Z,994,6377,-131093918198.28,-2123808140763.92,-1439469341613.34,-11410451.07,-388321318.47,-453124160.94,4122662.45,140987657.40,43750109.38
2026-07-02T15:55:56.000000Z,MU,2026-07-02T15:55:00.000000Z,993.085,6377,-131187825075.29,-2121853126227.91,-1440663214993.49,-13054036.74,-387606730,-454154219.49,4106294.87,140857875.00,43814252.53
2026-07-02T15:56:56.000000Z,MU,2026-07-02T15:56:00.000000Z,989.84,6377,-136037386554.78,-2149002570818.74,-1493844648693.83,-14741048.74,-443931115.69,-517914359.21,4194913.43,139713414.88,46205521.30
2026-07-02T15:57:56.000000Z,MU,2026-07-02T15:57:00.000000Z,990.62,6377,-136733200564.65,-2150695998044.59,-1500052253165.39,-14418450.81,-444631032.25,-525907351.39,4255517.80,139823509.91,46360834.77
2026-07-02T15:58:56.000000Z,MU,2026-07-02T15:58:00.000000Z,991.24,6377,-135982988394.87,-2159738213264.38,-1488247819814.32,-26335476.05,-469232324.42,-603231327.86,4246882.60,140265124.68,44898783.38
2026-07-02T15:59:56.000000Z,MU,2026-07-02T15:59:00.000000Z,990,6377,-135372702145.13,-2187909615824.56,-1496652370461.64,-27868014.53,-475830111.21,-633896107.23,4136463.02,140507655.90,44827770.45
2026-07-02T16:00:56.000000Z,MU,2026-07-02T16:00:00.000000Z,988.5774,6377,-135884004075.16,-2184765656006.91,-1496744771099.59,-27833380.43,-474463586.84,-633357927.18,4183998.19,140305750.65,44811958.01
2026-07-02T16:01:56.000000Z,MU,2026-07-02T16:01:00.000000Z,986.43,6377,-136811988973.43,-2176916385475.2,-1502035267339.81,-21437865.55,-460549624.6,-586134852.88,4173740.01,140622063.70,45518929.83
2026-07-02T16:02:56.000000Z,MU,2026-07-02T16:02:00.000000Z,984.645,6377,-139006340362.51,-2145631391581.63,-1467741942224.56,-15187715.3,-406101134.61,-559944180.28,4199120.62,139104747.21,42933576.24
2026-07-02T16:03:56.000000Z,MU,2026-07-02T16:03:00.000000Z,986.475,6377,-141095767047.71,-2164183915263.37,-1475558299425.11,-29401006.34,-437575524.83,-668420241.81,4240293.34,138272802.68,42338752.42
2026-07-02T16:04:56.000000Z,MU,2026-07-02T16:04:00.000000Z,987.23,6377,-141044971360.52,-2165840276403.82,-1479417113755.31,-22401325.07,-438245579.21,-670039837.69,4255975.99,138378629.96,42462996.47
2026-07-02T16:05:56.000000Z,MU,2026-07-02T16:05:00.000000Z,987.97,6377,-142522863079.49,-2214450701308.8,-1530047226064.54,-20946100.32,-495056352.04,-737396699.95,4303410.83,139945794.95,44838477.21
2026-07-02T16:06:56.000000Z,MU,2026-07-02T16:06:00.000000Z,986.5401,6377,-147827474234.76,-2224740585322.13,-1556032940875.21,-15877648.5,-486508029.02,-706462643.5,4408681.45,139548993.04,45562177.06
2026-07-02T16:07:56.000000Z,MU,2026-07-02T16:07:00.000000Z,983.945,6377,-148342777045.82,-2218888391079.88,-1555361663595.43,-17834734.47,-483951870.53,-706259646,4450414.79,139181908.52,45562618.93
2026-07-02T16:08:56.000000Z,MU,2026-07-02T16:08:00.000000Z,983.775,6377,-148961370429.99,-2188008658261.58,-1522624761762.42,-23477808.13,-440009454.55,-688505886.49,4502108.84,137459286.46,43253007.16
2026-07-02T16:09:56.000000Z,MU,2026-07-02T16:09:00.000000Z,985.495,6377,-146831153291.08,-2196710248536.58,-1508819344197.38,-32998358.79,-453863280.33,-742311499.86,4495168.54,137733717.15,41958602.21
2026-07-02T16:10:56.000000Z,MU,2026-07-02T16:10:00.000000Z,991.42,6377,-146778361964.6,-2227628924575.49,-1538277428575.02,-38531224.93,-462317085.69,-758437498.39,4454808.09,139189256.67,42945019.20
2026-07-02T16:11:56.000000Z,MU,2026-07-02T16:11:00.000000Z,991.45,6377,-148446191651.69,-2318692342374.63,-1646025654874.59,-22981199.62,-490695533.11,-702606390.58,4468959.13,141095610.28,47575660.99
2026-07-02T16:12:56.000000Z,MU,2026-07-02T16:12:00.000000Z,987.63,6377,-147319194344.17,-2321269648330.49,-1665719416019.58,-23436743.48,-504081420.36,-699151304.47,4511248.51,140418838.91,48392385.03
2026-07-02T16:13:56.000000Z,MU,2026-07-02T16:13:00.000000Z,989.02,6377,-147468905860.86,-2324536625651.12,-1671547007939.77,-23274561.9,-505501316.97,-700110751.86,4514988.02,140616465.75,48565693.14
2026-07-02T16:14:56.000000Z,MU,2026-07-02T16:14:00.000000Z,988.4947,6377,-151756015667.39,-2316339740140.33,-1667477322582.49,-26006918.57,-472024755.67,-725804322.88,4577018.49,140807631.67,46733485.42
2026-07-02T16:15:56.000000Z,MU,2026-07-02T16:15:00.000000Z,986.2489,6377,-152388760033.77,-2311082602012.87,-1666690754604.56,-22629822.06,-470069432.84,-723109525.55,4613962.99,140315027.82,46715620.25
2026-07-02T16:16:56.000000Z,MU,2026-07-02T16:16:00.000000Z,985.81,6377,-151437975167.87,-2311068000313.52,-1644051256435.64,-25372057.31,-459551743.49,-734783115.62,4505159.47,138613219.50,45163688.75
2026-07-02T16:17:56.000000Z,MU,2026-07-02T16:17:00.000000Z,981.49,6377,-152940159538.23,-2303051375351.91,-1654588464463.03,-24597056.81,-456152783.54,-733587481.73,4544146.87,138021609.79,45305149.82
2026-07-02T16:18:56.000000Z,MU,2026-07-02T16:18:00.000000Z,981.9771,6377,-158312845142.9,-2294474769764.31,-1641936156285.88,-22438619.72,-434581779.82,-726635156.02,4621648.19,136667868.81,43252518.44
2026-07-02T16:19:56.000000Z,MU,2026-07-02T16:19:00.000000Z,981.43,6377,-154595042998.29,-2276111874249.27,-1602616217114.25,-25422877.25,-436076361.84,-739180708.2,4549013.52,135856369.47,41976880.30
2026-07-02T16:20:56.000000Z,MU,2026-07-02T16:20:00.000000Z,982.06,6377,-156962758597.1,-2280965869716.87,-1618580641604.43,-25150993.51,-437349774.79,-770945492.14,4587929.35,135915554.16,42151468.18
2026-07-02T16:21:56.000000Z,MU,2026-07-02T16:21:00.000000Z,983.0101,6377,-160467125228.27,-2346823422138.53,-1701482778214.29,-25537386.08,-489651104.67,-882148833.79,4606409.92,137375114.99,45682117.10
2026-07-02T16:22:56.000000Z,MU,2026-07-02T16:22:00.000000Z,981.51,6377,-159344911213.45,-2343242106121.99,-1702993283671.63,-27932515.01,-488157803.29,-874747250.48,4514411.41,137165476.84,45830437.96
2026-07-02T16:23:56.000000Z,MU,2026-07-02T16:23:00.000000Z,979.49,6377,-160794177524.18,-2344291070219.87,-1708900950671.54,-27820518.77,-485900196.95,-867754735.7,4525370.52,136913944.28,46080627.55
2026-07-02T16:24:56.000000Z,MU,2026-07-02T16:24:00.000000Z,979.585,6377,-165308298959.6,-2357265561341.81,-1731953758727.58,-26569703.2,-505212238.96,-865253748.49,4567843.50,136400213.02,46753712.40
2026-07-02T16:25:56.000000Z,MU,2026-07-02T16:25:00.000000Z,982.685,6377,-163695500508.6,-2390993615681.46,-1745730032410.22,-35292369.3,-505413131.7,-928177603.91,4528709.35,138120725.42,46208691.48
2026-07-02T16:26:56.000000Z,MU,2026-07-02T16:26:00.000000Z,980.0001,6377,-170326671421.53,-2393712190140.66,-1758794803835.04,-32934688.63,-502647537.97,-930187325.81,4605089.31,137635067.02,46251331.10
2026-07-02T16:27:56.000000Z,MU,2026-07-02T16:27:00.000000Z,981.9701,6377,-170037493808.65,-2398579425864.71,-1764645496751.95,-31547515.15,-504670627.28,-934998946.87,4617652.32,137910380.46,46390575.29
2026-07-02T16:28:56.000000Z,MU,2026-07-02T16:28:00.000000Z,981.0001,6377,-172723996395.46,-2409684241868.34,-1782555327027.98,-30224523.4,-506541713.3,-889944272.29,4644048.57,136924290.25,46454903.93
2026-07-02T16:29:56.000000Z,MU,2026-07-02T16:29:00.000000Z,979.02,6377,-172020564991.39,-2417594346905.7,-1789477034720.58,-35332864.9,-502301577.73,-885409386.77,4688621.37,137119913.48,46488099.02
2026-07-02T16:30:56.000000Z,MU,2026-07-02T16:30:00.000000Z,977.645,6377,-169000558501.95,-2414198918592.7,-1790044834744.17,-36748973.57,-500891637.87,-891661911.87,4663741.44,136927333.27,46511999.74
2026-07-02T16:31:56.000000Z,MU,2026-07-02T16:31:00.000000Z,975.795,6377,-161374623073.68,-2407891742474.63,-1753576441230.71,-46726419.35,-482289962.63,-966976714.07,4457558.90,134684282.47,43272442.01
2026-07-02T16:32:56.000000Z,MU,2026-07-02T16:32:00.000000Z,972.205,6377,-161232665435.96,-2399032984891.86,-1754944744034.87,-51314255.62,-478747751.47,-966409034.75,4476716.43,134188772.06,43330686.61
2026-07-02T16:33:56.000000Z,MU,2026-07-02T16:33:00.000000Z,972.2929,6377,-160426068355.49,-2382635410649.31,-1725120773685.3,-62727560.7,-497029124.67,-1013014705.57,4378484.64,133900281.80,42776154.93
2026-07-02T16:34:56.000000Z,MU,2026-07-02T16:34:00.000000Z,970.445,6377,-166282208302.73,-2390942086712.11,-1724552935192.22,-62366950.92,-491344475.48,-1037514924.01,4345666.64,133186443.71,41874688.92
2026-07-02T16:35:56.000000Z,MU,2026-07-02T16:35:00.000000Z,972.8297,6377,-163749063931.18,-2396817411531.32,-1735455892654.67,-59851440.67,-493762229.82,-1050498230.2,4300794.92,133513726.26,41987675.77
2026-07-02T16:36:56.000000Z,MU,2026-07-02T16:36:00.000000Z,968.37,6377,-171308882840.15,-2410746571237.04,-1755834680772.73,-80169586.21,-536280631.4,-1172123077.09,4416383.36,133055342.72,42173150.43
2026-07-02T16:37:56.000000Z,MU,2026-07-02T16:37:00.000000Z,967.385,6377,-173896544142.06,-2410002641347.31,-1767953433651.98,-83481041.41,-537590406.69,-1183436846.11,4497608.63,132731271.75,42422846.51
2026-07-02T16:38:56.000000Z,MU,2026-07-02T16:38:00.000000Z,968.96,6377,-175556077787.59,-2413926367847.23,-1780165200317.88,-84761320.15,-539342334.11,-1193345676.41,4498949.58,132947371.60,42769679.77
2026-07-02T16:39:56.000000Z,MU,2026-07-02T16:39:00.000000Z,972.34,6377,-172162534489.73,-2476287112920.41,-1784396000096.72,-89225014.08,-557986302.91,-1260771406.05,4443974.56,132775094.16,42237966.28
2026-07-02T16:40:56.000000Z,MU,2026-07-02T16:40:00.000000Z,976.55,6377,-179713017918.35,-2487008844768.73,-1810253192430.57,-91747499.13,-562828658.27,-1264428051.46,4593836.34,133349978.61,42749453.12
2026-07-02T16:41:56.000000Z,MU,2026-07-02T16:41:00.000000Z,975.35,6377,-193211754429.1,-2604464030712.34,-2002663137622.71,-79967163.51,-568944106.19,-1221811997.76,4846766.39,135023014.74,47647035.96
2026-07-02T16:42:56.000000Z,MU,2026-07-02T16:42:00.000000Z,976.165,6377,-190278031996.62,-2613258044674.42,-2015168291543.61,-73756951.27,-571066067.74,-1182060735.5,4809144.86,135386770.23,48216101.10
2026-07-02T16:43:56.000000Z,MU,2026-07-02T16:43:00.000000Z,975.58,6377,-192450886710.87,-2617521584910.93,-2029452372484.49,-73657001.39,-580172668.12,-1190428175.45,4873779.23,135704865.54,48396905.62
2026-07-02T16:44:56.000000Z,MU,2026-07-02T16:44:00.000000Z,979.1201,6377,-191597728645.74,-2619378056560.91,-2023355500341.19,-60561583.55,-540486785.42,-1077772458.3,4912756.26,136473574.71,47840109.75
2026-07-02T16:45:56.000000Z,MU,2026-07-02T16:45:00.000000Z,976.69,6377,-192615507817.93,-2612876963778.47,-2022722742766.09,-57177639.41,-537807222.39,-1071027803.8,4912907.78,136134857.91,47847641.03
2026-07-02T16:46:56.000000Z,MU,2026-07-02T16:46:00.000000Z,976.85,6377,-195027496021.2,-2595332013788.96,-2024527654280.94,-53535556.16,-505019746.39,-1009038471.5,4900082.75,136036668.27,46602162.25
2026-07-02T16:47:56.000000Z,MU,2026-07-02T16:47:00.000000Z,978.04,6377,-200541488050.21,-2598493650781.75,-2034599791231.15,-43312787.22,-506250927.33,-1000748772.32,5018654.81,136202388.32,46842151.80
2026-07-02T16:48:56.000000Z,MU,2026-07-02T16:48:00.000000Z,977.3992,6377,-203126494933.65,-2632105308853.33,-2090018971751.7,-33039259.4,-532494518.41,-1018551355.46,5040982.61,135267744.40,48230472.60
2026-07-02T16:49:56.000000Z,MU,2026-07-02T16:49:00.000000Z,975.535,6377,-201897649828.94,-2627085076877.73,-2088165648961.5,-37887337.9,-530465194.85,-1012300828.45,5028600.76,135009747.33,48291958.69
2026-07-02T16:50:56.000000Z,MU,2026-07-02T16:50:00.000000Z,972.765,6377,-200922903309.28,-2612819130356.86,-2012954320764.76,-58878549.79,-518295518.68,-1132215535.44,4870643.33,133186279.84,43968396.44
2026-07-02T16:51:56.000000Z,MU,2026-07-02T16:51:00.000000Z,976.935,6377,-198802923344.53,-2624019631786.9,-2025641012152.94,-57864853.84,-522748649.23,-1143849590.99,4862268.68,133757216.07,44247331.60
2026-07-02T16:52:56.000000Z,MU,2026-07-02T16:52:00.000000Z,976.78,6377,-196726589585.09,-2640516912419.13,-2031987585365.68,-57004122.9,-524273119.35,-1164456782.14,4832358.43,133583291.82,44079511.58
2026-07-02T16:53:56.000000Z,MU,2026-07-02T16:53:00.000000Z,973,6377,-201721734247.38,-2653831893753.67,-2092196062957.44,-44480697.93,-517837606.21,-1073781456.82,4946775.70,133519481.53,46559433.52
2026-07-02T16:54:56.000000Z,MU,2026-07-02T16:54:00.000000Z,973.54,6377,-202956456057.67,-2659882352160.43,-2088733077268.16,-44117049.42,-510372526.76,-1045742365.07,4955981.92,133479904.14,45899051.95
2026-07-02T16:55:56.000000Z,MU,2026-07-02T16:55:00.000000Z,968.985,6377,-199372567078.66,-2650559290806.43,-2002583446012.82,-65097561.25,-513984866.45,-1144730864.8,4774232.09,131872394.33,41863146.09
2026-07-02T16:56:56.000000Z,MU,2026-07-02T16:56:00.000000Z,966.23,6377,-199539104087.68,-2655110885945.77,-2003254097148.85,-68469319.01,-515081477.59,-1171988969.04,4752297.36,131019792.05,41442462.38
2026-07-02T16:57:56.000000Z,MU,2026-07-02T16:57:00.000000Z,971.235,6377,-197378098576.57,-2668864164134.36,-2017650110163.36,-70831505.73,-520431466.06,-1185602811.27,4732455.71,131698464.89,41749167.72
2026-07-02T16:58:56.000000Z,MU,2026-07-02T16:58:00.000000Z,973.299,6377,-203652004401.36,-2767778795107.1,-2177774357590.13,-77658280.47,-581629839.31,-1320577552.04,4816736.85,132081465.43,46476614.03
2026-07-02T16:59:56.000000Z,MU,2026-07-02T16:59:00.000000Z,973.77,6377,-205950627403.35,-2769118181885.98,-2185350344849.86,-77637709.8,-582192901.51,-1324569543.27,4852120.72,132145382.45,46796706.95
2026-07-02T17:00:56.000000Z,MU,2026-07-02T17:00:00.000000Z,969.3801,6377,-210815539210.05,-2775161549000.25,-2240843680764.53,-63284075.29,-542213978.04,-1160173597.66,4967644.64,134022627.59,48293027.12
2026-07-02T17:01:56.000000Z,MU,2026-07-02T17:01:00.000000Z,968.79,6377,-211707478323.06,-2773472198424.49,-2243424368547.77,-60629317.04,-541554044.79,-1158731793.45,4969173.67,133941042.72,48387906.11
2026-07-02T17:02:56.000000Z,MU,2026-07-02T17:02:00.000000Z,969.99,6377,-210134036362.42,-2769059084262.49,-2208916512029.32,-55692792.4,-512663892.57,-1110505676.42,4919930.44,133381804.02,47116167.91
2026-07-02T17:03:56.000000Z,MU,2026-07-02T17:03:00.000000Z,968.83,6377,-211317191964.59,-2795431523333.86,-2204334084864.61,-72223754.3,-552025813.05,-1250441854.49,4835779.92,132571855.29,46099998.75
2026-07-02T17:04:56.000000Z,MU,2026-07-02T17:04:00.000000Z,968.88,6377,-212263372090.66,-2808796318818.72,-2218458897963.76,-71661295.64,-557470455.69,-1260562129.48,4967599.09,132637775.07,46549691.77
2026-07-02T17:05:56.000000Z,MU,2026-07-02T17:05:00.000000Z,972.32,6377,-211240779085.3,-2844658425849.24,-2216332594396.02,-84408424.03,-554886053.75,-1308618422.61,4917941.26,132445193.92,44995009.66
2026-07-02T17:06:56.000000Z,MU,2026-07-02T17:06:00.000000Z,977.12,6377,-210963868698.75,-2858701498545.55,-2234959538993.56,-86864001.58,-560378129.04,-1323705686.7,4927779.62,133099029.01,45408654.83
2026-07-02T17:07:56.000000Z,MU,2026-07-02T17:07:00.000000Z,975.6265,6377,-210386838518.21,-2882665107305.54,-2289213584477.68,-87732848.96,-593025624.63,-1383149659.98,4924205.08,133455305.27,46587580.81
2026-07-02T17:08:56.000000Z,MU,2026-07-02T17:08:00.000000Z,973.96,6377,-221746317456.34,-2930251810956.43,-2435677092634.11,-53514349.27,-536114642.01,-1108181251.62,5117893.73,134312899.72,50373481.27
2026-07-02T17:09:56.000000Z,MU,2026-07-02T17:09:00.000000Z,971.84,6377,-221590310780.1,-2897381047759.77,-2404684514731.84,-51572493.31,-517247381.8,-1084976563.73,5103227.97,133983341.53,49630246.09
2026-07-02T17:10:56.000000Z,MU,2026-07-02T17:10:00.000000Z,968.53,6377,-229436657277.7,-2875171162356.46,-2397391408788.69,-59699444.21,-504153880.88,-1149177350.81,5109398.73,133199466.86,48131269.40
2026-07-02T17:11:56.000000Z,MU,2026-07-02T17:11:00.000000Z,968.71,6377,-223528569103.87,-2853583230407.74,-2304026915731.63,-82524300.87,-530706166.34,-1267367737.64,4946026.69,131730439.46,45103751.20
2026-07-02T17:12:56.000000Z,MU,2026-07-02T17:12:00.000000Z,968.56,6377,-223569980721.4,-2853141367017.71,-2304377261669.63,-82089629.39,-530541824.56,-1267950566.17,4958917.25,131710041.65,45148099.61
2026-07-02T17:13:56.000000Z,MU,2026-07-02T17:13:00.000000Z,968.5001,6377,-224909499636.96,-2886638393735.12,-2326103671437.75,-80948473.45,-538075978.36,-1328856580.3,4983100.50,130452039.42,44568155.12
2026-07-02T17:14:56.000000Z,MU,2026-07-02T17:14:00.000000Z,970.3399,6377,-226478647407.38,-2892121962933.3,-2333470659062.7,-80536087.39,-540122219.67,-1334583115.43,5035770.33,130699851.12,44762214.17
2026-07-02T17:15:56.000000Z,MU,2026-07-02T17:15:00.000000Z,969.68,6377,-225965432251.66,-2915334583366.43,-2367231693524.07,-82276861.05,-556068784.71,-1364347187.36,5090824.64,131061023.76,45677185.38
2026-07-02T17:16:56.000000Z,MU,2026-07-02T17:16:00.000000Z,972.65,6377,-231976568694.87,-3145345652540.34,-2474070028807.85,-80803312.25,-559941736.82,-1362813285.06,5191584.75,132433995.30,47272847.15
2026-07-02T17:17:56.000000Z,MU,2026-07-02T17:17:00.000000Z,973.72,6377,-229939213329,-3216115484194.82,-2507927496169.83,-83635241.7,-560066917.88,-1363140754.98,5197032.91,132391488.32,47812910.85
2026-07-02T17:18:56.000000Z,MU,2026-07-02T17:18:00.000000Z,972.37,6377,-236164341854.58,-3257418236028.19,-2609634005432.37,-61190841.2,-531713736.55,-1193289615.98,5352951.22,131313379.27,50456663.70
2026-07-02T17:19:56.000000Z,MU,2026-07-02T17:19:00.000000Z,970.18,6377,-236639777937.87,-3241850956553.81,-2585127390116.76,-61915512.98,-534335412.15,-1203668088.73,5370645.36,131244204.39,49933136.46
2026-07-02T17:20:56.000000Z,MU,2026-07-02T17:20:00.000000Z,971.8752,6377,-237085964298.3,-3161778043620.59,-2574819332443.6,-74977401.7,-565546877.38,-1331469678.94,5349116.74,132228438.06,49174181.25
2026-07-02T17:21:56.000000Z,MU,2026-07-02T17:21:00.000000Z,975.155,6377,-236346475151.99,-3113611845205.58,-2579268243555.94,-69059673.49,-559012551.24,-1394489934.09,5276324.23,132841280.52,48098952.95
2026-07-02T17:22:56.000000Z,MU,2026-07-02T17:22:00.000000Z,973.4982,6377,-235735177268.55,-3073463090206.11,-2624785679857.92,-71713539.11,-566966984.09,-1402802412.09,5274208.93,133115676.42,48922989.25
2026-07-02T17:23:56.000000Z,MU,2026-07-02T17:23:00.000000Z,971.84,6377,-246488385371.92,-3111340527996.4,-2741999988065.24,-53088965.5,-536212959.91,-1217712474.85,5429409.57,134588281.92,51721460.27
2026-07-02T17:24:56.000000Z,MU,2026-07-02T17:24:00.000000Z,972.605,6377,-246930184597.61,-3119995165397.76,-2736702965475.02,-50427080.37,-531903493.92,-1208108941.58,5477863.88,134712835.56,51699275.77
2026-07-02T17:25:56.000000Z,MU,2026-07-02T17:25:00.000000Z,971.13,6377,-242823417522.64,-3158347912269.79,-2732985242466.71,-57642075.76,-549313405.49,-1344693760.28,5415106.33,132882163.74,49947130.95
2026-07-02T17:26:56.000000Z,MU,2026-07-02T17:26:00.000000Z,971.5,6377,-241619624765.82,-3232670211241.18,-2720646976641.11,-56752479.94,-538256523.37,-1333651704.43,5394373.84,132344921.46,49322892.79
2026-07-02T17:27:56.000000Z,MU,2026-07-02T17:27:00.000000Z,971.61,6377,-247410401976.21,-3268453559747.9,-2793336839467.64,-57349457.78,-548602671.42,-1370626036.15,5443693.14,133148434.70,50374208.03
2026-07-02T17:28:56.000000Z,MU,2026-07-02T17:28:00.000000Z,970.86,6377,-248542951915.62,-3281144250346.44,-2793756360797.08,-55392325.09,-550541270.8,-1371474271.01,5458047.79,132812238.24,50273698.38
2026-07-02T17:29:56.000000Z,MU,2026-07-02T17:29:00.000000Z,972.85,6377,-241228002984.42,-3600091113651.77,-2760112799601.45,-61921862.04,-542388674.21,-1414308327.18,5326564.73,131785510.88,47465128.34
2026-07-02T17:30:56.000000Z,MU,2026-07-02T17:30:00.000000Z,972.5301,6377,-240500364742.3,-3617182629147.09,-2792285998962.53,-50550327.24,-533895551.34,-1389915176,5351917.32,131516336.45,47631731.48
2026-07-02T17:31:26.000000Z,MU,2026-07-02T17:31:00.000000Z,973.61,6377,-241078050728.38,-3621199158323.12,-2796349840643.34,-50208638.15,-535081887.7,-1392487659.53,5369748.60,131662372.54,47714011.69
2026-07-02T17:35:40.000000Z,MU,2026-07-02T17:35:00.000000Z,967,6377,-264758425578.49,-3720190024089.98,-2898254031591.95,-34377210.51,-547052686.05,-1392014992.08,5485476.16,131167271.03,48244821.45
2026-07-02T17:36:40.000000Z,MU,2026-07-02T17:36:00.000000Z,964.485,6377,-257213393734.41,-3713029508196.51,-2835699918824.35,-55140615.69,-542268385.39,-1456135979.84,5227000.10,129087766.40,45888026.55
2026-07-02T17:37:40.000000Z,MU,2026-07-02T17:37:00.000000Z,965.16,6377,-261406457187.35,-3510597282410.04,-2721328890223.79,-57070272.21,-518428682.81,-1444593262.88,5131647.74,127351576.59,42234077.83
2026-07-02T17:38:40.000000Z,MU,2026-07-02T17:38:00.000000Z,964.75,6377,-268958966934.6,-3584972660893.44,-2897915845719.02,-71186209.46,-582693437.14,-1613467199.62,5300549.11,129332290.20,46959383.57
2026-07-02T17:39:40.000000Z,MU,2026-07-02T17:39:00.000000Z,965.36,6377,-266755529172.51,-3544442346114.43,-2753818787282.28,-66538727.87,-516283473.2,-1455561670.17,5069241.72,126542900.54,40378553.77
2026-07-02T17:40:40.000000Z,MU,2026-07-02T17:40:00.000000Z,965.3,6377,-276709834243.04,-3631837456647.36,-2931273647983.39,-64966633.19,-568614244.76,-1581895772.54,5297317.36,128983207.85,46301939.41
2026-07-02T17:41:40.000000Z,MU,2026-07-02T17:41:00.000000Z,965.18,6377,-282080081783.01,-3681961198449.39,-2983815529770.07,-64752457.03,-602017615.94,-1672514067.23,5356598.54,128975715.82,46966845.08
2026-07-02T17:42:40.000000Z,MU,2026-07-02T17:42:00.000000Z,966.695,6377,-287482722932.78,-3755942951030.21,-3168063599541.36,-52730223.61,-623905832.88,-1692886493.05,5419817.21,130914252.63,51079791.23
2026-07-02T17:43:40.000000Z,MU,2026-07-02T17:43:00.000000Z,964.59,6377,-287944306937.27,-3707524842932.02,-3066852405839.44,-39090302.58,-583172357.59,-1627541921.52,5332940.66,128472050.91,47962679.05
2026-07-02T17:44:40.000000Z,MU,2026-07-02T17:44:00.000000Z,962.6142,6377,-283971208602.6,-3460869599432.07,-2888525255110.84,-51512587.26,-526938121.31,-1573083935.58,5004592.77,125356013.35,40488320.75
2026-07-02T17:45:40.000000Z,MU,2026-07-02T17:45:00.000000Z,961.81,6377,-291341123179.63,-3457978273569.78,-2898992422630.3,-51011303.7,-526058045.74,-1569033238.07,5088280.18,125251286.75,40637658.91
2026-07-02T17:46:40.000000Z,MU,2026-07-02T17:46:00.000000Z,960,6377,-295979351474.64,-3618796718143.19,-2962253921097.92,-66894590.2,-573636811.56,-1714521311.61,5199813.51,126115857.78,43284844.11
2026-07-02T17:47:40.000000Z,MU,2026-07-02T17:47:00.000000Z,957.105,6377,-297979185885.09,-3571666757278.11,-2818330711617.71,-73750907.88,-555381955.92,-1675766735.08,5055335.46,123642845.69,38134100.46
2026-07-02T17:48:40.000000Z,MU,2026-07-02T17:48:00.000000Z,957.7499,6377,-297826458784.15,-3631200274648.43,-2919619415850.36,-79991555.33,-606441256.84,-1840739665.53,5116067.47,125454438.02,42721338.24
2026-07-02T17:49:40.000000Z,MU,2026-07-02T17:49:00.000000Z,957.31,6377,-306072844327.79,-3634377035550.83,-2945542389657.33,-72293663.47,-600345627.03,-1825957926.86,5091182.63,124854755.47,42319164.15
2026-07-02T17:50:40.000000Z,MU,2026-07-02T17:50:00.000000Z,955.65,6377,-308169363991.52,-3628074932910.09,-2955506320314.69,-68987365.63,-598265402.86,-1825476618.68,5144505.40,124638254.12,42483952.35
2026-07-02T17:51:40.000000Z,MU,2026-07-02T17:51:00.000000Z,956.62,6377,-311482646650.12,-3641861121189.73,-2916855429658.25,-76284326.9,-597009496.03,-1840931956.32,5160904.06,124148473.77,41055952.62
2026-07-02T17:52:40.000000Z,MU,2026-07-02T17:52:00.000000Z,956.33,6377,-322240122457.99,-3773285353528.87,-3186099951612.45,-79727227.18,-681043612.12,-2022916079.19,5262074.08,126646893.43,47622454.64
2026-07-02T17:53:40.000000Z,MU,2026-07-02T17:53:00.000000Z,958.58,6377,-319018657167.07,-3778806926028.16,-3163791957892.52,-75125637.12,-634813355.26,-1940609209.67,5250202.10,126636489.23,45734952.79
2026-07-02T17:54:40.000000Z,MU,2026-07-02T17:54:00.000000Z,961.67,6377,-318327521502.99,-3834192525711.55,-3223676396021.86,-80878944.25,-634806759.87,-1928333637.73,5229851.45,127551921.82,46137846.55
2026-07-02T17:55:40.000000Z,MU,2026-07-02T17:55:00.000000Z,959.83,6377,-323134505529.81,-3918475458245.92,-3397017564098.82,-81315717.65,-645209444.23,-1954316525.4,5318603.45,127609903.49,48471805.85
2026-07-02T17:56:40.000000Z,MU,2026-07-02T17:56:00.000000Z,957.9,6377,-328452298886.19,-3901797672453.44,-3328682307161.74,-74397368.51,-624816575.85,-1897480145.91,5327212.06,127529785.99,46784469.18
2026-07-02T17:57:40.000000Z,MU,2026-07-02T17:57:00.000000Z,956.305,6377,-334708433888.02,-3949451629825.82,-3398089110339.03,-77156438.3,-650504922.71,-1965290375.21,5515339.01,127130414.12,48358416.37
2026-07-02T17:58:40.000000Z,MU,2026-07-02T17:58:00.000000Z,955.0601,6377,-339689797557.35,-3930927261430.14,-3302861252315.71,-78371591.25,-642286421.69,-1928920052.46,5470916.87,126325893.46,46229205.01
2026-07-02T17:59:40.000000Z,MU,2026-07-02T17:59:00.000000Z,955.92,6377,-342181249640.8,-4009696017390.53,-3404321453804.94,-83296653.11,-646690958.08,-1982082340.02,5481979.33,124801812.22,46816932.69
2026-07-02T18:00:40.000000Z,MU,2026-07-02T18:00:00.000000Z,957.6,6377,-345127988174.28,-4044496086097.26,-3394751132279.56,-84483780.74,-639292665.77,-1966418558.28,5372147.27,125821806.83,45944070.55
2026-07-02T18:01:40.000000Z,MU,2026-07-02T18:01:00.000000Z,960.375,6377,-350886267767.21,-4096662467544.17,-3602005993731.53,-80773784.69,-657170077.47,-2002961961.44,5469019.88,124568724.47,49278481.98
2026-07-02T18:02:40.000000Z,MU,2026-07-02T18:02:00.000000Z,960.46,6377,-361952241605.16,-4156345769982.01,-3691408937474.59,-62376634.43,-647980984.41,-1929128282.01,5555540.20,126919778.86,50282937.42
2026-07-02T18:03:40.000000Z,MU,2026-07-02T18:03:00.000000Z,958.28,6377,-356850048870.21,-4329959615399.7,-3468062645963.8,-60146462.72,-582898981.17,-1805623911.01,5444720.90,125185973.57,44049488.43
2026-07-02T18:04:40.000000Z,MU,2026-07-02T18:04:00.000000Z,959.3,6377,-375308232221.45,-4443003866701.01,-3689374430646.16,-63212388.19,-638594943.07,-1987137176.49,5678304.73,126102760.21,48323084.80
2026-07-02T18:05:40.000000Z,MU,2026-07-02T18:05:00.000000Z,962.5701,6377,-369296103648.28,-4458149355020.1,-3712985524867.27,-61323916.8,-642956099.35,-2001851073.11,5669480.82,126532624.31,48639619.26
2026-07-02T18:06:40.000000Z,MU,2026-07-02T18:06:00.000000Z,966.841,6377,-359897068601.72,-4651181306041.94,-4128045923763.59,-48330294.17,-643260402.41,-1893700542.82,5677071.75,128148975.70,53923180.65
2026-07-02T18:07:40.000000Z,MU,2026-07-02T18:07:00.000000Z,968.14,6377,-360131351659.41,-4657430404411.32,-4158920892045.89,-51745736.86,-644990069.64,-1918448320.55,5729173.43,128321150.37,54345461.09
2026-07-02T18:08:40.000000Z,MU,2026-07-02T18:08:00.000000Z,965.935,6377,-363848054110.11,-4700892479864.16,-4322295823177.79,-28265020.23,-621390244.82,-1678169581.26,5901557.90,126297588.71,56858217.85
2026-07-02T18:09:40.000000Z,MU,2026-07-02T18:09:00.000000Z,968.51,6377,-351605922367.28,-4609465555764.87,-4039853044510.15,-19835918.53,-515103910.61,-1444611027.37,5796767.00,125789175.23,48072394.80
2026-07-02T18:10:40.000000Z,MU,2026-07-02T18:10:00.000000Z,969.2605,6377,-344207549995.12,-4767323848496.01,-4242378285789.98,-37321115.69,-534566461.18,-1550310876.44,5738715.64,126992447.55,49865417.27
2026-07-02T18:11:40.000000Z,MU,2026-07-02T18:11:00.000000Z,969.8431,6377,-357953029795.19,-4899953075260.14,-4566364785477.65,-14250851.35,-592133804,-1434409554.4,6000968.99,128720009.60,57239808.83
2026-07-02T18:12:40.000000Z,MU,2026-07-02T18:12:00.000000Z,969.67,6377,-365566904058.64,-4859045500609.66,-4479082020511.45,-9080302.43,-556438340.87,-1360829034.11,6028114.90,128300948.46,55177522.59
2026-07-02T18:13:40.000000Z,MU,2026-07-02T18:13:00.000000Z,968.4,6377,-367176398116.7,-4919633407757.05,-4532605579793.99,-19129335.97,-572981381.7,-1498004682.82,6025421.10,128791403.77,54693004.36
2026-07-02T18:14:40.000000Z,MU,2026-07-02T18:14:00.000000Z,965.5661,6377,-371768348596.3,-4897042472889,-4464464945605.08,-14817441.47,-557092675.88,-1459150146.41,5994541.66,127350407.48,53126105.67
2026-07-02T18:15:40.000000Z,MU,2026-07-02T18:15:00.000000Z,963.6601,6377,-380367365924.82,-4958208496678.9,-4574661738925.38,-29522572.49,-586297787.28,-1615208004.1,6132821.72,127195905.55,54605215.09
2026-07-02T18:16:40.000000Z,MU,2026-07-02T18:16:00.000000Z,965.06,6377,-380169387845.11,-4975239319085.21,-4488140091525.07,-33646047.24,-577259164.91,-1667037184.92,5907510.80,126155770.09,52133378.09
2026-07-02T18:17:40.000000Z,MU,2026-07-02T18:17:00.000000Z,962.985,6377,-390701862584.16,-5061568445112.55,-4551196838959.3,-47578073.73,-613190238.36,-1808161151.33,6007642.93,126003595.71,52493425.10
2026-07-02T18:18:40.000000Z,MU,2026-07-02T18:18:00.000000Z,961.37,6377,-390908317741.8,-5053079805062.23,-4548065710525.1,-48395633.3,-611135228.51,-1804799439.74,5939469.19,125792277.98,52703813.82
2026-07-02T18:19:40.000000Z,MU,2026-07-02T18:19:00.000000Z,961.7115,6377,-398480322362.17,-5113482960687.32,-4618204385626.15,-45354529.58,-608381172.65,-1799507402.15,5909937.03,125091124.16,52912373.03
2026-07-02T18:20:40.000000Z,MU,2026-07-02T18:20:00.000000Z,965.8742,6377,-409080186658.92,-5164686977502.5,-4667394995151.03,-51821785.43,-631058155.17,-1885588851.49,5941315.75,126276818.12,53526484.67
2026-07-02T18:21:40.000000Z,MU,2026-07-02T18:21:00.000000Z,963.345,6377,-429712262420.31,-5300200105670.07,-4943788858033.38,-33687623.35,-633593060.61,-1789022461.66,6065520.25,126067245.58,55731519.18
2026-07-02T18:22:40.000000Z,MU,2026-07-02T18:22:00.000000Z,965.73,6377,-428650326435.37,-5265983196663.92,-4737535478895.42,-40486404.35,-579210719.16,-1722678599.78,5954959.23,125195461.78,50618337.81
2026-07-02T18:23:40.000000Z,MU,2026-07-02T18:23:00.000000Z,963.4155,6377,-441841818791.35,-5340021640629.36,-4946656142125.57,-24983396.41,-596087051.4,-1666811715.41,6054771.86,123671732.70,54264257.63
2026-07-02T18:24:40.000000Z,MU,2026-07-02T18:24:00.000000Z,966.31,6377,-433910351081.74,-5428536620005,-4894893599701.53,-49912311.43,-577376016.41,-1750339500.54,5930734.31,124965640.17,49888409.89
2026-07-02T18:25:40.000000Z,MU,2026-07-02T18:25:00.000000Z,967.75,6377,-450808414856.67,-5552203506550.33,-5234618249296.22,-33849462.47,-616271280.06,-1731264781.98,6078810.32,126504593.85,56062241.71
2026-07-02T18:26:40.000000Z,MU,2026-07-02T18:26:00.000000Z,967.725,6377,-463892856210.19,-5557774997888.3,-5278349508870,-12318269.97,-563881847.38,-1500160539.37,6204921.68,127279457.86,55574063.88
2026-07-02T18:27:40.000000Z,MU,2026-07-02T18:27:00.000000Z,970.81,6377,-447479565114.06,-5695408927400.77,-5360348106485.59,-23833711.18,-570690812.52,-1631396274.19,6047574.51,127472636.58,54037381.59
2026-07-02T18:28:40.000000Z,MU,2026-07-02T18:28:00.000000Z,972.19,6377,-449502410176.7,-5857347704709.29,-5702611578670.58,-5317531.27,-601659650.83,-1498084821.72,6130665.48,125780793.79,58898832.23
2026-07-02T18:29:40.000000Z,MU,2026-07-02T18:29:00.000000Z,971.9999,6377,-459819672012.36,-5912370731201.14,-5830624598608.91,7721219.74,-574156678.45,-1359640948.74,6288663.57,128633497.18,59606927.04
2026-07-02T18:30:40.000000Z,MU,2026-07-02T18:30:00.000000Z,974.62,6377,-453749124894.33,-5926603822608.83,-5774597955804.38,-515792.34,-546902928.91,-1386299151.55,6067939.95,128210294.80,57064403.32
2026-07-02T18:31:40.000000Z,MU,2026-07-02T18:31:00.000000Z,974.14,6377,-464059619373.88,-6107362003502.94,-6107245181874.51,26514397.36,-546051863.59,-1128084169.23,6188601.36,128789539.90,60710438.74
2026-07-02T18:32:40.000000Z,MU,2026-07-02T18:32:00.000000Z,972.365,6377,-472640198376.94,-6148403852784.63,-6124174351531.72,28792508.88,-543271421.14,-1131496258.73,6212968.34,128420992.58,59961708.76
2026-07-02T18:33:40.000000Z,MU,2026-07-02T18:33:00.000000Z,974.0134,6377,-466932041448.49,-6191842263761.8,-6125272921723.23,9757287.19,-537554715.52,-1245717476.67,6130777.24,128273259.87,58242577.84
2026-07-02T18:34:40.000000Z,MU,2026-07-02T18:34:00.000000Z,968.9648,6377,-468789172329.27,-6159748110998.78,-6111503873845.78,7265646.49,-531996547.08,-1235677354.84,6157200.90,127608381.56,58089329.89
2026-07-02T18:35:40.000000Z,MU,2026-07-02T18:35:00.000000Z,972.575,6377,-481436968605.71,-6345350968984.58,-6253385001409.42,-17051949.86,-585355327.86,-1505268177.05,6177676.10,128043576.33,57917807.46
2026-07-02T18:36:40.000000Z,MU,2026-07-02T18:36:00.000000Z,969.3869,6377,-500984693144.84,-6228093889308.4,-6092246848319.63,7239376.68,-518216378.84,-1173895550.84,6234482.56,126080215.75,55421955.56
2026-07-02T18:37:40.000000Z,MU,2026-07-02T18:37:00.000000Z,969.99,6377,-517485991592.02,-6376552457410.55,-6326372921907.32,-15449030.59,-565628971.45,-1424442249.08,6370900.47,127180651.40,57681032.55
2026-07-02T18:38:40.000000Z,MU,2026-07-02T18:38:00.000000Z,972.11,6377,-525001837296.55,-6632444642240.34,-6704059627810.59,-12820166.17,-620819061.36,-1482462403.69,6409213.52,129219640.12,60440556.25
2026-07-02T18:39:40.000000Z,MU,2026-07-02T18:39:00.000000Z,971.955,6377,-547283586103.97,-5406962003497.77,-6403425898167.63,-573360.79,-527607219.42,-1251843389.03,6343308.45,126217990.73,56489055.63
2026-07-02T18:40:40.000000Z,MU,2026-07-02T18:40:00.000000Z,970.76,6377,-557169530917.78,-5475643167870.6,-6554003543318.75,1230997.49,-549533779.04,-1278692255.84,6395156.77,126480212.16,58021013.53
2026-07-02T18:41:40.000000Z,MU,2026-07-02T18:41:00.000000Z,970.83,6377,-543906969408.18,-5599839435645.18,-6846018448762.02,-1745113.31,-585721672.37,-1345229984.62,6413243.23,126951975.18,60383027.68
2026-07-02T18:42:40.000000Z,MU,2026-07-02T18:42:00.000000Z,970.565,6377,-505029398030.98,-5362251207982.83,-6757567523383.04,-9917426.57,-539575566.2,-1336398583.48,6260876.93,126808239.85,57362156.74
2026-07-02T18:43:40.000000Z,MU,2026-07-02T18:43:00.000000Z,972.76,6377,-517276217727.59,-5577245940101.39,-7143365433868.16,-8336776.84,-587960968.22,-1421901728.76,6262183.62,128892079.33,60703796.46
2026-07-02T18:44:40.000000Z,MU,2026-07-02T18:44:00.000000Z,973.19,6377,-449352958335.49,-5635229475726.19,-7397151543384.18,3885139.59,-581912652.15,-1318790189.85,6094852.61,127434582.61,61887039.51
2026-07-02T18:45:40.000000Z,MU,2026-07-02T18:45:00.000000Z,968.555,6377,-455537519860.67,-5608390637863.09,-7378427703415.35,11833525.3,-576382915.38,-1295317165.24,6270193.18,126827651.51,61867686.77
2026-07-02T18:46:40.000000Z,MU,2026-07-02T18:46:00.000000Z,967.66,6377,-404988192882.12,-6231982368142.87,-7164122656392.25,3144507.96,-522840217.06,-1261779339.99,6190421.74,125188610.42,56804993.83
2026-07-02T18:47:40.000000Z,MU,2026-07-02T18:47:00.000000Z,967.91,6377,-411345778436.83,-6528014592793.37,-7502861397413.16,-32000793.58,-583260911.19,-1632396790.36,6102791.71,125802916.07,57390305.18
2026-07-02T18:48:40.000000Z,MU,2026-07-02T18:48:00.000000Z,971.125,6377,-407624353631.68,-7625924984133.03,-8102224898141.27,-14667340.54,-648016453.05,-1582498806.84,6298234.76,125361095.30,61848994.34
2026-07-02T18:49:40.000000Z,MU,2026-07-02T18:49:00.000000Z,974.35,6377,-409624777250.87,-7798813850375.99,-8418946615020.58,7950668.37,-625472026.12,-1408904955.89,6264788.55,126126033.69,63365827.76
2026-07-02T18:50:40.000000Z,MU,2026-07-02T18:50:00.000000Z,973.85,6377,-410081765649.95,-7794811790618.01,-8424903139626.34,10405069.03,-624830253.1,-1409306902.89,6248415.50,126061310.52,63304016.06
2026-07-02T18:51:40.000000Z,MU,2026-07-02T18:51:00.000000Z,977.2928,6377,-410088469731.2,-7952748305817.48,-8609165360171.96,21268247.25,-573502709.77,-1222876251.02,6146254.42,128246432.83,63171111.23
2026-07-02T18:52:40.000000Z,MU,2026-07-02T18:52:00.000000Z,979.865,6377,-406444255567.32,-8134908438287.34,-8837182676650.75,38085224.71,-588851487.76,-1012043572.11,6134655.04,129935914.53,64310423.40
2026-07-02T18:53:40.000000Z,MU,2026-07-02T18:53:00.000000Z,977.9,6377,-420323862142.11,-8262679488169.47,-9010455521661.24,69837088.39,-565132193.34,-741961486.69,6254753.39,128446505.01,64409848.70
2026-07-02T18:54:40.000000Z,MU,2026-07-02T18:54:00.000000Z,977.455,6377,-447939040880.25,-7357614135641.32,-8832231098723.91,64284462.17,-500403855.7,-744377685.34,6202296.78,129496012.76,61399095.96
2026-07-02T18:55:40.000000Z,MU,2026-07-02T18:55:00.000000Z,975.875,6377,-451981545023.21,-7401479905278.29,-8862372607774.86,62045971.66,-473374141.15,-693024121.67,6209108.69,127472306.32,59745407.20
2026-07-02T18:56:40.000000Z,MU,2026-07-02T18:56:00.000000Z,972.1599,6377,-472048754495.78,-7563495888045.61,-9265547466619.62,58793439.3,-532607349.95,-825839395.83,6335413.12,128278923.76,63612264.75
2026-07-02T18:57:40.000000Z,MU,2026-07-02T18:57:00.000000Z,976.0201,6377,-491092512708.99,-7578087267306.15,-9219879950232.98,54644667.4,-545119564.26,-860149769.65,6421368.87,128851090.05,62537126.31
2026-07-02T18:58:40.000000Z,MU,2026-07-02T18:58:00.000000Z,972.66,6377,-466587407051.61,-7715067929474.06,-9069229626537.09,16107977.37,-505475025.3,-1150037163.12,6026972.43,126871203.33,57448975.87
2026-07-02T18:59:40.000000Z,MU,2026-07-02T18:59:00.000000Z,972.535,6377,-511864245736.72,-7997235482414.82,-9781727277081.11,52600789.91,-603695258.65,-1010434555.39,6321905.41,124788591.77,64233003.13
2026-07-02T19:00:40.000000Z,MU,2026-07-02T19:00:00.000000Z,972.416,6377,-510013583690.85,-8172966780865.04,-9594739024411.9,23819124.37,-550504183.82,-1287237498.71,6171528.29,126214766.11,59732632.24
2026-07-02T19:01:40.000000Z,MU,2026-07-02T19:01:00.000000Z,970.17,6377,-549137801002.29,-8167397017876.5,-10032681034725.57,61846215.77,-598573751.36,-1009698171.24,6474851.32,126758271.46,63583299.00
2026-07-02T19:02:40.000000Z,MU,2026-07-02T19:02:00.000000Z,970.2,6377,-544807667063.33,-8051242816592.16,-9559240620338.6,1122728.6,-502933715.01,-1323315738.32,6308873.61,124152753.92,55554610.64
2026-07-02T19:03:40.000000Z,MU,2026-07-02T19:03:00.000000Z,969.32,6377,-576381701622.7,-8505474135895.36,-10324472855931.72,-7898358.83,-633559095.69,-1605613758.19,6560872.97,127024159.28,61904031.61
2026-07-02T19:04:40.000000Z,MU,2026-07-02T19:04:00.000000Z,965.02,6377,-576954315466.55,-8443685915312.8,-10171140964170.73,-760373.83,-564893684.66,-1508010560.69,6602106.48,125101938.12,59169267.03
2026-07-02T19:05:40.000000Z,MU,2026-07-02T19:05:00.000000Z,961.2638,6377,-580144668373.64,-8370166966106.99,-9699532043736.42,-40876453.44,-568327490.7,-1702500439.59,6547382.39,122565664.85,54467689.29
2026-07-02T19:06:40.000000Z,MU,2026-07-02T19:06:00.000000Z,963.64,6377,-602985955888.32,-7931630571851.72,-9500355442774.39,-86179540.04,-642276239.35,-2147541022.83,6345450.53,123041538.85,52339851.89
2026-07-02T19:07:40.000000Z,MU,2026-07-02T19:07:00.000000Z,960.8883,6377,-613848090459.19,-7908981586914.85,-9498965982607.24,-83989359.49,-638613402.26,-2139524078.47,6353499.34,122690190.41,52299727.79
2026-07-02T19:08:40.000000Z,MU,2026-07-02T19:08:00.000000Z,961.12,6377,-596713781994.33,-9731304602676.45,-10373902702798.68,-89582105.03,-664265981.71,-2265090781.34,6483949.59,122573001.04,54919773.30
2026-07-02T19:09:40.000000Z,MU,2026-07-02T19:09:00.000000Z,961.845,6377,-667718678982.5,-8410262805069.15,-10436945657242.11,-86764325.3,-662012382.28,-2232857139.25,6425310.17,122678894.91,54989356.88
2026-07-02T19:10:40.000000Z,MU,2026-07-02T19:10:00.000000Z,961.015,6377,-704202492369.69,-8716259046683.09,-11039359877958.1,-85028603.04,-715299543.79,-2365395297.87,6529922.94,123633308.16,57861496.26
2026-07-02T19:11:40.000000Z,MU,2026-07-02T19:11:00.000000Z,961.605,6377,-717383792400.73,-8722334256118.01,-10877987237355.21,-90793359.92,-674414214.65,-2315163167.08,6469222.15,122878639.87,54844785.79
2026-07-02T19:12:40.000000Z,MU,2026-07-02T19:12:00.000000Z,962.975,6377,-752267428116.11,-9206921681863.2,-11274562843426.32,-94302924.3,-675883757.83,-2314462718.76,6585184.10,121888753.05,54956941.67
2026-07-02T19:13:40.000000Z,MU,2026-07-02T19:13:00.000000Z,963.3883,6377,-746450196862.09,-9210873207843.75,-11296239224845.52,-95916749.36,-676464048.5,-2313857803.01,6584831.69,121941066.59,55090149.15
2026-07-02T19:14:40.000000Z,MU,2026-07-02T19:14:00.000000Z,964.8448,6377,-770327234545.57,-9444085482657.9,-12023657266842.2,-77774024.02,-633306518.58,-2152405197.13,6555217.78,122606706.26,55796238.16
2026-07-02T19:15:40.000000Z,MU,2026-07-02T19:15:00.000000Z,965.61,6377,-810225121700.5,-9897864193865.18,-13002841532737.83,-69201698.01,-707798886.18,-2268708970.51,6615121.06,123513516.56,60672963.19
2026-07-02T19:16:40.000000Z,MU,2026-07-02T19:16:00.000000Z,962.885,6377,-833310235551.05,-10125535893147.91,-13280964472763.87,-69865650.37,-711725883.74,-2241326155.41,6695355.12,125545539.22,60988930.40
2026-07-02T19:17:40.000000Z,MU,2026-07-02T19:17:00.000000Z,960.635,6377,-845204049332.93,-10120153574956.51,-13113860213259.09,-77553907.78,-690710385.18,-2253968565.06,6634208.07,124531361.47,58420622.77
2026-07-02T19:18:40.000000Z,MU,2026-07-02T19:18:00.000000Z,958.255,6377,-854619846463.79,-10367392637004.8,-13407535384528.19,-110790862.76,-712453794.84,-2507800065.99,6598859.40,122600158.67,58122880.08
2026-07-02T19:19:40.000000Z,MU,2026-07-02T19:19:00.000000Z,959.9875,6377,-880631065142.67,-10466478185322.71,-13182028675875.83,-137442449.35,-716684158.4,-2714107102.23,6547314.92,122098542.55,54892533.75
2026-07-02T19:20:40.000000Z,MU,2026-07-02T19:20:00.000000Z,957.225,6377,-894664387244.43,-11008684826904.46,-13831489279120.68,-125665417.27,-731504653.37,-2671601387.86,6544244.05,122944358.52,56994569.75
2026-07-02T19:21:40.000000Z,MU,2026-07-02T19:21:00.000000Z,955.13,6377,-900745626651.94,-11051913601852.7,-13387715717523.81,-151942003.51,-737108758.23,-2755899846.55,6490786.27,120432348.26,52950615.40
2026-07-02T19:22:40.000000Z,MU,2026-07-02T19:22:00.000000Z,954.6,6377,-1009407111586.4,-10105868300453.41,-13350209862508.54,-166339967.44,-782383033.32,-3024786932.67,6398623.62,119996761.93,52086482.59
2026-07-02T19:23:40.000000Z,MU,2026-07-02T19:23:00.000000Z,953,6377,-1004434808212.5,-10211211061415.62,-12886164975941.85,-180679756.57,-779882748.65,-2958398756.37,6151250.40,119192433.01,47714026.67
2026-07-02T19:24:40.000000Z,MU,2026-07-02T19:24:00.000000Z,952.3575,6377,-1051344191364.38,-10402649097064.22,-13298497165063.24,-183811276.58,-771711134.29,-2957569670.23,6230748.58,118638968.98,47877913.36
2026-07-02T19:25:40.000000Z,MU,2026-07-02T19:25:00.000000Z,951.485,6377,-1266449090490.48,-8762238940343.93,-13740281419169.04,-195945816.08,-844024601.78,-3335332877.06,6671765.77,119447370.77,54168752.48
2026-07-02T19:26:40.000000Z,MU,2026-07-02T19:26:00.000000Z,952.07,6377,-1271048208286.14,-9193195553283.61,-13123278548325.29,-210900265.35,-839176632.01,-3302472965.04,6490512.43,118259908.07,49093434.62
2026-07-02T19:27:40.000000Z,MU,2026-07-02T19:27:00.000000Z,953.515,6377,-1412526534027.6,-9756134125116.89,-15430481235100.14,-210427864.51,-891531395.69,-3494350244.58,6939062.89,119761416.37,56631497.15
2026-07-02T19:28:40.000000Z,MU,2026-07-02T19:28:00.000000Z,958.26,6377,-1491982514733.1,-10212482986830.66,-16389931719866.92,-204375508.6,-898001299.73,-3466575446.27,7028430.38,119709910.95,57310125.82
2026-07-02T19:29:40.000000Z,MU,2026-07-02T19:29:00.000000Z,960.6501,6377,-1493188853204.39,-10237955046174.5,-16449415012652.16,-209268134.73,-902486490.77,-3485707435,7038162.37,120008492.40,57617149.65
2026-07-02T19:30:40.000000Z,MU,2026-07-02T19:30:00.000000Z,958.07,6377,-1552311821353.61,-10274271693761.62,-16689484693160.4,-166862369.9,-768722855.57,-2926290716.95,7180168.14,118991749.24,56147471.58
2026-07-02T19:31:40.000000Z,MU,2026-07-02T19:31:00.000000Z,956.86,6377,-1548287500362.68,-10401039090552.98,-16963529250261.67,-166943194.69,-773163104.73,-2918382818.97,7148788.48,120757091.77,54609694.11
2026-07-02T19:32:40.000000Z,MU,2026-07-02T19:32:00.000000Z,957.3,6377,-1653454509829.73,-10901190728156.26,-17795613925061.9,-167340895.05,-823764649.76,-3030008700.36,7194216.90,120910707.78,56711233.27
2026-07-02T19:33:40.000000Z,MU,2026-07-02T19:33:00.000000Z,959.38,6377,-1309561634274.5,-18997987591470.53,-22139852825949.22,-169026300.87,-824886968.69,-3107074056.92,7043355.46,122063414.43,57120748.26
2026-07-02T19:34:40.000000Z,MU,2026-07-02T19:34:00.000000Z,958.93,6377,-1300033047855.88,-18989076744728.82,-22169241988784.11,-164696873.41,-824082079.17,-3106929162.34,7043480.16,122027135.36,57163638.59
2026-07-02T19:35:40.000000Z,MU,2026-07-02T19:35:00.000000Z,962.665,6377,-1220645829770,-20596271756951.97,-24030965773067.96,-165939888.69,-768535952.47,-2966146725.08,6934263.35,121398960.91,55588017.08
2026-07-02T19:36:40.000000Z,MU,2026-07-02T19:36:00.000000Z,961.45,6377,-1211717911251.59,-20570276763693.99,-23990727692299.48,-163119033.6,-766597205.52,-2959524050,6995193.77,121245740.70,55657041.50
2026-07-02T19:37:40.000000Z,MU,2026-07-02T19:37:00.000000Z,957.24,6377,-1802490914556.03,-13328972954192.1,-21801994907315.66,-173650267.82,-756542770.47,-2922903613.2,7044531.54,119804240.06,52230113.35
2026-07-02T19:38:40.000000Z,MU,2026-07-02T19:38:00.000000Z,959.34,6377,-1805569871439.2,-13358214150970.14,-21856895216451.99,-173092965.82,-759865829.49,-2938456101.55,7032308.71,120067067.45,52422232.47
2026-07-02T19:39:40.000000Z,MU,2026-07-02T19:39:00.000000Z,958.52,6377,-2041373071975.53,-14901235750004.22,-25359627933537.82,-161994750.85,-745922167.8,-2879293283.98,7152758.59,119206493.85,54443930.00
2026-07-02T19:40:40.000000Z,MU,2026-07-02T19:40:00.000000Z,959.12,6377,-2261861350893.43,-15549098137551.32,-27743503118734.83,-160446041.87,-829383441.2,-3092675659.83,7339782.79,118676333.44,57424552.79
2026-07-02T19:41:40.000000Z,MU,2026-07-02T19:41:00.000000Z,959.37,6377,-2264591263058.88,-15553151097070.86,-27758794233541.03,-163557379.59,-829815864.43,-3096882729.91,7397817.50,118707267.09,57573412.73
2026-07-02T19:42:40.000000Z,MU,2026-07-02T19:42:00.000000Z,956.27,6377,-2288719228059.72,-13430267775391.18,-26253758783945.46,-171594913.23,-786222666.92,-3041083317.01,7569767.49,118863037.52,56447033.88
2026-07-02T19:43:40.000000Z,MU,2026-07-02T19:43:00.000000Z,958.43,6377,-2347999161323.44,-14594250408814.09,-26307548641809.39,-214916659.83,-812378837.94,-3239863270.3,7440248.37,118670845.67,51268949.92
2026-07-02T19:44:40.000000Z,MU,2026-07-02T19:44:00.000000Z,958.83,6377,-2608089015582.84,-15349563110587.18,-29965325602398.58,-220012400.98,-860845878.8,-3416947908.04,7732029.17,119442323.26,55440577.07
2026-07-02T19:45:40.000000Z,MU,2026-07-02T19:45:00.000000Z,959.24,6377,-2819464693578.8,-16094012643001.28,-32536476476947.3,-210991334.49,-851284176.64,-3349444437.81,7796571.69,119452308.89,56927844.34
2026-07-02T19:46:40.000000Z,MU,2026-07-02T19:46:00.000000Z,960.12,6377,-2913856663025.33,-17626915344710.8,-34695826486722.39,-194986436.98,-805188114.51,-3184790297.97,7761972.80,118389352.83,55870261.68
2026-07-02T19:47:40.000000Z,MU,2026-07-02T19:47:00.000000Z,960.72,6377,-3256390642276.28,-18739749398254.73,-39312065371219.68,-196440019.53,-835937815.37,-3185048513.71,7852237.53,119995627.05,57777803.75
2026-07-02T19:48:40.000000Z,MU,2026-07-02T19:48:00.000000Z,960.97,6377,-3532726387361.95,-19473856731817.6,-42109618866670.64,-161004791.55,-772277292.03,-2748307269.51,7837640.31,120055658.38,58043472.44
2026-07-02T19:49:40.000000Z,MU,2026-07-02T19:49:00.000000Z,960.22,6377,-3823532344592.4,-21793456928804.24,-45291641582128.06,-174515378.02,-767367551.94,-2899437123.94,7772274.59,119751680.12,56093698.64
2026-07-02T19:50:40.000000Z,MU,2026-07-02T19:50:00.000000Z,966.855,6377,-4164366611166.71,-25201220313206.44,-50580739556094.09,-205408551.61,-810466196.28,-3238474497.21,7631783.21,120951720.84,55200446.18
2026-07-02T19:51:40.000000Z,MU,2026-07-02T19:51:00.000000Z,964.41,6377,-4119145173598.2,-25137491022189.91,-50516314065899.66,-191897743.61,-806372336.68,-3238163306.62,7596874.61,120645856.00,55160171.99
2026-07-02T19:52:40.000000Z,MU,2026-07-02T19:52:00.000000Z,965.2109,6377,-5290297715315.67,-30586217722318.03,-64579085465021.55,-110242137.93,-672127553.39,-2401029760.54,7679490.94,120117283.50,55651013.87
2026-07-02T19:53:40.000000Z,MU,2026-07-02T19:53:00.000000Z,963.05,6377,-5337789771114.09,-30517741746884.93,-64453926684623.73,-101157399.33,-669121423.59,-2372181675.97,7620590.56,119848366.69,55734342.35
2026-07-02T19:54:40.000000Z,MU,2026-07-02T19:54:00.000000Z,962.62,6377,-4870232744569.47,-32422729386159.51,-62083783782366.19,-111620640.75,-648858888.1,-2460602010.22,7327570.34,117902919.58,50419973.12
2026-07-02T19:55:40.000000Z,MU,2026-07-02T19:55:00.000000Z,964.835,6377,-4743381733900.79,-32497334469775.42,-62403225469641.56,-110733714.23,-651848387.53,-2471934752.49,7332517.41,118174215.59,50706652.26
2026-07-02T19:56:40.000000Z,MU,2026-07-02T19:56:00.000000Z,966.04,6377,-6906522146480.4,-44952591590887.24,-100549051574383.24,-111019493.2,-676240890.54,-2543910507.88,7379769.19,118770769.92,53642337.90
2026-07-02T19:57:40.000000Z,MU,2026-07-02T19:57:00.000000Z,968.0999,6377,-8812418860293.81,-59462633823290.23,-133577453777988.64,-118534165.04,-671172217.73,-2528310484.98,7222138.48,118860785.22,52798453.46
2026-07-02T19:58:40.000000Z,MU,2026-07-02T19:58:00.000000Z,972.81,6377,-8785055384512.99,-59751937594079.87,-134415025357292.38,-121066443.01,-677719018.49,-2547479969.74,7193602.81,119439079.04,53324694.07
2026-07-02T19:59:40.000000Z,MU,2026-07-02T19:59:00.000000Z,975.37,6377,-16917377297422.23,-105434883454813.18,-240304945464534.8,-66500993.21,-582129884.09,-2058904985.12,7066134.58,120963726.01,53226142.99
