time,ticker,start_time,price,ticker_id,charm_per_one_percent_move_dir,charm_per_one_percent_move_oi,charm_per_one_percent_move_vol,gamma_per_one_percent_move_dir,gamma_per_one_percent_move_oi,gamma_per_one_percent_move_vol,vanna_per_one_percent_move_dir,vanna_per_one_percent_move_oi,vanna_per_one_percent_move_vol
2026-09-23T10:30:39.876000Z,MU,2026-09-23T10:30:00.000000Z,1092.5,6377,0,-243250628116.2,0,0,1010120903.49,0,0,174686591.23,0
2026-09-23T10:31:43.490000Z,MU,2026-09-23T10:31:00.000000Z,1092.87,6377,0,-244226284807.69,0,0,1007301634.8,0,0,175037336.44,0
2026-09-23T10:32:35.442000Z,MU,2026-09-23T10:32:00.000000Z,1092.87,6377,0,-244226281247.53,0,0,1007301634.8,0,0,175037336.45,0
2026-09-23T10:34:35.954000Z,MU,2026-09-23T10:34:00.000000Z,1093.09,6377,0,-244109019195.41,0,0,1011212221.13,0,0,175023146.36,0
2026-09-23T10:35:43.417000Z,MU,2026-09-23T10:35:00.000000Z,1092.555,6377,0,-244496934420.31,0,0,1010201874.09,0,0,174965435.45,0
2026-09-23T10:36:42.083000Z,MU,2026-09-23T10:36:00.000000Z,1092.66,6377,0,-244851032647.01,0,0,1014888850.43,0,0,175086078.09,0
2026-09-23T10:37:35.378000Z,MU,2026-09-23T10:37:00.000000Z,1093,6377,0,-245331282899.2,0,0,1008013456.79,0,0,174977056.14,0
2026-09-23T10:38:42.259000Z,MU,2026-09-23T10:38:00.000000Z,1093.05,6377,0,-244993510786.32,0,0,1014269453.14,0,0,174862059.07,0
2026-09-23T10:39:42.900000Z,MU,2026-09-23T10:39:00.000000Z,1093.44,6377,0,-245725093793.09,0,0,1013048892.21,0,0,174717685.88,0
2026-09-23T10:40:35.345000Z,MU,2026-09-23T10:40:00.000000Z,1093.44,6377,0,-245725059865.18,0,0,1013048892.16,0,0,174986897.44,0
2026-09-23T10:41:35.447000Z,MU,2026-09-23T10:41:00.000000Z,1093.3754,6377,0,-245528279669.55,0,0,1016134367.92,0,0,174648387.22,0
2026-09-23T10:42:41.993000Z,MU,2026-09-23T10:42:00.000000Z,1092.54,6377,0,-245777131299.71,0,0,1009769786.6,0,0,174437639.09,0
2026-09-23T10:43:35.341000Z,MU,2026-09-23T10:43:00.000000Z,1093.0266,6377,0,-246779051834.07,0,0,1014394345.01,0,0,174804172.65,0
2026-09-23T10:44:35.358000Z,MU,2026-09-23T10:44:00.000000Z,1093.0266,6377,0,-246664127339.92,0,0,1012084757.42,0,0,174887446.75,0
2026-09-23T10:45:35.531000Z,MU,2026-09-23T10:45:00.000000Z,1092.5,6377,0,-246704977064.86,0,0,1014591648.51,0,0,174588182.02,0
2026-09-23T10:46:35.510000Z,MU,2026-09-23T10:46:00.000000Z,1092.5,6377,0,-247604493003.84,0,0,1007819213.25,0,0,174603088.79,0
2026-09-23T10:47:35.919000Z,MU,2026-09-23T10:47:00.000000Z,1092.5,6377,0,-247757624397.77,0,0,1005254888,0,0,174789303.68,0
2026-09-23T10:48:42.968000Z,MU,2026-09-23T10:48:00.000000Z,1092.75,6377,0,-248364691831.4,0,0,1010923043.03,0,0,174931569.72,0
2026-09-23T10:49:43.073000Z,MU,2026-09-23T10:49:00.000000Z,1093.34,6377,0,-248116250913.34,0,0,1012354693.79,0,0,174826929.44,0
2026-09-23T10:50:35.417000Z,MU,2026-09-23T10:50:00.000000Z,1093.3048,6377,0,-248108258070.65,0,0,1012289509.47,0,0,174821300.9,0
2026-09-23T10:51:42.771000Z,MU,2026-09-23T10:51:00.000000Z,1093.2,6377,0,-248539145969.06,0,0,1011330674.47,0,0,174477827.02,0
2026-09-23T10:52:43.363000Z,MU,2026-09-23T10:52:00.000000Z,1093.76,6377,0,-248659870598.7,0,0,1015743590.96,0,0,174817926.7,0
2026-09-23T10:53:43.751000Z,MU,2026-09-23T10:53:00.000000Z,1093.98,6377,0,-248438172912.24,0,0,1019918416.69,0,0,174553204.08,0
2026-09-23T10:54:46.094000Z,MU,2026-09-23T10:54:00.000000Z,1094.5,6377,0,-247967764388.68,0,0,1026918530.13,0,0,174531527.42,0
2026-09-23T10:55:43.973000Z,MU,2026-09-23T10:55:00.000000Z,1096.15,6377,0,-247555779033.9,0,0,1037139185.31,0,0,174398268.17,0
2026-09-23T10:56:44.098000Z,MU,2026-09-23T10:56:00.000000Z,1095.64,6377,0,-247651972813.29,0,0,1039618301.49,0,0,174358051.75,0
2026-09-23T10:57:35.354000Z,MU,2026-09-23T10:57:00.000000Z,1095.33,6377,0,-247581900870.13,0,0,1039030086.23,0,0,174039724.03,0
2026-09-23T10:58:43.922000Z,MU,2026-09-23T10:58:00.000000Z,1095.59,6377,0,-248286857766.63,0,0,1035441436.91,0,0,174284717.16,0
2026-09-23T10:59:43.777000Z,MU,2026-09-23T10:59:00.000000Z,1095.63,6377,0,-248601123715.85,0,0,1037109480.06,0,0,174157489.41,0
2026-09-23T11:00:49.336000Z,MU,2026-09-23T11:00:00.000000Z,1094.5,6377,0,-248344723955.16,0,0,1034971295.88,0,0,173977868.59,0
2026-09-23T11:01:44.439000Z,MU,2026-09-23T11:01:00.000000Z,1094,6377,0,-249476312232.64,0,0,1027610064.32,0,0,174093254.28,0
2026-09-23T11:02:49.266000Z,MU,2026-09-23T11:02:00.000000Z,1090.33,6377,0,-252058632350.81,0,0,997833926.04,0,0,173846654.41,0
2026-09-23T11:03:43.875000Z,MU,2026-09-23T11:03:00.000000Z,1091.9599,6377,0,-253477794361.92,0,0,996825020.66,0,0,174765222.59,0
2026-09-23T11:04:43.944000Z,MU,2026-09-23T11:04:00.000000Z,1090.5391,6377,0,-253715602449.29,0,0,989857990.03,0,0,174513728.21,0
2026-09-23T11:05:37.798000Z,MU,2026-09-23T11:05:00.000000Z,1090.2,6377,0,-254472951514.24,0,0,984732907.63,0,0,174507160.08,0
2026-09-23T11:06:46.147000Z,MU,2026-09-23T11:06:00.000000Z,1089.485,6377,0,-255639229740.6,0,0,974560792.22,0,0,174758644.34,0
2026-09-23T11:07:38.092000Z,MU,2026-09-23T11:07:00.000000Z,1089.8495,6377,0,-255610798461.84,0,0,973850159.93,0,0,174917544.78,0
2026-09-23T11:08:48.546000Z,MU,2026-09-23T11:08:00.000000Z,1088.581,6377,0,-256304223673.33,0,0,972944179.87,0,0,174962130.95,0
2026-09-23T11:09:39.009000Z,MU,2026-09-23T11:09:00.000000Z,1088.5,6377,0,-257492655959.97,0,0,961805992.37,0,0,174956697.99,0
2026-09-23T11:10:44.254000Z,MU,2026-09-23T11:10:00.000000Z,1089.2,6377,0,-256944935398.15,0,0,969496432.17,0,0,175174072.61,0
2026-09-23T11:11:35.375000Z,MU,2026-09-23T11:11:00.000000Z,1089.47,6377,0,-257008629972.67,0,0,969977147.17,0,0,174949169.11,0
2026-09-23T11:12:45.913000Z,MU,2026-09-23T11:12:00.000000Z,1089.99,6377,0,-257162392051.51,0,0,975378531.81,0,0,175066613.48,0
2026-09-23T11:13:43.955000Z,MU,2026-09-23T11:13:00.000000Z,1090.1887,6377,0,-257491385282.97,0,0,980335010.83,0,0,175097267.3,0
2026-09-23T11:14:43.687000Z,MU,2026-09-23T11:14:00.000000Z,1089.88,6377,0,-257255579051.58,0,0,977028463.36,0,0,174824846.26,0
2026-09-23T11:15:43.436000Z,MU,2026-09-23T11:15:00.000000Z,1090.3476,6377,0,-257431047425.19,0,0,984198971.97,0,0,174716060.86,0
2026-09-23T11:16:45.519000Z,MU,2026-09-23T11:16:00.000000Z,1090.5,6377,0,-258064734460.48,0,0,981074654.55,0,0,174738747,0
2026-09-23T11:17:44.165000Z,MU,2026-09-23T11:17:00.000000Z,1089.3,6377,0,-257291085715.04,0,0,986105224.25,0,0,174481036.69,0
2026-09-23T11:18:46.394000Z,MU,2026-09-23T11:18:00.000000Z,1089.7,6377,0,-259492693317.02,0,0,971394134.17,0,0,174703476.71,0
2026-09-23T11:19:42.508000Z,MU,2026-09-23T11:19:00.000000Z,1088.9,6377,0,-260236364243.18,0,0,966209277.13,0,0,174939611.6,0
2026-09-23T11:20:48.586000Z,MU,2026-09-23T11:20:00.000000Z,1088.49,6377,0,-260115355634.94,0,0,968232902.75,0,0,174836051.66,0
2026-09-23T11:21:44.448000Z,MU,2026-09-23T11:21:00.000000Z,1087.2,6377,0,-261489435481.08,0,0,956726784.45,0,0,174818541.55,0
2026-09-23T11:22:43.378000Z,MU,2026-09-23T11:22:00.000000Z,1086.2979,6377,0,-262856796263.51,0,0,938128057.34,0,0,174649904.34,0
2026-09-23T11:23:48.601000Z,MU,2026-09-23T11:23:00.000000Z,1086.6,6377,0,-262942960546.94,0,0,940187168.28,0,0,174899376.51,0
2026-09-23T11:24:37.791000Z,MU,2026-09-23T11:24:00.000000Z,1086.6013,6377,0,-263170777085.82,0,0,942237136.73,0,0,174919573.58,0
2026-09-23T11:25:39.619000Z,MU,2026-09-23T11:25:00.000000Z,1086.4996,6377,0,-263478726153.26,0,0,941832424.43,0,0,174895259.38,0
2026-09-23T11:26:39.119000Z,MU,2026-09-23T11:26:00.000000Z,1086.94,6377,0,-263628892936.79,0,0,945072868.51,0,0,174937403.38,0
2026-09-23T11:27:37.838000Z,MU,2026-09-23T11:27:00.000000Z,1086.2,6377,0,-264273892937.44,0,0,937230830.82,0,0,174827695,0
2026-09-23T11:28:43.869000Z,MU,2026-09-23T11:28:00.000000Z,1086.8176,6377,0,-264395824727.05,0,0,940083719.33,0,0,174831163.98,0
2026-09-23T11:29:46.113000Z,MU,2026-09-23T11:29:00.000000Z,1086,6377,0,-265033424248.17,0,0,937613594.36,0,0,174838781.41,0
2026-09-23T11:30:45.465000Z,MU,2026-09-23T11:30:00.000000Z,1085.2279,6377,0,-265839671517.59,0,0,928345667.28,0,0,174726920.36,0
2026-09-23T11:31:48.928000Z,MU,2026-09-23T11:31:00.000000Z,1085.1001,6377,0,-266096746211.3,0,0,930067663.44,0,0,175080165.53,0
2026-09-23T11:32:45.023000Z,MU,2026-09-23T11:32:00.000000Z,1085.15,6377,0,-266659237275.72,0,0,931504063.46,0,0,175187608.46,0
2026-09-23T11:33:49.051000Z,MU,2026-09-23T11:33:00.000000Z,1085,6377,0,-267435122105.44,0,0,924235734.79,0,0,175070261.74,0
2026-09-23T11:34:45.696000Z,MU,2026-09-23T11:34:00.000000Z,1084.2301,6377,0,-267990891255.87,0,0,913128201.49,0,0,174829000.73,0
2026-09-23T11:35:46.635000Z,MU,2026-09-23T11:35:00.000000Z,1084.24,6377,0,-267802416317.21,0,0,919989757.35,0,0,175092612.24,0
2026-09-23T11:36:40.207000Z,MU,2026-09-23T11:36:00.000000Z,1084.31,6377,0,-268600746059.7,0,0,915155263.88,0,0,175121921.67,0
2026-09-23T11:37:39.586000Z,MU,2026-09-23T11:37:00.000000Z,1083.5,6377,0,-269030912534.65,0,0,910403123.89,0,0,174999395.03,0
2026-09-23T11:38:47.132000Z,MU,2026-09-23T11:38:00.000000Z,1083.3,6377,0,-269789059394.05,0,0,908603134.86,0,0,174992025.22,0
2026-09-23T11:39:46.972000Z,MU,2026-09-23T11:39:00.000000Z,1083.4507,6377,0,-270447057179.5,0,0,902181370.01,0,0,175443484.14,0
2026-09-23T11:40:47.910000Z,MU,2026-09-23T11:40:00.000000Z,1082.5337,6377,0,-270944211215.89,0,0,899806820.91,0,0,175403820.09,0
2026-09-23T11:41:55.748000Z,MU,2026-09-23T11:41:00.000000Z,1082.5,6377,0,-271202391764.28,0,0,898702191.76,0,0,175343988.02,0
2026-09-23T11:42:49.368000Z,MU,2026-09-23T11:42:00.000000Z,1081.42,6377,0,-272268265146.44,0,0,884472480.89,0,0,175233869.26,0
2026-09-23T11:43:46.856000Z,MU,2026-09-23T11:43:00.000000Z,1081.8,6377,0,-272345033494.26,0,0,894470241.76,0,0,175371046.18,0
2026-09-23T11:44:55.732000Z,MU,2026-09-23T11:44:00.000000Z,1083.79,6377,0,-272221712779.61,0,0,902746523.69,0,0,175196716.88,0
2026-09-23T11:45:39.036000Z,MU,2026-09-23T11:45:00.000000Z,1084.9318,6377,0,-271210163305.22,0,0,924119548.8,0,0,175444618.57,0
2026-09-23T11:46:46.334000Z,MU,2026-09-23T11:46:00.000000Z,1085.04,6377,0,-270465091915.21,0,0,929193470.27,0,0,174853263.5,0
2026-09-23T11:47:42.668000Z,MU,2026-09-23T11:47:00.000000Z,1086.35,6377,0,-270955993062.8,0,0,938025643.21,0,0,174999701.42,0
2026-09-23T11:48:48.871000Z,MU,2026-09-23T11:48:00.000000Z,1085.73,6377,0,-271233148430.55,0,0,934688882.93,0,0,174613441.32,0
2026-09-23T11:49:45.759000Z,MU,2026-09-23T11:49:00.000000Z,1086.1001,6377,0,-271105162548.49,0,0,940662261.78,0,0,174869432.67,0
2026-09-23T11:50:42.243000Z,MU,2026-09-23T11:50:00.000000Z,1085.51,6377,0,-271711803088.05,0,0,929998630.48,0,0,174386634.55,0
2026-09-23T11:51:43.169000Z,MU,2026-09-23T11:51:00.000000Z,1085.5,6377,0,-272615632507.52,0,0,929884020.19,0,0,174821107.14,0
2026-09-23T11:52:43.335000Z,MU,2026-09-23T11:52:00.000000Z,1085.55,6377,0,-272554193552.89,0,0,934170814.24,0,0,174814537.33,0
2026-09-23T11:53:48.866000Z,MU,2026-09-23T11:53:00.000000Z,1086,6377,0,-273233151635.82,0,0,928621460.54,0,0,174761120.66,0
2026-09-23T11:54:48.445000Z,MU,2026-09-23T11:54:00.000000Z,1085.8986,6377,0,-273243846828.98,0,0,935557347.17,0,0,174844759.91,0
2026-09-23T11:55:48.259000Z,MU,2026-09-23T11:55:00.000000Z,1086.0712,6377,0,-273612872667.14,0,0,936143672.56,0,0,174860104.85,0
2026-09-23T11:56:37.300000Z,MU,2026-09-23T11:56:00.000000Z,1086.2,6377,0,-273988062501.25,0,0,936276163.74,0,0,174872011.6,0
2026-09-23T11:57:43.621000Z,MU,2026-09-23T11:57:00.000000Z,1085.5,6377,0,-274319083154.29,0,0,931379397.35,0,0,174757337.92,0
2026-09-23T11:58:45.852000Z,MU,2026-09-23T11:58:00.000000Z,1085.5,6377,0,-275025111713.03,0,0,929981495.78,0,0,174754199.55,0
2026-09-23T11:59:35.447000Z,MU,2026-09-23T11:59:00.000000Z,1085.72,6377,0,-275080700990.02,0,0,930358495.62,0,0,174789615.87,0
2026-09-23T12:00:55.773000Z,MU,2026-09-23T12:00:00.000000Z,1083.2068,6377,0,-275307649278.38,0,0,924449622.28,0,0,174375792.03,0
2026-09-23T12:01:46.545000Z,MU,2026-09-23T12:01:00.000000Z,1082.3508,6377,0,-278243725334.74,0,0,900350542.64,0,0,174707075.94,0
2026-09-23T12:02:49.666000Z,MU,2026-09-23T12:02:00.000000Z,1082.4,6377,0,-278848086693.02,0,0,892927105.83,0,0,174884088.1,0
2026-09-23T12:03:45.709000Z,MU,2026-09-23T12:03:00.000000Z,1083.5,6377,0,-279131468894.94,0,0,894742920.52,0,0,175061815.83,0
2026-09-23T12:04:35.436000Z,MU,2026-09-23T12:04:00.000000Z,1083.36,6377,0,-278215932553.4,0,0,902030325.9,0,0,175172959.87,0
2026-09-23T12:05:43.992000Z,MU,2026-09-23T12:05:00.000000Z,1084.28,6377,0,-278400274747.62,0,0,915753671.67,0,0,175094013.08,0
2026-09-23T12:06:45.899000Z,MU,2026-09-23T12:06:00.000000Z,1084.99,6377,0,-278586869807.44,0,0,924218698.25,0,0,175003528.96,0
2026-09-23T12:08:45.508000Z,MU,2026-09-23T12:08:00.000000Z,1084,6377,0,-279680123652.9,0,0,912641189.12,0,0,174768634.27,0
2026-09-23T12:09:43.507000Z,MU,2026-09-23T12:09:00.000000Z,1083.41,6377,0,-280408299562.47,0,0,906745670.37,0,0,174703477.79,0
2026-09-23T12:10:45.517000Z,MU,2026-09-23T12:10:00.000000Z,1084,6377,0,-280641266893.78,0,0,906086740.5,0,0,175057150.26,0
2026-09-23T12:11:49.431000Z,MU,2026-09-23T12:11:00.000000Z,1084.33,6377,0,-281209540901.23,0,0,913196940.85,0,0,175168068.75,0
2026-09-23T12:12:48.594000Z,MU,2026-09-23T12:12:00.000000Z,1083.1,6377,0,-280725111652.95,0,0,913113928.79,0,0,174570448.04,0
2026-09-23T12:13:46.065000Z,MU,2026-09-23T12:13:00.000000Z,1082.5001,6377,0,-282679860697.07,0,0,900598949.36,0,0,174877670.29,0
2026-09-23T12:14:47.466000Z,MU,2026-09-23T12:14:00.000000Z,1082.55,6377,0,-282679749030.46,0,0,894872772.63,0,0,174747386.45,0
2026-09-23T12:15:46.488000Z,MU,2026-09-23T12:15:00.000000Z,1083.8,6377,0,-282194839580.9,0,0,912105130.03,0,0,175182834.4,0
2026-09-23T12:16:45.841000Z,MU,2026-09-23T12:16:00.000000Z,1083.04,6377,0,-282444325398.39,0,0,908531952.84,0,0,174746631.47,0
2026-09-23T12:17:55.706000Z,MU,2026-09-23T12:17:00.000000Z,1081.2387,6377,0,-283483255240.93,0,0,898501298.5,0,0,174880564.89,0
2026-09-23T12:18:45.868000Z,MU,2026-09-23T12:18:00.000000Z,1082.3905,6377,0,-284966499205.14,0,0,882926869.48,0,0,174558765.51,0
2026-09-23T12:19:46.168000Z,MU,2026-09-23T12:19:00.000000Z,1083.5,6377,0,-285258602961.47,0,0,884737878.41,0,0,174737696.27,0
2026-09-23T12:20:46.658000Z,MU,2026-09-23T12:20:00.000000Z,1083,6377,0,-284185748371.8,0,0,903546090.77,0,0,175183234.14,0
2026-09-23T12:21:45.947000Z,MU,2026-09-23T12:21:00.000000Z,1083.11,6377,0,-284719167991.48,0,0,901614062.5,0,0,174915220.23,0
2026-09-23T12:22:46.400000Z,MU,2026-09-23T12:22:00.000000Z,1084.5,6377,0,-284629145836.09,0,0,916867428.7,0,0,174914232.11,0
2026-09-23T12:23:45.122000Z,MU,2026-09-23T12:23:00.000000Z,1087,6377,0,-284758981479.21,0,0,932553464.58,0,0,175050084.17,0
2026-09-23T12:24:43.651000Z,MU,2026-09-23T12:24:00.000000Z,1087,6377,0,-283535872230.24,0,0,946034936.76,0,0,174629304.71,0
2026-09-23T12:25:58.291003Z,MU,2026-09-23T12:25:00.000000Z,1087,6377,0,-283535872474.55,0,0,946034939.44,0,0,174629304.83,0
2026-09-23T12:26:43.836000Z,MU,2026-09-23T12:26:00.000000Z,1086.0001,6377,0,-284019212926.68,0,0,944390095.04,0,0,174173434.17,0
2026-09-23T12:27:48.495000Z,MU,2026-09-23T12:27:00.000000Z,1086.46,6377,0,-284874659598.18,0,0,940040805.93,0,0,174209453.94,0
2026-09-23T12:28:48.650000Z,MU,2026-09-23T12:28:00.000000Z,1087.5,6377,0,-285282441571.18,0,0,946715240.26,0,0,174681888.67,0
2026-09-23T12:29:44.425000Z,MU,2026-09-23T12:29:00.000000Z,1086.89,6377,0,-285400094970.7,0,0,946697646.54,0,0,174298687.09,0
2026-09-23T12:30:48.575000Z,MU,2026-09-23T12:30:00.000000Z,1087.9,6377,0,-285050587349.6,0,0,953278760.9,0,0,174280687.37,0
2026-09-23T12:31:48.759000Z,MU,2026-09-23T12:31:00.000000Z,1089.2,6377,0,-285135544611.14,0,0,964793751.55,0,0,174792868.93,0
2026-09-23T12:32:49.607000Z,MU,2026-09-23T12:32:00.000000Z,1090.35,6377,0,-285077258340.94,0,0,972736378.77,0,0,174641788.28,0
2026-09-23T12:33:37.399000Z,MU,2026-09-23T12:33:00.000000Z,1089.911,6377,0,-284962479791.8,0,0,971953244.35,0,0,174571473.48,0
2026-09-23T12:34:46.398000Z,MU,2026-09-23T12:34:00.000000Z,1089.49,6377,0,-285170922898.86,0,0,974353030.5,0,0,174429460.72,0
2026-09-23T12:35:42.010000Z,MU,2026-09-23T12:35:00.000000Z,1090,6377,0,-285276228149.93,0,0,979006792.67,0,0,174465199.71,0
2026-09-23T12:36:43.164000Z,MU,2026-09-23T12:36:00.000000Z,1089.55,6377,0,-285965560475.04,0,0,975130188.07,0,0,174428268.38,0
2026-09-23T12:37:39.524000Z,MU,2026-09-23T12:37:00.000000Z,1088.6,6377,0,-287403399407.11,0,0,963001578.57,0,0,174086120.44,0
2026-09-23T12:38:44.144000Z,MU,2026-09-23T12:38:00.000000Z,1088.894,6377,0,-287557457540.9,0,0,965738225.11,0,0,174353589.28,0
2026-09-23T12:39:49.493000Z,MU,2026-09-23T12:39:00.000000Z,1088.97,6377,0,-287123319651.24,0,0,975447202.23,0,0,174360802.07,0
2026-09-23T12:40:44.243000Z,MU,2026-09-23T12:40:00.000000Z,1089.6256,6377,0,-287854447039.35,0,0,973904621.95,0,0,174160398.6,0
2026-09-23T12:41:48.789000Z,MU,2026-09-23T12:41:00.000000Z,1089.44,6377,0,-288111737127.2,0,0,974480287.49,0,0,174111950.44,0
2026-09-23T12:42:39.114000Z,MU,2026-09-23T12:42:00.000000Z,1089.5,6377,0,-289233013463.02,0,0,970030565.44,0,0,174185369.69,0
2026-09-23T12:43:45.601000Z,MU,2026-09-23T12:43:00.000000Z,1089.42,6377,0,-288398970881.46,0,0,975573366.99,0,0,174236552.24,0
2026-09-23T12:44:45.671000Z,MU,2026-09-23T12:44:00.000000Z,1088.6904,6377,0,-289425582919.59,0,0,970960889.14,0,0,173977656.76,0
2026-09-23T12:45:46.043000Z,MU,2026-09-23T12:45:00.000000Z,1089.68,6377,0,-289496665488.05,0,0,977311617.54,0,0,174343375.07,0
2026-09-23T12:46:43.111000Z,MU,2026-09-23T12:46:00.000000Z,1089.7275,6377,0,-289653659836.23,0,0,979505732.61,0,0,174050228.49,0
2026-09-23T12:47:37.118000Z,MU,2026-09-23T12:47:00.000000Z,1090.48,6377,0,-289900750118.79,0,0,983546140.6,0,0,174129224.81,0
2026-09-23T12:48:48.877000Z,MU,2026-09-23T12:48:00.000000Z,1091,6377,0,-289976574972.53,0,0,987955680.81,0,0,174160419.28,0
2026-09-23T12:49:49.028000Z,MU,2026-09-23T12:49:00.000000Z,1089.7757,6377,0,-291125028878.6,0,0,973900202.2,0,0,173657506.37,0
2026-09-23T12:50:39.332000Z,MU,2026-09-23T12:50:00.000000Z,1090.53,6377,0,-291304381973.36,0,0,983636336.54,0,0,174133840.17,0
2026-09-23T12:51:42.839000Z,MU,2026-09-23T12:51:00.000000Z,1090.1,6377,0,-291545046315.39,0,0,975752100.26,0,0,173850557.82,0
2026-09-23T12:52:39.113000Z,MU,2026-09-23T12:52:00.000000Z,1090,6377,0,-292309481801.7,0,0,979995669.19,0,0,174034127.5,0
2026-09-23T12:54:45.728000Z,MU,2026-09-23T12:54:00.000000Z,1089.11,6377,0,-293575090848.03,0,0,974071162.19,0,0,173925009.05,0
2026-09-23T12:55:39.485000Z,MU,2026-09-23T12:55:00.000000Z,1087.5994,6377,0,-295661332979.18,0,0,958452932.22,0,0,173897972.89,0
2026-09-23T12:56:39.410000Z,MU,2026-09-23T12:56:00.000000Z,1087.02,6377,0,-296967449103.07,0,0,946259726.62,0,0,174319238.61,0
2026-09-23T12:57:43.651000Z,MU,2026-09-23T12:57:00.000000Z,1087.7,6377,0,-296694809639.25,0,0,954805148,0,0,174088607.57,0
2026-09-23T12:58:43.919000Z,MU,2026-09-23T12:58:00.000000Z,1088,6377,0,-296878350799.32,0,0,958135288.91,0,0,174371357.55,0
2026-09-23T12:59:46.423000Z,MU,2026-09-23T12:59:00.000000Z,1089.76,6377,0,-296376296646.48,0,0,972323294.85,0,0,174537283.6,0
2026-09-23T13:00:38.723000Z,MU,2026-09-23T13:00:00.000000Z,1088.456,6377,0,-296652971291.92,0,0,970179827.11,0,0,174107941.66,0
2026-09-23T13:01:46.170000Z,MU,2026-09-23T13:01:00.000000Z,1087.1954,6377,0,-299009622254.51,0,0,948556153.56,0,0,173994165.95,0
2026-09-23T13:02:39.409000Z,MU,2026-09-23T13:02:00.000000Z,1086.66,6377,0,-299489171274.2,0,0,947527608.05,0,0,173950058.6,0
2026-09-23T13:03:48.827000Z,MU,2026-09-23T13:03:00.000000Z,1086.97,6377,0,-300035657386.26,0,0,944080691.17,0,0,173880500.45,0
2026-09-23T13:04:39.050000Z,MU,2026-09-23T13:04:00.000000Z,1086.93,6377,0,-300729955878.06,0,0,944196396.42,0,0,174205714.45,0
2026-09-23T13:05:45.829000Z,MU,2026-09-23T13:05:00.000000Z,1086.75,6377,0,-300960077673.05,0,0,946548563.12,0,0,174177913.18,0
2026-09-23T13:06:45.925000Z,MU,2026-09-23T13:06:00.000000Z,1087,6377,0,-301540122255.44,0,0,944607744.53,0,0,173895649.48,0
2026-09-23T13:07:43.032000Z,MU,2026-09-23T13:07:00.000000Z,1086.0455,6377,0,-302623500245.67,0,0,940376514.01,0,0,174168507.04,0
2026-09-23T13:08:43.436000Z,MU,2026-09-23T13:08:00.000000Z,1086.5899,6377,0,-302899752881.19,0,0,941510876.5,0,0,174157182.36,0
2026-09-23T13:09:49.162000Z,MU,2026-09-23T13:09:00.000000Z,1086.5,6377,0,-303753573851.84,0,0,940393785.53,0,0,174215979.44,0
2026-09-23T13:10:39.941000Z,MU,2026-09-23T13:10:00.000000Z,1086.61,6377,0,-303842512964.43,0,0,942692490.47,0,0,174162181.39,0
2026-09-23T13:11:49.491000Z,MU,2026-09-23T13:11:00.000000Z,1087.5,6377,0,-304099983943.41,0,0,945190770.18,0,0,174184743.18,0
2026-09-23T13:12:39.775000Z,MU,2026-09-23T13:12:00.000000Z,1088.09,6377,0,-303371611234.85,0,0,959131799.89,0,0,174235529.38,0
2026-09-23T13:13:37.530000Z,MU,2026-09-23T13:13:00.000000Z,1089.5,6377,0,-303171322289.64,0,0,969755685.05,0,0,174374736.2,0
2026-09-23T13:14:39.765000Z,MU,2026-09-23T13:14:00.000000Z,1088.5635,6377,0,-303576152341.16,0,0,963768979.84,0,0,173882846.09,0
2026-09-23T13:15:49.709000Z,MU,2026-09-23T13:15:00.000000Z,1090.39,6377,0,-304271640037.01,0,0,974816342.09,0,0,174287938.39,0
2026-09-23T13:16:43.465000Z,MU,2026-09-23T13:16:00.000000Z,1090,6377,0,-302547384405.7,0,0,986233853.88,0,0,173985382.51,0
2026-09-23T13:17:38.226000Z,MU,2026-09-23T13:17:00.000000Z,1090.41,6377,0,-303672716243.42,0,0,980733950.83,0,0,173747356.16,0
2026-09-23T13:18:46.079000Z,MU,2026-09-23T13:18:00.000000Z,1090.35,6377,0,-304017044216.96,0,0,984046510.27,0,0,173781064.23,0
2026-09-23T13:19:38.945000Z,MU,2026-09-23T13:19:00.000000Z,1089.67,6377,0,-305486909977.72,0,0,974977023.4,0,0,173757527.04,0
2026-09-23T13:20:37.591000Z,MU,2026-09-23T13:20:00.000000Z,1090.82,6377,0,-305809310288.34,0,0,977036023.33,0,0,173940904.72,0
2026-09-23T13:21:49.026000Z,MU,2026-09-23T13:21:00.000000Z,1091.7014,6377,0,-306171581451.87,0,0,981508911.15,0,0,174072309.46,0
2026-09-23T13:22:45.759000Z,MU,2026-09-23T13:22:00.000000Z,1091.3,6377,0,-305423843756.99,0,0,991239775.81,0,0,173818751.33,0
2026-09-23T13:23:46.751000Z,MU,2026-09-23T13:23:00.000000Z,1091.6179,6377,0,-305409795708.72,0,0,996200710.62,0,0,173818629.94,0
2026-09-23T13:24:49.503000Z,MU,2026-09-23T13:24:00.000000Z,1093.64,6377,0,-305479101637,0,0,1005806549.8,0,0,173770784.48,0
2026-09-23T13:25:39.505000Z,MU,2026-09-23T13:25:00.000000Z,1095.11,6377,0,-301653905708.22,0,0,1036125262.86,0,0,173363520.81,0
2026-09-23T13:26:49.474000Z,MU,2026-09-23T13:26:00.000000Z,1092.5,6377,0,-302344495420.83,0,0,1024713026.4,0,0,172699288.68,0
2026-09-23T13:27:50.130000Z,MU,2026-09-23T13:27:00.000000Z,1098.15,6377,0,-306063825641.54,0,0,1025434705.19,0,0,173700743.45,0
2026-09-23T13:28:49.913000Z,MU,2026-09-23T13:28:00.000000Z,1099.39,6377,0,-300198250296.23,0,0,1065287309.44,0,0,173696883.92,0
2026-09-23T13:30:58.000000Z,MU,2026-09-23T13:30:00.000000Z,1096.5,6377,408384347.69,-299409110006.29,-12235822902.81,4949902.4,1059693964.38,24137377.78,43400.59,173240281.62,727695.45
2026-09-23T13:31:58.000000Z,MU,2026-09-23T13:31:00.000000Z,1094.855,6377,-12553278.75,-298959928076.55,-21619771361.52,7117515.27,1056516784.31,38937421.41,66084.78,172980381.7,1271197.93
2026-09-23T13:32:58.000000Z,MU,2026-09-23T13:32:00.000000Z,1094.695,6377,1892188840.09,-298916238648.74,-35776927308.88,8655894.31,1056208012.22,44772310.1,95036.5,172955102.68,1921108.26
2026-09-23T13:33:54.000000Z,MU,2026-09-23T13:33:00.000000Z,1093.13,6377,-114665518.74,-298488901432.91,-48096282869.55,7756271.05,1053190214.6,42435779.86,193316.91,172707842.27,2365976.34
2026-09-23T13:34:58.000000Z,MU,2026-09-23T13:34:00.000000Z,1091.74,6377,-292838528.81,-298109348408.87,-55751639964.91,19563053.97,1050513488.6,60142341.29,235503.91,172488230.72,2769121
2026-09-23T13:35:58.000000Z,MU,2026-09-23T13:35:00.000000Z,1096.7099,6377,1739777625.66,-317124677186.89,-71478048539.45,22219308.66,1107354337.77,79408116.37,156233.33,177855294.5,3787227.85
2026-09-23T13:36:58.067000Z,MU,2026-09-23T13:36:00.000000Z,1094.95,6377,3241579401.05,-329041975751.82,-82096184697.65,19298199.88,1096012167.89,67714027.75,81500.92,180365615.16,4526625.88
2026-09-23T13:37:58.000000Z,MU,2026-09-23T13:37:00.000000Z,1090.885,6377,2035610296,-330759355395.83,-90988318635.7,29482524.45,1092297653.82,92521287.79,735822.63,180200822.38,5722241.37
2026-09-23T13:38:58.000000Z,MU,2026-09-23T13:38:00.000000Z,1087.59,6377,1321763788.97,-349061259136.87,-101978795582.65,33855667.88,1121969266.39,122560959.65,894922.42,177932844.33,6235974.66
2026-09-23T13:39:58.000000Z,MU,2026-09-23T13:39:00.000000Z,1089.025,6377,-534666429.77,-349521821395.5,-111180684233.54,39242153.92,1124931941.76,128214553.93,1179300.16,178167614.45,6960167.92
2026-09-23T13:40:58.000000Z,MU,2026-09-23T13:40:00.000000Z,1091.085,6377,-2417680747.67,-350182976972.35,-119162901637.14,36778297.15,1129191810.1,128258584.56,1103175.71,178504636.36,7471645.54
2026-09-23T13:41:58.000000Z,MU,2026-09-23T13:41:00.000000Z,1089.4753,6377,-760487430.07,-349666344869.41,-124633149841.74,39025281.14,1125862428.36,131790511.84,1074687.94,178241284.82,7724363.91
2026-09-23T13:42:58.000000Z,MU,2026-09-23T13:42:00.000000Z,1089.375,6377,-1768541670.95,-349634153653.7,-129364928940.43,49398174,1125655138.11,142788383.66,1080984.75,178224875.45,8015288.86
2026-09-23T13:43:58.000000Z,MU,2026-09-23T13:43:00.000000Z,1087.9932,6377,-591041617.52,-349190665898.32,-133977375887.37,51697262.29,1122801311.3,148409309.2,1078217.89,177998809.01,8258139.52
2026-09-23T13:44:58.000000Z,MU,2026-09-23T13:44:00.000000Z,1089.2697,6377,-452634521.73,-349600357691.45,-137509410163.65,50711826.95,1125437534.88,150455669.82,1133426.83,178207648.07,8518339.44
2026-09-23T13:45:58.000000Z,MU,2026-09-23T13:45:00.000000Z,1091.505,6377,-1396796504.32,-350317775682.19,-142907848071.83,49761618.59,1130061314.94,159237706.88,946555.67,178573349.56,9052061.12
2026-09-23T13:46:58.000000Z,MU,2026-09-23T13:46:00.000000Z,1086.23,6377,-2364991670.29,-348624768076.43,-149317294322.71,53133150.15,1119165040.22,164634509.13,1049275.01,177710344.43,9594143.42
2026-09-23T13:47:58.000000Z,MU,2026-09-23T13:47:00.000000Z,1087.335,6377,-3067533405.88,-348979417063.04,-158888013922.16,61348983.79,1121443206.71,182260004.91,1131242.74,177891125.6,10228758.76
2026-09-23T13:48:58.000000Z,MU,2026-09-23T13:48:00.000000Z,1087.29,6377,-3336584646.03,-348964974344.13,-163799362833.39,56320283.9,1121350385.45,196172451.25,1119671.39,177883763.47,10586303.5
2026-09-23T13:49:58.000000Z,MU,2026-09-23T13:49:00.000000Z,1085.82,6377,-3383191490.98,-348493178859.68,-166670023882.76,56042065.04,1118320336.85,196952640.35,1150298.42,177643267.25,10758849.74
2026-09-23T13:50:58.000000Z,MU,2026-09-23T13:50:00.000000Z,1084.755,6377,-4512773872.7,-348151367845.44,-170492179847.43,58152606.65,1116127658.38,201161172.65,1208976.2,177469030.2,10955565.89
2026-09-23T13:51:58.000000Z,MU,2026-09-23T13:51:00.000000Z,1085.275,6377,-4333877517.25,-348318261486.19,-174485535488.8,56069040.53,1117197993.14,211353343.75,1184101.01,177554103.69,11144548.47
2026-09-23T13:52:58.000000Z,MU,2026-09-23T13:52:00.000000Z,1086.32,6377,-5316710638.11,-348653653514.25,-179922624027.66,66266864.99,1119350505.59,221537161.92,1404462.94,177725068.69,11578602.87
2026-09-23T13:53:58.000000Z,MU,2026-09-23T13:53:00.000000Z,1086.96,6377,-7873245549.51,-348859061072.11,-188582179405.57,70461187.59,1120669813.63,238915651.65,1180196.34,177829774.52,12479532.87
2026-09-23T13:54:58.000000Z,MU,2026-09-23T13:54:00.000000Z,1087.4451,6377,-9289748909.84,-349014753581.98,-201216855535.73,83708739.52,1121670325.58,267842911.51,1238060.01,177909138.28,12980990.21
2026-09-23T13:55:58.000000Z,MU,2026-09-23T13:55:00.000000Z,1089.06,6377,-6218483973.22,-349533054621.32,-208316820806.14,71508151.38,1125004250.94,281530909.04,1112750.02,178173340.55,13313097.77
2026-09-23T13:56:58.000000Z,MU,2026-09-23T13:56:00.000000Z,1087.53,6377,-6661928431.21,-349042002178.32,-210515696664.8,70866638.44,1121845476.54,285076781.35,1145325.37,177923028.16,13467795
2026-09-23T13:57:58.000000Z,MU,2026-09-23T13:57:00.000000Z,1089.445,6377,-8589603361.06,-349656620105.34,-215912779445.96,70990723.6,1125799805.26,292862292.02,1201869.73,178236327.65,13701376.08
2026-09-23T13:58:58.000000Z,MU,2026-09-23T13:58:00.000000Z,1090.37,6377,-7416682391.07,-349953498216.31,-220462453076.97,79186513.15,1127712351.39,298875928.14,1126829.45,178387660.31,14004585.79
2026-09-23T13:59:58.000000Z,MU,2026-09-23T13:59:00.000000Z,1089.675,6377,-6712864256.04,-349730438446.45,-224522038375.26,84527908.3,1126275205.65,304568809.19,1126503.69,178273956.31,14197343.87
2026-09-23T14:00:58.000000Z,MU,2026-09-23T14:00:00.000000Z,1091.685,6377,-4871515518.83,-350375546557.84,-230643027438.9,87807451.32,1130434062.31,315652600.23,1078096.28,178602798.08,14471849.27
2026-09-23T14:01:58.000000Z,MU,2026-09-23T14:01:00.000000Z,1089.85,6377,-4913069143.22,-349786604575.55,-234564990414.7,94759587.09,1126636990.56,330577122.72,1115759.76,178302586.82,14680248.58
2026-09-23T14:02:58.000000Z,MU,2026-09-23T14:02:00.000000Z,1086.175,6377,-10747734218.92,-348607115864.43,-245966604391.68,90029912.1,1119051707.83,334628050.42,1355167.32,177701346.27,15143731.36
2026-09-23T14:03:58.000000Z,MU,2026-09-23T14:03:00.000000Z,1086.72,6377,-11809674181.65,-348782033237.91,-249859739930.89,98078416.58,1120174982.05,338662132.37,1368836.19,177790509.84,15392416.38
2026-09-23T14:04:58.000000Z,MU,2026-09-23T14:04:00.000000Z,1087.26,6377,-11785628366.68,-348955345864.85,-252929536470.63,98090355.53,1121288506.75,340177605.12,1376154.55,177878855.38,15582978.11
2026-09-23T14:05:58.000000Z,MU,2026-09-23T14:05:00.000000Z,1089.035,6377,-11738092348.89,-349525030888.59,-256178804550.68,96633661.92,1124952601.29,346878908.57,1373213.93,178169250.48,15757270.38
2026-09-23T14:06:58.000000Z,MU,2026-09-23T14:06:00.000000Z,1090.46,6377,-11266418190.77,-349982383654.13,-260097996615.07,96940307.43,1127898523.61,353697901.89,1356743.99,178402384.57,15921674.34
2026-09-23T14:07:58.000000Z,MU,2026-09-23T14:07:00.000000Z,1088,6377,-10983630108.45,-349192848353.62,-262603011907.96,97565954.71,1122815346.45,356892123.75,1372941.01,177999921.51,16052175.4
2026-09-23T14:08:58.000000Z,MU,2026-09-23T14:08:00.000000Z,1087.855,6377,-19384733618.55,-349146310703.8,-272667613217.86,106055329.08,1122516086.56,368504701.13,1609599.69,177976199.09,16392155.24
2026-09-23T14:09:58.000000Z,MU,2026-09-23T14:09:00.000000Z,1086.465,6377,-25545092090.72,-348700191164.08,-281466715470.08,116992459.85,1119649343.24,383945766.95,1793628.5,177748791.1,16727089.49
2026-09-23T14:10:58.000000Z,MU,2026-09-23T14:10:00.000000Z,1084.0012,6377,-32835264047.29,-347909436256.2,-292532962044.63,122931005.45,1114576995.41,395749092.63,2065220.3,177345706.36,17090979.9
2026-09-23T14:11:58.000000Z,MU,2026-09-23T14:11:00.000000Z,1082.99,6377,-34318416322.05,-347584892314.79,-305139109460.81,128445194.03,1112498520.64,406873472.69,2147846.41,177180271.13,17621782.42
2026-09-23T14:12:58.000000Z,MU,2026-09-23T14:12:00.000000Z,1083.21,6377,-34414579203.47,-347655501162.8,-311259292233.9,135955345.21,1112950555.34,420822317.56,2092115.76,177216263.77,18003733.15
2026-09-23T14:13:58.000000Z,MU,2026-09-23T14:13:00.000000Z,1082.33,6377,-36874020675.11,-347373065770.75,-318113518454.06,133942884.98,1111142967.42,424651083.19,2234599.05,177072293.24,18453777.22
2026-09-23T14:14:58.000000Z,MU,2026-09-23T14:14:00.000000Z,1081.685,6377,-40487477343.77,-347166053466.35,-324015755232.26,133364996.36,1109819020.63,431524536.29,2368828.46,176966769.39,18729528.62
2026-09-23T14:15:58.000000Z,MU,2026-09-23T14:15:00.000000Z,1083.385,6377,-39917633814.79,-347711667291.9,-327211450122.51,131883768.8,1113310193.97,438593809.54,2361108.07,177244894.27,18909859.37
2026-09-23T14:16:58.000000Z,MU,2026-09-23T14:16:00.000000Z,1083.18,6377,-39225839925.51,-347645872683.53,-330192502171.88,136336197.35,1112888908.84,440277990.45,2330005.78,177211355.68,19049171.5
2026-09-23T14:17:58.000000Z,MU,2026-09-23T14:17:00.000000Z,1078.865,6377,-42066432691.72,-346260976414.55,-335541982537.19,129333498.88,1104039870.47,432388718.83,2646721.37,176505409.3,19513095.93
2026-09-23T14:18:58.000000Z,MU,2026-09-23T14:18:00.000000Z,1076.595,6377,-43752846046.95,-345532421482.78,-343056926309.28,135765118.34,1099398819.12,443115599.85,2595726.52,176134030.79,20000777.54
2026-09-23T14:19:58.000000Z,MU,2026-09-23T14:19:00.000000Z,1074.595,6377,-44348560269.71,-344890522864.49,-351562256689.48,132652693.46,1095317887.52,458408759.05,2619196.06,175806825.05,20479992.12
2026-09-23T14:20:58.000000Z,MU,2026-09-23T14:20:00.000000Z,1075.87,6377,-44135460424.38,-345299733233.65,-361717356729.36,128562366.09,1097918604.62,455323044.29,2616925.81,176015418.71,21020845.72
2026-09-23T14:21:58.000000Z,MU,2026-09-23T14:21:00.000000Z,1073.245,6377,-42552937737.76,-344457241297.14,-366463549204.77,132431833.1,1092567548.42,455437852.97,2599393.26,175585961.18,21246727.41
2026-09-23T14:22:58.000000Z,MU,2026-09-23T14:22:00.000000Z,1071.92,6377,-42967069787.06,-344031983462.52,-373486297030.16,128091746.84,1089871503.46,457509585.9,2665764.49,175369187.37,21628243.3
2026-09-23T14:23:58.000000Z,MU,2026-09-23T14:23:00.000000Z,1072.075,6377,-43198251554.76,-344081730605.43,-380825639648.23,133018813.58,1090186717.83,458766555.24,2689132.13,175394545.82,22159655.23
2026-09-23T14:24:58.000000Z,MU,2026-09-23T14:24:00.000000Z,1072.475,6377,-42511220944.3,-344210110329.09,-385835362586.19,139117585.98,1091000384.86,457901192.87,2691706.27,175459986.97,22437460.27
2026-09-23T14:25:58.000000Z,MU,2026-09-23T14:25:00.000000Z,1072.74,6377,-42830463546.72,-344295161896.02,-391508403585.38,147366595.94,1091539606.42,475423028.99,2647022.03,175503341.73,22788915.25
2026-09-23T14:26:58.000000Z,MU,2026-09-23T14:26:00.000000Z,1071.49,6377,-43609258129.17,-343893975259.58,-394535752765.66,149858873.86,1088997276.37,479883878.73,2697523.63,175298838.14,22970410.14
2026-09-23T14:27:58.000000Z,MU,2026-09-23T14:27:00.000000Z,1073.865,6377,-44360509675,-344656229868.81,-400127575197.89,161613424.19,1093830237.81,471924098.57,2691893.89,175687394.95,23332481.84
2026-09-23T14:28:58.000000Z,MU,2026-09-23T14:28:00.000000Z,1076,6377,-44822171505.87,-345341456643.84,-407441355232.07,168209057.35,1098183949.02,490672056.41,2693061.54,176036687.08,23976288.18
2026-09-23T14:29:58.000000Z,MU,2026-09-23T14:29:00.000000Z,1076.215,6377,-43930529397.41,-345410460745.31,-410474787094.25,162303506.32,1098622858.2,505193358.59,2683797.47,176071861.7,24162187.13
2026-09-23T14:30:58.000000Z,MU,2026-09-23T14:30:00.000000Z,1074.24,6377,-43436785810.01,-344776585859.74,-413944706505.39,165014735.64,1094594315.16,516661367.07,2678577.11,175748746.03,24373039.53
2026-09-23T14:31:58.000000Z,MU,2026-09-23T14:31:00.000000Z,1072.24,6377,-42645137595.55,-344134687241.44,-416841498942.45,164077877.59,1090522318.7,518901424.49,2652550.52,175421540.29,24637209.88
2026-09-23T14:32:58.000000Z,MU,2026-09-23T14:32:00.000000Z,1074.68,6377,-42661243680.59,-344917803555.77,-423162958501.78,175653202.61,1095491172.72,533295854.11,2639842.28,175820731.29,24962274.76
2026-09-23T14:33:58.000000Z,MU,2026-09-23T14:33:00.000000Z,1074.635,6377,-72475917020.03,-418595612488.56,-561646108213.46,133155040.6,832212525.89,-486493679.09,3542119.23,178367107.86,29152338.77
2026-09-23T14:34:58.000000Z,MU,2026-09-23T14:34:00.000000Z,1076.92,6377,-71079266407.86,-419485673741.48,-568537001736.92,132480833.15,835755361.02,-482304866.29,3476785.35,178746370.44,29483204.05
2026-09-23T14:35:58.000000Z,MU,2026-09-23T14:35:00.000000Z,1077.732,6377,-66857189525.73,-423885912065.34,-584777997900.44,138829402.99,846256095.55,-483426813.38,3307572.63,178793098.25,29907273.16
2026-09-23T14:36:58.000000Z,MU,2026-09-23T14:36:00.000000Z,1078.7301,6377,-61804877653.57,-413400582886.94,-602939644460.39,146197486.95,836818735.03,-401186346.25,3284074.58,171305263.05,30740005.72
2026-09-23T14:37:58.000000Z,MU,2026-09-23T14:37:00.000000Z,1077.245,6377,-61458968830.77,-412831449601.75,-606965879721.64,154536907,834516205.34,-387167338.9,3453135.78,171069425.14,31111254.12
2026-09-23T14:38:58.000000Z,MU,2026-09-23T14:38:00.000000Z,1076.38,6377,-65981993545.46,-447691859602.59,-623645974673.05,164140054.47,918944107.55,-316351471.86,3661917.96,182471386.05,32084551.08
2026-09-23T14:39:58.000000Z,MU,2026-09-23T14:39:00.000000Z,1076.42,6377,-65661513309.13,-448996914269.72,-627855008304.32,163933620.5,916866514.29,-341745794.32,3590002.27,183928120.38,32450491.95
2026-09-23T14:40:58.000000Z,MU,2026-09-23T14:40:00.000000Z,1077.575,6377,-64693825164.14,-446966369116.16,-635487371752.86,153929800.85,902019212.58,-404600701.56,3550881.38,184671844.65,32640992.8
2026-09-23T14:41:58.000000Z,MU,2026-09-23T14:41:00.000000Z,1074.9342,6377,-64477740657.54,-438440697518.64,-644292773831.55,154322221.64,901063699.24,-336644369.34,3555203.54,182080796.76,32918735.98
2026-09-23T14:42:58.000000Z,MU,2026-09-23T14:42:00.000000Z,1075.0137,6377,-66493045929.18,-450251852792.79,-657522606602.58,147129194.48,896922738.02,-382375441.07,3585293.78,184303040.34,33142333.48
2026-09-23T14:43:58.000000Z,MU,2026-09-23T14:43:00.000000Z,1074.7222,6377,-68690479099.84,-452505334824.8,-659668692084.16,140367851.81,887884722.24,-447116627.46,3587097.1,185650395.41,33041116.91
2026-09-23T14:44:58.000000Z,MU,2026-09-23T14:44:00.000000Z,1076.38,6377,-67923794648.54,-450802204865.93,-670115567659.97,140388982.01,881845058.99,-467463322.67,3608419.16,184149472.36,33519279.17
2026-09-23T14:45:58.000000Z,MU,2026-09-23T14:45:00.000000Z,1078.16,6377,-66372244206.6,-451547692449,-679289077982.8,146056886.14,884764069.18,-477965851.83,3529134.09,184453998.7,33901681.92
2026-09-23T14:46:58.000000Z,MU,2026-09-23T14:46:00.000000Z,1077.315,6377,-64483177650.59,-446904974504.05,-700805476057.66,162400607.5,910206299.06,-293737684.26,3508767.26,179983197.2,34967633.69
2026-09-23T14:47:58.000000Z,MU,2026-09-23T14:47:00.000000Z,1076.969,6377,-63813434702.35,-446761659176.58,-702580054353.95,164487659.76,909670145.97,-294118391.35,3500614.02,179936443.17,35100467.83
2026-09-23T14:48:58.000000Z,MU,2026-09-23T14:48:00.000000Z,1076,6377,-65593726519.15,-456370431105.61,-704600998807.71,153743036.5,899943853.04,-377706197.44,3522353.73,181928396.98,34849615.52
2026-09-23T14:49:58.000000Z,MU,2026-09-23T14:49:00.000000Z,1076.53,6377,-68922394228.1,-462986875587.8,-719184662354.27,150190022.02,906596795.49,-417926641.62,3705622.48,184079548.4,35818574.08
2026-09-23T14:50:58.000000Z,MU,2026-09-23T14:50:00.000000Z,1075.235,6377,-69594424415.4,-462429930584.98,-724308903591.18,162899872.38,904416945.98,-395272818.71,3705509.88,183858111.92,36250960.67
2026-09-23T14:51:58.000000Z,MU,2026-09-23T14:51:00.000000Z,1076.11,6377,-73860327978.26,-464325733901.57,-733757561574.8,162568869.65,904439790.21,-385811774.36,3935943.32,183379999.79,36632922.4
2026-09-23T14:52:58.000000Z,MU,2026-09-23T14:52:00.000000Z,1076.78,6377,-71149302973.95,-468729418407.28,-740090327214.11,155993018.64,884468774.51,-507310223.19,3749634.37,184097688.32,36712926.28
2026-09-23T14:53:58.000000Z,MU,2026-09-23T14:53:00.000000Z,1081.555,6377,-59790632667.26,-470808007323.21,-760567347431.3,129651315.18,892330552.46,-476528126.03,3364964.53,184914072.78,37595702.89
2026-09-23T14:54:58.000000Z,MU,2026-09-23T14:54:00.000000Z,1080.625,6377,-52947928011.85,-440350108814.06,-777636701575.01,146412549.16,886903710.18,-249655103.32,3231761.62,175472185.88,38116494.57
2026-09-23T14:55:58.000000Z,MU,2026-09-23T14:55:00.000000Z,1080.72,6377,-52751498076.28,-446328948808.79,-783863678633.93,162588088.97,974328902.34,182328253.11,3316230.42,175896843.03,38395311.98
2026-09-23T14:56:58.000000Z,MU,2026-09-23T14:56:00.000000Z,1080.99,6377,-51509609229.95,-440415860668.6,-791685972456.5,160364436.44,955314902.77,131210319.67,3260697.86,178634752.2,38802951.67
2026-09-23T14:57:58.000000Z,MU,2026-09-23T14:57:00.000000Z,1079.985,6377,-52004326782.36,-440006404577.45,-795511452404.05,167341767.12,953539409.6,137140552.16,3308181.71,178468674.87,38968698.11
2026-09-23T14:58:58.000000Z,MU,2026-09-23T14:58:00.000000Z,1079.26,6377,-52647357233.36,-470349029332.87,-812002832173.68,167363928.97,974427182.32,24405147.9,3299837.56,183332336.96,39638535.91
2026-09-23T14:59:58.000000Z,MU,2026-09-23T14:59:00.000000Z,1079.9551,6377,-51497900376.51,-467966452190.65,-822360153767.71,166626925,975484499.25,47564828.18,3314560.83,183328519.8,40135228.3
2026-09-23T15:00:58.000000Z,MU,2026-09-23T15:00:00.000000Z,1079.96,6377,-48870651718.58,-471050498818.12,-836425319941.02,163718316.87,964839520.25,-22801000.01,3246501.96,183396391.79,40783733.8
2026-09-23T15:01:58.000000Z,MU,2026-09-23T15:01:00.000000Z,1080.525,6377,-45681721405.8,-465920564704.8,-834394233897.34,168628051.04,972655012.08,44712723.81,3017559.88,180192836.09,39814032
2026-09-23T15:02:58.000000Z,MU,2026-09-23T15:02:00.000000Z,1079.46,6377,-45362891508.75,-465461338494.01,-835228524220.92,169636244.67,970738597.21,47750543.81,2938441.93,180015232.27,39929285.8
2026-09-23T15:03:58.000000Z,MU,2026-09-23T15:03:00.000000Z,1078.5,6377,-48809478434.87,-456004688317.14,-845760860113.77,169486375.48,955002479.39,140089942.76,3078096.78,176416701.87,40055812.73
2026-09-23T15:04:58.000000Z,MU,2026-09-23T15:04:00.000000Z,1077.25,6377,-50176423045.4,-480964564588.21,-860408527459.26,163416685.69,948545958.82,-109673875.48,3170290.83,184327014.64,40761190.47
2026-09-23T15:05:58.000000Z,MU,2026-09-23T15:05:00.000000Z,1077.24,6377,-52324035827.79,-491536310582.87,-870792395082.71,161976398.97,935591868.08,-218636779.24,3224539.43,184022480.29,40962464.54
2026-09-23T15:06:58.000000Z,MU,2026-09-23T15:06:00.000000Z,1078.285,6377,-49330585365.69,-483258870710.3,-882168519782.1,174308678.4,930381903.99,-204489710.14,3136823.99,183443100.51,41686684.23
2026-09-23T15:07:58.000000Z,MU,2026-09-23T15:07:00.000000Z,1078.82,6377,-50706513747.94,-467532781398.82,-893409600700.58,172272731.22,925222151.29,-22865320.68,3230402.9,176344801.08,41885839.97
2026-09-23T15:08:58.000000Z,MU,2026-09-23T15:08:00.000000Z,1079.52,6377,-51292434259.5,-467836143356.31,-895759191680.53,175825693.06,926423214.72,-18352345.87,3276952.27,176459223.66,42031944.02
2026-09-23T15:09:58.000000Z,MU,2026-09-23T15:09:00.000000Z,1079.1,6377,-50511634778.84,-467875821146.45,-905742257140.62,191263236.14,934137147.39,78633991.79,3279205.92,176361236.44,42379324.69
2026-09-23T15:10:58.000000Z,MU,2026-09-23T15:10:00.000000Z,1079.22,6377,-50037682654.73,-467927850706.77,-907981497595.54,194870850.24,934344918.11,83723650.53,3303236.22,176380848.48,42611783.79
2026-09-23T15:11:58.000000Z,MU,2026-09-23T15:11:00.000000Z,1079.0556,6377,-50430700948.31,-473621110061.73,-914809678976.5,192104051.1,940658805.44,77312284.05,3317944.28,178613269.26,43065276.32
2026-09-23T15:12:58.000000Z,MU,2026-09-23T15:12:00.000000Z,1080.5,6377,-49406711106.51,-470431837772.53,-921011986169.79,194128920.74,925624435.95,21223524.27,3239161.31,176512803.96,42848249.24
2026-09-23T15:13:58.000000Z,MU,2026-09-23T15:13:00.000000Z,1078.92,6377,-51084064122.79,-481026057564.87,-935365872371.03,198395449.75,959393695.4,147529125.21,3351130.23,178587673.02,43620480.56
2026-09-23T15:14:58.000000Z,MU,2026-09-23T15:14:00.000000Z,1079.995,6377,-49874010304.3,-485763799021.86,-944291290858.84,197882067.11,955421056.3,55052813.19,3281010.02,180533561.43,43966237.87
2026-09-23T15:15:58.000000Z,MU,2026-09-23T15:15:00.000000Z,1079.7352,6377,-50553915143.71,-476399405532.42,-954425442135.59,203792327.28,936203318.89,153105434.91,3310907.74,175653428.3,44357412.5
2026-09-23T15:16:58.000000Z,MU,2026-09-23T15:16:00.000000Z,1079.5,6377,-48208387143.13,-476295630884.54,-959133039671.07,207685247.74,935795494.76,153344601.29,3225567.35,175615165.5,44558971.8
2026-09-23T15:17:58.000000Z,MU,2026-09-23T15:17:00.000000Z,1078.37,6377,-51504847604.46,-477372814643.99,-967369091650.71,212590060.15,942534647.28,185636297.08,3366111.43,174877937.96,44823947.74
2026-09-23T15:18:58.000000Z,MU,2026-09-23T15:18:00.000000Z,1079.66,6377,-52062222362.01,-486326804776.54,-981454990165.3,207770099.79,924767996.43,-19111333.9,3354371.23,181019310.33,45445732.21
2026-09-23T15:19:58.000000Z,MU,2026-09-23T15:19:00.000000Z,1080.6201,6377,-55990186523.89,-479925553262.84,-993621703414.44,220185182.18,923392281.1,128832398.11,3478330.16,176232097.03,45429503.04
2026-09-23T15:20:58.000000Z,MU,2026-09-23T15:20:00.000000Z,1080.12,6377,-57716848302.53,-485073876090.62,-1002980924262.75,218829402.18,954148690.98,293830223.57,3550324.49,176090298.2,46064375.33
2026-09-23T15:21:58.000000Z,MU,2026-09-23T15:21:00.000000Z,1081.4651,6377,-55835469435.87,-485677950518.21,-1008603990316.16,202123543.96,956526620.37,321094204.94,3466338.48,176309587.78,46342685.2
2026-09-23T15:22:58.000000Z,MU,2026-09-23T15:22:00.000000Z,1082.34,6377,-50935921174.54,-487065942212.33,-1011515332535.43,198304038.13,954272483.32,194324067.41,3226481.21,178894508.75,46480769.26
2026-09-23T15:23:58.000000Z,MU,2026-09-23T15:23:00.000000Z,1081.2673,6377,-52412082290.29,-488642918015.77,-1014121378374.17,200145588.42,978960034.98,449760891.63,3292645.42,175590280.31,45696173.38
2026-09-23T15:24:58.000000Z,MU,2026-09-23T15:24:00.000000Z,1081.0264,6377,-55080074360.87,-500337051350.91,-1035460117284.21,196428721.87,981602257.24,403656987.41,3411320.25,178158700.22,47088164.8
2026-09-23T15:25:58.000000Z,MU,2026-09-23T15:25:00.000000Z,1080.7544,6377,-56009517117.79,-500211160181.22,-1037599621570.62,206184131.18,981108352.15,417859343.14,3645814.85,178113873.23,47392500.26
2026-09-23T15:26:58.000000Z,MU,2026-09-23T15:26:00.000000Z,1081.2,6377,-55633312392.8,-488983660622.08,-1033833246497.87,206232425.46,963423192.05,422013520.12,3626926.07,175796620.5,46743070.97
2026-09-23T15:27:58.000000Z,MU,2026-09-23T15:27:00.000000Z,1081.3001,6377,-55156293826.22,-490637877229.47,-1041666133816.89,207310418.41,959040717.57,379455010.19,3669561.81,175409729.12,46720519.31
2026-09-23T15:28:58.000000Z,MU,2026-09-23T15:28:00.000000Z,1079.925,6377,-55519980646.73,-490013928202.76,-1041687760944.91,209192780.02,956603025.5,386297017.9,3685978.74,175186658.84,46728348.97
2026-09-23T15:29:58.000000Z,MU,2026-09-23T15:29:00.000000Z,1078.29,6377,-59525377350.48,-491339175012.52,-1055186262222.94,211039973.34,956758399.94,449799281.78,3933853.96,175960186.58,47477411.33
2026-09-23T15:30:58.000000Z,MU,2026-09-23T15:30:00.000000Z,1077.895,6377,-61814653875.81,-531889592299.55,-1076503363582.96,200394734.4,972723801.66,133446947.99,3901662.57,183828868.02,47955417.65
2026-09-23T15:31:58.000000Z,MU,2026-09-23T15:31:00.000000Z,1077.78,6377,-64141620403.99,-528115307476.07,-1073426455094.22,196774395.23,956911950.62,58470386.25,3927114.24,183615126.93,47022352.26
2026-09-23T15:32:58.000000Z,MU,2026-09-23T15:32:00.000000Z,1077.26,6377,-65102316662.17,-534806314924.8,-1080600756428.72,194013581.56,944811342.09,-40533162.12,3921142.57,181588035.41,46656125.52
2026-09-23T15:33:58.000000Z,MU,2026-09-23T15:33:00.000000Z,1077.837,6377,-66218547194.9,-530441821473.05,-1090392218029.5,201915021.34,938329504.58,-25660863.07,3995638.14,180075792.61,46936893.09
2026-09-23T15:34:58.000000Z,MU,2026-09-23T15:34:00.000000Z,1077.76,6377,-68083753240.76,-532133782611.33,-1099635613285.66,208006240.33,932146221.79,-62856568.01,4109834.34,181485203.69,47553206.42
2026-09-23T15:35:58.000000Z,MU,2026-09-23T15:35:00.000000Z,1077.215,6377,-70220119721.11,-527281432270.47,-1115314776432.62,225712681.24,934199410.47,27592375.68,4266134.16,181313584.12,48392898.22
2026-09-23T15:36:58.000000Z,MU,2026-09-23T15:36:00.000000Z,1075.8909,6377,-70626477949.59,-526633304139.62,-1118376784618.54,233412256.05,931904208.11,32415267.89,4326395.88,181090715.59,48538733.82
2026-09-23T15:37:58.000000Z,MU,2026-09-23T15:37:00.000000Z,1075.77,6377,-75853374267.31,-540272741592.63,-1141785135281.57,222299357.35,925405807.3,-60031158.53,4477043.57,181743330.79,49041525.95
2026-09-23T15:38:58.000000Z,MU,2026-09-23T15:38:00.000000Z,1076.27,6377,-75223755758.28,-547488869626.41,-1147383557459.27,215291225.98,906375519.93,-294844497.97,4381120.73,182724464.14,48744108.36
2026-09-23T15:39:58.000000Z,MU,2026-09-23T15:39:00.000000Z,1076.23,6377,-75480886367.89,-538694588387.74,-1162073004253.7,218732993.18,903899419.98,-149776297.11,4443923.96,176895178.26,48897922.73
2026-09-23T15:40:58.000000Z,MU,2026-09-23T15:40:00.000000Z,1077.12,6377,-78725869634.85,-522279729242.86,-1169341616385.75,222538213.04,887609140.21,-81089945.87,4627968.39,177767328.21,49871252.6
2026-09-23T15:41:58.000000Z,MU,2026-09-23T15:41:00.000000Z,1076.9,6377,-75316109068.13,-544882980045.6,-1174436906991.44,232813373.68,906751320.6,-218928734.66,4421534.86,181266887.78,49756807.12
2026-09-23T15:42:58.000000Z,MU,2026-09-23T15:42:00.000000Z,1077,6377,-75946065972.39,-530414733138.84,-1185108213475.54,235761120.01,895794184.24,-87551180.34,4476255.77,178010010.36,50075231.1
2026-09-23T15:43:58.000000Z,MU,2026-09-23T15:43:00.000000Z,1077.1,6377,-77666397660.31,-525670580693.12,-1195640858048.84,244579431.69,898279841.53,42918661.65,4520175.83,175764992.7,50294454.11
2026-09-23T15:44:58.425000Z,MU,2026-09-23T15:44:00.000000Z,1077.73,6377,-75329884889.26,-532007411166.04,-1204978293948.51,242096395.5,892496895.96,-75060239.6,4424215,178354239.32,50901602.76
2026-09-23T15:45:58.000000Z,MU,2026-09-23T15:45:00.000000Z,1077.495,6377,-76827554132.03,-528112152956.67,-1215880014080.14,253656686.08,892481491.52,40374889.08,4532511.2,174871404.38,51300061.49
2026-09-23T15:46:58.000000Z,MU,2026-09-23T15:46:00.000000Z,1077.16,6377,-77648210736.67,-541149957793.99,-1225276726449.95,264072528.71,907350935.73,-21303137.52,4533230.19,178447506.41,51481704.74
2026-09-23T15:47:58.000000Z,MU,2026-09-23T15:47:00.000000Z,1075.73,6377,-80762875406.43,-549209824823.58,-1233310598713.44,269625349.73,908097701.5,-66901908.01,4746456.41,180913550.5,52014354.5
2026-09-23T15:48:58.000000Z,MU,2026-09-23T15:48:00.000000Z,1075.27,6377,-85748878877.53,-564666224786.73,-1238337429114.95,274113151.19,914471519.93,-230956741.04,4787049.25,184362335.26,51735332.68
2026-09-23T15:49:58.000000Z,MU,2026-09-23T15:49:00.000000Z,1073.8447,6377,-95552240543.37,-566153098386.83,-1256116980579.95,277378764.92,913066877.47,-231753713.21,5135917.73,185239105.03,52436727.25
2026-09-23T15:50:58.000000Z,MU,2026-09-23T15:50:00.000000Z,1073.65,6377,-94895885298.55,-566050448526.7,-1261227531859.28,282128900.78,912735809.11,-230742276.56,5146718.02,185205519.11,52695326.48
2026-09-23T15:51:58.000000Z,MU,2026-09-23T15:51:00.000000Z,1073.755,6377,-95861715726.55,-568026676788.85,-1252893799676.11,274675520.82,902723201.89,-317844752.07,5059946.14,184279388.21,50973142.46
2026-09-23T15:52:58.000000Z,MU,2026-09-23T15:52:00.000000Z,1074.82,6377,-90246201379.2,-562945897971.19,-1275193463295.3,257955710.18,855701485.89,-582325032.77,4868827.07,183030242.76,51738581.7
2026-09-23T15:53:58.000000Z,MU,2026-09-23T15:53:00.000000Z,1074.85,6377,-95239569258.63,-557562326205.03,-1279578710797.65,269082343.78,873390283.31,-367457323.71,4887512.19,181447363.11,50992344.51
2026-09-23T15:54:58.000000Z,MU,2026-09-23T15:54:00.000000Z,1075.61,6377,-93298466580.68,-542258513136.8,-1300058439632.72,256939685.01,842372436.72,-308289581.17,5051869.39,178785708.51,52117951.96
2026-09-23T15:55:58.000000Z,MU,2026-09-23T15:55:00.000000Z,1075.285,6377,-96399617551.25,-544139721983.02,-1314583598335.88,267415103.29,860413448.66,-120240851.9,5048727.25,176112585.47,52399136.11
2026-09-23T15:56:58.192000Z,MU,2026-09-23T15:56:00.000000Z,1074.875,6377,-94858295373.78,-559020258036.96,-1319757910102.07,266019355.41,864574455.33,-314876951.74,4810774.1,180657127.45,52729306.63
2026-09-23T15:57:58.000000Z,MU,2026-09-23T15:57:00.000000Z,1075.6617,6377,-93488975215.27,-565448723780.96,-1333637115322.01,262925364.81,879490732.82,-286941358.85,4726407.41,182123730.39,53279921.76
2026-09-23T15:58:59.347000Z,MU,2026-09-23T15:58:00.000000Z,1075.825,6377,-93119162166.92,-550735735309.4,-1344648224746.1,258893627.86,852438893.34,-156986980.78,4754638.07,176790098.73,53228163.44
2026-09-23T15:59:58.130000Z,MU,2026-09-23T15:59:00.000000Z,1076.48,6377,-91831994923.9,-559153596082.57,-1353678494319.95,263878424.52,866149088.35,-151494943.41,4658947.34,175941181.85,53263982.19
2026-09-23T16:00:58.000000Z,MU,2026-09-23T16:00:00.000000Z,1075.98,6377,-92835359332.74,-554208720052.73,-1368200655486.06,263758944.54,865031745.8,-62695481.07,4650392.7,175075225.69,53643686.53
2026-09-23T16:01:59.285000Z,MU,2026-09-23T16:01:00.000000Z,1075.33,6377,-92677641312.49,-569108126631.69,-1365151366623.02,271759423.44,883081537.14,-127002135.1,4556402.67,178576544.02,53004915.39
2026-09-23T16:02:58.000000Z,MU,2026-09-23T16:02:00.000000Z,1075.62,6377,-92859257548.36,-569261606360.45,-1366584736044.13,269590253.1,883557908.45,-125585621.29,4571048.31,178624703.37,53072636.25
2026-09-23T16:03:58.000000Z,MU,2026-09-23T16:03:00.000000Z,1075.2199,6377,-96951153151.2,-578962025723.7,-1392257497746.99,261408361.33,879421274.05,-243582395.08,4731691.88,180892769.76,53961201.54
2026-09-23T16:04:58.000000Z,MU,2026-09-23T16:04:00.000000Z,1075.87,6377,-96761782949.82,-586089571341.81,-1407790937618.55,255427324.32,888757764.7,-168513345.96,4682170.13,180715078.98,54501668.72
2026-09-23T16:05:58.000000Z,MU,2026-09-23T16:05:00.000000Z,1076.17,6377,-95960513373.74,-586252998959.83,-1411035930128.91,259213320.55,889253483.52,-164757615.58,4666329.36,180765470.31,54629639.11
2026-09-23T16:06:58.000000Z,MU,2026-09-23T16:06:00.000000Z,1076.12,6377,-96202181877.5,-568376005115.63,-1417038645186.93,265340773.04,863991741.41,-11105839.71,4706276.33,175563777.73,54629671.16
2026-09-23T16:07:58.000000Z,MU,2026-09-23T16:07:00.000000Z,1076.01,6377,-98518428054.14,-577330155969.08,-1430555053203.14,266036183.27,874847620.53,13183837.67,4668040.21,175857366.86,54920281.05
2026-09-23T16:08:58.000000Z,MU,2026-09-23T16:08:00.000000Z,1075.775,6377,-98254073476.25,-574621947871.04,-1434906408862.49,263348009.84,861191342.38,-60069642.91,4678976.35,176701975.08,54944219.29
2026-09-23T16:09:58.000000Z,MU,2026-09-23T16:09:00.000000Z,1075.685,6377,-99847214303.29,-590440447298.82,-1449402080141.85,267324216.59,876971603.05,-142151900.34,4711745.07,180228021.35,55419341.96
2026-09-23T16:10:58.000000Z,MU,2026-09-23T16:10:00.000000Z,1075.27,6377,-96499623909.23,-607479482890.96,-1447555132229.07,271518276.99,890293903.23,-248730470.38,4411685.09,182577255.59,54381139.98
2026-09-23T16:11:58.000000Z,MU,2026-09-23T16:11:00.000000Z,1074.4384,6377,-102899531963.13,-607786474573.13,-1465976592287.32,275682471.88,887534636,-283314483.78,4508743.41,183321242.54,53775599.78
2026-09-23T16:12:58.000000Z,MU,2026-09-23T16:12:00.000000Z,1075,6377,-102210558174.53,-608104159499.62,-1469808897105.21,277229293.68,888462692.4,-289256149.09,4494374.56,183417063.03,53903778.16
2026-09-23T16:13:58.000000Z,MU,2026-09-23T16:13:00.000000Z,1075.0165,6377,-105279760939.82,-619032293883.04,-1504282411842.29,272784809.62,882625899.4,-354284369.38,4783681.71,182308054.64,56135826.21
2026-09-23T16:14:58.000000Z,MU,2026-09-23T16:14:00.000000Z,1074.98,6377,-105974861260.99,-614656698402.34,-1534780743976.62,278443955.22,876012530.6,-332708636.39,4804837.84,181705845.21,56707464.62
2026-09-23T16:15:58.000000Z,MU,2026-09-23T16:15:00.000000Z,1075.7491,6377,-104971986387.2,-601341188887.49,-1570021343262.74,279744742.6,860964721.03,-178980791.96,4835818.67,178145641.48,57928269.8
2026-09-23T16:16:58.000000Z,MU,2026-09-23T16:16:00.000000Z,1075.35,6377,-104000664392.18,-601118092936.5,-1572628984444.42,280718411.29,860326008.37,-176731184.52,4811232.08,178079549.93,58031590.1
2026-09-23T16:17:58.000000Z,MU,2026-09-23T16:17:00.000000Z,1076,6377,-102794434916.52,-623516888605.75,-1580887701389.65,286966517.08,892618428.8,-172801802.61,4686545.44,180614934.93,58047195.69
2026-09-23T16:18:58.000000Z,MU,2026-09-23T16:18:00.000000Z,1075.8685,6377,-92467257054.37,-619414778592.9,-1599442418144.15,290944467.72,891738050.92,-132449777.46,4513583.39,180260677.35,58095105.01
2026-09-23T16:19:58.000000Z,MU,2026-09-23T16:19:00.000000Z,1075.51,6377,-87655056199.82,-616295530770.55,-1619044217161.7,295958250.27,878372859.17,-100786355.3,4494487.53,179285495.78,58216464.15
2026-09-23T16:20:58.000000Z,MU,2026-09-23T16:20:00.000000Z,1074.74,6377,-85392403125.85,-636722060996.29,-1663366016851.86,289730440.61,890692127.27,-225835829.46,4509669.01,181353808.81,58970928.08
2026-09-23T16:21:58.000000Z,MU,2026-09-23T16:21:00.000000Z,1073.58,6377,-76005916933.9,-636034827255.33,-1675459536903.83,291094559.87,888770461.97,-209929395.42,4410527.69,181158068.05,59191224.98
2026-09-23T16:22:58.000000Z,MU,2026-09-23T16:22:00.000000Z,1073.32,6377,-76386487515.56,-647615747944.66,-1659256449735.21,276727445.14,885990691.37,-409611024.86,4195299.09,184773373.99,56805939.77
2026-09-23T16:23:58.000000Z,MU,2026-09-23T16:23:00.000000Z,1072.6258,6377,-75008699461.87,-650444852631.78,-1690413389681.14,248057282.87,867467894.44,-553134526.94,4367456.16,183855712.27,58741097.59
2026-09-23T16:24:58.000000Z,MU,2026-09-23T16:24:00.000000Z,1072.39,6377,-78229907732.14,-651084942723.49,-1703188118534.63,247888741.87,865532823.57,-511927438.09,4540425.41,184611677.54,59218447.36
2026-09-23T16:25:58.000000Z,MU,2026-09-23T16:25:00.000000Z,1073.82,6377,-80019433728.06,-651953145026.84,-1715161556562.86,242969644.42,867842686.89,-505286183.01,4580104.8,184857851.7,59585874.46
2026-09-23T16:26:58.000000Z,MU,2026-09-23T16:26:00.000000Z,1072.64,6377,-77372690911.73,-639624890732.99,-1734575943127.94,246434671.11,849040259.19,-520430794.05,4456518.86,183099352.66,59462521.86
2026-09-23T16:27:58.000000Z,MU,2026-09-23T16:27:00.000000Z,1072.85,6377,-73915296086.64,-659458171827.44,-1709315827601.9,257499910.46,866714752.41,-581053620.48,4084628.71,183513963.55,56017650.89
2026-09-23T16:28:58.000000Z,MU,2026-09-23T16:28:00.000000Z,1072.39,6377,-77163017712.46,-660518130376.72,-1727718945452.26,254759696.19,859500611.87,-628526205.97,4237773.91,183859115.04,56655564
2026-09-23T16:29:58.000000Z,MU,2026-09-23T16:29:00.000000Z,1072.92,6377,-78661709075.6,-667598313263.13,-1756019722668.78,242604557.93,850968185.72,-747020794.27,4445838,184009798.25,58387491.26
2026-09-23T16:30:58.000000Z,MU,2026-09-23T16:30:00.000000Z,1073.9765,6377,-74017789548.86,-648992116081.45,-1787710462244.15,236176216.59,843933001.18,-578274286.42,4420308.82,183042045.85,60513333.41
2026-09-23T16:31:58.000000Z,MU,2026-09-23T16:31:00.000000Z,1074.594,6377,-75972516109.83,-665799425993.48,-1795037070559.77,238917027.25,861872802.68,-505784074.11,4460424.62,184513150.16,59887212.09
2026-09-23T16:32:58.000000Z,MU,2026-09-23T16:32:00.000000Z,1074.8,6377,-78192128699.38,-654385335034.41,-1819085892145.98,236506198.35,844053639.43,-394249604.57,4588825.78,180606019.42,60707184.2
2026-09-23T16:33:58.000000Z,MU,2026-09-23T16:33:00.000000Z,1074.03,6377,-81392504182.56,-649750133009.36,-1830457531274.43,230352935.9,842423976.79,-389999582.42,4676706.35,182947858.85,60786859.07
2026-09-23T16:34:58.000000Z,MU,2026-09-23T16:34:00.000000Z,1073.34,6377,-82797522836.23,-668786062302.27,-1841875296951.52,228432222.81,867669553.96,-343853421.29,4689971.43,183382253.78,60675424.7
2026-09-23T16:35:58.000000Z,MU,2026-09-23T16:35:00.000000Z,1073.165,6377,-84022515100.58,-675956391285.77,-1863743761241.32,224671114.3,867519280.94,-452584936.18,4748409.66,183845283.86,61344759.04
2026-09-23T16:36:58.000000Z,MU,2026-09-23T16:36:00.000000Z,1073.3,6377,-85285017666,-681554494638.96,-1869434798764.27,227766209.99,858961492.76,-495304077.2,4736922.28,182027249.52,60326851.11
2026-09-23T16:37:57.147000Z,MU,2026-09-23T16:37:00.000000Z,1073.66,6377,-84554975122.01,-681056011113.85,-1889445789150.58,224284193.78,869113968.73,-390047428.95,4720421.15,182892466.69,61182687.85
2026-09-23T16:38:58.077000Z,MU,2026-09-23T16:38:00.000000Z,1072.73,6377,-84615705994.1,-677648065849.14,-1892831335441.3,235847128.65,863904526.65,-344261305.89,4648759.85,182220413.76,60540007.75
2026-09-23T16:39:58.117000Z,MU,2026-09-23T16:39:00.000000Z,1071.55,6377,-86468452753.47,-692301570357.02,-1898026360969.87,231946009.91,861314004.55,-549604399.2,4640376.82,183294945.83,59927629.29
2026-09-23T16:40:58.000000Z,MU,2026-09-23T16:40:00.000000Z,1070.45,6377,-90588444031.73,-697138396041.42,-1877656266541.12,203695807.61,829797050.82,-841762531.44,4800065.88,183455308.06,57947530.03
2026-09-23T16:41:58.000000Z,MU,2026-09-23T16:41:00.000000Z,1070.18,6377,-96648460528.6,-703963184389.1,-1898373400383.73,177852861.99,820808189.04,-932584030.02,4990572.56,183118627.8,58130085.59
2026-09-23T16:42:58.000000Z,MU,2026-09-23T16:42:00.000000Z,1069.5,6377,-98369962946.57,-698783933202.48,-1922869468616.53,167192922.76,803981259.01,-1036940502.49,5026746.87,182775695.9,58810273.13
2026-09-23T16:43:58.000000Z,MU,2026-09-23T16:43:00.000000Z,1069.2,6377,-100379561529.08,-697032786262.29,-1932052482452.59,178304887.68,799025326.06,-1042209194.61,5057208.44,183773632.14,58851984.3
2026-09-23T16:44:58.000000Z,MU,2026-09-23T16:44:00.000000Z,1069.7099,6377,-103592666138.97,-710527160669.16,-1956239583252.79,195731364.33,800378937.56,-1166440467.42,5152277.5,184857589.78,59299073.53
2026-09-23T16:45:58.000000Z,MU,2026-09-23T16:45:00.000000Z,1069.92,6377,-103542755649.67,-689723048336.71,-1964669286573.77,214116752.63,786860164.28,-1085139001.36,5083535.21,182204106.43,58708970.11
2026-09-23T16:46:58.000000Z,MU,2026-09-23T16:46:00.000000Z,1070.58,6377,-102698930228.01,-687966604817.13,-2000288458527.45,215411529.01,774008067.21,-1076863448.91,5127069.28,181115822.62,60017155.62
2026-09-23T16:47:58.000000Z,MU,2026-09-23T16:47:00.000000Z,1070.6009,6377,-97770368118.89,-692506664501.18,-1982464922014.73,218409931.44,799818080.58,-985222930.54,4740423.42,181493088.27,56881743.38
2026-09-23T16:48:58.000000Z,MU,2026-09-23T16:48:00.000000Z,1070.3999,6377,-104205825558.29,-713271703038.11,-2020543692449.82,215895669.58,813594825.08,-996486846.67,4882447.09,179925364.21,58333960.89
2026-09-23T16:49:58.000000Z,MU,2026-09-23T16:49:00.000000Z,1069.5,6377,-104550715082.67,-718773818229.81,-2023891884178.39,213670494.58,814462259.59,-1022768777.5,4746175.22,179884419.67,56396785.27
2026-09-23T16:50:58.000000Z,MU,2026-09-23T16:50:00.000000Z,1068.46,6377,-106229794941.16,-724290203192.63,-2019290645338.05,189490372.66,796327595.28,-1273873517.67,4799258.54,181508527.98,55852688.47
2026-09-23T16:51:58.000000Z,MU,2026-09-23T16:51:00.000000Z,1067.3,6377,-108243901186.28,-737663320041.66,-2000914423057.43,174046032.89,779104964.91,-1350371738.45,4889796.37,182496714.5,54953105.97
2026-09-23T16:52:58.000000Z,MU,2026-09-23T16:52:00.000000Z,1067.99,6377,-111950461983.16,-738140212846.71,-2012472488475.42,171215077.25,780112659.46,-1362463615.97,4896257.25,182614697.01,55283783.84
2026-09-23T16:53:58.000000Z,MU,2026-09-23T16:53:00.000000Z,1068.29,6377,-111604852410.84,-716973425656.97,-1977403216044.96,176694982.57,773129052.42,-1285170488.76,4903625.75,182204765.77,51267097.39
2026-09-23T16:54:58.000000Z,MU,2026-09-23T16:54:00.000000Z,1067.42,6377,-116432117168.88,-714474787314.4,-2067807257196.57,172673362.15,747685974.67,-1357710084.42,5102247.84,180597593.28,56302085.11
2026-09-23T16:55:58.000000Z,MU,2026-09-23T16:55:00.000000Z,1067.53,6377,-116152285939.91,-724016777212.41,-2115536395832.72,177445891.82,748599289.64,-1405511312.03,5231911.38,181670893.56,58746935.74
2026-09-23T16:56:58.000000Z,MU,2026-09-23T16:56:00.000000Z,1067.7,6377,-118844205214.52,-717610250109.32,-2123840471254.57,172373820.51,724488542.64,-1501238782.59,5379179.01,180389728.56,57997737.13
2026-09-23T16:57:58.000000Z,MU,2026-09-23T16:57:00.000000Z,1065.575,6377,-120924269546.62,-721998445242.91,-2130817150962.36,161246822.35,736008865.19,-1422019015.69,5424397.12,180709121.13,58212823.18
2026-09-23T16:58:58.000000Z,MU,2026-09-23T16:58:00.000000Z,1065.815,6377,-119921628900.59,-742974396461.85,-2112278642677.28,118449950.02,717304363.83,-1706155535.71,5303053.06,182980054.57,56142314.48
2026-09-23T16:59:58.000000Z,MU,2026-09-23T16:59:00.000000Z,1065.605,6377,-121540765933.78,-721461952056.21,-2108091365412.9,142343191.22,710272899.21,-1616457850.76,5134591.13,180926637.1,54742237.2
2026-09-23T17:00:58.000000Z,MU,2026-09-23T17:00:00.000000Z,1065.4436,6377,-122757853868.72,-724756444598.49,-2141130362616.21,142017128.48,710521877.85,-1666720821.43,5232707.45,180123603.67,55735083.77
2026-09-23T17:01:58.000000Z,MU,2026-09-23T17:01:00.000000Z,1065.725,6377,-121618739570.25,-724947863894.18,-2144713087568.12,145156642.25,710897246.87,-1672957494.35,5213740.03,180171177.07,55856069.77
2026-09-23T17:02:58.000000Z,MU,2026-09-23T17:02:00.000000Z,1065.005,6377,-122511250904.59,-739996687657.98,-2141636280227.36,120943254.51,725753829.51,-1710381518.78,5216012.42,181712320.9,54633674.74
2026-09-23T17:03:58.000000Z,MU,2026-09-23T17:03:00.000000Z,1065.01,6377,-123198170998.06,-748272560150.07,-2204676090252.93,105019734.02,705438757.12,-1810185335.1,5379983.63,183115079.12,58325485.62
2026-09-23T17:04:58.000000Z,MU,2026-09-23T17:04:00.000000Z,1065.8107,6377,-118876256466.08,-743813589640.9,-2144728441428.43,125415515.25,731980044.6,-1588692460.01,5101012.86,180315930.12,52239758.01
2026-09-23T17:05:58.000000Z,MU,2026-09-23T17:05:00.000000Z,1066.23,6377,-117666063319.22,-736728557644.5,-2257744492608.97,115899429.53,685918194.54,-1760389005.06,5290899.62,180522081.98,58475319.99
2026-09-23T17:06:58.000000Z,MU,2026-09-23T17:06:00.000000Z,1066.3,6377,-117896431376.2,-738520453833,-2271428033792.19,137451224.17,689604461.16,-1727861982.25,5340743.03,178231996.07,58386529.75
2026-09-23T17:07:58.000000Z,MU,2026-09-23T17:07:00.000000Z,1066.67,6377,-115012319384.44,-747351351456.75,-2243714799177.48,127567325.46,715896310.64,-1627282701.21,5081089.65,179578006.61,55126921.92
2026-09-23T17:08:58.000000Z,MU,2026-09-23T17:08:00.000000Z,1067.0301,6377,-111480900300.68,-753049736701.1,-2306299126380.73,124693846.95,723951056.73,-1596561522.82,4991767.54,180886483.6,57855685.58
2026-09-23T17:09:58.000000Z,MU,2026-09-23T17:09:00.000000Z,1067.645,6377,-116081346738.85,-756043769329.42,-2382156186239.06,127125970.1,710341801.35,-1622367996.71,5219841.69,178203235.35,60664345.63
2026-09-23T17:10:58.000000Z,MU,2026-09-23T17:10:00.000000Z,1066.7,6377,-114429545134.06,-758318678126.04,-2357115373282.38,133100714.61,713833892.7,-1705001945.19,5048776.45,178210318.95,58385851.87
2026-09-23T17:11:58.000000Z,MU,2026-09-23T17:11:00.000000Z,1067.1499,6377,-118901811538.94,-762606962315.28,-2411859420103.68,138656203.23,711087189.89,-1602226716.76,5258450.33,177280109.34,60457578.74
2026-09-23T17:12:58.000000Z,MU,2026-09-23T17:12:00.000000Z,1067.05,6377,-118973459749.54,-764777002344.94,-2446691822378.25,131862195.83,715324802.92,-1553537081.43,5274313.37,177947480.68,61593365.23
2026-09-23T17:13:58.000000Z,MU,2026-09-23T17:13:00.000000Z,1066.83,6377,-121243626957.6,-753862030563.53,-2457566049689.99,137008897.01,717758076.62,-1429496702.31,5254870.24,176154464.99,61081124.79
2026-09-23T17:14:59.000000Z,MU,2026-09-23T17:14:00.000000Z,1066.57,6377,-122021985312.26,-759360870404.88,-2465282695010.26,126159806.25,713039220.83,-1567954479.59,5253475.62,177576507.83,60548375.65
2026-09-23T17:15:58.000000Z,MU,2026-09-23T17:15:00.000000Z,1067.96,6377,-118705948677.17,-775719062364.19,-2478732171167.89,125602665.84,732405986.92,-1537825264.85,5120937.49,179251670.96,60236538.29
2026-09-23T17:16:58.000000Z,MU,2026-09-23T17:16:00.000000Z,1068.59,6377,-118156111979.38,-776176666590.27,-2483417667770.43,122177015.51,733270348.63,-1540048376.14,5093752.52,179357413.26,60416653.17
2026-09-23T17:17:58.000000Z,MU,2026-09-23T17:17:00.000000Z,1069.94,6377,-120945605823.35,-781436667171.41,-2592137065666.83,123730028.05,726755812.93,-1388658180.87,5220349.29,176324647.23,63552508.17
2026-09-23T17:18:58.000000Z,MU,2026-09-23T17:18:00.000000Z,1069.7732,6377,-116960921185.94,-785101697651.7,-2617384742083.95,133269713.42,741944660.04,-1175390622.44,5042510.45,176254743.76,64177657.48
2026-09-23T17:19:58.000000Z,MU,2026-09-23T17:19:00.000000Z,1071.19,6377,-109805997793.77,-786141480743.33,-2636582527128.32,128873784.59,743911213.86,-1117790117.85,4906508.05,176488174.28,64627250.33
2026-09-23T17:20:58.000000Z,MU,2026-09-23T17:20:00.000000Z,1071.815,6377,-109559420601.23,-792365720788.4,-2707605432334.82,136945182.24,773531863.37,-553750750.02,4894746.53,174997601.06,66003422.05
2026-09-23T17:21:58.000000Z,MU,2026-09-23T17:21:00.000000Z,1070.9,6377,-113078166268.56,-791689284430.89,-2712351283594.48,146518306.56,772211711.03,-536607814.67,4970759.63,174848206.99,66131227.9
2026-09-23T17:22:58.000000Z,MU,2026-09-23T17:22:00.000000Z,1070.7,6377,-111987728841.15,-794609984270.94,-2742490466674.15,166004853.97,784775987.03,-439447603.19,4918146.04,175599737.68,66174427.94
2026-09-23T17:23:58.000000Z,MU,2026-09-23T17:23:00.000000Z,1070.04,6377,-115862567889.51,-810047341278.84,-2787344204390.93,151056740.01,784497864.47,-749472965.05,5031297.39,179806810.97,66820117.28
2026-09-23T17:24:58.000000Z,MU,2026-09-23T17:24:00.000000Z,1068.965,6377,-115655011800.96,-809233539092.12,-2790202534545.16,142764660.73,782922387.7,-744433816.49,5018376.43,179626170.69,66931363.58
2026-09-23T17:25:58.000000Z,MU,2026-09-23T17:25:00.000000Z,1069.32,6377,-117869638433.76,-820761939508.62,-2773202826934.59,143655689.87,799274661.1,-814152084.75,4906429.92,181402689.84,64436623.23
2026-09-23T17:26:58.000000Z,MU,2026-09-23T17:26:00.000000Z,1069.04,6377,-124280631255.27,-819577412076.71,-2833359392584.39,114443811.17,766642862.73,-1033387785.41,5109339.39,183024742.06,65919110.2
2026-09-23T17:27:58.000000Z,MU,2026-09-23T17:27:00.000000Z,1068.085,6377,-120998497419.26,-844170604562.63,-2771193774909.14,122747099.81,789079263.35,-1115062873.62,4815868.6,184199709.87,60692241.04
2026-09-23T17:28:58.000000Z,MU,2026-09-23T17:28:00.000000Z,1068.195,6377,-126484672155.77,-848301499624.61,-2839738638870.77,113306873.1,765325404.85,-1371204259.35,5057250.82,184246608.28,63973748.53
2026-09-23T17:29:58.000000Z,MU,2026-09-23T17:29:00.000000Z,1068.03,6377,-130532894476.58,-835500150395.68,-2901288818037.59,108140992.1,740546504.77,-1323096354.26,5163032.11,183478191.11,65899526.35
2026-09-23T17:30:58.000000Z,MU,2026-09-23T17:30:00.000000Z,1068.2,6377,-131266139692.48,-858127761653.64,-2954141077785.44,107749811.06,744670582.56,-1372720237.13,5185051.25,183226229.82,66568072.06
2026-09-23T17:31:58.000000Z,MU,2026-09-23T17:31:00.000000Z,1069.65,6377,-127697200003.36,-849334177392.51,-2993012196107.2,108670849.72,746657448.17,-1300247824.39,5083785.38,181421128.91,66954862.77
2026-09-23T17:32:58.000000Z,MU,2026-09-23T17:32:00.000000Z,1069.675,6377,-129564382429.45,-851676799826.72,-3013441267718.69,130816351.34,766732303.77,-946206156.91,5172948,179940862.5,67281459.13
2026-09-23T17:33:58.000000Z,MU,2026-09-23T17:33:00.000000Z,1070.6657,6377,-129965286861.77,-864975077634.28,-3068621609366.31,130659390.59,779169347.13,-800766332.25,5150590.28,179806000.4,68293545.7
2026-09-23T17:34:58.000000Z,MU,2026-09-23T17:34:00.000000Z,1070.63,6377,-130228972766.22,-856983180453,-3079955802218.67,145317582.36,754449540.98,-730266290.05,5117223.08,176121036.42,67496116.45
2026-09-23T17:35:58.000000Z,MU,2026-09-23T17:35:00.000000Z,1069.905,6377,-132403918258.49,-864082763420.75,-3107237862830.97,141835867.25,762706902.12,-763863993.61,5170622.39,177594122.69,67673486.53
2026-09-23T17:36:58.000000Z,MU,2026-09-23T17:36:00.000000Z,1070.29,6377,-136392223356.59,-867984781131.25,-3149898979804.93,138326435.67,761897927.78,-775041287.37,5290466.2,177911234.91,68642608.86
2026-09-23T17:37:58.000000Z,MU,2026-09-23T17:37:00.000000Z,1070.73,6377,-136499341033.66,-878913955528.89,-3184296335508.18,141343713.86,773259353.35,-708902137.33,5272276.39,178286276.26,69066780.43
2026-09-23T17:38:58.000000Z,MU,2026-09-23T17:38:00.000000Z,1070.6,6377,-134358966894.87,-873938036010.85,-3159886167422.8,152465029.39,785341123.31,-634795762.93,5187524.52,179435771.12,67682330.51
2026-09-23T17:39:58.000000Z,MU,2026-09-23T17:39:00.000000Z,1070.1184,6377,-135764539164.69,-872425201619.64,-3216296294321.86,149252378.43,778362384.22,-616820797.78,5191957.96,178971568.57,69171243.81
2026-09-23T17:40:58.000000Z,MU,2026-09-23T17:40:00.000000Z,1070.27,6377,-136894013733.38,-872548795102.91,-3218632333438.16,150363462.26,778582935.7,-608731260.2,5193076.52,178996922.85,69283919.31
2026-09-23T17:41:58.000000Z,MU,2026-09-23T17:41:00.000000Z,1070.565,6377,-137996922241.79,-896871180433.71,-3266037326917.45,140770614.83,779645409.54,-767660888.1,5195630.02,180976739.49,69424209.9
2026-09-23T17:42:58.000000Z,MU,2026-09-23T17:42:00.000000Z,1071.91,6377,-135561433121.46,-903809100329.24,-3282886904103.29,153388796.17,775248708.01,-723455659.4,5027484.51,178837553.5,68532340.22
2026-09-23T17:43:58.000000Z,MU,2026-09-23T17:43:00.000000Z,1074.038,6377,-130996819916.41,-909941725959.88,-3349397529464.62,138553662.61,784164970.26,-451192379.69,4949212.79,177638314.05,70418035.12
2026-09-23T17:44:58.000000Z,MU,2026-09-23T17:44:00.000000Z,1073.655,6377,-133772374727.1,-915312692661.24,-3421692960086.07,175947993.43,807031146.8,343844199.24,5019201.95,174688320.5,71878341.95
2026-09-23T17:45:58.000000Z,MU,2026-09-23T17:45:00.000000Z,1073,6377,-140489716108.94,-916992268021.1,-3449662000297.69,196056274.32,805810293.01,464719567.85,5097344.62,173926365.48,70695074.77
2026-09-23T17:46:58.000000Z,MU,2026-09-23T17:46:00.000000Z,1072.34,6377,-140037479050.57,-916428228042.64,-3451618217453.21,198504602.88,804819293.51,471018369.6,5078322.72,173819383.75,70799392.33
2026-09-23T17:47:58.000000Z,MU,2026-09-23T17:47:00.000000Z,1072.47,6377,-138780436917.12,-950092868375.56,-3486075182473.22,170542488.09,809226603.44,-71948389.52,4971405.5,179731570.78,70193112.59
2026-09-23T17:48:58.000000Z,MU,2026-09-23T17:48:00.000000Z,1073,6377,-134408380479.74,-936566721900.79,-3465593552396.95,181408460.94,811702530.42,-25602734.36,4743438.38,179476402.1,67344934.1
2026-09-23T17:49:58.000000Z,MU,2026-09-23T17:49:00.000000Z,1073.155,6377,-135950618006.81,-953579001362.9,-3553646879434.25,182060004.3,803574584.5,-2607324.71,4840017.1,179307758.26,70136185.45
2026-09-23T17:50:58.000000Z,MU,2026-09-23T17:50:00.000000Z,1072.83,6377,-139240925621.44,-933486647500.87,-3595695916559.27,182194677.15,804995631.21,308386223.34,4901189.19,176938790.15,71403931.24
2026-09-23T17:51:57.091000Z,MU,2026-09-23T17:51:00.000000Z,1073.77,6377,-135964778672.82,-932509896869.89,-3649890789758.78,202832035.99,806427357.63,322740113.96,4744143.05,175895012.61,71204843.22
2026-09-23T17:52:58.230000Z,MU,2026-09-23T17:52:00.000000Z,1074.045,6377,-139562895753.37,-986959379893.07,-3739580029779.5,184316446.32,809735229.05,576684841.44,4869042.76,174665323.78,71521951.99
2026-09-23T17:53:58.000000Z,MU,2026-09-23T17:53:00.000000Z,1073.71,6377,-142920695794.54,-935318123083.05,-3724000885974.02,162977892.91,808193114.5,664083530.51,4891219.77,174378851.18,71960687.78
2026-09-23T17:54:58.000000Z,MU,2026-09-23T17:54:00.000000Z,1074.395,6377,-142882725414.41,-935914832543.06,-3730851051305.78,166221186.98,809224657.25,676825666.55,4905802.04,174490100.51,72131721.16
2026-09-23T17:55:58.000000Z,MU,2026-09-23T17:55:00.000000Z,1074.34,6377,-141558212273.34,-926451207498.96,-3763211437655.91,162159697.88,809499814.22,699032572.93,4881986.21,174928013.85,72469661.46
2026-09-23T17:56:58.000000Z,MU,2026-09-23T17:56:00.000000Z,1074.845,6377,-140862571114.28,-940652524822.5,-3826541205523.87,168401683.74,813099446.33,734859153.26,4829819.53,176215688.31,73141697.08
2026-09-23T17:57:58.000000Z,MU,2026-09-23T17:57:00.000000Z,1075.245,6377,-136327369204.96,-942581665421.75,-3824410733477.94,181108294.63,821691981.34,839845992.6,4603021.16,176384317.97,71683899.83
2026-09-23T17:58:58.000000Z,MU,2026-09-23T17:58:00.000000Z,1075.08,6377,-142156188931.69,-946548189619.57,-3884276615420.39,165630405.1,815620530.64,1146524610.01,4815563.98,174796236.31,72849119.68
2026-09-23T17:59:58.000000Z,MU,2026-09-23T17:59:00.000000Z,1075.48,6377,-137234178398.98,-979083245244.18,-3933764823700.44,173596710.41,829810179.05,1048550090.34,4596289.49,175437110.67,72107169.25
2026-09-23T18:00:58.000000Z,MU,2026-09-23T18:00:00.000000Z,1075.691,6377,-138173805113.86,-980736007727.94,-3973754083901.34,182674156.78,830402901.49,1345708418.48,4670316.41,174129573.97,72218093.99
2026-09-23T18:01:58.000000Z,MU,2026-09-23T18:01:00.000000Z,1075.105,6377,-137665231570.81,-980201735989.56,-3979015919541.14,183690627.17,829498397.22,1365277916.01,4694579.61,174034714.08,72330911.17
2026-09-23T18:02:58.000000Z,MU,2026-09-23T18:02:00.000000Z,1073.97,6377,-143875422334.28,-979569066930.27,-4051570642778.65,186511698.64,817341856.48,1269255275.05,4770460.66,173446335.66,73187032.97
2026-09-23T18:03:58.000000Z,MU,2026-09-23T18:03:00.000000Z,1072.64,6377,-146623384345.01,-978355972654.81,-4057625753544.37,188024501.68,815318724.43,1294176685.31,4815224.49,173231540.44,73315766.73
2026-09-23T18:04:58.000000Z,MU,2026-09-23T18:04:00.000000Z,1071.9,6377,-158402807539.19,-990479539340.61,-4149315875389.88,175270261.05,822385911.35,725173548.31,4892211.14,179976714.02,74185326.41
2026-09-23T18:05:58.000000Z,MU,2026-09-23T18:05:00.000000Z,1072.37,6377,-164382431739.65,-1030123401498.51,-4227592647821.53,179609215.13,816609555.63,193504086.97,4862518.48,181545837.56,74004288.81
2026-09-23T18:06:58.000000Z,MU,2026-09-23T18:06:00.000000Z,1072.9344,6377,-166272279600.59,-1037649768577.73,-4300518887582.6,177102605.39,803882255.64,375107276.67,4800154.94,179118782.07,72483812.49
2026-09-23T18:07:58.000000Z,MU,2026-09-23T18:07:00.000000Z,1073.11,6377,-167610815033.72,-1037819593778,-4305073344046.22,181249618.31,804145409.24,381525533.6,4795440.45,179148097.24,72617591.36
2026-09-23T18:08:58.000000Z,MU,2026-09-23T18:08:00.000000Z,1073.32,6377,-171820273305.9,-1046073640498.09,-4392865310887.56,191031561.65,804511678.9,647844115.35,4943046.95,178418373.35,75026387.5
2026-09-23T18:09:58.000000Z,MU,2026-09-23T18:09:00.000000Z,1072.94,6377,-177129185678.87,-1071217222033.88,-4485434371541,201076794.42,806224262.81,783752446.78,5028736.14,176807050.48,76575506.18
2026-09-23T18:10:58.000000Z,MU,2026-09-23T18:10:00.000000Z,1072.5,6377,-185321542334.73,-1095132963402.09,-4548725913927.48,211480568.26,818660865.99,534484780.05,5180270.25,180055105.31,76858840.45
2026-09-23T18:11:58.000000Z,MU,2026-09-23T18:11:00.000000Z,1072.98,6377,-192407071959.99,-1092783156598.41,-4638346136637.17,207589449.94,799974132.94,693237794.36,5389122.69,179205486.69,78553181.54
2026-09-23T18:12:58.000000Z,MU,2026-09-23T18:12:00.000000Z,1072.8,6377,-192750589324.17,-1095696080190.54,-4676249524683.74,198320038.99,791921884.6,303794774.32,5376393.15,180963681.51,78761247.49
2026-09-23T18:13:58.000000Z,MU,2026-09-23T18:13:00.000000Z,1072.97,6377,-190060491710.65,-1094632292197.92,-4685722496142.5,199475965.49,815110451.37,482011038.59,5168967.81,180657287.66,78064707.26
2026-09-23T18:14:58.000000Z,MU,2026-09-23T18:14:00.000000Z,1072.7495,6377,-195771571876.78,-1099323527847.33,-4757095770872.52,213877927.34,796688477.91,447670843.39,5354708.62,180064708.57,78753628.98
2026-09-23T18:15:58.000000Z,MU,2026-09-23T18:15:00.000000Z,1073.045,6377,-196237239233.71,-1108809155021.61,-4811835593212.37,233213393.55,811754582.21,538557815.81,5169834.27,178846576.62,77862501.86
2026-09-23T18:16:58.000000Z,MU,2026-09-23T18:16:00.000000Z,1073.5,6377,-192005437059.51,-1123223688965.1,-4906756364041.04,237813146.17,797777277.09,508029677.15,5212361.97,178117869.06,78874235.21
2026-09-23T18:17:58.000000Z,MU,2026-09-23T18:17:00.000000Z,1073.81,6377,-198099895839.5,-1128117879009.73,-5011897300337.05,230962957.37,790037448.95,819925492.58,5416740.19,178477757.49,81068226.42
2026-09-23T18:18:58.000000Z,MU,2026-09-23T18:18:00.000000Z,1073.985,6377,-195711155328.03,-1136780706595.95,-4987727418274.73,189454137.45,808612170.23,769601122.12,5138084.64,178077579.99,78114972.75
2026-09-23T18:19:58.000000Z,MU,2026-09-23T18:19:00.000000Z,1072.91,6377,-206490461672.69,-1142923630075.4,-5093504062673.33,206768305.81,807305419.52,1186638334.22,5330475.65,176641303.91,80046932.8
2026-09-23T18:20:58.000000Z,MU,2026-09-23T18:20:00.000000Z,1072.3,6377,-211590939267.29,-1180903024555.06,-5211428872189.19,218111720.68,801568203.7,258758321.68,5426429.97,180843927.74,81952265.94
2026-09-23T18:21:58.000000Z,MU,2026-09-23T18:21:00.000000Z,1072.6,6377,-220427114247.94,-1184270686642.83,-5298297195803.68,197731286.79,800608788.16,305109865.16,5550894.12,181575682.25,82547380.43
2026-09-23T18:22:58.000000Z,MU,2026-09-23T18:22:00.000000Z,1073.11,6377,-231062547553.97,-1195313372477.36,-5398850611414.27,213806277.8,786643435.5,218797691.01,5731537.56,182094994.85,83755071.6
2026-09-23T18:23:58.000000Z,MU,2026-09-23T18:23:00.000000Z,1073.5536,6377,-220653944975.06,-1199775772060.86,-5388017575683.41,221374413.28,802575597.02,305574483.07,5346627.52,181013713.05,80706609.03
2026-09-23T18:24:58.000000Z,MU,2026-09-23T18:24:00.000000Z,1074.49,6377,-216379235845.14,-1218407910502.95,-5530847226732.42,248273456.84,795053088.55,499536855.89,5387207.96,179882397.48,83534531.33
2026-09-23T18:25:58.000000Z,MU,2026-09-23T18:25:00.000000Z,1073.93,6377,-215706216284.44,-1218007718625.08,-5561764167876.7,331759629.9,785168268.21,935654815.66,5256076.73,176667723.08,81965124.49
2026-09-23T18:26:58.000000Z,MU,2026-09-23T18:26:00.000000Z,1073.9,6377,-212734305274.75,-1249436768838.52,-5697368311009.63,324503772.62,806440990.41,960883474.92,5175150.52,177508620.4,83529032.2
2026-09-23T18:27:58.000000Z,MU,2026-09-23T18:27:00.000000Z,1074,6377,-229946638329.75,-1249283480421.51,-5736926861347.16,326502328.89,806966016.96,1060539999.97,5374861.32,178289642.82,82757175.07
2026-09-23T18:28:58.000000Z,MU,2026-09-23T18:28:00.000000Z,1073.87,6377,-247155217100.71,-1256565677036.59,-5831968052360.14,335851429.51,803323926.62,1377983360.33,5664363.28,176901376.54,83689057.15
2026-09-23T18:29:58.000000Z,MU,2026-09-23T18:29:00.000000Z,1073.89,6377,-257881910232.32,-1272229706541.78,-5953076252629.49,318689266.31,789079294.12,875954315.23,5779902.54,179509126.02,84936290.89
2026-09-23T18:30:58.000000Z,MU,2026-09-23T18:30:00.000000Z,1073.42,6377,-257186892715.26,-1247923743523.67,-6007445390051.12,307029422.8,796782917.35,920104416.95,5690338.37,179290499.81,84255355.49
2026-09-23T18:31:58.000000Z,MU,2026-09-23T18:31:00.000000Z,1073.725,6377,-262905949763.22,-1257471973103.19,-6051431839239.17,317577452.16,812238185.56,926432374.59,5658065.44,179912739.88,82383733.36
2026-09-23T18:32:58.000000Z,MU,2026-09-23T18:32:00.000000Z,1073.99,6377,-260028880937.15,-1275837133128.24,-6146433040740.51,301382194.07,803082693.11,581031573.36,5540479.74,180123325.52,83124900.39
2026-09-23T18:33:58.000000Z,MU,2026-09-23T18:33:00.000000Z,1074.065,6377,-257933951314.37,-1275926228729.67,-6152205463908.63,298165079.64,803194860.46,580919347.5,5523767.39,180135904.08,83189559.58
2026-09-23T18:34:58.000000Z,MU,2026-09-23T18:34:00.000000Z,1074.65,6377,-260796613282.18,-1275700805690.05,-6192416515709.93,323929706.37,803354916.03,1222667711.8,5533950.44,176484191.06,82074535.05
2026-09-23T18:35:58.000000Z,MU,2026-09-23T18:35:00.000000Z,1074.065,6377,-259121340459.24,-1319268527390.05,-6394002571531.64,342055009.58,811474880.28,1350790544.5,5355646.44,176127641.67,82727557.87
2026-09-23T18:36:58.000000Z,MU,2026-09-23T18:36:00.000000Z,1073.685,6377,-279409467831.91,-1331060771148.52,-6519926835523.89,338815732.37,797656108.42,1526599726.37,5765024.99,176812731.42,83680336.46
2026-09-23T18:37:58.000000Z,MU,2026-09-23T18:37:00.000000Z,1073.25,6377,-278559524940.69,-1330521496188.5,-6529532002938.29,349736167.54,797009903.77,1540298649.32,5711843.09,176741096.32,83814496.52
2026-09-23T18:38:58.000000Z,MU,2026-09-23T18:38:00.000000Z,1072.71,6377,-284420466553.15,-1443038485234.44,-6654398757038.84,338432297.29,822193513.54,1140572564.8,5404640.79,179122117.48,79532960.8
2026-09-23T18:39:58.000000Z,MU,2026-09-23T18:39:00.000000Z,1072.43,6377,-297836395082.3,-1219734622912.23,-6757126859009.39,292188117.55,797785111.1,283857215.01,5474202.48,180957229.3,83794652.07
2026-09-23T18:40:58.000000Z,MU,2026-09-23T18:40:00.000000Z,1072.69,6377,-293835560490.31,-1220030335454.73,-6767344681673.4,287515742.4,798171988.14,284118501.57,5413877.4,181001100.58,84001610.47
2026-09-23T18:41:58.000000Z,MU,2026-09-23T18:41:00.000000Z,1072.38,6377,-300930940811.8,-1228443332316.04,-6898217373267,288446095.16,803911693.58,381820258.9,5470619.96,180616075.14,84320893.65
2026-09-23T18:42:58.000000Z,MU,2026-09-23T18:42:00.000000Z,1072.56,6377,-298797404542.59,-1186932223752.49,-6881884372519.14,288888842.51,809058845.64,229322120.89,5287690.9,180762529.79,82328121.81
2026-09-23T18:43:58.000000Z,MU,2026-09-23T18:43:00.000000Z,1072.88,6377,-299421189171.81,-1185510265040.99,-6925716501959.06,304137796.24,817816702.82,542490896.52,5277912.75,179796276.23,81377711.56
2026-09-23T18:44:58.000000Z,MU,2026-09-23T18:44:00.000000Z,1071.8501,6377,-298880707813.57,-1184372246789.21,-6927845777986.68,319965500.98,816247347.14,548645922.22,5284171.32,179623682.66,81422279.53
2026-09-23T18:45:58.000000Z,MU,2026-09-23T18:45:00.000000Z,1072.38,6377,-306845645787.28,-1218121562639.5,-7124272089961.75,278022841.85,819453100.69,-96127974.56,5218183.05,180938324.23,80312480.86
2026-09-23T18:46:58.000000Z,MU,2026-09-23T18:46:00.000000Z,1071.7,6377,-327590579877.82,-1234047623807.59,-7250644378459.53,300099310.95,781053344.62,-270852031.76,5569307.7,180826900.15,82925270.12
2026-09-23T18:47:58.000000Z,MU,2026-09-23T18:47:00.000000Z,1071.2,6377,-343764003349.93,-1258313533380.91,-7365130347733.19,304944295.32,804861978.53,197854188.04,5751626.09,180133302.53,82380606.73
2026-09-23T18:48:58.000000Z,MU,2026-09-23T18:48:00.000000Z,1071.94,6377,-342497478982.61,-1263131647855.57,-7441794185807.07,268180954.32,818975956.29,-154650868.96,5566190.77,181203962.27,80696272.84
2026-09-23T18:49:58.000000Z,MU,2026-09-23T18:49:00.000000Z,1072.606,6377,-346979607408.91,-1313388580363.47,-7858950014331.33,286350820.05,779547116.32,-57242292.3,5707753.71,180167287.03,85783476.48
2026-09-23T18:50:58.000000Z,MU,2026-09-23T18:50:00.000000Z,1073,6377,-342904112297.67,-1313871026947.45,-7871868169469.88,286336055.19,780119923.06,-46187521.84,5685709.25,180233467.82,85941081.11
2026-09-23T18:51:58.000000Z,MU,2026-09-23T18:51:00.000000Z,1072.56,6377,-341696008821.19,-1298248896586.92,-7975911280570.87,341717806.1,802027797.52,432063267.68,5471997.27,180320294.27,82944332.43
2026-09-23T18:52:58.000000Z,MU,2026-09-23T18:52:00.000000Z,1071.84,6377,-357969208357.72,-1260086538087.17,-7920166388962.37,349641907.25,794963981.41,255051745.45,5667415.63,179905066.62,84305440.39
2026-09-23T18:53:58.000000Z,MU,2026-09-23T18:53:00.000000Z,1072,6377,-344768719076.54,-1183921906973.54,-7852166152767.14,344030228.41,795914530.75,151270304.62,5737924.43,180298152.63,86959139.22
2026-09-23T18:54:58.000000Z,MU,2026-09-23T18:54:00.000000Z,1071.06,6377,-351137498532.67,-1219245292685.64,-7996293053115,317332593.42,817021696.05,108678520.26,5466706.92,181675239.12,83875618.26
2026-09-23T18:55:58.000000Z,MU,2026-09-23T18:55:00.000000Z,1071.745,6377,-363055119532.66,-1206105878095.03,-8204727042387.52,272119079.56,790098081.47,-259855924.66,5791886.05,182237764.1,88838288.76
2026-09-23T18:56:58.000000Z,MU,2026-09-23T18:56:00.000000Z,1071.81,6377,-364820472375.23,-1219161405951.79,-8360533135226.37,313592011.83,770758782.66,-136921651.16,5820095.4,180847611.17,89435012.63
2026-09-23T18:57:58.000000Z,MU,2026-09-23T18:57:00.000000Z,1071.76,6377,-365698067766.32,-1222129290574.67,-8348506749950.77,322976982.23,782793221.8,77554646.69,5638933.13,180138519.01,85784384.04
2026-09-23T18:58:58.000000Z,MU,2026-09-23T18:58:00.000000Z,1071.39,6377,-362730364613.23,-1221707379104.28,-8357912088159.48,329489149.66,782252833.09,80228144.36,5608603.81,180076330.41,85907494.78
2026-09-23T18:59:58.000000Z,MU,2026-09-23T18:59:00.000000Z,1071.16,6377,-382018423137.41,-1263810138854.17,-8769642834633.12,307183529.73,796000440.17,-166864743.43,5695756.89,180965759.76,87700515.28
2026-09-23T19:00:58.000000Z,MU,2026-09-23T19:00:00.000000Z,1070.7,6377,-382875310716.26,-1260517209165.1,-8757471055915.69,311276415.1,794981661.13,-294509812.95,5707110.73,181066145.37,87336515.11
2026-09-23T19:01:58.000000Z,MU,2026-09-23T19:01:00.000000Z,1070.7765,6377,-421904052541.04,-1618842711884.75,-9556077120159.09,293717033.39,822248074.09,-900767457.95,5561355.78,181718553.04,78117545.63
2026-09-23T19:02:58.000000Z,MU,2026-09-23T19:02:00.000000Z,1070.38,6377,-429493292771.78,-2109826186267.41,-10071826016854.22,292988082.65,842209070.24,-721525764.81,5392875.83,182573153.58,80050321.3
2026-09-23T19:03:58.000000Z,MU,2026-09-23T19:03:00.000000Z,1069.795,6377,-444880751782.67,-2148107833100.4,-10289485314339.2,262343832.93,842241621.6,-853920524.36,5375415.61,182417363.42,80240886.18
2026-09-23T19:04:58.000000Z,MU,2026-09-23T19:04:00.000000Z,1069.87,6377,-442217865564.51,-2189230893913.94,-10486440634483.84,252579471.06,845430276.84,-1148527122.78,5217249.81,182292315.07,80193894.7
2026-09-23T19:05:58.000000Z,MU,2026-09-23T19:05:00.000000Z,1070.39,6377,-445970427376.32,-2204874702474.12,-10629555339083.73,276320028.82,847902076.6,-933567911.17,5165824.19,181644186.89,78735077.5
2026-09-23T19:06:58.000000Z,MU,2026-09-23T19:06:00.000000Z,1071.155,6377,-452453778124,-2178775503347.32,-11011500297079.01,287358571.77,781833311.62,-995755942.76,5229406.95,180817815.98,81919723.76
2026-09-23T19:07:58.000000Z,MU,2026-09-23T19:07:00.000000Z,1072.515,6377,-443882212376.36,-2232723667862.41,-11476497879355.58,332843923.82,746544720.3,-499084988.66,5111785.81,176119191.15,85021818.49
2026-09-23T19:08:58.000000Z,MU,2026-09-23T19:08:00.000000Z,1072.71,6377,-443332162411.72,-2233129611942.66,-11497762337211.7,338020998.6,746816211.99,-479802184.91,5110481.08,176151212.37,85213320.39
2026-09-23T19:09:58.000000Z,MU,2026-09-23T19:09:00.000000Z,1070.6296,6377,-453354638536.98,-1821369771905.14,-10510421151114.24,385986100.36,750630070.5,535706549.36,5730473.41,175898086.17,87488068.49
2026-09-23T19:10:58.000000Z,MU,2026-09-23T19:10:00.000000Z,1069.98,6377,-462140782417.33,-1515405557735.6,-10875751575310.51,306161939.65,771240093.65,-878938407.38,5478401.73,180933010.5,85656939.65
2026-09-23T19:11:58.000000Z,MU,2026-09-23T19:11:00.000000Z,1069.9925,6377,-467709502323.63,-1546031049316.85,-11033084598145.05,246637770.95,819960405.96,-1465267961.87,5275398.62,182449869.65,83067901.95
2026-09-23T19:12:58.000000Z,MU,2026-09-23T19:12:00.000000Z,1068.8,6377,-463487589484.07,-1544308007308.32,-11054432348395.42,237468540.47,818133742.86,-1473623604.58,5287190.51,182246530.41,83229983.71
2026-09-23T19:13:58.000000Z,MU,2026-09-23T19:13:00.000000Z,1068.58,6377,-500533434918.15,-1566971790523.98,-11114050123998.24,232261863.18,813020136.1,-1777714784.62,5528108.17,182309295.34,80686212.69
2026-09-23T19:14:58.000000Z,MU,2026-09-23T19:14:00.000000Z,1069.045,6377,-507683135704.46,-1650550136874.45,-11949946105585.55,213114928.47,769648830.82,-1860097860.19,5273026.09,179415259.52,81863918.96
2026-09-23T19:15:58.000000Z,MU,2026-09-23T19:15:00.000000Z,1067.58,6377,-506497752279.87,-1648288252715.67,-11946912008169.57,208117753.35,767540850.41,-1858274227.11,5313357.04,179169392.09,81928399.79
2026-09-23T19:16:58.000000Z,MU,2026-09-23T19:16:00.000000Z,1067.14,6377,-563501793649.22,-1664018034312.49,-11835179447367.75,222180661.8,771853599.12,-1881781144,5721319.72,179893020.8,80430828.75
2026-09-23T19:17:58.000000Z,MU,2026-09-23T19:17:00.000000Z,1068.26,6377,-546618199380.27,-1665988569864.91,-11859698841218.44,108458976.43,792981287.38,-2940598284.74,5279467.53,181259472.15,72450858.16
2026-09-23T19:18:58.000000Z,MU,2026-09-23T19:18:00.000000Z,1068.615,6377,-565730691798.76,-2653831249799.14,-13853338785604.65,130387336.65,774695522.8,-2426527677.57,5014661.59,178651357.35,73550129.4
2026-09-23T19:19:58.000000Z,MU,2026-09-23T19:19:00.000000Z,1068.655,6377,-567862919288.52,-2706233893651.97,-14426966630339.89,188420752.58,768320976.4,-1982395106.84,4933966.51,176237697.42,75336118.48
2026-09-23T19:20:58.000000Z,MU,2026-09-23T19:20:00.000000Z,1068.91,6377,-609653129608.05,-2785030345937.78,-14496065930972.85,252497530.45,791680526.66,-1745167457.42,5255055.19,175806876.46,70283623.42
2026-09-23T19:21:58.000000Z,MU,2026-09-23T19:21:00.000000Z,1069.56,6377,-616856840470.79,-2826323858587.57,-15072361156161.7,261153235.87,791333720.31,-1681315645.32,5162053.07,178813273.19,73115093.23
2026-09-23T19:22:58.000000Z,MU,2026-09-23T19:22:00.000000Z,1069.18,6377,-622825301528.75,-2906730124722.16,-15709330746624.82,260128638.51,773143272.35,-1984781800.08,5075925.06,178814396.07,75823380.66
2026-09-23T19:23:58.000000Z,MU,2026-09-23T19:23:00.000000Z,1068.77,6377,-650177277793.47,-3010249417719.48,-16289454871030.62,284979764.26,761572120.55,-1861786601.34,5142174.21,176794032.39,77229534.62
2026-09-23T19:24:58.000000Z,MU,2026-09-23T19:24:00.000000Z,1069.1663,6377,-632931287722.92,-2453907057906.74,-15526167176647.23,264428643.89,767705276.63,-2030336761.74,5187553.74,179022377.03,78598102.1
2026-09-23T19:25:58.000000Z,MU,2026-09-23T19:25:00.000000Z,1068.905,6377,-663519405252.21,-2506794199321.48,-15572204515523.26,251904091.73,822991989.42,-1785262095.98,5349946.74,179128080.47,72114234.94
2026-09-23T19:26:58.000000Z,MU,2026-09-23T19:26:00.000000Z,1069.55,6377,-668320450287.31,-2610830067599.03,-16358340507185.83,288798919.83,810929059.78,-2004318978.62,5203435.48,178524380.99,75798461.57
2026-09-23T19:27:58.000000Z,MU,2026-09-23T19:27:00.000000Z,1070.4,6377,-672128296331.54,-2680658915995.97,-17361254543963.52,319645381.25,748762038.87,-1852301115.56,5005745.28,176345870.23,79447826.66
2026-09-23T19:28:58.000000Z,MU,2026-09-23T19:28:00.000000Z,1070.2801,6377,-695329531880.55,-2732518111707.47,-17835827372075.62,348598899.45,741091338.8,-897025332.56,5085340.82,173442714.26,78819745.75
2026-09-23T19:29:58.000000Z,MU,2026-09-23T19:29:00.000000Z,1069.365,6377,-729335122215.01,-2789499789505.84,-17952141693334.93,349682849.22,760459767.22,-927346164.46,4862783.02,174406094.8,73848585.04
2026-09-23T19:30:58.000000Z,MU,2026-09-23T19:30:00.000000Z,1070.12,6377,-749200232554.22,-2791469250205.48,-18059690038098.09,344421685.95,761533955.75,-885634907.97,4978476.33,174529230.12,74354348.59
2026-09-23T19:31:58.000000Z,MU,2026-09-23T19:31:00.000000Z,1070.1851,6377,-788584335279.85,-3027880015326.77,-19767737665798.09,313648512.91,802947201.35,-1035564810.79,4891279.43,176253622.83,76557196.5
2026-09-23T19:32:58.000000Z,MU,2026-09-23T19:32:00.000000Z,1071.965,6377,-800191217926.11,-3032915895231.36,-19823621292946.49,313809372.32,805620298.18,-1037652773.52,4926108.1,176546762.61,76825967.93
2026-09-23T19:33:58.000000Z,MU,2026-09-23T19:33:00.000000Z,1072.05,6377,-776481945395.08,-3153538715999.87,-21377784967888.19,347950527.18,766475367.81,-527944445.96,4633461.17,174129537.27,79220696.44
2026-09-23T19:34:58.000000Z,MU,2026-09-23T19:34:00.000000Z,1072.2963,6377,-790415725723.37,-3251161643087.06,-21707246844402.58,425167090.64,744276503.42,731271457.76,4596031.38,173766450.63,74752052.17
2026-09-23T19:35:58.000000Z,MU,2026-09-23T19:35:00.000000Z,1072.555,6377,-784854802563.49,-3422798554654.6,-22729709183624.23,434279725.05,776907373.24,1177899840.39,4379481.82,173116876.16,74065844.75
2026-09-23T19:36:58.000000Z,MU,2026-09-23T19:36:00.000000Z,1072.2376,6377,-822958887683.47,-3604749893249.43,-23949980040661.62,434906834.12,787126298.18,778168093.5,4323692.99,173997008.08,74828733.7
2026-09-23T19:37:58.000000Z,MU,2026-09-23T19:37:00.000000Z,1072.155,6377,-825319916005.73,-3604472200748.08,-23979215273587.66,436531403.28,787005030.05,796281044.09,4286034.24,173983604.19,75119792.14
2026-09-23T19:38:58.000000Z,MU,2026-09-23T19:38:00.000000Z,1071.0193,6377,-980655509843.35,-3984702489998.99,-27076799283269.5,433340104,733116020.63,688899723.24,4474033.17,173812573.18,76901098.81
2026-09-23T19:39:58.000000Z,MU,2026-09-23T19:39:00.000000Z,1071.855,6377,-898452815032.74,-3542131728075.24,-24930840570801.53,416850552.74,777696528.82,183603913.4,4466846.54,176846070.94,72052890.23
2026-09-23T19:40:58.000000Z,MU,2026-09-23T19:40:00.000000Z,1072.734,6377,-907186935426.71,-3545036536831.06,-24943060951282.09,398053908.51,778972588.64,182918860.27,4451361.16,176991097.73,72263224.7
2026-09-23T19:41:58.000000Z,MU,2026-09-23T19:41:00.000000Z,1071.89,6377,-963137811599.13,-3787977286482.3,-27284976230033.6,392988585.8,706790302.32,-295561220.24,4713598.73,176081656.42,77734437.44
2026-09-23T19:42:58.000000Z,MU,2026-09-23T19:42:00.000000Z,1071.465,6377,-1057396911364.16,-4073081644066.54,-29308119869266.65,416093236.14,753475303.23,595830436.75,4618525.69,175191163.3,73185198.76
2026-09-23T19:43:58.000000Z,MU,2026-09-23T19:43:00.000000Z,1070.9799,6377,-1055049309322.64,-4071237578319.61,-29303945202894.11,411503674.73,752793193.91,600934961.93,4597045.51,175111846.44,73270193.11
2026-09-23T19:44:58.000000Z,MU,2026-09-23T19:44:00.000000Z,1070.86,6377,-1170290808242.84,-4357706547920.15,-31770534707767.42,394077280.94,723850609.65,-247755988.59,4694511.45,175864212.11,75069146.47
2026-09-23T19:45:58.000000Z,MU,2026-09-23T19:45:00.000000Z,1070.7,6377,-1185990062800.94,-4511299270193.64,-32811222626244.8,362001074.06,799489432.91,-662216263.55,4537170.05,177917225.94,69071487.92
2026-09-23T19:46:58.000000Z,MU,2026-09-23T19:46:00.000000Z,1071.315,6377,-1193629667441.29,-4513890518023.26,-32845965965708.65,340760698.75,800408135.09,-623434001.22,4520820.48,178019419.92,69185829.41
2026-09-23T19:47:58.000000Z,MU,2026-09-23T19:47:00.000000Z,1071.595,6377,-1228609741668.97,-4846209703073.16,-35352962990750.06,338200165.19,797932643.23,-599895728.47,4381743.25,177417333.14,68743979.2
2026-09-23T19:48:58.000000Z,MU,2026-09-23T19:48:00.000000Z,1071.8,6377,-1286025796321.76,-5245076870946.98,-38540947881218.93,408221838.35,748552120.02,-211686943.18,4240153.24,175398323.18,66157474.09
2026-09-23T19:49:58.000000Z,MU,2026-09-23T19:49:00.000000Z,1071.77,6377,-1555523512452.4,-6145409390943.51,-45604970324664.98,411792388.48,790380849.65,984225920.56,4181816.96,174456909.56,64619659.12
2026-09-23T19:50:58.000000Z,MU,2026-09-23T19:50:00.000000Z,1071.48,6377,-1572512928160.91,-6143746563356.08,-45633030962893.1,406583857.23,789953184.32,991959702.24,4220309.6,174409704.93,64708417.45
2026-09-23T19:51:58.000000Z,MU,2026-09-23T19:51:00.000000Z,1070.925,6377,-2163738622285.18,-8214165616816.91,-60642241251722.7,372102633.44,829955030.93,351608671.74,4207934.25,176763573.94,62316253.58
2026-09-23T19:52:58.000000Z,MU,2026-09-23T19:52:00.000000Z,1070.4,6377,-2162450760962.05,-8210138783052.81,-60664146089292.31,348090915.3,829141492,347391635.84,4220774.52,176676919.06,62432798.1
2026-09-23T19:53:58.000000Z,MU,2026-09-23T19:53:00.000000Z,1071.68,6377,-2331741570367.69,-8598720449850.52,-65396062058073.3,321383012.86,804053206.83,-249350658.24,4080728.14,176187512.03,62784483.89
2026-09-23T19:54:58.000000Z,MU,2026-09-23T19:54:00.000000Z,1071.015,6377,-2620041625635.27,-10193598289499.09,-81075651548622.8,338804817.87,769959965.96,-124114244.91,3968259.96,174688357.73,63810593.52
2026-09-23T19:55:58.000000Z,MU,2026-09-23T19:55:00.000000Z,1073.55,6377,-2639361684411.57,-10217725656215.6,-81404184486330.53,347560611.66,773609136.97,-92977902.7,3932904.39,175101829.98,64147546.96
2026-09-23T19:56:58.000000Z,MU,2026-09-23T19:56:00.000000Z,1073.57,6377,-3285632260901.64,-14607715670109.56,-114945978238808.32,427674886.08,835180945.98,2338904552.62,3728970.11,175007811.79,59907612
2026-09-23T19:57:58.000000Z,MU,2026-09-23T19:57:00.000000Z,1073.06,6377,-3330222987716.37,-14600776267004.26,-115062038862673.6,467587191.53,834387628.16,2389045006.61,3710755.87,174924674.24,60052882.39
2026-09-23T19:58:58.000000Z,MU,2026-09-23T19:58:00.000000Z,1072.2101,6377,-3411561539603.83,-14589211955829.38,-115085372850207.76,534731215.1,833066424.85,2459035364.07,3727335.67,174786127.95,60150012.82
2026-09-23T19:59:12.473000Z,MU,2026-09-23T19:59:00.000000Z,1074.5103,6377,-19631929795137.59,-63528360817321.38,-513356466140392.64,329867925.26,935890331.98,1096861441.64,3504396.32,174806698.94,47369713.61
