time,ticker,start_time,price,ticker_id,charm_per_one_percent_move_dir,charm_per_one_percent_move_oi,charm_per_one_percent_move_vol,gamma_per_one_percent_move_dir,gamma_per_one_percent_move_oi,gamma_per_one_percent_move_vol,vanna_per_one_percent_move_dir,vanna_per_one_percent_move_oi,vanna_per_one_percent_move_vol
2025-03-17T10:30:50.000000Z,PLTR,2025-03-17T10:30:00.000000Z,87.44,5646,0,-5938434336.21465,0,0,31587101.65643009,0,0.00,10037508.91,0.00
2025-03-17T10:31:46.889000Z,PLTR,2025-03-17T10:31:00.000000Z,87.54,5646,0,-11349165952.14978,0,0,49817968.8395399,0,0.00,17621776.10,0.00
2025-03-17T10:32:46.714000Z,PLTR,2025-03-17T10:32:00.000000Z,87.54,5646,0,-11349032181.97657,0,0,49623305.9635861,0,0.00,17607905.43,0.00
2025-03-17T10:33:46.958000Z,PLTR,2025-03-17T10:33:00.000000Z,87.54,5646,0,-11348996446.21759,0,0,49779064.8184731,0,0.00,17618152.20,0.00
2025-03-17T10:34:46.933000Z,PLTR,2025-03-17T10:34:00.000000Z,87.54,5646,0,-11348956478.01545,0,0,49973391.6731039,0,0.00,17631119.56,0.00
2025-03-17T10:35:46.787000Z,PLTR,2025-03-17T10:35:00.000000Z,87.54,5646,0,-11348908440.4899,0,0,50321941.0719092,0,0.00,17654874.19,0.00
2025-03-17T10:36:46.805000Z,PLTR,2025-03-17T10:36:00.000000Z,87.54,5646,0,-11348830030.96752,0,0,50283299.0434442,0,0.00,17651721.00,0.00
2025-03-17T10:37:46.853000Z,PLTR,2025-03-17T10:37:00.000000Z,87.73,5646,0,-11373366146.16055,0,0,50268484.6735161,0,0.00,17673364.96,0.00
2025-03-17T10:38:46.785000Z,PLTR,2025-03-17T10:38:00.000000Z,87.76,5646,0,-11339385690.37839,0,0,50341856.5682176,0,0.00,17634651.70,0.00
2025-03-17T10:39:46.827000Z,PLTR,2025-03-17T10:39:00.000000Z,87.67,5646,0,-11321715794.19884,0,0,50432754.8941838,0,0.00,17622069.65,0.00
2025-03-17T10:40:46.687000Z,PLTR,2025-03-17T10:40:00.000000Z,87.67,5646,0,-11339590368.45477,0,0,50664975.0685853,0,0.00,17660002.73,0.00
2025-03-17T10:41:46.743000Z,PLTR,2025-03-17T10:41:00.000000Z,87.67,5646,0,-11339512572.9662,0,0,50626325.4808188,0,0.00,17656852.64,0.00
2025-03-17T10:42:46.750000Z,PLTR,2025-03-17T10:42:00.000000Z,87.67,5646,0,-11339423588.72832,0,0,50432754.8941825,0,0.00,17642967.73,0.00
2025-03-17T10:43:46.807000Z,PLTR,2025-03-17T10:43:00.000000Z,87.67,5646,0,-11339355402.85648,0,0,50664975.06856,0,0.00,17658597.26,0.00
2025-03-17T10:44:46.683000Z,PLTR,2025-03-17T10:44:00.000000Z,87.67,5646,0,-11339215848.79369,0,0,50121926.3935493,0,0.00,17620508.30,0.00
2025-03-17T10:45:46.801000Z,PLTR,2025-03-17T10:45:00.000000Z,87.67,5646,0,-11339026273.84075,0,0,49770800.1326221,0,0.00,17595908.40,0.00
2025-03-17T10:46:46.874000Z,PLTR,2025-03-17T10:46:00.000000Z,87.67,5646,0,-11338857523.94738,0,0,49575058.0047579,0,0.00,17582006.64,0.00
2025-03-17T10:47:46.932000Z,PLTR,2025-03-17T10:47:00.000000Z,87.61,5646,0,-11331204766.3744,0,0,50014456.2311968,0,0.00,17604361.38,0.00
2025-03-17T10:48:46.822000Z,PLTR,2025-03-17T10:48:00.000000Z,87.64,5646,0,-11346958777.55628,0,0,50204279.2517812,0,0.00,17635528.77,0.00
2025-03-17T10:49:46.800000Z,PLTR,2025-03-17T10:49:00.000000Z,87.69,5646,0,-11347385288.97489,0,0,51073541.8457912,0,0.00,17694074.33,0.00
2025-03-17T10:50:46.834000Z,PLTR,2025-03-17T10:50:00.000000Z,87.69,5646,0,-11337342000.44084,0,0,51227082.349838,0,0.00,17691913.11,0.00
2025-03-17T10:52:46.772000Z,PLTR,2025-03-17T10:52:00.000000Z,87.68,5646,0,-11335894298.21567,0,0,51483125.8585474,0,0.00,17708173.45,0.00
2025-03-17T10:53:46.783000Z,PLTR,2025-03-17T10:53:00.000000Z,87.51,5646,0,-11315699892.19947,0,0,51397616.822122,0,0.00,17683401.23,0.00
2025-03-17T10:54:46.704000Z,PLTR,2025-03-17T10:54:00.000000Z,87.42,5646,0,-11337710863.66426,0,0,50644823.7312734,0,0.00,17661321.65,0.00
2025-03-17T10:55:46.855000Z,PLTR,2025-03-17T10:55:00.000000Z,87.45,5646,0,-11359246814.50264,0,0,50218522.1417273,0,0.00,17656867.86,0.00
2025-03-17T10:56:46.693000Z,PLTR,2025-03-17T10:56:00.000000Z,87.51,5646,0,-11361050843.51323,0,0,50557165.2803243,0,0.00,17679936.68,0.00
2025-03-17T10:57:46.792000Z,PLTR,2025-03-17T10:57:00.000000Z,87.49,5646,0,-11346558722.49837,0,0,50687626.2234412,0,0.00,17671371.67,0.00
2025-03-17T10:58:46.709000Z,PLTR,2025-03-17T10:58:00.000000Z,87.48,5646,0,-11349138233.88297,0,0,50522507.4131178,0,0.00,17663081.96,0.00
2025-03-17T10:59:46.729000Z,PLTR,2025-03-17T10:59:00.000000Z,87.56,5646,0,-11361394777.85156,0,0,50691906.0923246,0,0.00,17686602.25,0.00
2025-03-17T11:00:47.010000Z,PLTR,2025-03-17T11:00:00.000000Z,87.34,5646,0,-11316976374.94044,0,0,50780925.0728505,0,0.00,17646067.92,0.00
2025-03-17T11:01:46.941000Z,PLTR,2025-03-17T11:01:00.000000Z,87.36,5646,0,-11362715479.76478,0,0,50038222.0533172,0,0.00,17650117.65,0.00
2025-03-17T11:02:47.021000Z,PLTR,2025-03-17T11:02:00.000000Z,87.43,5646,0,-11367832544.68328,0,0,50157009.6271128,0,0.00,17661573.82,0.00
2025-03-17T11:03:46.889000Z,PLTR,2025-03-17T11:03:00.000000Z,87.42,5646,0,-11352741958.4209,0,0,50338004.8327455,0,0.00,17655325.72,0.00
2025-03-17T11:04:46.881000Z,PLTR,2025-03-17T11:04:00.000000Z,87.57,5646,0,-11374111690.80651,0,0,50395084.9853958,0,0.00,17679542.91,0.00
2025-03-17T11:05:46.823000Z,PLTR,2025-03-17T11:05:00.000000Z,89,5646,0,-11529660395.12635,0,0,52729572.0019934,0,0.00,17976545.60,0.00
2025-03-17T11:06:46.774000Z,PLTR,2025-03-17T11:06:00.000000Z,87.39,5646,0,-11321089423.20895,0,0,50839083.374198,0,0.00,17651351.44,0.00
2025-03-17T11:07:46.848000Z,PLTR,2025-03-17T11:07:00.000000Z,87.44,5646,0,-11362860901.54739,0,0,50245570.3522249,0,0.00,17659251.65,0.00
2025-03-17T11:08:46.863000Z,PLTR,2025-03-17T11:08:00.000000Z,87.45,5646,0,-11354268745.82281,0,0,50449449.4822946,0,0.00,17661940.87,0.00
2025-03-17T11:09:46.790000Z,PLTR,2025-03-17T11:09:00.000000Z,87.45,5646,0,-11352217891.84725,0,0,50526251.3967543,0,0.00,17664376.98,0.00
2025-03-17T11:10:46.898000Z,PLTR,2025-03-17T11:10:00.000000Z,87.56,5646,0,-11366427825.47502,0,0,50576446.1582567,0,0.00,17680752.03,0.00
2025-03-17T11:11:46.940000Z,PLTR,2025-03-17T11:11:00.000000Z,87.63,5646,0,-11353738658.84314,0,0,50772989.9621253,0,0.00,17675329.16,0.00
2025-03-17T11:12:46.978000Z,PLTR,2025-03-17T11:12:00.000000Z,87.65,5646,0,-11342292877.88351,0,0,51333383.3476395,0,0.00,17699104.88,0.00
2025-03-17T11:13:46.730000Z,PLTR,2025-03-17T11:13:00.000000Z,87.65,5646,0,-11338214179.93547,0,0,51447901.6439475,0,0.00,17701705.71,0.00
2025-03-17T11:14:46.840000Z,PLTR,2025-03-17T11:14:00.000000Z,87.71,5646,0,-11345827888.36923,0,0,51709000.9240451,0,0.00,17726747.83,0.00
2025-03-17T11:15:46.778000Z,PLTR,2025-03-17T11:15:00.000000Z,87.77,5646,0,-11341574395.79486,0,0,51817876.4557798,0,0.00,17726146.71,0.00
2025-03-17T11:16:46.874000Z,PLTR,2025-03-17T11:16:00.000000Z,87.83,5646,0,-11337142738.08049,0,0,52230880.3629585,0,0.00,17746860.18,0.00
2025-03-17T11:17:46.935000Z,PLTR,2025-03-17T11:17:00.000000Z,87.96,5646,0,-11341769205.03503,0,0,52537525.1018109,0,0.00,17768339.27,0.00
2025-03-17T11:18:46.971000Z,PLTR,2025-03-17T11:18:00.000000Z,87.79,5646,0,-11293484373.77082,0,0,52786104.9108828,0,0.00,17732948.07,0.00
2025-03-17T11:19:46.913000Z,PLTR,2025-03-17T11:19:00.000000Z,87.65,5646,0,-11309769730.09244,0,0,51827887.8207355,0,0.00,17690745.23,0.00
2025-03-17T11:20:46.906000Z,PLTR,2025-03-17T11:20:00.000000Z,87.75,5646,0,-11350615857.03668,0,0,51488866.8269292,0,0.00,17713241.37,0.00
2025-03-17T11:21:47.016000Z,PLTR,2025-03-17T11:21:00.000000Z,87.69,5646,0,-11322742575.44021,0,0,51875203.018808,0,0.00,17707846.29,0.00
2025-03-17T11:22:46.814000Z,PLTR,2025-03-17T11:22:00.000000Z,87.75,5646,0,-11342437795.6291,0,0,51718061.8909641,0,0.00,17718430.68,0.00
2025-03-17T11:23:46.859000Z,PLTR,2025-03-17T11:23:00.000000Z,87.82,5646,0,-11339369741.65155,0,0,52029126.5037905,0,0.00,17733156.50,0.00
2025-03-17T11:24:46.811000Z,PLTR,2025-03-17T11:24:00.000000Z,87.85,5646,0,-11329050356.82409,0,0,52368359.2021202,0,0.00,17742652.13,0.00
2025-03-17T11:25:46.926000Z,PLTR,2025-03-17T11:25:00.000000Z,87.83,5646,0,-11320317971.97216,0,0,52495670.1133427,0,0.00,17741319.58,0.00
2025-03-17T11:26:46.995000Z,PLTR,2025-03-17T11:26:00.000000Z,87.85,5646,0,-11326892226.04181,0,0,52368359.2020862,0,0.00,17739207.90,0.00
2025-03-17T11:27:46.855000Z,PLTR,2025-03-17T11:27:00.000000Z,87.86,5646,0,-11324063579.01734,0,0,52455962.3653972,0,0.00,17741093.68,0.00
2025-03-17T11:28:46.821000Z,PLTR,2025-03-17T11:28:00.000000Z,87.86,5646,0,-11321964090.83927,0,0,52493763.2843379,0,0.00,17740790.92,0.00
2025-03-17T11:29:46.749000Z,PLTR,2025-03-17T11:29:00.000000Z,87.93,5646,0,-11330941534.21363,0,0,52501693.8836567,0,0.00,17749108.67,0.00
2025-03-17T11:30:46.732000Z,PLTR,2025-03-17T11:30:00.000000Z,87.82,5646,0,-11302543365.41169,0,0,52596779.9403624,0,0.00,17724907.47,0.00
2025-03-17T11:31:46.787000Z,PLTR,2025-03-17T11:31:00.000000Z,87.89,5646,0,-11333635191.77394,0,0,52453937.9394408,0,0.00,17750105.48,0.00
2025-03-17T11:32:46.819000Z,PLTR,2025-03-17T11:32:00.000000Z,87.77,5646,0,-11303930273.38702,0,0,52612063.0172051,0,0.00,17729228.59,0.00
2025-03-17T11:33:46.811000Z,PLTR,2025-03-17T11:33:00.000000Z,87.82,5646,0,-11334535949.80406,0,0,52143119.4505341,0,0.00,17731477.55,0.00
2025-03-17T11:34:46.780000Z,PLTR,2025-03-17T11:34:00.000000Z,87.849,5646,0,-11328109735.63092,0,0,52405010.6477318,0,0.00,17740410.32,0.00
2025-03-17T11:35:46.782000Z,PLTR,2025-03-17T11:35:00.000000Z,88.06,5646,0,-11349407719.66857,0,0,52691251.5472431,0,0.00,17777686.61,0.00
2025-03-17T11:37:46.727000Z,PLTR,2025-03-17T11:37:00.000000Z,88.33,5646,0,-11341084814.17195,0,0,53815348.4384951,0,0.00,17835003.37,0.00
2025-03-17T11:38:46.719000Z,PLTR,2025-03-17T11:38:00.000000Z,88.38,5646,0,-11291771867.75224,0,0,54812019.9817445,0,0.00,17842214.99,0.00
2025-03-17T11:39:46.771000Z,PLTR,2025-03-17T11:39:00.000000Z,88.53,5646,0,-11300357614.44569,0,0,55371543.4475418,0,0.00,17885836.35,0.00
2025-03-17T11:40:46.839000Z,PLTR,2025-03-17T11:40:00.000000Z,88.58,5646,0,-11275405288.6914,0,0,55917895.6665428,0,0.00,17891514.72,0.00
2025-03-17T11:41:46.878000Z,PLTR,2025-03-17T11:41:00.000000Z,88.83,5646,0,-11296671572.66541,0,0,56383151.5310771,0,0.00,17939273.96,0.00
2025-03-17T11:42:46.826000Z,PLTR,2025-03-17T11:42:00.000000Z,88.64,5646,0,-11219750985.55821,0,0,57064345.2220247,0,0.00,17902298.31,0.00
2025-03-17T11:43:46.799000Z,PLTR,2025-03-17T11:43:00.000000Z,88.52,5646,0,-11244486470.59244,0,0,56248912.4559856,0,0.00,17878837.05,0.00
2025-03-17T11:44:46.751000Z,PLTR,2025-03-17T11:44:00.000000Z,88.50,5646,0,-11266912805.05712,0,0,55928014.5861269,0,0.00,17884041.96,0.00
2025-03-17T11:45:46.926000Z,PLTR,2025-03-17T11:45:00.000000Z,88.43,5646,0,-11262287121.7512,0,0,55469360.3772042,0,0.00,17847974.37,0.00
2025-03-17T11:46:46.798000Z,PLTR,2025-03-17T11:46:00.000000Z,88.59,5646,0,-11297219539.65266,0,0,55371966.4786213,0,0.00,17876476.97,0.00
2025-03-17T11:47:46.759000Z,PLTR,2025-03-17T11:47:00.000000Z,88.40,5646,0,-11239462865.9083,0,0,55838604.0970749,0,0.00,17847045.09,0.00
2025-03-17T11:48:46.963000Z,PLTR,2025-03-17T11:48:00.000000Z,88.34,5646,0,-11271351444.2799,0,0,55059889.2862241,0,0.00,17832775.73,0.00
2025-03-17T11:49:46.946000Z,PLTR,2025-03-17T11:49:00.000000Z,88.39,5646,0,-11290185941.73606,0,0,54749853.0044764,0,0.00,17831167.52,0.00
2025-03-17T11:50:47.063000Z,PLTR,2025-03-17T11:50:00.000000Z,88.27,5646,0,-11264316587.46248,0,0,54972665.7128792,0,0.00,17820262.77,0.00
2025-03-17T11:51:46.874000Z,PLTR,2025-03-17T11:51:00.000000Z,88.49,5646,0,-11317198436.82243,0,0,54799021.4022368,0,0.00,17862948.71,0.00
2025-03-17T11:52:46.690000Z,PLTR,2025-03-17T11:52:00.000000Z,88.54,5646,0,-11277823866.52252,0,0,55607445.2944677,0,0.00,17869458.82,0.00
2025-03-17T11:53:46.674000Z,PLTR,2025-03-17T11:53:00.000000Z,88.78,5646,0,-11297630776.69206,0,0,56431286.1969179,0,0.00,17941891.32,0.00
2025-03-17T11:54:46.608000Z,PLTR,2025-03-17T11:54:00.000000Z,88.70,5646,0,-11237006651.49589,0,0,56994763.2506321,0,0.00,17911182.86,0.00
2025-03-17T11:55:46.719000Z,PLTR,2025-03-17T11:55:00.000000Z,88.78,5646,0,-11263897909.85657,0,0,56913231.8567456,0,0.00,17934362.67,0.00
2025-03-17T11:56:46.659000Z,PLTR,2025-03-17T11:56:00.000000Z,88.55,5646,0,-11217876929.63215,0,0,56765514.1174487,0,0.00,17877299.16,0.00
2025-03-17T11:57:46.791000Z,PLTR,2025-03-17T11:57:00.000000Z,88.62,5646,0,-11275033247.49018,0,0,56005550.8778811,0,0.00,17889104.08,0.00
2025-03-17T11:58:46.782000Z,PLTR,2025-03-17T11:58:00.000000Z,88.59,5646,0,-11256466160.4098,0,0,56227007.3128776,0,0.00,17883130.72,0.00
2025-03-17T11:59:46.942000Z,PLTR,2025-03-17T11:59:00.000000Z,88.51,5646,0,-11252511839.50996,0,0,56014641.391722,0,0.00,17866281.18,0.00
2025-03-17T12:00:47.426000Z,PLTR,2025-03-17T12:00:00.000000Z,88.47,5646,0,-11264206072.11317,0,0,55445262.9274484,0,0.00,17841109.54,0.00
2025-03-17T12:01:46.799000Z,PLTR,2025-03-17T12:01:00.000000Z,88.2707,5646,0,-11247250843.86097,0,0,54713699.3279199,0,0.00,17776237.94,0.00
2025-03-17T12:02:46.829000Z,PLTR,2025-03-17T12:02:00.000000Z,88.20,5646,0,-11279103669.03495,0,0,54443035.5796892,0,0.00,17799242.64,0.00
2025-03-17T12:03:46.907000Z,PLTR,2025-03-17T12:03:00.000000Z,88.08,5646,0,-11278203599.445,0,0,54032867.8093224,0,0.00,17773702.36,0.00
2025-03-17T12:04:46.860000Z,PLTR,2025-03-17T12:04:00.000000Z,88.10,5646,0,-11305250817.76077,0,0,53610311.9855639,0,0.00,17775648.11,0.00
2025-03-17T12:05:46.897000Z,PLTR,2025-03-17T12:05:00.000000Z,88.10,5646,0,-11301242006.16226,0,0,53347846.9873612,0,0.00,17751462.07,0.00
2025-03-17T12:06:46.875000Z,PLTR,2025-03-17T12:06:00.000000Z,88.1207,5646,0,-11303659057.33466,0,0,53710292.0381938,0,0.00,17779162.41,0.00
2025-03-17T12:07:46.852000Z,PLTR,2025-03-17T12:07:00.000000Z,88,5646,0,-11283815452.08718,0,0,53749261.0548012,0,0.00,17762427.51,0.00
2025-03-17T12:08:46.822000Z,PLTR,2025-03-17T12:08:00.000000Z,88.0601,5646,0,-11316120392.83609,0,0,53261966.3053746,0,0.00,17764537.57,0.00
2025-03-17T12:09:46.923000Z,PLTR,2025-03-17T12:09:00.000000Z,88.20,5646,0,-11321751032.06698,0,0,53657434.5268528,0,0.00,17793178.45,0.00
2025-03-17T12:10:47.018000Z,PLTR,2025-03-17T12:10:00.000000Z,88.2607,5646,0,-11296743815.28776,0,0,54329216.8163652,0,0.00,17804144.29,0.00
2025-03-17T12:11:47.103000Z,PLTR,2025-03-17T12:11:00.000000Z,88.36,5646,0,-11300917760.36516,0,0,54603442.7996545,0,0.00,17827164.89,0.00
2025-03-17T12:12:46.961000Z,PLTR,2025-03-17T12:12:00.000000Z,88.16,5646,0,-11254774450.17597,0,0,54724742.152773,0,0.00,17787413.51,0.00
2025-03-17T12:13:46.861000Z,PLTR,2025-03-17T12:13:00.000000Z,88.2003,5646,0,-11301021898.82454,0,0,54031523.9422199,0,0.00,17792737.17,0.00
2025-03-17T12:14:47.056000Z,PLTR,2025-03-17T12:14:00.000000Z,88.16,5646,0,-11287513874.2108,0,0,54131064.7317404,0,0.00,17784585.78,0.00
2025-03-17T12:15:47.002000Z,PLTR,2025-03-17T12:15:00.000000Z,88.09,5646,0,-11286675493.11164,0,0,54007992.6038967,0,0.00,17777535.34,0.00
2025-03-17T12:16:46.944000Z,PLTR,2025-03-17T12:16:00.000000Z,88,5646,0,-11289417963.35803,0,0,53525980.7277583,0,0.00,17749955.51,0.00
2025-03-17T12:17:46.890000Z,PLTR,2025-03-17T12:17:00.000000Z,88.0003,5646,0,-11307710086.80563,0,0,53189652.4167469,0,0.00,17748224.05,0.00
2025-03-17T12:18:46.802000Z,PLTR,2025-03-17T12:18:00.000000Z,88.12,5646,0,-11322949622.63971,0,0,53335579.3918118,0,0.00,17771897.87,0.00
2025-03-17T12:19:46.965000Z,PLTR,2025-03-17T12:19:00.000000Z,88.2981,5646,0,-11321276291.36124,0,0,54001743.2077697,0,0.00,17809087.16,0.00
2025-03-17T12:20:46.897000Z,PLTR,2025-03-17T12:20:00.000000Z,88.25,5646,0,-11278496864.95833,0,0,54464970.2561699,0,0.00,17791028.73,0.00
2025-03-17T12:21:46.816000Z,PLTR,2025-03-17T12:21:00.000000Z,88.30,5646,0,-11294654497.24427,0,0,54489446.1566607,0,0.00,17810211.94,0.00
2025-03-17T12:22:46.991000Z,PLTR,2025-03-17T12:22:00.000000Z,88.3501,5646,0,-11290543018.79093,0,0,54961003.2619266,0,0.00,17836374.80,0.00
2025-03-17T12:23:46.884000Z,PLTR,2025-03-17T12:23:00.000000Z,88.34,5646,0,-11278876382.0604,0,0,55022751.558862,0,0.00,17826399.38,0.00
2025-03-17T12:24:46.932000Z,PLTR,2025-03-17T12:24:00.000000Z,88.2488,5646,0,-11269300548.5595,0,0,54760832.5828991,0,0.00,17799465.99,0.00
2025-03-17T12:25:46.956000Z,PLTR,2025-03-17T12:25:00.000000Z,88.12,5646,0,-11271555772.83348,0,0,54267518.5602624,0,0.00,17772325.02,0.00
2025-03-17T12:26:46.804000Z,PLTR,2025-03-17T12:26:00.000000Z,88.26,5646,0,-11315826648.8055,0,0,53955150.5284302,0,0.00,17798090.88,0.00
2025-03-17T12:27:46.918000Z,PLTR,2025-03-17T12:27:00.000000Z,88.345,5646,0,-11297871103.77503,0,0,54582295.0637567,0,0.00,17816577.97,0.00
2025-03-17T12:28:46.864000Z,PLTR,2025-03-17T12:28:00.000000Z,88.2608,5646,0,-11269472850.04366,0,0,54812846.9838119,0,0.00,17801385.56,0.00
2025-03-17T12:29:47.001000Z,PLTR,2025-03-17T12:29:00.000000Z,88.4001,5646,0,-11304592367.6294,0,0,54653388.2560948,0,0.00,17826754.12,0.00
2025-03-17T12:33:47.176000Z,PLTR,2025-03-17T12:33:00.000000Z,88.9488,5646,0,-11278258549.02364,0,0,57055583.8354606,0,0.00,17939819.23,0.00
2025-03-17T12:34:47.270000Z,PLTR,2025-03-17T12:34:00.000000Z,89.0915,5646,0,-11247696454.29238,0,0,58089408.2166664,0,0.00,17969928.04,0.00
2025-03-17T12:35:47.007000Z,PLTR,2025-03-17T12:35:00.000000Z,89.0796,5646,0,-11215687624.19823,0,0,58585172.342212,0,0.00,17966970.18,0.00
2025-03-17T12:36:47.047000Z,PLTR,2025-03-17T12:36:00.000000Z,89,5646,0,-11208120673.4069,0,0,58444220.5653916,0,0.00,17950812.12,0.00
2025-03-17T12:37:46.960000Z,PLTR,2025-03-17T12:37:00.000000Z,89.0351,5646,0,-11229480097.85072,0,0,58125756.3776572,0,0.00,17951706.66,0.00
2025-03-17T12:38:46.978000Z,PLTR,2025-03-17T12:38:00.000000Z,89.1001,5646,0,-11230078925.70284,0,0,58412141.4004733,0,0.00,17969807.95,0.00
2025-03-17T12:39:47.003000Z,PLTR,2025-03-17T12:39:00.000000Z,89.1883,5646,0,-11227087161.127,0,0,59091840.3960071,0,0.00,18011331.81,0.00
2025-03-17T12:40:46.886000Z,PLTR,2025-03-17T12:40:00.000000Z,89.132,5646,0,-11201177696.96877,0,0,59011094.1916461,0,0.00,17975730.65,0.00
2025-03-17T12:41:47.152000Z,PLTR,2025-03-17T12:41:00.000000Z,89.28,5646,0,-11231770748.53539,0,0,59031396.6978529,0,0.00,18007115.11,0.00
2025-03-17T12:42:47.180000Z,PLTR,2025-03-17T12:42:00.000000Z,89.26,5646,0,-11197387891.82481,0,0,59514511.9527694,0,0.00,18000747.70,0.00
2025-03-17T12:43:47.068000Z,PLTR,2025-03-17T12:43:00.000000Z,89.30,5646,0,-11206642288.91911,0,0,59495019.9051808,0,0.00,18008317.00,0.00
2025-03-17T12:44:47.197000Z,PLTR,2025-03-17T12:44:00.000000Z,89.151,5646,0,-11179259664.72802,0,0,59441813.3005082,0,0.00,17977854.95,0.00
2025-03-17T12:45:47.013000Z,PLTR,2025-03-17T12:45:00.000000Z,89.06,5646,0,-11199859091.94231,0,0,58777068.8944373,0,0.00,17959832.12,0.00
2025-03-17T12:46:46.709000Z,PLTR,2025-03-17T12:46:00.000000Z,89.11,5646,0,-11225468631.51632,0,0,58369973.66167,0,0.00,17957468.82,0.00
2025-03-17T12:47:46.944000Z,PLTR,2025-03-17T12:47:00.000000Z,89.05,5646,0,-11207111917.29282,0,0,58582561.5229936,0,0.00,17953058.17,0.00
2025-03-17T12:48:46.875000Z,PLTR,2025-03-17T12:48:00.000000Z,88.9007,5646,0,-11201018041.82168,0,0,58205096.0510099,0,0.00,17924954.80,0.00
2025-03-17T12:49:46.994000Z,PLTR,2025-03-17T12:49:00.000000Z,89.0207,5646,0,-11247840960.61859,0,0,57816132.5704485,0,0.00,17948039.92,0.00
2025-03-17T12:50:47.013000Z,PLTR,2025-03-17T12:50:00.000000Z,88.92,5646,0,-11209535431.482,0,0,58123873.5632181,0,0.00,17927799.67,0.00
2025-03-17T12:51:46.983000Z,PLTR,2025-03-17T12:51:00.000000Z,89.0488,5646,0,-11247134333.51489,0,0,57923607.1807779,0,0.00,17952858.17,0.00
2025-03-17T12:52:46.822000Z,PLTR,2025-03-17T12:52:00.000000Z,89.17,5646,0,-11234900558.66804,0,0,58553880.4875849,0,0.00,17977366.65,0.00
2025-03-17T12:53:46.955000Z,PLTR,2025-03-17T12:53:00.000000Z,89.0401,5646,0,-11192573458.2557,0,0,58823223.4759185,0,0.00,17951060.04,0.00
2025-03-17T12:54:47.033000Z,PLTR,2025-03-17T12:54:00.000000Z,89,5646,0,-11215121258.70523,0,0,58444220.565388,0,0.00,17952748.12,0.00
2025-03-17T12:55:46.869000Z,PLTR,2025-03-17T12:55:00.000000Z,89.10,5646,0,-11235913956.56893,0,0,58466360.1036822,0,0.00,17971748.05,0.00
2025-03-17T12:56:46.985000Z,PLTR,2025-03-17T12:56:00.000000Z,89,5646,0,-11202230276.55171,0,0,58589286.4196241,0,0.00,17946708.28,0.00
2025-03-17T12:57:47.136000Z,PLTR,2025-03-17T12:57:00.000000Z,88.95,5646,0,-11217188405.28229,0,0,58087676.2872995,0,0.00,17930476.65,0.00
2025-03-17T12:58:46.995000Z,PLTR,2025-03-17T12:58:00.000000Z,89,5646,0,-11234054243.23159,0,0,57970149.8943188,0,0.00,17939865.39,0.00
2025-03-17T12:59:46.967000Z,PLTR,2025-03-17T12:59:00.000000Z,89.05,5646,0,-11229629274.52757,0,0,58254889.9260944,0,0.00,17952357.94,0.00
2025-03-17T13:00:47.021000Z,PLTR,2025-03-17T13:00:00.000000Z,88.92,5646,0,-11202491897.62476,0,0,58339199.5253897,0,0.00,17931192.99,0.00
2025-03-17T13:01:46.931000Z,PLTR,2025-03-17T13:01:00.000000Z,88.96,5646,0,-11235182981.11081,0,0,57734743.4229602,0,0.00,17924919.08,0.00
2025-03-17T13:02:46.961000Z,PLTR,2025-03-17T13:02:00.000000Z,88.85,5646,0,-11212758710.71904,0,0,57665268.8461833,0,0.00,17897160.11,0.00
2025-03-17T13:03:47.042000Z,PLTR,2025-03-17T13:03:00.000000Z,88.7896,5646,0,-11228329945.86961,0,0,57257125.6815396,0,0.00,17889265.31,0.00
2025-03-17T13:04:47.151000Z,PLTR,2025-03-17T13:04:00.000000Z,88.78,5646,0,-11239762594.015,0,0,57096145.6308929,0,0.00,17891810.86,0.00
2025-03-17T13:05:47.013000Z,PLTR,2025-03-17T13:05:00.000000Z,88.86,5646,0,-11251949036.28812,0,0,56941720.4259509,0,0.00,17891237.08,0.00
2025-03-17T13:06:47.067000Z,PLTR,2025-03-17T13:06:00.000000Z,88.82,5646,0,-11229898727.40635,0,0,57185928.8356737,0,0.00,17883394.65,0.00
2025-03-17T13:07:47.075000Z,PLTR,2025-03-17T13:07:00.000000Z,88.9204,5646,0,-11250891065.02338,0,0,57352194.5366412,0,0.00,17916215.87,0.00
2025-03-17T13:08:47.007000Z,PLTR,2025-03-17T13:08:00.000000Z,88.94,5646,0,-11231992204.29775,0,0,57783617.598158,0,0.00,17922918.66,0.00
2025-03-17T13:09:46.866000Z,PLTR,2025-03-17T13:09:00.000000Z,88.90,5646,0,-11222652109.26275,0,0,57913004.6037726,0,0.00,17922468.86,0.00
2025-03-17T13:10:46.843000Z,PLTR,2025-03-17T13:10:00.000000Z,88.9771,5646,0,-11240762721.55375,0,0,57940321.9023278,0,0.00,17942672.42,0.00
2025-03-17T13:11:46.712000Z,PLTR,2025-03-17T13:11:00.000000Z,88.86,5646,0,-11209620300.95337,0,0,57897356.2998857,0,0.00,17906427.80,0.00
2025-03-17T13:12:47.010000Z,PLTR,2025-03-17T13:12:00.000000Z,88.94,5646,0,-11244414691.94625,0,0,57708786.4743584,0,0.00,17931367.51,0.00
2025-03-17T13:13:46.798000Z,PLTR,2025-03-17T13:13:00.000000Z,89.13,5646,0,-11251445279.90591,0,0,58066094.2759393,0,0.00,17956276.25,0.00
2025-03-17T13:14:47.167000Z,PLTR,2025-03-17T13:14:00.000000Z,89.09,5646,0,-11205806008.17601,0,0,58744133.745437,0,0.00,17951155.98,0.00
2025-03-17T13:15:46.896000Z,PLTR,2025-03-17T13:15:00.000000Z,88.94,5646,0,-11195400433.0927,0,0,58365445.9313024,0,0.00,17917674.52,0.00
2025-03-17T13:16:46.795000Z,PLTR,2025-03-17T13:16:00.000000Z,88.93,5646,0,-11225963256.83477,0,0,57805796.0749406,0,0.00,17914570.88,0.00
2025-03-17T13:17:46.968000Z,PLTR,2025-03-17T13:17:00.000000Z,88.9393,5646,0,-11229080258.63582,0,0,58000739.352116,0,0.00,17931899.72,0.00
2025-03-17T13:18:46.948000Z,PLTR,2025-03-17T13:18:00.000000Z,88.92,5646,0,-11224726045.45576,0,0,57719513.3555102,0,0.00,17906474.17,0.00
2025-03-17T13:19:46.970000Z,PLTR,2025-03-17T13:19:00.000000Z,88.9594,5646,0,-11233703221.84732,0,0,57733964.6294121,0,0.00,17916314.57,0.00
2025-03-17T13:20:47.028000Z,PLTR,2025-03-17T13:20:00.000000Z,88.68,5646,0,-11190033519.15335,0,0,57444813.7557745,0,0.00,17854622.30,0.00
2025-03-17T13:23:46.953000Z,PLTR,2025-03-17T13:23:00.000000Z,88.66,5646,0,-11225221344.36793,0,0,56904429.2007348,0,0.00,17858607.74,0.00
2025-03-17T13:24:47.066000Z,PLTR,2025-03-17T13:24:00.000000Z,88.63,5646,0,-11246479949.6474,0,0,56314812.0794215,0,0.00,17843018.25,0.00
2025-03-17T13:25:47.068000Z,PLTR,2025-03-17T13:25:00.000000Z,89,5646,0,-11299680546.91317,0,0,56636563.1949584,0,0.00,17914119.86,0.00
2025-03-17T13:26:46.955000Z,PLTR,2025-03-17T13:26:00.000000Z,89.07,5646,0,-11229916187.80561,0,0,58644102.8382943,0,0.00,17970239.25,0.00
2025-03-17T13:27:46.788000Z,PLTR,2025-03-17T13:27:00.000000Z,89.09,5646,0,-11217620382.26111,0,0,58489675.0940742,0,0.00,17942172.83,0.00
2025-03-17T13:28:46.827000Z,PLTR,2025-03-17T13:28:00.000000Z,88.47,5646,0,-11135226505.76939,0,0,57786082.0549768,0,0.00,17819556.03,0.00
2025-03-17T13:30:02.000000Z,PLTR,2025-03-17T13:30:00.000000Z,88.45,5646,-4053.579497735553,-11262759403.68114,-4053.579497735553,321.9010663270512,55568652.8635021,321.9010663270512,43.12,17816000.24,43.12
2025-03-17T13:31:14.000000Z,PLTR,2025-03-17T13:31:00.000000Z,87.495,5646,-38548831.50492308,-11996935998.24201,-75024938.7690434,331762.6979317252,53434948.4008691,817227.834386758,27870.66,17093094.87,67450.93
2025-03-17T13:48:56.000000Z,PLTR,2025-03-17T13:48:00.000000Z,87.55,5646,-84198588.3699136,-11490829083.39554,-602706498.099732,1345363.578765245,52556506.3645789,7831868.16603182,59230.67,18002519.93,535950.20
2025-03-17T13:49:56.000000Z,PLTR,2025-03-17T13:49:00.000000Z,87.3426,5646,-90439420.954808,-11510725970.25024,-636906218.831501,1401272.469866833,52089173.1922259,8100027.83703963,64467.41,17985077.27,556608.52
2025-03-17T13:50:56.000000Z,PLTR,2025-03-17T13:50:00.000000Z,87.6697,5646,-100186115.218995,-11668107331.69243,-663242361.836058,1397070.49175347,50794606.5711961,8096174.21264185,70731.63,18004873.53,574759.67
2025-03-17T13:52:56.000000Z,PLTR,2025-03-17T13:52:00.000000Z,88.325,5646,-73866362.652433,-11300041898.61766,-664894574.092257,1310552.261443918,53818772.2469026,9207091.36794686,59738.67,17948341.92,584043.51
2025-03-17T13:53:56.000000Z,PLTR,2025-03-17T13:53:00.000000Z,88.124,5646,-71853581.2243076,-11226892248.06813,-675772428.237484,1337938.392065577,55083600.3539708,9599134.5264552,59433.01,17942250.00,592857.55
2025-03-17T13:54:56.000000Z,PLTR,2025-03-17T13:54:00.000000Z,88.18,5646,-79685747.4507458,-11233696204.18442,-695776263.728165,1512450.024521004,55681044.4481569,9994051.8750497,68526.07,18031709.40,616899.18
2025-03-17T13:55:56.000000Z,PLTR,2025-03-17T13:55:00.000000Z,88.19,5646,-68875666.8730008,-11355988929.37349,-716260192.802429,1509204.881351065,55186001.7218041,9944679.29306107,65034.59,18047290.70,630839.81
2025-03-17T13:56:56.000000Z,PLTR,2025-03-17T13:56:00.000000Z,88.3299,5646,-72884251.2343702,-11401043726.83975,-759860173.455366,1884003.330960113,55505445.4620701,10330894.00281332,66054.39,18196265.81,666182.46
2025-03-17T13:57:56.000000Z,PLTR,2025-03-17T13:57:00.000000Z,88.57,5646,-65599142.6037929,-11431699975.74493,-778559252.029126,1732738.959340234,56013941.0318146,10640216.52112559,63892.51,18186100.01,679752.45
2025-03-17T13:58:56.000000Z,PLTR,2025-03-17T13:58:00.000000Z,88.36,5646,-70786609.4925912,-11324031987.50526,-783597931.198992,1888231.373319536,56471146.7555694,11008401.66008218,66806.04,18142398.98,685994.85
2025-03-17T13:59:56.000000Z,PLTR,2025-03-17T13:59:00.000000Z,88.44,5646,-77615875.7104034,-11296565312.33304,-797038786.25091,1941513.251787613,57087289.3993129,11317861.84635157,72494.90,18108561.66,698176.73
2025-03-17T14:00:56.000000Z,PLTR,2025-03-17T14:00:00.000000Z,88.14,5646,-76191906.3957424,-11192217284.10456,-821462681.35183,1866914.281543774,56251543.9810265,11286319.29574629,70909.91,18144834.61,717918.62
2025-03-17T14:01:56.000000Z,PLTR,2025-03-17T14:01:00.000000Z,87.9598,5646,-87325259.3063841,-11406907477.26437,-850253076.746735,1878989.392547257,54750983.672134,10818606.71892763,75229.72,18072714.73,731667.75
2025-03-17T14:02:56.000000Z,PLTR,2025-03-17T14:02:00.000000Z,87.92,5646,-87456568.8424604,-11401746086.29264,-861319339.958727,1900186.946029305,54701447.4941607,10790216.69698369,76563.42,18064537.20,740716.55
2025-03-17T14:03:56.000000Z,PLTR,2025-03-17T14:03:00.000000Z,87.8016,5646,-85960710.0950708,-11319572534.00031,-853411610.907443,1910929.600027867,54831435.0346195,10986606.68166229,75810.96,18001366.62,735924.04
2025-03-17T14:04:56.000000Z,PLTR,2025-03-17T14:04:00.000000Z,87.90,5646,-91337683.948691,-11339210923.54383,-873476919.967554,1976651.752154935,53889732.6812074,10778341.91434984,80285.26,18072373.14,752300.57
2025-03-17T14:05:56.000000Z,PLTR,2025-03-17T14:05:00.000000Z,87.73,5646,-91289067.6425564,-11481572296.03783,-876701216.825474,1965829.044464152,54586052.9254005,10790671.00637379,79643.41,18070509.98,754466.60
2025-03-17T14:06:56.000000Z,PLTR,2025-03-17T14:06:00.000000Z,88.0614,5646,-89029464.9451368,-11251150763.1519,-884298675.252842,1949303.54717355,53393234.6304316,10839685.51368252,76632.23,18074580.17,765378.95
2025-03-17T14:07:56.000000Z,PLTR,2025-03-17T14:07:00.000000Z,87.92,5646,-87494906.9366271,-11237869063.50477,-877999916.39776,1944698.116138381,53580743.1292541,10932132.74982945,74893.88,18018062.50,761068.15
2025-03-17T14:08:56.000000Z,PLTR,2025-03-17T14:08:00.000000Z,87.6157,5646,-84697012.2910723,-11300351809.11965,-886523830.820521,1621518.75741451,53770843.7377624,10678355.54730604,71932.75,18029194.24,777514.12
2025-03-17T14:09:56.000000Z,PLTR,2025-03-17T14:09:00.000000Z,87.70,5646,-94366653.1577219,-11289427704.62946,-921577151.917324,1723702.721973876,54792900.7828593,11111165.42461065,79918.01,18204730.37,813170.66
2025-03-17T14:10:56.000000Z,PLTR,2025-03-17T14:10:00.000000Z,87.68,5646,-93633213.1923596,-11184401579.31108,-912758816.103054,1758896.337669022,54029331.5123305,11028961.50433105,79471.48,18125562.25,808381.36
2025-03-17T14:11:58.000000Z,PLTR,2025-03-17T14:11:00.000000Z,87.9039,5646,-90184881.0593114,-11336036474.91809,-921399541.613272,1713813.908889048,51756742.5472775,10584614.00568645,76888.41,18002431.33,808879.66
2025-03-17T14:12:58.000000Z,PLTR,2025-03-17T14:12:00.000000Z,87.8337,5646,-97493394.4726459,-11211171478.28708,-956225105.591443,1561569.757657778,52870740.6259607,11424669.80782875,80911.34,18083683.96,834065.59
2025-03-17T14:13:58.000000Z,PLTR,2025-03-17T14:13:00.000000Z,87.9292,5646,-100549783.7190012,-11302985460.05405,-983928659.324436,1565382.579306345,53258964.954103,11546935.58688436,83979.42,18149324.81,855486.64
2025-03-17T14:14:58.000000Z,PLTR,2025-03-17T14:14:00.000000Z,87.97,5646,-97757555.8173655,-11308230154.72624,-990481523.403917,1507132.745894489,53308401.7716494,11623742.61614115,83539.34,18157746.27,862381.42
2025-03-17T14:15:58.000000Z,PLTR,2025-03-17T14:15:00.000000Z,87.863,5646,-97375522.4676173,-11423334491.60899,-993957003.897506,1550765.728461324,54660237.6625561,12008905.02616393,85320.25,18196313.15,876353.92
2025-03-17T14:16:58.000000Z,PLTR,2025-03-17T14:16:00.000000Z,87.45,5646,-105858020.0816923,-11156646615.33245,-1008416288.339229,1742148.572174816,52770654.3792951,12117325.46403586,92347.18,18110616.80,896004.65
2025-03-17T14:17:58.000000Z,PLTR,2025-03-17T14:17:00.000000Z,87.4303,5646,-111805299.2863783,-11470150432.85032,-1036950061.441179,1664528.588134433,53574042.1083627,12114877.0000382,97136.55,18228129.83,913706.89
2025-03-17T14:18:58.000000Z,PLTR,2025-03-17T14:18:00.000000Z,87.37,5646,-111153250.9257447,-11374094103.62825,-1036051360.4728,1685616.749980872,53790880.0647996,12257577.44969001,97745.98,18214984.03,916808.36
2025-03-17T14:19:58.000000Z,PLTR,2025-03-17T14:19:00.000000Z,87.7345,5646,-118126139.2602643,-11372998781.53342,-1068195515.691398,1770936.828085177,53683929.7326311,12351087.52035663,103832.11,18259370.70,939354.53
2025-03-17T14:20:58.000000Z,PLTR,2025-03-17T14:20:00.000000Z,87.81,5646,-118917405.3392994,-11394691983.64978,-1078704666.856154,1796464.169521466,52536971.5761507,12126798.91277465,105432.27,18246285.77,942306.61
2025-03-17T14:21:58.000000Z,PLTR,2025-03-17T14:21:00.000000Z,87.3766,5646,-113183188.7984094,-11434142047.65369,-1091612012.147651,1834750.109273613,51914789.1599519,11963960.84290092,100492.12,18186125.35,953598.58
2025-03-17T14:22:58.000000Z,PLTR,2025-03-17T14:22:00.000000Z,87.015,5646,-117363027.6048162,-11459570662.4365,-1121266376.921064,1818197.621185878,52146766.7307872,12000242.95781204,106794.28,18240820.48,978386.45
2025-03-17T14:23:58.000000Z,PLTR,2025-03-17T14:23:00.000000Z,86.695,5646,-123310438.0072883,-11360274638.22435,-1133005008.024805,1859018.849270383,51850800.923417,12094952.65683889,118082.67,18209420.95,997340.98
2025-03-17T14:24:58.000000Z,PLTR,2025-03-17T14:24:00.000000Z,86.6398,5646,-127118999.068666,-11453741310.63232,-1163785979.102601,1952099.982494596,50996107.1881039,11896236.43737885,124489.61,18276379.08,1022987.05
2025-03-17T14:25:58.000000Z,PLTR,2025-03-17T14:25:00.000000Z,86.5303,5646,-122413968.3758799,-11465691250.1011,-1164604797.092002,2007664.615134198,48724061.7920844,11225637.71791302,119735.61,18096850.80,1014084.35
2025-03-17T14:26:58.000000Z,PLTR,2025-03-17T14:26:00.000000Z,86.0754,5646,-140996133.1504548,-11567654283.98925,-1230463324.665598,1994023.186425492,48454750.2851058,11182096.97782066,135860.25,18213543.39,1065721.96
2025-03-17T14:27:58.000000Z,PLTR,2025-03-17T14:27:00.000000Z,86.0848,5646,-142238175.7332159,-11514639989.64865,-1241310136.551753,1894670.330428275,46828382.2967142,10717662.10331037,142222.15,18103730.81,1075078.30
2025-03-17T14:28:58.000000Z,PLTR,2025-03-17T14:28:00.000000Z,85.9533,5646,-153299740.870507,-11521164799.39817,-1263092283.003021,1971233.432371928,47161324.8512838,10757348.01356314,150356.01,18200403.59,1096398.04
2025-03-17T14:29:58.000000Z,PLTR,2025-03-17T14:29:00.000000Z,85.64,5646,-181159426.9047717,-11496797546.71298,-1298305934.319279,2106828.178379223,43916485.96341223,9843193.1700847,161516.94,18006340.02,1110684.19
2025-03-17T14:30:18.000000Z,PLTR,2025-03-17T14:30:00.000000Z,85.59,5646,-184727838.3579866,-11490085264.16585,-1304219968.570144,2097998.637222747,43865220.58989798,9824517.34802263,163714.75,17995827.21,1114823.53
2025-03-17T14:33:52.000000Z,PLTR,2025-03-17T14:33:00.000000Z,85.7262,5646,-193948127.101469,-11464279089.56761,-1343250127.373818,2027075.789261552,41707554.77731893,8951709.70472068,164231.33,17906040.37,1136607.09
2025-03-17T14:34:52.000000Z,PLTR,2025-03-17T14:34:00.000000Z,85.55,5646,-194042081.4115557,-11305598281.46862,-1342769410.685131,1983560.913104104,40964427.43619186,8915186.83052534,161468.65,17855067.83,1136376.91
2025-03-17T14:35:52.000000Z,PLTR,2025-03-17T14:35:00.000000Z,85.5999,5646,-193510724.0927757,-11457572367.5598,-1362877440.478363,1974317.228482255,41664262.71093585,9037550.82902467,162232.80,17911666.94,1151114.15
2025-03-17T14:36:52.000000Z,PLTR,2025-03-17T14:36:00.000000Z,84.8802,5646,-204323274.5073548,-11463445036.30907,-1394958851.378131,1910645.173035574,39544123.62478463,8487674.50063537,169285.11,17842797.16,1173257.40
2025-03-17T14:37:52.000000Z,PLTR,2025-03-17T14:37:00.000000Z,85.2249,5646,-205742361.6482076,-11534481538.08624,-1399722116.960838,2019521.907749822,38844353.80771563,8179309.87195535,169402.48,17780009.45,1171509.78
2025-03-17T14:38:52.000000Z,PLTR,2025-03-17T14:38:00.000000Z,85.41,5646,-208431543.5262374,-11416233245.35683,-1418335085.516521,2169128.106169402,40376275.80328985,9178931.40341758,174738.68,17894180.07,1200081.74
2025-03-17T14:39:52.000000Z,PLTR,2025-03-17T14:39:00.000000Z,85.6383,5646,-196148805.1769278,-11500743637.53671,-1440191969.717308,2106343.761703226,41487811.28893861,9811560.60067076,168679.05,17960864.14,1229487.48
2025-03-17T14:40:52.000000Z,PLTR,2025-03-17T14:40:00.000000Z,85.55,5646,-187374078.135605,-11438136385.76589,-1465577880.3846,1772997.311014883,41583349.34177478,10366595.58747205,164843.65,17980475.48,1253108.45
2025-03-17T14:41:52.000000Z,PLTR,2025-03-17T14:41:00.000000Z,85.5206,5646,-188485111.9094075,-11619182745.25002,-1479507066.616985,1729645.180693144,41221876.8268556,10085859.1441035,167013.81,17945187.18,1257363.83
2025-03-17T14:42:52.000000Z,PLTR,2025-03-17T14:42:00.000000Z,85.78,5646,-196481388.2224786,-11613326048.26575,-1558817972.026993,1703309.452973421,41951425.64009635,10654651.9203182,166390.27,18034456.63,1314245.07
2025-03-17T14:43:52.000000Z,PLTR,2025-03-17T14:43:00.000000Z,86.16,5646,-152170469.6152112,-11393714229.50664,-1588369448.7652,1629751.790721127,43806706.72623886,11835373.62497325,146777.50,18094001.32,1345148.60
2025-03-17T14:44:52.000000Z,PLTR,2025-03-17T14:44:00.000000Z,86.1884,5646,-146368966.6163122,-11420187657.19449,-1593379128.665744,1733923.362918776,44649357.38827632,12144083.88590717,143280.53,18115072.67,1349778.23
2025-03-17T14:45:52.000000Z,PLTR,2025-03-17T14:45:00.000000Z,85.739,5646,-151452571.1383382,-11366171769.25812,-1612787125.096441,1752123.577184987,42647455.14935835,11574922.84425174,147249.60,18023402.87,1360783.14
2025-03-17T14:46:52.000000Z,PLTR,2025-03-17T14:46:00.000000Z,85.87,5646,-155754084.551346,-11533433216.59768,-1623028570.170163,1669988.775015376,42239366.11102833,11061340.66300491,148814.18,18053895.55,1365306.04
2025-03-17T14:47:52.000000Z,PLTR,2025-03-17T14:47:00.000000Z,86.26,5646,-215338681.4452614,-11400075193.65298,-1667326240.034507,1945177.968057418,44978401.49176788,12550947.03034984,183700.23,18138678.63,1406738.52
2025-03-17T14:48:52.000000Z,PLTR,2025-03-17T14:48:00.000000Z,86.1153,5646,-187402894.8315446,-11464723906.21241,-1710958245.452306,1668055.960037882,43837932.53778394,12061322.47285114,167111.49,18072779.31,1425034.29
2025-03-17T14:49:52.000000Z,PLTR,2025-03-17T14:49:00.000000Z,86.237,5646,-184000124.8087382,-11528153206.3166,-1712226006.767848,1608575.926573402,44806515.6011648,12482616.29579862,165985.64,18136262.81,1431266.76
2025-03-17T14:50:54.000000Z,PLTR,2025-03-17T14:50:00.000000Z,86.06,5646,-183538206.7936396,-11513084319.83276,-1720012106.749406,1622948.471882061,44330920.60046767,12342123.38352636,166052.87,18090390.26,1434872.16
2025-03-17T14:51:54.000000Z,PLTR,2025-03-17T14:51:00.000000Z,85.94,5646,-160430460.6413574,-11343932134.4494,-1701161336.848032,1594827.705907158,43460630.44024207,12236069.30911187,156202.65,18055522.27,1433606.53
2025-03-17T14:52:54.000000Z,PLTR,2025-03-17T14:52:00.000000Z,86.09,5646,-158270829.1668464,-11506581014.84273,-1702428706.460188,1586646.724855728,43883538.75624773,12170484.86874883,153210.32,18069569.95,1430440.53
2025-03-17T14:53:56.000000Z,PLTR,2025-03-17T14:53:00.000000Z,86.28,5646,-157178205.4834405,-11428162534.71633,-1695211965.145938,1585839.541117052,44943419.61235158,12758662.87540916,153746.29,18099472.57,1433025.78
2025-03-17T14:54:58.000000Z,PLTR,2025-03-17T14:54:00.000000Z,85.9181,5646,-159554295.2782042,-11491676594.87919,-1717306068.721672,1523595.524149345,42979048.16223815,11966067.91688943,153750.64,18062745.08,1445916.50
2025-03-17T14:55:58.000000Z,PLTR,2025-03-17T14:55:00.000000Z,85.7302,5646,-148577883.0546902,-11426013393.23696,-1717823728.24643,1146809.832071829,41297558.61971676,11067852.02617758,147559.53,18014359.73,1446986.40
2025-03-17T14:56:58.000000Z,PLTR,2025-03-17T14:56:00.000000Z,85.63,5646,-155429720.1327888,-11437925570.95788,-1726924795.414196,1159794.849811523,41611909.37814981,11246146.07849864,167345.57,18008316.66,1483097.32
2025-03-17T14:57:58.000000Z,PLTR,2025-03-17T14:57:00.000000Z,85.86,5646,-158877301.3725677,-11492694796.38436,-1737799549.721451,1186162.40221702,42338156.07794444,11498360.34839792,181016.48,18044506.16,1503951.08
2025-03-17T14:58:50.000000Z,PLTR,2025-03-17T14:58:00.000000Z,85.7347,5646,-157099008.4504024,-11518446274.66672,-1731748614.082815,1161062.250169182,42810711.44732566,11677414.51879139,179538.57,18016471.47,1501168.52
2025-03-17T14:59:52.000000Z,PLTR,2025-03-17T14:59:00.000000Z,85.79,5646,-158800315.9447126,-11406020810.87683,-1736394166.150356,1163436.9439399,42463650.15531732,11722465.04468605,181121.84,18029395.45,1504949.85
2025-03-17T15:00:52.000000Z,PLTR,2025-03-17T15:00:00.000000Z,85.9621,5646,-154249947.4772806,-11596239261.85999,-1741360681.347291,1132768.451782425,43075170.2763762,11802992.82973316,178182.42,18044770.57,1509551.23
2025-03-17T15:01:52.000000Z,PLTR,2025-03-17T15:01:00.000000Z,86.01,5646,-161206853.977917,-11458134495.88192,-1746998831.074026,1109376.195233183,43242283.33292799,12112148.25843651,199065.51,18087040.82,1533068.58
2025-03-17T15:02:52.000000Z,PLTR,2025-03-17T15:02:00.000000Z,85.66,5646,-211643034.2414423,-11433315499.80411,-1809010184.556614,1197492.208182561,40866766.42782398,11278453.96308922,369473.70,18002741.92,1703821.41
2025-03-17T15:03:52.000000Z,PLTR,2025-03-17T15:03:00.000000Z,85.43,5646,-219632779.1199244,-11627167681.52201,-1831322611.618216,1206111.132907245,41380030.27140789,11213133.34960377,402136.29,17972884.80,1746492.24
2025-03-17T15:04:52.000000Z,PLTR,2025-03-17T15:04:00.000000Z,85.495,5646,-224201037.1504371,-11586688000.08157,-1839137532.135137,1178140.860943546,41067547.0739992,11306899.13664585,420140.95,18053715.32,1772086.20
2025-03-17T15:05:52.000000Z,PLTR,2025-03-17T15:05:00.000000Z,85.70,5646,-223902051.5279154,-11614470572.62986,-1845776224.276472,1168533.505072496,41264726.80405124,11374579.91534226,420502.82,18097004.53,1777890.75
2025-03-17T15:06:52.000000Z,PLTR,2025-03-17T15:06:00.000000Z,85.7683,5646,-220082982.8886643,-11568448066.36637,-1840116324.773694,1130725.864314932,41897639.54669727,11704137.23169957,418503.02,18093904.52,1775949.54
2025-03-17T15:07:52.000000Z,PLTR,2025-03-17T15:07:00.000000Z,85.64,5646,-219218779.6290688,-11546665267.22224,-1835309142.177947,1144828.113110922,42123200.19936615,11855300.90082204,417894.70,18066882.48,1773929.53
2025-03-17T15:08:52.000000Z,PLTR,2025-03-17T15:08:00.000000Z,85.6698,5646,-220774323.3148512,-11466376195.1278,-1843752728.699897,1122697.865024753,41515120.15685569,11787889.45163739,421283.97,18088361.91,1783558.83
2025-03-17T15:09:54.000000Z,PLTR,2025-03-17T15:09:00.000000Z,85.86,5646,-225690372.8212232,-11656957262.44271,-1855011630.775246,1461153.718563984,41612964.0956791,11861571.3443937,419973.93,18053348.06,1781474.70
2025-03-17T15:10:54.000000Z,PLTR,2025-03-17T15:10:00.000000Z,85.6992,5646,-224623446.0635465,-11424935430.66556,-1845504205.445962,1418566.590630455,41834426.9154947,12325784.27713458,422235.25,18066771.25,1782845.29
2025-03-17T15:11:56.000000Z,PLTR,2025-03-17T15:11:00.000000Z,85.9689,5646,-228500262.8246287,-11621409121.21897,-1868306748.492607,1469976.109459546,42649859.68049309,12473484.0209189,428116.07,18153654.81,1803771.75
2025-03-17T15:12:56.000000Z,PLTR,2025-03-17T15:12:00.000000Z,86.0999,5646,-224247984.3308387,-11612657459.5735,-1861756988.898851,1486925.659651252,43475486.82630912,12812036.19400996,421624.68,18152171.15,1801660.93
2025-03-17T15:13:56.000000Z,PLTR,2025-03-17T15:13:00.000000Z,86.06,5646,-220098573.436508,-11502964918.66296,-1855504913.476451,1483112.859447795,43388538.03368987,13029978.41892253,423215.37,18144280.47,1807358.40
2025-03-17T15:14:56.000000Z,PLTR,2025-03-17T15:14:00.000000Z,86.0406,5646,-222402596.9373858,-11557017432.9993,-1864585343.757049,1510807.985118924,43939600.39054151,13329411.96942288,427734.48,18190394.17,1819884.89
2025-03-17T15:15:56.000000Z,PLTR,2025-03-17T15:15:00.000000Z,86.075,5646,-250864672.5518199,-11610435295.12569,-1901643901.572618,1509331.661220398,43748510.38730215,13200747.77351376,460060.21,18185146.82,1861177.60
2025-03-17T15:16:50.000000Z,PLTR,2025-03-17T15:16:00.000000Z,85.975,5646,-242484554.3485162,-11497744823.19883,-1914306984.747317,1550068.015405564,43891074.91897206,13447314.70089565,457012.26,18199488.66,1874365.96
2025-03-17T15:17:50.000000Z,PLTR,2025-03-17T15:17:00.000000Z,86.2399,5646,-243542394.0413916,-11418652510.59106,-1918328609.095362,1706726.073852385,43449024.58554778,13151441.43774351,457104.48,18202332.79,1879302.55
2025-03-17T15:18:50.000000Z,PLTR,2025-03-17T15:18:00.000000Z,86.28,5646,-241697124.3283963,-11392872567.52367,-1920584664.553497,1677101.958060831,44668267.87342061,13934344.0204534,458380.69,18257474.36,1893885.35
2025-03-17T15:19:50.000000Z,PLTR,2025-03-17T15:19:00.000000Z,86.4282,5646,-241756527.4786221,-11417167776.65207,-1920026249.112386,1691053.942287933,44737306.99410869,13978725.73668463,458305.02,18255209.02,1891003.84
2025-03-17T15:20:50.000000Z,PLTR,2025-03-17T15:20:00.000000Z,86.45,5646,-243338859.92332,-11376196621.64801,-1928582009.001351,1598981.737138758,45620663.2070594,14500263.42810283,459670.49,18268702.91,1902373.00
2025-03-17T15:21:52.000000Z,PLTR,2025-03-17T15:21:00.000000Z,86.4499,5646,-242105121.0268983,-11439890707.88108,-1939728744.552898,1559260.940048683,45737894.9787162,14583450.30269269,456642.72,18320812.28,1911611.01
2025-03-17T15:22:52.000000Z,PLTR,2025-03-17T15:22:00.000000Z,86.51,5646,-237300120.4232662,-11441708058.74137,-1927186418.66716,1524007.891233735,45712619.6056399,14646239.81319246,453379.15,18292486.63,1900364.07
2025-03-17T15:23:52.000000Z,PLTR,2025-03-17T15:23:00.000000Z,86.31,5646,-240615302.7238254,-11547716685.45187,-1950042366.92902,1536635.026079617,46398311.0723288,14782754.37668297,459879.61,18291168.88,1922970.06
2025-03-17T15:24:52.000000Z,PLTR,2025-03-17T15:24:00.000000Z,86.29,5646,-241703853.1478969,-11427806538.53539,-1947518293.927881,1557837.016502935,44751872.34517561,14218830.01726541,458543.42,18224182.06,1916151.37
2025-03-17T15:25:52.000000Z,PLTR,2025-03-17T15:25:00.000000Z,86.225,5646,-241941829.0728599,-11423662439.58962,-1946782851.21462,1561780.675885012,44928233.50613652,14343928.36931362,458919.75,18229426.02,1916178.90
2025-03-17T15:26:52.000000Z,PLTR,2025-03-17T15:26:00.000000Z,86.11,5646,-243218069.0032886,-11564321423.98411,-1958597441.230474,1610775.934411027,44603075.98735708,14040868.99592414,454467.13,18167636.76,1918773.51
2025-03-17T15:27:52.000000Z,PLTR,2025-03-17T15:27:00.000000Z,86.03,5646,-249961793.4926621,-11578247770.17189,-1982677325.645977,1742247.785315851,44015852.39561573,13970329.91835695,459813.33,18236176.08,1938756.26
2025-03-17T15:28:54.000000Z,PLTR,2025-03-17T15:28:00.000000Z,86.115,5646,-248069522.9362718,-11522046659.24202,-1971168809.516374,1748017.762730958,43819952.14436998,13878177.04146156,457589.58,18178216.07,1931020.19
2025-03-17T15:29:56.000000Z,PLTR,2025-03-17T15:29:00.000000Z,85.90,5646,-250778214.2376715,-11456261306.14067,-1983462410.636424,1767728.070574068,44200440.17798309,14383993.22608389,461975.19,18250038.81,1952589.59
2025-03-17T15:30:56.000000Z,PLTR,2025-03-17T15:30:00.000000Z,86.13,5646,-248137336.9674106,-11601664189.48677,-1987991503.735072,1778504.905350352,43674881.05060798,13815483.4904879,455454.33,18178700.34,1942315.83
2025-03-17T15:31:56.000000Z,PLTR,2025-03-17T15:31:00.000000Z,86.055,5646,-247519956.0932095,-11559814424.29195,-1985979978.915928,1740331.639702959,44031050.29108141,14165980.80379169,455983.41,18204546.29,1945805.03
2025-03-17T15:32:58.000000Z,PLTR,2025-03-17T15:32:00.000000Z,85.96,5646,-246219739.2198102,-11509939990.86988,-2001737021.261271,1689729.912567543,43882942.05349179,14235327.45305138,457116.36,18208906.60,1960651.68
2025-03-17T15:33:50.000000Z,PLTR,2025-03-17T15:33:00.000000Z,85.725,5646,-249647639.9684594,-11615612215.20496,-2020869634.354306,1708408.089718444,43175451.00079902,13686714.82890958,457234.20,18150612.34,1964909.82
2025-03-17T15:34:50.000000Z,PLTR,2025-03-17T15:34:00.000000Z,85.58,5646,-249496500.618284,-11595964927.11858,-2025460418.193723,1680553.115379833,43029515.8414458,13610874.35719401,457947.02,18119911.39,1970764.76
2025-03-17T15:35:52.000000Z,PLTR,2025-03-17T15:35:00.000000Z,85.57,5646,-251732219.4668875,-11555876251.06035,-2034966741.991514,1669857.769811936,42070017.6324545,13310185.08666103,459671.91,18148794.11,1976513.61
2025-03-17T15:36:52.000000Z,PLTR,2025-03-17T15:36:00.000000Z,85.8763,5646,-248732652.1185855,-11658921669.61066,-2037536882.404327,1653400.866398847,41557575.4441437,12796329.89808311,455346.74,18098920.21,1962598.12
2025-03-17T15:37:54.000000Z,PLTR,2025-03-17T15:37:00.000000Z,85.9201,5646,-247579330.9385577,-11440505405.99005,-2027237212.818546,1601209.367544156,41114777.11899285,13035145.53338739,457555.34,18068810.29,1963942.31
2025-03-17T15:38:58.000000Z,PLTR,2025-03-17T15:38:00.000000Z,85.89,5646,-247978755.3277015,-11479634492.64502,-2043994624.390015,1598528.851714106,42344226.89997684,13657432.31931786,459061.31,18117423.27,1981765.59
2025-03-17T15:39:50.000000Z,PLTR,2025-03-17T15:39:00.000000Z,85.68,5646,-247396759.8742669,-11467323253.50719,-2048936400.134852,1599803.496775001,42678548.00800315,13898655.32006609,459700.43,18117337.59,1990465.72
2025-03-17T15:40:54.000000Z,PLTR,2025-03-17T15:40:00.000000Z,85.635,5646,-252188808.0417475,-11595682871.91088,-2086781817.77471,1644164.1996246,42500253.16183323,13738511.94521893,463425.52,18174986.95,2016010.38
2025-03-17T15:41:58.000000Z,PLTR,2025-03-17T15:41:00.000000Z,85.7499,5646,-252144138.7581589,-11621359515.42234,-2095722271.77051,1585109.515776962,41763142.23987848,13308650.11050339,462289.54,18141749.80,2008300.07
2025-03-17T15:42:58.000000Z,PLTR,2025-03-17T15:42:00.000000Z,85.49,5646,-253505404.5923707,-11498830621.39902,-2085963419.246247,1607563.935425978,41418910.26734482,13376245.70206872,463456.28,18064575.18,2004385.96
2025-03-17T15:43:58.000000Z,PLTR,2025-03-17T15:43:00.000000Z,85.4868,5646,-253488215.2837987,-11509732286.19084,-2117512000.366005,1671954.204347504,41441916.14065541,13621931.79848926,466259.43,18138672.41,2032465.99
2025-03-17T15:44:58.000000Z,PLTR,2025-03-17T15:44:00.000000Z,85.56,5646,-251266547.4502956,-11515544918.62941,-2109253464.856447,1657265.685967427,40770503.16692361,13197176.3175097,462567.55,18066871.28,2020933.28
2025-03-17T15:45:58.000000Z,PLTR,2025-03-17T15:45:00.000000Z,85.5873,5646,-252495219.2610857,-11518674141.89955,-2115297754.573055,1737792.506270256,41068419.47227433,13469924.2738551,465278.04,18122243.16,2034043.25
2025-03-17T15:46:58.000000Z,PLTR,2025-03-17T15:46:00.000000Z,85.6699,5646,-253182975.1134139,-11465934815.53865,-2108490185.338689,1764853.195170056,40914786.08882932,13468083.50777363,465715.07,18089590.98,2028828.45
2025-03-17T15:47:58.000000Z,PLTR,2025-03-17T15:47:00.000000Z,85.695,5646,-251398669.2124586,-11625332154.10301,-2124244209.909843,1793013.17175748,41793883.90458167,13668723.7142126,464667.02,18150705.97,2042463.70
2025-03-17T15:48:58.000000Z,PLTR,2025-03-17T15:48:00.000000Z,85.7238,5646,-255249866.1234919,-11539954206.26953,-2166895219.772315,1945613.547803294,41593859.07515945,13734796.10848858,470948.14,18158725.61,2066584.71
2025-03-17T15:49:58.000000Z,PLTR,2025-03-17T15:49:00.000000Z,85.76,5646,-254778854.4179853,-11490923983.50416,-2165069513.350218,2001228.015480839,42115104.04373825,13952468.168829,472931.30,18145039.33,2069547.35
2025-03-17T15:50:58.000000Z,PLTR,2025-03-17T15:50:00.000000Z,85.6247,5646,-256224770.8796492,-11505284657.13237,-2176529424.320077,1990515.918383237,42108513.76179685,13992842.97681427,473690.88,18159703.87,2082518.82
2025-03-17T15:51:54.000000Z,PLTR,2025-03-17T15:51:00.000000Z,85.7793,5646,-252639331.0355455,-11707359961.21386,-2185220758.088111,1950611.534870947,41946236.70166874,13546903.5312422,468879.42,18148366.85,2077295.11
2025-03-17T15:52:54.000000Z,PLTR,2025-03-17T15:52:00.000000Z,85.826,5646,-277471793.7405929,-11470700600.41839,-2197512176.812431,2126935.764448941,42099453.53149116,14166824.67674867,497222.95,18176741.49,2107686.17
2025-03-17T15:53:54.000000Z,PLTR,2025-03-17T15:53:00.000000Z,86.0347,5646,-271233375.4566619,-11579507151.99612,-2204641426.516812,2127444.210150888,42931601.63712511,14371249.96509719,491849.73,18183861.29,2112809.94
2025-03-17T15:54:54.000000Z,PLTR,2025-03-17T15:54:00.000000Z,85.9881,5646,-271955160.740072,-11545090169.205,-2207994989.738864,2112000.483777953,43539085.38309291,14835143.2945325,494761.93,18237897.02,2124291.28
2025-03-17T15:55:58.000000Z,PLTR,2025-03-17T15:55:00.000000Z,85.88,5646,-271108769.2353231,-11636971904.68427,-2214029607.521692,2134324.433464918,43660878.75147533,14725055.3877624,492090.23,18212104.36,2122172.66
2025-03-17T15:56:58.000000Z,PLTR,2025-03-17T15:56:00.000000Z,85.943,5646,-272448444.0750481,-11640993479.80485,-2223855960.537585,2121356.86349179,43023615.15844512,14437735.2023408,492871.27,18223744.25,2128327.57
2025-03-17T15:57:52.000000Z,PLTR,2025-03-17T15:57:00.000000Z,85.85,5646,-271420271.1597758,-11635366134.90646,-2219384878.954568,2119520.930269565,42732777.53633857,14314363.37064115,490551.20,18198520.55,2123778.96
2025-03-17T15:58:52.000000Z,PLTR,2025-03-17T15:58:00.000000Z,85.77,5646,-270337362.2428069,-11575389637.94193,-2217753058.955582,1969068.723225968,42839402.26360564,14442482.37815476,491836.20,18229375.39,2130397.41
2025-03-17T15:59:54.000000Z,PLTR,2025-03-17T15:59:00.000000Z,85.91,5646,-270304581.6236314,-11559571322.60082,-2225763081.153305,1989783.983694149,42575119.92504132,14337412.70266563,491426.45,18222641.39,2132112.85
2025-03-17T16:00:56.000000Z,PLTR,2025-03-17T16:00:00.000000Z,85.79,5646,-272879008.2435032,-11489124635.47275,-2216591071.167527,1943173.340097303,42633636.54855542,14523222.55077932,494476.92,18219141.94,2130368.96
2025-03-17T16:01:56.000000Z,PLTR,2025-03-17T16:01:00.000000Z,85.76,5646,-272482914.2027128,-11561952761.34588,-2222662756.685184,1942015.222791165,42463927.38227637,14192617.8209245,492003.30,18188461.59,2127292.76
2025-03-17T16:02:56.000000Z,PLTR,2025-03-17T16:02:00.000000Z,85.96,5646,-274606119.6272426,-11507340582.63205,-2230041169.101879,1959817.918545788,42239713.27402359,14299327.84463584,495702.01,18243183.66,2137060.50
2025-03-17T16:03:58.000000Z,PLTR,2025-03-17T16:03:00.000000Z,85.95,5646,-271575161.4902852,-11561775054.91976,-2215913647.054024,2007854.144628806,43136345.68478057,14616401.19365015,492889.22,18215482.60,2127945.33
2025-03-17T16:04:52.000000Z,PLTR,2025-03-17T16:04:00.000000Z,86.1477,5646,-276502321.9905034,-11649249740.14011,-2232929054.149459,2012415.524002545,43595758.86991166,14828517.19087789,496536.44,18296244.70,2141855.50
2025-03-17T16:05:52.000000Z,PLTR,2025-03-17T16:05:00.000000Z,86.1154,5646,-276880851.8975449,-11589120073.42727,-2223936195.66875,2043318.293436548,44318047.13234484,15210301.14428584,497883.48,18248441.16,2138884.28
2025-03-17T16:06:52.000000Z,PLTR,2025-03-17T16:06:00.000000Z,86.35,5646,-279578382.4857339,-11615831504.0449,-2239174617.018301,2142277.911678597,44438669.59212564,15271641.4780913,502820.79,18325744.19,2160467.04
2025-03-17T16:07:52.000000Z,PLTR,2025-03-17T16:07:00.000000Z,86.52,5646,-276495103.9920062,-11496333917.70537,-2232096812.973001,2139168.450168688,45808455.6083531,16206875.14048671,503304.73,18345684.36,2170774.08
2025-03-17T16:08:52.000000Z,PLTR,2025-03-17T16:08:00.000000Z,86.41,5646,-276376810.5527169,-11516723227.28774,-2234007575.064694,2154004.727437481,46231976.7774213,16395301.46592099,500097.56,18326335.69,2168535.68
2025-03-17T16:09:52.000000Z,PLTR,2025-03-17T16:09:00.000000Z,86.52,5646,-279759867.3053279,-11583225566.50253,-2244342337.588358,2157966.453174552,46201999.2413236,16223187.930728,503229.35,18312449.22,2185576.21
2025-03-17T16:10:52.000000Z,PLTR,2025-03-17T16:10:00.000000Z,86.5854,5646,-276027752.1306354,-11522732075.44679,-2240814682.481191,2082838.763190161,46562976.6460114,16607054.0282434,500800.18,18323190.63,2188840.74
2025-03-17T16:11:52.000000Z,PLTR,2025-03-17T16:11:00.000000Z,86.5952,5646,-275358998.0645708,-11560599954.75296,-2247650185.357985,2068090.011716954,46858903.8739945,16661054.78396931,505822.64,18318500.10,2195559.65
2025-03-17T16:12:52.000000Z,PLTR,2025-03-17T16:12:00.000000Z,86.424,5646,-273317169.4653985,-11653840536.23137,-2245378473.281126,2095520.696406312,46950640.7629466,16656113.3326292,508880.71,18295703.76,2199922.51
2025-03-17T16:13:52.000000Z,PLTR,2025-03-17T16:13:00.000000Z,86.50,5646,-275410661.7613239,-11458914334.19848,-2255848179.940472,2194054.563687347,45877625.6468739,16289690.62746979,515639.50,18339893.17,2209141.93
2025-03-17T16:14:54.000000Z,PLTR,2025-03-17T16:14:00.000000Z,86.435,5646,-273871503.5052908,-11423306910.50203,-2245632904.188369,2255559.403932065,46215672.4627048,16530707.35581596,515551.31,18322961.78,2203735.87
2025-03-17T16:15:54.000000Z,PLTR,2025-03-17T16:15:00.000000Z,86.2501,5646,-279003098.6139287,-11485595967.92491,-2255148407.213707,2283160.427555235,45837421.6664003,16205458.59808901,515900.00,18262759.61,2203469.84
2025-03-17T16:16:54.000000Z,PLTR,2025-03-17T16:16:00.000000Z,86.2101,5646,-282985425.9006157,-11490689319.32387,-2273890962.673315,2245295.859946078,44984720.60580385,15788280.69961313,518740.55,18283042.22,2213032.98
2025-03-17T16:17:46.000000Z,PLTR,2025-03-17T16:17:00.000000Z,86.28,5646,-285057207.8920255,-11510457538.16776,-2276105178.460657,2252638.282687806,44960796.18208328,15749417.54097555,522094.90,18284540.36,2215582.32
2025-03-17T16:18:50.000000Z,PLTR,2025-03-17T16:18:00.000000Z,86.32,5646,-283950970.7760205,-11486141277.27978,-2265962334.084899,2202393.746952502,45324141.1643129,15906899.0960728,521244.08,18253194.76,2211576.44
2025-03-17T16:19:50.000000Z,PLTR,2025-03-17T16:19:00.000000Z,86.1098,5646,-286437158.1336478,-11546104193.8901,-2274931377.111047,2114801.146499999,45328442.5407893,15776617.8571046,523174.16,18236880.20,2217814.16
2025-03-17T16:20:54.000000Z,PLTR,2025-03-17T16:20:00.000000Z,85.98,5646,-286399910.6951786,-11555952227.79647,-2284387963.503326,2076849.881240895,44441365.95157819,15287560.5332127,520978.53,18199343.75,2214738.67
2025-03-17T16:21:54.000000Z,PLTR,2025-03-17T16:21:00.000000Z,86.0099,5646,-288563418.9143776,-11488444022.97886,-2310517089.045802,2170360.890853163,43672078.70671175,15101796.75642663,525692.77,18234428.04,2240472.10
2025-03-17T16:22:54.000000Z,PLTR,2025-03-17T16:22:00.000000Z,85.7601,5646,-291494114.4276474,-11548994109.68105,-2321290312.272494,2148637.067023037,43475304.56288683,14855247.4359238,527164.50,18200196.75,2247004.57
2025-03-17T16:23:54.000000Z,PLTR,2025-03-17T16:23:00.000000Z,85.72,5646,-293122282.6665444,-11431475145.80506,-2325926157.851776,2132015.155860458,42285490.64718643,14462513.36390007,527823.69,18182927.88,2248677.86
2025-03-17T16:24:58.000000Z,PLTR,2025-03-17T16:24:00.000000Z,85.7047,5646,-296213513.166284,-11587861491.65882,-2342751361.996852,2151223.784900073,42178717.12384877,14133579.96528257,532112.62,18195569.91,2260056.66
2025-03-17T16:25:50.000000Z,PLTR,2025-03-17T16:25:00.000000Z,85.635,5646,-296615883.1327795,-11555685433.89869,-2335191044.504695,2133346.621848125,41996765.23283097,14095927.02542967,533422.36,18183860.89,2255796.57
2025-03-17T16:26:50.000000Z,PLTR,2025-03-17T16:26:00.000000Z,85.53,5646,-308113397.4073725,-11490329891.23368,-2348992390.776505,2545242.743116349,41365458.81821051,14278780.843394,544758.54,18156731.61,2274338.27
2025-03-17T16:27:50.000000Z,PLTR,2025-03-17T16:27:00.000000Z,85.4991,5646,-309279292.1136509,-11648199766.49558,-2362388226.285667,2561509.504978107,41184813.88271907,13891335.50898553,544523.56,18160149.00,2279018.40
2025-03-17T16:28:50.000000Z,PLTR,2025-03-17T16:28:00.000000Z,85.3827,5646,-311684613.5536264,-11729583594.89834,-2374009935.334599,2398547.973776171,40775091.51991849,13354507.39900979,543285.32,18100227.87,2273713.66
2025-03-17T16:29:50.000000Z,PLTR,2025-03-17T16:29:00.000000Z,85.1719,5646,-317738995.6030027,-11573984865.40739,-2373303192.94285,2244451.288414938,39752310.23059109,13183317.80767588,548752.71,18108877.29,2276824.95
2025-03-17T16:30:50.000000Z,PLTR,2025-03-17T16:30:00.000000Z,85.04,5646,-330392782.8526424,-11548366139.92964,-2388718767.261354,2359330.92976946,38490496.46702625,12547473.82181094,555003.88,18018257.33,2271343.16
2025-03-17T16:31:50.000000Z,PLTR,2025-03-17T16:31:00.000000Z,85.29,5646,-325459843.6812452,-11610925060.22637,-2389953095.162312,2284255.06187629,38664816.72967097,12530797.229561,548871.30,17984824.24,2266312.51
2025-03-17T16:32:50.000000Z,PLTR,2025-03-17T16:32:00.000000Z,85.04,5646,-328041868.3214178,-11700932880.07391,-2418250262.751964,1982315.972387567,39016985.20018186,12368904.50235262,546757.21,18002997.08,2292785.71
2025-03-17T16:33:50.000000Z,PLTR,2025-03-17T16:33:00.000000Z,85.05,5646,-328861129.0810834,-11570316913.91375,-2410399393.178206,1866690.011219109,38365337.55066167,12109604.0301111,550128.32,18028987.93,2293198.97
2025-03-17T16:34:50.000000Z,PLTR,2025-03-17T16:34:00.000000Z,85.2282,5646,-329927322.0202833,-11519487182.81309,-2408427273.928408,1823601.142910814,38463310.13070536,12261611.9395408,553578.99,18076650.28,2296021.52
2025-03-17T16:35:52.000000Z,PLTR,2025-03-17T16:35:00.000000Z,85.24,5646,-326334554.1891061,-11582108992.35635,-2400534862.563683,1793265.430931294,39443397.1505383,12645372.71716827,549350.73,18021571.74,2289127.40
2025-03-17T16:36:52.000000Z,PLTR,2025-03-17T16:36:00.000000Z,85.1301,5646,-329603921.7513108,-11562902345.54951,-2413087563.884116,1819581.920763986,39420630.79332127,12793353.77475095,553040.20,18054688.44,2302056.82
2025-03-17T16:37:58.000000Z,PLTR,2025-03-17T16:37:00.000000Z,85.2579,5646,-327172047.634104,-11732644028.14145,-2416972338.005342,1796777.0957327,39012041.26866143,12184256.85741993,549013.02,18034924.98,2293508.70
2025-03-17T16:38:58.000000Z,PLTR,2025-03-17T16:38:00.000000Z,85.30,5646,-322814113.5890009,-11518994078.51275,-2423774770.738305,1727860.453267584,39382072.38635776,12861299.53460741,550000.46,18052295.82,2314048.38
2025-03-17T16:39:50.000000Z,PLTR,2025-03-17T16:39:00.000000Z,85.17,5646,-322344138.6633585,-11574824076.34951,-2430543241.439358,1753715.45713597,39669200.72509235,12996943.19610548,549744.22,18077781.66,2323748.40
2025-03-17T16:40:52.000000Z,PLTR,2025-03-17T16:40:00.000000Z,84.96,5646,-320979259.7231759,-11775557468.49834,-2455103066.781536,1713899.514416978,39174257.35056737,12393042.14283603,544456.31,18022996.93,2322772.22
2025-03-17T16:41:52.000000Z,PLTR,2025-03-17T16:41:00.000000Z,84.68,5646,-318403820.3367087,-11682904493.73793,-2456287002.72022,1309130.258598294,37876912.25326818,11647142.67181411,539530.75,18000789.03,2319553.24
2025-03-17T16:42:52.000000Z,PLTR,2025-03-17T16:42:00.000000Z,84.58,5646,-320163355.7853555,-11628089729.31081,-2470081730.920287,1123698.938086769,36056495.67498715,10681256.91937036,540011.50,17949785.36,2316183.68
2025-03-17T16:43:52.000000Z,PLTR,2025-03-17T16:43:00.000000Z,84.72,5646,-342612210.9769206,-11486532282.39465,-2483804584.887419,1499328.567131763,36084055.59054013,11649322.55962539,558056.60,17939450.85,2334994.10
2025-03-17T16:44:54.000000Z,PLTR,2025-03-17T16:44:00.000000Z,84.7048,5646,-336821932.9938238,-11712540482.99922,-2496281280.754929,1400992.922123618,36850807.46422681,11521544.83655266,553147.47,17942319.69,2339592.55
2025-03-17T16:45:54.000000Z,PLTR,2025-03-17T16:45:00.000000Z,84.68,5646,-339889447.9845333,-11667198695.18296,-2510996194.733306,1394764.678675074,36848008.44096857,11765882.15576387,557476.58,17984166.21,2357272.56
2025-03-17T16:46:54.000000Z,PLTR,2025-03-17T16:46:00.000000Z,84.86,5646,-339588847.6079964,-11637776587.35815,-2510424038.062548,1360188.861732435,36569125.96406575,11672614.05571797,558654.70,17980503.23,2357169.75
2025-03-17T16:47:54.000000Z,PLTR,2025-03-17T16:47:00.000000Z,84.825,5646,-340332629.2576075,-11620801022.15951,-2502438271.517618,1449620.125135588,36935569.13910064,11831259.43665345,559809.24,17979753.06,2358623.48
2025-03-17T16:48:56.000000Z,PLTR,2025-03-17T16:48:00.000000Z,84.93,5646,-339014156.2752699,-11734986142.56181,-2504850207.543859,1463838.950972114,37488359.91550151,11872152.16083272,555636.56,18008702.44,2356719.24
2025-03-17T16:49:56.000000Z,PLTR,2025-03-17T16:49:00.000000Z,85.0621,5646,-341357525.7958372,-11751210717.54953,-2508468140.856433,1632897.109806871,38231119.49032813,12275417.56105296,560394.97,18094819.47,2369256.26
2025-03-17T16:50:56.000000Z,PLTR,2025-03-17T16:50:00.000000Z,85.125,5646,-342499698.0293978,-11546998690.75697,-2498156756.18031,1688745.876596917,38424988.03204399,12778652.63320063,563762.51,18095033.26,2375888.67
2025-03-17T16:51:58.000000Z,PLTR,2025-03-17T16:51:00.000000Z,85.28,5646,-338642093.9877452,-11686302492.05573,-2507271444.616117,1661116.658755034,38639195.2890539,12573306.12071429,561123.09,18139735.45,2377310.44
2025-03-17T16:52:52.000000Z,PLTR,2025-03-17T16:52:00.000000Z,85.24,5646,-332320618.8441865,-11600367120.59084,-2508002384.786385,1593682.570161576,39542482.02549405,13294669.66740134,558632.07,18139374.67,2386278.13
2025-03-17T16:53:52.000000Z,PLTR,2025-03-17T16:53:00.000000Z,85.09,5646,-336696834.0576146,-11624879272.61146,-2527909010.304261,1596458.682087844,38856643.02952984,13078095.62562854,562019.27,18131878.46,2399848.78
2025-03-17T16:54:52.000000Z,PLTR,2025-03-17T16:54:00.000000Z,85.1649,5646,-331361818.4232811,-11722921453.45714,-2525084645.061319,1596555.145370137,38918913.28741224,12699500.93757784,554499.32,18076151.59,2382162.91
2025-03-17T16:55:52.000000Z,PLTR,2025-03-17T16:55:00.000000Z,85.2467,5646,-327079243.2100214,-11682087651.36311,-2528246700.379499,1569855.383404786,39217673.33077656,13000707.49714598,554120.51,18100130.99,2391342.83
2025-03-17T16:56:54.000000Z,PLTR,2025-03-17T16:56:00.000000Z,85.09,5646,-327004726.6884575,-11710064681.73393,-2533249134.285585,1599895.634060437,39422422.87391266,13095528.59188483,553564.98,18094924.37,2395717.11
2025-03-17T16:57:58.000000Z,PLTR,2025-03-17T16:57:00.000000Z,85.11,5646,-341661891.388761,-11641868462.00833,-2554159652.80846,1522980.137541018,38878767.295782,13003913.85026432,562503.68,18149215.22,2412249.79
2025-03-17T16:58:58.000000Z,PLTR,2025-03-17T16:58:00.000000Z,85.0262,5646,-341991402.9779943,-11679086529.11604,-2556394850.137686,1539880.180865001,38706054.94405489,12672966.22114993,560716.99,18102614.89,2405547.07
2025-03-17T16:59:58.000000Z,PLTR,2025-03-17T16:59:00.000000Z,85.0831,5646,-343573926.7587349,-11536421738.08032,-2547490497.491644,1568846.669027347,38472415.3296828,12912488.90909974,564313.10,18115284.47,2407120.89
2025-03-17T17:00:58.000000Z,PLTR,2025-03-17T17:00:00.000000Z,84.9602,5646,-342929331.9039676,-11546698679.19955,-2546185474.506536,1591621.609123947,38592586.65046462,12919868.92200362,563876.10,18080453.92,2403945.35
2025-03-17T17:01:58.000000Z,PLTR,2025-03-17T17:01:00.000000Z,84.93,5646,-346866299.232142,-11569227608.99545,-2554494418.590906,1585183.833519431,37981236.08465122,12503672.03007596,565182.07,18064990.16,2401700.68
2025-03-17T17:02:58.000000Z,PLTR,2025-03-17T17:02:00.000000Z,84.98,5646,-346416228.8301428,-11644938342.23269,-2560442100.357206,1552072.79037264,37864102.11841618,12152864.67124245,563889.12,18061160.39,2397228.21
2025-03-17T17:03:50.000000Z,PLTR,2025-03-17T17:03:00.000000Z,84.867,5646,-345502734.6401805,-11666557166.97112,-2559902788.992197,1548986.79538212,38078916.25368853,12190188.76748462,561638.51,18024422.34,2395076.87
2025-03-17T17:04:56.000000Z,PLTR,2025-03-17T17:04:00.000000Z,84.869,5646,-345755765.3760956,-11723395929.98898,-2568114173.38443,1511915.041007768,37588747.59481609,11839675.8793347,561677.62,18029359.94,2397632.28
2025-03-17T17:05:48.000000Z,PLTR,2025-03-17T17:05:00.000000Z,85.02,5646,-346531250.7693895,-11629581041.79523,-2563583776.409612,1524415.056757908,37706953.92573968,12178616.4291648,564339.93,18064879.55,2404051.87
2025-03-17T17:06:52.000000Z,PLTR,2025-03-17T17:06:00.000000Z,85.1731,5646,-342274187.0649729,-11660255355.54573,-2551367814.757068,1503334.298155205,38997108.92089824,12658482.29536012,561214.67,18046786.57,2399186.99
2025-03-17T17:07:58.000000Z,PLTR,2025-03-17T17:07:00.000000Z,85.27,5646,-347272786.0135689,-11652752522.94882,-2563726646.303045,1608873.619239163,38970792.02358659,12838515.36332977,569726.61,18140895.09,2418330.17
2025-03-17T17:08:58.000000Z,PLTR,2025-03-17T17:08:00.000000Z,85.24,5646,-353291986.2149392,-11677193852.2689,-2565230426.23434,1852281.741740815,39134403.31735116,12701943.49614767,577550.29,18125739.00,2413881.26
2025-03-17T17:09:58.000000Z,PLTR,2025-03-17T17:09:00.000000Z,85.2401,5646,-355925551.0221618,-11656779462.14982,-2574167542.404367,1937022.203370553,39260316.32129023,12902880.52481133,580135.26,18168424.55,2427005.52
2025-03-17T17:10:58.000000Z,PLTR,2025-03-17T17:10:00.000000Z,85.1934,5646,-356306399.5139991,-11585738482.24725,-2568202422.996317,1963364.975038888,39600584.65146239,13309309.20489772,581268.10,18171825.23,2428360.14
2025-03-17T17:11:50.000000Z,PLTR,2025-03-17T17:11:00.000000Z,85.1279,5646,-355523079.3340728,-11687734868.8295,-2570836635.73626,1940261.621903205,39056758.95200841,12753608.43915289,578058.76,18119013.86,2418546.43
2025-03-17T17:12:50.000000Z,PLTR,2025-03-17T17:12:00.000000Z,85.1498,5646,-357485981.3697403,-11618193054.57139,-2572438076.048839,1963821.846118847,38791042.76208505,12635070.42191844,578977.54,18092301.19,2417033.27
2025-03-17T17:13:52.000000Z,PLTR,2025-03-17T17:13:00.000000Z,85.18,5646,-359047261.0956444,-11619315076.31052,-2578939330.885335,1980816.953532679,38878756.05105455,12752667.53767341,581234.31,18144013.32,2427370.12
2025-03-17T17:14:54.000000Z,PLTR,2025-03-17T17:14:00.000000Z,85.295,5646,-359978619.5408887,-11590145446.80313,-2581404071.224668,1986080.067868166,39145100.05795388,12981645.4568345,583720.47,18167444.67,2434966.28
2025-03-17T17:15:54.000000Z,PLTR,2025-03-17T17:15:00.000000Z,85.2798,5646,-359530849.7977888,-11641979052.8023,-2578098668.520472,2013609.774034919,39582536.50774346,13154103.95134717,583899.92,18137296.32,2432687.98
2025-03-17T17:16:54.000000Z,PLTR,2025-03-17T17:16:00.000000Z,85.124,5646,-360173686.901918,-11664296662.88644,-2584255240.273951,1959195.48607732,38781419.22593711,12646227.91230226,580544.55,18121455.66,2430711.12
2025-03-17T17:17:54.000000Z,PLTR,2025-03-17T17:17:00.000000Z,85.0002,5646,-362875865.1856321,-11546053929.24025,-2582225090.649569,1956003.623201707,38555044.4015812,12891208.71547984,587652.53,18138594.64,2439981.62
2025-03-17T17:18:56.000000Z,PLTR,2025-03-17T17:18:00.000000Z,85.1303,5646,-361407188.0179731,-11575460283.77032,-2580487569.098689,1941587.228011958,38596583.09185951,12724948.49332202,582335.80,18129780.20,2437239.31
2025-03-17T17:19:50.000000Z,PLTR,2025-03-17T17:19:00.000000Z,85.1099,5646,-362373924.2357526,-11673853489.64329,-2588610746.698081,1977865.469817964,38771130.16075009,12619444.17667006,582952.65,18121316.56,2440653.35
2025-03-17T17:20:58.000000Z,PLTR,2025-03-17T17:20:00.000000Z,85.1399,5646,-365169618.2510845,-11563103877.10285,-2597623398.046818,1993505.0095909,38641578.23844649,12848956.21581283,586418.05,18148824.00,2454284.66
2025-03-17T17:21:54.000000Z,PLTR,2025-03-17T17:21:00.000000Z,85.25,5646,-362431154.4626507,-11683435191.65833,-2594247475.92694,2010231.930563726,39072502.19889879,12815952.95275251,584748.60,18158716.62,2447689.24
2025-03-17T17:22:56.000000Z,PLTR,2025-03-17T17:22:00.000000Z,85.2902,5646,-362423564.2128541,-11539673944.76684,-2582261261.903754,2145001.503862254,39661107.18562384,13345753.02138357,589141.65,18156816.92,2455319.82
2025-03-17T17:23:50.000000Z,PLTR,2025-03-17T17:23:00.000000Z,85.4451,5646,-361722730.4740958,-11629237022.87183,-2591922310.323078,2241067.514484113,39968148.48942757,13229140.39012839,590197.56,18202249.42,2460955.50
2025-03-17T17:24:54.000000Z,PLTR,2025-03-17T17:24:00.000000Z,85.43,5646,-363447173.7544434,-11602916463.07759,-2587506319.48998,2402408.730877336,40341518.6647753,13564832.89017895,589691.13,18234938.37,2471666.32
2025-03-17T17:25:54.000000Z,PLTR,2025-03-17T17:25:00.000000Z,85.57,5646,-364023931.2131981,-11522328491.55853,-2589316861.137787,2401165.707026638,40473570.20388608,13885145.26890259,601200.60,18254714.53,2487182.32
2025-03-17T17:26:54.000000Z,PLTR,2025-03-17T17:26:00.000000Z,85.66,5646,-364117780.5772114,-11580156842.3631,-2591036296.452179,2596748.515202191,41370250.14212827,14138193.04313721,603156.20,18314511.53,2501394.60
2025-03-17T17:27:54.000000Z,PLTR,2025-03-17T17:27:00.000000Z,85.6793,5646,-361327819.7249897,-11622399300.0323,-2591051632.515401,2581118.009472139,41986114.93677853,14607055.16773733,602103.68,18342776.64,2511971.85
2025-03-17T17:28:56.000000Z,PLTR,2025-03-17T17:28:00.000000Z,85.63,5646,-359899846.2716996,-11510916801.53901,-2593121189.558727,2517029.696539454,41669834.79102248,14431554.4744223,596620.28,18332578.81,2513442.97
2025-03-17T17:29:58.000000Z,PLTR,2025-03-17T17:29:00.000000Z,85.5501,5646,-361874992.3476955,-11620924111.53328,-2615730028.589639,2552173.450570058,41409698.83039619,14360065.07183196,577719.39,18303683.78,2537262.45
2025-03-17T17:30:58.000000Z,PLTR,2025-03-17T17:30:00.000000Z,85.4564,5646,-366417548.2143099,-11511750552.02037,-2625398405.99747,2561996.351261346,40971762.29253134,14398732.35439519,581547.70,18320247.28,2546219.44
2025-03-17T17:31:58.000000Z,PLTR,2025-03-17T17:31:00.000000Z,85.39,5646,-368441968.6888789,-11542052248.25794,-2628197618.928755,2558782.04317902,40719465.56627134,14088008.80209076,588143.36,18278303.42,2548505.32
2025-03-17T17:32:50.000000Z,PLTR,2025-03-17T17:32:00.000000Z,85.48,5646,-372709201.6911038,-11450337002.18417,-2627146463.204776,2543181.871906422,40252628.87918511,14064425.04061862,592108.23,18298488.84,2550966.19
2025-03-17T17:33:54.000000Z,PLTR,2025-03-17T17:33:00.000000Z,85.6187,5646,-371253500.1448285,-11567845936.56548,-2631293000.271046,2551039.219410431,40904004.06630263,14208859.26015753,591317.50,18334878.38,2554969.63
2025-03-17T17:34:56.000000Z,PLTR,2025-03-17T17:34:00.000000Z,85.7181,5646,-369555645.2086251,-11431871690.20309,-2623293458.97345,2601446.303560915,41699468.29296644,15121707.70354041,593700.71,18350395.33,2567605.20
2025-03-17T17:35:58.000000Z,PLTR,2025-03-17T17:35:00.000000Z,85.77,5646,-357259962.3289575,-11640903356.87074,-2650033708.903718,2070241.719109967,42001404.40496227,15339852.6348224,578504.70,18374381.87,2582552.61
2025-03-17T17:36:58.000000Z,PLTR,2025-03-17T17:36:00.000000Z,85.9184,5646,-344688891.7574564,-11502385636.69955,-2644740952.53763,2252695.849676898,43021643.65213569,16222709.11828676,586412.97,18378769.19,2592782.80
2025-03-17T17:37:58.000000Z,PLTR,2025-03-17T17:37:00.000000Z,85.897,5646,-342156987.6236578,-11607608711.67981,-2651404682.147355,2220539.142868888,43037330.45713209,16160094.32892936,584366.63,18371702.08,2593909.11
2025-03-17T17:38:58.000000Z,PLTR,2025-03-17T17:38:00.000000Z,85.945,5646,-341496754.6608858,-11564632315.21586,-2652869379.620535,2167454.454276197,43180014.43143769,16334184.30878029,581340.94,18378872.99,2599672.91
2025-03-17T17:39:58.000000Z,PLTR,2025-03-17T17:39:00.000000Z,85.89,5646,-340159154.4122632,-11609822359.20254,-2659070507.807974,2160236.77713564,43211595.66933839,16379424.50447254,578465.88,18350833.27,2597986.34
2025-03-17T17:40:58.000000Z,PLTR,2025-03-17T17:40:00.000000Z,85.9601,5646,-342316556.5100868,-11422146762.71055,-2662639927.040768,2161702.481497148,42858943.7117624,16669569.6378119,582597.34,18375972.94,2610804.83
2025-03-17T17:41:58.000000Z,PLTR,2025-03-17T17:41:00.000000Z,85.895,5646,-339031974.7897526,-11538947850.56016,-2661093874.031934,2221146.985062344,43371420.19178429,16747119.0090563,577397.90,18369818.28,2608185.08
2025-03-17T17:42:54.000000Z,PLTR,2025-03-17T17:42:00.000000Z,85.9889,5646,-337505354.1849519,-11558728810.51803,-2664269722.415644,2330310.181328209,43521493.52093324,16803554.92350807,576161.51,18370213.48,2613662.54
2025-03-17T17:43:54.000000Z,PLTR,2025-03-17T17:43:00.000000Z,86.2002,5646,-330239476.782238,-11569758753.91785,-2672196707.804119,2290362.825249363,44322355.40488257,17297534.60804192,571147.31,18369406.37,2621665.19
2025-03-17T17:44:54.000000Z,PLTR,2025-03-17T17:44:00.000000Z,86.065,5646,-321392820.8450984,-11718784629.04399,-2683416135.142154,2263678.838841906,44542256.55244969,17157247.25563289,561027.63,18301952.10,2615269.88
2025-03-17T17:45:54.000000Z,PLTR,2025-03-17T17:45:00.000000Z,85.94,5646,-324669851.0324414,-11640499319.89794,-2701729791.671893,2238507.340076817,43681707.11536624,17097762.02016338,565727.40,18318884.50,2629679.67
2025-03-17T17:46:56.000000Z,PLTR,2025-03-17T17:46:00.000000Z,85.89,5646,-323980542.5300075,-11646553951.60139,-2717160620.806786,2193380.681052163,42880232.55683553,16676203.37940138,566094.90,18352296.64,2637889.38
2025-03-17T17:47:58.000000Z,PLTR,2025-03-17T17:47:00.000000Z,86.01,5646,-320142859.26117,-11605751830.01335,-2718842653.099868,2312400.861014156,43157611.44881025,16845376.56817822,565350.48,18368768.72,2643705.80
2025-03-17T17:48:58.000000Z,PLTR,2025-03-17T17:48:00.000000Z,86.11,5646,-311169149.1686021,-11577456742.80475,-2723668851.30703,2251670.226083918,43656866.2269429,17187218.52439256,562715.68,18368751.50,2648655.83
2025-03-17T17:49:58.000000Z,PLTR,2025-03-17T17:49:00.000000Z,86.13,5646,-327311405.0505174,-11613894830.52977,-2743190682.58071,2285616.50075379,44116724.61373831,17386959.21332601,570359.45,18371411.02,2659044.44
2025-03-17T17:50:50.000000Z,PLTR,2025-03-17T17:50:00.000000Z,86.1499,5646,-329675418.7407458,-11549926716.72251,-2740521407.430725,2353263.880359687,44091749.98866245,17553452.40236374,574165.61,18404336.02,2663826.24
2025-03-17T17:51:50.000000Z,PLTR,2025-03-17T17:51:00.000000Z,86.11,5646,-330823826.5666891,-11576863024.38759,-2739348832.623744,2462799.970203292,44203171.00324178,17491096.95438851,579233.87,18381397.17,2663468.13
2025-03-17T17:52:52.000000Z,PLTR,2025-03-17T17:52:00.000000Z,86.14,5646,-332594904.1567595,-11498314316.94124,-2742425514.054545,2410995.663733319,44176975.9143769,17621747.73675427,585404.41,18390524.22,2673465.09
2025-03-17T17:53:54.000000Z,PLTR,2025-03-17T17:53:00.000000Z,86.1734,5646,-332332266.3442692,-11630197418.11781,-2746866076.274942,2409546.77885107,44536908.97144644,17732407.83434751,591322.38,18436798.85,2682399.82
2025-03-17T17:54:56.000000Z,PLTR,2025-03-17T17:54:00.000000Z,86.08,5646,-333918326.7880626,-11534808560.81351,-2751427254.449165,2399020.144339159,43963649.92951585,17540510.20078321,591454.65,18400446.77,2686631.26
2025-03-17T17:55:56.000000Z,PLTR,2025-03-17T17:55:00.000000Z,85.97,5646,-335618991.1041333,-11622372998.10498,-2758576599.730702,2459029.995662011,43968405.29874624,17261080.67818023,603843.46,18355833.43,2696429.59
2025-03-17T17:56:56.000000Z,PLTR,2025-03-17T17:56:00.000000Z,86.19,5646,-339123789.6160806,-11504053620.11954,-2757920979.418263,2473309.722317262,44298752.37267743,17858017.41262288,617010.41,18415314.30,2715782.38
2025-03-17T17:57:58.000000Z,PLTR,2025-03-17T17:57:00.000000Z,86.2569,5646,-337122011.5551087,-11645347895.0853,-2764341731.975508,2511697.999429906,44456843.8732153,17595953.42668488,612797.78,18425504.71,2715372.40
2025-03-17T17:58:50.000000Z,PLTR,2025-03-17T17:58:00.000000Z,86.19,5646,-335763155.6884401,-11678254444.00739,-2759984791.548341,2607210.99119819,44836327.36720388,17668698.81491243,613029.66,18387553.45,2705681.25
2025-03-17T17:59:50.000000Z,PLTR,2025-03-17T17:59:00.000000Z,86.2068,5646,-336673156.6122705,-11533812337.90059,-2759038553.347805,2542336.204303708,44238189.0011141,17680930.00932133,615478.08,18408477.13,2712727.77
2025-03-17T18:00:50.000000Z,PLTR,2025-03-17T18:00:00.000000Z,86.50,5646,-333749898.1040776,-11511756648.45646,-2766859642.763807,2580718.549459927,45790793.1163936,19238220.80377171,615837.97,18463487.23,2729809.35
2025-03-17T18:01:52.000000Z,PLTR,2025-03-17T18:01:00.000000Z,86.30,5646,-331108379.1888709,-11635399280.296,-2776813063.489631,2430887.149959704,45683218.2487059,19013425.02832168,613488.35,18413091.76,2727058.03
2025-03-17T18:02:54.000000Z,PLTR,2025-03-17T18:02:00.000000Z,86.4775,5646,-331336225.5482677,-11466011526.18567,-2764032868.624176,2447839.908980152,45963327.3514084,19724988.53950583,617012.55,18457026.30,2732221.73
2025-03-17T18:03:54.000000Z,PLTR,2025-03-17T18:03:00.000000Z,86.38,5646,-338128475.8994161,-11582465143.61909,-2787410206.646637,2483439.929803476,45484656.9518936,19163809.40333552,618606.86,18436031.17,2739394.65
2025-03-17T18:04:56.000000Z,PLTR,2025-03-17T18:04:00.000000Z,86.5607,5646,-335390034.6181738,-11528646692.65599,-2773779973.874677,2494340.704997804,46593610.4657888,20127085.38416123,621039.22,18469282.74,2740923.51
2025-03-17T18:05:58.000000Z,PLTR,2025-03-17T18:05:00.000000Z,86.5998,5646,-331337723.6106324,-11455103627.14225,-2769511468.643372,2404249.585489959,46737563.0660504,20568123.1643356,619650.92,18458893.26,2742172.86
2025-03-17T18:06:58.000000Z,PLTR,2025-03-17T18:06:00.000000Z,86.8274,5646,-328577612.132324,-11462383094.34607,-2776102777.140026,2460519.501005186,47644367.2997863,21313727.47523161,618388.77,18486561.60,2754456.59
2025-03-17T18:07:58.000000Z,PLTR,2025-03-17T18:07:00.000000Z,86.88,5646,-316279592.3137101,-11498526093.41372,-2781886297.853833,2293678.826184535,48272358.370744,21884368.05869986,611158.94,18506610.10,2760934.57
2025-03-17T18:08:50.000000Z,PLTR,2025-03-17T18:08:00.000000Z,86.82,5646,-313679382.8518632,-11512126833.42057,-2789225893.023801,2295140.716660149,48254023.6971199,21779837.56943605,609281.96,18477524.60,2762926.53
2025-03-17T18:09:50.000000Z,PLTR,2025-03-17T18:09:00.000000Z,86.90,5646,-314215239.6569746,-11488857713.4265,-2793766803.890029,2329290.762458712,48134614.9079392,21905110.02338871,613912.80,18520705.42,2767192.92
2025-03-17T18:10:52.000000Z,PLTR,2025-03-17T18:10:00.000000Z,86.865,5646,-301091458.4511446,-11507186352.9157,-2803201852.167086,2104212.95503195,48229415.820118,22000146.92752397,603209.01,18458395.49,2766464.97
2025-03-17T18:11:52.000000Z,PLTR,2025-03-17T18:11:00.000000Z,87.02,5646,-296535359.130278,-11465289690.86559,-2806681376.470493,2071538.510592412,48514161.9420791,22482635.95831759,601694.51,18502932.89,2773577.11
2025-03-17T18:12:52.000000Z,PLTR,2025-03-17T18:12:00.000000Z,87.0899,5646,-293819803.2695656,-11450269753.42105,-2804719270.319637,2007746.428364253,49426293.9915262,23405527.96282743,602314.21,18515524.71,2785863.35
2025-03-17T18:13:52.000000Z,PLTR,2025-03-17T18:13:00.000000Z,87.28,5646,-285933665.8497709,-11444417252.00164,-2798709672.479724,1900510.592504976,50640767.3516698,24641620.87168495,594901.43,18546245.91,2782275.16
2025-03-17T18:14:52.000000Z,PLTR,2025-03-17T18:14:00.000000Z,87.14,5646,-290853704.3926154,-11382865662.41652,-2831264511.310825,1886329.092343058,50006744.0346673,24497764.44188237,592052.36,18477521.25,2801033.66
2025-03-17T18:15:52.000000Z,PLTR,2025-03-17T18:15:00.000000Z,87,5646,-291245830.3258797,-11527453532.41444,-2868549507.630202,1975155.172970895,49674395.7595843,24047433.37108136,593422.19,18493136.88,2824057.66
2025-03-17T18:16:52.000000Z,PLTR,2025-03-17T18:16:00.000000Z,87.03,5646,-291721591.0117685,-11486707302.48758,-2859100716.232182,2011594.263854185,49005435.5542929,23934011.77244486,594484.26,18490576.49,2814284.03
2025-03-17T18:17:52.000000Z,PLTR,2025-03-17T18:17:00.000000Z,87.20,5646,-286574081.394167,-11344851560.724,-2843688651.308263,2093802.043276625,49994658.3398641,25089469.36301561,595569.48,18511292.85,2815409.19
2025-03-17T18:18:52.000000Z,PLTR,2025-03-17T18:18:00.000000Z,87.2799,5646,-286296454.1568855,-11424655115.29637,-2848367564.422311,2080927.177606881,50373455.5253016,25056229.55238169,596320.20,18534352.77,2815242.62
2025-03-17T18:19:54.000000Z,PLTR,2025-03-17T18:19:00.000000Z,87.175,5646,-286317238.9916242,-11440240922.31177,-2851511491.305998,2084171.756773168,50371193.9270007,24946768.1671421,595668.87,18501358.60,2813952.46
2025-03-17T18:20:54.000000Z,PLTR,2025-03-17T18:20:00.000000Z,87.2634,5646,-283443083.2028427,-11505043166.81028,-2850557728.945118,2093310.266545571,50869953.0568027,25237384.29729154,592267.21,18510327.63,2813503.83
2025-03-17T18:21:54.000000Z,PLTR,2025-03-17T18:21:00.000000Z,87.0849,5646,-292840884.6197721,-11375192193.74776,-2872214350.366592,2106503.660185168,49722222.9345009,24807404.80083321,620652.40,18467311.50,2853091.73
2025-03-17T18:22:56.000000Z,PLTR,2025-03-17T18:22:00.000000Z,87.29,5646,-291251374.3205668,-11528868180.95982,-2887620619.335959,2042934.034103276,49881557.2602897,24676311.43069269,620545.34,18544155.29,2863259.26
2025-03-17T18:23:56.000000Z,PLTR,2025-03-17T18:23:00.000000Z,87.2998,5646,-288731127.8838801,-11370579606.08082,-2861704085.551926,2021159.562007492,50638718.9236884,25664774.65405829,618963.73,18523768.13,2857433.08
2025-03-17T18:24:58.000000Z,PLTR,2025-03-17T18:24:00.000000Z,87.235,5646,-286736222.8390176,-11465413107.46546,-2872141671.728346,2025496.510491202,50560580.9730645,25385394.27789401,616973.28,18527071.87,2859797.53
2025-03-17T18:25:50.000000Z,PLTR,2025-03-17T18:25:00.000000Z,87.30,5646,-319890616.1182054,-11390220526.81987,-2905567913.849777,2010923.302865896,50564629.4399895,25728462.80885122,636708.08,18550045.86,2886509.50
2025-03-17T18:26:52.000000Z,PLTR,2025-03-17T18:26:00.000000Z,87.39,5646,-311927685.9062632,-11380814011.11428,-2903928587.663887,1972749.813033389,51431788.9673468,26344973.92861266,632639.47,18552548.06,2891275.75
2025-03-17T18:27:52.000000Z,PLTR,2025-03-17T18:27:00.000000Z,87.56,5646,-309469186.3620435,-11346390762.0044,-2900717286.327689,1962735.192963669,51905141.6161108,26834638.58138159,632307.28,18570773.42,2897501.14
2025-03-17T18:28:52.000000Z,PLTR,2025-03-17T18:28:00.000000Z,87.4701,5646,-306731682.3199886,-11528264419.7799,-2920904504.598069,1949473.490717117,51917466.2442385,26604117.8234275,629330.07,18575239.21,2905711.19
2025-03-17T18:29:52.000000Z,PLTR,2025-03-17T18:29:00.000000Z,87.45,5646,-307941014.7030916,-11469098472.03727,-2925110429.190339,1968124.869719099,51794749.3896018,26714484.21661092,630501.73,18587764.94,2912940.57
2025-03-17T18:30:52.000000Z,PLTR,2025-03-17T18:30:00.000000Z,87.47,5646,-308599558.7823575,-11404992488.89997,-2920650079.722115,1971092.522945851,51809140.6083566,26965040.66556021,631456.33,18564659.91,2912799.58
2025-03-17T18:31:54.000000Z,PLTR,2025-03-17T18:31:00.000000Z,87.6058,5646,-306380812.8649002,-11450916403.17882,-2919507383.873614,1956396.708011061,52512736.7839927,27285340.88085205,629834.11,18574511.52,2917508.27
2025-03-17T18:32:54.000000Z,PLTR,2025-03-17T18:32:00.000000Z,87.59,5646,-305993398.1963742,-11352224402.66649,-2919480991.430566,1956414.170981027,52597760.0316649,27669835.87057295,628589.55,18576852.28,2928560.87
2025-03-17T18:33:58.000000Z,PLTR,2025-03-17T18:33:00.000000Z,87.64,5646,-304140949.832208,-11387097887.2089,-2919150735.141086,1931438.058855681,52859742.9764421,27927217.06330693,628162.31,18617004.34,2928946.73
2025-03-17T18:34:58.000000Z,PLTR,2025-03-17T18:34:00.000000Z,87.6597,5646,-302198124.023296,-11394992754.0874,-2931062471.764275,1862252.216286434,52747416.5373327,27915418.86983874,626558.20,18614699.87,2937012.90
2025-03-17T18:35:58.000000Z,PLTR,2025-03-17T18:35:00.000000Z,87.46,5646,-304834312.2886319,-11326622969.32283,-2940998845.988314,1920552.003061248,51978648.4797294,27603966.8291347,629550.17,18594040.09,2945053.24
2025-03-17T18:36:58.000000Z,PLTR,2025-03-17T18:36:00.000000Z,87.28,5646,-305343491.7619746,-11606649040.44364,-2973340945.315442,2016363.244530277,51584560.6189878,26744881.63726341,622363.08,18571834.32,2953274.39
2025-03-17T18:37:58.000000Z,PLTR,2025-03-17T18:37:00.000000Z,87.355,5646,-307007233.8584046,-11434537380.3836,-2967377524.056438,2026118.658180447,51355157.4383227,27046359.77991498,623685.62,18555421.17,2953915.09
2025-03-17T18:38:58.000000Z,PLTR,2025-03-17T18:38:00.000000Z,87.6028,5646,-305074892.7007958,-11351513553.88941,-2948037376.089366,1932285.983660851,52423910.0556469,28169100.38327203,626066.11,18605525.80,2953783.72
2025-03-17T18:39:58.000000Z,PLTR,2025-03-17T18:39:00.000000Z,87.5331,5646,-309796617.2941514,-11426591607.7518,-2963217302.204478,1954050.403089887,52189106.6900027,27895471.45271447,627322.56,18605402.33,2959780.57
2025-03-17T18:40:58.000000Z,PLTR,2025-03-17T18:40:00.000000Z,87.49,5646,-308748563.448119,-11374720973.83702,-2959740430.945411,1939446.618168805,51970493.8856823,27806667.58186565,625755.00,18579908.18,2954381.52
2025-03-17T18:41:58.000000Z,PLTR,2025-03-17T18:41:00.000000Z,87.665,5646,-300697714.7904999,-11339361500.88954,-2954771099.536146,1871605.840004131,52820257.3436356,28779860.93265969,622966.26,18585245.14,2959093.10
2025-03-17T18:42:50.000000Z,PLTR,2025-03-17T18:42:00.000000Z,87.68,5646,-305690809.6071332,-11528834700.64095,-2975029270.529899,1915647.038004588,53083809.1803243,28461791.93303289,622618.18,18593640.99,2961933.96
2025-03-17T18:43:50.000000Z,PLTR,2025-03-17T18:43:00.000000Z,87.675,5646,-307104587.6574642,-11421225395.78574,-2969801282.982794,1902378.843394084,53014289.8377487,28788518.86355864,622650.87,18619309.21,2964191.05
2025-03-17T18:44:50.000000Z,PLTR,2025-03-17T18:44:00.000000Z,87.7699,5646,-302375532.8958302,-11433587805.70944,-2971914953.379425,1800554.289664127,53129117.985563,28539308.21844302,620818.76,18639462.88,2968578.29
2025-03-17T18:45:50.000000Z,PLTR,2025-03-17T18:45:00.000000Z,87.8299,5646,-298711867.5133272,-11330478608.32491,-2956455919.347534,1717194.920068529,53616105.2867078,29241647.45374213,619992.50,18592707.10,2959691.64
2025-03-17T18:46:50.000000Z,PLTR,2025-03-17T18:46:00.000000Z,87.76,5646,-296298614.0137735,-11321217413.85431,-2966369069.572913,1741514.407257615,53254983.3194234,28938362.286966,616718.49,18568078.41,2959559.66
2025-03-17T18:47:54.000000Z,PLTR,2025-03-17T18:47:00.000000Z,87.76,5646,-295674145.4075716,-11260212199.10659,-2963466289.570411,1740821.354765993,53352573.1076167,29277806.29944086,616407.19,18559784.49,2961010.90
2025-03-17T18:48:54.000000Z,PLTR,2025-03-17T18:48:00.000000Z,87.93,5646,-294012644.7083229,-11280129486.52115,-2951010866.250081,1806141.991264466,54089726.4222903,29829489.00745682,616623.14,18591520.71,2957646.50
2025-03-17T18:49:54.000000Z,PLTR,2025-03-17T18:49:00.000000Z,87.785,5646,-293241895.5998716,-11334617760.50072,-2968281831.26571,1759540.733923974,53759501.0729478,29614595.01297642,614805.03,18598636.45,2968775.83
2025-03-17T18:50:54.000000Z,PLTR,2025-03-17T18:50:00.000000Z,87.785,5646,-293336327.3373957,-11360054265.90917,-2978777978.576187,1703905.465845687,53599283.7508217,29472829.59638292,613338.31,18603978.25,2976439.88
2025-03-17T18:51:54.000000Z,PLTR,2025-03-17T18:51:00.000000Z,87.9334,5646,-294032576.2422164,-11293834302.73098,-2967595779.074591,1663233.745690256,54272801.1028888,30300679.5055578,605346.13,18593711.19,2982048.18
2025-03-17T18:52:54.000000Z,PLTR,2025-03-17T18:52:00.000000Z,87.83,5646,-289271060.4083431,-11397466798.44564,-2989715632.886304,1678564.670259317,54003190.876146,29772777.12798517,600966.95,18584265.07,2992457.76
2025-03-17T18:53:54.000000Z,PLTR,2025-03-17T18:53:00.000000Z,87.80,5646,-277126800.8437656,-11393573777.79264,-3005660745.847805,1626559.855913961,53966305.5513346,29893196.26638749,596833.48,18577917.26,2997873.88
2025-03-17T18:54:54.000000Z,PLTR,2025-03-17T18:54:00.000000Z,87.8298,5646,-263881468.0336518,-11472392066.23132,-3031187323.906893,1605913.379272521,53989495.801906,29667761.34258106,567995.91,18594691.67,3032053.02
2025-03-17T18:55:56.000000Z,PLTR,2025-03-17T18:55:00.000000Z,87.93,5646,-266827914.9370865,-11312066175.34258,-3013780717.305008,1601060.756333554,54356046.4716192,30521500.05350543,573203.45,18593838.86,3029154.85
2025-03-17T18:56:56.000000Z,PLTR,2025-03-17T18:56:00.000000Z,88.0499,5646,-261187047.9694951,-11315550122.60385,-3011558605.143794,1452927.145521458,55121535.6986774,31198873.45387057,570437.65,18606164.79,3030550.84
2025-03-17T18:57:58.000000Z,PLTR,2025-03-17T18:57:00.000000Z,88.0899,5646,-249793815.0846072,-11376652371.59767,-3020762875.934173,1248349.398844604,55193909.2762508,31371764.02141964,563942.72,18635505.62,3034275.18
2025-03-17T18:58:58.000000Z,PLTR,2025-03-17T18:58:00.000000Z,88.03,5646,-248805118.9474617,-11383950018.79857,-3032688819.797529,1218104.668747952,55015406.756947,31441871.26186193,553162.29,18626902.87,3053405.18
2025-03-17T18:59:58.000000Z,PLTR,2025-03-17T18:59:00.000000Z,87.89,5646,-249097712.7334535,-11460425218.78632,-3050581080.832777,1278020.308169454,54590098.0627609,30900348.44410303,550598.89,18562081.80,3054490.15
2025-03-17T19:00:58.000000Z,PLTR,2025-03-17T19:00:00.000000Z,87.80,5646,-256477930.5890567,-11448689659.90942,-3056402829.105868,1344016.205157915,54478353.9895776,30920295.36777078,555402.99,18543074.09,3058576.37
2025-03-17T19:01:48.000000Z,PLTR,2025-03-17T19:01:00.000000Z,87.9474,5646,-257727057.6660179,-11469812959.17485,-3081717479.831192,1250640.362693133,54311216.0653482,30953999.60901671,557362.13,18562278.77,3078548.18
2025-03-17T19:02:50.000000Z,PLTR,2025-03-17T19:02:00.000000Z,87.92,5646,-261044262.4060256,-11425351183.69453,-3074617662.464332,1271186.767632965,54524430.8164272,31520917.42531122,560703.85,18604586.53,3081909.51
2025-03-17T19:03:54.000000Z,PLTR,2025-03-17T19:03:00.000000Z,87.905,5646,-259966341.3313671,-11383422490.6366,-3079740429.300053,1273061.264741426,54328194.1252943,31126638.812402,558735.85,18540609.28,3079757.59
2025-03-17T19:04:54.000000Z,PLTR,2025-03-17T19:04:00.000000Z,87.90,5646,-259619101.6836489,-11420024838.39317,-3082249589.282935,1230347.897708716,54305099.7578577,31321178.09844013,560398.66,18598188.89,3086593.98
2025-03-17T19:05:54.000000Z,PLTR,2025-03-17T19:05:00.000000Z,88.005,5646,-252882104.5182375,-11408071215.24208,-3087830114.64483,1148374.062163334,54590731.151429,31482632.32325106,554019.38,18557291.31,3089763.65
2025-03-17T19:06:54.000000Z,PLTR,2025-03-17T19:06:00.000000Z,88.059,5646,-252899870.1912441,-11440415815.77371,-3081339607.906284,1133377.978478909,55120140.2913837,32112186.91057769,555004.72,18581923.68,3092842.17
2025-03-17T19:07:54.000000Z,PLTR,2025-03-17T19:07:00.000000Z,88.0087,5646,-249111006.6553058,-11237687294.64336,-3075436255.672673,983943.040243525,54993013.9458077,32924540.92266498,554767.59,18551231.22,3094174.47
2025-03-17T19:08:54.000000Z,PLTR,2025-03-17T19:08:00.000000Z,87.9899,5646,-248447596.0037333,-11338049038.33753,-3087307367.035852,986696.779433876,54661413.3784233,32418853.42229828,552682.29,18559230.83,3089670.24
2025-03-17T19:09:56.000000Z,PLTR,2025-03-17T19:09:00.000000Z,87.825,5646,-253108629.3726994,-11371635992.47288,-3109187064.414691,1146993.859225912,54263409.3807076,32259687.27307072,552897.31,18551381.28,3104051.38
2025-03-17T19:10:56.000000Z,PLTR,2025-03-17T19:10:00.000000Z,87.83,5646,-256205967.0148347,-11373752874.05656,-3125199721.270764,1511165.134374928,53856871.1853922,32350410.7972627,552152.84,18533737.19,3111838.37
2025-03-17T19:11:56.000000Z,PLTR,2025-03-17T19:11:00.000000Z,87.87,5646,-254581617.9012755,-11501515243.16472,-3134147776.017102,1535167.27324071,54162101.5315905,32276890.23756328,551865.14,18520968.50,3115072.82
2025-03-17T19:12:56.000000Z,PLTR,2025-03-17T19:12:00.000000Z,87.97,5646,-254344061.5260284,-11452240528.30368,-3139013249.049388,1517151.585939361,54352790.5628613,32614890.28086087,552605.68,18559947.36,3122699.63
2025-03-17T19:13:58.000000Z,PLTR,2025-03-17T19:13:00.000000Z,87.90,5646,-255456263.6288167,-11322281152.37852,-3117187771.276179,1489249.318195583,54563165.1189524,33150511.05690634,555694.76,18551627.83,3114830.94
2025-03-17T19:14:58.000000Z,PLTR,2025-03-17T19:14:00.000000Z,87.932,5646,-255709492.1497249,-11380692102.58707,-3122218811.574793,1559810.091844315,54513342.2739601,33003085.23212642,554202.53,18555659.72,3114489.44
2025-03-17T19:15:58.000000Z,PLTR,2025-03-17T19:15:00.000000Z,87.8898,5646,-257245263.6062504,-11336613117.03874,-3127959307.150749,1568470.074921148,54383746.2433576,33072085.55936678,557228.02,18543430.19,3120831.45
2025-03-17T19:16:50.000000Z,PLTR,2025-03-17T19:16:00.000000Z,87.765,5646,-258798197.8112196,-11340746677.84404,-3134089061.286829,1651795.487657163,53940583.6460599,32844403.66150464,557715.27,18539318.76,3124485.20
2025-03-17T19:17:50.000000Z,PLTR,2025-03-17T19:17:00.000000Z,87.772,5646,-258476361.0355531,-11338716353.51248,-3155731732.711981,1624805.780532667,53952287.4020515,32963532.41587436,556877.13,18539319.81,3145446.32
2025-03-17T19:18:50.000000Z,PLTR,2025-03-17T19:18:00.000000Z,87.7659,5646,-257598762.7144823,-11324858325.11643,-3156806569.660991,1594326.397318512,53663106.631863,32796377.23272826,555885.19,18544644.25,3145094.07
2025-03-17T19:19:50.000000Z,PLTR,2025-03-17T19:19:00.000000Z,87.68,5646,-263679267.8670324,-11346588665.91112,-3163269598.230261,1745958.407891907,53688693.3508666,32811101.666757,558348.18,18547453.24,3150333.93
2025-03-17T19:20:52.000000Z,PLTR,2025-03-17T19:20:00.000000Z,87.9203,5646,-246551148.6133078,-11414203867.23239,-3204522908.752943,1630954.308357408,53647558.9063958,32706819.37524455,546392.42,18580855.36,3177834.27
2025-03-17T19:21:52.000000Z,PLTR,2025-03-17T19:21:00.000000Z,87.83,5646,-249090682.5322827,-11398678550.39983,-3172239077.311917,1571849.837600656,54460281.9941904,33284858.59238328,548186.92,18535090.31,3150783.10
2025-03-17T19:22:52.000000Z,PLTR,2025-03-17T19:22:00.000000Z,87.76,5646,-253207716.6361568,-11390368664.81549,-3185009464.071108,1475421.952912683,54032120.5491035,33004209.09020192,550357.33,18533538.72,3157877.60
2025-03-17T19:23:52.000000Z,PLTR,2025-03-17T19:23:00.000000Z,87.85,5646,-248347002.6017695,-11450890545.49024,-3210687943.404295,1495427.368991399,53912483.3319537,32693301.71957589,546877.01,18555491.83,3172210.30
2025-03-17T19:24:52.000000Z,PLTR,2025-03-17T19:24:00.000000Z,87.836,5646,-248354476.6717761,-11373610058.20519,-3192030745.262036,1479518.726863882,54044307.5243204,33045810.43054733,547486.57,18537767.28,3165152.45
2025-03-17T19:25:54.000000Z,PLTR,2025-03-17T19:25:00.000000Z,87.7492,5646,-247810577.7157195,-11333439957.12236,-3187370274.79563,1439111.389827315,53938986.8729469,33171953.3872199,546646.05,18526127.53,3164807.60
2025-03-17T19:26:54.000000Z,PLTR,2025-03-17T19:26:00.000000Z,87.6006,5646,-248175955.9220299,-11322029816.84113,-3217228313.382169,1420232.023536908,53372448.1756622,32891065.46441902,541659.63,18506605.68,3189061.70
2025-03-17T19:27:54.000000Z,PLTR,2025-03-17T19:27:00.000000Z,87.5475,5646,-244896763.1988651,-11343981928.38582,-3250160539.272924,1401479.966810754,52839636.4272239,32721876.83148658,540545.99,18529798.78,3213566.70
2025-03-17T19:28:54.000000Z,PLTR,2025-03-17T19:28:00.000000Z,87.71,5646,-244093736.0267945,-11363311324.99862,-3263428863.453243,1372389.718581755,52659799.2424879,32763095.61799191,539905.40,18555629.46,3224855.57
2025-03-17T19:29:50.000000Z,PLTR,2025-03-17T19:29:00.000000Z,87.65,5646,-241603845.3314461,-11340194815.39584,-3238457306.520989,1349344.980515938,53345448.227488,33215913.09643115,539491.62,18525180.93,3208596.69
2025-03-17T19:30:54.000000Z,PLTR,2025-03-17T19:30:00.000000Z,87.7199,5646,-230192537.4596059,-11377638254.19656,-3271997238.312474,934550.748667719,53062824.130974,33499069.07933055,534996.35,18604511.84,3229282.36
2025-03-17T19:31:54.000000Z,PLTR,2025-03-17T19:31:00.000000Z,87.79,5646,-228858765.2002953,-11269858519.93845,-3251624296.096487,909735.022995904,53390348.0107987,34128777.46030895,538076.87,18558858.68,3221326.37
2025-03-17T19:32:58.000000Z,PLTR,2025-03-17T19:32:00.000000Z,87.72,5646,-228515878.4944268,-11372023907.0996,-3246032236.288347,903080.094591646,53700841.6768566,33808503.25718721,536504.42,18522678.75,3207312.76
2025-03-17T19:33:58.000000Z,PLTR,2025-03-17T19:33:00.000000Z,87.63,5646,-226882189.4218995,-11315358402.14248,-3258966466.34719,897320.311232578,53081460.3587789,33619570.38159568,540463.06,18518915.56,3222959.20
2025-03-17T19:34:58.000000Z,PLTR,2025-03-17T19:34:00.000000Z,87.5999,5646,-227899855.3623108,-11385808485.66398,-3271939763.351495,935868.472827019,52842449.204989,33256132.39070136,539513.75,18518691.40,3224771.25
2025-03-17T19:35:58.000000Z,PLTR,2025-03-17T19:35:00.000000Z,87.6366,5646,-228304397.9356407,-11313678755.19746,-3279472205.207038,922743.994330606,52760562.315814,33321588.47973066,540149.77,18502395.37,3233277.45
2025-03-17T19:36:48.000000Z,PLTR,2025-03-17T19:36:00.000000Z,87.6174,5646,-227988904.9060833,-11350621967.80638,-3277852721.570714,933790.352067148,53062646.0304777,33426611.86615529,539429.96,18497574.10,3231154.42
2025-03-17T19:37:54.000000Z,PLTR,2025-03-17T19:37:00.000000Z,87.67,5646,-228745704.5905007,-11389153921.83737,-3282688037.782552,941162.105588321,52887857.4414801,33487584.36657137,540703.76,18524699.73,3236735.38
2025-03-17T19:38:54.000000Z,PLTR,2025-03-17T19:38:00.000000Z,87.58,5646,-228287177.5329374,-11429309930.84087,-3289315687.384643,957468.876178436,53050199.5915085,33465902.31267951,540015.63,18493591.61,3239521.30
2025-03-17T19:39:56.000000Z,PLTR,2025-03-17T19:39:00.000000Z,87.595,5646,-231246647.232516,-11407704748.19356,-3292387899.57895,969225.683880104,52967055.1936585,33491783.42053302,541856.57,18515725.37,3242033.71
2025-03-17T19:40:58.000000Z,PLTR,2025-03-17T19:40:00.000000Z,87.59,5646,-232428253.1313779,-11326858522.90056,-3289821688.428136,1035231.657413669,52704833.004975,33502184.58040774,542209.86,18492706.07,3241041.42
2025-03-17T19:41:50.000000Z,PLTR,2025-03-17T19:41:00.000000Z,87.61,5646,-232357076.4385485,-11270176508.95423,-3289162516.398254,1038579.310531417,52846697.1189314,33900198.64476077,542264.70,18501544.34,3249552.36
2025-03-17T19:42:52.000000Z,PLTR,2025-03-17T19:42:00.000000Z,87.5698,5646,-229901300.6194933,-11582027199.76768,-3341961341.216391,943328.944261663,52886553.1784121,33021445.88064881,538726.93,18516762.96,3273946.76
2025-03-17T19:43:54.000000Z,PLTR,2025-03-17T19:43:00.000000Z,87.60,5646,-232200696.8927616,-11294535663.36748,-3312764986.705754,931121.938008361,52368608.9251567,33561172.65719382,543510.70,18508984.69,3267344.41
2025-03-17T19:44:54.000000Z,PLTR,2025-03-17T19:44:00.000000Z,87.7747,5646,-229387273.4297299,-11359582585.1197,-3301391517.86566,955643.286846237,52907456.9174824,33634917.80046438,540772.85,18496397.25,3259180.91
2025-03-17T19:45:54.000000Z,PLTR,2025-03-17T19:45:00.000000Z,87.6841,5646,-230247135.0365073,-11370935087.17742,-3303736844.733615,951578.672800181,53584509.9869653,34369750.7571895,541972.13,18545661.83,3276484.35
2025-03-17T19:46:52.000000Z,PLTR,2025-03-17T19:46:00.000000Z,87.63,5646,-229104419.8753911,-11509213964.54834,-3320040587.412952,967811.043440448,53351055.5374487,33751917.37751891,539372.56,18529649.43,3278209.03
2025-03-17T19:47:52.000000Z,PLTR,2025-03-17T19:47:00.000000Z,87.68,5646,-231804161.4736373,-11288929021.76189,-3309246031.529556,994320.572066484,52993698.0422015,34224998.87655921,542313.06,18530311.76,3280892.37
2025-03-17T19:48:52.000000Z,PLTR,2025-03-17T19:48:00.000000Z,87.69,5646,-233271241.633688,-11342704331.21706,-3324692412.428478,1056939.33632304,53318924.4000902,34316042.35024763,542581.07,18541392.74,3292476.62
2025-03-17T19:49:54.000000Z,PLTR,2025-03-17T19:49:00.000000Z,87.6999,5646,-231195051.9570759,-11272534218.28937,-3304316758.901471,1078466.529688383,53462633.5878062,34634117.06642942,540619.26,18502570.06,3281210.75
2025-03-17T19:50:56.000000Z,PLTR,2025-03-17T19:50:00.000000Z,87.598,5646,-232723914.9130443,-11290987515.83184,-3334262503.124822,1092820.182545487,53352502.555379,34749342.96050267,542263.94,18543330.10,3311434.64
2025-03-17T19:51:56.000000Z,PLTR,2025-03-17T19:51:00.000000Z,87.48,5646,-231881632.0494625,-11397783856.55459,-3352581762.711573,1183644.262522422,52669937.0705651,33909128.95692538,539524.88,18525370.82,3315980.11
2025-03-17T19:52:50.000000Z,PLTR,2025-03-17T19:52:00.000000Z,87.61,5646,-232510408.1253551,-11370061877.53245,-3338496829.709656,1247044.641457498,52531350.0525801,34045115.1551946,539464.30,18525561.01,3305767.76
2025-03-17T19:53:50.000000Z,PLTR,2025-03-17T19:53:00.000000Z,87.73,5646,-234159111.6981936,-11399865724.67474,-3342176858.325168,1160259.778832149,53026099.6693804,34564134.80745663,531096.28,18547203.72,3322287.27
2025-03-17T19:54:50.000000Z,PLTR,2025-03-17T19:54:00.000000Z,87.49,5646,-234681019.0654905,-11368679496.77183,-3335052933.823627,1192351.054733992,52736373.0874742,34416974.09464632,531302.13,18496464.76,3316213.76
2025-03-17T19:55:52.000000Z,PLTR,2025-03-17T19:55:00.000000Z,87.33,5646,-235588727.2113365,-11447468229.4028,-3381163241.66482,1173010.744529486,53066429.1421215,34648556.35263994,532861.91,18521323.97,3358277.28
2025-03-17T19:56:52.000000Z,PLTR,2025-03-17T19:56:00.000000Z,87.31,5646,-238421941.607477,-11395743677.51093,-3396440765.873959,1195658.812139016,50812042.1376347,32811574.84325643,533569.59,18425982.49,3350277.79
2025-03-17T19:57:56.000000Z,PLTR,2025-03-17T19:57:00.000000Z,87.4375,5646,-248040689.5847293,-11591745668.25654,-3425044424.073194,1339092.096745882,51722722.099561,33193870.46106184,538450.34,18513217.34,3374849.53
2025-03-17T19:58:56.000000Z,PLTR,2025-03-17T19:58:00.000000Z,87.3224,5646,-266566750.8025562,-11365770852.38805,-3437522818.492162,1320402.537215866,51183741.8931636,33581936.41540969,544670.02,18487125.72,3391633.54
2025-03-17T19:59:10.072000Z,PLTR,2025-03-17T19:59:00.000000Z,0,5646,-283358962.0884804,-11347875715.20695,-3466002351.079081,1463829.87028816,51354134.8545903,34001016.53143743,552822.04,18541597.85,3417055.05
