date,call_volume,put_volume,call_volume_ask_side,call_volume_bid_side,put_volume_ask_side,put_volume_bid_side,net_call_premium,net_put_premium,put_premium,call_premium,avg_30_day_call_volume,avg_30_day_put_volume,avg_7_day_call_volume,avg_7_day_put_volume,bearish_premium,bullish_premium,put_open_interest,call_open_interest,avg_3_day_put_volume,avg_3_day_call_volume
2026-09-25,596514,248545,281467,257587,115765,111614,-11803651.00,765056.00,90142443.00,196015339.00,541513.7,250122.4,605255.4286,241949,137069590.00,124500883.00,1928169,2842860,235136.3333,569703
2026-09-24,557214,190725,202288,200424,85170,84776,7974482.00,-234141.00,126758423.00,233332825.00,537094.0333,252392.7333,602458,250603.1429,146089520.00,150507913.00,1883084,2726157,251345,669265.3333
2026-09-23,648144,338172,295058,298566,160650,141514,-20375667.00,27592310.00,202631582.00,253652651.00,527785.6333,247779.8,611247.7143,237690.1429,223474866.00,188159662.00,1858007,2700672,221867.3333,669256
2026-09-22,503751,176512,224380,225929,75143,85851,-3341643.00,-3636724.00,74880058.00,225616000.00,529253.7667,249575.8333,609802.2857,247113.7143,135260844.00,134817925.00,1809103,2630573,235456.6667,651739.3333
2026-09-21,855901,239351,403082,370226,109094,106818,7051405.00,3257099.00,70324410.00,296977543.00,519992,249557.7333,524319.4286,234701.7143,157794237.00,161172368.00,1782645,2528161,249627.6667,557259.3333
2026-09-18,648116,249739,319067,279122,113051,111428,6892796.00,-2308452.00,122550271.00,239308806.00,508193.6667,246766.7667,489447,230410.4286,161812329.00,171013577.00,2013696,2943452,250149.3333,520431.3333
2026-09-17,451201,217280,217569,190403,94241,103429,14443127.00,-13223762.00,187874609.00,306160635.00,514101.6333,253386.2,480377,222199.2857,220697763.00,242623852.00,1999939,2895668,260316.3333,606588.3333
2026-09-16,572461,281864,250354,273981,133123,124136,-19965658.00,13456108.00,159108602.00,258437069.00,516865.3333,255189.3333,476236.5714,218519.1429,208273357.00,174851591.00,1989365,2896356,247187.3333,580312.3333
2026-09-15,537632,251304,204312,251989,114253,111435,-20151222.00,4132850.00,151025096.00,270348038.00,535105.6,262828.7667,463671.7143,204401.7143,198919407.00,171378085.00,1956432,2798474,214241.6667,486942
2026-09-14,709672,247781,273983,321182,116648,110018,-12630797.00,4331591.00,113347430.00,315167116.00,572695.3333,281272.3333,435238.5714,200668.2857,196572553.00,175403915.00,1935255,2739154,204881.3333,385054.3333
2026-09-11,493633,242477,238291,206506,106226,103937,18296873.00,-5656722.00,114577359.00,196423104.00,583908.9333,288063,423924.1429,201886.4286,123052295.00,145981890.00,1955876,2810167,177323,349747
2026-09-10,257521,152467,109759,118095,69493,64537,-7661977.00,-7171418.00,85479899.00,116004380.00,588148.8333,290903.1333,482380.2857,241995.1429,92169956.00,88407117.00,1934796,2768180,211868.3333,445066
2026-09-09,404009,219700,178734,183393,91351,102305,-10166473.00,-3737631.00,119696427.00,207891449.00,584186.2667,290594.2333,580376.2857,289926.5714,144455964.00,138153122.00,1913294,2753722,189462.3333,460289
2026-09-08,387711,159802,167546,181761,68759,73360,-12724386.00,5281061.00,79146750.00,232994445.00,584558.6667,293177.9333,586376.1429,301231.4286,151340041.00,138290094.00,1878439,2672236,210077.3333,501265.3333
2026-09-04,543478,256103,256461,232279,112450,117989,6758072.00,-3755646.00,88036801.00,206706018.00,584116.1667,293177.8667,574077.5714,298266.4286,129997298.00,140511017.00,1914374,2754589,208377.6667,458250
2026-09-03,449678,152482,212712,184114,71675,66893,14702030.00,5150290.00,67902898.00,210619779.00,591974.1,296591,558015.5714,303188.1429,121949313.00,131691053.00,1902661,2691822,301959.6667,530595.3333
2026-09-02,510640,221647,216377,219964,108118,86139,2934928.00,7210693.00,115581142.00,191864232.00,594443.7333,297330.3,566526.2857,309279.5714,140162273.00,135886508.00,1903377,2679673,413150.6667,723709
2026-09-01,414432,251004,186009,187283,110578,114784,-8053514.00,1994574.00,119813354.00,206879318.00,592692.6,294001.7,592356.5714,313040.1429,155371794.00,145323706.00,1876565,2623255,409128,728801.6667
2026-08-31,666714,433228,282821,323593,196475,193809,-18071622.00,3506063.00,143704787.00,285211405.00,586740.5,286263.9,557498.2857,278220.5714,205941460.00,183855343.00,1850231,2612746,343168,659026.3333
2026-08-28,1089981,555220,535533,451712,241569,265969,44602657.0000,-1885490.00,109397601.00,407787833.0000,566562.0333,274990.2333,510144,233438.8571,207649746.0000,267487893.00,1870832,2634442,220406,408114
2026-08-27,429710,238936,164476,210045,103939,100595,-14899485.00,6431810.00,143255545.00,233881999.00,565208.2,274206.3667,514343.5714,233745.2857,172061053.00,158153030.00,1843948,2567848,228856.3333,454949
2026-08-26,457388,235348,209392,207070,107019,95614,-67999.00,19915964.00,116544216.00,227320635.00,574589.5,277294.6667,538579.8571,250655.8571,164530980.00,144547017.00,1830371,2569672,242849.6667,500901
2026-08-25,337244,186934,154595,152061,81011,82741,17293154.00,5836081.00,114199412.00,219245256.00,575307.6667,276124.5333,555259.5714,262472.8571,148208118.00,163914591.00,1797342,2525682,243702,529388.3333
2026-08-24,570215,264287,262315,249620,121167,117972,16491474.00,8479376.00,144286777.00,321620531.00,576578.9333,275312.7667,535566.4286,248758.4286,203068421.00,211720519.00,1767177,2490340,236189,592150.3333
2026-08-21,595244,277328,272737,260094,114679,134128,-6399194.00,-2547010.00,90449799.00,280317559.00,576886.2,273091.0667,511192.1429,246116.5714,173457715.00,169605531.00,2016909,3061079,224106.6667,546771.3333
2026-08-20,422706,189491,174299,197734,86408,80554,-6944867.00,4788130.00,113002663.00,295039015.00,577121.1667,271843.3,503504.4286,247587,191032615.00,179299618.00,2001132,3018136,278850.3333,614883.3333
2026-08-19,758501,241748,347875,321537,110282,105040,41107717.00,8849259.00,91995328.00,376060631.00,562508.5333,270219.7333,473403.5714,245964.8571,195612450.00,236130648.00,1993730,2996772,288152,513383.6667
2026-08-18,459107,241081,203474,208960,111373,105483,20266948.00,10143072.00,142059381.00,307959390.00,561149.9,268322.5667,490395.1429,245640.1429,204168383.00,212971689.00,1956410,2947360,263887,504469
2026-08-17,627042,353722,279744,293081,160124,155272,-8663418.00,-5245007.00,165118182.00,343389647.00,558116.7,265020.9667,442841.4286,218824.1429,236321409.00,232902998.00,1934924,2892740,232258,436996.3333
2026-08-14,454002,269653,186214,224218,114813,128573,-30282350.00,-4037757.00,101924509.00,287512842.00,560318.2667,264620.3667,467761.1429,239711.2857,182876170.00,158596842.00,1956555,2987057,208968.3333,408626.3333
2026-08-13,432363,168286,184807,196993,67517,79419,-11540757.00,-10014755.00,77504554.00,333572117.00,566024.9333,268811.8,499619.5714,263664.4286,178805532.00,177279530.00,1937430,2928223,229670.6667,447103.6667
2026-08-12,424624,258835,179933,201863,118449,109054,-20884762.00,8018697.00,83875968.00,273293427.00,567052.4333,266649.7333,593936.1429,295329,167397951.00,138685682.00,1939063,2939064,222995,498245
2026-08-11,368892,199784,145845,189660,86492,92351,-25747606.00,-10754396.00,79678169.00,254623875.00,588112.7,275419.3667,803717.8571,381229.5714,158594576.00,143681266.00,1883984,2909056,211737,473336.3333
2026-08-10,547795,230393,254286,236176,109738,101126,-8791547.00,5586156.00,72459180.00,333592322.00,588494.9333,277952.6667,844038.7143,412058.7143,187887161.00,174814270.00,1873287,2877426,273560.3333,500218
2026-08-07,578048,238808,271091,242956,105859,102080,-1504464.00,4532947.00,73349047.00,316416839.00,586064.8667,280609.2333,816420.1429,411896.2857,173390946.00,163014225.00,1958870,2972955,305943.6667,525992.6667
2026-08-06,294166,166010,126088,142085,72480,69393,-27230032.00,-3012581.00,91014071.00,375583306.00,600055.6667,289069.6,815129.5714,418242.4286,225750141.00,201532690.00,1952684,2932257,410769.3333,789550.6667
2026-08-05,628440,415863,269039,293552,203769,164857,-8060008.00,14362092.00,140666586.00,469475317.00,594839.3333,282243.9,782335.7143,392735.2857,291781878.00,270343033.00,1968322,2970636,539177.6667,1192525.3333
2026-08-04,655372,335958,269085,312776,159050,138570,-34488627.00,8462040.00,253042634.00,615920198.00,599673.8667,283093.5333,764454.4286,381327.1429,419422861.00,376789690.00,1928498,2834473,575924,1250748.3333
2026-08-03,1084840,480487,504492,459351,199751,231439,29197261.00,-12561633.00,183761501.00,1198244286.00,590745.4333,277641.9,707393.8571,349097,590224605.00,644496041.00,1903148,2748131,494985.3333,1017374.3333
2026-07-31,1837364,801088,791470,757397,349491,371563,137289789.00,-8738700.00,312680193.00,2042784389.00,547174.6,263275.1,528446,269488.1429,926797673.00,1016379566.00,1933668,2922429,298100.3333,499963.6667
2026-07-30,830041,446197,374082,356205,199820,187415,8388846.00,21928627.00,512160870.00,486067470.00,531305.4667,253646,461568.4286,227338,458958673.00,447441656.00,1789206,2701567,228472.3333,356244.3333
2026-07-29,384718,237671,176751,158510,113194,102638,-7513476.00,37035351.00,465551148.00,171666034.00,535509.2,253241.8667,476344.5714,222112.7143,320083070.00,274890243.00,1777511,2705542,234615.6667,404739.3333
2026-07-28,285132,210433,125769,124049,104385,89344,-6524338.00,13541604.00,347975004.00,152531139.00,549602.6,255758.8,504843.8571,223052.2857,246595768.00,221716056.00,1742787,2660169,249430,538167.3333
2026-07-27,398883,237313,167413,174324,111267,100320,-3725382.00,27868145.00,312590224.00,174084043.00,551018.7667,255098.4333,503445.5714,219924.7143,236103494.00,204509967.00,1728110,2632970,251601,600116
2026-07-24,530203,256101,223307,231037,124318,108756,7981413.00,-1074361.00,308187115.00,220881092.00,548655.3333,257741.5667,533249,230195.5714,234983156.00,244038930.00,1756393,2773518,216616,544014.3333
2026-07-23,685416,254876,290687,332082,116561,105283,-10520897.00,31761955.00,413544788.00,344825128.00,540984.5,258111.9667,486588,215474.7143,370232502.00,328335270.00,1728290,2712142,198688.6667,478259.3333
2026-07-22,584729,243826,254922,244654,106589,110315,-11991325.00,-12615555.00,255425349.00,242201666.00,535913.3,259260.8333,489962.8571,214918.7143,219730604.00,219549834.00,1716009,2654514,189750,444892
2026-07-21,361898,151146,136343,139831,67596,66558,552828.00,4102001.00,195326313.00,204099554.00,548837.6333,267517.0333,524614.8571,223423.1429,181308263.00,177759090.00,1690475,2566240,211174.6667,453957.6667
2026-07-20,488151,201094,219754,210864,98087,83843,-1613265.00,3160946.00,109153339.00,287776405.00,545275.5,266921.2333,516272.5714,216418,182527160.00,182980069.00,1683965,2522841,253475.6667,537516.3333
2026-07-17,484627,217010,210047,225806,101152,96155,-11403397.00,-5208245.00,144434395.00,349550801.00,556066.2,270162.9667,492771.8571,212993.8571,232037238.00,228885836.00,1874069,2883317,231749,495570.3333
2026-07-16,389095,215420,156166,179501,103023,88060,-3419170.00,8594820.00,138895864.00,311124351.00,557884.6667,268698.9667,496950.8571,208529,208987232.00,196991242.00,1845074,2867791,239920.3333,568656.3333
2026-07-15,738827,327997,345265,309142,147282,147646,42654023.00,-20753618.00,195378715.00,520543657.00,563151,265870.0333,467982.1429,198054.2857,295669481.00,362116299.00,1837193,2901246,200813.6667,523868
2026-07-14,358789,151830,160801,152236,61114,74630,18859268.00,-4347101.00,179170278.00,274711769.00,567650.1667,266107.8,491019.2857,213169.2857,196845222.00,221249906.00,1806790,2855848,200889.6667,547523.3333
2026-07-13,608353,239934,287197,262208,110453,104698,18688874.00,-2083648.00,192875588.00,348296432.00,562680.8,263427.1,490335,220897.1429,240626183.00,261398705.00,1805188,2854901,185258.6667,451446.3333
2026-07-10,604462,210677,274748,265642,88865,95280,-4231320.00,-4103501.00,102356798.00,249138074.00,564693.3333,262625.0667,469047.4286,218510.8571,159421102.00,159224273.00,1827895,2915855,176421.6667,389408.3333
2026-07-09,429755,152058,203570,187685,62154,80901,4141358.00,1685124.00,75287359.00,222383768.00,565518.7,263619.0333,550611,262913,137265715.00,137948124.00,1804370,2862171,210627,424838.6667
2026-07-08,320122,193041,135533,144945,85044,81936,-13045484.00,6631570.00,114002211.00,164104567.00,569574.8667,262130.6667,584773.8571,279106,136232991.00,116555937.00,1810036,2889600,232158.3333,491481
2026-07-07,418348,184166,178029,185725,76021,86603,-1629698.00,-8136013.00,138585709.00,248069131.00,567493.6333,262658.6333,597173.5714,298297.2857,173256659.00,179763929.00,1782943,2855584,268779.3333,553219.3333
2026-07-06,536046,254674,267726,203122,117063,105225,24673736.00,70903.00,132437946.00,283634200.00,566023.7333,260155.8667,622579.8571,321889.7143,155695405.00,195514313.00,1771849,2805069,248545.6667,526353.6667
2026-07-02,520049,257635,231661,231116,112737,119163,-977632.00,-1788421.00,137463511.00,267524373.00,565704.5333,258025.3333,615708.5714,315240.7143,182855377.00,183666166.00,1805819,2878574,316958.3333,686570.6667
2026-07-01,603563,294029,265423,260574,121387,141446,292229.00,-432626.00,125183829.00,289915920.00,564287.5333,254930.7333,643829.2857,324871.8571,186023849.00,186748704.00,1808107,2909305,321079.3333,671803.6667
2026-06-30,455449,193973,189712,208312,91436,83677,7187422.00,11716357.00,120158853.00,255063636.00,563291.2333,255404.6333,695477.5714,342438.2857,169017634.00,164114699.00,1782392,2804692,362590,688369.3333
2026-06-29,1000700,462873,452528,437707,203464,206157,40759239.00,926697.00,136917416.00,657030422.00,542016.3667,244220.6667,628268.8571,329182.7143,331919988.00,386172090.00,1757788,2725625,348239.3333,592766
2026-06-26,559262,306392,244624,246397,139266,134624,-8540259.00,3342002.00,116812440.00,246418900.00,539332.4,239885.3,598941,307887.2857,168422879.00,157853368.00,1785175,2829211,316472.6667,563662
2026-06-25,505146,318505,197519,245368,155259,127984,-11969066.00,24149699.00,272445825.00,234305681.00,534185.7667,235169.5667,599753,294607.5714,274613578.00,187612268.00,1754116,2741687,330786.6667,662082.6667
2026-06-24,713890,419821,327907,300564,182206,185766,11453690.00,1211718.00,117896522.00,291758937.00,524344.1333,227938.4333,598902.1429,275481.8571,179837192.00,184042532.00,1744020,2737483,296492.3333,696448.3333
2026-06-23,471950,211092,219079,191969,95135,92436,10530619.00,22249357.00,222316565.00,228286736.00,523460.2667,228346.0333,594533.2857,276397.5714,212165677.00,200446939.00,1713233,2644945,349489.6667,715878
2026-06-22,800408,361447,309147,399236,167734,147650,-36813463.00,26790305.00,259178639.00,358525840.00,508603.4,222654.2,545803.5714,272675.8571,310126106.00,255695176.00,1669527,2525962,281448.6667,567064.3333
2026-06-18,816987,316938,382051,341043,143866,139397,22847181.00,3310298.00,147930393.00,375908393.00,500210.3,219761.7333,494132.7143,265397.2857,224923981.00,256510194.00,1987770,3092511,250985,465012
2026-06-17,530239,370084,205449,256562,191126,140643,-40116760.00,36505180.00,309493760.00,210065445.00,501166.5667,214867.8667,480183.2857,252284.1429,306804592.00,171871952.00,2003863,3054716,222937.3333,524243.6667
2026-06-16,353967,157324,147242,165595,72066,64765,-13738070.00,8109388.00,110020903.00,165460635.00,524090.6667,220358.7667,536706.2857,286785.2857,134676755.00,112155261.00,1975341,3001203,242996.6667,553377.3333
2026-06-15,510830,225547,235595,218230,94721,105044,2535248.00,-8692114.00,139924233.00,260293078.00,536503.1,222985.6333,518200.1429,280738.5714,172478962.00,184364324.00,1970913,2982734,279612.6667,536200.6667
2026-06-12,707934,285941,307292,328129,132610,120450,-14949173.00,15545745.00,202678978.00,247783731.00,551989.8333,228997.9,532545,284784.4286,213181017.00,193694685.00,1992171,3021051,272961.6667,451986.3333
2026-06-11,441368,217502,193402,188106,93187,105195,-3370129.00,-1929793.00,183968397.00,216622710.00,566815.9333,235864.6333,532870.8571,278212.7143,172780408.00,176182120.00,1976223,2953150,293225,449061.3333
2026-06-10,459300,335395,196669,213028,165414,143889,-16471656.00,22415752.00,176478750.00,171878054.00,560805.8,230077.6,595373.2857,265031.8571,177957173.00,136364565.00,1984983,2933634,314370.6667,545837.3333
2026-06-09,455291,265988,200720,194688,111354,116231,-7547261.0000,14659340.00,175071425.00,215830624.0000,562530.7,228464,600869.4286,249742.5714,177949856.0000,154785355.00,1951446,2886133,286781.3333,521169.3333
2026-06-08,432593,278292,185258,203731,122319,122930,-6727269.00,4309923.00,177955688.00,199315631.00,581625.9667,229309.3333,604680.7143,232774.1429,176859765.00,168735843.00,1935603,2870059,298771.3333,646421
2026-06-05,749628,398832,299880,379860,182777,175015,-15089967.00,-6723801.00,145577554.00,244191855.00,574527.0667,223326.9667,592567.8571,202457.5714,192176667.00,160692981.00,1948773,2977584,222994,544428
2026-06-04,381287,183220,172396,164706,77674,83690,8034480.00,3411546.00,135558762.00,197797585.00,578885.2,223736.4,603029.1429,202265.7143,150711008.00,148259134.00,1932586,2952246,242963.6667,716271.3333
2026-06-03,808348,314262,300846,389967,130460,124480,-35094289.00,-249459.00,137485017.00,340294522.00,569364,221072.1,550666.1429,178569.7143,216862493.00,180937333.00,1902653,2890783,191197.3333,611410
2026-06-02,443649,171500,194877,197555,63571,83406,-10851620.00,-5673268.00,87763372.00,233140607.00,567903.7333,224286.8,538132.1429,182641.8571,140071568.00,136304888.00,1866526,2881957,187201.6667,616617.6667
2026-06-01,896817,243129,223681,251039,110592,122988,12799496.00,80436.00,92440138.00,1462452521.00000000,559811.3333,226061.0667,480293.8571,173565,176778837.00,207010728.00,1825701,3061252,168364,539291.3333
2026-05-29,493764,158963,210999,232998,69155,67701,-10123826.00,-4906803.00,44560616.00,215824604.00,558815.5,229034.1667,482680.8571,178530.1429,110486979.00,106206456.00,1875076,3165642,176002,526208.6667
2026-05-28,459272,159513,208929,195651,64426,71842,-1622677.00,-3705851.00,38338263.00,245928863.00,560440.6333,231567.0667,497221,184484.1429,126886727.00,130479901.00,1846338,3096466,172294.3333,520387
2026-05-27,664838,186616,315374,270833,72774,87351,8438655.00,-3594621.00,44458733.00,303983242.00,575740.3,238658.5333,463038.4286,187566.1429,144727482.00,157216975.00,1838294,3051097,176757.3333,417411.3333
2026-05-26,454516,181877,202109,197738,79939,76956,-5701028.00,1718203.00,44854619.00,192312081.00,578761.9667,241946.9333,449886.7143,179777.1429,102521046.00,95101815.00,1826137,3008306,175995.3333,429889
2026-05-22,441807,148390,186405,207878,62985,60342,-11603259.00,-5110327.00,44868179.00,179873776.00,594217.2333,251122.3,455163.2857,183768.7143,102101205.00,95608273.00,1877472,3076888,191105,452777.6667
2026-05-21,355911,200005,169785,141468,71932,106589,-4928514.00,-20320158.00,68917910.00,199575580.00,614807.1667,258905.9,454425.5714,180487,112797847.00,128189332.00,1830409,3020287,191500.3333,521158.3333
2026-05-20,491949,179591,232620,207137,75510,81029,12440262.00,-1396187.00,46833201.00,158927047.00,617757.2,264426.6,443953,183815,86660906.00,100497355.00,1837569,3042116,201033.3333,499028.6667
2026-05-19,510473,193719,225736,220423,87856,83024,19694499.00,1870305.00,74229281.00,264520977.00,608101.4,263654.6,434661.7143,188043.7143,141204519.00,157028713.00,1802831,2928206,178911.6667,449689
2026-05-18,561053,201191,255901,246589,81639,98822,24095172.00,-12768614.00,73668924.00,217599056.00,598534.5667,263601.0667,405183,186543.8571,110464871.00,158975082.00,1778004,2887360,170625,422252.3333
2026-05-15,425560,208190,183841,197136,89196,92413,-31214380.00,-6959783.00,70912258.00,240438076.00,593723.2667,265123,425130.7143,189683,150625873.00,126257836.00,2045550,3328946,160239.3333,397314.6667
2026-05-14,362454,127354,137858,180908,55347,56112,-32066693.00,-357367.00,42860291.00,257071784.00,594033.9333,270859.8667,453198.2857,203385,153500123.00,119841771.00,2021314,3277172,185417,416043.6667
2026-05-13,478743,176331,220523,196427,69271,90572,2001919.00,-2425132.00,46452516.00,325338562.00,589255.1,272551.5,533619.2857,224202.1429,165672566.00,170099617.00,2025905,3275926,201080,404940.6667
2026-05-12,350747,177033,131053,173085,81585,77521,-26024905.00,-2746895.00,58249385.00,304257157.00,590696,276015.2333,609684.4286,242390.7143,176877262.00,149728818.00,1998303,3240883,205633,406259
2026-05-11,418641,202887,176621,199634,87218,88320,-21702844.00,3089400.00,69735018.00,215248017.00,596658.1,280189.2667,717383.7143,280022.4286,133415912.00,109137958.00,1980362,3220651,214725.3333,455110
2026-05-08,445434,223320,192831,202711,95658,97113,-3100385.00,-3174634.00,56887853.00,261103913.00,604842.2333,280521.8,780343.2857,308620.1429,135922990.00,142115129.00,2035578,3370894,214708,492941
2026-05-07,354702,190692,136355,178688,83421,84435,-13037389.00,-2855948.00,77390552.00,270066878.00,605058.8,283097.6333,769528.1429,304490.4286,164795271.00,141853058.00,1993309,3319101,258494.3333,721937
2026-05-06,565194,230164,254937,245050,101878,103322,3869155.00,-1139302.00,71422116.00,408618002.00,593557.9333,280112.2667,761220.1429,302692.7143,230018475.00,188650262.00,1990396,3327451,283224,827940
2026-05-05,558927,223268,245588,262641,99702,94383,-20991923.00,7705804.00,83381524.00,440904588.00,587534.3,280131.6667,825009.2857,314176.1429,252393888.00,223076361.00,1951666,3270874,364237.6667,1032476.3333
2026-05-04,1041690,322051,472325,462791,137601,143127,16049362.00,-1767942.00,83444755.00,522352441.00,564948.5333,278310.7333,752862.2857,299506.1429,237650955.00,274009899.00,1927106,3151633,398055.3333,980630
2026-05-01,883203,304353,386569,379839,130010,140246,-2624508.00,-5111011.00,92235720.00,524536046.00,545755.8333,277582.4,699837.7143,283956.1429,269979425.00,273224678.00,2083628,3382654,350532.3333,779227.6667
2026-04-30,1172536,466309,494073,465996,189253,226371,-18829936.00,-11037170.00,166889584.00,968691664.00,520689.6333,270387,607005.7143,250816.7143,366617971.00,362943830.00,2047251,3322528,267622.6667,557395
2026-04-29,886151,423504,391175,381467,160958,182820,48993804.00,-7148874.00,210075709.00,896968870.00,503882.4,262534.6667,537532.8571,228593.4286,487284944.00,500388918.00,1908208,3145481,227672,597161.6667
2026-04-28,278996,161784,125232,125456,77804,58782,13375969.00,14831527.00,87052803.00,361707132.00,508166.4,265931.8,591111.2857,247818.1429,193430441.00,191930323.00,1843513,3069245,246864.3333,683050
2026-04-27,507038,217580,207807,239793,87620,105878,-12988071.00,1253085.00,74950110.00,352889863.00,504238.1,266593.3,584947.1429,252186.1429,195931349.00,184694833.00,1831497,3056475,239505.3333,684714.3333
2026-04-24,1005451,303652,457585,416505,125952,137260,13056372.00,-2854336.00,100605649.00,732246299.00,480162.5,267713.1,513886.4286,242450.1429,340408285.00,359617043.00,1912980,3106213,216399,523801.3333
2026-04-23,536661,219361,240471,234186,96341,97622,13053602.00,-3716857.00,77491197.00,342203925.00,475532.1667,267449.5667,597767.4286,268164.2857,178234054.00,199453205.00,1870195,3042918,232592.3333,478194.6667
2026-04-22,512031,195503,233400,217942,76624,91245,3232980.00,-1961964.00,63212333.00,300242959.00,468980.9,266724.9,602501,280310.8571,147692180.00,152351124.00,1864696,3041630,266210.3333,525532.6667
2026-04-21,522712,234333,213887,248064,103899,104920,-12205129.00,4840558.00,82133300.00,335067666.00,467414.8333,274260.7,657180,307356.2857,189072570.00,171529888.00,1827518,3020480,270818,505925
2026-04-20,399841,267941,171376,185001,118580,116093,-12816915.00,6822694.00,109368236.00,274608137.00,469359.8,282479.8667,739146.8571,331009.4286,180860091.00,160123612.00,1786996,2979103,260004.3333,541986.6667
2026-04-17,654045,296357,284813,304381,131220,129223,-21849470.00,-1762545.00,100021215.00,598612593.00,466953.4333,282454.4333,728633.2857,337988.7143,329158562.00,305863770.00,2028298,3391815,294338.6667,698581
2026-04-16,463889,248156,208977,212350,108715,107010,-18458967.00,2029668.00,99196214.00,365950857.00,476441.7,287481.2333,693906.1429,326903.4286,213102871.00,197979157.00,1984926,3326904,305129.6667,725673.3333
2026-04-15,508026,235500,215057,239493,93953,101767,-16832091.00,-419283.00,80152503.00,335583399.00,470555.8333,287103.3667,660480.7143,321772.7143,190623818.00,171427024.00,1991879,3316088,367846.6667,858153
2026-04-14,1123828,399360,523861,441109,162463,182474,3382103.00,-9148033.00,143777831.00,945008202.00,445896.7667,281628.6,540108.2857,300985.2857,405193526.00,519542962.00,1917020,3140870,379231,808080
2026-04-13,545166,280529,194383,268262,109150,111007,2332286.00,-4369334.00,82097717.00,542899154.00,446932.2333,281575.2,515338,303689.7143,369940688.00,158139749.00,1897697,3083862,400792,819841.3333
2026-04-10,905465,423651,408679,404354,182485,185116,-2000942.00,376781.00,120685093.00,686943764.00,429120.9333,276848.4333,433897,275608.1429,359865753.00,366920380.00,1958778,3168978,316428,591619.3333
2026-04-09,973609,433513,433866,415250,175118,200187,-3502196.00,1806969.00,131962042.00,553118188.00,413222.2,269189.3,351092,253812.7143,302655786.00,302665360.00,1865871,3075510,238452,358432.3333
2026-04-08,580450,345212,246820,257938,155569,147173,-6769145.00,6540199.00,103515035.00,317000844.00,408572.7667,264230.6,353528.2857,251369.2857,186378717.00,166987545.00,1845718,3042648,207997.3333,258689.3333
2026-04-07,220799,170559,95101,97115,72155,78200,-1547757.00,-2851112.00,52722180.00,80245903.00,418886.9,269116.9,420693.8571,260331.7143,55919031.00,57418636.00,1813898,3000275,250964.3333,309014.3333
2026-04-06,274048,199585,122693,115189,85260,88018,-5976098.00,-6613671.00,49252136.00,92911653.00,446579.4333,276251.4,433144,270100.5714,60508391.00,61298216.00,1800667,2975068,260129.3333,329457.6667
2026-04-02,281221,253848,116743,133535,109078,112908,-10748002.00,10103783.00,76586534.00,100776153.00,448775.0333,286588.9667,424422.1429,253922.7143,89270617.00,65964102.00,1853173,3043990,269161.6667,367042
2026-04-01,371774,299460,162013,150373,123201,133066,-7635507.00,12932881.00,181915195.00,154803231.00,461200.2,289452.7,425342.7143,243121.2857,145550396.00,94030658.00,1836015,3021748,278711,442285.3333
2026-03-31,335378,227080,162783,134120,94329,103695,6351942.00,3079563.00,78533593.00,143387381.00,472581.9,295278.0667,429448.2857,248884.5714,96091575.00,99363954.00,1790454,2954848,280783,560812
2026-03-30,393974,280945,177405,167286,131377,117833,-4291522.00,17736981.00,138137451.00,127008820.00,485753.9667,303253.9667,417083.7143,249107.1429,136589469.00,95537612.00,1784620,2912842,276457,549887
2026-03-27,597504,328108,246596,280827,147427,140521,-13196277.00,7143942.00,174760522.00,184454761.00,491278.4667,318035.1667,391804.5714,238012.7143,168494566.00,142977124.00,1824210,2942892,213955.3333,424108.3333
2026-03-26,690958,233296,123638,134396,102481,104084,-9002145.00,-3930703.00,107264800.00,504394242.00000000,494937.4667,322164.0333,347658.2857,231532.4286,99655015.00,100056683.00,1793159,2502733,210806.6667,319861.6667
2026-03-25,361199,267967,152093,167303,112732,125976,6296189.00,1329541.00,65801981.00,127235579.00,506432.3667,323627.6667,354275,230922.5714,83284167.00,88271498.00,1794983,2464251,210625.3333,320834.3333
2026-03-24,220168,140603,89700,101580,61022,63693,1900680.00,-2000576.00,53913433.00,93944198.00,536646.1333,335222.3667,378420.8571,244754.2857,64602877.00,68501733.00,1767995,2416627,257925.3333,349919
2026-03-23,378218,223850,166271,168230,98066,99313,631213.00,-3760919.00,73495518.00,145833043.00,588132.8667,360769.0333,364844.4286,260953.7143,95166844.00,99559363.00,1741493,2350490,266791,364029.6667
2026-03-20,364117,267423,169372,153454,101213,128701,-14458846.00,-6065533.00,110889124.00,135846473.00,605412.7333,369173.0667,369649.2857,252958.2857,109381000.00,100986712.00,2007529,2815891,240294.6667,369968.6667
2026-03-19,307422,282503,125112,148254,85321,176439,-9620828.00,-17281546.00,360119154.00,114589010.00,607968.0333,367062.6667,370802.2857,237424,118772353.00,335545307.00,1985740,2783110,234026.3333,403333.3333
2026-03-18,420550,250447,163605,211390,119129,107174,-26468835.00,-4610829.00,171805394.00,138961560.00,610962.7333,366239.8333,378685.1429,267418.2857,178530924.00,106428428.00,1983974,2762602,229685.6667,392879.6667
2026-03-17,381934,187934,163955,168124,74608,93674,-10753740.00,-14383891.00,112229848.00,126388516.00,612687.8667,366916.1667,389578.8571,314072.8571,105174989.00,115955330.00,1954944,2709656,279456.3333,359962.6667
2026-03-16,407516,263698,199331,183812,101422,133469,-7368665.00,-19432354.00,138131308.00,142127605.00,614400.3333,364726.1667,414484.2857,318629.4286,110024315.00,145107839.00,1944498,2672640,262042,356707.6667
2026-03-13,389189,237425,168354,169613,101276,109086,-18163186.00,-15578856.00,155292789.00,144993076.00,613680,362636.5,465819.7143,341705.8571,134669364.00,143667247.00,2046901,2781029,240821.3333,332142.3333
2026-03-12,283183,337246,107634,142172,185577,122704,-23298985.00,-1490062.00,515634732.00,114371215.00,618715.0667,356675.4667,472715,325551.2857,423139423.00,175197827.00,2028214,2738376,281875,396324.6667
2026-03-11,397751,211455,163593,185059,82341,105842,-16621513.00,-23338877.00,103511105.00,124723389.00,623849.5333,355377.5333,470758.5714,328931.5714,94810935.00,109300984.00,2033535,2744945,382895.3333,416471
2026-03-10,315493,173763,138747,134084,74930,75819,-3330259.0000,-15501664.00,111830352.00,123682019.0000,621329.4667,353166.1667,508006.7143,343955,96680265.00,111156245.0000,2011054,2708379,423505.6667,505258
2026-03-09,475730,460407,213909,205338,165345,254501,-2727902.00,-20511865.00,159059148.00,182849018.00,624395.1667,345044.3,493063.2857,318446.5714,137525913.00,155531597.00,2135470,2691224,403023.3333,596193.6667
2026-03-06,458190,514516,187086,214457,255991,218242,-9891798.00,22558186.00,176072419.00,152007777.00,622380.1,333104.0333,498557.1429,274049.8571,166318511.00,133091512.00,2040560,2796976,306239.3333,553947
2026-03-05,581854,295594,263036,247519,129295,129461,7808861.00,-1905803.00,176568304.00,274970497.00,616787.9667,328276.7333,478430.4286,259886.5714,201429675.00,192437198.00,1984853,2745014,286080.3333,488014.3333
2026-03-04,748537,398960,356645,301701,171864,184145,17847114.00,4366385.00,142473290.00,315850682.00,604883.6333,320945.6,447242.7143,248199.1429,188451861.00,201188882.00,1950072,2749143,246069.3333,430578.6667
2026-03-03,331450,224164,144821,139829,93172,104610,2414770.00,-16024241.00,167762061.00,153165132.00,606439.4333,319533.3667,557724.7143,275264.2857,131433209.00,155164927.00,1915475,2716839,265297.3333,443804
2026-03-02,384056,235117,161701,165341,108166,103926,294206.00,1603456.00,117318352.00,151741225.00,606776.5333,316911.5,552443.7143,322244,118202705.00,115393880.00,1896005,2682090,254838,481334.3333
2026-02-27,576230,278927,259481,256675,124767,121194,9958355.00,3419560.00,147094777.00,185917474.00,599476,313311.7667,576486.4286,337450.4286,139971421.00,146216486.00,1939441,2821083,227346,436246.6667
2026-02-26,371126,281848,153178,175289,103311,146391,-9449224.00,-8334420.00,385110306.00,141270818.00,597105.4333,309301.9333,620158.2857,354592.2857,160899457.00,324149953.00,1894052,2757136,239112.6667,489279
2026-02-25,496647,203739,227125,216412,90022,91951,739215.00,-676707.00,74757751.00,153469872.00,592360.7333,307346.2667,661942.4286,399804.1429,95252293.00,97919615.00,1896874,2745482,309073,692004.6667
2026-02-24,440967,196451,207599,177645,79238,90136,14109064.00,-779866.00,101803847.00,167390115.00,592771.9667,309155.3333,707981.2857,481960.2857,110066745.00,123674425.00,1864278,2702840,431581,660712
2026-02-23,530223,317148,214209,261546,141618,134999,-11362544.00,7166716.00,128478803.00,185553774.00,590799.8667,305814.9333,746624.8571,487676.5714,147178595.00,129664115.00,1830714,2658202,454322.3333,732147.3333
2026-02-20,1104824,413620,517319,467938,182545,189744,9561295.00,-9428684.00,117348394.00,358659141.00,576567,299524.4667,689656.5714,473141.7143,202778353.00,221417019.00,1991041,3109462,450396,589482.3333
2026-02-19,347089,563975,144128,167602,212750,319251,-2899813.00,-21596678.00,1042758013.00000000,114759184.00,589700.9,290642.0667,801012.5714,462351.5714,417307648.00,704414938.00000000,1963225,3056730,435811.6667,736831.3333
2026-02-18,744529,385372,340335,313179,161120,189925,8229744.00,956237.00,371804842.00,247795874.00,578896.1,283849.1333,969339.8571,548762.7143,253090171.00,318459478.00,1959964,3099538,564535.6667,743068
2026-02-17,676829,401841,309758,274284,186001,181304,3424807.00,-897904.00,542822652.00,279237263.00,578420.4333,279536.4333,998723.2857,565577.4286,384876702.00,371679776.00,1928394,2931602,549642.6667,784367.6667
2026-02-13,789136,520222,316826,352423,211909,260836,-19880101.00,10952286.00,988391166.00,258313152.00,560093.6,265338.8,940858.2857,522573,438615815.00,566784525.00,1954446,3060409,480194,756671
2026-02-12,763239,771544,297560,361298,416447,440656,-16780018.00,13140358.00,1791429380.00,278963478.00,541397.8333,242982.1333,904737.1429,444604.1429,971659049.00,888494008.00,1913084,2924029,385827.3333,877785
2026-02-11,800728,357162,320909,384751,153931,151365,-19302082.00,14614502.00,264508435.00,257547316.00,521092.1667,233883.3,852302.8571,423327.2857,229814850.00,227601666.00,1913442,2884872,596856.6667,1251815.6667
2026-02-10,706046,311876,292126,311443,140484,133175,-9520556.00,10784296.00,180309524.00,327090133.00,505862.0333,227087.7,816994.8571,407059,210202913.00,217055861.00,1878143,2757127,666079.3333,1310638
2026-02-09,1126581,488444,506408,490059,208057,227005,-2729736.00,-14148451.00,377726855.00,379745549.00,474324.1,213454.3,708566,362243.4286,336629864.00,347297812.00,1855411,2647646,576328.3333,1063138
2026-02-06,1922820,990250,866849,843111,423736,445755,2263743.00,-10207420.00,687737655.00,717067304.00,424931.2333,186357.5,495911,243409.8571,590897616.00,596013731.00,1910533,2668058,321499,592328.3333
2026-02-05,882513,519544,348829,398166,196123,246197,-18787168.00,-27078725.00,362138685.00,541105654.00,405765.3333,173347.1333,448664.1429,193834.5714,385632024.00,395868704.00,1749416,2423813,217725.6667,442720
2026-02-04,384081,219191,158197,175244,107645,82930,-21327893.00,6119761.00,96860955.00,229424603.00,410814.9667,172971.5667,428065.5714,177867.5714,157023962.00,129576308.00,1748168,2471882,210661.3333,467656.3333
2026-02-03,510391,225762,191432,244343,93681,98810,-48415175.00,35251.0000,114288744.0000,332677832.00,410462.4333,172876.9,436252.7143,176580.2857,215669788.00,167539384.0000,1695678,2355327,193652.3333,420052.3333
2026-02-02,433688,208224,193668,183103,88714,94566,15446259.00,6505220.00,70794122.00,275023731.00,408134.9333,170671.7667,431117,169163.7143,147450493.00,150001744.00,1667693,2291716,177049.3333,420234.6667
2026-01-30,458890,197998,181584,222416,96557,81847,-13589637.00,-2717696.00,65914906.00,222172303.00,402955,167647.5667,424717,162417.5714,134353974.00,123482033.00,1729217,2448071,168555.6667,451199.6667
2026-01-29,367579,174735,158178,163803,73841,81178,5804857.00,-3976476.0000,76242629.0000,213181108.00,402948.4,168017.2667,428121,163030.5714,121947396.0000,131728729.00,1707244,2401151,146118,408637
2026-01-28,434235,158415,180973,194818,66837,71805,-19750532.00,-6096446.00,63668416.00,297429036.00,403267.2,168891.9333,420105.1429,166370.8571,164644119.00,147699153.00,1672997,2338942,165563.3333,453125.6667
2026-01-27,551785,172517,246176,206098,69623,75273,43846481.00,578630.00,80480179.00,361426278.00,394848.6667,167633.7667,397588.5714,164077.1429,151841164.00,193856933.00,1630474,2225132,160160.3333,401776.6667
2026-01-26,239891,107422,100417,109759,48794,45056,344590.00,3546157.00,48557953.00,152570322.00,400506.9667,168964.8333,414349,173150.4286,88946306.00,85750595.00,1597266,2179937,174611.3333,459843
2026-01-23,567701,216751,267133,233686,89861,94677,3676831.00,-5298955.00,69688349.00,252162833.00,389288.7333,165323.1,376107.2857,165265,132664910.00,143010196.00,1637528,2288411,162036.3333,401078.3333
2026-01-22,397738,156308,170692,176772,59319,76258,-6091051.00,-4529115.00,54672864.00,158446532.00,385357.8333,163549.7,369902.7143,163659.4286,89730080.00,88168144.00,1617729,2233384,170532.6667,394540.3333
2026-01-21,414090,150775,182860,180219,58897,74192,-20960128.00,-11313238.00,88473070.00,202100393.00,384654.8,163909.0333,375504.7143,177937.7143,132922058.00,123275168.00,1592705,2174521,172428,387900
2026-01-20,391407,179026,154488,176965,81731,70658,-15534820.00,802732.00,115831370.00,203594309.00,389694.7,164012.2333,386883.7143,183353.4286,138654888.00,129836411.00,1543840,2093217,169731,376502.3333
2026-01-16,378124,181797,163755,172570,75007,82513,599837.00,-9505891.00,71505826.00,192515916.00,387319.0333,161800.5333,429700,189511.8571,110328584.00,120431095.00,1965967,2679630,162983,350464
2026-01-15,394169,156461,167938,178995,60102,60745,383162.00,2954219.00,73758954.00,187648454.00,391756.3667,160932.8333,479262.4286,209660.7143,107767181.00,105196124.00,1946122,2613453,159185.6667,337176.3333
2026-01-14,357214,170935,143433,173400,76454,73288,-16359813.00,689432.00,75199231.00,181613484.00,393057.2333,159599.1,488286.8571,211182,122735883.00,105701278.00,1920700,2569333,185781.6667,369206.3333
2026-01-13,300009,161553,124661,134431,74055,67025,-6850638.00,4266000.00,59630060.00,187560592.00,393911.6,157849.6333,540079.7143,227025.8571,111764602.00,100647964.00,1900914,2546943,204242.6667,426223.3333
2026-01-12,354306,145069,129083,134795,62225,64522,3383196.00,825459.00,54710408.00,427228940.00,396598,158141.5333,523654.7143,219772.1429,134584673.00,141256000.00,1868653,2508193,230855,534067.3333
2026-01-09,453304,250723,194195,192465,99520,124779,3362522.00,-5912028.00,59983582.00,275216809.00,397747.7333,155559.8667,487806.4286,198360.8571,135773453.00,145880503.00,1948613,2630583,246448.3333,630001.3333
2026-01-08,471060,216936,206239,197984,95503,90233,5629524.00,-3190459.00,61129942.00,329160423.00,398419.3333,153252.2333,447877.5714,179398.1429,162273244.00,169254233.00,1906902,2612124,234664.3333,613109.6667
2026-01-07,677838,224906,276210,311961,87321,109230,-16084900.00,-11767281.00,74643959.00,412790942.00,394010.3667,154920.7333,386635.2857,162698.4286,209419979.00,205759010.00,1881568,2548602,250515.6667,608016.6667
2026-01-06,741106,297503,352331,288187,116334,142333,32969402.00,-4456030.00,95525056.00,465678088.00,384262.6,157081.1,306540.5714,131546.8571,216794990.00,259950698.00,1844171,2456927,182779,440758.3333
2026-01-05,420385,181584,180638,186728,72516,82188,7997071.00,2010023.00,70088002.00,277371934.00,387030.8,158316.9333,309490.4286,130941.4286,152574234.00,139883572.00,1813088,2390978,155865.6667,368085.3333
2026-01-02,662559,272460,279729,303444,118453,120765,-7003792.00,-3129971.00,91474267.00,268257337.00,382606.7333,158031.2667,258772.8571,110480.4286,159551061.00,154616743.00,1830787,2464662,93111.3333,211085
2025-12-31,239331,94293,92111,122176,39685,38715,-5614788.00,-1913006.00,52801199.00,137952554.00,387529.2667,162086.6,301092.7143,126713.4286,78916560.00,77266978.00,1812658,2450055,97683,214355.3333
2025-12-30,202366,100844,94211,83177,41147,38673,4272598.00,-1925060.00,46859821.00,112606174.00,394879.4333,166028.8333,343585.4286,144153.1429,68804117.00,70448745.00,1790268,2427221,90549,207047.6667
2025-12-29,191558,84197,82787,84195,29410,40329,-5514067.00,-1766931.00,24328961.00,105095723.00,401485.7333,171292.3667,368200.4286,152420.7143,56695396.00,52948260.00,1764768,2397587,121598.6667,290206.3333
2025-12-26,249142,108008,98225,116383,45634,48364,-2845142.00,-221921.00,25667184.00,101422514.00,404458.5667,172608.1333,375964.7143,152315.5714,52912511.00,50289290.00,1820316,2533179,128673.6667,309671
2025-12-24,180443,79442,72534,87114,34354,34990,4702438.00,1570006.00,25138568.00,87266625.00,405001.5667,174165.8667,402670.1429,167513.2857,45875866.00,49008298.00,1809228,2508105,171501,428046.6667
2025-12-23,441034,177346,196577,191023,75781,77274,5015173.00,3111657.00,51062008.00,167278628.00,402700.1667,173468.8667,403065.1429,168557.4286,94289016.00,96192532.00,1770576,2481647,186693,447640.3333
2025-12-22,307536,129233,132589,139530,51350,61096,-2991536.00,-3688069.00,47040724.00,131801629.00,406603.9,178693.5,401878.4286,169348.7143,74306633.00,75316558.00,1732434,2407342,190972,466416
2025-12-19,535570,207924,252311,229820,94794,95382,4869690.00,1553015.00,48323884.00,232159273.00,401426.7333,179334,383888.4286,160695.8571,121924209.00,124632924.00,2074706,3039079,157421.3333,389056.6667
2025-12-18,499815,222922,229050,217681,95847,92244,4114855.00,3088238.00,164047348.00,322560852.00,394960.3333,177348.9667,345508.2857,144206.8571,209206863.00,214597140.00,2057903,2970008,145056,344912
2025-12-17,363863,142070,158320,165625,63635,60918,11512318.00,-1656811.00,102028361.00,217389754.00,396957.4,182003.0667,333500.8571,138640.5714,125485643.00,164181221.00,2033129,2885278,159251,371557.3333
2025-12-16,303492,107272,128863,142661,48822,46541,-4250862.00,2973456.00,83945012.00,132246386.00,414505.5333,192238.2333,346287.5714,146395.2857,115869902.00,81317105.00,2023848,2860077,168417.6667,370136.3333
2025-12-15,367381,185826,139088,187796,81075,83334,-17386063.00,-10374039.00,82891891.00,168269924.00,468723.2,218243.3667,371319.4286,145866.1429,110391961.00,108112355.00,2000081,2802292,155593.6667,384222.6667
2025-12-12,443799,184655,168439,225721,82051,80027,-12234753.00,-8421093.00,61550035.00,177265654.00,481556.4333,226727.0333,351755.8571,135979.1429,107012976.00,101199916.00,2046637,2920677,129875,313341
2025-12-11,299229,134772,125014,140549,47169,66482,-7309095.00,-2683787.00,51099805.00,119512226.00,488047.5,227851.7667,384335.8571,135358.8571,74604702.00,69979394.00,2031391,2887897,119319.6667,306868.3333
2025-12-10,409640,147354,191538,167008,62510,63713,5259706.00,808912.00,40130600.00,205623948.00,489305.8,228849.3333,382421.5714,133011.5714,106772375.00,111223169.00,2019108,2854094,124053.3333,301321.3333
2025-12-09,231154,107499,99618,103696,46427,48159,-1568675.00,-928436.00,49827488.00,120872674.00,494717.1,231033.6333,395919.5714,133235.8571,76542230.00,75636991.00,1997122,2831395,148927.6667,405138
2025-12-08,279811,103106,115742,132174,46346,41392,-3243599.00,2257572.00,44958611.00,130900584.00,507727.1667,235166.1,418074.8571,140481.5714,78676162.00,73174991.00,1974491,2776546,153041,414152.3333
2025-12-05,392999,161555,153081,194049,74154,66440,-2166002.00,-398121.00,60289072.00,148917200.00,509038.9667,234249.9667,431617.2857,142155.5714,86235098.00,84467217.00,2037584,2972730,142666,458915.6667
2025-12-04,542604,182122,211436,264798,75592,80897,-24105667.00,374305.00,82190889.00,231666601.00,506476.9333,233333.7,424275,137239.1429,147635416.00,118449597.00,1999372,2891868,125599.6667,410127.6667
2025-12-03,306854,115446,124084,149639,49473,47843,-15424684.00,3069922.00,71050460.00,151957691.00,520699.3667,237569.7,458377.1429,160027,104087249.00,87300543.00,1965602,2845042,123474,416389.6667
2025-12-02,527289,130430,231514,233055,55205,53409,-3472893.00,1404224.00,55088138.00,222033653.00,518429.3,238691.5333,447146.2857,193153.2857,119795532.00,114918180.00,1938327,2789780,131272.6667,385592.6667
2025-12-01,396240,130923,166014,179233,57403,54760,-322730.00,2367264.00,53136513.00,186829209.00,528305.4667,245133,462459.2857,205687,104032920.00,101409323.00,1899723,2716705,145389.3333,416111.3333
2025-11-28,325640,109069,151635,139227,48190,44540,6653871.00,-3226823.00,30131482.00,129399456.00,537833.8667,248542.0667,491630.2857,227804.2857,61686655.00,71567349.00,1947124,2831676,158268.6667,471300.6667
2025-11-26,434898,153826,187179,190807,65388,65208,-29587162.00,3252713.00,54203209.00,221172483.00,540541.7333,249798.2667,484788.7143,236679.5714,134412090.00,101572215.00,1911281,2746382,198647,508191
2025-11-25,487796,173273,190790,187650,63157,79447,23032022.00,-9203366.00,83870770.00,242740432.00,540202.4,252201.5,475513.7143,243227.8571,112681121.00,150136509.00,1881319,2665742,261660.6667,495150
2025-11-24,491208,147707,208928,208789,58321,66070,13902489.00,-4709764.00,69446030.00,242465319.00,539918.5,252590.4,461019.2857,256713,125201826.00,143814079.00,1854002,2540473,285311.3333,499224.3333
2025-11-21,545569,274961,259510,222761,116817,120106,11719905.00,-2689925.00,140903870.00,224323593.00,555709.3333,255772.9333,431413.2857,238501.5714,149507421.00,170041481.00,2058881,2950005,281621,493980.3333
2025-11-20,448673,362314,176529,214892,172371,139592,-1163443.00,11201961.00,396627208.00,217974664.00,565251.9667,249988.9333,395421.8571,204767.2857,285904571.00,241008112.00,2069270,2936987,232834,473425
2025-11-19,503431,218659,213330,226957,86867,95339,1407602.00,-3764101.00,121870801.00,235767792.00,576011.8667,249516.0667,376644.8571,195878.2857,152020084.00,155315837.00,2051559,2855515,232984.6667,446571.6667
2025-11-18,529837,263890,215369,240703,119709,102490,-10636887.00,-1438657.00,159737789.00,276965167.00,572429.2333,244061.1,361617.8571,199032.8571,189539820.00,180341590.00,2044729,2788960,225722.3333,399875
2025-11-17,387007,215953,156861,175857,94035,89176,-1506678.00,2483059.00,86877198.00,202148483.00,578267.3667,242266.0333,360653.2857,200630.8571,118747231.00,114757494.00,2019593,2739292,202898.3333,383648.3333
2025-11-14,422871,219111,177813,192383,100999,89842,-2906235.00,-1081631.00,79983438.00,192771899.00,587748.7667,243045.1667,343932.1429,192668,111261568.00,109322952.00,2073460,2859239,171919.3333,308269
2025-11-13,389747,242103,141494,180467,113819,90984,-11243924.00,10728408.00,130761657.00,206486741.00,591619.1333,240323.6667,348793.2857,198323.7143,150478374.00,112624652.00,2031951,2835561,143363.6667,302350.6667
2025-11-12,338327,147481,130444,163553,62841,59115,-23107816.00,1013959.00,66412384.00,210625326.00,596598.2,239840.3667,419023.1429,236444.5714,137580699.00,99336974.00,2010509,2775691,189527.3333,331124.3333
2025-11-11,196733,126174,82358,85468,51626,47538,2319414.00,4293318.00,85207221.00,162340864.00,604878.9,241111.4,675762.8571,356416.8571,70761959.00,70202055.00,1990748,2745004,223182.3333,392298.3333
2025-11-10,371992,156436,167363,154047,68884,62680,11421524.00,-2673618.00,55363580.00,247585452.00,606407.6,239664.8333,741020.5714,396806.7143,119730739.00,137717957.00,1963608,2678089,225494,370242
2025-11-07,424648,285972,184423,187493,122996,125610,756632.00,-2198324.00,78372834.00,215010252.00,612459.3667,237004.1667,750922.4286,380027,124852013.00,129611969.00,2080827,2864104,224067.6667,369951
2025-11-06,380255,227139,139895,197400,107259,81860,-16064155.00,10946244.00,134338402.00,215307921.00,622813.8667,238798.6,760513,372904.4286,176183736.00,118932903.00,2078168,2833915,286463.6667,519844.6667
2025-11-05,305823,163371,131330,135222,62588,74646,9709912.00,-2210859.00,57220575.00,301031800.00,633948.1667,239991.6333,773037.2857,374284,146903314.00,163810568.00,2058110,2789219,554000,1082540.6667
2025-11-04,423775,281693,167798,189030,109434,124101,-24957367.00,-4480991.00,109966465.00,313116548.00,649815.0667,242559.0333,808228.4286,366482.1429,193619519.00,170514505.00,2025919,2732545,606490.6667,1217547.6667
2025-11-03,829936,414327,355798,335047,174257,173673,27720862.00,5200137.00,160256995.00,867236770.00,638830.9,235432.7667,751430.8571,326445.5714,437278395.00,453805900.00,1928597,2641540,524553,1105556
2025-10-31,1993911,965980,868783,824845,423980,440357,14534856.00,9219383.00,261637902.00,2532102209.00,592524.7333,210719.0667,533121.1429,210539,1165365837.00,1073249491.00,2117463,3092148,261653.3333,590048.6667
2025-10-30,828796,439165,340143,366134,191948,182386,18333740.00,13958319.00,218329440.00,561271134.00,582636.3,203909.7,519511.2857,182447.7143,332058492.00,337330829.00,2013031,2912684,172941,444947.6667
2025-10-29,493961,168514,203775,204333,85763,64888,210290.00,12830569.00,97525555.00,387664115.00,581328.5667,202521.3667,514543.5714,181815,211193607.00,198773648.00,1961280,2798414,192463,503665
2025-10-28,447389,177281,217106,157700,65935,77742,37611203.00,-2518386.00,96123399.00,377297598.00,583000.8,200667.1667,549563,202798.7143,172356882.00,217769771.00,1922155,2713921,178059.6667,498653
2025-10-27,393493,173028,155095,153646,69005,74843,17267894.00,-1514930.00,81339048.00,319504862.00,588633.2667,198600.8667,580705.7143,208272,158139395.00,176922219.00,1881934,2631888,171928.3333,522736.3333
2025-10-24,670113,227080,309830,263158,108637,93010,19869754.0000,-2168376.00,80413905.00,327759842.0000,586455,198368.2,558708.7143,203190.8571,159997099.0000,181987229.00,1972705,2841922,177077,543874.3333
2025-10-23,432353,134071,190304,190148,54620,61747,20276975.00,3705899.00,59086702.00,215867154.00,584198.5,198049.4333,565174.8571,219090.7143,116327293.00,127048369.00,1959559,2809708,187081.6667,552819
2025-10-22,465743,154634,177699,224415,68210,65075,-6805962.00,-458787.00,76859693.00,254560277.00,587993.9667,200247.6333,567596,219767.8571,145028799.00,138559699.00,1935578,2763928,243592.6667,628413
2025-10-21,733527,242526,342552,297426,102844,110320,36342757.00,2405977.00,98596314.00,384603595.00,572253.8333,196563.7333,608419.8571,238040.8571,189413762.00,224349342.00,1898875,2736994,233197.6667,587734.6667
2025-10-20,459187,164085,218634,185324,60204,83047,16700673.00,-7956672.00,92846788.00,227705783.5000,569009.9667,196683.3667,647814.8571,241570.7143,127007877.00,151665222.00,1854050,2631813,242340,606717
2025-10-17,692525,324167,295798,315494,131521,140403,-6677832.00,-13963609.00,123770964.00,309270132.00,557359.1,192039.6333,666915.2857,224471.5714,180945832.00,186819809.00,2058740,3025548,216074.3333,535080.6667
2025-10-16,611492,211341,250566,292267,88822,97169,10054252.00,-7706025.00,98819085.00,279784492.00,562657.6333,194319.8333,639896.1429,208600.1429,153500786.00,171469963.00,2030011,2967900,198752,492147
2025-10-15,516134,191512,199292,250178,82825,76535,-16473358.00,-827138.00,93487160.00,281737132.00,553011.2667,191247.3,646470,204398.5714,166710172.00,151617242.00,1987799,2883149,258393.6667,659867
2025-10-14,477616,245370,183623,225974,113702,103132,-11699745.00,2948762.00,128606814.00,265098180.00,546268.5667,187515.5333,679283.8571,203986.4286,180049793.00,165401286.00,1942914,2808232,239535,745645.6667
2025-10-13,482691,159374,211524,205426,66594,75262,7154806.00,-15194023.00,101361240.00,246908902.00,541374.8,186803.7667,682593.4286,204141.2857,142061867.00,163151021.00,1908972,2710147,254568,860158
2025-10-10,1019294,370437,396069,490280,163514,167054,-43542381.00,934830.00,132190253.00,448921211.00,519901.7667,179082.8667,606651.2857,170219.1429,272633507.00,228706296.00,1945025,2795244,164502.6667,661179.3333
2025-10-09,734952,188794,326444,305520,76250,90794,12740087.00,83729.00,62120871.00,322878115.00,501560.9333,175323.2,565251.5714,166720.7143,160252595.00,172012703.00,1922631,2710681,155605,603579
2025-10-08,826228,204473,396370,314610,74362,91877,40870225.00,509683.00,87019924.00,384250887.00,478828.1,171089.2333,506912.2857,153658.7143,176274146.00,214436258.00,1892550,2602951,168275.6667,563940.6667
2025-10-07,422358,100241,181410,186584,40261,45989,-2636928.00,-1537209.00,44917809.00,214350138.00,471344.2667,170560.6333,533175.5714,168788.8571,111016117.00,109916398.00,1872995,2561751,188348,591774
2025-10-06,562151,162101,256007,225861,67342,71592,16791532.00,6781711.00,79127516.00,284283219.00,469417.2667,171553.8333,551566.8571,185770.4286,150461839.00,160471660.00,1834641,2448258,178641.6667,566956.6667
2025-10-03,707313,242485,282316,345305,106200,105710,-17521202.00,2576966.00,67949320.00,253215167.00,454580.8,169389.3333,541929.5714,179581.4286,144447729.00,124349561.00,1857084,2590088,152581.6667,479570.3333
2025-10-02,505858,160458,222158,222684,66837,71589,398681.00,1847062.00,67187037.00,209384742.00,448266.3333,170013.7333,598204.4286,207903.8571,119820189.00,118884348.00,1843790,2546647,136775.3333,450235.3333
2025-10-01,487699,132982,212294,209101,52572,52525,-1685639.0000,-2161920.00,52046056.00,203025366.0000,440638.7333,169362.2333,600020.4286,217554.8571,101198371.00,101655782.0000,1832924,2515353,161165.3333,489736
2025-09-30,445154,164305,170284,206986,75375,69588,-12452731.00,1133354.00,70401719.00,200325693.00,433021.1333,167999.4,622816.4286,226164,121841865.00,108127858.00,1793702,2443477,200054.3333,571648
2025-09-29,417853,113039,185305,183225,43454,54940,-1949025.00,-3564127.00,47352251.00,178622337.00,440201.2667,173334.5,639143.5714,243570.4286,97016376.00,98631478.00,1767426,2374639,228762,645647.6667
2025-09-26,606201,206152,256891,275407,84016,95035,-3111716.00,-6767859.00,87347779.00,186604728.00,456492.6667,179182,617504.7143,232243.5714,115070434.00,119138577.00,1817070,2579453,279616.3333,743508
2025-09-25,690890,280972,277733,323367,111999,126343,-12942238.00,-11994660.00,134964186.00,270814367.00,447968.5667,174119.1,589885.5714,209484,168693943.00,170658515.00,1792855,2456244,252805.3333,680015
2025-09-24,639852,199162,254902,314184,82071,81367,-11093304.00,-6306396.00,99133683.00,240654949.00,436498.8667,171746.8667,578830.5714,196895,148164863.00,144569955.00,1746905,2344880,261274.3333,668306.3333
2025-09-23,899782,358715,336666,433085,156761,141047,-33046304.00,4432935.00,163783159.00,399150586.00,414475.4,164255.2667,536685.2857,177092.8571,257578843.00,219067604.00,1659024,2138206,219997.3333,545760
2025-09-22,500411,200539,182637,246010,77370,86122,-41323487.00,6165378.00,110108935.00,271828010.00,410304.2667,163465.5667,517292,166231.2857,185655270.00,140099733.00,1603570,1983155,195439,530532.6667
2025-09-19,604726,224569,226190,312095,94263,105554,-12437837.00,-8960862.00,64384375.00,210588167.00,407316.8333,163020.2667,513703.5714,165661.4286,121950006.00,118472133.00,1876852,2389586,161134.3333,494809.3333
2025-09-18,532143,234884,251452,226358,131404,70358,1125231.00,10429163.00,186837444.00,237744587.00,410327.5667,163578.7667,475015,150965,238854769.00,131017737.00,1856471,2324136,119852.6667,504917.3333
2025-09-17,454729,126864,177740,226012,49630,62059,-6249264.00,-5744963.00,44128318.00,166487946.00,410118.8333,164798.5333,461749.5714,156795,92568772.00,92064471.00,1831431,2297592,150931.3333,554929.3333
2025-09-16,497556,121655,219125,214375,51048,52448,15736968.00,-2234465.00,44610447.00,241033747.00,415012.3333,170157.4333,439670,165823.5714,102068492.00,120039925.00,1812946,2285736,151882.3333,510630
2025-09-15,562467,111039,264273,231738,45169,51526,11887747.00,-4414071.00,48415376.00,241535013.00,437646.9667,187617.1333,469381.5714,189924.7143,119051464.00,135913814.00,1787415,2180623,188396,516343.3333
2025-09-12,604765,220100,243202,306594,91749,91626,-15974518.00,-1113505.00,58524101.00,205026525.00,448931.9667,194376.4667,415378.4286,172672.7143,122600428.00,107228415.00,1836959,2272583,159032.3333,401862.6667
2025-09-11,364658,124508,164717,163186,58828,51522,9417671.00,1292932.00,66048666.00,145833936.00,441910.1,193465.9667,402618,173945.4286,95302359.00,91229888.00,1813310,2217522,173421,400933.6667
2025-09-10,579607,220580,235728,269177,99869,88746,-10965536.00,4053659.00,63796676.00,293068260.00,427152.8667,189859.5,367799.5714,162151.2857,160720040.00,145700845.00,1785356,2127029,161512.6667,322064.3333
2025-09-09,261323,132009,117938,105510,48314,68404,-1753804.00,-5930779.00,44858323.00,163679432.00,428314.7667,189476.5667,384053.8571,163122.8571,84126990.00,97815725.00,1738904,2096027,210758.6667,491772.6667
2025-09-08,361871,167674,169472,148102,67921,73248,10788347.00,714548.00,51872525.00,170880820.00,425412.3333,189227.9,358747.5714,150027.1429,89031795.00,99225169.00,1718121,2033621,187979.3333,446730
2025-09-05,342999,184855,152087,152068,81335,82811,10982777.00,2386957.00,41902055.00,135461400.00,433497.4667,190038.7667,330353.8571,134684.1429,74582013.00,83177833.00,1776001,2091540,170833.3333,424175.3333
2025-09-04,770448,279747,351010,293670,103380,133846,34594193.00,-7337113.00,78125068.00,408880785.00,414220.8,183687.5667,248553.1429,106775,154099463.00,216237319.00,1730351,2039172,123591.3333,279318.6667
2025-09-03,226743,99336,87687,112702,37370,46922,1148005.00,-3743001.00,37595300.00,71211507.00,415301.6333,184387.8,288210,119998,44327276.00,49218282.00,1707222,1995073,136749.3333,328772
2025-09-02,275335,133417,111059,131035,60253,56742,14176101.00,-2857955.00,56230277.00,157040191.00,418123.8333,185404.6,286336.2857,126302.7143,76043224.00,115813445.00,1681837,1965965,117611.6667,298569.3333
2025-08-29,335878,138021,125558,171190,63535,58370,-6066017.00,-53168.00,37180599.00,96115942.00,421047.9667,187466.7333,283557.1429,132184,61160292.00,55147443.00,1742993,2100734,97422.6667,234691
2025-08-28,375103,138810,170075,160334,60680,63363,10242853.00,-2407202.00,30624071.00,156243973.00,419797.5,187061.2333,266952.5714,128559.2857,64298221.00,101872628.00,1732911,2077983,79280.3333,175604.3333
2025-08-27,184727,76004,85209,73486,34215,30930,499300.00,1906363.00,24807603.00,61562364.00,425695.6667,189869.1,271509.5714,135333,36401470.00,34994407.00,1714777,2042713,117911.3333,282142.3333
2025-08-26,144243,77454,62931,58768,33571,28490,-4916390.00,2135168.00,25129916.00,98918153.00,429719.5333,191404.3,341368.7143,163281.2857,44492345.00,36071187.00,1705890,2028051,151276.6667,321467.6667
2025-08-25,197843,84383,79729,92437,35437,38543,-4622338.00,1983413.00,24951611.00,82130944.00,432747.7667,193240.1,469525.8571,205737.5714,50071947.00,43466196.00,1688595,1987465,182879,360994.6667
2025-08-22,504341,191897,223896,213863,80395,90809,7833067.00,2378059.00,51267599.00,172532905.00,440010.3333,193839.1333,459643.8571,196764.4286,94535443.00,100245931.00,1749757,2081372,156725.6667,279171.3333
2025-08-21,262219,177550,97722,130209,57427,94301,-1039481.00,-17519296.00,127853897.00,85738269.00,441659.6667,192903.4333,464435.5714,189685.1429,57247649.00,130413864.00,1735242,2038311,138682.3333,263973.6667
2025-08-20,316424,179190,122230,142610,78828,70812,2347474.00,4314747.00,65347460.00,179309301.00,443574.8667,192975.1667,453386.1429,183224.7143,77834515.00,72083682.00,1729671,2005496,169983,369584.6667
2025-08-19,258871,113437,101737,131543,55971,43164,-5570899.00,3146100.00,33757312.00,89779701.00,449970.5667,198200.9667,470015.5714,192283.4286,57688498.00,48971499.00,1709205,1992599,259363,648275.3333
2025-08-18,216626,123420,75311,110972,48543,56248,-2601454.00,2001694.00,30819376.00,91036599.00,457434.1333,198615.7333,512655.1429,204824.8571,54443739.00,49840591.00,1676566,1935453,261251.3333,721122.3333
2025-08-15,633257,273092,258304,305890,109040,114925,-9662980.00,-263842.00,43688253.00,212050626.00,453382.1667,194132.4333,511113.4286,201760.1429,117118084.00,107676666.00,1965231,2432994,212885.6667,608623.6667
2025-08-14,1094943,381577,527742,440987,160911,172617,31001945.00,-6168294.00,91733015.00,404007304.00,428500.3667,186019.0667,418759.7143,170600.1429,199545920.00,237486893.00,1885236,2405530,130349,323335.3333
2025-08-13,435167,129085,193645,177652,52313,58373,4348109.00,-1737086.00,35282329.00,150629441.00,428902.4667,187443.9,448644.5714,192505.4286,78173446.00,84258641.00,1867351,2382360,146270,303372
2025-08-12,295761,127995,126887,132012,54598,53992,-8075499.00,-738245.00,39190755.00,131994426.00,433357.7,189718.6667,583751,264910.4286,76501670.00,69164416.00,1845852,2352430,174008.3333,376486
2025-08-11,239078,133967,97887,111086,59557,51992,-8150011.00,189761.00,36357521.00,112752395.00,453553.1,195051.5667,684356.2857,306183.7143,68621015.00,59134993.00,1817895,2300791,213232.3333,504281.6667
2025-08-08,375277,176848,161331,172897,78276,76515,-8254262.00,2407629.00,33002506.00,131852140.00,460931.7667,195496.5667,652745.5714,294804.4286,76540704.00,65878813.00,1893946,2513523,208768.6667,528678.3333
2025-08-07,515103,211210,219101,229112,90513,99303,1225696.00,-5533345.00,67103405.00,195185774.00,452926.3,192521.7667,598715.1429,280686.7143,112497941.00,118905032.00,1884292,2485423,232506,571764.3333
2025-08-06,622465,251639,300179,249718,104017,114273,25823295.00,-2281906.00,66982202.00,270814114.00,443318.0333,188060.6667,552103,261955.5714,151166581.00,145691782.00,1855363,2432000,360236.3333,778111.3333
2025-08-05,448467,163457,189276,206117,68400,67123,-1639916.00,4603656.00,74317742.00,171719878.00,437363.1667,187463.9333,527293.1429,261492.2857,108423606.00,100450979.00,1829090,2412835,446710.6667,943060.6667
2025-08-04,644361,282422,257170,305986,112638,119145,-13932118.00,-8813520.00,162333899.00,254156290.00,433576.1333,184634.0333,518892,251029.2857,164210916.00,176947478.00,1761820,2243435,384967.6667,779607.6667
2025-08-01,1241506,634830,489893,534004,278642,266280,-27414011.00,-5219267.00,273436476.00,542319735.00,401034.7667,169285.6,368983.7143,173083.7143,349533645.00,292627087.00,1883716,2329064,210819.6667,411402.3333
2025-07-31,943315,422880,412230,388213,173516,183496,-4224043.00,-2218867.00,147555549.00,599460751.00,378666.9,160426.5667,271248.4286,129864.1429,318875406.00,317221822.00,1738801,2075037,110033.3333,195690.6667
2025-07-30,154002,97193,69665,58327,43028,41291,2532347.00,1968489.00,45397309.00,142493947.00,384914.2667,162251.6,300676.8571,139396.7143,75060587.00,90168085.00,1706718,2046196,131040.3333,235956
2025-07-29,136890,112386,53014,59048,41574,52390,-5896743.00,-6239924.00,57647187.00,127253637.00,391342.8,165121.9667,341635.7143,151896.5714,76182732.00,76525913.00,1681233,2029637,163305.3333,385510.3333
2025-07-28,296180,120521,180123,72649,45630,48413,6214773.00,6221250.00,59481649.00,393558703.00,390063.9333,165628.0333,347551.2857,152771.4286,89806901.00,328830066.00,1639212,1958972,152868.6667,350833
2025-07-25,274798,160214,112496,124047,71252,68655,-8042111.00,1582561.00,58876274.00,168462206.00,391746.5,164838.6,359961.8571,152775.1429,103931988.00,80275316.00,1727421,2094111,139578.3333,345623
2025-07-24,585553,209181,248862,265630,85823,94276,7311905.00,-2913778.00,67297249.00,311520067.00,380880.3333,161971.2,314162.7143,140536.4286,150760380.00,168786208.00,1686332,2105892,124491.6667,270439
2025-07-23,192148,89211,90869,79913,35673,39777,2073828.00,-1153603.00,35891792.00,82776657.00,389670.7,165292.2667,327954.4286,147714.4286,51776018.00,50036749.00,1669895,2068453,161383,347590.3333
2025-07-22,259168,120343,109252,114066,52637,56792,-13622.00,1357388.00,38283014.00,111617344.00,399588.6333,168926.6667,394104.4286,160503.7143,64534575.00,63696326.00,1640391,2032436,163483.6667,373730.6667
2025-07-21,360001,163921,158305,143979,58676,79448,-540316.00,-2127524.00,51494069.00,210915748.00,408407.0333,170640.5333,387204.1429,158440.5714,108066252.00,106355960.00,1599253,1961491,162256.6667,374287.6667
2025-07-18,423602,199885,193421,182571,86844,87279,-4448604.00,-1235249.00,38035377.00,284298970.00,403608.9333,168167.9,380101,155791.5714,155417703.00,104444195.00,1814101,2313719,136798.3333,321406.6667
2025-07-17,337589,126645,128233,161978,53040,51978,-10354807.00,-2854603.00,38441944.00,198436042.00,400693.2667,167994.2,396265.7143,176301,101542203.00,73629499.00,1778192,2263214,141069,305107
2025-07-16,361672,160240,151351,171958,68957,71589,-11673348.00,-3632630.00,56154255.00,154188332.00,395829.1333,168464.9667,407531.5714,172818.5714,95197876.00,87157158.00,1751702,2225855,157611.6667,425289
2025-07-15,264959,123510,118792,115324,53130,56952,5190857.00,4300005.00,45361000.00,136852631.00,398220.4,171051.6,442780,174973.2857,80707134.00,81597986.00,1729953,2211202,166268,440869
2025-07-14,288690,139457,113778,133332,59911,63870,-660187.00,942722.00,46568075.00,130696972.00,398857.9333,171037.0333,451322.7143,174790.2857,78542658.00,76939749.00,1689444,2167269,180229.6667,469265.6667
2025-07-11,722218,209868,328390,320091,87786,98735,22534445.00,-8806593.00,50832956.00,253645858.00,381890.1333,167126.4,412038.7143,169356.2857,114994165.00,149200203.00,1765204,2308905,200344,378773.6667
2025-07-10,311699,149479,149429,136333,57950,73158,7049372.00,-6146942.00,49351536.00,160445702.00,380237.8333,167149.4667,428855.7143,176036.1429,57347600.00,134103814.00,1739749,2273270,195805.3333,421718.3333
2025-07-09,373880,181342,168640,164455,67358,99625,3127014.00,-2917215.00,49806450.00,168670081.00,379778.7333,169024.2667,496150,192123.5714,95466648.00,101510877.00,1729007,2242708,181555.6667,467657.6667
2025-07-08,450742,270211,182136,217563,126297,114346,-11832827.00,3621862.00,59798699.00,273808578.00,378425.1667,165873.2,516992.1429,180693.1429,186533614.00,104154961.00,1680772,2194325,137544,433573.3333
2025-07-07,440533,135863,180697,211510,66428,54848,-7371743.00,2087059.00,44137065.00,186079901.00,374968.9,167204.7333,493335.8571,178707.8571,107231744.00,97072187.00,1644395,2075571,149533,435805.6667
2025-07-03,511698,138593,243190,227066,56290,69487,6054680.00,-3027646.00,30274051.00,170067890.00,365945.4333,166538.2,467981.4286,175738.2857,84640797.00,93727472.00,1729171,2200323,168748,408379
2025-07-02,348489,138176,130990,177758,58273,63678,-8002175.00,-5684467.00,49363987.00,153038254.00,363480.0667,166839.5333,456743.1429,176792.4286,80663475.00,78345767.00,1701645,2174023,220674,573862.6667
2025-07-01,447230,171830,206849,189985,82199,65331,2726702.00,2665102.00,44775335.00,257506291.00,363147.0667,167648.6333,468674.5714,180463.1429,110019709.00,166853017.00,1671082,2122908,226796.6667,623665
2025-06-30,429418,196238,181489,199005,75190,99818,-9669439.00,-1526482.00,58750031.00,198832214.00,366917,171260.5333,445224.1429,177340.1429,111824452.00,112481495.00,1617493,2031927,202039.3333,572172
2025-06-27,844940,293954,381414,371991,135053,128582,5264949.00,-3264310.00,71842173.00,300974009.00,350773.8333,167354.9,363415.4286,157790.8571,160639612.00,170938671.00,1675022,2094997,143323.3333,401931
2025-06-26,596637,190198,285101,225782,79335,90833,22586803.00,476400.00,61879530.00,289280713.00,350830.3333,169163.6,326956.2857,152326,139854170.00,166557823.00,1638476,2025608,128442.3333,292992.3333
2025-06-25,274939,121966,125336,124223,54807,52203,-9589039.00,140598.00,41474059.00,170048232.00,368173.3,177158.7667,334785.8571,163259,106364858.00,84622981.00,1618987,1972666,153628.6667,378262.6667
2025-06-24,334217,117806,132615,163223,48617,54342,-2325891.00,-91858.00,51169178.00,131971129.00,370421.0333,179511.8667,323871.1429,165815.7143,78901885.00,76436602.00,1603238,1900271,172485.6667,355278.6667
2025-06-23,269821,145555,110246,128210,63084,66579,-4518233.00,-7788382.00,61176699.00,131019840.00,375709.4333,181818.3,331793.1429,164526.5714,77914403.00,81749537.00,1550295,1834263,176337,356098
2025-06-20,530750,197525,244696,240801,90875,78704,-1223444.00,-3168278.00,62898157.00,186453778.00,370235.0333,181878.1667,293052.8571,153902.8571,102587121.00,116391955.00,1955513,2349516,161143.3333,292989
2025-06-18,265265,174377,120160,117142,76300,80607,5843820.00,-10212169.00,69422153.00,172508879.00,369705.3333,179969.9333,320280.5714,155969.4286,80935004.00,136617449.00,1949393,2329484,169183.3333,314482.6667
2025-06-17,272279,157109,119454,116721,77447,64506,391012.00,101149.00,57804987.00,149916444.00,370980.9,179922.6333,360913,166293.1429,75893704.00,91561071.00,1915236,2298649,162048,309661
2025-06-16,341423,151944,158556,142921,65523,71258,13418205.00,-3717737.00,55528943.00,164464612.00,395324.2667,192448.8,401360.1429,175349.2857,85924524.00,98158146.00,1877951,2226753,156910.3333,304278.3333
2025-06-13,329746,198497,149458,137757,87647,87095,1810019.00,-3151933.00,49343037.00,211951376.00,411040.8667,201099.6,394204.8571,164950.5714,95157193.00,86452941.00,1939565,2363865,131797.6667,280885.6667
2025-06-12,257814,135703,107994,126681,63064,58948,1652609.00,1998082.00,54174568.00,82590196.00,410322.9333,201860.7333,393105.5714,162912.1429,60921228.00,60575755.00,1926366,2340096,149511,346900.6667
2025-06-11,325275,136531,122922,158978,63212,55866,-9333207.00,290101.00,45991982.00,156503217.00,406469.0667,202623.3667,377458.8571,168316.7143,93476415.00,82884357.00,1901615,2312561,180459,424044.3333
2025-06-10,259568,123159,115293,112295,52051,53667,7768678.00,-66159.00,39716977.00,142588359.00,403385.5333,202623.8667,388477.2857,179452.4286,74653537.00,82488374.00,1889210,2281666,211185,545706
2025-06-09,455859,188843,198272,201380,78472,85276,-319886.00,2983838.00,52108935.00,237506692.00,403399.3333,204451.8667,367328.2857,172334.8571,131042127.00,121928030.00,1846554,2224411,190139.3333,486972.6667
2025-06-06,556706,229375,255848,234987,99213,108657,10520653.00,611777.00,42964516.00,227270597.00,397030.9667,203371.8667,318253.7143,152788.2857,108468903.00,118377779.00,1927183,2331624,154159,384777
2025-06-05,624553,215337,270299,277753,105111,89802,554014.00,-3328366.00,53861572.00,261602589.00,392611,206706.8333,266479,143478.8571,138538498.00,143844178.00,1890224,2309525,140501,248508.6667
2025-06-04,279659,125706,122765,128319,49517,64599,3729775.00,4942605.00,50984799.00,180821005.00,396903.9333,209890.9333,277971.5714,159461.7143,136527603.00,73497275.00,1882923,2275614,165635.3333,267521.3333
2025-06-03,250119,121434,110993,111340,60834,50226,-7360556.00,2042545.00,36092089.00,105587184.00,399721.6667,213416.3333,300831,167211,65650956.00,56947530.00,1856236,2228674,171497.3333,286753.6667
2025-06-02,215748,174363,98925,88498,69570,82835,8355010.00,-4446014.00,48404651.00,115955330.00,404112.7,215613.3667,318130.5714,167417.5714,55601734.00,71389508.00,1816013,2158740,144226,285899
2025-05-30,336697,201109,149427,148429,85580,89026,-713941.00,-199495.00,45822817.00,129932892.00,406743.9,220777.2,304458.7143,155630.1429,60547391.00,60032945.00,1879879,2278178,127246.6667,261043.3333
2025-05-29,307816,139020,127194,143577,64295,57800,70213.00,3368146.00,48802685.00,134508920.00,406824.1667,223050.4,299703.2857,156801,88948441.00,74999008.00,1852767,2237931,160102,278473.6667
2025-05-28,213184,92549,91283,95064,39269,41772,-2069653.00,-1986521.00,27216652.00,75918167.00,412366.6333,228862.3667,331711.2857,171594.4286,42991712.00,42908580.00,1829547,2212785,187812,344124
2025-05-27,262130,150171,120665,110521,52248,83799,7878817.00,-4628586.00,40701457.00,110898319.00,419112.7,232523.1667,371766.4286,193655,56485577.00,68992980.00,1811980,2179711,196358,369029
2025-05-23,360107,237586,156518,160592,99083,109990,-702356.00,-5556219.00,50407221.00,165336771.00,420370.8,234219.7667,371843.2857,184969.1429,78053003.00,82136037.00,1887426,2345808,156695,329324.6667
2025-05-22,410135,175679,193153,173202,74499,80662,6965716.00,-999067.00,55071637.00,156925518.00,427395.5,239083.5333,398728.5714,194794.8571,82701502.00,90786005.00,1863571,2309546,147207.3333,284122.3333
2025-05-21,336845,175809,141272,152681,74621,71855,-1486688.00,-2703978.00,63160645.00,132599967.00,435927.9333,245007.3333,464211.8571,221368,82291526.00,83980116.00,1837800,2283977,153972,317587.3333
2025-05-20,240994,118597,99276,115970,52734,52643,-1183411.00,378299.00,35591544.00,98778460.00,449898.5667,254208.1,487162.5714,231339.7143,59315940.00,57754230.00,1811551,2245122,215971.3333,418094.6667
2025-05-19,274528,147216,120622,121577,67777,65163,-1183305.00,4103962.00,40213462.00,114942517.00,470562.6667,270313.7667,509154.7143,240987.1429,71970136.00,66682869.00,1775389,2182456,225827.6667,446800.3333
2025-05-16,437240,196103,185376,204647,83585,86592,11377001.00,-3016557.00,45580568.00,178604295.00,480211.6,281036.3333,499051.5714,241446.8571,86532968.00,98533526.00,2032429,2551518,241946.3333,500497.6667
2025-05-15,542516,304595,229304,258108,134803,141343,-13969130.00,-14026728.00,160580929.00,278020061.00,482510.4667,277337.0333,457174.1429,214666.1429,169652882.00,193342696.00,2015633,2468018,261021.6667,584735
2025-05-14,360645,176785,169102,130792,87346,68536,6686569.00,6023651.00,54123221.00,335693373.00,480736.2667,277105.2333,450017.1429,211652.5714,102968433.00,169027351.00,1972207,2420091,264893,598403
2025-05-13,598332,244459,265527,253739,99436,107672,5688099.00,-8080295.00,87328295.00,382423156.00,475204.1,276624.6333,517644.5714,252119.7143,195932126.00,209700520.00,1924720,2368725,254989.3333,541783.3333
2025-05-12,795228,361821,337118,329102,142609,171267,12216564.00,-4690715.00,120255417.00,541863747.00,468012.8,275240.6,518504,265862.5714,272884704.00,292578613.00,1875960,2310555,200822.6667,398880
2025-05-09,401649,188399,149456,187037,84342,72194,-5125069.00,-3547465.00,77780232.00,157985263.00,463283.9,274292.6667,494879.2857,261596.5714,81210019.00,79632415.00,1978951,2457647,177066.3333,348121.6667
2025-05-08,428473,214748,213509,168535,95335,90408,10319353.00,5411994.00,121853097.00,166228178.00,457941.4667,272241.7,463620.1429,253691.1429,117756053.00,129528382.00,1944979,2434148,157380.3333,308812.6667
2025-05-07,366518,199321,165415,158250,83628,90908,-6506542.00,1555117.00,78880466.00,153282670.00,456215.8,269826.6667,435126.4286,242813,107222115.00,88600697.00,1910619,2399162,266849.6667,543881.3333
2025-05-06,249374,117130,119372,103664,42169,53861,-3242287.00,-3470574.00,76615076.00,101302075.00,462762.9,272132.2667,464683.4286,260892,63867434.00,79763871.00,1897490,2353597,380480,727838
2025-05-05,310546,155690,123996,158538,64992,69708,-548888.00,1671425.00,83309220.00,126023083.00,466303.5667,273535.5667,472556.1429,266789.8571,93104042.00,90030679.00,1853497,2315649,381429,703081.3333
2025-05-02,1071724,527729,421106,492704,241663,234248,-12643164.00,6288398.00,130346270.00,463231221.00,445347.9667,264895.3,389731.8571,236455.1429,232164995.00,209735503.00,2038801,2472918,258656,415726.3333
2025-05-01,801244,458021,360686,315964,175765,205275,19471095.00,-3932125.00,185445956.00,384872999.00,429487.2667,254031.5,333618,202627.7143,223759256.00,247818781.00,1914266,2242023,147040.3333,204332.3333
2025-04-30,236276,158537,99512,100887,68691,65217,15815945.00,5205680.00,81810772.00,144079034.00,433250.5,255061.0667,347671.5714,212436.1429,91266825.00,101877090.00,1881084,2204579,175422.3333,277664.6667
2025-04-29,209659,159410,82378,94298,56448,68208,9020076.00,-2532139.00,71776307.00,123959527.00,437384.2333,255490.1667,367360.1429,223988.1429,76986658.00,88589453.00,1831081,2140252,187944,329663.3333
2025-04-28,167062,123174,64428,73380,53061,51601,-214220.00,-1109693.00,55755466.00,108395823.00,447493.7,259358.8333,402870.2857,257252.4286,67632576.00,71373048.00,1784373,2103304,252014.6667,437960.6667
2025-04-25,456273,243683,191772,199965,104126,106279,-492759.5000,-4449563.00,68395285.00,259202520.5000,445106.9333,258125,382006.1429,252042.8571,115376995.5000,128240869.00,1902643,2281828,244530,422018.6667
2025-04-24,365655,196975,166762,134007,75361,87391,7717939.00,-9056403.00,88978494.00,208941753.00,444135.1667,256363.9,383978,262033.2857,97776492.00,123908736.00,1874505,2201943,254603.6667,411684
2025-04-23,491954,315386,221788,211803,139779,130514,-9023499.00,6197556.00,116432980.00,240118754.00,441241.8333,252511.0667,380057.7143,254120.2857,164110082.00,148889027.00,1805242,2160396,229566.3333,363525.6667
2025-04-22,408447,221229,175259,170861,92339,95966,2815066.00,7531805.00,182521173.00,180189573.00,443743.3,252815.6667,378543.8571,263728.1429,146364772.00,141648033.00,1773868,2111382,274498,365921
2025-04-21,334651,227196,139566,155465,91607,103867,-1176978.00,-6412519.00,209496498.00,140251165.00,456718.9667,256364.2667,419433.1429,277213.2857,128489128.00,136088369.00,1715103,2029346,267838,357778.6667
2025-04-17,347479,240274,143628,147738,94635,94792,-16751611.00,-4441441.00,173189004.00,133321847.00,460931.7333,257003.2667,454481.5714,293391.7143,115376174.00,98571004.00,1925472,2480865,276716,368438.3333
2025-04-16,415633,356024,159077,199857,157514,138936,-5705996.00,-5441351.00,576053155.00,154843532.00,457457.0333,250050.7667,489407.2857,298905.4286,285626812.00,259369142.00,1914589,2431597,244706.3333,384731.3333
2025-04-15,310224,207216,130426,141561,87966,89493,-8811302.00,-8050746.00,164850368.00,112070826.00,467252.7667,250550.3,572868.2857,359358.2857,119253459.00,123810993.00,1892393,2392847,271795.6667,413940
2025-04-14,379458,266908,155669,179219,110118,112970,-7081365.00,-3648646.00,179182376.00,177198834.00,467411.2333,247432.6333,622475.4286,395197.1429,156533707.00,150254928.00,1812187,2329242,290023.6667,494412.6667
2025-04-11,464512,259995,201709,184029,115783,108893,-2698139.00,274277.00,152934615.00,237461711.00,470039.7,247662.4,643471.1429,385714.4286,150845650.00,168373234.00,1902224,2427612,321199.6667,537181.3333
2025-04-10,397850,288484,173928,186000,141226,123640,-13291955.00,18113496.00,217611365.00,191564565.00,473091.9333,245680.2333,630552.4286,368764,214284284.00,161771278.00,1873485,2392750,356578.3333,624602.3333
2025-04-09,620876,321592,312083,258574,147066,146895,14502641.00,-3727314.00,206634991.00,367307274.00,468696.5667,240880.5667,603622.5714,355685.2857,258225161.00,275596366.00,1835805,2355412,459509.6667,715794
2025-04-08,592818,353523,218796,312943,157929,155316,-29664252.00,-8389019.00,222185198.00,301090736.00,469631.733333333333,237484.833333333333,601718.428571428571,350939.142857142857,238725306.00,225372213.00,1777807,2343030,514262.000000000000,760424.000000000000
2025-04-07,660113,394620,316645,290659,176765,180410,47753.00,-19392721.00,343768812.00,364378032.00,461174.266666666667,229696.333333333333,544528.285714285714,317416.428571428571,308057569.00,327498043.00,1706257,2214319,447260.666666666667,744213.666666666667
2025-04-04,894451,630386,369273,384648,283130,260090,-28457246.00,-6577866.00,389111689.00,415621602.00,457064.400000000000,219417.133333333333,455063.857142857143,249249.714285714286,338263373.00,316992328.00,1787675,2338652,293742.333333333333,548536.333333333333
2025-04-03,726708,517780,302259,339856,217337,212786,-5646362.00,-26867543.00,457046548.00,300416655.00,445484.233333333333,207618.533333333333,396212.428571428571,193405.428571428571,279079334.00,305116067.00,1743905,2185975,197829.333333333333,450422.666666666667
2025-04-02,611482,193616,291914,261389,78284,93284,12825469.00,-2273895.00,71230870.00,269606866.00,434350.600000000000,205587.666666666667,372541.714285714286,192360.000000000000,132488605.00,173554805.00,1711134,2120805,240057.333333333333,439758.333333333333
2025-04-01,307419,169831,133508,132177,71711,71817,-3181137.00,9927859.00,87060613.00,161574640.00,438506.900000000000,205946.833333333333,388162.714285714286,196354.000000000000,110037405.00,99751115.00,1670622,2084078,236767.333333333333,423879.333333333333
2025-03-31,432367,230041,183397,187120,96481,101905,7048170.00,7193281.00,154742617.00,187620422.00,434754.700000000000,203547.700000000000,389689.714285714286,201851.142857142857,139642352.00,137583841.00,1632409,1999469,211160.000000000000,369157.000000000000
2025-03-28,579489,320300,227635,303894,142276,139129,4761978.00,-3611164.00,123920486.00,167495131.00,426410.166666666667,197840.233333333333,353394.571428571429,174966.428571428571,124646940.00,133339057.00,1681354,2093174,146683.333333333333,280910.000000000000
2025-03-27,259782,159961,114502,116303,59133,86136,9643805.00,-11737459.00,60422557.00,87799395.00,428122.000000000000,197099.433333333333,366164.714285714286,179175.428571428571,54180087.00,76489506.00,1644290,2064052,155462.333333333333,342911.666666666667
2025-03-26,268200,153219,104501,130403,70252,64574,-6029250.00,2355684.00,40756682.00,100358829.00,426050.266666666667,195217.300000000000,375517.714285714286,181898.857142857143,65030787.00,56645853.00,1618315,2041970,170319.000000000000,392433.666666666667
2025-03-25,314748,126870,146207,129708,50384,56290,9487123.00,1285372.00,43033388.00,155141450.00,426882.333333333333,195958.300000000000,397746.000000000000,197950.857142857143,79375760.00,87577511.00,1591781,2019476,217536.000000000000,435203.000000000000
2025-03-24,445787,186298,206804,188670,72546,85475,-839220.00,3678860.00,77591942.00,195745081.00,449258.000000000000,208897.866666666667,389015.000000000000,200860.857142857143,122916861.00,118398781.00,1551912,1962210,199472.333333333333,395081.666666666667
2025-03-21,416766,197789,185805,187652,82519,95882,1663420.00,-2948483.00,83890763.00,125667188.00,456869.066666666667,215424.833333333333,377548.714285714286,193197.000000000000,86470079.00,89929982.00,1740311,2445297,196684.000000000000,372550.666666666667
2025-03-20,443056,268521,193626,205808,102878,121825,-1661932.00,-6428970.00,351460071.00,133712501.00,455135.733333333333,212407.733333333333,372134.142857142857,183379.857142857143,191606073.00,193775346.00,1743969,2389386,164604.666666666667,336089.000000000000
2025-03-19,325423,132107,152476,138818,52852,60254,8064649.00,-966088.00,103990581.00,114772762.00,451978.200000000000,211742.533333333333,394715.285714285714,197417.000000000000,94337956.00,100018693.00,1728689,2350128,200313.666666666667,384396.666666666667
2025-03-18,349173,189424,151704,161558,74252,84803,-8224170.00,-11357383.00,123348192.00,136598956.00,447088.966666666667,209210.933333333333,448250.714285714286,218021.285714285714,108374962.00,117287915.00,1700289,2299105,206061.666666666667,396229.000000000000
2025-03-17,333671,172283,143396,152182,62335,77863,-4863161.00,261776.00,116357121.00,124350700.00,449001.766666666667,209559.000000000000,468278.000000000000,230472.857142857143,97864491.00,90819284.00,1654369,2220692,196681.333333333333,397172.666666666667
2025-03-14,470346,239234,198965,221572,107229,103222,3285618.00,13136618.00,157532852.00,152129576.00,447329.033333333333,206204.500000000000,445570.285714285714,217360.714285714286,146147679.00,120237869.00,1710417,2374900,183537.000000000000,375442.000000000000
2025-03-13,384670,206668,156117,187198,91972,76366,-5515836.00,12538672.00,202125548.00,164067341.00,441198.100000000000,203273.266666666667,476916.857142857143,219579.857142857143,161200474.00,129267091.00,1713722,2315633,191436.666666666667,408382.333333333333
2025-03-12,336502,144142,144251,155904,57776,69883,1951989.00,-7632817.00,69301887.00,149452591.00,443874.200000000000,204019.733333333333,483732.571428571429,223756.428571428571,92508155.00,101036461.00,1713120,2281988,254607.333333333333,537522.000000000000
2025-03-11,405154,199801,181748,180472,81189,95954,1808387.00,2919650.00,141235097.00,187928176.00,442653.366666666667,203291.233333333333,503477.142857142857,233340.285714285714,147933494.00,145636981.00,1676939,2252622,274488.333333333333,560424.666666666667
2025-03-10,483491,230367,192051,239482,98635,101230,1081576.00,7389472.00,195272819.00,234174101.00,436236.200000000000,200101.833333333333,504323.714285714286,233147.714285714286,200329197.00,180848623.00,1632094,2159838,246849.000000000000,503058.333333333333
2025-03-07,723921,333654,310000,324237,137057,141896,1993405.00,-1726881.00,155459484.00,320169742.00,419460.133333333333,193536.133333333333,470765.714285714286,210854.571428571429,166453645.00,176313931.00,1669817,2302328,209698.333333333333,463116.666666666667
2025-03-06,473862,259444,189477,232451,112769,121291,-21870404.00,-13225436.00,176393536.00,192042984.00,419262.733333333333,190708.200000000000,491767.285714285714,209741.285714285714,156498878.00,174110410.00,1629524,2224159,181009.666666666667,433233.333333333333
2025-03-05,311392,147449,137943,138033,63242,66366,1478945.00,3746937.00,70850832.00,131974253.00,424158.700000000000,191813.833333333333,505338.285714285714,211672.142857142857,89340054.00,87055502.00,1608452,2213019,220822.666666666667,510558.000000000000
2025-03-04,604096,222202,270775,277055,89388,95885,-2415563.00,-1463265.00,160711450.00,263874391.00,419214.866666666667,189958.500000000000,529203.857142857143,225930.428571428571,184388565.00,183436267.00,1569430,2115062,223095.000000000000,472331.666666666667
2025-03-03,384212,173378,159170,181223,73251,78451,-503299.00,-451478.00,80175687.00,180591207.00,415574.966666666667,188141.333333333333,528502.571428571429,224565.285714285714,111618728.00,119604887.00,1535947,2053963,224503.000000000000,507266.000000000000
2025-02-28,543366,266888,234975,236516,109390,116716,7614355.00,-3651623.00,97935858.00,216762731.00,406793.766666666667,182731.800000000000,490517.857142857143,205394.142857142857,105520770.00,123854018.00,1570373,2189182,219424.000000000000,533101.666666666667
2025-02-27,489417,229019,203342,238408,104208,101048,5692708.00,887959.00,83208537.00,163778209.00,398102.466666666667,178485.666666666667,482330.857142857143,198478.000000000000,107043458.00,114517807.00,1575032,2143363,196739.333333333333,505425.666666666667
2025-02-26,489015,177602,207036,210151,70345,71437,972902.00,-1076644.00,61236332.00,280535398.00,390117.400000000000,176352.133333333333,458157.428571428571,195687.285714285714,120194708.00,120920254.00,1540314,2095881,244875.333333333333,599472.333333333333
2025-02-25,620873,251651,274825,268210,107316,107846,19366346.00,473381.00,129835825.00,264046061.00,380697.000000000000,175984.766666666667,416483.142857142857,181033.714285714286,160184358.00,180402938.00,1479210,1984258,215599.000000000000,518949.000000000000
2025-02-24,406389,160965,167983,190540,67324,70976,-2404080.00,-2709741.00,87828436.00,158925218.00,373843.666666666667,174121.633333333333,402875.714285714286,177715.428571428571,106659161.00,106964822.00,1445155,1911418,206174.000000000000,475977.000000000000
2025-02-21,771155,322010,326468,344212,147264,124701,-429160.00,3786731.00,125871758.00,338481880.00,359160.200000000000,167524.200000000000,322146.142857142857,145536.142857142857,197339566.00,193273350.00,1584203,2173582,159039.333333333333,362961.333333333333
2025-02-20,379303,163822,150369,181548,69743,65546,-9559430.00,3198335.00,86719582.00,118417652.00,359988.000000000000,165966.566666666667,316490.000000000000,143433.000000000000,95632762.00,80363047.00,1572236,2103478,157121.000000000000,343127.333333333333
2025-02-19,277473,132690,118293,114460,45452,57577,909090.00,-4969582.00,40583482.00,184325522.00,363881.466666666667,166492.200000000000,436430.571428571429,206546.571428571429,64259628.00,69992400.00,1539795,2055653,162583.000000000000,360354.000000000000
2025-02-18,432108,180606,182306,195751,78130,75802,-2498885.00,-4003063.00,61559853.00,198916650.00,359581.733333333333,165146.266666666667,466857.714285714286,236974.000000000000,113240204.00,113472211.00,1507402,1974808,148293.333333333333,320030.333333333333
2025-02-14,319801,158067,133919,150888,72876,67461,779825.00,2471357.00,41037701.00,161328530.00,354558.933333333333,162322.466666666667,477037.000000000000,239822.714285714286,86730541.00,92609313.00,1573145,2122352,127856.000000000000,282112.666666666667
2025-02-13,329153,149076,148623,148367,61206,69488,1275293.00,-11152787.00,67750852.00,115825724.00,350325.133333333333,161443.033333333333,462971.857142857143,234547.714285714286,69558086.00,88054186.00,1557622,2086449,127864.000000000000,285631.666666666667
2025-02-12,311137,137737,121326,148121,61437,58718,-935937.00,3218598.00,36744407.00,158557471.00,351281.366666666667,162363.600000000000,447451.714285714286,231081.857142857143,86540137.00,87636602.00,1540065,2077568,273446.666666666667,554271.666666666667
2025-02-11,206048,96755,83432,92316,34610,38690,-771251.00,806033.00,46696539.00,107252813.00,350847.433333333333,162615.766666666667,473881.285714285714,243363.285714285714,56828166.00,55250882.00,1519757,2046593,372394.333333333333,700621.666666666667
2025-02-10,339710,149100,143357,147618,60720,69948,4403003.00,758936.00,48008724.00,192711514.00,345526.333333333333,160066.133333333333,485374.714285714286,241863.142857142857,99789247.00,101879194.00,1495277,1990626,382030.333333333333,717737.000000000000
2025-02-07,1117057,574485,471639,485185,259091,214295,-29653858.00,8287727.00,158494838.00,870187758.00,314781.533333333333,144302.966666666667,354472.571428571429,176755.428571428571,386523622.00,350033347.00,1670738,2176122,227919.000000000000,422283.666666666667
2025-02-06,645098,393598,273720,274955,164478,172918,29837944.00,4386761.00,149191653.00,533515880.00,307033.266666666667,137945.166666666667,321856.428571428571,144318.000000000000,255183505.00,285334860.00,1516994,2016748,134545.000000000000,274749.666666666667
2025-02-05,391056,178008,167842,164388,70258,76749,4578405.00,-3935929.00,77134981.00,507849329.00,303503.566666666667,138477.400000000000,318638.285714285714,144309.142857142857,240275338.00,270126800.00,1461855,1926537,136117.333333333333,274749.333333333333
2025-02-04,230697,112151,114941,84613,42094,53371,29102132.00,-5789773.00,61190628.00,247724311.00,309323.100000000000,140812.733333333333,327249.571428571429,147528.285714285714,112809758.00,150684663.00,1427871,1877258,144933.333333333333,337905.000000000000
2025-02-03,202496,113476,93647,82266,46017,50767,3611561.00,489460.00,60638563.00,196725974.00,311887.333333333333,141591.400000000000,329841.428571428571,150843.571428571429,111552018.00,114674119.00,1384916,1831973,146685.000000000000,337320.333333333333
2025-01-31,391055,182725,159997,172468,89671,73240,2116022.00,-126794.00,49794447.00,298194567.00,309645.500000000000,139611.766666666667,340825.000000000000,149683.714285714286,152395570.00,146079436.00,1438243,1956699,141288.666666666667,345897.000000000000
2025-01-30,420164,138599,171139,193117,61195,59326,-19709528.00,5147357.00,52251807.00,211980465.00,307859.866666666667,140337.266666666667,346268.857142857143,155686.428571428571,126018745.00,101291600.00,1424871,1890307,154404.333333333333,328685.333333333333
2025-01-29,200742,118731,93372,84207,55323,49137,14384745.00,1216949.00,35426702.00,204684149.00,310450.633333333333,140737.800000000000,382703.000000000000,162516.571428571429,97280207.00,124280491.00,1404485,1871626,159722.333333333333,358763.333333333333
2025-01-28,416785,166536,194144,173239,70347,76428,15053551.00,-1268506.00,60832379.00,320882146.00,312488.966666666667,140941.333333333333,362450.142857142857,155706.142857142857,162899937.00,176007798.00,1373392,1839166,149771.333333333333,293381.333333333333
2025-01-27,368529,177946,167204,160976,76747,79673,3423466.00,460562.00,73395880.00,260858790.00,310713.633333333333,140281.600000000000,349793.142857142857,145228.428571428571,143389497.00,146244401.00,1332990,1741309,148658.000000000000,326518.333333333333
2025-01-24,290976,134685,122650,135152,67684,52677,2995725.00,1523215.00,36155036.00,202751300.00,322942.333333333333,143263.300000000000,340893.428571428571,140507.000000000000,94553989.00,103565902.00,1404428,1831388,163969.000000000000,382283.333333333333
2025-01-23,220639,136683,90224,92527,52205,62661,1880978.00,1474866.00,41523128.00,162284541.00,342917.566666666667,150157.000000000000,345011.142857142857,137208.857142857143,72793829.00,78325305.00,1383086,1798533,173922.000000000000,460664.000000000000
2025-01-22,467940,174606,197776,214498,79438,71617,-3338249.00,289495.00,55500947.00,305867519.00,346554.533333333333,151305.366666666667,326485.571428571429,146640.857142857143,161258856.00,157524680.00,1332966,1725985,155341.000000000000,396355.666666666667
2025-01-21,458271,180618,191658,220656,76971,82001,-12009186.00,-4390891.00,58603312.00,269506623.00,358084.966666666667,154083.766666666667,289702.428571428571,135848.428571428571,150679586.00,136987771.00,1282609,1657037,130002.333333333333,336908.666666666667
2025-01-17,455781,166542,215564,176204,74053,76618,19004830.00,-3122994.00,44275819.00,334547478.00,354861.333333333333,152042.100000000000,271826.714285714286,129783.428571428571,153323208.00,181459943.00,2026063,2274905,108366.666666666667,261207.666666666667
2025-01-16,275015,118863,119179,132241,54377,49980,-8821888.00,-48346.00,34075395.00,136390020.00,359693.833333333333,152984.600000000000,290272.714285714286,129530.571428571429,83387175.00,72340718.00,2010723,2235574,106611.000000000000,252690.333333333333
2025-01-15,279930,104602,130501,122201,40493,53340,21630877.00,-2227048.00,32667883.00,174429179.00,363078.900000000000,154196.600000000000,306608.000000000000,135795.857142857143,80892079.00,104252404.00,1998709,2212340,151953.666666666667,272134.000000000000
2025-01-14,228678,101635,94971,106658,43817,43688,-18231367.00,-4022065.00,38731876.00,142007973.00,371270.833333333333,155729.233333333333,317242.000000000000,141309.142857142857,85285673.00,71076371.00,1972996,2189351,153099.000000000000,262837.666666666667
2025-01-13,249463,113596,109785,113810,47312,52870,-21867015.00,2738836.00,44064654.00,167977867.00,391453.900000000000,159494.633333333333,305764.000000000000,135560.142857142857,103659046.00,77792815.00,1940740,2138776,156596.000000000000,289900.333333333333
2025-01-10,338261,240630,147831,144429,97271,97723,-21602869.00,-1213608.00,65810249.00,323853166.00,394189.600000000000,154753.900000000000,286318.000000000000,118712.000000000000,124432843.00,164586787.00,1979659,2251402,115417.000000000000,311859.000000000000
2025-01-08,200789,105071,84618,96251,46903,47054,-1159146.00,-1710200.00,35764947.00,84338577.00,402988.733333333333,157594.866666666667,306180.142857142857,127323.857142857143,53847670.00,54398724.00,1958811,2237115,129879.666666666667,376355.000000000000
2025-01-07,330651,124087,128352,172274,55445,52371,-20554355.00,1664180.00,33443971.00,188615826.00,413865.100000000000,161998.033333333333,286520.000000000000,124500.000000000000,109999609.00,88090029.00,1926657,2165855,135260.000000000000,367176.666666666667
2025-01-06,404137,117093,171131,189604,52195,49798,-11384791.00,2997365.00,29438452.00,276180072.00,411614.633333333333,163394.166666666667,254511.428571428571,118145.428571428571,136651550.00,124944115.00,1889777,2067806,120680.000000000000,288836.666666666667
2025-01-03,394277,148459,180174,160214,50270,60097,-18228185.00,-234941.00,26561294.00,370488431.00,411005.366666666667,162157.866666666667,226002.285714285714,111449.857142857143,126607926.00,100128347.00,1955223,2147418,112091.333333333333,224790.666666666667
2025-01-02,303116,140228,136099,132438,58276,64305,-7997804.00,-6993425.00,53727738.00,164331462.00,412079.766666666667,161931.833333333333,241650.000000000000,120397.857142857143,98668787.00,97570808.00,1932328,2090753,120466.666666666667,237026.666666666667
2024-12-31,169117,73353,58608,85880,32382,31896,-22304965.00,778216.00,25585975.00,122675887.00,440617.666666666667,175394.433333333333,258228.285714285714,137629.571428571429,70448910.00,44198099.00,1916571,2071254,130789.000000000000,244997.666666666667
2024-12-30,202139,122693,85599,82945,50166,49360,4819628.00,1706499.00,40070220.00,142014436.00,449657.133333333333,177190.866666666667,287248.857142857143,146132.142857142857,58021913.00,61135042.00,1883583,2036852,114095.000000000000,237643.666666666667
2024-12-27,339824,165354,145473,147572,73519,73413,-14261699.00,847312.00,45585118.00,156468866.00,465185.066666666667,180332.333333333333,278620.142857142857,142058.142857142857,90839390.00,75730379.00,1931947,2159808,92840.333333333333,189273.333333333333
2024-12-26,193030,104320,81402,87561,45762,45495,-23794023.00,784316.00,38093243.00,134990880.00,472600.166666666667,180749.466666666667,297301.571428571429,144774.714285714286,76571956.00,51993617.00,1906832,2133713,125688.333333333333,262480.000000000000
2024-12-24,180077,72611,82975,77174,28487,30103,7658564.00,-748568.00,20859972.00,112658037.00,475551.966666666667,182221.466666666667,323947.000000000000,157310.857142857143,54538492.00,64936404.00,1891015,2130838,166143.000000000000,297509.333333333333
2024-12-23,194713,101590,81594,92038,38714,46445,-8103631.00,1462030.00,32357178.00,117487061.00,481899.566666666667,184196.666666666667,335911.571428571429,161476.142857142857,72520430.00,61642797.00,1864408,2076910,193016.666666666667,367699.333333333333
2024-12-20,412650,202864,178511,188404,86898,95689,1068624.00,-2854228.00,49235955.00,220262759.00,490306.333333333333,185998.100000000000,345238.000000000000,157158.714285714286,115826614.00,119749466.00,2162196,2439029,171007.333333333333,323290.333333333333
2024-12-19,285165,193975,127404,130608,92204,80256,-3084793.00,873289.00,70055877.00,146390985.00,508930.000000000000,189546.766666666667,349538.571428571429,152041.428571428571,100949956.00,96991874.00,2134369,2432642,147461.000000000000,336168.666666666667
2024-12-18,405283,182211,155646,200398,95410,64348,-26071791.00,-344922.00,49244239.00,239919024.00,504742.766666666667,188603.833333333333,385617.714285714286,158030.714285714286,136874476.00,110764377.00,2108857,2396943,140178.666666666667,323272.666666666667
2024-12-17,279423,136836,126587,120680,64342,57695,-9035027.00,-1180623.00,34371916.00,230102062.00,504309.433333333333,189161.333333333333,462828.142857142857,187553.285714285714,122279605.00,112586601.00,2084900,2364699,138149.000000000000,322953.333333333333
2024-12-16,323800,123336,150695,138741,54332,54188,12032207.00,3603955.00,35313939.00,233151423.00,529895.933333333333,201986.100000000000,499006.571428571429,199799.142857142857,117273484.00,123473086.00,2057899,2332948,154584.333333333333,374331.666666666667
2024-12-13,366595,160364,151971,160872,71711,63103,-7782702.00,1625315.00,34586471.00,235775211.00,536656.900000000000,207915.166666666667,561519.285714285714,214600.000000000000,100911616.00,85674480.00,2141087,2431815,153847.666666666667,357223.000000000000
2024-12-12,278465,130747,118610,127774,57742,57018,2472787.00,103512.00,28536619.00,139569107.00,536282.633333333333,207671.266666666667,573034.571428571429,210963.571428571429,72628608.00,74997883.00,2132999,2391960,184977.333333333333,483680.333333333333
2024-12-11,477935,172642,214645,200235,74094,76717,15319187.00,-5554549.00,45555094.00,299489511.00,525685.366666666667,204748.133333333333,564756.714285714286,207320.142857142857,133279342.00,158249278.00,2106040,2371789,241928.000000000000,597667.333333333333
2024-12-10,315269,158154,129718,143754,71339,63348,6258392.00,2524043.00,37067649.00,291316229.00,519855.133333333333,201888.600000000000,574215.714285714286,204864.142857142857,137490236.00,126572485.00,2068547,2323606,258895.666666666667,684927.333333333333
2024-12-09,657837,224136,275156,290003,99157,96493,-20088627.00,1112983.00,60958105.00,458478080.00,509450.000000000000,199295.300000000000,548015.571428571429,193932.428571428571,210802868.00,190036708.00,2021109,2191775,272173.666666666667,733709.666666666667
2024-12-06,819896,343494,380654,342211,163968,144103,15910564.00,-450496.00,64292929.00,462216058.00,489358.233333333333,190776.566666666667,553024.000000000000,177227.285714285714,222106726.00,241063664.00,2072325,2315682,192773.000000000000,580101.666666666667
2024-12-05,577049,209057,266444,234667,89747,98507,14596221,1017630,48836506,326342549,482963.233333333333,187595.866666666667,530635.857142857143,161420.285714285714,153061832,172204607,2036936,2275396,172133.333333333333,527748.666666666667
2024-12-04,804184,263970,365117,320144,103311,106436,21453769,-1943467,70003854,459718863,467564.100000000000,182280.366666666667,482147.142857142857,150896.000000000000,209530167,237190403,1980268,2208110,131130.666666666667,386848.000000000000
2024-12-03,359072,105292,160411,143526,43435,47308,11330733,-24886,29172398,189983205,463918.166666666667,181933.866666666667,524700.000000000000,172451.714285714286,88372313,99687932,1960861,2165297,145238.000000000000,425302.666666666667
2024-12-02,419990,147138,191557,177772,57182,71967,2878298,-4165220,33882696,237069944,466972.900000000000,182669.200000000000,512790.428571428571,174143.000000000000,116519908,123792276,2013533,2183873,171711.333333333333,570291.000000000000
2024-11-29,381482,140962,168519,152599,53568,47555,1824384,-243023,16128000,262962332,463778.666666666667,181106.566666666667,512007.142857142857,169915.571428571429,70767386,59822081,1987395,2335310,157526.666666666667,583241.000000000000
2024-11-27,474436,147614,205642,231034,66297,67168,-9491779,1567848,28030017,146238034,454274.433333333333,178369.300000000000,492137.428571428571,167891.714285714286,83989315,72929688,1971801,2305182,171755.333333333333,580016.666666666667
2024-11-26,854955,226558,449991,318045,90838,112147,39145027,-7541588,49775918,304256743,434344.033333333333,173747.300000000000,516465.857142857143,203702.142857142857,136430784,183697319,1920677,2239310,181630.000000000000,514012.333333333333
2024-11-25,420332,98408,196333,184721,38470,48578,8624243,-857923,23740115,152283363,429869.866666666667,173499.966666666667,524036.000000000000,214870.428571428571,75452702,84335868,1895165,2188798,201819.666666666667,486109.333333333333
2024-11-22,464763,190300,211109,209047,75469,92302,-641444,-3728871,45038782,110578651,426879.566666666667,172676.400000000000,572735.857142857143,224770.142857142857,65687417,68774844,1965411,2321408,175509.666666666667,456521.333333333333
2024-11-21,656942,256182,269752,322465,115743,107163,-4970575,9516885,90144027,199739369,416733.333333333333,168444.433333333333,538241.714285714286,204863.285714285714,141139339,120207825,1944696,2227512,134598.000000000000,349323.333333333333
2024-11-20,336623,158977,143791,159553,76610,66742,2712970,-2568814,40222717,134347325,414052.733333333333,166720.700000000000,528528.571428571429,198833.857142857143,74257679,79247553,1909113,2178415,240682.666666666667,578867.000000000000
2024-11-19,375999,111370,175774,160964,39397,57388,6204809,-3461430,30463298,134907316,410602.800000000000,166055.433333333333,529834.571428571429,205901.857142857143,68905300,78499039,1887396,2136627,262421.333333333333,611308.333333333333
2024-11-18,335348,133447,143903,156519,56556,57657,-268633,-776581,41849425,130839064,413552.366666666667,166788.400000000000,576906.714285714286,223539.000000000000,71265705,71773653,1851255,2078919,304471.666666666667,768079.666666666667
2024-11-15,1025254,477231,459458,466463,247241,184491,-8812191,-1097950,115328211,345745605,396578.800000000000,156608.800000000000,550995.428571428571,198282.428571428571,207936648,200414907,2016923,2207961,184339.333333333333,564822.666666666667
2024-11-14,473323,176586,199350,222504,81735,72395,-5248817,3900039,40618692,207889134,390793.133333333333,155362.433333333333,523330.142857142857,195044.857142857143,114829682,106893690,1995928,2180991,164401.000000000000,496592.000000000000
2024-11-13,805662,259598,402700,321454,115446,123370,10585478,-411114,56439419,436303274,370547.266666666667,149122.500000000000,446296.000000000000,179896.714285714286,226634622,221876844,1955629,2123740,131483.666666666667,356418.333333333333
2024-11-12,415483,116834,184612,180844,53122,50437,-4259854,-1531248,31062386,250235172,365874.066666666667,150542.433333333333,542854.857142857143,235788.857142857143,125327825,119740724,1925114,2096788,178174.666666666667,439541.666666666667
2024-11-11,268631,116771,122250,121299,46342,57238,4283806,-2714417,30770913,163066445,368061.000000000000,150995.800000000000,585825.285714285714,267426.714285714286,83773609,90582957,1893127,2047701,239396.000000000000,631289.666666666667
2024-11-08,385141,160846,159416,171186,70696,67467,-827839,2955268,32236907,212695767,369836.166666666667,151292.533333333333,568981.857142857143,262081.571428571429,103985282,99594405,1981092,2161370,237088.333333333333,596131.333333333333
2024-11-07,664853,256907,284280,290840,112393,114661,301783,-8385373,56573741,403542228,359461.066666666667,146587.100000000000,496862.428571428571,237516.000000000000,203119270,176722710,1927555,2096187,202639.666666666667,463321.333333333333
2024-11-06,843875,300435,395537,331489,143005,128082,35426650,-3271272,67198476,584453253,337513.333333333333,139880.500000000000,396360.571428571429,204935.000000000000,244937887,236261609,1897660,2008160,271854.333333333333,545828.000000000000
2024-11-05,279666,153923,138963,110482,66437,66060,12094000,8190875,43672354,108222037,337575.366666666667,138493.000000000000,405791.571428571429,203851.285714285714,63719165,67622290,1863050,1941085,333292.000000000000,642414.000000000000
2024-11-04,266423,153561,105422,116441,64498,65510,2658137,-291988,49697003,180887318,339553.966666666667,138094.633333333333,398751.571428571429,194475.714285714286,88883954,91834079,1839479,1902165,323248.333333333333,642685.333333333333
2024-11-01,1091395,508079,497469,494603,216662,232210,13760314,-5466310,108966708,559892490,317917.200000000000,127572.900000000000,297866.428571428571,138126.714285714286,290842370,303515863,1938574,2105743,182204.666666666667,332226.000000000000
2024-10-31,569424,338236,238899,254977,155949,142153,1033359,3249470,151813975,277390004,309208.300000000000,120380.300000000000,265407.285714285714,104736.571428571429,185998781,183445170,1821323,1971168,93582.000000000000,189205.333333333333
2024-10-30,267237,123430,127376,111150,54082,50810,4676032,45848,48289268,170368275,305595.666666666667,119457.766666666667,262901.142857142857,100660.428571428571,93672923,99748107,1790110,1938906,101217.666666666667,215354.000000000000
2024-10-29,160017,84948,73813,57101,24941,33215,9007689,-3181031,40624688,108913981,307725.733333333333,120575.233333333333,313131.857142857143,112696.142857142857,49482352,61671072,1769764,1919265,102212.333333333333,234396.000000000000
2024-10-28,140362,72368,63454,58803,27458,31500,-1651672,-2008313,29871524,84191293,308608.433333333333,121421.700000000000,333888.000000000000,115798.285714285714,47500051,47856692,1745196,1873241,115968.333333333333,316008.333333333333
2024-10-25,345683,146337,159418,148644,68758,62332,9709794,1296609,42182198,154519767,307408.200000000000,121370.466666666667,311548.857142857143,104249.571428571429,83220047,91637720,1772570,1994085,102024.333333333333,314850.666666666667
2024-10-24,217143,87932,95255,100417,37666,40370,-1322201,-3549337,27690526,70944063,314309.300000000000,124325.666666666667,317248.857142857143,104244.714285714286,40165705,42392841,1768262,1985852,104346.000000000000,325701.000000000000
2024-10-23,385199,113636,145486,191884,50834,44994,-22419339,-697912,45359429,142223110,315572.966666666667,126215.466666666667,303092.857142857143,101009.285714285714,87201424,61392717,1749936,1918362,122866.666666666667,367845.333333333333
2024-10-22,342210,104505,160907,143207,37891,50564,3136607,-3982004,31749872,132270111,313831.400000000000,128000.100000000000,307784.857142857143,109736.142857142857,70409445,70878056,1722623,1896246,119392.666666666667,348993.666666666667
2024-10-21,249694,94897,113725,110979,40103,44003,-4364496,-695678,29613224,90203958,311933.833333333333,128198.133333333333,322479.285714285714,114639.857142857143,55126730,51457912,1692913,1839809,109592.333333333333,328865.333333333333
2024-10-18,511632,169198,242453,221909,75988,77007,12884412,-2327400,33808307,162411467,304243.800000000000,130484.866666666667,285989.714285714286,105792.285714285714,78117097,93328909,1897169,2185223,82492.333333333333,244002.333333333333
2024-10-17,285655,94083,133333,125508,37472,42564,3300064,-2511618,26486180,87966033,307252.100000000000,133834.033333333333,284110.571428571429,105410.714285714286,48029408,53847066,1884705,2153816,81460.666666666667,244153.000000000000
2024-10-16,189309,65496,80333,88605,26025,27397,-6269613,-1792668,18270554,75927004,308047.966666666667,135388.966666666667,317614.285714285714,118259.285714285714,41729173,37252228,1873836,2122155,114826.333333333333,306068.000000000000
2024-10-15,257043,87898,111085,118711,39701,38431,-84126,-235401,26695817,127607184,306846.933333333333,137193.600000000000,354614.857142857143,130251.428571428571,68720006,69915281,1853747,2096785,128601.333333333333,337905.333333333333
2024-10-14,286107,90988,122144,123688,36893,42770,-2890129,1374188,25437734,125034829,310093.233333333333,140252.866666666667,356564.285714285714,137138.142857142857,63698873,59434556,1827831,2012753,134027.000000000000,327938.000000000000
2024-10-11,375054,165593,170985,169499,71913,77302,1029527,-3271251,28040245,166646438,306302.033333333333,138663.366666666667,331311.714285714286,123824.857142857143,113810912,63736690,1866100,2119306,109300.000000000000,293753.666666666667
2024-10-10,352555,129223,149989,161748,56364,54067,-5342622,596194,31307874,111977931,302782.333333333333,138653.966666666667,320273.428571428571,128140.428571428571,62357103,56383287,1854770,2105566,118037.666666666667,317513.666666666667
2024-10-09,256205,107265,120542,111685,39637,50571,5663124,-1785007,27213932,85853571,302453.500000000000,138969.933333333333,331421.142857142857,131441.428571428571,46267570,53715701,1833010,2096826,139563.666666666667,404127.666666666667
2024-10-08,272501,91412,122102,122009,38107,40801,2941172,87023,27759702,111610251,300021.700000000000,139678.800000000000,355120.428571428571,142632.285714285714,56586220,59440369,1814933,2083956,155491.333333333333,413211.666666666667
2024-10-07,423835,155436,169625,202663,65899,65681,-12290752,-3838793,51093775,155122669,295871.433333333333,140908.866666666667,345086.857142857143,136962.000000000000,86753848,78301889,1767244,1977871,127812.666666666667,338028.666666666667
2024-10-04,516047,171843,246957,214498,72336,80778,8320998,-260478,31646071,143159988,288761.366666666667,141173.400000000000,297857.714285714286,126589.714285714286,67073181,75654657,1807563,2088560,123675.666666666667,257775.333333333333
2024-10-03,299753,139195,130585,138857,56231,65689,-8932300,-4870442,54576930,96903692,291312.566666666667,141034.700000000000,295254.000000000000,122747.285714285714,67002218,65919170,1793921,2039590,120734.666666666667,269270.666666666667
2024-10-02,198286,72400,94021,83557,32334,32505,5027,1557351,22288338,65860395,291150.033333333333,141299.066666666667,313467.571428571429,132634.428571428571,40389619,36887501,1781613,2017159,153184.000000000000,349307.333333333333
2024-10-01,275287,159432,116827,122904,68718,69413,-1888738,-589496,46010515,77944273,288725.433333333333,139420.200000000000,337325.428571428571,137348.000000000000,55350535,54051293,1748654,1988237,138621.333333333333,375411.666666666667
2024-09-30,334239,130372,137967,147792,54245,60917,-2298021,-568736,34486073,115246479,292082.066666666667,140974.633333333333,333599.428571428571,136217.428571428571,56031665,54302380,1721648,1922810,128243.000000000000,325813.000000000000
2024-09-27,438396,169748,191475,187765,80171,71636,-10688252,-1858118,33565212,135229444,298326.866666666667,145043.133333333333,293665.428571428571,125646.857142857143,64278450,56257948,1763890,2019417,109093.000000000000,273523.333333333333
