date,call_volume,put_volume,call_volume_ask_side,call_volume_bid_side,put_volume_ask_side,put_volume_bid_side,net_call_premium,net_put_premium,put_premium,call_premium,avg_30_day_call_volume,avg_30_day_put_volume,avg_7_day_call_volume,avg_7_day_put_volume,bearish_premium,bullish_premium,put_open_interest,call_open_interest,avg_3_day_put_volume,avg_3_day_call_volume
2026-09-25,29262,23672,12470,15267,11497,8818,-1953230.00,80510.0000,15146776.0000,16626430.00,22805.7,16612.2667,23927.8571,18628.4286,14902563.0000,12868823.0000,172593,195676,14872.3333,20147
2026-09-24,16523,12144,7981,6822,4361,5973,2120735.00,-1514240.0000,64236929.0000,20319961.00,23379.6333,17201.6667,23186.5714,18139,24975967.0000,28733942.0000,169932,193157,17551.3333,28282.3333
2026-09-23,28798,24531,12888,13610,11450,9470,-1607785.00,2470252.0000,26126963.0000,38178093.00,23907.7333,17159.9667,22351.2857,16897.1429,31026214.0000,26948177.0000,158654,185425,19210.3333,27284
2026-09-22,15120,7942,5948,7906,3304,3686,-2005992.00,-710517.0000,11771355.0000,16235130.00,24063.5,17369.3,24352.5714,18298.7143,13415630.0000,12120155.0000,155945,179999,25368.6667,31162.3333
2026-09-21,40929,20181,23500,14069,6733,10161,16926180.00,-1347896.0000,38432069.0000,63763325.00,23851.2667,17440.2,21422.8571,18418.2857,38278644.0000,56198620.0000,153011,168654,21867,22041.6667
2026-09-18,25803,29508,9744,14184,14237,11438,-3658168.00,-1043508.0000,31270038.0000,40769516.00,25142.9,19183.8,20364.8571,15811.4286,29953877.0000,33319217.0000,170912,214730,14937,17218.6667
2026-09-17,26755,26417,10391,14132,11536,12551,-2927178.00,5755053.0000,81330868.0000,28960863.00,25909.8,19176.0333,18920,14154.8571,57818810.0000,48917161.00,162354,208997,11410.6667,15950.6667
2026-09-16,13567,9676,6015,6084,3666,5099,-1586231.00,-12262099.0000,42694131.0000,24640914.00,25983.2,19075.4667,20508.4286,14564,20517866.0000,32481934.0000,159137,205070,14103,21138
2026-09-15,11334,8718,5060,5143,4060,3370,667739.00,-3619498.0000,28769361.0000,24790443.00,26044.2667,19029.4667,23152.2857,15785.2857,15058581.0000,22428478.0000,156593,204819,18203,24167
2026-09-14,22951,15838,11785,8883,5226,8537,4645284.00,-4816030.0000,17610718.0000,38664156.00,25989.1667,18999.5667,21748.7143,14427.1429,20831450.00,30292764.0000,155192,200916,16677,22649
2026-09-11,29129,17753,14006,11864,5938,9366,3013829.00,-2328484.0000,35433140.0000,23421480.00,25398.1667,18810.4,19593.1429,12935.1429,13299546.0000,18641859.0000,164358,210554,15699.6667,18486.3333
2026-09-10,20421,21018,10714,7304,7363,9301,4152208.00,-4465574.0000,89017824.0000,24333142.00,25026.5,18506.8,19229.5714,11662.7143,17894752.0000,36437534.0000,158086,207734,12873.6667,19908
2026-09-09,18397,11260,7173,9757,5227,4708,-6255214.00,116265.0000,35745311.0000,26393383.00,24682.3667,18340.8333,24984,12973.1429,31596794.0000,25643485.0000,154395,201916,14876,23722.6667
2026-09-08,16641,14821,6709,8515,7918,5192,-2624416.00,2683145.0000,18984750.0000,20089853.00,24477.7,18013.8333,25137.8571,12975.2857,18772257.0000,13464696.0000,147590,195887,12046,22551
2026-09-04,24686,12540,11981,10236,4986,5086,7004202.00,-422765.0000,47239460.0000,24587813.00,24076.2667,17915.9667,23544.1429,12230.8571,12477843.0000,19904810.00,157018,211567,10302.3333,19002.3333
2026-09-03,29841,17267,12334,14730,6571,6920,-1522919.00,5987001.0000,95069726.0000,36083168.00,23561.5,17700.2667,21552,11126.8571,53926262.0000,22902742.00,153389,205735,8583.6667,15014
2026-09-02,13126,6331,6997,4776,2154,3172,1213236.00,826729.0000,16909867.0000,14361772.00,23572.8333,17713.9333,22349,12167.2857,13017826.0000,13404333.0000,152460,202268,13284.3333,30198
2026-09-01,14040,7309,6628,6263,2901,3541,-765387.00,-710357.0000,19759578.0000,17643322.00,23392.7667,17610.1,24432.7143,15165.5714,16500255.0000,16445225.0000,150492,200228,15793.3333,31424
2026-08-31,17876,12111,8812,7662,5458,4416,-3641867.00,-819102.0000,62173887.0000,21242028.00,23031.0333,17439.5667,24873.4286,16284.8571,24417107.0000,36103700.0000,146181,194309,14199.3333,29975.3333
2026-08-28,58678,20433,25943,27741,9045,8996,-10716702.00,-341819.0000,52359089.0000,106839817.00,21547.3333,17198.9333,18494.1429,15579,64586045.0000,56874167.0000,157395,206034,10568,15714.6667
2026-08-27,17718,14836,8414,7558,5501,4970,578150.00,7381093.0000,186474621.0000,30601128.00,21241.8,17157.8667,18822,15813.2857,62193916.0000,55018543.0000,155758,202597,10160.6667,16043.6667
2026-08-26,13530,7329,5920,6246,3280,3177,3383270.00,1430074.0000,24468407.0000,31299016.00,21151.5333,17106.8333,20080.5714,17366.7143,22512566.0000,25605262.0000,154652,198974,17150,21075.6667
2026-08-25,15896,9539,8100,6018,3276,4781,169153.00,-6870373.0000,37708446.0000,18896651.00,21071.8,17067.1667,22726.4286,19775,15488908.0000,32561434.0000,152919,195271,20619,22764
2026-08-24,18705,13614,7733,9475,4758,5660,-6598007.00,-2570471.0000,57603694.0000,31203034.00,21308.3667,17476.2333,24815.2857,22464.5714,30735767.0000,37274931.0000,148792,187894,21245,21203.3333
2026-08-21,28626,28297,14148,12475,11932,12600,3296459.00,4856159.0000,76691908.0000,34646785.00,20772.3,16780.6333,25546,22683,44036664.0000,43467454.0000,162367,225836,17304.6667,18332.3333
2026-08-20,20961,19946,8529,10435,10017,6762,4309774.00,20607249.0000,143607226.0000,54523914.00,20328.8333,16342.5333,28928.8571,23159.2857,101590982.0000,50202541.0000,162036,221628,16723.6667,18792
2026-08-19,14023,15492,6583,6356,5993,7007,-1321426.00,-1175092.0000,56048724.0000,18394211.00,20105.5,15989.2,29753.1429,22977.8571,31802977.0000,29043558.0000,160890,218586,20358.6667,25590
2026-08-18,20013,16476,8608,10129,7592,7476,-4612874.00,658197.0000,55730228.0000,26423162.00,19680.8667,15578.6333,31831.5714,23811,37056862.0000,32704417.0000,156330,210309,25680.3333,30028
2026-08-17,22340,18203,9162,11233,7466,7683,-3449538.00,3139770.00,68734475.0000,24205623.00,19243.8333,15114.9,37861.8571,32898.5714,33485378.00,27658450.00,149883,201643,29554.6667,33828.3333
2026-08-14,34417,26397,15961,15781,10804,11078,1000585.00,9450382.0000,104702058.0000,32703808.00,18449.2,14649.8,40054,32868.1429,45836519.0000,28431892.0000,156217,225274,28515.6667,37236.3333
2026-08-13,33327,32441,14461,14430,9817,12728,-612445.00,-9568175.0000,299354239.0000,40895760.00,18217.4,13949.1333,37545.7143,29185,86719368.0000,110166751.0000,152217,214331,22442.6667,32725
2026-08-12,33741,29826,13271,17436,12193,12005,-4637302.00,-241607.0000,75772518.0000,45700469.00,17652.4333,13154.2,34606.4286,25972.4286,45949736.0000,42584041.0000,143368,200657,19936.6667,32998.6667
2026-08-11,44641,23280,16806,22195,10663,8945,-4639948.00,1272195.0000,46058536.0000,49366182.00,16721.7,12550.6333,31271.7143,24781.1429,44747563.0000,38835420.0000,138069,175027,39448.6667,39635.6667
2026-08-10,19793,14222,8466,9628,7294,5456,-1816220.00,791951.0000,22946021.0000,37276910.00,16824.8,12502.9,30072.5714,24474.8571,27843931.0000,25235760.00,131279,166453,43436,49625.3333
2026-08-07,34562,22308,17747,13745,8937,11019,3196723.00,4502614.0000,69823163.0000,41956686.00,16190.2667,12147.1667,26459.5714,22989.4286,54438580.0000,42565819.0000,144071,195540,38219.6667,43361
2026-08-06,64552,81816,26208,32706,29674,30138,-19699327.00,13111784.0000,606937495.0000,105950303.00,14306.9333,9565.5333,18391.1429,12198.7143,183931677.0000,169440816.0000,136295,171733,13393.6667,26232.3333
2026-08-05,49762,26184,20035,22991,10444,9968,-5309859.00,4018245.0000,43733858.0000,81364814.00,12908.4,8886.1333,12782.4286,9174,55799763.0000,46471659.0000,123203,147494,9646,16744.3333
2026-08-04,15769,6659,6320,7848,2745,3167,-1070776.00,188006.0000,12013542.0000,30540888.00,12814.7667,8913.5333,12335.8571,9594.7143,19612886.0000,18354104.0000,120257,139726,11452.3333,15287.6667
2026-08-03,13166,7338,6657,5464,2126,4540,5222645.00,-2635419.0000,11216508.0000,24292196.00,13054.9333,9077.1333,12511.8571,10088.7143,12477310.0000,20335374.00,116442,133116,12976.3333,13989.3333
2026-07-31,21298,14941,7352,10998,6980,5974,-3300187.00,3691121.0000,32891245.0000,28265133.00,12805.7667,9095.7667,11393,8917.2857,29375098.0000,22383790.0000,117827,142837,10089.6667,9581
2026-07-30,11399,12078,4758,5523,3298,7614,32714.00,-13714806.00,64645278.0000,12653139.00,12798.8,8915.5333,10998.5714,7791,13385501.00,37586841.00,117419,139412,7734,9281.6667
2026-07-29,9271,11910,4017,4691,5214,5423,610747.00,-2012282.00,16425249.00,13542367.00,13100.1333,8776.5333,10677.5714,7088.8571,12327896.00,14950925.00,113494,135800,6965.3333,10405.6667
2026-07-28,8073,6281,2957,4132,2255,3545,119703.00,391128.00,16607336.00,12860120.00,13309.2,8872.9,11548.1429,8079.2857,13899743.00,13624438.00,111123,133839,8470.3333,12514
2026-07-27,10501,5011,5233,4235,2079,2173,704160.00,-140637.00,13117514.00,16082838.00,13503.2667,9235.5667,11269.7143,9306.8571,12788510.00,13633307.00,109633,130000,9047,13502.3333
2026-07-24,12643,9604,5220,6392,4388,4235,1712234.00,3365168.0000,29882225.0000,20554643.00,13540.1667,9275.6667,11009.5714,8763.1429,24845976.0000,19823042.0000,113535,141556,7243.6667,12167.3333
2026-07-23,14398,10796,5326,6825,3754,5887,383096.00,-2513686.00,64064609.0000,30455714.00,13719.4333,9452.0333,10881.8571,8413.5714,36058114.0000,39665036.00,112738,136241,5976.6667,9709.3333
2026-07-22,13466,6741,4670,7444,3148,2979,-1127871.00,-72330.0000,17373830.0000,23834672.00,13674.8333,9482.2667,12644.1429,11148.5714,18829104.0000,17773563.0000,110384,130011,8134.3333,9943
2026-07-21,8638,4194,3837,4131,1703,2096,-1493346.00,1959836.0000,14086779.0000,20836579.00,14075.1667,9863.5667,13202.1429,11610.7143,18719985.0000,14552383.0000,109075,126757,11271,9914.3333
2026-07-20,7024,6995,3053,3338,3309,3273,-329511.00,4743895.0000,21633186.0000,13698964.00,14393.7667,10098.4,13292.5714,11583.2857,19101223.0000,14027817.0000,105913,124272,10872,11180.3333
2026-07-17,14167,13214,7044,6042,6210,5812,-2745856.00,879328.0000,25693566.0000,18702658.00,14438.2333,10053.6,12314.8571,10394.4286,21707154.0000,18085660.0000,122221,150312,9250.3333,10959.3333
2026-07-16,8552,13604,2508,4983,6188,6970,-2409895.00,1007741.0000,65718779.0000,15158834.00,14580.8,10017.7667,12132.2857,9045.1429,39307997.0000,36961931.0000,121693,149696,13344.3333,16709.3333
2026-07-15,10822,5798,5131,4649,2322,3067,-114125.0000,3718842.0000,15976028.0000,21678874.0000,14847.8667,10153,11904.7143,8829.8571,18653392.0000,14573180.0000,120924,147304,13888,17283.3333
2026-07-14,13504,8349,5348,6859,3182,4680,994598.00,-1323886.0000,19302934.0000,21990335.00,15344.3333,10520,11486.7143,9414.8571,18108180.0000,20426664.0000,119406,144640,13372.6667,15334.3333
2026-07-13,25802,25886,9018,14589,12914,10776,-11339293.00,2926041.0000,48149488.0000,54312276.00,15555.0667,10192.3333,11568.2857,7348.4286,54568504.0000,40303170.0000,110516,136650,6374.6667,9174.6667
2026-07-10,12544,7429,4576,6670,3180,3673,-1666060.0000,2317562.0000,14446213.0000,18121689.0000,16957.7667,10831.1,12175.1429,7141.1429,16185962.0000,12202340.0000,114666,145221,5284.6667,7418
2026-07-09,7657,6803,3226,3846,2916,3552,464231.0000,267116.0000,12526404.0000,16186923.0000,18392.9667,11469.9333,13469.7143,6908.2857,13233136.0000,13430251.0000,112148,143242,4447.3333,7942
2026-07-08,7323,4892,2366,4349,2051,2392,-1928503.0000,-917393.0000,13648953.0000,17927584.0000,18737.5333,11691.0667,15693,8036.5714,15159911.0000,14148801.0000,110940,140904,6964.6667,9027
2026-07-07,7274,4159,2726,3892,1657,2014,-1629714.0000,320042.0000,10952529.0000,20730823.0000,18984.4333,11943.6333,16871.8571,9104.7143,15803254.0000,13853498.0000,109952,139739,9385.3333,15393.3333
2026-07-06,9229,4291,4434,4059,1691,2117,2555481.0000,-2287545.0000,17477400.0000,23239023.0000,19188.3333,12029.5667,16703.7143,9115.5714,16419436.0000,21262462.0000,108564,137068,9947.6667,17914.3333
2026-07-02,10578,12444,4253,5414,5797,5687,-763004.00,664468.0000,21063917.0000,27333001.00,19420.2333,11921.8,16307.7143,8166.7143,22667090.0000,21239618.0000,114217,148016,7524,19961.3333
2026-07-01,26373,11421,12192,11666,3857,6422,5211790.0000,-2577430.0000,22909798.0000,82523125.0000,19191.5667,11963.9,14391.5714,7603.8571,42762222.0000,50758361.0000,111940,145689,7980.3333,18799
2026-06-30,16792,5978,9053,6127,2199,3282,3567268.0000,-1163423.0000,16554462.0000,35467014.0000,20206.8,12350.3667,14902.8571,8499.2857,21331660.0000,26062871.0000,109958,141276,9866.3333,18377
2026-06-29,16719,5173,7524,7795,1885,2797,-3817649.00,-314323.0000,11995729.0000,44042966.00,20852.0333,12632.0667,14489.1429,9974.5714,27520538.0000,24017212.0000,108546,136794,9597.6667,15488
2026-06-26,22886,12790,11113,9889,3711,7947,-141374.00,-3488137.0000,17559864.0000,38002667.00,21056.0667,12777.8333,12818.2857,9100.4286,23757874.00,27104637.0000,114047,145155,7268.3333,10461.3333
2026-06-25,15526,11636,6429,7876,4168,5573,-3289699.00,1078816.00,23602729.00,31182058.00,21440.7667,12767.9667,13216.1429,8543.8571,26887671.00,22519156.00,113915,140888,5883.3333,9606
2026-06-24,8052,4367,3090,4033,1925,2172,214248.00,354582.00,12450019.00,16219074.00,22023.9667,12977.9,14115.1429,9230.2857,12528336.00,12388002.00,113444,138750,8509.6667,13712.3333
2026-06-23,7806,5802,3094,3844,2380,2978,-2466541.00,1393762.0000,11044118.0000,12287654.00,24075.0667,13626.6667,15331.8571,10671.5714,12676225.0000,8815922.00,111630,135635,11742.3333,15718
2026-06-22,12960,7481,6774,5134,3241,3641,1698269.0000,-1321991.0000,18410726.0000,23932740.0000,26134.3333,14600.3333,15444.7143,11146.7143,17606848.00,20627108.0000,109199,132125,11472.3333,15128
2026-06-18,20371,12246,8153,10239,4992,6164,-5319782.00,-719242.0000,21760432.0000,33406625.00,27008.6,15069.7333,15359.7143,11695.4286,27126866.0000,22526326.0000,140937,177576,9970.3333,14441.3333
2026-06-17,13823,15500,4862,7223,6181,7595,-8511890.00,-2291460.0000,43822288.0000,26521276.00,26938.7,14943.9333,15117.5714,10573.7143,32744747.0000,28308547.0000,137466,175232,7861,14615.3333
2026-06-16,11190,6671,4741,5311,3268,3007,-1301140.0000,2173744.0000,16210895.0000,25722827.0000,27222.7667,15142.9,16468.7143,11854,21318538.0000,17843654.0000,135372,172843,10934.3333,16326.3333
2026-06-15,18311,7740,8258,8397,3233,3674,64832.0000,767187.0000,15541232.0000,39691366.0000,27508.9,15276.5333,16221.7143,12754,25234229.0000,24531874.0000,134047,168153,11956.6667,14806
2026-06-12,14345,9172,6320,6474,3635,4734,1017178.0000,1642400.0000,21798804.0000,19382227.0000,27487.1667,15263.2333,16386.8571,13139.4286,19112154.0000,18486932.0000,142523,181629,14261.6667,16616.3333
2026-06-11,16323,15891,6550,8203,7576,7025,-67253.0000,3121337.0000,37885633.0000,30576286.0000,27401.7,14989.3,15887.7143,12659.1429,32716362.0000,29527772.0000,142591,179186,11514,15218
2026-06-10,13750,10807,4994,7099,4425,5214,50579.00,-793635.0000,34324607.0000,29087247.00,27367.6,14882.4,16614,12523.1429,28553830.0000,29398044.0000,140844,175835,13122.6667,17517.3333
2026-06-09,19776,16087,8208,9595,8003,6538,-4085548.0000,2339220.0000,34078807.0000,41801785.0000,27402.6,14549,17845.7143,12990.5714,37454150.0000,31029382.0000,138217,172024,12440.3333,16452.6667
2026-06-08,12128,7648,5519,5610,2766,4230,4392933.0000,-3950764.0000,15595530.0000,36570202.0000,27860.6667,14857.1,20702.2857,14191.7143,19393845.0000,27737542.0000,135377,167616,13847.6667,17577
2026-06-05,20648,15633,8181,10660,6669,7295,-746670.0000,2680521.0000,37578166.0000,38123556.0000,28322.1333,14885.3667,25556.1429,15757.2857,36477519.0000,33050328.0000,149411,182094,12813,14970.6667
2026-06-04,16582,14040,6979,8196,5512,6938,2111072.0000,-2705934.0000,25057279.0000,45517205.0000,28866.8333,14712.4667,30432,17461.2857,29632979.0000,34449985.0000,145079,179134,11418,15721.3333
2026-06-03,15501,11870,6513,7787,5387,5898,688521.0000,-3450560.0000,36940616.0000,48288580.0000,29983.9667,14709.5667,30740.4286,17412.1429,35666005.0000,43560086.0000,140167,177098,13914.3333,20020.3333
2026-06-02,12829,12529,5960,6189,6159,5506,6761947.0000,1881669.0000,41251767.0000,50424278.0000,30903.1,14673.6333,31005,17298.8571,41969411.0000,46763484.0000,135577,175455,15090,26452
2026-06-01,18834,9855,7216,10208,4088,4879,-3466112.0000,-3212979.0000,29351153.0000,73171153.0000,31347.4333,14806.3,30506.7143,16872.2857,46187847.0000,46610754.0000,131938,169589,20669,38382.3333
2026-05-29,28398,19359,12398,12600,7760,10204,5923331.0000,-2614366.0000,31082281.0000,86486462.0000,31981.9667,14704.2333,28954.8571,15422.5714,47181168.0000,55718865.0000,145987,183910,22872,45820.6667
2026-05-28,32124,16056,14811,14499,6071,8077,4619919.0000,-2114197.0000,30281430.0000,107781895.0000,32265.5,14657.4333,27153.2857,14940.8571,58623097.0000,65360393.0000,142263,180012,21362,40999.3333
2026-05-27,54625,26592,27492,21754,9919,13580,23948918.0000,-5170814.0000,39856247.0000,170212101.0000,31225.3,14163.1,26099.5714,13652.2857,80993806.0000,110113862.0000,136663,172820,16410,27684.6667
2026-05-26,50713,25968,23848,21026,10920,11425,11336139.0000,1309874.0000,38517584.0000,104809657.0000,30485.9,13665.8667,24008.5714,11888.8571,59508703.0000,69534968.0000,129081,160016,10043.6667,15895.6667
2026-05-22,17660,11526,8110,8151,5455,5181,1889450.00,-1031391.0000,11170423.0000,19646864.0000,31203.1667,14011.7,25629.5714,12694.1429,12826243.0000,15747084.0000,139577,172920,9272,15854
2026-05-21,14681,11736,5888,7579,3546,7253,-1718637.00,-425447.0000,14732738.0000,23068109.00,31859.9,14308.4333,27399,12637.5714,17492446.0000,16199256.0000,136610,169481,9588,17464.6667
2026-05-20,15346,6869,7593,6452,2615,3716,2790823.00,-855751.0000,9068783.0000,21019713.00,32398.3667,14882.1333,28856.4286,13179.8571,11977091.0000,15623665.00,134530,167141,13155.6667,28099
2026-05-19,17535,9211,5772,10522,4405,4141,-2585722.00,-278839.0000,13701657.0000,26242289.00,32249.7667,14778.4667,36257,15473.2857,19943617.0000,17636734.0000,130930,164718,14626.6667,34279.3333
2026-05-18,19513,12684,8898,8713,6702,4891,3389951.0000,2452887.00,17922039.00,43899157.0000,32447.1,14760.7667,44146.2857,18902.8571,27662491.0000,28599555.0000,125939,161707,16119.6667,37444
2026-05-15,47249,17572,21540,21043,6004,10004,6274525.0000,672060.0000,21165809.0000,100288155.0000,31644.1667,14705.5333,44053.4286,20153.7143,54766257.0000,56668222.0000,151472,193081,14042.3333,30716.6667
2026-05-14,36076,13624,18857,13246,4715,7827,11562534.0000,-3445458.0000,24121741.0000,66223144.0000,30985.5,14597.8,40574.8571,19882.5714,32976519.0000,47984511.0000,148594,191558,13056,27207.3333
2026-05-13,29007,17163,11201,15317,8276,7138,-4993087.00,4949801.0000,31276661.0000,62573600.00,30750.0333,14567.7333,39247,19236.4286,47294387.0000,37351499.0000,142777,183703,15756.6667,40651.3333
2026-05-12,27067,11340,14383,10376,4117,6101,10886081.00,-338113.00,15929569.00,58736954.00,30527.7333,14871.6667,39222.4286,19294.8571,27825107.00,39049301.00,140773,181241,24207,56541.6667
2026-05-11,25548,10665,11273,12037,4459,5156,-945417.00,939986.0000,17444704.0000,45068264.00,30492.4667,15424.0667,37528.8571,19024.5714,29565073.0000,27679670.0000,137007,176132,29428,63558.6667
2026-05-08,69339,25265,28381,34864,11640,10681,-3704054.00,3589974.0000,31496656.0000,85968513.00,29500.7,15594.7333,29588.8571,16511.4286,55743866.0000,49439838.00,152406,192655,24915,44354.3333
2026-05-07,74738,36691,32250,35382,15447,16888,4409874.0000,3290331.0000,40644772.0000,134783124.0000,27645.6667,14674.6,20730.1429,12355.5714,77935324.0000,80169867.0000,147698,184682,16898,26012.3333
2026-05-06,46599,26328,20791,22060,10889,11958,708412.00,-2916039.0000,41066167.0000,86817608.00,26942.7,14165.2,17048.2857,9463.7143,56170662.0000,59795113.0000,135683,166288,12038.3333,19444.3333
2026-05-05,11726,11726,5538,5066,5040,5581,-333051.00,287475.0000,30424641.0000,45305173.0000,27605.7333,14143.2667,19068.8571,10201.5714,32889770.0000,36194244.00,132820,163578,11054,20100
2026-05-04,19712,12640,8104,10183,5907,5457,-6681859.0000,5232947.0000,36907758.0000,78074297.0000,27733.9667,14277.4333,21180.2857,10750.2857,67304478.0000,41254672.0000,128401,159983,9398.3333,18115.6667
2026-05-01,26895,11749,12472,12568,4418,5517,2308705.0000,49977.0000,19181243.0000,62093232.0000,27971.1667,15379.5333,22041.4286,10336.5714,36253841.0000,38371569.0000,137636,182192,8015.3333,13393
2026-04-30,13693,8773,6128,6608,3181,4711,1422517.0000,-409597.0000,12263002.0000,30385413.0000,28312,15549.8333,27087.4286,10766.5714,18679748.0000,20511862.0000,134911,180179,7119.3333,15770.6667
2026-04-29,13759,7673,6531,6022,3352,3087,-478485.00,-1335442.0000,16201044.0000,30151065.00,28502.6,15709.2,30893.7143,11306.2857,21464606.0000,21223593.0000,132602,177058,10192,19807.6667
2026-04-28,12727,7600,6043,5942,2618,2429,1145620.0000,-654552.0000,22383530.0000,33441498.0000,28833.5,15808.0333,33670.4286,12197,20577433.0000,22377605.0000,129780,175071,13152.3333,27062.6667
2026-04-27,20826,6085,11005,7681,2268,2976,5015188.0000,-304176.0000,22315562.0000,52203141.0000,29050.2667,16170.5667,37471.5714,13655.8571,30174572.0000,35350236.0000,127863,170600,14075,31095
2026-04-24,25870,16891,10313,13091,7415,7655,397831.00,-417304.0000,24026041.0000,40471888.00,29072.6667,16033.7333,39580.1429,13336,29004792.0000,29819927.0000,138548,189475,12372.3333,38810
2026-04-23,34492,16481,12545,18422,7461,6816,-3230537.0000,-104825.0000,28345733.0000,42202546.0000,28921.1333,15876.2333,37998.2857,12661.8571,30377748.0000,27252036.0000,133676,184319,10695.6667,40780.3333
2026-04-22,32923,8853,14878,15996,3014,3850,328548.00,-526662.0000,14449698.0000,34991513.00,28935.3333,16244.5333,37370.8571,12975.8571,22036453.0000,22891663.0000,130581,184988,12356.3333,40527.3333
2026-04-21,49015,11783,21287,23161,5635,4700,-1088969.0000,1656401.0000,24419847.0000,42564701.0000,27999,16246,35965.5714,14421.2857,31079929.0000,28334559.0000,125921,170352,13861,40000.3333
2026-04-20,40403,11451,20586,16242,4263,5698,-1282475.00,-952959.0000,22938185.0000,71010425.00,27859.1333,16517.7667,35105.5714,15733.7143,43863895.0000,42226645.0000,122131,161962,14928,40076
2026-04-17,32164,13835,13448,15535,6092,6184,-1023.0000,192632.0000,16036939.0000,60440286.0000,28544.3,17011.4667,35010.7143,17197.2857,32647310.0000,32453655.0000,145597,208095,14237,37161
2026-04-16,47434,16297,20141,21959,6261,7658,1627758.00,2031357.0000,41878883.0000,100649604.00,28992.4333,17258.2333,30102.5714,15740.7143,62947645.0000,61791847.0000,141066,200794,12488.3333,30860
2026-04-15,40630,14652,20949,15765,4902,7559,6566397.00,-2602659.0000,27583364.0000,87834981.00,28402.5333,17231.9,27931.5714,15383.7143,48073962.0000,56145208.0000,137737,192768,14904.6667,30376
2026-04-14,23419,11762,11854,8943,4606,5719,3365318.00,-113698.0000,18588984.0000,47473905.00,28245.0667,17253.4333,27894.7143,15977,27446089.0000,30925105.0000,135005,189055,17863.3333,34030.6667
2026-04-13,28531,11051,14432,11415,4252,5695,5698003.00,-1642892.0000,16939855.0000,54897591.0000,28463.4,17527.9333,26149.7143,15882.8571,28617498.0000,35958393.0000,132965,183921,22206.3333,35020.3333
2026-04-10,39178,21901,17800,17281,9009,10624,4374019.00,20363.00,24875883.00,51444330.00,28590.7667,17460.1667,23687.5714,15077.1429,31909661.00,36263317.00,145149,201614,16939.6667,26320
2026-04-09,34383,20638,14754,15288,9359,8499,-416324.00,843495.0000,42535267.0000,63947890.00,29028.9667,17391.2,21689.7143,15051.4286,42291933.0000,42559414.0000,141795,191763,14111.3333,23336.6667
2026-04-08,31500,24080,11981,16125,12809,9047,-4189385.00,2476652.0000,28590390.0000,46722345.00,29205.7,17013.1333,20688.2857,15502.4286,36579901.0000,29913864.0000,135146,182959,11389.6667,20557
2026-04-07,13077,6101,5479,6236,2702,2613,-1681171.00,-160105.0000,10795060.0000,19762371.00,30064.6333,17498.5,24475.2857,18971.5714,14601926.0000,13080860.0000,134338,181437,12820,21636.6667
2026-04-06,25433,12153,11172,10923,3954,7124,1822016.0000,-2793509.00,15406126.00,33294954.0000,31346.3333,18225.1333,23568.7143,18533.5714,18694920.0000,23310445.00,129175,172001,14189.3333,20473.3333
2026-04-02,23161,15915,9629,11273,7133,7232,1099417.00,2022840.00,18071990.0000,27507324.00,31834,19167.7667,23904.2857,17838,20284916.00,19361493.00,139141,188757,15703.6667,19552.3333
2026-04-01,16316,10392,6181,8044,4585,4810,-990715.0000,1383924.0000,13931456.0000,23692368.0000,32951.1333,20013.5667,26090.1429,17934.5714,17737479.0000,15362840.0000,137888,184871,21318.6667,22277
2026-03-31,21943,16261,11352,8083,4548,9898,2951892.00,-2104411.0000,22625544.0000,38873749.00,33226.8,21722.3,26321,17992.2857,24529725.00,29586028.0000,135292,179262,26026.6667,28158
2026-03-30,20398,20458,9904,8669,9428,8660,-1514041.00,-109685.0000,32103893.0000,35836538.00,35347.5,24446.6667,28265.7143,21471.4286,30744341.0000,29339985.00,130219,171370,22236.3333,27721
2026-03-27,24490,27237,10348,10875,13192,11017,-2300317.00,-219717.00,45375640.00,32225280.00,38772.0333,35301.2667,28184,19563.5714,34778040.00,33042140.00,140830,193973,16839.3333,28061
2026-03-26,39586,30385,16075,18699,12844,12238,15237.0000,-3910308.0000,100760368.0000,66726438.0000,40476.2667,36022.8667,25311.2857,17002,54276848.0000,61339873.0000,135190,180427,10400.3333,25404.6667
2026-03-25,19087,9087,6966,9342,3878,4562,-804104.00,1277189.0000,9585104.0000,26320622.00,41244.8333,36349.4333,25820.8571,17213.1429,16656782.0000,14575489.0000,133682,176325,12926.3333,26895.3333
2026-03-24,25510,11046,9367,14050,5020,4412,-901984.00,1861026.00,18437709.00,46448929.00,42136.3667,36800.5333,26080.7143,18058.1429,29771609.00,27008599.00,129045,172756,24181.6667,29729
2026-03-23,31617,11068,15536,12870,4749,5241,-499578.0000,-419759.0000,16113736.0000,53175799.0000,42684.3667,37382.0667,25355.7143,18303.5714,31331837.0000,31252018.0000,125597,162389,25119.6667,27162.6667
2026-03-20,23559,16665,10702,9757,7441,6884,733791.00,621700.0000,17135065.0000,35161294.00,43072.8333,40875.2667,26268.1429,17602.2857,22779389.0000,22891480.0000,159555,228211,23716,25802
2026-03-19,34011,44812,15599,15703,23120,17996,-371280.0000,13904761.0000,364809296.0000,44974060.0000,44332.5333,41506.8667,26173.5714,14043.7143,201428456.0000,161893745.0000,154257,221492,12300.3333,22016.3333
2026-03-18,23918,13882,10010,11330,6487,5620,-2025530.0000,13407660.0000,85683117.0000,29897395.0000,44719.6667,42030.6667,25746,13750.1429,54362081.0000,46135781.0000,152438,215515,13326.6667,23153.3333
2026-03-17,19477,12454,8894,8749,5854,5836,205159.0000,915213.0000,49054636.0000,38325629.0000,45066.9,42361.7,28136,14771.5714,43505612.0000,38235988.0000,150052,210838,13437.3333,25508.3333
2026-03-16,22654,10565,10797,9473,4440,4693,-1980665.00,-1159520.0000,58338064.0000,30422592.00,47822.8333,44608.3333,32431,17354.5714,38554068.0000,33842203.0000,147071,202804,13834.3333,27939
2026-03-13,27329,16961,11425,11671,6554,7555,-1975923.0000,548944.0000,40470825.0000,27214029.0000,47840.4333,44816.7333,37223.7143,18317.2857,22929006.0000,18704139.0000,161343,232033,14814.6667,29945.6667
2026-03-12,26542,12786,11499,11790,5246,5348,647412.0000,-1418334.0000,44848949.0000,33472462.0000,47679.5667,44734.3333,36708.1429,18471,24587803.0000,26653549.0000,158920,226084,14495,28073.3333
2026-03-11,29946,11756,11170,13863,5325,5153,262124.0000,-2062239.0000,20126325.0000,60949546.0000,47376.2333,44639.2,35100.8571,18564.1429,30318334.0000,33657697.00,155570,216391,17111,30160.3333
2026-03-10,33349,19902,12668,16540,9339,8386,-1624476.0000,6355206.0000,43039024.0000,79050579.0000,47384.0333,44490.6,35348.2857,18476.1429,63399310.0000,47473428.0000,150134,209102,20025.6667,36617
2026-03-09,20925,11827,10216,8733,3600,6954,9782463.0000,-1653911.0000,25980125.0000,59443746.0000,48787.0333,45063.3,38501.7143,19624.8571,29069826.0000,40494460.0000,147015,206548,23983.3333,49934.6667
2026-03-06,36207,19604,15765,17207,7965,9522,-1345510.0000,4651970.0000,24032633.0000,71167859.0000,48884.4333,46436,40119.1429,19477,46256866.0000,40259386.0000,166176,231718,22069.3333,45510
2026-03-05,52719,28646,25611,22572,11841,14230,5337522.0000,6330139.0000,43181187.0000,117749164.0000,48266.0333,46341.2,37845.2857,17204.4286,72106199.0000,71113582.0000,158020,223434,16656.6667,34168.6667
2026-03-04,60878,23700,32467,23141,7673,12250,12607048.00,-1683157.0000,37765476.0000,228560351.00,47674.9333,47073.0333,34697.7143,16770.4286,111734461.0000,125936666.0000,148315,212851,15185.3333,25569.6667
2026-03-03,22933,13862,10648,9546,5432,7408,1561049.0000,-2042941.0000,22509891.0000,39303347.0000,49704.3333,48828.8,40547.8571,19640.4286,26534409.0000,30138399.0000,145166,206810,17187.3333,32258.3333
2026-03-02,18695,12408,8313,8578,5784,5587,-879350.0000,-4541997.0000,21956712.0000,26039686.0000,50426.1,50997.7667,43275.8571,24181.2857,19934583.0000,23597230.0000,139195,200357,19241,41869.6667
2026-02-27,35081,19286,12917,18023,7949,10067,-2057555.00,-1257714.0000,19223155.0000,42442653.00,51152.7333,51424.3,45382.8571,26535.5714,26946362.0000,26146521.0000,159556,230093,17058.3333,42443.3333
2026-02-26,42999,19868,20953,18531,7579,11171,5776669.0000,-1425680.0000,24663458.0000,67551070.0000,50443.8,51100.3667,43556.2857,33343.4286,37700634.0000,44902983.00,153428,226866,17323,41058.6667
2026-02-25,47529,18569,24802,18962,7885,8303,7798787.00,8585108.0000,44685787.0000,97617255.00,49648.5667,51007.5333,48769.1429,45289.1429,66977529.0000,63956708.0000,148383,218582,22450.6667,46510.3333
2026-02-24,36802,12738,18237,15046,4973,6393,2720591.00,-2490859.0000,33856564.0000,39780434.00,50090.1333,51427.6667,61686.8571,93880.1429,27408724.0000,35668954.0000,145134,207600,32936,46840
2026-02-23,38845,20662,14775,20433,10002,7967,-885416.00,6094818.0000,74984763.0000,73080410.00,49429.5667,51170.1667,69096.5714,98361.7143,64163951.0000,57686047.0000,138505,194032,37970.6667,50501.6667
2026-02-20,63884,33952,28995,28696,15547,15018,7010060.0000,-736905.0000,32148176.0000,77880912.0000,48390.9667,50436,65990.8571,96209.1429,45369529.0000,53116494.0000,164646,264793,49161,39278
2026-02-19,37791,44194,18101,16366,16543,24893,4246444.0000,-29157208.00,486877216.0000,50815373.0000,48708.2333,49775.9,68057.2857,93407,186760141.00,310254843.0000,160689,256090,68492.6667,54687.3333
2026-02-18,49830,35766,25212,19545,17939,27016,9799741.00,-4034827.0000,349793088.0000,54786222.00,48014.3667,49116.8667,67804,92371,116267479.0000,256611521.00,157808,245611,174195.6667,80486
2026-02-17,30213,67523,12415,14487,19075,43354,-28533.00,-11280370.0000,923415854.0000,38997526.00,49167.1667,48253.1333,68518.2857,100076.4286,222352974.0000,602195231.0000,154482,238729,169032.3333,100652.6667
2026-02-13,84019,102189,40030,36438,15459,18171,5353050.00,1673686.0000,1560632100.0000,78515221.00,46953.9667,45304.6667,66773,94586.5714,76399641.0000,75044805.0000,183540,304910,141264,86694.3333
2026-02-12,127226,352875,49238,66917,88429,85701,-23432344.00,26316009.0000,6469493157.0000,149815163.00,43169.1667,33910.5,53673.8571,48403.8571,1025389320.0000,871435819.0000,187640,265949,31832,61704.3333
2026-02-11,90713,52033,35449,42924,22784,21899,-10942672.0000,15975905.0000,99967301.0000,168418833.0000,40877.4,32646.4667,44985.4286,44168.4286,132505278.0000,103836536.0000,165497,223697,23992.3333,47485.6667
2026-02-10,42144,18884,18757,20669,7284,8539,-6264975.00,578471.0000,47323488.0000,109844695.0000,40281.6667,32524.0667,54012.2857,52608.4286,76818992.0000,68164986.0000,157456,209077,58184.6667,45175.3333
2026-02-09,52256,24579,23692,23515,9107,12520,-6030522.0000,-1570392.0000,56569619.0000,124808480.0000,38848.6333,31934.0333,50526.7143,52413.2857,83267840.0000,78817384.0000,151142,192789,71245,51690.6667
2026-02-06,48057,28514,21976,21764,9604,15850,10285938.00,-6941394.0000,70361672.0000,57961486.00,37871.5333,31481.0333,46763.7143,49813.2857,44299168.0000,61526500.0000,167255,229235,71605.6667,47515.6667
2026-02-05,35213,121461,15156,17469,57180,59568,1788920.00,21977875.0000,1239456599.0000,43835363.00,37410.3333,27993.1,44711.2857,33733.4286,616008942.0000,642534225.0000,162462,219701,38580.3333,45742.6667
2026-02-04,71802,63760,27926,37789,31302,26511,-16116537.0000,12540811.0000,270867829.0000,101879812.0000,36255.1667,26839.4333,39251.4286,26831.1429,181766815.0000,152492926.0000,153803,196698,43315,56919.3333
2026-02-03,35532,29596,14047,17923,13726,12307,-5817795.00,9013006.0000,99783066.0000,54307513.00,35910.1333,26506.8,43177.5714,26747.1429,76529435.0000,60186834.0000,150912,187901,41187.3333,54361
2026-02-02,29894,22385,13704,13267,10211,9420,-50823.0000,4246918.0000,80678851.0000,52554290.0000,35466.4333,26271.9333,44496.8571,32232.8571,64550106.0000,54996285.0000,146655,178256,37163.6667,51635
2026-01-30,105332,77964,36552,53521,39541,30333,-29424629.0000,7697051.0000,138627771.0000,190055526.0000,32729.9,24231.0667,34330.4286,24781.1429,159653695.0000,130691397.0000,146160,186691,14143,23473
2026-01-29,27857,23213,14539,11071,8110,12715,4184635.0000,-8769433.0000,48360356.0000,44745346.0000,32491.2333,23997.7667,36514.4286,27987.1429,36412480.0000,49701112.0000,143282,184349,11553.3333,25381.6667
2026-01-28,21716,10314,8751,10978,3664,5058,217540.0000,-1896028.0000,18776610.0000,36802912.0000,33089.4,24460.4333,45385.7143,36018.7143,23398087.0000,25511655.0000,142258,178162,17784.6667,39148
2026-01-27,20846,8902,9826,8011,3228,4446,3944166.0000,-1495570.00,22112677.00,40636812.0000,33112.7,24774.2667,48171.7143,45815.1429,24083784.00,29523520.0000,140526,177551,35079,45242.3333
2026-01-26,33583,15444,13637,16656,7112,6562,-2746010.0000,1961391.0000,31579598.0000,63838783.0000,32745.6,24914.5,51499.8571,48192,43689586.0000,38982185.0000,136174,169913,38531.6667,45437
2026-01-23,63015,29008,30737,27856,12084,13283,2907369.0000,2061217.00,55757077.00,79394806.0000,31749.9,24780.8333,45602.1429,45498,56656476.0000,64561982.0000,163883,184236,44080.6667,38813.6667
2026-01-22,39129,60785,16554,18306,28100,27332,-9222606.0000,4819076.0000,312993030.0000,67067627.0000,30976.9,23417.2333,43394,39069.2857,183311277.0000,144422145.0000,153580,174836,45997.3333,53709
2026-01-21,34167,25802,13399,17133,12239,11426,-7438141.0000,-817608.0000,97384591.0000,77972628.0000,31063.6333,23394.8667,45662.8571,39003.5714,85200461.0000,76135848.0000,150911,165434,63222.3333,55769.3333
2026-01-20,43145,45655,21230,18326,20456,20459,6003650.0000,-2738100.00,81314568.00,86167060.0000,30976.1333,22880.6667,42217.5714,34329.5714,70685419.0000,79632569.0000,142909,156820,58698,60347.6667
2026-01-16,83815,66535,32241,42050,28177,30963,-11430678.0000,5398771.0000,98440911.0000,169751328.0000,28803.0667,21017.4,34919.1429,26528.4286,123789859.0000,106272660.0000,177370,201596,39903,39653
2026-01-15,40348,77477,16760,20144,35384,33086,-8162963.0000,-8156174.0000,517323605.0000,85162545.0000,28867.7,19476.2333,35913.5714,18944.7143,280784925.0000,252768250.0000,167206,204794,19338.6667,34094.3333
2026-01-14,56880,32082,21891,29568,15835,12789,-11717482.0000,7253340.0000,78961434.0000,128496300.0000,27901.3667,19117.9333,31932.7143,16646.5714,107382389.0000,85302515.0000,160072,188516,17092,31817.3333
2026-01-13,21731,10150,10116,9707,3996,5109,3540433.0000,1527877.0000,19580937.0000,73430109.0000,28110.9,19191.1,38085,21141,41364396.0000,43271930.0000,157943,184805,18021,30916.3333
2026-01-12,23672,15784,10664,10532,5405,9222,6238295.0000,-596218.0000,23402584.0000,59135690.0000,28365.6333,19408.9,37220.8571,20848.2857,32907893.0000,39742406.0000,151325,179301,16735.3333,33934.3333
2026-01-09,50049,25342,24918,20149,10159,12911,11306017.0000,3181796.0000,42723271.0000,102914695.0000,27409.4,19026.6667,32025.5714,18806.5714,59157645.0000,69257141.0000,162076,192057,16418.3333,33021
2026-01-08,19028,12937,7162,9723,5769,5669,-3819382.0000,2094749.0000,22367064.0000,33721956.0000,27642.1333,19163.5333,32444.4286,18974.4286,28751508.0000,22137377.0000,160347,189017,17437.6667,36349.6667
2026-01-07,32726,11927,15501,14185,4843,5229,809650.0000,5471817.0000,33663666.0000,55068457.0000,27880.9333,19740.3667,31236.7143,19443.7143,42257480.0000,37381813.0000,157285,185370,27332.3333,47040
2026-01-06,47309,24391,19214,23922,10185,10947,-12538179.0000,1181869.0000,90294913.0000,88054006.0000,27214.8333,19993.1,25801.8571,16941.8571,79276575.0000,68413994.0000,153554,172863,23780.3333,37144.6667
2026-01-05,29014,15995,12935,13379,6480,7799,4302469.0000,-1935264.00,27137892.00,71032650.0000,26799.7667,19817.3333,24334.7143,16788.8571,39872812.0000,46111335.0000,146689,163007,22132,32034
2026-01-02,64797,41611,25721,33351,18836,18032,-8853594.0000,2965954.0000,72349865.0000,91178822.0000,25445.7333,19035.5333,18131.8571,13247.7143,76279170.0000,64459622.0000,147305,167656,12965.6667,17755
2025-12-31,17623,13735,7388,6840,5258,7163,-703042.0000,1225417.0000,20158038.0000,46919063.0000,25774.7333,19177.1333,20921,15449.8571,30657125.0000,28728666.0000,145676,165784,13458,19971.3333
2025-12-30,13682,11050,6233,6033,4531,5588,3974537.0000,1571990.0000,14110366.0000,42611440.0000,26918.3667,19718.7333,22563.7143,16673.7143,23868332.0000,26272254.0000,142335,163951,12067.3333,18499
2025-12-29,21960,14112,10358,9104,7758,5164,-1022653.0000,1993570.0000,21934215.0000,69920337.0000,28270.8667,20502.9667,21795.5714,16849,38683950.0000,38540427.0000,135971,157238,12338,17427
2025-12-26,24272,15212,9843,11497,7226,6482,-4279116.0000,-196317.0000,20619467.0000,63706781.0000,28810.8667,20585.1333,21647.5714,17067,38783586.0000,34720787.0000,146189,172317,12875,16462
2025-12-24,9265,6878,4211,3814,2965,3047,-1196807.0000,1791776.0000,11247311.0000,31244780.0000,31051.3,21696.1667,23280.7143,18400.7143,19649612.0000,16589029.0000,144582,170457,20299,25756
2025-12-23,18744,14924,7386,9340,7524,5772,-7099816.0000,2178764.0000,29580678.0000,98563623.0000,31861.3333,22154.7667,26268.8571,19725,60316128.0000,51057548.0000,142461,162666,21863.3333,27901.6667
2025-12-22,21377,16823,9218,10429,7110,8096,-3839540.0000,-496035.0000,28049903.0000,65361793.0000,33364.2333,23263.4,26292.8571,19938.4286,44764648.0000,41421143.0000,136507,157721,21368.6667,26303.6667
2025-12-19,37147,29150,18141,15033,10623,15418,15839296.0000,-4401621.0000,40184166.0000,89853163.0000,34640.7333,23864.3,24210.4286,18581.4286,47832421.0000,68073338.0000,171978,195152,17231.3333,21666.6667
2025-12-18,25181,19617,12490,10696,7777,9858,1204005.0000,-2444524.0000,21060164.0000,77666781.0000,35658.1667,24316.3667,25348,19350.1429,47003348.0000,43917377.0000,167903,192845,16097,20172
2025-12-17,16583,15339,6436,7453,6208,8021,-4312289.0000,250318.00,21661631.00,43247662.0000,35791.0333,24188.4333,25256,19998.4286,31186580.0000,26623973.0000,166057,191106,19048.6667,27864.6667
2025-12-16,23236,16738,9562,11205,7462,8358,1446482.0000,-2731168.0000,38936286.0000,56895413.0000,36217.3333,24112.1,27189.2857,21197.4286,42226857.0000,46404507.0000,162141,189379,19575,27301
2025-12-15,20697,16214,9913,9368,6335,8542,3398336.0000,-782624.0000,19559630.0000,55127624.0000,36767.7333,24643.1667,30021.1429,23199.5714,32055372.0000,36236332.0000,156668,185247,20720.6667,27925.3333
2025-12-12,39661,24194,14608,21686,12311,9735,-10160387.0000,5340751.00,27611606.00,72562874.0000,36011.2333,24254.8,27015.7143,21262.8571,52587729.0000,37086591.0000,171352,197252,20988.6667,25753
2025-12-11,21545,18317,9519,8700,7713,8075,3703066.0000,-766210.00,15798213.00,58285160.0000,35743.8,23996.4,29978.8571,23109.2857,27387921.0000,31857197.0000,166374,194097,21508.6667,23884.3333
2025-12-10,22570,19651,8379,11953,10167,7806,-3343024.0000,3384479.00,24152065.00,57650326.0000,35674.8667,23799.7333,30738.8571,23349.5714,40389482.0000,33661979.0000,163530,190941,23335.3333,28617.3333
2025-12-09,33144,24998,15271,14097,9085,13431,11865732.0000,-6112260.0000,35710717.0000,106544997.0000,35532.1667,23689.0667,30006.4286,21542,53872666.0000,71856678.0000,158632,184161,25079,31076
2025-12-08,15939,19877,6336,7941,8509,7918,2933361.0000,1674009.0000,25364003.0000,52496711.0000,36932.5667,24007.9667,32202.8571,21890.7143,34248751.0000,35508103.0000,150331,180232,21999,31970.6667
2025-12-05,36769,25131,16121,17451,11364,11650,8663574.0000,-2632596.0000,27558070.0000,94682033.0000,36743.7333,23755.8667,30001.8571,20282.7143,46254129.0000,60925299.0000,164179,198117,24036,33810
2025-12-04,40520,30229,18478,18098,12402,14210,3916534.0000,-3020118.0000,33947856.0000,147483828.0000,36510.5667,23570.0333,27929,18399,77774271.0000,84807763.0000,157252,193588,21070.6667,29600
2025-12-03,18623,10637,7795,9571,4403,5020,-13392167.0000,-601475.0000,17844910.0000,64410171.0000,36787.2,24160.8667,30967.1429,21055.4286,44900474.0000,32109782.0000,154835,190435,21640,32731.3333
2025-12-02,42287,31242,19804,18717,13409,14718,3885066.0000,-1376762.0000,39601359.0000,156578789.0000,36849.2333,24367.5333,28829.8571,21159.8571,87773195.0000,93035023.0000,148227,182404,18665.3333,29073.6667
2025-12-01,27890,21333,12657,10681,8604,10618,3886702.0000,-2238278.0000,29367207.0000,71537646.0000,36884.3667,24412.0667,27211.5714,19644,40554374.0000,46679354.0000,142654,174938,16179.3333,26897.6667
2025-11-28,28017,12345,13779,11705,5162,6274,1986221.0000,281521.00,8258353.00,31976404.0000,36828.3,24898.6667,26662.8571,20474.2857,16108131.0000,17812831.0000,156931,192266,17745.3333,26228.6667
2025-11-26,31314,22318,15538,12423,8952,11676,10648203.0000,-849980.0000,31478219.0000,70442301.0000,36688.7667,24755.2,26117,19855,40763041.0000,52261374.0000,150632,185676,20050,29087.3333
2025-11-25,21362,13875,9182,10461,5856,6679,-2823355.0000,-2929902.0000,41284176.0000,38167576.0000,36926.8333,24807.9333,29921.1429,21772.5714,34462620.0000,32048147.0000,149745,179587,26082.6667,31075.3333
2025-11-24,26010,17043,13076,9974,7207,7692,2785670.0000,492764.0000,37629663.0000,46264584.0000,37487.8333,25004.4,35139,24714.8571,35619260.0000,37912166.0000,143995,172200,23975.6667,27926
2025-11-21,39890,29232,18938,17809,13057,13801,2265255.0000,4372113.00,63047658.00,51215133.0000,38313.1667,25928.3,35222.1429,23064.1429,51865337.0000,49758479.0000,177148,240238,20284,22688
2025-11-20,27326,31973,10457,14726,14038,15669,-136332.0000,-1159829.0000,194409478.0000,49574033.0000,39528.6333,27402.1667,42243.8571,24240.7143,101416682.0000,116766349.0000,176600,237520,15620.6667,22743.6667
2025-11-19,16562,10722,7850,7052,4750,5238,3602485.0000,2895645.0000,41720609.0000,35599674.0000,40791.9333,28165.0333,46027.1429,26806.4286,38104409.0000,32861249.0000,175154,234535,21146,33220
2025-11-18,24176,18157,10151,11672,7256,9459,-4691153.0000,-13386836.0000,98068308.0000,38787379.0000,43048.1667,29830.1333,52068.2857,31367.1429,51502677.0000,69850600.0000,172083,230649,27640,46006.3333
2025-11-17,27493,17983,10139,15329,7900,8003,-10639793.0000,5268336.0000,82411957.0000,45591372.0000,44325.3333,31200.2667,58918.1429,35537.7143,59223459.0000,53085330.0000,168358,226195,27538,50332.6667
2025-11-14,47991,27298,26033,18732,11315,13812,12257324.0000,2265897.0000,43640067.0000,64249018.0000,44319.2,31697.9333,60020,36377.8571,44322489.0000,54696816.0000,188643,264131,31841.6667,59828.3333
2025-11-13,62535,37639,25896,28190,15435,13821,3203776.0000,644196.0000,198144777.0000,85260458.0000,43944.6333,31896.3,54024.8571,32643.8571,75602480.0000,83734140.0000,192978,251287,28856,53331.6667
2025-11-12,40472,17677,16884,20570,7602,7937,-1354725.00,47526.0000,32866673.0000,51969974.00,43873.4,32415.2333,53389.5714,32182.5714,39125849.0000,38078598.0000,188345,243614,39657.6667,61995.6667
2025-11-11,76478,40209,30894,38482,18894,17608,-17040484.0000,5905451.0000,74835101.0000,118624022.0000,42395.8,32273.9667,47779.7143,31030.7143,99972919.0000,78237664.0000,173821,222804,41980.3333,61650.3333
2025-11-10,43045,28682,19994,19352,12940,13248,8259154.0000,-348145.0000,40430223.0000,95152878.0000,43944.4667,33717.5,44054.1429,28725.1429,57376496.0000,66323795.0000,163768,209416,43479.3333,65870
2025-11-07,66464,50082,31666,30460,23077,23396,2815547.0000,5130806.0000,65530854.0000,81892872.0000,44335,34584.1333,36491,23079.8571,68755570.0000,67781456.0000,188255,254365,30619,50571.6667
2025-11-06,75442,47177,34310,35730,21848,21617,-5065229.0000,2565946.0000,68819761.0000,114747410.0000,43386.2667,34447.1,28642.4286,18304.7143,89617710.0000,81989211.0000,182449,244231,19709.3333,37432.6667
2025-11-05,55704,33179,23284,24221,12969,15188,-3399011.0000,-4660266.0000,62617374.0000,117751550.0000,42613.9667,34447,24808,16661.7143,76314487.0000,77575742.0000,169532,222148,19365,31267.6667
2025-11-04,20569,11501,10444,8653,5778,5553,2367946.0000,-2250213.0000,24201517.0000,62978512.0000,43716.8,35850.9,30148.2857,19225,36219790.0000,42349749.0000,164905,212412,19712.3333,30066.6667
2025-11-03,36025,14448,15385,17007,5490,6725,-2243064.0000,-428341.0000,29253965.0000,151645400.0000,43767.1667,36801.1667,29445.2857,19670.7143,84487709.0000,73975456.0000,160368,207119,18418,22565.6667
2025-10-31,37209,32146,14982,12857,14949,12640,6752099.0000,1923271.0000,44678057.0000,114568024.0000,46312.3,38604.9,28919,18600.4286,45800214.0000,52062162.0000,182304,228478,12286.3333,16996.6667
2025-10-30,16966,12543,7043,8116,5396,5908,-2895325.0000,3225269.0000,32863109.0000,38456924.0000,47767.5333,40288.4333,30341.2857,20860.2857,35806681.0000,29211087.0000,180775,226116,15331.3333,20962.3333
2025-10-29,13522,10565,5625,6624,4938,4897,-968746.0000,622691.0000,14818598.0000,32059376.0000,48878.7333,41355.3333,34716.4286,24699.8571,22058868.0000,20483431.0000,179251,224005,21624.3333,35772
2025-10-28,20502,13751,7913,10325,6771,5441,-3188903.0000,3829857.0000,25603011.0000,78716908.0000,49217.9333,42010.2,35922.4286,25973.8571,49282252.0000,42263492.0000,174129,218923,22896.6667,39306
2025-10-27,28863,21678,13471,12500,10149,9505,9234688.0000,-497280.0000,30476050.0000,98487928.0000,49180.1667,42144.6333,35561.2857,26726,53477175.0000,63209143.0000,162471,212851,23888.6667,40860
2025-10-24,57951,29444,28064,24915,12750,13925,7051341.0000,-104694.0000,32032533.0000,144886983.0000,49158.5333,43005.1,31158,25093.1429,76043958.0000,83836993.0000,180581,235485,23528,30517
2025-10-23,31104,17568,16114,14015,8454,8662,5704528.0000,-2816701.0000,28073547.0000,58150155.0000,49411.9333,43926.6,30786.5714,24791.5714,34008769.0000,42791078.0000,177750,230490,30152.6667,34865
2025-10-22,33525,24654,15212,15248,8143,11727,2026276.0000,-5255840.00,36414255.0000,53043877.0000,49716.5,45297.4,32117.2857,24546.2857,34679201.0000,41507297.0000,170716,219972,29491,33338
2025-10-21,26922,28362,11725,12087,11233,14022,-6352748.0000,-1038726.0000,48520502.0000,68960340.0000,49919.6,45616.9667,37507,28630.1429,54112542.0000,48798520.0000,165373,211301,29018,33142.3333
2025-10-20,44148,37442,18728,21282,15611,15420,-6897215.0000,5088525.0000,75579516.0000,98877952.0000,51543.3667,46838.2,40313,34165.4286,79825709.0000,72322559.0000,153687,193285,22542,27469
2025-10-17,28944,22669,12222,14512,9465,10208,-2062073.0000,-833754.00,34607778.00,47878106.0000,54348.0333,48294.5333,43958.2857,35728.1429,37592854.0000,36364535.0000,194276,242772,20138,27322.3333
2025-10-16,26335,26943,12085,12267,13677,11836,917522.0000,12893959.00,54888108.00,78939918.0000,54788.1333,48666.5667,53319.4286,41609.1429,65286583.0000,62048658.0000,189502,237802,18802.6667,32824
2025-10-15,27128,18014,12287,11395,7627,8358,3643274.0000,1816401.00,26842981.00,53991096.0000,55251.2333,49207.4667,58845.1429,47476.7143,35299085.0000,37168367.0000,185207,234556,31781,45331.3333
2025-10-14,28504,15457,11634,13185,6879,7324,-5057298.0000,-2261149.00,38033279.00,72401253.0000,55337.7,49645.3333,61602.7143,51301.1429,52512963.0000,50194174.0000,182685,228330,52025,57093.3333
2025-10-13,42840,22937,20937,17652,9830,10770,9300335.0000,399175.00,42779317.00,76483459.0000,55835.7,50204.4667,62811,54251.5714,48916478.0000,56984798.0000,178054,213069,55582,60967
2025-10-10,64650,56949,28313,30847,27477,24092,-6301024.0000,4681235.0000,94678183.0000,102225596.0000,55898.3333,50181.8667,59051.7143,50865.2857,93143104.0000,82547215.0000,203683,262844,59302.3333,70038
2025-10-09,63790,76189,25897,30936,27342,43324,122186.0000,-14322962.0000,333828214.0000,138425753.0000,54607.1,48645.3667,54531.7143,45119.8571,132140637.0000,318870205.0000,205021,248775,53601.6667,70710.6667
2025-10-08,54461,33608,23758,25454,14748,15716,-3718401.0000,2704483.0000,46480852.0000,80962952.0000,54822.8,48579.5,59538,50602.7143,61341149.0000,54918265.0000,201146,240709,56475,68492.6667
2025-10-07,91863,68110,42031,40758,26973,34216,-6187225.0000,-4782572.0000,114042211.0000,197024021.0000,53341.1,47217.0667,57583.2857,51741.4286,143227345.0000,142123692.0000,186206,220371,48301.6667,54971
2025-10-06,65808,59087,29841,30425,28189,25466,-6084587.0000,12171892.0000,117979132.0000,150134108.0000,53771.3333,46793.6667,54893.5714,49452.7143,133900342.0000,115114413.0000,172902,199879,39687.6667,45813.3333
2025-10-03,47807,42228,21617,22414,19825,19438,3545738.0000,190436.0000,38079593.0000,81147220.0000,53780.3667,46566.2333,52711.8571,48159.5714,53384978.0000,57390280.0000,204695,236449,37602,40594.3333
2025-10-02,51298,43590,20808,25125,19757,18637,-17084479.0000,8344961.0000,88530134.0000,103273243.0000,53942.2333,46566.6,53048.4286,49592.1429,112848936.0000,64043096.0000,198758,227786,47068,53330
2025-10-01,38335,33245,15643,17473,15189,14608,-1525077.0000,1597166.0000,48194365.0000,105001731.0000,54340.7333,46424.6333,52934.2857,50979.4286,70964392.0000,67067149.0000,192102,221725,61346.6667,66611.6667
2025-09-30,32150,35971,13122,14738,15074,16475,-5713423.0000,3429866.0000,76855317.0000,147601641.0000,53788.7,45605.6,64564.7143,58163.2857,112151456.0000,95035717.0000,185162,217015,63711.6667,71555
2025-09-29,89505,71988,39228,38931,30168,33935,1762565.0000,-13974614.0000,128766830.0000,347397525.0000,52296.9667,43945.9333,60438.7143,56886.2857,205773773.0000,223372222.0000,161187,190833,50774.3333,52565
2025-09-26,78180,76081,37661,32708,33162,35452,13019579.0000,-22621.0000,53043762.0000,180190744.0000,51709,42366.0667,55964.1429,52099.2857,102567108.0000,112595268.0000,193177,223929,43286.6667,44389.6667
2025-09-25,46980,43066,20573,21333,19096,18605,-1670121.0000,4726999.0000,45730701.0000,105286748.0000,52071.1667,41753.3,53635.2857,50718,72041987.0000,65286617.0000,190599,215097,43250,41241.6667
2025-09-24,32535,33176,13236,15368,15104,13891,-1297601.0000,5917957.0000,47098349.0000,86536638.0000,52276.2333,41042.9,52948.8571,49651.5714,64585475.0000,57369917.0000,185862,211212,60944,68251
2025-09-23,53654,53618,23911,24285,22589,25508,4075420.0000,2290552.0000,84988583.0000,148649039.0000,52087.2333,40132.0333,53470,49885.8571,108532672.0000,105606930.0000,175371,200614,64087.6667,70574
2025-09-22,37536,42956,16932,16945,18726,19438,17135380.0000,-5197908.0000,52947331.0000,161763090.0000,55923.3333,40853.3,53637.1429,50208.2857,84541754.0000,117411522.0000,154444,189163,63959.6667,73681.3333
2025-09-19,113563,86258,57044,47635,37885,40211,7251926.0000,-1650453.0000,72770985.0000,184898921.0000,58696.7667,41634.0333,43508.4286,47282.5714,107870896.0000,116773275.0000,234255,234611,46339.3333,46053
2025-09-18,60623,63049,27472,25093,28905,28056,2534692.0000,468083.0000,58374160.0000,154924415.0000,59581.0667,41244.3667,39564.4286,43696.8571,94855193.0000,96921802.0000,216648,221028,33893.3333,35088.6667
2025-09-17,46858,42572,18081,22494,17328,20596,-6583976.0000,136405.00,36010844.00,138834915.0000,59041.9333,40648.8333,46136.2857,48197.8571,75421255.0000,68522774.0000,208239,212509,38122,38570
2025-09-16,30678,33397,13840,13527,18593,12333,3191198.0000,3946222.00,29811916.00,88162902.0000,59097.5,40064.5,57908.5714,52906.7143,53287286.0000,52504102.0000,194343,207784,42060.6667,41246
2025-09-15,27730,25711,12373,11465,13385,9700,2266052.0000,2228295.00,26342818.00,70776719.0000,60191.8667,40044.8667,59595.4286,54677.1429,42111310.0000,42149067.0000,180737,201617,55416.3333,46223.3333
2025-09-12,57302,55258,22859,26275,28581,23137,-4454294.0000,3096877.0000,33769608.0000,106519231.0000,61336.1667,39591.7333,57269.5714,51674.7143,64205940.0000,58307334.0000,229042,231264,49646.6667,38127.6667
2025-09-11,38706,45213,15217,18801,17328,23783,-13817351.0000,-2321088.00,26444375.00,114669779.0000,60603.9,38400.6,56182.7143,49300.4286,70420101.0000,58923838.0000,226221,222346,59268.6667,56179.3333
2025-09-10,42662,65778,18387,20379,31679,29800,4183564.0000,6838537.00,45854464.00,124271685.0000,59854.6667,36684.4333,58342.4286,45576.5714,80616433.0000,75690681.0000,205332,214705,59462.3333,79653.3333
2025-09-09,33015,37949,15083,13716,16184,17605,5218241.0000,-5466050.00,47657457.00,73186344.0000,59377.8,35867.8333,63130.1429,48194,48896985.0000,61115751.0000,190472,209625,59514,81827.6667
2025-09-08,92861,74079,48147,36331,36837,30526,48937854.0000,8399125.00,71891379.00,281657112.0000,57349.3667,34101.8,53443.2857,41910.4286,137857429.0000,189747082.0000,165412,208176,46234.6667,64547.6667
2025-09-05,113084,66359,52285,47507,30678,26343,2710133.0000,8169904.0000,57335418.0000,185491623.0000,54028.4333,32172.5,45993,36949.4286,113806966.0000,109767945.0000,191901,220301,33646,37219
2025-09-04,39538,38104,17697,17663,18410,15517,-3796225.0000,-507605.00,27587793.00,71180890.0000,53500,31468.3333,47117.8571,35397,46671654.0000,43383034.0000,180218,211236,34181.6667,43299.6667
2025-09-03,41021,34241,18681,17206,15407,15830,-2685107.0000,-3061523.00,24514606.00,85014933.0000,53548.1333,31051.2667,52502.7143,37131.8571,48659264.0000,49035680.0000,167980,202634,41525,51802.3333
2025-09-02,31098,28593,14623,12536,12554,11893,-3612636.00,-2908162.0000,30855444.0000,55025110.0000,53805.4667,30736.2667,54928.4286,38105,35152419.00,34447945.0000,151082,190031,42025.3333,49787.3333
2025-08-29,57780,39711,26893,26001,20407,15000,-4121916.0000,1119145.00,18307739.00,79356551.0000,54134.7667,30132.3667,54696.1429,38660.7143,47815843.0000,40402812.0000,180109,224453,39332.3333,50838
2025-08-28,66529,56271,33021,23955,26261,23184,11240689.0000,-1269852.00,27077861.00,140795817.0000,53570.2667,28965.5333,52376.2857,34762.8571,44540640.00,59484943.0000,169557,212247,29654.3333,44465.6667
2025-08-27,25053,30094,9873,12295,15703,11392,-2955653.0000,2878780.00,18459568.00,31549374.0000,53238.6333,28279.7333,51024.2857,32092.2857,25097550.0000,19263117.00,161651,209209,35084.6667,62353
2025-08-26,60932,31632,29743,24982,12184,16011,9782251.0000,-2703300.00,22606640.00,91251589.0000,52174.2333,27770.1333,48713,30744.5714,44585246.00,57846233.0000,151099,202364,36342.3333,58068.3333
2025-08-25,47412,27237,24213,18039,11491,12815,9838430.00,-2037521.00,18215703.00,80072764.00,52477.8,27660.4667,50588.5714,30951.4286,38667420.00,47220292.00,140870,191982,41797,60982.3333
2025-08-22,78715,46385,37521,35748,21098,21679,-937625.0000,-960474.0000,24425318.0000,73661930.0000,51119.0667,26923,47607.1429,27851.1429,45534932.00,45557781.0000,163327,216716,35997.3333,51507.3333
2025-08-21,48078,35405,21317,22169,17644,14515,1978843.00,790580.00,19745919.00,43543533.00,50695.2333,26231.6,46265.5714,24488.1429,27898002.00,29086265.00,154675,209801,27995.6667,40677.6667
2025-08-20,56154,43601,27423,23342,19301,19323,1731853.00,75694.00,36387444.00,54403515.00,49858.1333,25524.8,45098.4286,22015.4286,39895465.00,41548424.00,143293,190755,20861.3333,36877.3333
2025-08-19,50290,28986,19543,26820,12272,14621,-9315396.0000,-1867758.0000,34246224.0000,63420597.0000,48836.0333,24971.7667,59716.8571,27102.2857,47221992.0000,42188354.0000,135795,174269,20761,40294.3333
2025-08-18,15589,11400,5996,7779,5400,4645,-177663.0000,2340313.00,10836302.00,19616184.0000,49062.4333,25040.9667,85599.2857,41142.2857,14930096.00,12414850.0000,130319,167979,25188.6667,54379.6667
2025-08-15,44753,22198,23165,19020,9505,10883,-1472523.0000,1136697.00,16858996.00,35831176.0000,49014.6667,24985.1333,91656.2857,45308.1429,25551806.00,22942586.0000,185455,243860,21744,52357.6667
2025-08-14,60541,28685,26507,29616,14713,10005,-2792045.0000,4049730.00,25605945.00,48166490.0000,48471.7667,24538.3333,87391,44739.7143,37591200.0000,30749425.0000,180451,231140,20946.3333,48172
2025-08-13,57845,24683,23084,29541,13225,9549,-8402384.0000,4279615.0000,22882463.0000,68672807.0000,47464.3333,24143.4667,83748.1429,43480.2857,53197827.0000,32315828.0000,174826,223652,34250,79763.3333
2025-08-12,38687,11864,16077,19760,5340,5258,397106.0000,477973.00,10225472.00,45277523.0000,48036.6667,24459.6,86873,45374.2857,25999796.0000,25918929.00,170755,218617,66855.3333,132456.3333
2025-08-11,47984,26292,22388,20699,12923,10697,5228521.0000,1441726.00,20148661.00,87514784.0000,47363.1667,24329.0333,93108.2857,47570.2857,47182770.0000,50969565.00,158557,211721,75211,145512.3333
2025-08-08,152619,64594,74331,67179,28068,31153,9597282.0000,-434915.00,30426220.00,226518578.0000,43190.6,22743.1,73696.7143,39696.7143,112842808.0000,126551655.0000,191346,255407,61915,104867.3333
2025-08-07,196766,109680,90541,87751,48336,54462,-3711832.0000,5595793.00,73873991.00,336114373.0000,37279.9333,19560.0333,48470.8571,26070,181834102.0000,174148952.0000,171816,237378,30644,50060.3333
2025-08-06,87152,51359,38777,36344,21010,22701,-3745008.00,-2468173.0000,64820177.0000,176730521.00,35218,18583.8333,38693.2857,20654.5714,105676049.0000,106349214.0000,146806,204976,21898.3333,41196.6667
2025-08-05,30684,24706,14930,12403,11587,9113,327336.00,904666.00,34553215.00,66213243.00,35008.3,18459.3,38882.4286,20139.1429,43728773.00,47298630.00,134504,194644,27551,61512.3333
2025-08-04,32345,15867,14773,13392,5752,6542,10657321.00,-991690.00,22937848.00,66612112.00,35536.2667,19434.6667,36184,19083.8571,32885497.00,45559008.00,127794,179236,25421.6667,56310
2025-08-01,60561,25122,24783,28659,13288,9661,-944001.0000,4959502.00,19351319.00,69737124.0000,35047.7333,19672.4667,30916,17920.5714,34291330.0000,28388355.00,152867,203605,21812,42851.3333
2025-07-31,91631,41664,46121,38377,20848,16330,17100795.00,4544858.00,26491887.00,143634461.00,32694.1333,18737.9667,23892.2857,15072.7143,72762068.00,85540505.00,141585,184590,12407.6667,18544
2025-07-30,16738,9479,7575,6869,4306,3792,-2493375.00,-1773089.00,8245066.00,23138691.00,32934.0667,18762.7667,27046.5714,16453.2857,14059800.00,13339514.00,138946,182647,16280.6667,23634
2025-07-29,20185,14293,7513,9171,6953,6005,-1628623.0000,962491.00,14116502.00,26648060.0000,33405.9,19143.6333,33828.5714,17496.2857,18865558.00,16274444.0000,133677,177970,14343,21391
2025-07-28,18709,13451,8718,8081,5100,5998,103984.00,-320421.00,10143289.00,18506355.00,34695.6333,19797.7333,38240.7143,18612.7143,12493602.00,12918007.00,126912,169882,15519,23049.6667
2025-07-25,32008,21098,17680,11733,12034,7333,5395896.00,270804.00,12991815.00,29332155.00,34504.7,19833,35825.8571,16958.7143,16482604.00,21928946.00,145541,197002,15729.3333,26535.3333
2025-07-24,13456,8480,4529,6982,3376,3890,-69806.00,-2319694.00,8905729.00,13163922.00,35254.4333,20111.7333,38046.4286,18082.1429,8606099.00,10855987.00,144346,195655,19283.6667,34989.3333
2025-07-23,23685,16979,11171,10225,8862,5816,3570167.00,574437.00,10491545.00,24969552.00,36122.9333,20582.6667,42737,19077.5714,14274571.00,17270301.00,139564,193593,20822,49647.3333
2025-07-22,42465,21729,17903,19983,8789,9360,2218589.00,-1489036.00,35504076.00,60432659.00,37144,21311.3,42092.4286,19439.2857,39461435.00,42971720.00,130839,182098,20667.6667,52023.6667
2025-07-21,38818,19143,18889,16327,8137,8088,3170784.00,-1512498.00,12407610.00,37162646.00,37497.2333,21593.7333,41598.8571,18799.2857,20185452.00,24279279.00,121911,173992,17460,44119
2025-07-18,67659,21594,28174,33228,11007,9216,-2219703.00,-730538.00,15314112.00,49192006.00,36658.8333,21562.6333,36367.7143,18914,30264029.00,28774864.00,164035,222028,15710,31232.6667
2025-07-17,49594,21266,23242,20838,9652,9305,1477625.00,-840280.00,11628046.00,58916742.00,35581.9333,21369.6333,32086.7143,17646.7143,28113194.00,30431099.00,158659,214987,16603.6667,33541
2025-07-16,15104,9520,7225,6614,3930,4658,-531720.0000,-5023800.0000,12813207.0000,20496195.0000,36059.4,21619.9333,33126.2857,18211.8571,12864291.00,18708991.0000,156456,212110,21517.3333,41157.3333
2025-07-15,29000,16344,12259,13149,7351,6922,-549787.0000,279939.00,14377883.00,24746126.0000,36111.6333,21620.5333,35172,18808.8571,18598910.0000,17769184.0000,151970,212546,20957,43278.3333
2025-07-14,56519,23947,31799,20530,9224,10587,12363574.0000,-2316123.00,18371534.00,72320460.0000,35125.5667,21302.8667,33419.8571,17570.8571,34432341.0000,49112038.0000,141424,194341,20440.3333,34785.6667
2025-07-11,37953,24261,18734,15194,12495,9317,-2447349.00,2106792.00,13705687.00,23447391.00,34862.4333,20944.3667,31944,15938.8571,18884762.00,14330621.00,154093,211359,16485,28677
2025-07-10,35363,14663,14013,17369,7477,5549,-3430641.00,2937911.00,20974193.00,31350558.00,34866.7333,21029.0667,34871.7143,16893.8571,23832789.00,17464237.00,151502,202873,16089.3333,24349.6667
2025-07-09,31041,22397,14192,14121,9091,11455,1113003.00,-5599885.0000,17112485.0000,31532498.00,34695.6667,20759.5,34405.7143,16890.7143,19304760.0000,26017648.0000,145954,197493,15464.6667,28442.6667
2025-07-08,19627,12395,8477,9093,5263,5768,-2081272.00,-1998481.00,13110713.00,20802990.00,34810.2,20774.2667,35522.1429,17550.8571,15365112.00,15282321.00,139644,192426,16426.6667,36651.6667
2025-07-07,22381,13476,9169,11388,6831,5341,-188088.00,1200554.00,14798462.00,18196289.00,34841.4667,20886.7,35102.8571,17652.5714,15747339.00,14359117.00,132342,187841,16213.6667,38398.6667
2025-07-03,43320,20523,20125,19333,7231,10418,248690.00,-1686171.00,16603981.00,28572155.00,33872.8,20474.8667,32527.7143,17874,18665915.00,20600776.00,142171,212223,16488.6667,42577.6667
2025-07-02,44254,15281,22319,18384,5850,6512,1580586.00,-1871361.00,14302177.00,27973177.00,33257.7333,20484.6,29690.4286,18686.7143,17149051.00,20600998.00,137459,196210,18853.3333,37086
2025-07-01,27622,12837,11938,12381,6603,5001,-5201988.00,3259662.00,17201165.00,39204487.00,33255.2,21009.4,32627.8571,23299.7143,30000716.00,21539066.00,134143,191118,20246.3333,37026
2025-06-30,55857,21348,26273,23694,9638,9957,7798492.00,-2403565.00,18775527.00,51535346.00,32658.5,21083.0667,31206.1429,24858,26089948.00,36533005.00,125672,175492,17859.6667,24889
2025-06-27,27779,22375,11991,12962,11322,9224,-1850050.00,1065936.00,16040825.00,23159445.00,32712.7333,20690.3333,30241,23608.5714,19493343.00,16577357.00,139864,191985,17759,24060.6667
2025-06-26,27442,17016,12623,12242,6445,7542,731712.00,287218.0000,40190385.0000,25528511.00,34181.2667,21138.4,29740.1429,22638.1429,18280926.0000,18180420.00,135278,185563,19077,23044.3333
2025-06-25,19446,14188,6613,10579,5497,7252,199204.0000,-5747076.00,14628930.00,20176625.0000,34576.4333,21238.3333,31867.8571,24285.4286,12460415.00,18406695.0000,128459,182768,29390.3333,32623.6667
2025-06-24,25294,22073,10829,12670,9149,9639,97076.00,-3504283.00,18176133.00,27298785.00,35790.8,21589.5667,36454.5714,25857,18508242.00,22109601.00,118996,178317,32784.6667,39494
2025-06-23,24393,20970,10512,11401,6527,10687,-221101.00,-3044129.00,28152963.00,23568974.00,37768.3333,22871.8333,36724.1429,26026.4286,20654452.00,23477480.00,110697,168347,30337.6667,38370.6667
2025-06-20,48184,45128,21661,22631,19168,21168,-2303254.00,-2924883.0000,44956812.0000,53777200.00,38477.3333,23253.5667,34976.1429,21985.5714,44817914.00,45439543.0000,143851,220306,18702.6667,30288
2025-06-18,45905,32256,20355,20291,13385,15914,-1718446.00,-6129545.0000,67668863.0000,41349193.00,37524.3667,22609.0333,35524,21821.4286,43006276.00,60097615.0000,138476,211654,16523.6667,26433
2025-06-17,21023,13629,9566,8954,5947,6742,-1191080.0000,-3647635.00,45361805.00,18034251.0000,37303.2667,22564.8,42963.1429,26101.2857,28109783.00,32904738.0000,137461,206122,23005.3333,38559
2025-06-16,23936,10223,10440,11376,4512,4663,2413810.0000,991419.0000,10903394.0000,30873684.0000,38135.9,22937.8333,46603,28586,18027836.0000,19642827.0000,134491,196725,26983,39340.3333
2025-06-13,34340,25719,13862,14848,9154,11968,-2489295.00,-1566060.00,23773342.00,31876473.00,37879.5,22466.7333,47769.7143,27863.4286,23741640.00,22818405.00,158240,237601,24024,39876.3333
2025-06-12,57401,33074,22477,28978,14024,16465,-2690231.00,-434795.00,42192212.00,55764505.00,36767.0667,21921.3333,42039.1429,25349.4286,43093029.00,41152843.00,152910,215632,23368.3333,37322.6667
2025-06-11,26280,22156,10631,13647,12369,7958,2110905.00,2987435.00,17580647.00,24978039.00,36716.3667,21457.8667,42488.8571,24617,19495893.00,19284863.00,143555,212026,30512.3333,52928.3333
2025-06-10,35948,16842,14343,18097,9224,6057,-3914473.00,3581858.00,18512355.00,42803460.00,37366.0667,21250.4333,41720.1429,24548.4286,31555333.00,24059002.00,138080,200939,34103.6667,57417.3333
2025-06-09,49740,31107,23078,22857,13898,14244,-1125678.0000,-394371.00,31645152.00,68326929.0000,37021.8667,20646.4,38462.5714,22164.1429,45189824.0000,46547017.00,123930,187369,30621.6667,55006.3333
2025-06-06,73097,43588,33182,33444,18400,21176,2930555.00,-1637002.00,40382306.00,100943997.00,36751.7,19728.2333,32314.2857,17866.7143,62130068.00,67371625.00,146364,206499,21251,36403
2025-06-05,49415,27616,21907,23389,11720,13403,-8088770.0000,2439724.0000,20744120.0000,87125055.0000,36767.5333,19341.8,30325.2857,16379.2857,54343152.0000,43814658.0000,137081,195636,17722,29740.6667
2025-06-04,42507,20661,20577,17710,9358,8911,6230301.0000,-1293775.00,20392114.00,101843591.0000,35944.4333,18972.8,27954.1429,15472,51968812.0000,59587013.0000,130549,185752,16289,25760.6667
2025-06-03,17287,15476,7792,8336,6979,6592,-452841.0000,1364130.00,20867413.00,39295070.0000,35831.5667,18933.6,28779.2857,15095.1429,28765707.0000,26928886.00,122505,181648,15936,28977.3333
2025-06-02,29428,17029,13695,13723,7172,8041,2379541.00,2052340.00,16586178.00,49510767.00,36169.1667,18923.5,27906.5714,15069.4286,30221107.00,30548308.00,112512,170171,14761.6667,29187.6667
2025-05-30,30567,16362,14709,13286,7406,7462,972637.00,3470895.00,15963069.00,32161648.00,35792.2667,19834.5667,25577,13898.8571,23515260.00,21017002.00,130070,192082,15042.3333,30829.3333
2025-05-29,26937,14417,11212,13559,7209,5881,-691037.00,2924609.00,15306541.00,37041950.00,35671.9667,20079.4667,25414.8571,14064,26214371.00,22598725.00,125075,188033,15006.6667,30486.6667
2025-05-28,30059,13506,13012,15025,6032,6275,1875144.0000,628580.0000,11736228.0000,48970854.0000,35564.3,20775.2,25055.8571,16217.5714,27761479.0000,28859743.0000,119144,181462,14784,28154.6667
2025-05-27,35492,17204,16278,15202,6916,8861,8431604.00,-2168176.00,12501164.00,54348904.00,35636.8333,21302.5333,25407.8571,17125.2857,25644104.00,36243884.00,113098,168827,14665.6667,24097
2025-05-23,25909,14310,13708,10109,5569,7482,2931303.00,392219.00,12148716.00,20309449.00,36596.9333,22019.9333,25907.4286,16594.2857,13071920.00,15617235.00,132664,190721,12618.3333,20214
2025-05-22,23063,12838,10987,9463,4121,4141,2157662.00,487802.00,9360950.00,20359634.00,37655.0333,22943.5333,32826.7143,19111.4286,12196752.00,13866612.00,126775,184577,13530,21127
2025-05-21,23319,16849,8522,10509,6719,5509,-1830124.00,1612112.00,13618447.00,25936501.00,37833.3667,23602.1667,33967,19159.5714,18831027.00,15388791.00,119178,178956,17440.6667,22536
2025-05-20,14260,8168,7278,5802,3040,4337,1964131.0000,-1496315.0000,8954726.0000,17317375.0000,38419.2,24045.9333,40747.7143,22651.2857,10502770.0000,13963216.0000,116494,175446,22570.6667,30434.6667
2025-05-19,25802,15573,11440,11978,5900,7921,1449829.00,187884.00,12920274.00,29013960.00,40241.9,26062.7333,49021.5714,28917.7143,18267967.00,19529912.00,110201,169920,20910.6667,31636
2025-05-16,27546,28581,11505,12953,13164,12510,-2792185.00,1718561.00,14262820.00,41471275.00,40345.4333,26428.3333,55008.4286,32917.5714,27418788.00,22908042.00,160529,248479,21536.3333,46286.6667
2025-05-15,37956,23558,17021,18173,10471,9571,-1009375.00,1887440.00,25246518.00,67765506.00,40352.7333,26477.6667,52059.8571,31397.8571,43980457.00,43699452.00,151042,256327,19412.3333,44068.3333
2025-05-14,29406,10593,15681,10650,4891,4660,10836624.0000,2386123.00,11220194.00,72866959.0000,40821.1667,26939.7,49914.7143,31642,30260716.00,44411217.0000,148212,245104,26751.3333,54841.3333
2025-05-13,71498,30458,37581,28043,13655,13439,11562900.00,-1034432.00,28179897.00,106983802.00,39941.2,27310.6333,46688.5714,30350,55389566.00,66088848.00,138736,227990,36411.3333,58915
2025-05-12,31301,17186,16211,12316,7980,7957,3624767.00,-1821207.00,15321485.00,42797532.00,41813.4,29730.7,46023.8571,29550,24013104.00,29459078.00,132710,220492,49542.6667,71632.6667
2025-05-09,61725,32610,25524,31816,15001,15407,-16165347.00,-305804.0000,23377283.0000,71545564.00,42929,32913.6333,40638.5714,27278.8571,51362275.0000,36994012.00,179475,255513,42979.3333,56829.6667
2025-05-08,83719,59438,36849,39030,28529,24786,5084791.00,1357143.0000,29646563.0000,156491934.00,41387.1333,31808.5333,32215.7143,19966.5714,82244237.00,85971885.0000,180371,247108,27267.3333,33720
2025-05-07,69454,56580,28166,31945,24796,24648,-2580434.00,-673681.00,50406025.00,129126356.00,40116.2,30820.2,30213.5714,13400.7143,80014467.00,76270064.00,150821,221163,15545.3333,26873.6667
2025-05-06,17316,12920,7714,7710,5968,5592,-1161192.00,-2626552.0000,19823770.0000,31167584.00,40987.6667,31451.8,33370.4286,13410.1429,22157267.0000,23622627.0000,144550,215916,15100.6667,29984.3333
2025-05-05,14390,12302,7065,5850,5355,5105,3773622.00,543876.00,18016766.00,28815914.00,41755.8,31968.6333,40599.2857,13944.5714,19085182.00,22314928.00,137893,210677,16570.6667,33197
2025-05-02,48915,21414,22396,21132,8771,10469,2445028.00,252305.0000,22845994.0000,79581313.00,41227.9333,32180.9667,40738.5714,13174.4286,43108832.0000,45089055.00,147096,225937,12183.3333,25145
2025-05-01,26648,11586,13753,10325,4986,5603,6691461.00,-1162716.00,14210558.00,38077599.00,41204.2333,32396.7333,39476.5714,12889.4286,18236505.00,28566502.00,144629,222684,11861,34742
2025-04-30,24028,16712,10218,11393,7563,7315,1066870.00,-698048.0000,17630694.0000,25156095.00,41565.1,32477,38029.8571,12544.8571,18444553.0000,20209471.0000,140402,219618,10619,39870.6667
2025-04-29,24759,8252,9986,12770,3985,3249,-372850.00,823219.0000,11523291.0000,28225568.00,42138.8667,32948.2333,40143.7143,13755.4286,18849449.0000,17653380.0000,138043,222929,13216,53281.6667
2025-04-28,55439,10619,27083,23635,4206,5509,5925467.00,-2116918.00,11997285.00,65515242.00,42592.6667,34207.0333,34975.2857,18480.4286,28728376.00,41378601.00,134248,204675,15017.3333,51432
2025-04-25,39414,12986,15881,14396,5801,5667,6544661.00,285246.0000,15527904.0000,56992803.00,42044.7333,34507.2667,32677.2857,19734.4286,17463066.00,23722481.0000,146862,225180,13885.6667,44232
2025-04-24,64992,16043,30891,27615,7586,6749,5773754.00,4450860.00,18362210.00,55527708.00,41278.2667,34992.3,27225.4286,22353.7143,32776747.00,34099641.00,142005,214860,13304.6667,27201.6667
2025-04-23,49890,16023,22634,22665,6357,8169,1309252.00,-2307715.0000,16867225.0000,36972567.00,40754.3333,35346.8667,25479.4286,24782.4286,22301110.0000,25918077.00,139118,207051,13539,23757
2025-04-22,17814,9591,8657,7350,3710,4764,1134184.00,483953.00,10058499.00,14386417.00,41860.6,36395.4667,30750.5714,28531.1429,10639440.00,11289671.00,138736,203174,24906.6667,24239
2025-04-21,13901,14300,5565,6572,6660,6313,-2315979.00,1721122.00,12418119.00,13916104.00,44577.3667,37863.0333,36594.1429,32280.5714,13976527.00,9939426.00,134096,199201,27394.6667,27381.3333
2025-04-17,39556,16726,19219,16765,6216,8812,857478.00,-1338774.00,14391947.00,18084063.00,45978.5333,39216.5667,35038.8571,35120.8571,12960449.00,15156701.00,158375,248379,33278.6667,23139
2025-04-16,19260,43694,8208,9839,22577,14906,-970056.00,21274383.00,200793949.0000,15686896.00,46358.1667,38208.8333,36835.2857,31947.5714,84479292.00,42388353.00,163888,242886,29722,29275
2025-04-15,23328,21764,10627,10640,9323,10277,296046.00,543345.00,19856440.00,18000918.00,46639.9667,38053.7667,45000.2857,39706.5714,16684041.00,16436742.00,162643,236606,34411.3333,39736.3333
2025-04-14,26829,34378,11524,12815,17158,13991,-835596.00,3000785.00,24191636.00,30202014.00,47519.1,37584.2667,45546.4286,40445.2857,26802623.00,22966242.00,154682,227432,36467.3333,49062
2025-04-11,37668,33024,15895,19658,12441,18541,-28857.00,-68249.00,21866296.00,26858607.00,48758.8,37458.3,45618.8571,39304.4286,22821998.00,22861390.00,172408,248590,37662,46062.3333
2025-04-10,54712,35832,24394,26922,18223,15664,35047.00,5361663.00,35395378.00,54507819.00,49188.5667,38410.4667,44011.2857,37679,44371629.00,39045013.00,168777,242120,32878.3333,38436.6667
2025-04-09,54806,40546,28741,22728,17331,20188,5549700.00,-1821293.00,37434427.00,54649157.00,52419.1667,40697.4667,42624.5714,37827.5714,38272513.00,45643506.00,162022,233692,44722,46995.6667
2025-04-08,28669,36608,14227,12526,19301,14745,-351751.00,3830177.0000,41818970.0000,35503329.00,53441.233333333333,41143.400000000000,51024.285714285714,45424.714285714286,37394476.0000,34135048.00,154127,226964,45702.333333333333,47656.666666666667
2025-04-07,31835,21481,15523,13358,9380,10324,-1144052.00,231055.00,50404821.00,44463096.00,53908.666666666667,41428.533333333333,60075.428571428571,60655.714285714286,42660712.00,41285605.00,148537,219477,46888.000000000000,49770.000000000000
2025-04-04,80483,76077,38823,36290,35907,34534,2494463.00,2957972.0000,111303978.0000,67301229.00,53460.633333333333,41040.166666666667,53929.714285714286,53542.571428571429,80880493.0000,80416984.00,167812,240224,29680.333333333333,37428.666666666667
2025-04-03,30652,39549,13107,14131,18222,17541,302018.00,1322072.00,53375223.00,28715447.00,56249.700000000000,42553.466666666667,54026.000000000000,51739.857142857143,35147637.00,34127583.00,162769,232888,30359.333333333333,42244.333333333333
2025-04-02,38175,25038,18490,15707,10050,12315,3398256.00,-5225958.00,27603602.00,47507649.00,56213.066666666667,42578.400000000000,54781.000000000000,52715.571428571429,27978891.00,36200105.00,157009,226546,51942.666666666667,58675.000000000000
2025-04-01,43459,24454,20285,17174,11251,11226,7750957.00,4348042.00,27078757.00,65562471.00,56513.433333333333,42745.933333333333,53920.285714285714,53194.571428571429,38836479.00,42239394.00,150379,217348,86490.666666666667,75919.666666666667
2025-03-31,45099,41586,22154,18896,16156,22051,4577176.00,635492.0000,40895031.0000,53407109.00,59651.900000000000,44135.533333333333,52203.142857142857,51222.857142857143,40563828.00,44505512.0000,136084,203176,81390.333333333333,73374.333333333333
2025-03-28,87467,89788,39103,43783,34814,49535,1356572.00,-4133912.00,69657521.00,69740467.00,62504.666666666667,45671.300000000000,43413.142857142857,40975.857142857143,62880927.00,68924411.00,162756,249644,60437.666666666667,54660.666666666667
2025-03-27,95193,128098,45488,43191,64594,54884,1101932.00,17172000.0000,141678569.0000,90703914.00,61214.533333333333,42722.900000000000,34793.285714285714,25407.571428571429,116533721.0000,99563653.0000,141336,221300,28361.000000000000,37416.333333333333
2025-03-26,37463,26285,15258,17162,13872,10852,-3892830.00,-1589374.00,25782923.00,42699505.00,60681.466666666667,42374.033333333333,35437.428571428571,24851.000000000000,30756977.00,28993771.00,136838,207951,28868.333333333333,37406.666666666667
2025-03-25,31326,26930,14768,13475,13246,10761,-61267.00,1214199.0000,23986966.0000,57858349.00,60291.300000000000,41806.566666666667,40827.000000000000,27915.714285714286,37112598.0000,35837132.00,125687,204355,29153.000000000000,37991.000000000000
2025-03-24,43460,31868,22025,17037,15708,14160,10767187.00,-3362471.00,33224986.00,107905720.00,59694.866666666667,40970.233333333333,37900.714285714286,26505.000000000000,57041379.00,71046537.00,110577,193981,24550.000000000000,32150.000000000000
2025-03-21,37434,27807,18066,16845,13261,13025,-198521.00,1227465.00,24040402.00,28874734.00,59033.800000000000,40240.033333333333,38552.714285714286,26903.142857142857,26061991.00,23955005.00,140791,265069,21654.333333333333,31290.000000000000
2025-03-20,33079,27784,16165,13825,12137,12679,4444283.00,2473050.00,27812867.00,51423430.00,58469.133333333333,39641.133333333333,38708.857142857143,26742.571428571429,33460152.00,35657385.00,135343,260045,19856.000000000000,34254.333333333333
2025-03-19,25937,18059,13249,9496,6656,9652,2794319.00,1461741.00,17197827.00,34131286.00,58321.833333333333,39391.500000000000,42289.571428571429,30026.857142857143,22213120.00,23545698.00,130484,258550,29964.000000000000,48626.333333333333
2025-03-18,34854,19120,15360,16443,9395,7699,-1993046.00,1648587.00,23097683.00,37120756.00,57458.700000000000,38931.100000000000,50939.571428571429,35627.857142857143,28210411.00,24568778.00,129099,247478,30921.666666666667,44667.000000000000
2025-03-17,41972,22389,16562,22551,10494,9611,-2852779.00,-924498.0000,22483538.0000,94194598.00,56746.100000000000,38536.566666666667,56599.428571428571,40619.714285714286,63711931.0000,44349650.0000,122371,234578,33656.666666666667,44675.666666666667
2025-03-14,69053,48383,33995,28942,22193,22120,796557.00,-1384791.00,37234326.00,102243804.00,55417.533333333333,37205.266666666667,51113.142857142857,35631.000000000000,61413436.00,63594784.00,135566,270864,26415.666666666667,33048.666666666667
2025-03-13,22976,21993,10465,11197,9131,10199,-804218.00,1806760.00,63747216.00,20645413.00,55409.833333333333,36614.800000000000,52371.142857142857,34933.714285714286,30093676.00,27098898.00,135572,266584,32767.666666666667,42390.666666666667
2025-03-12,41998,30594,19608,19784,12623,15455,889838.00,-4700295.0000,36247443.0000,56394308.00,54621.366666666667,35749.533333333333,53971.857142857143,33462.142857142857,41057531.0000,47421440.0000,127697,261257,42012.000000000000,60192.666666666667
2025-03-11,34172,26660,16704,14215,10999,13655,2701428.00,850367.00,53136090.00,32519251.00,54015.700000000000,35138.433333333333,59784.285714285714,33831.428571428571,34885855.00,36736916.00,122209,256253,52236.000000000000,75999.000000000000
2025-03-10,51002,41049,23596,22522,17001,20377,8184709.00,-8305722.00,91507771.0000,69218170.00,52924.266666666667,34081.066666666667,62156.142857142857,37166.857142857143,51781110.00,68271541.00,118150,241697,43040.333333333333,69214.666666666667
2025-03-07,95404,58327,44143,42524,26272,27499,3351635.00,1800142.0000,91683610.0000,67392370.00,50407.000000000000,32416.533333333333,70201.857142857143,44428.142857142857,68974730.0000,70526223.00,134476,269910,29302.000000000000,48007.333333333333
2025-03-06,81591,57332,34867,40071,28845,20782,-9569019.00,10701003.0000,182905290.0000,136657963.00,48870.933333333333,30853.766666666667,67021.857142857143,43378.714285714286,124904510.0000,105611948.0000,125861,243604,16955.666666666667,38544.666666666667
2025-03-05,30649,13462,12492,15072,6410,6014,-5596340.00,1529214.00,21150446.00,50765381.00,48250.300000000000,30710.833333333333,69194.571428571429,45746.285714285714,35917173.00,28791619.00,121929,233403,22216.666666666667,53281.333333333333
2025-03-04,31782,17112,14041,14947,7830,7475,389918.00,2186349.00,29656733.00,37088538.00,47819.833333333333,30469.033333333333,74231.714285714286,52505.428571428571,31633811.00,29837380.00,120394,226643,37978.333333333333,65222.333333333333
2025-03-03,53203,20293,23229,22663,9052,9288,-12231.00,216967.00,31076811.0000,90129077.00,46309.600000000000,30035.666666666667,82963.285714285714,61741.857142857143,50026098.0000,49241900.0000,114242,217950,67599.333333333333,98062.666666666667
2025-02-28,74859,29245,35959,31564,12725,14175,391120.00,2948893.00,40594092.00,54073063.00,44110.933333333333,29318.966666666667,77565.714285714286,61247.714285714286,43157644.00,40987841.00,139302,269786,74513.000000000000,92886.666666666667
2025-02-27,67605,64397,27797,34197,27359,32400,-5912165.00,8745546.0000,253496420.0000,62346123.00,42090.533333333333,27387.400000000000,75403.571428571429,56259.571428571429,143747132.0000,140472301.0000,143247,257115,63059.000000000000,85637.666666666667
2025-02-26,151724,109156,70099,70512,48281,51081,4335638.00,-286020.0000,279662291.0000,317025683.00,37289.700000000000,24071.000000000000,73622.000000000000,52562.142857142857,265557617.0000,271166671.0000,135286,215566,48149.000000000000,57410.333333333333
2025-02-25,59331,49986,22401,29503,24534,22417,1083583.0000,4237706.0000,95875931.0000,102934267.0000,35930.233333333333,22985.400000000000,89867.571428571429,64830.000000000000,85023168.0000,82884045.0000,117377,199689,59803.000000000000,75741.333333333333
2025-02-24,45858,30035,19899,22278,13474,14135,-103400.0000,-278773.00,42075162.00,68490460.0000,34748.833333333333,22447.266666666667,91386.285714285714,66203.000000000000,50875147.00,51050520.0000,107816,183741,58386.666666666667,72814.000000000000
2025-02-21,67042,64426,26474,36222,31048,27348,-9512099.0000,614341.00,76375311.00,99241069.0000,33296.100000000000,21503.833333333333,84876.142857142857,59259.142857142857,84583240.0000,77398300.0000,153190,240577,46738.000000000000,67956.666666666667
2025-02-20,114324,84948,45179,59390,40003,36929,-20443073.0000,2327677.0000,110994300.0000,219823198.0000,29913.800000000000,19192.933333333333,71347.142857142857,48538.857142857143,165128899.0000,139459289.0000,134858,216579,46180.000000000000,76266.333333333333
2025-02-19,37076,25786,15111,17809,11879,10931,396922.0000,-421996.00,32949563.00,100115337.0000,29164.366666666667,18967.333333333333,69703.000000000000,45823.428571428571,55115460.0000,57636780.0000,127110,210183,82871.666666666667,121591.000000000000
2025-02-18,52470,29480,18574,30319,13255,11547,-30895643.0000,2518227.00,29799084.00,162032155.0000,27909.533333333333,18420.566666666667,64721.857142857143,42455.000000000000,106623930.0000,70935779.0000,115613,194256,86260.333333333333,122930.666666666667
2025-02-14,139253,83274,65990,61917,37440,38379,8996905.0000,102147.0000,48220978.0000,287681888.0000,23515.266666666667,15937.200000000000,47134.142857142857,31961.142857142857,146610424.0000,155617182.0000,151856,224895,63775.333333333333,83670.000000000000
2025-02-13,173050,135861,77774,80371,67335,56053,15400751.0000,6336094.00,111333495.00,642414939.0000,18124.933333333333,11644.066666666667,25486.714285714286,14062.428571428571,333236789.0000,345163910.0000,119637,197528,21790.333333333333,32527.000000000000
2025-02-12,56489,39646,23285,26510,17273,16508,4647401.0000,787026.00,45843467.00,113049907.0000,16671.600000000000,10673.866666666667,18696.857142857143,9157.0000000000000000,67979892.0000,71282767.00,99874,170480,10834.3333333333333333,22219.666666666667
2025-02-11,21471,15819,8252,9561,6656,7375,-6249730.00,-371954.00,27242525.00,80629891.00,16259.600000000000,10561.600000000000,18571.571428571429,8404.7142857142857143,51413961.00,45607685.00,91192,162138,7528.3333333333333333,20930.000000000000
2025-02-10,19621,9906,7946,10229,3801,4993,-2171356.00,-2606189.00,17118780.00,47235643.00,15807.833333333333,10346.333333333333,19939.428571428571,8195.8571428571428571,29398015.00,29832848.00,85331,153047,7498.6666666666666667,19769.333333333333
2025-02-07,25567,6778,13011,10725,3043,2678,3968622.00,-537703.00,10372025.00,47204491.00,15284.900000000000,10272.4000000000000000,19536.285714285714,7838.8571428571428571,23726488.00,28615213.00,92398,157393,8762.6666666666666667,18419.666666666667
2025-02-06,17602,5901,7904,8036,2174,2980,-1082893.00,-1405795.00,8592598.00,30317156.00,15445.533333333333,10730.933333333333,19642.285714285714,7658.1428571428571429,16670716.00,16993618.00,91304,154058,8565.0000000000000000,15539.000000000000
2025-02-05,16139,9817,7644,7141,4897,4203,2778135.00,8819593.00,22366412.00,40707787.00,15368.200000000000,11398.266666666667,19622.714285714286,7445.2857142857142857,33316001.00,27274543.00,87656,148306,8810.3333333333333333,17024.000000000000
2025-02-04,21518,10570,10649,9401,4294,5204,3149414.00,1068040.00,16554523.00,52851438.00,15292.700000000000,11470.366666666667,19157.142857142857,7267.8571428571428571,31557046.00,33493420.00,83080,141725,8101.6666666666666667,19583.333333333333
2025-02-03,8960,5308,3651,4543,2072,2567,-51951.00,-142184.00,7300902.00,18575527.00,15731.133333333333,11863.700000000000,20718.000000000000,7708.2857142857142857,11728088.00,11818321.00,80766,139066,7758.6666666666666667,24178.333333333333
2025-01-31,20594,10553,8940,9136,4726,4765,2714861.00,-1835686.00,10363943.00,33435117.00,15957.800000000000,11991.766666666667,22848.714285714286,7693.4285714285714286,18841764.00,22195061.00,88885,151136,5786.3333333333333333,23428.333333333333
2025-01-30,29196,8444,12930,14562,3475,3800,-3225534.00,-421737.00,6898071.00,33090382.00,16282.033333333333,12904.233333333333,20396.428571428571,7797.7142857142857143,19860645.00,17056848.00,87236,150997,5747.3333333333333333,19030.333333333333
2025-01-29,22745,4279,10747,10217,1693,2195,1408994.00,426636.00,5013316.00,46256359.00,16289.566666666667,13494.100000000000,19842.571428571429,8594.7142857142857143,23212051.00,24194409.00,85621,145828,7430.3333333333333333,17535.000000000000
2025-01-28,18344,4636,9242,7825,1778,2153,1446456.00,118169.00,6491311.00,32492346.00,16863.466666666667,14157.533333333333,18350.000000000000,8974.1428571428571429,17181545.00,18509832.00,84076,140818,8682.0000000000000000,18049.000000000000
2025-01-27,16002,8327,6709,7551,4384,3328,-169001.00,1201061.00,9373870.00,28575665.00,17525.733333333333,15215.033333333333,17335.285714285714,8890.8571428571428571,18534541.00,17164479.00,81233,139838,9389.3333333333333333,24551.333333333333
2025-01-24,18259,9328,8201,8530,4396,3905,1952679.00,556879.00,7046576.00,23694441.00,19384.533333333333,16980.400000000000,15725.857142857143,8479.7142857142857143,13412021.00,14807821.00,85645,147977,9338.0000000000000000,22475.000000000000
2025-01-23,19886,8391,7674,10591,3512,3811,-423484.00,-606448.00,8687821.00,24300116.00,21983.566666666667,18611.066666666667,13984.857142857143,8661.5714285714285714,15293329.00,15476293.00,83033,144124,9827.0000000000000000,22135.666666666667
2025-01-22,35509,10449,17340,15112,3951,5257,1678849.00,-389644.00,11858330.00,49997642.00,22239.933333333333,19184.933333333333,11561.714285714286,9657.1428571428571429,27257727.00,29326220.00,79801,132521,8774.6666666666666667,12931.3333333333333333
2025-01-21,12030,9174,4604,6849,4037,4299,181298.00,722531.00,7125040.00,18344911.00,22650.866666666667,19493.566666666667,11331.1428571428571429,10331.0000000000000000,12121222.00,11579989.00,77730,127668,8298.0000000000000000,11887.6666666666666667
2025-01-17,18868,9858,8506,8893,3793,4731,-662020.0000,-131394.00,8869211.00,42624952.0000,23397.066666666667,19748.333333333333,11987.142857142857,14083.142857142857,24511274.00,24188314.0000,136350,199752,7162.0000000000000000,7929.3333333333333333
2025-01-16,7896,7292,3323,3749,3792,2998,-1918008.00,3207174.00,13720471.00,15091926.00,23438.933333333333,19729.000000000000,12695.571428571429,15273.000000000000,17493502.00,9926720.00,135149,198528,7952.6666666666666667,7863.6666666666666667
2025-01-15,8899,7744,3979,3888,2656,4259,-1685327.00,-1029741.00,6278117.00,16032375.00,23582.766666666667,19763.433333333333,13509.000000000000,16883.571428571429,10534704.00,9879118.00,133564,196769,11177.3333333333333333,11079.6666666666666667
2025-01-14,6993,6450,3566,2863,2804,2773,2418843.00,671385.00,5831983.00,13975997.00,23930.733333333333,19853.800000000000,14627.857142857143,17830.285714285714,8360616.00,10108074.00,132602,195439,13657.666666666667,12220.6666666666666667
2025-01-13,7699,9664,3755,3286,4765,4344,1075299.00,1059753.00,12342490.00,12962690.00,24168.000000000000,19805.133333333333,14588.714285714286,17703.000000000000,11851792.00,11867338.00,132164,194812,22477.333333333333,17474.333333333333
2025-01-10,18547,17418,9416,7833,6871,8466,3763183.00,-500693.00,16114038.00,35479219.00,24172.400000000000,19644.466666666667,13559.142857142857,16224.285714285714,21309758.00,25573634.00,139541,200520,21878.333333333333,15577.000000000000
2025-01-08,10416,13891,4441,5327,6234,6269,2255226.00,-634645.00,11028529.00,21720362.00,24830.033333333333,19753.133333333333,13912.428571428571,15745.571428571429,14087365.00,17004236.00,136749,199423,23587.333333333333,16969.333333333333
2025-01-07,23460,36123,9478,11780,17210,15707,1676347.00,3025252.00,37165635.00,39587891.00,24669.566666666667,18966.133333333333,11862.571428571429,12363.857142857143,33919498.00,34822633.00,130070,193972,15905.333333333333,14091.000000000000
2025-01-06,12855,15621,5006,6995,7513,5611,-2722941.00,624834.00,10869255.00,19239465.00,26014.633333333333,19303.066666666667,10893.0000000000000000,10624.8571428571428571,15358455.00,12010680.00,125025,190770,13622.666666666667,12281.0000000000000000
2025-01-03,14593,19018,7575,5986,7420,8394,3200261.00,-2329090.00,12989639.00,17841568.00,26660.900000000000,19356.200000000000,10219.5714285714285714,8559.4285714285714286,11021603.00,16550954.00,130142,197913,9639.0000000000000000,11196.6666666666666667
2025-01-02,14825,13077,6642,6966,5556,5415,1377195.00,-716748.00,8840397.00,35494958.00,26789.333333333333,19403.000000000000,11304.7142857142857143,9499.4285714285714286,19750786.00,21844729.00,128338,194571,8793.3333333333333333,10551.3333333333333333
2024-12-31,7425,8773,3148,3516,3825,3979,2329327.00,-290993.00,8452999.00,18015112.00,27441.500000000000,19733.966666666667,12218.142857142857,12508.571428571429,10894433.00,13514753.00,126859,193813,10019.3333333333333333,11113.3333333333333333
2024-12-30,11340,7067,3732,6795,2258,3222,-453067.00,-322318.00,7522759.00,28628236.00,28390.833333333333,20047.366666666667,13348.571428571429,13318.000000000000,15554124.00,15397671.00,125166,190563,8813.0000000000000000,9356.0000000000000000
2024-12-27,12889,10540,4897,6585,4619,4340,1050126.00,258331.00,6976256.00,15625089.00,28918.000000000000,19949.300000000000,14666.285714285714,14256.285714285714,9750025.00,10541820.00,131709,201134,6819.6666666666666667,8352.6666666666666667
2024-12-26,9111,12451,4024,4135,3860,4742,-1637857.0000,-1764514.00,9506357.00,28657201.0000,29192.800000000000,19847.166666666667,17278.142857142857,14534.000000000000,16403433.0000,16530090.00,125187,199095,9221.6666666666666667,12789.3333333333333333
2024-12-24,6068,3448,2571,3073,1545,1558,3482288.00,502036.00,3440314.00,27322470.00,30157.533333333333,20628.833333333333,21971.714285714286,19158.285714285714,13247256.00,16429108.00,124778,197478,18018.000000000000,15373.000000000000
2024-12-23,9879,4560,4040,5179,1529,2296,2177922.00,-143820.00,4072844.00,19215379.00,32213.400000000000,22078.000000000000,23842.000000000000,21646.142857142857,9793218.00,12114960.00,123475,194049,20742.333333333333,18497.666666666667
2024-12-20,22421,19657,11087,9327,8636,8964,7664627.00,-462300.00,7618032.00,44201141.00,33096.600000000000,22939.033333333333,25719.142857142857,22343.571428571429,19383543.00,27510470.00,156325,225768,19892.666666666667,18395.000000000000
2024-12-19,13819,29837,5535,7092,12901,13374,-5220956.00,22250.00,22482657.00,19768856.00,33203.700000000000,22641.733333333333,28869.285714285714,23802.857142857143,21540622.00,16297416.00,159163,225523,14745.333333333333,22920.000000000000
2024-12-18,19253,12733,6826,11018,5857,6110,-17131285.00,-213389.00,11497783.00,42186564.00,32942.866666666667,22359.166666666667,36693.571428571429,30882.285714285714,33942669.00,17024773.00,156085,223477,22440.333333333333,29476.666666666667
2024-12-17,22113,17108,7581,13622,8596,7168,-6246484.00,3330663.00,12683538.00,26471958.00,32381.266666666667,21908.033333333333,47514.142857142857,36625.571428571429,22620509.00,13043362.00,152243,215217,24062.666666666667,29762.666666666667
2024-12-16,27394,14395,14609,10396,5847,6723,3701497.00,-990960.00,13273650.00,39783396.00,31701.900000000000,21576.166666666667,49772.142857142857,38521.285714285714,21696472.00,26656929.00,151033,210074,27444.000000000000,32485.000000000000
2024-12-13,38923,35818,16475,18477,16377,15331,-8484770.00,2171287.00,34662624.00,54418429.00,30646.766666666667,20582.800000000000,47691.428571428571,36037.714285714286,46197900.00,36481843.00,158093,226847,28855.333333333333,31467.333333333333
2024-12-12,22971,21975,9542,11242,9817,9886,-2973325.00,9085036.00,35300067.00,30647573.00,30091.033333333333,19948.300000000000,50303.285714285714,35398.571428571429,36839288.00,24351727.00,156014,220044,42293.333333333333,48484.666666666667
2024-12-11,35561,24539,17308,14361,9941,11350,6084840.00,-2525435.00,26196754.00,47793749.00,29276.566666666667,19278.333333333333,46530.571428571429,32851.857142857143,28211299.00,36821574.00,154091,211900,53217.333333333333,69250.000000000000
2024-12-10,35870,40052,15589,17782,18998,17608,-3677601.00,-1028979.00,42579602.00,58502628.00,28266.400000000000,18091.933333333333,43294.000000000000,28384.000000000000,48401816.00,45755694.00,149189,206224,49088.333333333333,71693.333333333333
2024-12-09,74023,62289,31058,35778,27425,26993,-4538988.0000,8307565.00,77940290.00,115077207.0000,25984.566666666667,16123.266666666667,35209.571428571429,20794.285714285714,93454415.0000,80607862.0000,132619,185915,34469.666666666667,55138.333333333333
2024-12-06,97857,57311,46069,43411,26650,25363,-8468697.0000,4418878.00,70654562.00,281858271.0000,22911.166666666667,14388.833333333333,23346.714285714286,13779.000000000000,166083702.00,153100856.0000,139436,195553,21199.666666666667,36270.666666666667
2024-12-05,43200,27665,16422,19858,11087,13215,-10354204,1118009,36799849,128607091,21936.600000000000,13873.266666666667,19843.714285714286,11626.571428571429,78391034,65195321,127806,177695,14215.333333333333,24921.333333333333
2024-12-04,24358,18433,10278,11692,7006,9265,-2238054,-30056,22570283,60954824,21471.266666666667,13525.633333333333,20670.428571428571,11443.428571428571,40908365,36856067,117952,168917,10996.6666666666666667,21206.666666666667
2024-12-03,41254,17501,20662,16711,6258,9305,1865348,-1184272,24655702,88683681,21128.833333333333,13541.800000000000,17440.714285714286,10730.8571428571428571,51571194,52628224,108913,154740,8216.6666666666666667,13266.0000000000000000
2024-12-02,9152,6712,4215,4021,3002,3284,518690,-406648,5488708,22094958,20981.666666666667,13565.300000000000,23734.285714285714,13447.571428571429,11941839,12711177,106186,151608,8714.0000000000000000,15154.333333333333
2024-11-29,13214,8777,6118,6079,3808,4087,-4997306,-381265,5106365,24674949,20729.033333333333,13455.966666666667,26701.000000000000,15138.285714285714,16342195,11726154,117859,166281,9987.6666666666666667,16976.000000000000
2024-11-27,17432,9161,7527,7400,4569,3752,1390512,244810,8330734,23378727,20329.566666666667,13375.666666666667,26879.000000000000,15898.285714285714,13754117,14924819,115153,163145,12651.0000000000000000,21213.666666666667
2024-11-26,14817,8204,6781,5833,2992,4273,2454070,-1270539,7690892,45212894,20081.966666666667,13368.200000000000,28618.000000000000,17398.000000000000,19157486,22991695,111649,157778,14087.333333333333,22490.000000000000
2024-11-25,18679,12598,7287,9581,5660,5055,-7262160,-424911,13273925,37631249,19715.733333333333,13357.100000000000,31638.142857142857,17951.000000000000,26894874,20057625,105602,148431,18464.333333333333,33999.333333333333
2024-11-22,30145,17151,14499,12870,7042,8519,-1120366,-611975,9543427,55760035,18970.166666666667,13131.466666666667,31432.285714285714,16586.285714285714,30040379,29531988,122102,159035,19618.000000000000,35278.000000000000
2024-11-21,18646,12513,7541,9599,6095,5087,-1840535,882462,8316624,26135757,18462.433333333333,13005.700000000000,31247.857142857143,16139.714285714286,16838479,14115482,119744,157488,20274.000000000000,35288.666666666667
2024-11-20,53207,25729,25927,21587,12113,10476,4330885,-688780,17436873,83140796,16836.233333333333,12442.633333333333,28648.285714285714,16306.714285714286,43239897,49567392,112958,146949,17931.666666666667,26549.666666666667
2024-11-19,33981,20612,17567,13500,6801,10979,-12160768,-3395094,15615744,72840686,15990.500000000000,11989.933333333333,34016.000000000000,20224.285714285714,45572357,36806683,105334,141646,16550.666666666667,28496.000000000000
2024-11-18,18678,14481,7604,9722,5686,7058,-3698063,-690117,11386558,26520887,15672.300000000000,11787.433333333333,38335.857142857143,24653.857142857143,18994628,15986682,98985,136883,14256.333333333333,31838.000000000000
2024-11-15,26990,18702,12683,11654,9342,7522,7314026,-925494,10662735,47637221,15208.800000000000,11391.266666666667,36913.285714285714,24970.428571428571,22670028,30909548,133711,170498,11151.3333333333333333,28626.333333333333
2024-11-14,39820,16469,21402,15402,8034,6667,40675024,-383422,14595800,87078184,14174.933333333333,11057.400000000000,32857.285714285714,23225.714285714286,26217154,69290800,127369,165240,14627.666666666667,27023.000000000000
2024-11-13,28704,7598,12497,13210,3683,2690,3014250,1092092,6359777,48891156,13388.866666666667,10882.233333333333,29508.857142857143,22650.857142857143,24575035,26497193,125410,160215,28106.666666666667,41306.666666666667
2024-11-12,17355,9387,6502,7411,3565,4117,38491,-274974,6980339,22399655,13093.500000000000,10787.233333333333,28031.428571428571,21944.000000000000,11985002,12298467,122647,158380,40140.333333333333,51827.333333333333
2024-11-11,35010,26898,12757,14600,11481,9492,-641196,1645931,15502384,73981030,12067.933333333333,10036.2333333333333333,24068.428571428571,18961.000000000000,35344163,33057036,113774,145175,38147.000000000000,45834.666666666667
2024-11-08,71555,48035,36875,28248,19715,22554,4618684,-2815572,31361280,100492467,9833.8666666666666667,8607.6333333333333333,14746.142857142857,12518.857142857143,54797843,61059099,116096,132439,23554.000000000000,25792.333333333333
2024-11-07,48917,45488,22822,21407,19932,20868,1278652,110735,24309985,140162061,8388.6000000000000000,7404.5000000000000000,9347.5714285714285714,6654.8571428571428571,74733242,75901159,96397,132429,9582.6666666666666667,11241.6666666666666667
2024-11-06,17032,20918,7474,7656,8165,10431,-64286,-426428,7879372,18315426,8057.2000000000000000,6924.4333333333333333,7709.4285714285714286,4303.7142857142857143,11277298,11639440,86846,126911,4089.6666666666666667,7902.0000000000000000
2024-11-05,11428,4256,4413,5944,1515,1931,-217231,-1311569,3108724,6185075,8049.9666666666666667,6999.2666666666666667,6872.2857142857142857,4157.0000000000000000,3430553,4524891,83882,119610,4676.6666666666666667,6515.6666666666666667
2024-11-04,5265,3574,1974,2782,1067,2114,712456,217379,3365075,9527679,8083.6666666666666667,7056.7000000000000000,6928.0000000000000000,4400.4285714285714286,5523521,6018598,81496,117250,4465.3333333333333333,6860.3333333333333333
2024-11-01,7013,4439,2115,4122,2157,1778,-1261164,629140,2560312,9539466,8199.0000000000000000,7204.0000000000000000,7920.8571428571428571,5508.8571428571428571,6319721,4429417,87660,132968,4465.6666666666666667,8231.6666666666666667
2024-10-31,7269,6017,3494,2809,2867,2367,3503589,514757,4359876,12229100,8396.5333333333333333,7415.2666666666666667,8367.8571428571428571,5792.7142857142857143,6000097,8988929,85048,132068,3946.6666666666666667,7663.6666666666666667
2024-10-30,6299,2940,2437,2988,1205,1391,83113,-31975,1252079,12763201,8813.6333333333333333,7955.5666666666666667,11893.857142857143,7942.1428571428571429,6114766,6229854,84011,131411,4043.0000000000000000,7420.0000000000000000
2024-10-29,11127,4440,5823,3571,1774,1991,2965673,52777,2004796,17033936,9584.0333333333333333,8603.9666666666666667,10981.0000000000000000,8367.4285714285714286,6998283,9911179,82066,127751,4322.3333333333333333,5596.0000000000000000
2024-10-28,5565,4460,2521,1891,1461,2147,755408,-582524,2152165,6260760,10041.1666666666666667,8923.5333333333333333,10991.0000000000000000,8515.5714285714285714,2790934,4128866,79571,125493,6901.6666666666666667,8395.3333333333333333
2024-10-25,5568,3229,2272,2445,1288,1448,-464600,-211111,1330368,5621952,11380.800000000000,9434.6666666666666667,10973.8571428571428571,9018.8571428571428571,3160852,2907363,89903,131605,8493.3333333333333333,10005.3333333333333333
2024-10-24,5655,5278,1673,3178,2477,2141,42720,312911,1989032,4737413,12282.633333333333,9658.6333333333333333,11221.5714285714285714,9404.8571428571428571,2849093,2578902,88067,131111,12729.3333333333333333,18447.333333333333
2024-10-23,13963,12198,5411,6658,5200,5639,-1165144,294042,5217937,14139974,12649.766666666667,9501.7000000000000000,10325.7142857142857143,9414.4285714285714286,9314216,7855030,85494,127593,11135.6666666666666667,15372.000000000000
2024-10-22,10398,8004,4055,5155,3916,2969,-1543892,644832,3665057,9064918,12379.066666666667,9273.1666666666666667,9951.4285714285714286,9754.1428571428571429,6635632,4446908,81300,126569,10300.0000000000000000,13784.333333333333
2024-10-21,30981,17986,13363,15105,7362,8353,864517,-641123,6234941,21670717,11460.300000000000,8718.3333333333333333,6013.2857142857142857,8433.2857142857142857,11782919,13288559,71027,114584,6555.3333333333333333,5273.3333333333333333
2024-10-18,4737,7417,2096,2115,2757,3972,-54601,-347205,2752581,6450846,11558.300000000000,8616.5333333333333333,5968.1428571428571429,8636.1428571428571429,3883384,4175988,88950,135136,6743.0000000000000000,6157.3333333333333333
2024-10-17,5635,5497,1676,3070,2538,2388,-1714862,-97149,4568792,9677049,11443.300000000000,8495.1333333333333333,6393.0000000000000000,8855.2857142857142857,7363572,5745859,85754,133484,8999.0000000000000000,6843.0000000000000000
2024-10-16,5448,6752,2408,2560,3421,2745,-255303,131373,2559518,6431017,11404.466666666667,8326.4333333333333333,6919.2857142857142857,9091.5714285714285714,4430723,4044047,84505,132022,10209.0000000000000000,7619.6666666666666667
2024-10-15,7389,7980,1301,5706,4046,3306,-2386133,1122985,3827254,5289287,11315.200000000000,8198.5333333333333333,7733.0000000000000000,8925.4285714285714286,6077242,2568124,83651,126944,10462.3333333333333333,6294.6666666666666667
2024-10-14,7692,12265,3071,2597,4960,5953,-397101,-172982,3008544,8093252,11305.933333333333,7889.2333333333333333,7891.8571428571428571,8095.1428571428571429,4364035,4139916,80050,123311,9319.6666666666666667,5204.3333333333333333
2024-10-11,7778,10382,2669,4122,4124,5129,-1259859,-86676,3502771,9532092,11413.466666666667,7617.7000000000000000,7512.4285714285714286,6946.7142857142857143,6502013,5328830,84836,132132,8202.6666666666666667,5481.3333333333333333
2024-10-10,3414,8740,1056,1916,2981,4117,-1015422,210609,3162848,4528684,11416.933333333333,7375.8666666666666667,8238.1428571428571429,6632.0000000000000000,3944569,2718538,83487,131677,8091.3333333333333333,7387.3333333333333333
2024-10-09,4421,8837,1762,2003,4695,3175,-99898,670236,2434501,5762753,11437.266666666667,7115.9333333333333333,8212.7142857142857143,5993.5714285714285714,3975419,3205285,80547,130956,7418.0000000000000000,10275.3333333333333333
2024-10-08,8609,7031,3402,2843,3049,2775,1215891,307834,1938607,10179317,11643.766666666667,6978.6666666666666667,7630.4285714285714286,5728.7142857142857143,4229786,5137843,74961,127538,7225.3333333333333333,10340.3333333333333333
2024-10-07,9132,8406,2219,2294,1932,1802,-549682,270596,1781879,8503219,11494.700000000000,6792.8666666666666667,7120.0000000000000000,5869.8571428571428571,3607443,2787165,68730,121708,5204.3333333333333333,9003.6666666666666667
2024-10-04,13085,6817,5884,5209,3471,2264,530278,778690,2873301,12994590,11383.633333333333,6758.5000000000000000,6263.5714285714285714,5826.8571428571428571,7099104,6850692,68881,123687,5111.0000000000000000,7473.3333333333333333
2024-10-03,8804,6453,3486,4096,2106,3348,-1233692,-604982,3610342,9278996,11429.200000000000,6614.1333333333333333,6607.4285714285714286,5833.7142857142857143,6001564,5372854,65962,120324,4416.0000000000000000,5953.0000000000000000
2024-10-02,5122,2343,2877,1749,944,955,220486,241389,1403453,3193864,11604.266666666667,6589.4666666666666667,6772.2857142857142857,6255.7142857142857143,2028715,2007812,65161,118962,5360.6666666666666667,5756.6666666666666667
2024-10-01,8494,6537,1948,4696,1997,4124,-1263677,-1260474,2584418,5110893,11406.933333333333,6438.5333333333333333,7055.0000000000000000,6587.2857142857142857,3509767,3506564,61578,116047,6313.0000000000000000,4778.3333333333333333
2024-09-30,4243,4368,1972,1776,1629,2181,78750,-204007,1113829,2968245,11514.633333333333,6333.2666666666666667,8333.8571428571428571,7728.2857142857142857,1616976,1899733,59335,114567,7029.0000000000000000,5727.3333333333333333
2024-09-27,4533,5177,1723,2130,1447,3217,-653477,-1059945,2274029,3641681,11726.300000000000,6217.3333333333333333,10373.7142857142857143,9724.2857142857142857,2439801,2846269,68002,120248,7470.3333333333333333,7953.3333333333333333
