date,call_volume,put_volume,call_volume_ask_side,call_volume_bid_side,put_volume_ask_side,put_volume_bid_side,net_call_premium,net_put_premium,put_premium,call_premium,avg_30_day_call_volume,avg_30_day_put_volume,avg_7_day_call_volume,avg_7_day_put_volume,bearish_premium,bullish_premium,put_open_interest,call_open_interest,avg_3_day_put_volume,avg_3_day_call_volume
2026-09-25,8392,8669,3319,4221,3058,4772,594645.0000,-2514325.0000,14844616.0000,29174255.0000,7869.5667,9329.3,7178.4286,7769.8571,18154197.0000,22380899.0000,94908,84981,5574.6667,5853.6667
2026-09-24,4315,4680,1675,2293,1684,2454,3850992.0000,-654495.0000,12888404.0000,29406890.0000,7893.4667,9590.9333,7564.5714,8221.8571,17184011.0000,21689498.0000,93481,84268,6913,7115
2026-09-23,5845,6140,2449,3041,2122,3211,-1007050.0000,-2192386.0000,19258993.0000,39679107.0000,8025.6,9780.3333,8648,9249.1429,25730137.0000,26613073.0000,91179,82521,7832.3333,8566.3333
2026-09-22,7401,5904,3231,3111,2375,2842,6694553.0000,-1166791.0000,24769443.0000,56722138.0000,8114.0667,10015.2667,8752.2857,10075.2857,31474681.0000,39336025.0000,89406,79638,10424.6667,8235
2026-09-21,8099,8695,4189,3099,3244,4548,4482484.0000,575587.0000,33378219.0000,37846237.0000,8131.2667,10112.8333,8597.4286,10308.1429,29301894.0000,33208791.0000,86567,75582,9656.6667,8196.3333
2026-09-18,10199,8898,5188,4525,3035,4991,6779111.0000,-7068739.0000,28878171.0000,38454230.0000,8093.9667,10075.1333,8198.2857,10550.1429,24910663.0000,38758513.0000,109476,94925,9305.3333,7136
2026-09-17,6407,13681,2715,3243,6229,6111,2369351.0000,8765824.0000,127753516.0000,25104567.0000,8108.9333,9842.5333,8874.7143,10407.1429,81635853.0000,64829760.0000,107788,93294,9188.6667,9476.6667
2026-09-16,7983,6391,3023,4600,2824,3188,-3456653.0000,3358614.0000,33889833.0000,44227252.0000,8061.4667,9902.5333,9881,11781.7143,39520881.0000,32705614.0000,105829,90531,10954,9526
2026-09-15,7018,7844,3031,3251,3508,3841,4043188.0000,5421505.0000,49096711.0000,55073554.0000,8236.6,9899.1667,10025.1429,12318.2857,48460396.0000,46717079.0000,103536,88410,11781,9525
2026-09-14,13429,13331,5140,7253,5613,6570,-7841132.0000,-6173259.0000,63358357.0000,71989758.0000,8193.7,9824.3667,9147.4286,11407.8571,63549039.0000,60201166.0000,99103,83980,10868,7517
2026-09-11,8131,11687,3535,3996,4725,5719,188865.0000,2093816.0000,49135975.0000,23767437.0000,8365.0667,9762.5333,8706.4286,10849.4286,35075579.0000,33170628.0000,107191,90398,11199,8520.6667
2026-09-10,7015,10325,2684,3653,4457,5201,-837404.0000,2493440.0000,39923626.0000,35413891.0000,8477.6667,9771.0333,8509.7143,10300.8571,37202168.0000,32768924.0000,104016,88964,13095,11191.3333
2026-09-09,7405,10592,2823,4204,4529,5193,1811456.0000,-9035935.0000,44836443.0000,39912287.0000,8656.2333,9872.1,8480.8571,10444.7143,34589744.0000,45407631.0000,100724,87330,13431,11398.6667
2026-09-08,11142,12680,4680,5579,4828,6809,-2705724.0000,721419.0000,40233672.0000,83132671.0000,8818.7333,10120.2667,7924.7143,9630.5714,57800873.0000,54373160.0000,95385,83116,11523.6667,10113
2026-09-04,15027,16013,6613,7341,6769,7960,3942163.0000,500757.0000,45219397.0000,90432107.0000,8620.4667,9958.6667,6519,8033.5714,60571689.0000,64753495.0000,101979,86031,8778.6667,6785.3333
2026-09-03,8027,11600,3252,4221,4900,5923,-296105.0000,-5407438.0000,74264267.0000,45318728.0000,8639.0667,9912.7,6158.8571,7120.5714,53381951.0000,60810084.0000,99021,83627,7073.6667,5989
2026-09-02,7285,6958,3721,3074,2514,3688,5817523.0000,-1517673.0000,20453786.0000,26685554.0000,8641.6667,9909.2667,5812.7143,6889.7143,18272727.0000,25607923.0000,97040,81331,8620.6667,5961.6667
2026-09-01,5044,7778,1785,2851,3387,3755,-282533.0000,-461994.0000,24367538.0000,18547831.0000,8824.8333,9965.5333,6414.7143,6966,18666814.0000,18846275.0000,94894,79841,8355,6696.6667
2026-08-31,5638,6485,2436,2647,2250,3599,2396715.0000,-6825744.0000,19949226.0000,27161777.0000,8903.7333,10173.5667,6620.8571,7096,16815982.0000,26805941.0000,92328,77441,7804.6667,6546.3333
2026-08-28,7203,11599,2704,3906,4920,5835,-1655985.0000,1781377.0000,41107255.0000,43981648.0000,9143.8333,10261.2333,6671,6767.5714,44685725.0000,35397113.0000,96202,82113,5674.6667,5980.6667
2026-08-27,7249,6981,3164,3354,2531,3635,-339297.0000,-7057678.0000,29134299.0000,51923984.0000,9255,10483.2333,7042,8029,33069251.0000,44578632.0000,94322,79649,5128.3333,5185
2026-08-26,5187,4834,2182,2803,1861,2610,2119176.0000,-3754120.0000,31250357.0000,30996198.0000,9685.9,11119.5667,7357.2857,8816.4286,27289207.0000,31968753.0000,92798,78113,6287.6667,6542
2026-08-25,5506,5209,2054,2874,2123,2529,-80116.0000,250000.0000,16722013.0000,23851048.0000,10112.1333,11446.2,7896.5714,9763,18776531.0000,18446415.0000,91373,75377,7016.3333,7067
2026-08-24,4862,5342,1999,2392,2003,2868,757842.0000,-872658.0000,16975519.0000,21335842.0000,10169.8667,11604.5667,8667.1429,10890.2857,16632023.0000,18262523.0000,89421,73557,8335.6667,7964.3333
2026-08-21,9258,8312,3620,5010,2688,4951,-6587607.0000,-4392620.0000,28802718.0000,36060559.0000,10135.2,11616.5667,8063.4286,11492.7143,32490772.0000,28838285.0000,113014,91594,10835.3333,8160.3333
2026-08-20,7081,7395,2562,3729,2882,4112,-4441784.0000,-6356405.0000,28401372.0000,34285988.0000,10252.7,11768.7,8453.1429,12125.1429,28597197.0000,30511818.0000,111688,90613,11819,8264.6667
2026-08-19,7554,9300,3399,3390,3600,4704,-4228012.0000,-5700683.0000,31545175.0000,37314670.0000,10253.8,11741.3667,8810.4286,12646.8571,30644297.0000,32116968.0000,109377,89502,12664,8840.3333
2026-08-18,9846,15811,4271,4994,5825,8787,379412.0000,-1850081.0000,51344849.0000,50541534.0000,10226.7333,11493.6,8634.5714,12048.4286,47034125.0000,49263618.0000,103917,87287,11804.6667,8977
2026-08-17,7394,10346,2820,4003,4379,5180,-7920744.0000,-2621540.0000,23961430.0000,58400746.0000,10231.3333,11383.2667,8875.4286,11680,40502050.0000,35202846.0000,100967,84533,12532.3333,8189.6667
2026-08-14,9281,11835,2910,5845,3939,6599,-9047890.0000,-6081476.0000,25396272.0000,50478449.0000,10316.9,11410.7,8529,10946.8571,37992873.0000,34224203.0000,113032,92324,12528,8365.6667
2026-08-13,10256,13233,4196,4594,4407,7861,4782841.0000,-2479066.0000,19586360.0000,78259903.0000,10369.1333,11298.7,8000.8571,10226.5714,41022257.0000,48517886.0000,107414,89487,12434.3333,8298.6667
2026-08-12,5032,12529,1938,2654,4233,7580,-1850263.0000,1233279.0000,31813209.0000,46793668.0000,10824.4667,11310.0333,9035.1429,9542.8571,37074637.0000,37134845.0000,101388,88315,12132,9493
2026-08-11,9809,11822,4001,4946,5048,5916,-338241.0000,4845366.0000,38208664.0000,58345892.0000,10772.6333,11289.8,9368.4286,9437.8571,45166414.0000,42397807.0000,97773,84250,10780.3333,9250
2026-08-10,10055,12952,3501,4356,5658,6445,-11167445.0000,1311296.0000,52189548.0000,285585542.0000,10676.2,11221.2667,9828,8992.1429,143647913.0000,134216672.0000,93184,81092,8697.3333,8183.6667
2026-08-07,8615,11622,3091,4135,4255,6189,-4279608.0000,1411569.0000,49016089.0000,97287236.0000,10626.4667,11132.6,10082,8843.2857,57490411.0000,60258484.0000,101945,90162,7553.6667,7498.3333
2026-08-06,9080,7767,3316,5168,3089,3955,-3760524.0000,-1220018.0000,18953110.0000,97213935.0000,10599.9,11180.9667,10608,9680,56232068.0000,51378062.0000,100018,85951,7545.6667,8562.3333
2026-08-05,6856,6703,2469,4060,2624,3520,-8751371.0000,-5556196.0000,24880524.0000,130523510.0000,10637.2667,11234.4,11916.7143,11597.4286,75627672.0000,72121497.0000,98034,82853,9007,10324.3333
2026-08-04,6559,8191,3320,2627,3367,3652,7031062.0000,-1357939.0000,27039742.0000,110014433.0000,10605,11299.8667,12276.7143,12022.2857,57025167.0000,65414168.0000,95305,80797,9554,12562
2026-08-03,12272,7743,5191,5812,3326,3852,-25895077.0000,3170537.0000,32014017.0000,461658421.0000,10545.3333,11430.2333,11750,12376.2857,229519077.0000,199982101.0000,91315,76294,10499.6667,11935.6667
2026-07-31,12142,11087,4997,6278,4144,6133,-4254087.0000,-3218319.0000,33524560.0000,341691555.0000,10527.1333,11576.8333,11067.2857,11771.7143,164384327.0000,165070638.0000,101164,83882,11345.3333,12142.3333
2026-07-30,13272,9832,5435,6003,3915,4710,2668022.0000,2731488.0000,44362394.0000,181993153.0000,10336.8667,11493.1667,10676.8571,11719.4286,96876008.0000,93578254.0000,99087,79438,14776.3333,13057.3333
2026-07-29,10393,10580,4478,5132,3576,5921,17518655.0000,-8838933.0000,100951397.0000,104583663.0000,10335.6333,11478.3,10335.7143,12026,76274886.0000,116669974.0000,94977,75413,14971.3333,12619.3333
2026-07-28,12762,13624,5273,6651,5865,6649,-5331302.0000,-3077500.0000,87350406.0000,61287922.0000,10507.1333,11487.4667,10570.5714,12112.4286,68411560.0000,67528278.0000,89994,69830,13837,11227
2026-07-27,16017,20125,6670,8292,8751,9502,-1165727.0000,-16231304.0000,108547760.0000,113549370.0000,11182.4,11360.7,9794.4286,11186.1429,94203704.0000,109269281.0000,82978,65193,9413.6667,8342.3333
2026-07-24,9079,11165,3743,4157,4720,5042,1181399.0000,344093.0000,36961947.0000,33429843.0000,11615.8333,11292,11085.1429,13008.8571,31173256.0000,32021284.0000,97609,74797,8847.3333,8829
2026-07-23,8585,10221,3326,4425,4357,5125,-3967132.0000,1236030.0000,34841516.0000,40659303.0000,11923.9667,11484.5333,12472,13692.7143,39007753.0000,33804591.0000,93992,72423,9682.3333,8635.6667
2026-07-22,7363,6855,2931,3052,2767,3291,2025322.0000,1412545.0000,27172038.0000,20158580.0000,12241.4,11514.7667,12362.1429,14155.2857,21743903.0000,22356680.0000,91897,70975,12140.3333,10983.3333
2026-07-21,10539,9466,5551,3803,3331,5352,21595684.0000,996282.0000,27828865.0000,72249285.0000,12307.4333,11605.2,12030.5714,14041.8571,34859814.0000,58486156.0000,86771,66611,13532,10998.3333
2026-07-20,8005,12726,3102,4099,6004,5734,-2163979.0000,5121811.0000,33554214.0000,45956552.0000,12379.8,11477.0333,12402.1429,13932.2857,40659623.0000,32896083.0000,78782,64604,17264.6667,14368
2026-07-17,14406,14229,6638,6324,5940,6993,5953118.0000,5507943.0000,50737494.0000,79879479.0000,12214.9333,11449.4,11428,13111,58921094.0000,59366269.0000,105807,82225,17524.3333,15663.6667
2026-07-16,10584,13641,4330,5582,6054,6542,674606.0000,-460623.0000,43346597.0000,48668512.0000,12270.3,11422.1,11206.5714,12359.1429,41133665.0000,44164394.0000,103094,80418,16341.6667,14333.6667
2026-07-15,18114,23924,7908,8870,8808,13488,5253240.0000,-4604095.0000,65001063.0000,95229081.0000,12135.3333,10938.6333,9694.8571,9946.5714,71459277.0000,81318367.0000,100323,77782,11257.6667,11035
2026-07-14,18293,15008,7788,8551,5672,7606,-2405256.0000,826348.0000,52779193.0000,117118372.0000,11965.0667,10859.4667,8774.1429,9610.8571,78997542.0000,74237938.0000,92954,71870,10241.3333,8472.6667
2026-07-13,6594,10093,2168,3576,4239,4806,-5556348.0000,2506757.0000,48955707.0000,41649119.0000,11950.4667,10845.9333,9521.1429,9579.4286,43023033.0000,37739928.0000,88466,69660,9703.6667,8803.6667
2026-07-10,8218,8672,3112,4137,3062,4901,-3556263.0000,-3184982.0000,35642636.0000,35902300.0000,11977.7667,10848.4333,11017.4286,10179,31877021.0000,32390740.0000,103358,79407,9605.6667,9075.6667
2026-07-09,10606,11959,4197,5223,4237,6545,-1869984.0000,-450562.0000,38727601.0000,58320602.0000,11974.9667,10786.0333,10681.4286,10072.7143,44760460.0000,43341038.0000,98832,77431,7964.6667,8051
2026-07-08,7587,8480,3181,3672,3140,4504,2745595.0000,4370805.0000,41694852.0000,43038563.0000,12220.2667,11039.7667,10620.7143,10417.8571,39909275.0000,38284065.0000,94609,75639,9357.3333,9471.3333
2026-07-07,9034,8378,3696,4535,3219,4397,-3628316.0000,3121221.0000,37498696.0000,56032204.0000,12330.4333,11195.7667,10347.7143,10501.2857,44965321.0000,42315784.0000,90755,73651,9855.6667,10401
2026-07-06,7532,7036,3652,3438,2573,4090,-719204.0000,6100370.0000,38580520.0000,60748048.0000,12517.9667,11321,10455,10813,45896316.0000,47950492.0000,86821,71862,11800,14121
2026-07-02,11848,12658,4791,6334,5631,6022,-3252106.0000,-320220.0000,50757765.0000,56736154.0000,12553.3,11235.2,9902,10191.2857,51341590.0000,48509904.0000,101267,77254,11319,12923
2026-07-01,11823,9873,4755,6054,3973,4819,-6975275.0000,2376519.0000,45988678.0000,77595584.0000,12316.4,11362.0333,9011.7143,10231.5714,57268838.0000,57362044.0000,96665,73693,11660,11369.3333
2026-06-30,18692,12869,8319,9249,4475,6924,-5564182.0000,-2936861.0000,55996790.0000,143940671.0000,12121.2333,11462.0667,7838.8571,10058,91626756.0000,97874185.0000,92059,67773,10357.6667,7513
2026-06-29,8254,11215,3199,4203,4701,5735,2864780.0000,18173020.0000,48643185.0000,63571853.0000,12161.3333,11360.4667,8316.2857,10668,59385234.0000,43036994.0000,86012,63944,9692,7522.6667
2026-06-26,7162,10896,3028,3540,5354,4829,-6115372.0000,-1302492.0000,26715531.0000,40525583.0000,12526.0667,11348.2,8373.7143,10157.4286,33091997.0000,28279117.0000,96796,73574,8828.6667,7794.3333
2026-06-25,7123,8962,2925,3640,4524,3671,-366819.0000,11099051.0000,34028725.0000,53793498.0000,12613.9,11392.0333,8835.5714,10324.8571,46979764.0000,35513894.0000,93085,72083,9226.3333,7283.6667
2026-06-24,8283,9218,3241,4046,4124,4341,-5471735.0000,12332222.0000,38628714.0000,55425804.0000,12764.0667,11505.6333,10210.4286,10993.5714,51920315.0000,34854858.0000,88786,68744,10038.3333,8016.6667
2026-06-23,7977,8306,3177,3919,3163,4423,-4190461.0000,102314.0000,43974838.0000,71110758.0000,13262.6333,11805.0667,14253,12138.7143,54128878.0000,49836103.0000,85604,65837,12431.3333,9223
2026-06-22,5591,10155,2110,3068,4113,5345,195647.0000,3702171.0000,30063380.0000,58550327.0000,13342.6333,11825.2667,16608.8571,11988.5714,42814258.0000,39027134.0000,78890,63455,11487,9880.6667
2026-06-18,10482,11654,3901,5459,4905,5528,-10173137.0000,562314.0000,20985217.0000,88189518.0000,13561.3667,12041.7333,17658.4286,12609,58291188.0000,41305737.0000,120847,90494,10980.3333,9838.6667
2026-06-17,11596,15485,5136,5695,7113,6716,-2857296.0000,4692483.0000,43583886.0000,96486238.0000,13474.7667,11799.5667,18414.1429,11505.7143,69374994.0000,61825215.0000,114437,88255,10451.6667,11942.3333
2026-06-16,7564,7322,2745,4212,3210,3361,-6242846.0000,4187507.0000,25237645.0000,46997132.0000,13570.9,12182.7,19122.1429,12199.5714,37523035.0000,27092682.0000,111680,86394,13451.6667,21512.6667
2026-06-15,10356,10134,5129,4515,4255,5038,5479865.0000,4391655.0000,26553240.0000,92879137.0000,13455.1667,12083.7,19096.4286,12020.5714,54209006.0000,55297216.0000,107196,83524,13108.3333,25421.3333
2026-06-12,17907,13899,7743,8355,5255,7633,5482098.0000,-802288.0000,42920900.0000,118857048.0000,13164.0333,11861.6333,17889.7143,11949.2857,70796386.0000,79163572.0000,121690,93314,13807.6667,25395.3333
2026-06-11,36275,16322,18131,15054,5848,8595,16092628.0000,-5646629.0000,59686743.0000,176980037.0000,12205.9667,11534.0667,14456.8571,11449.2857,92494610.0000,125379635.0000,116514,85510,10954.3333,18932.3333
2026-06-10,22082,9104,10397,9856,4438,4120,7160280.0000,2954944.0000,29634274.0000,90522853.0000,11760.9333,11593.3333,13311.5714,11494.4286,55317723.0000,56152559.0000,113261,79651,11979.3333,15745
2026-06-09,17829,15997,8708,8012,9391,5833,980259.0000,10526113.0000,40343504.0000,110032418.0000,11366.9667,11409.8667,12648.1429,11013.8571,71642863.0000,67577009.0000,105244,76269,9607.3333,13194
2026-06-08,16886,7762,8106,7564,3298,3531,3767771.0000,-382218.0000,30964456.0000,95156660.0000,11210.7333,11532.9333,11115.2857,11288.8571,53325596.0000,63514585.0000,101850,71438,11486.6667,10718.6667
2026-06-05,12520,12179,5225,6427,5189,5507,-2589910.0000,1910633.0000,30576219.0000,73721165.0000,11093.6333,11473.5667,10617.7143,10798.5714,50799286.0000,46298743.0000,113630,79367,11701,10627
2026-06-04,10176,8881,4754,4249,3505,4418,5731622.0000,-515135.0000,32746981.0000,64401684.0000,11038,11497.7667,10667.1429,10970.8571,42491279.0000,45382036.0000,111236,77383,11880.6667,11923.3333
2026-06-03,9460,13400,4422,4396,6780,5630,1277308.0000,30279451.0000,71322030.0000,76496764.0000,10848.4,11366.4,11450.8571,11355.4286,86441821.0000,55274478.0000,104484,75430,11625,13165
2026-06-02,12245,12822,6516,4785,4297,7391,7998643.0000,1717772.0000,37156046.0000,90198654.0000,10628.1667,11295.4333,11464.2857,11389.1429,58145357.0000,60901228.0000,98025,74084,10580,11135.3333
2026-06-01,14065,9420,6992,5926,4376,4221,4403599.0000,9356164.0000,26108379.0000,51534663.0000,10846.8667,11482.3333,11334.7143,11585.2857,37836246.0000,32883681.0000,93847,69682,10355.6667,9459.3333
2026-05-29,13185,12633,5027,7146,6045,5601,-3335824.0000,8191119.0000,27636364.0000,44569357.0000,11987.9,11600.5333,11295.1429,11221.1429,44600457.0000,23916014.0000,104076,78196,9507,8571.6667
2026-05-28,6156,9687,2492,2942,3528,5356,-2209774.0000,3429230.0000,21924535.0000,26906798.0000,13490.5333,12272.9667,11089.4286,11791.2857,24608526.0000,18969522.0000,100376,76430,11642,11501.6667
2026-05-27,9037,8747,3873,4042,3071,4708,-699185.0000,-2967642.0000,20859691.0000,41313558.0000,13737.1,12574.8,11632.2857,12808.8571,25981756.0000,28250213.0000,96900,73781,13079,12602.3333
2026-05-26,10522,10087,4561,5011,4994,4238,2129503.0000,5059677.0000,34093053.0000,58454464.0000,13640.3667,12671.3,11480.1429,12534.5714,44144108.0000,41213934.0000,92452,70359,13314.3333,13481
2026-05-22,14946,16092,6626,6541,7834,6506,4685251.0000,10731803.0000,38982750.0000,79143894.0000,13637,12590,11931.2857,11739.7143,56267248.0000,50220696.0000,106694,83044,11311.6667,12801.6667
2026-05-21,12339,13058,6104,4619,6022,6008,7036994.0000,1578988.0000,29928480.0000,49077965.0000,13543.3333,12623.3333,11562.5714,11342.4286,33199672.0000,38657678.0000,101450,79669,11518.3333,10260.6667
2026-05-20,13158,10793,5896,5980,4619,5251,4629001.0000,638381.0000,22981396.0000,54687960.0000,13538.2667,12722.3333,11509.7143,11604.2857,34271488.0000,38262108.0000,98872,76464,13210.6667,10153.6667
2026-05-19,12908,10084,5120,6289,5800,3635,961502.0000,17030303.0000,42171985.0000,35108935.0000,13301.9333,12803.4333,12942,12633.5714,43909013.0000,27840212.0000,93312,69767,12571.6667,9003.3333
2026-05-18,4716,13678,1770,2483,6670,6180,-1445891.0000,9625291.0000,41264427.0000,27860326.0000,13426.3667,12569,13409.8571,12216.8571,37558395.0000,26487213.0000,85538,68609,11521.6667,13466
2026-05-15,12837,15870,4653,6756,5799,8655,-7085689.0000,-1717103.0000,25829433.0000,38901223.0000,13319.4,12496,14010.8571,12542.2857,32515305.0000,27214901.0000,114145,87300,9657.3333,12439.6667
2026-05-14,9457,8167,3755,4554,2974,4177,-4223754.0000,392755.0000,15404682.0000,52228206.0000,13347.2667,12616.3,13945.2857,12549.8571,35267236.0000,26831727.0000,111906,86001,11143.6667,13550
2026-05-13,18104,10528,9215,7286,3399,5978,5895513.0000,-374888.0000,16385052.0000,72604702.0000,13053.2,12646.9,12851.5714,13733.8571,37536824.0000,43807225.0000,108970,82656,13397.3333,15160
2026-05-12,9758,10277,3621,5181,4272,4940,-1456593.0000,-1343669.0000,26499617.0000,42541337.0000,12960.6,12719.6,12441,13289.1429,31877714.0000,31764790.0000,105432,80775,13558.6667,14571
2026-05-11,12788,12626,4785,6864,4116,6904,-4423134.0000,-3863074.0000,29613733.0000,64395186.0000,12826.8667,12876.6333,11924.5714,12519.2857,42707352.0000,42147292.0000,101621,77437,15399.3333,15989.6667
2026-05-08,22934,17289,10606,10193,5169,9879,7126418.0000,-3993041.0000,27433823.0000,96070741.0000,12334.4667,12837.7333,9724.4286,10977.2857,49093275.0000,60785304.0000,113642,82844,12376.3333,11344.3333
2026-05-07,7991,10761,3104,4219,5375,4274,-4332001.0000,-1492230.0000,23936407.0000,32504126.0000,12311.6,12911.3,9830.1429,10994.5714,27524497.0000,24684726.0000,110047,81134,15061.3333,12163.3333
2026-05-06,17044,18148,7931,7277,8049,8696,9036622.0000,11316272.0000,40233249.0000,89797891.0000,12095.8,12868.8,8253.8571,9901,60403195.0000,60692545.0000,106278,76488,11400,8776.6667
2026-05-05,8998,8220,4072,4412,3765,3212,5875769.0000,860790.0000,18776034.0000,45890367.0000,12252,13288.6333,8711.1429,10363,26878636.0000,32341615.0000,103756,73903,11072.3333,8835
2026-05-04,10448,18816,3850,5580,10811,6538,3214052.0000,28513722.0000,58852174.0000,54086533.0000,12407.9667,13477.5333,8505.2857,9160.4286,65316481.0000,39616811.0000,93177,69729,6965.3333,7863.3333
2026-05-01,6884,7164,3486,2813,2954,3405,852465.0000,-1669551.0000,12934974.0000,22859667.0000,12601.3,13590.9333,8737.1429,9509.4286,14755330.0000,17277346.0000,102873,76009,8204.6667,8479
2026-04-30,9173,7237,3865,4448,2546,3594,525065.0000,-3313341.0000,14781696.0000,32940486.0000,12562.3667,13722.4,7965.5714,9826.8571,19614278.0000,23452684.0000,101118,73175,9290,7424.6667
2026-04-29,7533,6495,3223,3885,2460,3363,2084410.0000,-602159.0000,10589320.0000,27663323.0000,12529.3333,13916.4,7694.8571,10426.5714,16876342.0000,19562911.0000,98272,70904,10943,8980
2026-04-28,8731,10882,3156,5025,4242,5597,-3542602.0000,-3812080.0000,25882248.0000,32771100.0000,12493.2,13909.6667,9394.1429,11018.7143,26832290.0000,27101768.0000,94858,68290,10781.6667,9072
2026-04-27,6010,10493,2166,3355,4506,4946,-1253025.0000,-1460011.0000,19068837.0000,21681626.0000,12699.5333,14066.5,15309.2857,11831,18913361.0000,19120347.0000,90386,65719,10486.3333,9904.3333
2026-04-24,12199,11454,4833,5800,4770,5488,-1420422.0000,533352.0000,18797189.0000,67742175.0000,12567.3333,14058.7333,20885.8571,14460.4286,26010324.0000,24056550.0000,98496,73648,9821.3333,7095.3333
2026-04-23,9007,10398,3486,4481,4127,5130,-4965225.0000,-6547382.0000,28542830.0000,31479940.0000,12457.2,14044.3667,21946.8571,15518.1429,26477964.0000,28060121.0000,95722,71912,9919.6667,5972.3333
2026-04-22,8507,9607,3143,4575,4176,4650,-3809805.0000,4626580.0000,26981301.0000,39624847.0000,12567.2333,14258.8667,21820.1429,16000.2857,35449429.0000,27013044.0000,92361,69865,11726.3333,10012
2026-04-21,3772,9459,1579,1777,5281,3436,1038379.0000,3559331.0000,13780189.0000,16917629.0000,12722.7667,14435.5333,23402,16599.4286,15469200.0000,12948248.0000,89470,68813,13966.3333,24560
2026-04-20,5638,10693,2290,2491,4249,5236,2015982.0000,899795.00,18554445.00,26697052.0000,13188.8667,14895.4333,23957.8571,17080.1429,19483035.0000,20599222.0000,84551,66480,20355.3333,39759
2026-04-17,20626,15027,8908,9584,6176,7274,4549620.0000,-564418.0000,23998028.0000,48933014.0000,12819.2333,15068.1,22869.2857,16899.5714,30369487.0000,35483525.0000,119150,96434,21280.3333,38361.6667
2026-04-16,47416,16179,21426,22635,7683,6853,-2236039.0000,6901053.0000,38925758.0000,82907051.0000,11479.8,15113.7333,16926.7143,16376.4286,59795358.0000,50552426.0000,116345,98858,20214.6667,25096.3333
2026-04-15,51235,29860,23721,24305,13371,13805,6296179.0000,5570935.0000,75069981.0000,159766804.0000,10107.5667,14634.1333,10814.4286,13060,108903543.0000,109628787.0000,105786,74998,14812.3333,12966.3333
2026-04-14,16434,17802,7007,6442,7254,7804,2627729.0000,5065951.0000,38558311.0000,81680245.0000,9782.5,14543.2667,9842.1429,12471.1429,52080064.0000,49641842.0000,98160,68714,13564.3333,10664.6667
2026-04-13,7620,12982,3811,3270,6826,4450,5875018.0000,2349602.0000,22175731.0000,48311400.0000,9814.9,14577.6,10224,12298.8571,31139795.0000,34665211.0000,92158,66622,13824.6667,12460
2026-04-10,14845,13653,6465,6449,5132,6649,2722738.0000,-475295.0000,23286583.0000,71682506.0000,9764.2667,14736.7,9429.2857,11983.5714,39508073.0000,42748676.0000,105382,74866,13446,9451
2026-04-09,9529,14058,4467,4166,7586,4770,4325392.0000,1773809.0000,19812493.0000,47546165.0000,9873.7333,14732.6667,9065.1429,11755,29656720.0000,32208303.0000,97892,71981,10975,9091
2026-04-08,13006,13763,6076,5353,6542,5641,7135574.0000,-179931.0000,24778053.0000,69892348.0000,9686.8667,14710.0333,8460.8571,12265.5714,39415993.0000,46831498.0000,93165,68429,10947.3333,7965
2026-04-07,5818,12517,2305,2803,8121,3281,-858440.0000,5265788.0000,24452847.0000,20673399.0000,9733.9333,14749.0667,8795.7143,12780.5714,23537822.0000,17413594.0000,86230,66624,10700.3333,9456.6667
2026-04-06,8449,6645,3207,4458,3302,2965,-1791169.0000,-1435327.0000,17569088.0000,29523970.0000,9734.6,15092.8,8632.2857,13683.8571,21892490.0000,21896648.0000,83014,62802,12300.6667,9734.3333
2026-04-02,9628,13680,3829,4791,7190,5171,-586749.0000,1628842.0000,26389245.0000,25802254.0000,9611.2667,14935.3,8766.8571,14140,24569465.0000,22353874.0000,95501,69636,11893.3333,8851.6667
2026-04-01,10293,11776,4427,4907,4780,5940,1378442.0000,-2904234.0000,22944570.0000,35922213.0000,9730.7333,15137.7667,9251.2857,15431.2857,25417244.0000,29711244.0000,93031,67113,13747,8346
2026-03-31,9282,11446,4331,3990,5087,5272,3710885.0000,-140585.0000,27382115.0000,26636961.0000,9657.7667,15561.2,10086.2857,17293.7143,23063148.0000,26914618.0000,91347,63915,15305.6667,7972.6667
2026-03-30,6980,12458,2617,3764,5578,5335,-3991320.0000,4090859.0000,37599593.0000,34448013.0000,9775.0333,15470.7,10901.1429,17023.4286,36611710.0000,28529531.0000,88863,61266,15475.6667,8081
2026-03-27,8776,17337,3260,4325,7289,7744,895204.0000,4642358.0000,60540686.0000,26698542.0000,9688.8667,15397.9,10791,16144,35935121.0000,32187767.0000,109311,69404,15321,8679
2026-03-26,8162,16122,2997,4275,8083,6764,-2307496.0000,-215397.0000,32106771.0000,54963396.0000,9663.6667,15188.3,10559.5714,15600.1429,37541008.0000,35448909.0000,104017,66929,16885.3333,10519.6667
2026-03-25,7305,12968,2991,3359,6901,4969,1921950.0000,1409779.0000,21952605.0000,38403136.0000,9708.2,15067.5,10608.4286,15273.2857,27569440.0000,28081611.0000,97574,64752,20723.6667,13127
2026-03-24,10570,16873,4910,4526,6535,9192,-3515310.0000,948221.0000,33774307.0000,72496222.0000,9692.5667,14954.6,10841.2857,15034,50968560.0000,46155949.0000,90186,62359,18621.3333,13831.6667
2026-03-23,13684,20815,6655,6144,10984,8232,2893944.0000,6412909.0000,35498058.0000,102153199.0000,9748.5667,14687.7333,10062.5714,13663.4286,64324233.0000,60594144.0000,81688,56870,15410,11938.6667
2026-03-20,15127,24483,6569,6902,11508,7819,-1080826.0000,3182475.0000,49089762.0000,84140214.0000,9673.1333,14283.3,8716.2857,11589.7143,60905796.0000,55933105.0000,113921,84668,11354,9077
2026-03-19,12684,10566,5104,6091,3812,5589,-9922619.0000,-6010795.0000,25956879.0000,132214439.0000,9898.5667,14369.8,8591.1429,12372,70736041.0000,67024137.0000,110630,81595,11392,7398
2026-03-18,8005,11181,3194,3773,4735,5300,-12131757.0000,-1882960.0000,25791953.0000,104841874.0000,10087.5333,14325.4333,8653,12883.1429,59956432.0000,48480275.0000,107611,79046,12731,8796.3333
2026-03-17,6542,12315,3043,2821,4928,6244,2771346.0000,-1544273.0000,14418217.0000,31245213.0000,10108.4667,14210.1333,10521.4286,14622.4286,18306798.0000,22622417.0000,103311,76719,12366.3333,9360
2026-03-16,7647,10680,2934,3977,5712,3623,-6890587.0000,1540611.0000,16247565.0000,108723032.0000,10291.1,14311.7667,10791.4286,15983.4286,60002177.0000,49735935.0000,96911,74139,12128.6667,8712
2026-03-13,12200,15198,4664,6132,8422,5271,9866964.0000,2048551.0000,19583670.0000,268360557.0000,10662.1667,14394.6667,10081.8571,16319.1429,116327823.0000,124522209.0000,115937,82405,12410,8581.3333
2026-03-12,8233,11221,2506,4743,5644,4091,3233519.0000,1084728.0000,35017795.0000,40413348.0000,11475.2,14847.1333,10344,16926.4286,35421841.0000,35819232.0000,112689,80202,13589.3333,8649.6667
2026-03-11,5703,9967,2062,2837,5748,3149,355550.0000,1422213.0000,12811290.0000,16801310.0000,12199,15326.9,10483.8571,17656.2857,13970159.0000,12903496.0000,107078,79424,18430.3333,13289
2026-03-10,11808,16042,6108,4256,7585,7038,5082292.0000,2658509.0000,18437031.0000,33631789.0000,12176.2667,15215.8,10024.4286,17366.2857,21764616.0000,24188399.0000,100477,75489,19818.6667,12532
2026-03-09,8438,14759,4371,3539,5075,7575,2270367.0000,-974137.0000,48921805.0000,41957648.0000,12350.0333,15321.8333,10722.7143,17890.1429,39755992.0000,43000496.0000,100512,72669,20748.3333,12130.3333
2026-03-06,19621,24490,7902,9767,13052,9456,8425522.0000,3485020.0000,61400903.0000,188131381.0000,12206.0333,14950.5,9750.1429,16382.5714,110212517.0000,117713177.0000,115577,77137,17742.3333,8946
2026-03-05,9537,20207,3423,4997,12125,6233,1738551.0000,797475.0000,24791419.0000,92656042.0000,12221.4,14604.6667,9444.8571,15365,49822230.0000,50180966.0000,108892,74848,16032,7994.3333
2026-03-04,7233,17548,3335,2731,9433,6974,-570949.0000,1452064.0000,37816519.0000,23211140.0000,12341.4,14363.0667,9444.4286,14813.5714,29898316.0000,27876803.0000,101007,72250,14853.3333,8447.3333
2026-03-03,10068,15472,4267,5258,7328,6297,1878514.0000,-3488353.0000,60411277.0000,39420121.0000,12869.9667,14314.0333,9216,15025.7143,33389623.0000,43665845.0000,96565,69213,15838,9533.3333
2026-03-02,6682,15076,2994,2892,7636,5347,-2048700.0000,1323179.0000,30574763.0000,25439480.0000,13592.5333,14913.0333,9108.2857,14151.2857,27348386.0000,22676507.0000,91146,65681,15458.3333,11577
2026-02-27,8592,14012,3569,4210,6517,6113,-1023325.0000,2691267.0000,28898654.0000,25968561.0000,13603.6333,14695.8333,9863.2857,14699.5714,31601296.0000,20526704.0000,112167,74116,15149,11179.6667
2026-02-26,13326,18426,5789,6460,9063,7407,-4372446.0000,-843888.0000,28285603.0000,42074621.0000,13398.5667,14341.3333,8972.8571,15517.1429,34278436.0000,30749878.0000,106000,70887,13569.6667,9147.6667
2026-02-25,12813,13937,6726,5183,6459,5391,-2330322.0000,809414.0000,28834028.0000,63894392.0000,13205.8333,14425.4333,8642.1429,14918,43839408.0000,40699672.0000,98792,68897,14576.3333,7699.6667
2026-02-24,7400,13084,3578,2896,7323,4008,3505776.0000,885026.0000,20450465.0000,33750003.0000,13781,14443.0333,8469.4286,15213.5714,22400724.0000,25581474.0000,90520,67010,13200,7209
2026-02-23,7230,13688,3706,2840,7595,4223,4392135.0000,2947988.0000,20283895.0000,31312829.0000,13866.3,14394.6667,8494.5714,14663,22662921.0000,24107068.0000,82088,63159,14587.3333,9424.6667
2026-02-20,8469,16957,3499,4163,8922,6535,-7006412.0000,1861907.0000,19689187.0000,49651036.0000,13726.9333,14053.2,8519.1429,13575.4286,37522111.0000,27172192.0000,108078,85416,16984.6667,8966
2026-02-19,5928,8955,2725,2697,4190,3775,-4009669.0000,824855.0000,13517820.0000,23378903.0000,13794.4333,14035.6333,9115.2857,14222.7143,19558826.0000,14709302.0000,106459,85124,17247.3333,10489.3333
2026-02-18,13877,17850,7412,5247,7832,8266,1008491.0000,-6111176.0000,26112459.0000,41066998.0000,13971.0333,13882.5333,9327.7143,13502.5714,26845870.0000,33965537.0000,98819,81768,16348.3333,7927.3333
2026-02-17,7093,24149,3781,2518,9909,11892,7249002.0000,-1446993.0000,18549588.0000,31030006.0000,14515.2333,13836.7,10152.1429,11817,17669642.0000,26365637.0000,89254,78564,11576.6667,8031.6667
2026-02-13,10498,9743,3765,4868,5323,3554,2517717.0000,-1459550.0000,11980547.0000,22350727.0000,14279.0333,13645.6333,11430.5714,12305.2857,13243991.0000,17221258.0000,106298,86508,11443.6667,7412.6667
2026-02-12,6191,15153,2372,3048,3954,10329,7436385.0000,-1834011.0000,16240364.0000,27009991.0000,14199.9667,13285.1333,12499.5714,11547.7143,14369072.0000,23705868.0000,101731,85028,10888,8716
2026-02-11,7406,9834,3205,3499,3410,6373,-698897.0000,-4362280.0000,15028271.0000,25557176.0000,14075.5,13075,12465.8571,11408,17312777.0000,20939710.0000,99743,82823,11879.6667,11368.6667
2026-02-10,8641,9344,5019,2938,4560,3388,6331090.0000,-1801820.0000,35094955.0000,30211440.0000,13944.8333,12861.7667,13106.5714,12034.4286,29012205.0000,33066325.0000,95954,79273,12881.6667,12776.3333
2026-02-09,10101,13486,3698,4982,6212,6257,-10023717.0000,-3647701.0000,20135468.0000,50317359.0000,13711.4667,12474.7333,14996.7143,12634.2857,35861264.0000,27689098.0000,88148,77261,12773.3333,15891.6667
2026-02-06,15364,12809,7399,6606,5686,6082,-514732.0000,475812.0000,18111890.0000,41182320.0000,13330.9,12211.4,17462.4286,14346.5714,27856932.0000,26866388.0000,95867,88874,11787,15328.3333
2026-02-05,12864,12350,6016,6048,5207,6302,639548.0000,-10609698.0000,48140902.0000,27667552.0000,13157.3333,11930.1,19541.4286,16062.2857,27288579.0000,45576545.0000,91809,86615,10622.3333,13430.3333
2026-02-04,19447,13161,7862,10203,5811,5894,-5521108.0000,-2396069.0000,36959289.0000,38408775.0000,12898.9667,11733.5667,18352.7143,15997.7143,36168834.0000,33043795.0000,88742,82355,10811.6667,11323.3333
2026-02-03,13674,9850,6750,4710,4670,3932,5741858.0000,-1547076.0000,27798277.0000,49017174.0000,12713.4333,11651.8,18349.4286,17153.4286,30969136.0000,38258070.0000,84330,75957,13423.3333,14542.6667
2026-02-02,7170,8856,3308,3195,3542,4539,2172149.0000,-1109678.0000,17141680.0000,30087957.0000,12817.8333,11752.2,19511,17795.4286,19247235.0000,22529062.0000,80645,74060,18736.3333,23027.3333
2026-01-30,13126,13729,5142,6567,5685,6626,-437577.0000,5068147.0000,23631367.0000,37767870.0000,12524.8333,11437.9667,19064.1429,17238.7143,31059403.0000,25553679.0000,99077,92407,22280,27791
2026-01-29,23332,17685,10445,11105,8186,7928,-1280798.0000,7418273.0000,47764337.0000,69227226.0000,11902.6,10974.7333,17278.5714,16183.7143,63877487.0000,45288716.0000,93120,87046,20621.3333,23722.3333
2026-01-28,32624,24795,13761,16369,11865,9933,-21286990.0000,4947932.0000,65929751.0000,123119993.0000,11190.6667,10404.3667,16321.5714,14641.7143,97180158.0000,70945236.0000,84641,80901,18336.3333,17398
2026-01-27,27417,24360,11440,13296,9294,11434,-8248857.0000,8820884.0000,92062172.0000,159402330.0000,10861.0667,9728.1667,16456.1429,15882.5714,134979634.0000,94898493.0000,74073,71537,14666.3333,13359.3333
2026-01-26,11126,12709,3737,6222,6128,5002,-13335845.0000,18546645.0000,50825101.0000,68457627.0000,10698.7667,9464.3,16141.7143,15137.8571,70556094.0000,38673604.0000,65933,66322,13707.3333,12983.3333
2026-01-23,13651,17940,5174,7393,10069,6388,-5663719.0000,4585959.0000,25771718.0000,57759715.0000,10425.5,8971.6333,15216.4286,13688,43167148.0000,31693470.0000,82484,76074,11160.6667,12044
2026-01-22,15301,13350,7146,6867,7200,5096,3832595.0000,7350587.0000,25146544.0000,52944069.0000,10224.7,8710.8667,14035,14132.2857,38021840.0000,33041598.0000,74740,70895,11377.6667,15585.3333
2026-01-21,9998,9832,5091,4143,5350,3875,1182952.0000,3389109.0000,17202565.0000,31753291.0000,10238.7333,8660.5,16128.8571,14672.2857,23961374.0000,21755217.0000,69361,68644,19115.6667,21705.6667
2026-01-20,10833,10300,4379,4777,5116,4523,5484698.0000,2962027.00,24315400.0000,47343168.0000,10277.8333,8618.9,15979.7143,14949,30753116.0000,33275787.0000,63756,64537,18181,21069.6667
2026-01-16,25925,14001,9899,9694,5903,6627,9999553.0000,1523607.0000,14358532.0000,75648342.0000,9841.5667,8519.4667,12888.7143,13907.8571,34436955.0000,42934979.0000,115240,93657,16111,14819.3333
2026-01-15,28359,33046,12501,12693,14384,14722,4821809.0000,5229281.0000,37813468.0000,106694066.0000,9328.5333,7691.1333,9973.5714,10391,64351123.0000,64337251.0000,105611,86925,10582.3333,7710
2026-01-14,8925,7496,3811,4256,3605,3026,2709536.0000,-295739.0000,15323188.0000,28418188.0000,9473.0667,7721.5333,11437.8571,11214,16778448.0000,22506183.0000,103148,82265,12621,12953.3333
2026-01-13,7174,7791,3646,2859,4171,2797,3765075.0000,5111449.0000,17683432.0000,44216562.0000,9535.6,7591.2333,13758.5714,13354.4286,28521569.0000,29618270.0000,99600,80255,14103,13825
2026-01-12,7031,16460,2836,3574,8066,6708,-4248111.0000,4018574.00,33181337.00,35228943.0000,9743.8667,7452.8,13241.5714,11576,35810270.0000,26576585.0000,89019,77439,10854,12910.6667
2026-01-09,24655,13612,10690,10203,4817,7382,5032657.0000,-2101929.0000,22851169.0000,74484555.0000,9086.2,7117.2667,10265,10251.1429,40230089.0000,46885875.0000,91856,79910,9126,7343.3333
2026-01-08,9789,12237,3591,5294,4772,6030,-203488.0000,-6401743.00,34529526.00,28586563.0000,8965.4,6890.5,9391.1429,9007.2857,25562067.0000,33682322.0000,88661,76688,9466,10472
2026-01-07,4288,6713,1638,2135,2249,3521,-371286.0000,-4828601.0000,16238189.0000,22333969.0000,9151.7,7088.6667,9453,8469.2857,14806909.0000,20475104.0000,86029,75723,14819.6667,16849
2026-01-06,7953,8428,3464,3599,3048,4104,1515075.0000,-2758730.0000,19502987.0000,47448337.0000,9549.0333,7264.5,8759.7143,7533.1429,31063117.0000,30906172.0000,82595,73326,13347.3333,15335.3333
2026-01-05,19175,13257,8263,8822,5339,6270,11052351.0000,-572668.0000,33033613.0000,106693660.0000,9353.2333,6982.7333,6584.2857,6340.5714,58330597.0000,70438166.0000,76795,68545,10374.3333,10216.6667
2026-01-02,23419,22774,10610,10670,9195,11032,6469001.0000,967242.0000,33876383.0000,99756864.0000,8797.4,6427.9,4332.5714,3645.8571,57773929.0000,63401758.0000,78842,69384,3959.6667,3634.3333
2025-12-31,3412,4011,981,1876,1501,1851,-196552.0000,502869.00,4286283.00,9426131.0000,9254.2,6454.8333,5516,4110.7143,6353620.0000,5654199.0000,77645,68125,3605,4070.6667
2025-12-30,3819,4338,1611,1843,1916,1782,-2371063.0000,7271.00,5967588.00,20254728.0000,9319.5333,6573.0667,6128.7143,4547.7143,12960255.0000,10581921.0000,76020,66656,2784,3831
2025-12-29,3672,3530,1496,1768,1292,1933,2163746.0000,-119975.00,5634166.00,29854100.0000,9383.4667,6679.9333,7075.8571,5738.8571,14651000.0000,16934721.0000,74437,65036,3243.6667,3922.6667
2025-12-26,4721,2947,2038,2141,887,1655,274214.0000,-591818.00,2514519.00,14011090.0000,9345.9667,6682.4667,7020.8571,5932.4286,6683651.0000,7549683.0000,79648,69945,3565,4901.3333
2025-12-24,3100,1875,1385,1479,860,800,427688.0000,33807.00,1573848.00,12184892.0000,9350.5333,6742.6333,7244.4286,6205.7143,3533062.0000,3926943.0000,79536,68249,5361.6667,7766.6667
2025-12-23,3947,4909,1553,1958,1963,2210,-252260.0000,628527.0000,9086819.0000,22508399.0000,9378.6333,6713.3667,8290,6602.1429,12890840.0000,12010053.0000,76415,66731,6191,9153.6667
2025-12-22,7657,3911,3178,3764,1620,1801,-1890122.0000,-347989.00,5202853.00,33593722.0000,9360,6828.3,9700.2857,6625.4286,16413069.0000,14870936.0000,74490,64632,8843.3333,10035.3333
2025-12-19,11696,7265,4228,6444,3102,3218,-319341.0000,-227016.0000,7672493.0000,21985893.0000,9087.4667,6799,8923.2857,6272.2857,13211878.0000,13119553.0000,95632,79062,7855.6667,7582
2025-12-18,8108,7397,3267,3670,2344,4205,-666774.0000,-7820411.0000,17402143.0000,16385747.0000,8991.3667,6713.1333,8544,5667,12086204.0000,19239841.0000,94214,77410,6652.6667,6434.3333
2025-12-17,10302,11868,4157,4890,5133,5475,-1498262.0000,884774.0000,26889433.0000,27674882.0000,8910.9667,6501.4,8397.5714,4761.1429,24670063.0000,21473017.0000,91398,74408,5258,6755.6667
2025-12-16,4336,4302,1582,2269,1777,2087,-611607.0000,-1732735.0000,9864980.0000,17065576.0000,8970.5,6521.0667,9266.5714,5335.2857,11921184.0000,13042312.0000,90353,73041,5182,11153.3333
2025-12-15,4665,3788,1874,2276,1201,2101,-1595243.0000,-1283714.0000,7795504.0000,33031418.0000,9047.1,6613.2333,10315.2857,6087.2857,19253613.0000,18942084.0000,89174,71948,5517,11684
2025-12-12,11266,7684,5260,4696,3514,3451,2824792.0000,-214082.0000,11126926.0000,32819874.0000,9045.3,6610.5667,10539.7143,6563.5714,17303053.0000,20341927.0000,94640,82104,4009,9746.3333
2025-12-11,17529,4074,8964,7726,1625,2095,-466786.0000,-787946.00,4483582.00,55319502.0000,8890.2,6669.2667,9888.1429,7152.4286,28819032.0000,29140192.0000,93850,81387,4493.3333,6995.6667
2025-12-10,6257,4793,2480,3328,1832,2007,-3903755.0000,-734975.00,4474482.00,27154163.0000,9074.8,6705.3333,10888.7143,7668.8571,16478755.0000,13309975.0000,92715,80484,5669.3333,8383
2025-12-09,5453,3160,2087,2615,1081,1305,-320766.0000,22463.00,3467137.00,9721193.0000,9353.0333,6852.3,11402.5714,7772,5837752.0000,5494523.0000,91826,78820,7633.3333,10567.3333
2025-12-08,9277,5527,4109,4291,1907,3118,2823467.0000,-2113122.0000,10608935.0000,26592571.0000,9359.6333,6872.3333,11974.2857,8740.5714,14403394.0000,19223477.0000,89241,75816,9463.6667,11754
2025-12-05,10419,8321,3978,5083,3400,4075,-2054110.0000,224667.0000,6693508.0000,20756854.0000,9584.4,6843.9667,11189.4286,8058.4286,13155637.0000,10876860.0000,95785,83407,9422,12603.6667
2025-12-04,12006,9052,4341,5978,3369,4248,-6585614.0000,-516024.00,10331086.00,40630912.0000,9416.7,6840.0333,10355,7541.5714,25363739.0000,19294149.0000,91846,82958,9207.3333,13022
2025-12-03,12837,11018,5200,6337,3770,4999,-5152155.0000,572801.00,12510078.00,47823451.0000,9178.1667,6703.7667,9932.1429,7775.8571,29884755.0000,24159799.0000,88400,80784,6828.6667,11759.6667
2025-12-02,12968,8196,5324,5039,3166,3511,887492.0000,-737004.0000,13892491.0000,44123842.0000,9163.2333,6787.4333,10918.5714,8562.5714,24802681.0000,26427177.0000,85430,78026,8199,11863.3333
2025-12-01,13261,8408,6460,5423,3223,3973,3835972.0000,39210.00,9398541.00,38223473.0000,9279.1667,6900.2667,10924.2857,8047.7143,19500308.0000,23192461.0000,80887,72082,6578.3333,9084.6667
2025-11-28,9050,3882,4743,3530,1333,2200,5182647.0000,-479759.00,4181084.00,19255791.0000,9476.8667,7197.8,10594.8571,8368.7143,7959227.0000,13621633.0000,87443,74970,7095.6667,8123
2025-11-26,13279,12307,6714,5624,5581,5411,2102828.0000,30008.0000,11622854.0000,34823053.0000,10012.0333,7453.2667,11143,7299,20536731.0000,22609551.0000,83943,71438,7212.6667,6989
2025-11-25,4925,3546,2060,2156,1424,1468,-105164.0000,343356.0000,4795672.0000,11660091.0000,10685.9667,8046.3333,11265,7918.8571,6925684.0000,6477164.00,83103,69883,10598.3333,11971.6667
2025-11-24,6165,5434,2340,2884,1601,2680,1254970.0000,-1705858.00,8498855.00,14522594.0000,10791.4667,8257.6667,11182.8571,8104.8571,7994681.0000,10955509.0000,80158,67535,10388.3333,14350.3333
2025-11-21,9877,12658,3704,5041,4696,6457,219074.0000,-358273.0000,25173798.0000,20690311.0000,10951.2667,8433.1667,10285.5714,6728.4286,20351271.0000,20928618.0000,99299,84983,8212,13306
2025-11-20,19873,13703,9667,9081,7058,4394,6830366.0000,8082522.0000,22825570.0000,51185879.0000,10558.9667,8231.4333,7909,5296.5714,34885935.0000,33883779.0000,94160,88558,5250.6667,12387
2025-11-19,13301,4804,6748,5395,1408,2889,8615850.0000,-609703.0000,5984388.0000,33023376.0000,10508.4,8463.4333,6693.1429,5186.1429,13866938.0000,23092491.0000,92961,84212,6277.6667,9879.6667
2025-11-18,6744,6129,2383,3604,2274,2819,1011643.0000,441280.0000,10478565.0000,15972808.0000,10690.9,8648.1667,6743.7143,5361.8571,12034790.0000,12605153.0000,90579,82621,6480,9495
2025-11-17,17116,4819,8738,7222,1645,2721,1651366.0000,720328.00,7211202.00,53246268.0000,10687.8667,8785.4,4801.4286,5585.7143,28070096.0000,29001134.0000,88809,73390,5881.3333,4988.3333
2025-11-14,5779,7885,2499,2671,3502,3585,3239762.0000,1795342.00,10586611.00,20085438.0000,10837.6,8839.8,4722.2857,5148,13356022.0000,14800442.0000,93302,78333,4479.6667,4141
2025-11-13,5590,6736,1946,3205,3016,3016,3014701.0000,317653.0000,7877493.0000,16236906.0000,11077.7,8956.4,5050.8571,4973.7143,9680558.0000,12377606.0000,92758,77365,3578,3874.3333
2025-11-12,3596,3023,1426,1531,1313,1265,1759055.0000,73937.00,3166022.00,12522659.0000,11646.8,9262.2,5411.7143,5240.7143,5962739.0000,7647857.0000,91959,76339,5023.3333,5041.6667
2025-11-11,3237,3680,1228,1565,1396,1619,668778.0000,391527.00,5387444.00,9754646.0000,11766.5667,9281.2333,5944,5651.1429,6724837.0000,7002088.0000,90735,74889,5925.3333,5136
2025-11-10,4790,4031,2256,2073,1391,2048,2538673.0000,-414566.00,4717260.00,19175044.0000,11855.5333,9405.5333,6861.4286,6161.5714,9791650.0000,12744889.0000,89198,73439,6188.6667,5281
2025-11-07,7098,7359,2595,3737,3084,3214,2399761.0000,178175.0000,12124716.0000,21075367.0000,11908.6,9376.8,7686.8571,5943.8571,13748536.0000,15970122.0000,96024,80581,5574.3333,5545
2025-11-06,3520,6386,1296,1738,2348,3179,1185918.0000,-12263971.00,21253028.00,11541823.0000,12171.4667,9442.9667,8869,5870.8571,7733386.0000,22954475.0000,93657,79689,5076.3333,6412.3333
2025-11-05,5225,4821,2330,2057,1592,2665,718350.0000,-20566.00,11847363.00,15204386.0000,12453.3333,9542.7,10094,6263.4286,10166464.0000,10905380.0000,92073,78591,5653.6667,6991.6667
2025-11-04,7890,5516,3452,3741,2563,2304,2713378.0000,279709.00,8174634.00,27695190.0000,12681.9,9656.6667,10320.4286,6350.8571,14834900.0000,17268569.0000,89426,79670,6349.6667,8099
2025-11-03,6122,4892,1973,3281,1506,2657,-1011303.0000,-349176.0000,6010586.0000,22276889.0000,12957.7333,9869.1,11897.5714,6719.1429,12776056.0000,12113929.0000,86871,77308,6664,10350.3333
2025-10-31,6963,6553,3069,3138,2560,3434,481386.0000,571259.0000,7981549.0000,16595505.0000,13148.3667,9997.4667,11899.2857,7059.2857,10676881.0000,10587008.0000,94445,85796,6438,11961
2025-10-30,11212,7604,4179,5836,2391,3286,-1551791.0000,-180192.00,18748992.0000,24405305.0000,13904.3333,10466.8,11109.1429,6963,15348318.0000,13976719.0000,92420,84522,6426.3333,12823.6667
2025-10-29,12876,5835,5887,5818,2207,2638,3955962.0000,-363119.0000,9917736.0000,35340209.0000,13888.6667,10487.0333,11058.2857,7658.8571,17571172.0000,21890253.0000,89888,83046,6524,11690
2025-10-28,11795,5875,3994,3866,2156,2776,2563963.0000,1364614.0000,10190202.0000,67902314.0000,13940.6333,10632.4333,11764.5714,8504.2857,11753481.0000,14036180.0000,87559,80066,7055.6667,13479
2025-10-27,13800,7569,5885,6099,2680,3580,2419170.0000,106080.0000,9233689.0000,41019516.0000,14393.5667,10931.4333,11933.2857,9252.7143,20606075.0000,22919165.0000,84702,75546,7510.6667,11204
2025-10-24,9475,6128,3310,4674,2422,2619,-710444.0000,1300304.0000,5630564.0000,23114451.0000,14452,10971.5667,14770.2857,11230.2857,12992404.0000,10981656.0000,98165,84912,7778,9939.3333
2025-10-23,17162,7470,8232,7463,2670,3263,5275004.0000,-2071914.00,11859764.00,32817858.0000,14086.1,10967.4333,15910.4286,13211.4286,16749802.0000,24096720.0000,95914,76974,8856.6667,8392
2025-10-22,6975,8934,3091,2933,3863,3636,3479667.0000,1783951.0000,8305101.0000,25651568.0000,14069.8667,10893.1333,16246.8571,13617.1429,14017624.0000,15713340.0000,90122,75476,9809.6667,11646.6667
2025-10-21,5681,6930,2019,3021,2215,2686,-424452.0000,288877.00,9399246.00,12271324.0000,14094.3,10898.1667,17531.1429,15187.5714,8836337.0000,8123008.0000,87236,74646,11769,14746.6667
2025-10-20,12520,10706,5324,5748,4551,4654,608740.0000,57491.0000,12338283.0000,31809761.0000,13970.4667,10839.1,16900.2857,14751.1429,19256350.0000,19807599.0000,83150,69847,14857.3333,20351.3333
2025-10-17,16739,11793,6566,7769,5101,5232,3824669.0000,450697.0000,11749476.0000,43243327.0000,13963.0333,10862.9,16192.4286,14747,22487218.0000,25861190.0000,113308,100658,18039,23152.6667
2025-10-16,14981,12808,6934,6438,4977,6619,5345909.0000,-6177414.00,29960432.00,37967010.0000,13713.9333,10660.6,15797.8571,14584.5714,22262212.0000,41097115.0000,111349,100270,17694.3333,21269
2025-10-15,29334,19971,13246,12986,8802,8525,4288722.0000,815114.0000,23441353.0000,49132958.0000,12910.4333,10135.7,14039.4286,13008.1429,30367019.0000,33798832.0000,108478,96758,17011.6667,16381.3333
2025-10-14,25143,21338,10117,11463,8111,10309,8919057.0000,-1522823.00,36433470.00,62908124.0000,12353.7333,9689.4667,11914.8571,11319.4286,38449372.0000,48891252.0000,99853,86852,12449.3333,10701.6667
2025-10-13,9330,11774,4481,3639,3950,6360,3136660.0000,-220835.0000,25543739.0000,32623571.0000,12268.5333,9609.9333,12409.5714,11099.4286,24306340.0000,27663835.0000,96215,83761,12446,11519.6667
2025-10-10,14671,17923,5768,7356,7649,7720,-2506112.0000,507147.0000,29588091.0000,38730372.0000,11920.2333,9178.1333,13266.4286,10281.4286,31308061.0000,28294802.0000,104578,96197,10362,10702.3333
2025-10-09,8104,7651,2996,3809,3785,2896,1133929.0000,3319117.00,18086504.00,29018717.0000,11844.3,9087.2333,13084.4286,9795.7143,22675897.0000,20490709.0000,103499,93615,10790.3333,13676
2025-10-08,11784,11764,4913,4926,5184,4466,3244857.0000,3218864.0000,23647238.0000,30347104.0000,11640.7667,8807.0667,12466.5714,9223.7143,22412972.0000,22438965.0000,99744,89599,10041.3333,13171.6667
2025-10-07,12219,11671,4535,6383,5841,4232,565089.0000,2662922.0000,16605289.0000,42431451.0000,11338.9333,8585.3667,11962.4286,8484.5714,27700989.0000,25603156.0000,95638,87432,9562.3333,13363
2025-10-06,17025,8936,7120,7835,3343,4072,4222549.0000,-199987.0000,17820666.0000,48616244.0000,11081.9,8518.1,11159.7143,8403.8571,26559967.0000,30982503.0000,92126,81724,10649.3333,14577.6667
2025-10-03,10271,9517,4197,4324,4239,3940,5223782.0000,1033298.0000,10477158.0000,49485414.0000,10928.5,8382.9333,11646.8571,8160.4286,22976739.0000,27167223.0000,100321,91060,8894,13430.6667
2025-10-02,12793,10234,5153,5453,4655,4245,3681598.0000,1476382.0000,19289208.0000,73846169.0000,10735.5333,8173.2667,11926,7974.8571,38554058.0000,40759274.0000,97165,89123,8069.3333,11652.6667
2025-10-01,20669,12197,9157,9064,4925,5512,4296453.0000,-704429.0000,16543924.0000,83470162.0000,10236.2667,7924.1,11030,7841.7143,47934652.0000,41713734.0000,93147,84154,6169.3333,7659.6667
2025-09-30,6830,4251,3048,3105,2002,1601,-838904.0000,-164029.0000,8466057.0000,22810182.0000,10190.6333,7929.6667,11866,8720.7143,15640287.0000,13078912.0000,91147,81314,7542.6667,9185
2025-09-29,7459,7760,2991,3196,2465,3195,-501985.0000,-1626142.0000,14130220.0000,46647264.0000,10242.5,8023.1667,15642,10709.8571,22650191.0000,23774348.0000,88581,78690,7560.3333,11259
2025-09-26,8690,6497,3551,3662,2546,2883,-1174634.0000,-4267487.0000,15593572.0000,33781869.0000,10217.4333,8072.0333,16172.8571,10702,19249249.0000,22342102.0000,96274,91337,8373,13278
2025-09-25,11406,8371,3898,5662,3022,3543,-4909960.0000,103161.00,47028382.0000,81626219.0000,10192.6333,8160.1333,16451.1429,10968.5714,33912751.0000,28899630.0000,94545,90846,9337.6667,14275
2025-09-24,13681,7813,4827,7472,3406,3532,-901799.0000,-3132588.0000,12341801.0000,26057790.0000,10063.4333,8147.2667,18409.2857,12215.1429,15898606.0000,18129395.0000,91928,88897,10201.3333,13942
2025-09-23,14747,8935,5939,6997,3777,3701,-5978952.0000,-4276032.0000,19794582.0000,57303068.0000,9814.8333,8099.6667,17906.5714,11986.1429,34582350.0000,31997930.0000,89204,83466,14451,20323.3333
2025-09-22,14397,11265,6247,6186,4543,5125,501282.0000,-927479.0000,21376058.0000,54371687.0000,9668.5333,7991.1667,16733.4286,11426.2857,32691422.0000,34120183.0000,84933,79782,12843.3333,19659.6667
2025-09-19,12682,10404,6090,5241,3687,4945,1522267.0000,-5166740.0000,16187990.0000,46953593.0000,9632.0333,8012.2,15848.5714,10897.8571,24700243.0000,31389250.0000,110501,104615,12787.6667,19883.6667
2025-09-18,33891,21684,14048,16229,8951,9219,-2553528.0000,-561196.0000,32365339.0000,122457353.0000,8741.1667,7482.6667,11923.2857,8811.7143,70402972.0000,68402180.0000,103277,98764,11072.6667,17716
2025-09-17,12406,6442,5123,6297,3083,2453,688277.0000,447192.00,9051034.00,33615914.0000,8517.6,7509.0333,11408.8571,9167.7143,19931232.00,19266481.0000,101677,96659,11369.3333,17323.3333
2025-09-16,13354,10237,5037,5509,4091,4877,-1068133.0000,-3205063.0000,22069480.0000,45448792.0000,8300.8667,7330.3333,11860.5714,9492,28637751.0000,30774681.0000,98713,92994,10405.6667,14933.6667
2025-09-15,27388,16539,13292,10269,6403,7610,1989756.0000,-130266.0000,26852083.0000,97378040.0000,7861.5667,7330.3667,9020.5714,8092,53499843.0000,55619865.0000,94593,85856,7127.6667,7967
2025-09-12,11228,7332,6183,3984,3533,2970,-2000958.0000,2699639.00,13480968.0000,30546972.0000,7962,7905.9667,8163.5714,7648,22836746.0000,17253149.0000,99592,90673,7044,6362.3333
2025-09-11,6185,7346,2617,2762,2138,4259,-3208220.0000,-4099284.00,12149548.00,24544844.0000,8016.8333,7857.5667,8486,7734.4286,16108234.0000,16999298.0000,97801,89743,7573.3333,7235.6667
2025-09-10,6488,6705,2536,2995,3388,2376,-1545715.0000,-379287.0000,7373136.0000,15949521.0000,8246.3,8362.1,8526.8571,8117.7143,11012745.0000,9846317.0000,96130,88449,9507.3333,10578.3333
2025-09-09,6414,7081,2888,2516,2668,3438,609669.0000,-390733.00,8397463.00,19619576.0000,8527.9667,8433,8213.7143,7816,11386056.0000,12386458.0000,94309,87566,9393.3333,10943
2025-09-08,8805,8934,4201,3278,3576,3750,4065166.0000,-822381.0000,13343928.0000,27264349.0000,8766.6,8657.2333,7788.1429,7243.1429,15246620.0000,20134167.0000,92108,86820,7823.3333,9751
2025-09-05,16516,12507,7758,6476,4897,5825,5432953.0000,395551.0000,15366685.0000,30104551.0000,8561.6,8597.6,6239.8571,5936.2857,17826237.0000,22863639.0000,95608,89053,6304.6667,7059.6667
2025-09-04,7508,6739,3296,3134,2525,3395,571665.0000,686568.0000,9497346.0000,11097690.0000,8731.3,8638.6667,5619.2857,5690.7143,9314732.00,9199829.0000,93620,87115,7187.6667,6815
2025-09-03,5229,4224,2246,2267,1598,2055,1455726.0000,-202892.00,6009471.00,7581923.0000,9204.9667,9253.1667,6202.8571,6075.5714,5184153.0000,6842771.00,92271,85724,7436,6479.3333
2025-09-02,8442,7951,3360,3958,3529,3557,-158949.0000,874956.00,16613507.00,12412608.0000,9540.6333,9567.7,5806.7143,5720,13838160.0000,12804255.00,89125,82530,6427,5607.3333
2025-08-29,6774,9388,2621,3232,3125,4613,-149779.0000,-3016044.0000,13609937.0000,9327221.0000,9973.3,9997.4,5839.5714,4942.2857,8994564.0000,11860829.00,93728,87899,4417.3333,5242
2025-08-28,4222,4969,1658,1875,1730,2500,115851.00,-1299825.00,4020022.00,7095004.00,10727.1,10993.5667,6049.4286,4907,4023350.00,5439026.00,92311,87385,4434.3333,4889.3333
2025-08-27,5826,4924,2705,2397,1889,2091,1369220.0000,62200.00,5935035.00,11973398.0000,12569.6,12885.7333,5997.2857,4834.7143,7394999.00,8702019.0000,91909,86454,5099,6052
2025-08-26,5678,3359,3343,1520,1050,1516,2877989.00,-85440.00,3148804.00,10872714.00,13033.9333,13422.4,6474,5864.1429,4747687.00,7711116.00,91626,84840,5800,6049
2025-08-25,3164,5020,1178,1571,1493,2509,-145305.0000,-303878.00,3279740.00,4976792.0000,13248.1,13516.5,7156,6284.5714,3442882.0000,3601455.0000,90149,83784,5441.3333,7329
2025-08-22,9314,6918,4273,3787,2755,3287,1021965.0000,-220627.00,7308083.00,15414347.0000,13124.6667,13549.3333,7348.5714,6869.7143,9494954.00,10737546.0000,96201,90083,4709.3333,6121.3333
2025-08-21,5669,5462,2358,2560,2340,2101,806371.0000,2256826.00,8220569.00,10804339.0000,13090.4333,13542.7333,7939.4286,7150.4286,9336059.0000,7885954.00,95053,88294,4361.3333,6052
2025-08-20,7004,3944,2385,3781,1782,1606,412242.00,-580171.00,5332318.00,11757196.00,12981.4,13550.0667,7980.1429,7659.4286,7239548.00,8231961.00,93775,85851,6568.3333,6722.3333
2025-08-19,5691,4722,3031,2186,1871,2287,1423482.0000,-531394.00,5162456.00,9646697.0000,12944.8,13608.4,8596.8571,8129.1429,5747346.0000,7702222.00,92370,83979,7648.6667,7471.3333
2025-08-18,5461,4418,2423,2358,1034,2451,325157.0000,-952141.00,3417566.00,7684954.0000,12928.3667,13702.9667,9472,9074.4286,4166271.00,5443569.0000,90484,81794,9847.3333,9205
2025-08-15,9015,10565,3799,4125,3418,5914,-1029321.00,-1508476.00,7245643.00,12436165.00,12769.7333,13538.8,9207.7143,8393.4286,8296184.00,8775339.00,110047,100638,8801.3333,9468.3333
2025-08-14,7938,7963,3771,3251,3419,3800,935982.0000,1971633.00,11890802.00,12045912.0000,12689.5667,13535.4333,8887.8571,8289.1429,11969005.0000,10243474.0000,108103,98703,8649.3333,9252
2025-08-13,10662,11014,4172,5274,5081,4375,966278.0000,4130093.00,15029289.00,21484606.0000,12499,13300.6333,8343.5714,7412.2857,18036325.0000,14872510.0000,106289,98247,7648,9034
2025-08-12,9805,7427,4230,4269,2701,3419,1505504.0000,-951113.00,6559428.00,19118900.0000,12305.0667,13179.6,8972.7143,8714.1429,10241073.00,12697690.0000,105561,96722,8850.6667,9628
2025-08-11,7289,7507,2626,3224,3076,2923,339495.0000,3976606.00,14078979.00,11850348.0000,12343.8,13125.4,9965.8571,11156,15308994.00,7453883.0000,103627,95216,8281,9586.6667
2025-08-08,10008,8010,3974,4667,2412,3913,1705563.0000,-147229.00,5594987.00,13470294.0000,12297.5667,13153.3667,9654.7143,10853.7143,7046457.0000,8899249.00,111630,102988,8022,8150.3333
2025-08-07,11587,11035,5703,4427,3930,5897,3670372.0000,-3722294.00,22307144.00,19339646.0000,12290.5,12974.6667,9909.7143,12397.4286,11151647.00,27916513.0000,110788,101551,5969,6572
2025-08-06,7165,5798,3101,3262,1887,3121,-169811.00,-3819326.0000,21135548.0000,6147230.00,12930.8667,13049.0333,11009.5714,12884.5714,7987519.0000,17605534.0000,109069,99059,9549.6667,8920
2025-08-05,5699,7233,2210,2805,3090,3410,-847658.00,-3109516.0000,29591719.0000,7876622.00,12966.2333,13040.3,12476,14088.5714,15020079.0000,20496637.0000,107542,97368,15338.6667,11767.3333
2025-08-04,6852,4876,2931,3023,2198,1778,161223.0000,1249567.0000,8202263.0000,7547491.0000,12985.7667,13196.8333,12978,14923.1429,7213614.0000,6126520.00,105616,95381,15678,12093.3333
2025-08-01,14209,16540,6170,6587,7652,6668,-721450.0000,3081228.0000,31307027.0000,17027434.0000,12641,12827.6,12748,13699,23402542.0000,19599864.0000,114377,104178,17445,11814.3333
2025-07-31,14241,24600,4977,7848,9994,11880,-3353029.0000,-14091302.0000,133247449.0000,16373890.0000,12269.2667,12197.6333,13490.5714,13421.7143,53223958.0000,79315021.0000,114891,101202,12314.3333,12022
2025-07-30,7830,5894,4325,2910,2456,2339,185413.00,798236.00,10388892.00,8320762.00,12195.0667,12155.6333,15016.5714,15063.5714,8000580.00,7387757.00,112908,98952,15570,14733.3333
2025-07-29,13372,21841,4529,4875,4820,4869,-2930022.0000,-1521031.0000,292304297.0000,40766173.0000,11983.7333,11705.3667,15928.2857,15126.1429,31813753.0000,45082462.0000,107008,93129,11862.3333,13731.3333
2025-07-28,14864,9208,6248,7146,4125,3806,-2146937.0000,1620279.00,10706302.00,26392532.0000,11628.7333,11529.8,17638.5714,18789.8571,18730995.0000,14963779.0000,105417,90107,11450,12976.3333
2025-07-25,15964,15661,7140,7211,6581,6903,-2190876.0000,919200.00,21608011.0000,16208620.0000,11297.1667,11209.7667,24086.7143,25365.2857,17992351.0000,14882275.0000,110248,98501,13782.6667,14134.6667
2025-07-24,10366,10718,4072,5155,4730,4613,-1357814.0000,5559962.00,28115128.00,18983796.0000,11177.7667,11029.8667,25407,26614,26181690.0000,18568564.0000,107663,95853,16005.6667,16850
2025-07-23,12599,7971,5551,5347,3714,3343,2088630.00,5108389.00,20194147.00,21058649.00,11051.4,10990.2,24977,26595.7143,20446365.00,17426606.00,104696,91466,20775,19235
2025-07-22,19439,22659,7646,9965,9938,8947,-6117492.0000,2984561.0000,56255407.0000,32448398.0000,10574.4,10353.7667,23001.5714,24487.7143,44316354.0000,38158461.0000,98075,83050,24840,21700.6667
2025-07-21,18512,17387,7131,8698,7551,6610,-934568.0000,748081.0000,29395338.0000,30427538.0000,10133.0333,9925.5667,21020.1429,22755.8571,27314610.0000,25631961.0000,90351,76606,39607.3333,35897
2025-07-18,19754,22279,7732,9689,9760,9876,563699.0000,-719601.00,32731953.00,25676178.0000,9564.2333,9297.7,18731.4286,20168,26559846.0000,26979950.0000,108287,98711,38667.3333,35848.3333
2025-07-17,26836,34854,10675,12833,15369,16259,-1512834.0000,3084186.00,137103023.00,34330226.0000,8795.1,8319.0667,15553.8571,16113.4286,81562057.0000,84149937.0000,107577,93367,29663.6667,30099.3333
2025-07-16,61101,61689,25969,29499,27341,26689,-9075349.0000,-4980052.0000,156126367.0000,87144093.0000,6849.5,6386.2667,7534.8571,8337.1429,125576606.0000,100175909.0000,88944,73819,11735,11602.6667
2025-07-15,19608,19459,8181,8657,8470,7647,186171.0000,698723.00,23627082.00,34611412.0000,6383.3333,5953.7667,5341.7143,6363,25851108.0000,25338556.00,80753,66494,7003.3333,6614
2025-07-14,9589,7843,4254,4240,3373,3327,1469138.00,91389.00,9649437.00,18500706.0000,6220.0333,5919.7333,4762.2857,6365.7143,11700767.00,13078516.00,77752,62863,5777,4662
2025-07-11,5611,7903,2054,2612,3240,3646,-393659.0000,109192.00,6698932.00,10692175.0000,6137.9333,5828.5333,4667.1429,5803.8571,7633804.0000,7130953.00,81485,67857,5300,4322.6667
2025-07-10,4642,5264,2078,2060,2116,2432,-1609270.00,871222.00,8422307.00,20955162.00,6121,5842,4573.5714,5594.1429,15134868.00,11734176.00,80423,66818,5963.6667,4431.3333
2025-07-09,3733,4164,1584,1725,1618,1813,-1208233.00,-97783.00,5708764.00,9838908.00,6170.1667,5852.5667,5247.5714,5839.4286,7639921.00,6529471.00,80282,66264,6455.6667,4605.6667
2025-07-08,4593,6472,2695,1546,2688,3058,10270.0000,-158802.00,3872486.00,6095330.0000,6170.6667,5718.2,5823,6179,4405147.0000,4574219.00,78019,64619,6919,4919
2025-07-07,4968,7255,2614,1997,3474,2842,395783.00,471207.0000,7036333.0000,8129152.00,6132.2,5612.2667,6738.2857,5953.1429,6925777.0000,6850353.00,74408,62639,5824,4911.3333
2025-07-03,4256,5640,1667,2125,2419,2621,-2003939.00,31034.00,4050627.00,14719825.00,6062.0667,5506.6667,9898.2857,6294.4286,12061550.00,4814177.00,78357,68972,5209.3333,4821.6667
2025-07-02,5533,7862,2060,2886,1985,4624,-3954534.0000,-200789.0000,6128481.0000,16411303.0000,5999.0333,5379.0667,10073.5714,6167.1429,14171877.0000,6620132.0000,74727,67529,4549,5794.3333
2025-07-01,4945,3970,1655,2748,1670,1806,-852515.0000,302792.0000,5424013.0000,7807633.0000,6034.2333,5402.0667,10429.7143,6967.4286,6404229.0000,5248922.0000,72912,66050,6175.3333,7019.6667
2025-06-30,3987,3796,1646,1919,1446,1914,-1166610.0000,158200.00,5562513.00,8661740.0000,6049.0333,5500.4,10412.4286,7205.5714,7159509.0000,5834699.0000,70563,64450,6801.3333,9482.3333
2025-06-27,8451,5881,3795,3635,2705,2491,-411037.00,684092.00,8066992.00,13702794.00,5945.6667,5549.0667,9646.4286,7179.8571,10187260.00,9092131.00,77194,69203,7517.3333,15457.3333
2025-06-26,8621,8849,3110,4552,3317,4184,-3852605.0000,540134.00,11659260.00,14834227.0000,5940.4,5457.5,9215.4286,6577.7143,14045663.0000,9652924.00,73641,68003,6891.3333,14837
2025-06-25,11375,5674,4495,5388,1938,2135,-3482337.0000,939245.00,8216632.00,25198595.0000,5907.9667,5507.4667,8595,6957.5714,19729137.0000,9742455.00,72005,67204,8190.6667,13524.6667
2025-06-24,26376,8029,15484,9146,2973,4166,5772302.0000,641594.00,12266988.00,40315762.0000,5206.7667,5365,5429,6373.5714,24642156.00,24283264.0000,69980,58302,7335.3333,6021.3333
2025-06-23,6760,6971,3692,2514,3005,3118,2097876.0000,-359944.00,10289344.00,11474578.0000,5160.9667,5345.1667,5322.8571,6243.4286,8623046.0000,11080866.00,66721,55180,6912,4797.6667
2025-06-20,7438,9572,2962,3504,4300,4588,-1550630.00,778126.00,8885014.00,11472018.00,5046,5127.8333,5229.4286,5636.1429,10393069.00,8064313.00,87058,75268,5266,4186.3333
2025-06-18,3866,5463,1714,1756,2185,2853,-1044806.0000,-880803.00,18526038.00,7549209.0000,5070.7333,5071.9333,5935.4286,5824.4286,12946065.00,12037972.0000,86191,74643,6222.6667,5241.6667
2025-06-17,3089,5701,1151,1706,2483,2694,-539243.00,1693826.00,12251287.00,5553270.00,5081.7,5005.1667,6226.8571,5519.4286,9586793.00,7353724.00,83241,73866,5636,5616.6667
2025-06-16,5604,4634,2180,2916,1759,2379,-1250706.0000,-1733503.00,8599466.00,9804490.0000,5129.9667,5073.0333,6179.2857,5506.1429,8088642.0000,8571439.0000,81557,71689,6111.3333,5754.3333
2025-06-13,7032,8333,2719,3560,3427,3979,-1305930.0000,-1378954.00,15240046.00,14865120.0000,5012.9333,4929.6,5559,4807.5714,13747686.0000,14538710.0000,84890,75793,5107.3333,5671.6667
2025-06-12,4214,3941,1580,2181,1518,1920,-225653.0000,329283.00,9867335.00,7637827.0000,5039.7667,4887.4667,5494.4286,5029.5714,8395039.0000,7840103.0000,83246,74468,6054,7203
2025-06-11,6017,6060,2277,3086,2497,2610,-1451432.0000,-1519145.00,11508587.00,16372215.0000,4948,4792.5333,5025.2857,4693.1429,12574017.0000,12641730.0000,81755,72994,5222.6667,6907
2025-06-10,6784,5321,3098,2853,2301,2336,-289782.00,1177085.00,10496840.00,17118475.00,4835.9667,4773.9667,4859.4286,4859.2857,13218156.00,11751289.00,80131,71668,4962.6667,6402.6667
2025-06-09,8808,6781,4556,3379,2737,3018,2328915.0000,-1438045.00,12668500.00,37667479.0000,4751.0667,4738.9667,4271.1429,4865.1429,24848932.0000,22991212.0000,78580,68218,3850,4363.3333
2025-06-06,5129,3566,2057,2308,1339,1547,1053386.0000,-171477.00,5234331.00,9456181.0000,4786.4667,4786.0667,3988.1429,5093.8571,5921552.0000,7146415.00,84412,71390,4493,3907.6667
2025-06-05,5271,4541,2336,2509,1964,2063,1482093.0000,2102573.00,6889719.00,9256163.0000,4805.6667,4849,3825.7143,5254.8571,7799666.0000,7179186.0000,82855,70037,4214.3333,3061.6667
2025-06-04,2690,3443,1157,1207,1748,1206,135273.0000,353223.00,5336685.00,5802486.0000,4912.7333,4924.1667,4185.4286,5403.1429,5047513.00,4829563.0000,81745,69304,5228,4039.3333
2025-06-03,3762,5495,1462,1901,2531,2260,-1902447.0000,1350950.00,9557362.00,7627056.0000,5013.8333,4931,4306.2857,4966.8571,9613090.0000,6378178.0000,78488,67788,5670.3333,4348.6667
2025-06-02,2733,3705,1245,1146,1545,1778,-1814573.0000,123877.00,6448507.00,6005826.0000,5202.2333,5183.4,4460.7143,5020,6533154.0000,4594704.00,76446,66383,6157.6667,4487
2025-05-30,5623,6484,2317,2776,3493,2456,-1721063.0000,4696175.00,12514814.00,10559242.0000,5711.3667,6232.3667,3964.8571,4446.8571,14745942.0000,6926104.0000,80948,69715,5885.6667,3990.6667
2025-05-29,4690,6822,1772,2472,3201,3029,-2213025.0000,3922422.00,16237235.00,7657839.0000,6071.9667,6507.2333,3815.1429,4048.5714,18183313.0000,4906266.00,78919,68850,5105.3333,4163.3333
2025-05-28,3148,5167,1294,1546,2533,2076,-1890630.0000,-961508.0000,6964979.0000,8316062.0000,6255.2,6599.4667,4222.7143,3976.1429,7630004.0000,6700882.0000,76130,68070,4196.6667,4650
2025-05-27,4134,5668,2006,1646,2031,2792,-67313.0000,-49524.00,7392154.00,8100168.0000,6479.2,6707.9667,4265.1429,4130.1429,6882633.0000,6864844.0000,73784,66346,3666.3333,4543.3333
2025-05-23,5208,4481,2038,2501,2056,1998,-856042.0000,978955.00,6998074.00,12294536.0000,6716.3,6818.2667,4285.4286,4538.7143,9814436.0000,7979439.0000,77481,69838,2996.6667,3524.6667
2025-05-22,4608,2441,2010,2060,915,1158,-2039279.0000,-734488.00,3540733.00,7342846.0000,6904.7,7082.7,4836.1429,5061.7143,5554080.0000,4249289.00,76722,68407,3527.6667,3202.6667
2025-05-21,3814,4077,1387,1947,1900,1806,-1134276.0000,1496173.00,5678644.00,8371249.0000,7021.7333,7141.4667,5777.2857,5504,7698116.0000,5067667.0000,74967,67697,3722,3931.6667
2025-05-20,2152,2472,923,984,1095,1005,-1921216.0000,888828.00,4731265.00,6482210.0000,7277.8333,7410.6,6232.7143,5687.2857,6781437.0000,3971393.00,74040,66967,5146.6667,4691.3333
2025-05-19,3642,4034,1640,1628,1428,1927,-2191878.0000,-160062.00,5576643.00,9485832.0000,7648.6,7904.9667,6481.8571,6021.8571,7766883.0000,5735067.0000,72445,65262,6249,5260.6667
2025-05-16,6001,4660,2476,2993,1942,2150,-1020434.0000,-336631.00,5507689.00,13560097.0000,7789.1333,8164.7333,6194.4286,5792.1429,8969272.0000,8285469.0000,90017,79187,6729.6667,6081.3333
2025-05-15,4431,6746,1429,2536,1928,3646,-1259219.0000,-94542.00,4990328.00,9081295.0000,7842.3667,8063.5667,6219.7143,5369.2857,6944970.0000,5780293.00,85381,77788,6872,8071.6667
2025-05-14,5350,7341,2096,2726,3038,3683,-1723819.0000,2174158.00,13747181.00,17887857.0000,7822.8,8122.0667,5943.7143,4848.8571,16629530.0000,12592053.0000,82243,76577,5676.6667,8068.3333
2025-05-13,8463,6102,3679,3678,2652,2774,-10662366.0000,914134.00,11287505.00,32938273.0000,7829.1,8195,5742.1429,4930,27243649.0000,13723209.0000,80901,75403,5768,7042.6667
2025-05-12,10402,7173,4814,4422,2951,3221,1079050.0000,720994.00,12968252.00,31817356.0000,7746.5667,8345.5,4759.1429,4481,20069791.0000,20427847.0000,79720,72756,4394.3333,4905
2025-05-09,5340,3755,2324,2502,1406,1711,-1585158.0000,77665.0000,3467165.0000,12254133.0000,7794.4,8468.1333,4713.2857,4327,7999778.0000,6336955.00,83511,75910,4404.6667,4661
2025-05-08,5386,6376,2138,2679,2960,2819,-4037176.0000,1749645.00,7780267.00,12789400.0000,7786.5667,8597.9,4410.1429,3875,12366649.0000,6579828.0000,81024,75308,3512,4005
2025-05-07,3989,3052,2205,1523,1519,1215,4863720.0000,648203.0000,5687731.0000,10978673.0000,7783.7,8626.3333,4329.2857,4119.5714,5648616.0000,9868133.0000,80596,73504,4718,5026
2025-05-06,4608,3786,2333,1880,1986,1619,-4258375.0000,1117114.00,5931000.00,24218947.0000,7842.2667,8716.4333,4565.4286,4397.4286,13106518.0000,15724779.0000,78645,71380,4799.3333,4663.6667
2025-05-05,3418,3698,1614,1488,1414,1868,8681218.0000,107754.0000,6159010.0000,18819344.0000,7993.7667,8895.8667,4961.5714,4580.4286,7645310.0000,16218774.0000,76769,69568,4459,5197.3333
2025-05-02,7052,6670,3326,2882,2581,3100,1280479.0000,-1477968.0000,14947720.0000,12370936.0000,7881.6,8911.2667,4789.4286,4546,10694692.0000,13453139.0000,80604,74262,3306.3333,3934.6667
2025-05-01,3521,4030,1632,1477,2101,1530,22491.00,4324815.0000,16116791.0000,4089256.00,7871.8333,8887.5667,5129.5714,4784.2857,10483603.0000,6094719.0000,79708,73286,3551,3902
2025-04-30,5019,2677,2134,2465,941,1470,539228.0000,-1051088.0000,5869719.0000,10156687.0000,7820.4667,8919.4667,5383.2857,5216.1429,6729305.0000,8319621.0000,79114,71384,4569,4316
2025-04-29,3264,3212,1515,1435,1096,1711,-742798.0000,330549.0000,7642705.0000,7208798.0000,7919.1,8977.1333,6114.8571,6368.2857,7136320.0000,6062973.0000,77937,70305,5158,5291.6667
2025-04-28,3423,4764,1128,1581,1595,2483,-2046868.0000,-159853.00,8191010.00,8674517.0000,8080.5667,8986.1333,8611.1429,11109.5714,7360336.0000,5473321.00,76376,68631,5713,6099.6667
2025-04-25,6261,5731,2576,2928,2332,2693,-666935.00,331737.00,9900762.00,11877346.00,8043.5,9000.1,9932.1429,12443.4286,9907670.00,8908998.00,85111,78086,5702,5980
2025-04-24,6191,4979,3095,2514,2205,2377,1921894.00,346904.0000,11922942.0000,12215560.00,7985.2667,8953.6667,10282.7143,12865.5714,10454786.0000,12029776.00,84193,76193,5942.3333,6181.3333
2025-04-23,5847,6429,2597,2625,2684,3043,-13734.00,-2178689.00,11616583.00,10313794.00,7970.9667,8885.1,10998,13221.8571,8775636.00,10940591.00,82690,74506,7558.3333,7027.3333
2025-04-22,5902,5698,2814,2477,2445,2744,1496953.00,493813.0000,10557956.0000,9316845.00,8168.4,8992.3667,11915,13520.7143,8517193.00,9520333.0000,80976,72378,18310,12025.6667
2025-04-21,6795,5700,3472,2806,2293,2853,1220772.00,216494.00,13460449.00,11242841.00,8208.7333,8993.3333,12410,14188.4286,10258381.00,11262659.00,78678,68589,21432.6667,14930
2025-04-17,8385,11277,3725,3983,4996,5319,363747.00,507405.00,17618718.00,10856678.00,8121.4,8826.4,12258.5714,13411.7143,13615092.00,13471434.00,96526,89155,20318.3333,15016.6667
2025-04-16,20897,37953,8773,10112,19505,15718,-1587036.0000,9102525.0000,207324876.0000,31308804.0000,7646.3,7798.4333,10678.2857,9496.4286,144678118.00,87237957.0000,93077,82247,10641.6667,11669
2025-04-15,15508,15068,6716,6938,5966,7416,-16435.00,-2492190.00,23623552.00,20264870.00,7385.9667,7614.1667,10572.1429,10038.8571,18750681.00,21226436.00,86606,76134,8215.6667,10606.6667
2025-04-14,8645,7934,4509,3191,4158,3156,6491838.0000,3335107.00,17881564.00,25575195.0000,7411.2667,7536.6333,10796.7143,10684.4286,18589844.00,21746575.0000,83857,73094,9029,11145
2025-04-11,10854,8923,5307,4619,3805,4479,1513175.00,1058127.0000,13212279.0000,16548040.00,7338.9,7607.2,10107.2857,9939.8571,13690573.0000,14145621.0000,88104,78940,8001.3333,9968.6667
2025-04-10,12321,7790,4761,5702,4439,2717,-2692605.00,8203786.00,24544385.00,25864175.00,7262.1667,7680.5,9027.5714,10126.4286,29312868.00,17784767.00,85684,73514,8920,9140
2025-04-09,10260,10374,5249,4217,4266,5134,3629882.0000,169181.0000,29134696.0000,24192389.0000,7141.5667,7589.5,8797.8571,9828.7143,22234322.0000,25695023.0000,82760,71237,11750.3333,10641.6667
2025-04-08,7325,5840,3557,3365,2398,3022,1172430.00,-6181786.0000,23069880.0000,23984244.00,7100.8000000000000000,7557.1666666666666667,8883.7142857142857143,10664.1428571428571429,14027589.00,31147405.0000,82019,68281,13954.666666666667,11605.6666666666666667
2025-04-07,9835,10546,4231,4691,4840,4969,-1422552.00,-4230806.0000,57575440.0000,26304454.00,7005.3333333333333333,7428.5333333333333333,8446.5714285714285714,10219.5714285714285714,37989240.0000,40797494.0000,80595,65450,11676.3333333333333333,10336.6666666666666667
2025-04-04,14765,18865,5363,7546,9652,6685,349356.00,8468892.0000,77730819.0000,51284051.00,6774.7000000000000000,7093.8000000000000000,7073.1428571428571429,8991.5714285714285714,62887018.0000,41714622.0000,82459,71051,8420.0000000000000000,7002.6666666666666667
2025-04-03,10217,12453,3816,5504,5001,4796,-3915250.00,-917614.0000,42769202.0000,20492165.00,6630.6333333333333333,6903.1333333333333333,6171.1428571428571429,7770.4285714285714286,26971439.0000,23973803.0000,84218,67982,7032.3333333333333333,6481.0000000000000000
2025-04-02,6028,3711,2604,2972,1527,1769,1657436.00,-752504.0000,8446372.0000,9537215.00,6610.2333333333333333,6958.5333333333333333,6219.2857142857142857,8167.2857142857142857,7257991.00,9667931.0000,83316,65930,9691.3333333333333333,7113.6666666666666667
2025-04-01,4763,9096,2025,2279,4116,4197,763512.0000,-2964632.0000,34046909.0000,7003288.0000,6724.5333333333333333,6881.6666666666666667,6676.4285714285714286,8165.1428571428571429,18569044.0000,19644188.0000,80949,64080,9137.3333333333333333,7784.3333333333333333
2025-03-31,8652,8290,3184,4745,3604,3632,-435318.00,628521.0000,22797781.0000,12424385.00,6893.8666666666666667,7196.2000000000000000,5967.1428571428571429,7999.7142857142857143,15780610.0000,14716771.0000,79029,60435,9797.0000000000000000,6617.3333333333333333
2025-03-28,7926,11688,2599,4206,5400,4769,-1742558.00,-1110475.0000,24063860.0000,12052922.0000,6981.9666666666666667,7178.5333333333333333,5296.0000000000000000,6804.1428571428571429,15806195.00,15174112.0000,81884,64650,7202.6666666666666667,5276.3333333333333333
2025-03-27,6775,7434,2950,2983,2788,3230,197739.00,1871463.0000,15152288.0000,10022685.00,6935.2666666666666667,7131.0666666666666667,4825.0000000000000000,6261.2857142857142857,12049136.0000,10375412.00,80226,62251,6887.6666666666666667,5139.6666666666666667
2025-03-26,5151,10269,2432,2255,3883,4791,642044.0000,-745926.00,14640177.00,9790720.0000,6979.2000000000000000,7021.2666666666666667,4978.1428571428571429,5500.2857142857142857,10455956.00,11843926.0000,76167,60509,6491.6666666666666667,6077.0000000000000000
2025-03-25,3903,3905,1464,1934,1577,1835,-375889.00,-201257.0000,8368665.0000,8732026.00,7096.1000000000000000,7121.3666666666666667,5601.5714285714285714,5661.5714285714285714,7573674.0000,7399042.0000,74758,58739,7567.3333333333333333,6005.0000000000000000
2025-03-24,6365,6489,2745,2918,2677,3129,154655.00,-601492.00,9251775.00,11650586.00,7147.1666666666666667,7293.5666666666666667,5427.8571428571428571,5613.1428571428571429,9020242.00,9776389.00,72039,56270,6510.6666666666666667,4959.3333333333333333
2025-03-21,7963,9081,2738,4423,3383,4282,-1116762.0000,354258.00,14570469.00,12569717.0000,7137.5333333333333333,7172.6000000000000000,4925.1428571428571429,4828.1428571428571429,12984163.00,11513143.0000,88614,73868,4695.0000000000000000,3464.3333333333333333
2025-03-20,3687,7132,1437,1763,2316,4249,-125375.0000,-9274975.0000,23118988.0000,8311649.0000,7248.4000000000000000,7118.7666666666666667,5172.4285714285714286,4433.8571428571428571,8521526.0000,21485476.0000,87261,72728,3965.0000000000000000,4309.6666666666666667
2025-03-19,3228,3319,1475,1430,1384,1526,698908.00,262671.00,3973603.00,6757979.00,7391.6333333333333333,7176.6333333333333333,6400.5714285714285714,5233.4285714285714286,4762975.00,5199212.00,86485,71808,4536.6666666666666667,5989.3333333333333333
2025-03-18,3478,3634,1558,1659,1521,1709,-806874.0000,279521.00,5838736.00,10555917.0000,7506.4666666666666667,7377.6333333333333333,7047.2857142857142857,5532.7142857142857143,7986394.0000,6899999.0000,85177,70859,5375.3333333333333333,6546.3333333333333333
2025-03-17,6223,4942,2733,2767,1930,2462,-121722.0000,-1129954.00,7063090.00,10168651.0000,8005.3333333333333333,7803.3000000000000000,6981.8571428571428571,5722.2857142857142857,7142882.0000,8151114.00,83988,68421,4923.3333333333333333,5953.3333333333333333
2025-03-14,8267,5034,3668,3587,2010,2308,4434249.00,-424764.00,8931382.00,17281479.00,8562.0666666666666667,8285.6000000000000000,6750.0000000000000000,6019.4285714285714286,9301859.00,14160872.00,89788,73440,4702.6666666666666667,5003.6666666666666667
2025-03-13,5149,6150,2620,2033,2450,3379,-51961.00,-1481305.00,19075250.00,8547670.00,9730.2333333333333333,9185.3666666666666667,7114.1428571428571429,6503.7142857142857143,13472888.00,13159232.00,89067,72249,5624.6666666666666667,7229.0000000000000000
2025-03-12,4444,3586,1889,2178,1565,1676,-856252.00,467432.00,6335626.00,9005742.00,10700.966666666667,9915.9333333333333333,7822.7142857142857143,6792.5714285714285714,7871506.00,6547822.00,88321,71318,6339.0000000000000000,8416.0000000000000000
2025-03-11,5418,4372,2343,2551,2048,1964,492865.00,-772880.00,11672962.00,10685154.00,11319.833333333333,10434.600000000000,8289.1428571428571429,7745.1428571428571429,9866048.00,11131793.00,87200,69664,6971.3333333333333333,8531.6666666666666667
2025-03-10,11825,8916,4651,6139,3768,4184,-2597714.0000,366090.00,25567002.00,19287949.0000,11454.133333333333,10544.500000000000,8031.1428571428571429,7898.4285714285714286,22163035.0000,19199231.0000,84319,65547,6370.6666666666666667,6804.6666666666666667
2025-03-07,8005,5729,3689,3611,2636,2609,31271.00,559537.00,8259963.00,11044768.00,11649.633333333333,10735.100000000000,7836.4285714285714286,8172.0000000000000000,9298921.00,8770655.00,91227,71828,7641.0000000000000000,6702.3333333333333333
2025-03-06,5765,6269,2372,2906,2530,3192,228943.00,995622.0000,14340178.0000,9464568.00,11831.900000000000,10824.566666666667,7884.5714285714285714,7972.1428571428571429,11521110.0000,10754431.0000,89812,70731,7420.6666666666666667,7915.3333333333333333
2025-03-05,6644,7114,2827,3152,3284,3259,1664124.00,-596864.00,9720719.00,13791309.00,11911.000000000000,10806.600000000000,7931.2857142857142857,7911.1428571428571429,9454205.00,11715193.00,89006,68860,8729.3333333333333333,8595.0000000000000000
2025-03-04,7698,9540,3667,3442,4540,4419,1913429.00,4019948.00,26857531.00,12667724.00,12065.666666666667,10700.200000000000,7952.4285714285714286,7808.7142857142857143,19624492.00,17517973.00,86377,66902,8879.0000000000000000,9368.6666666666666667
2025-03-03,9404,5608,4203,4349,2248,2814,722225.0000,-106575.00,8229524.00,11562871.0000,12445.400000000000,10971.833333333333,7451.1428571428571429,7969.4285714285714286,8706685.00,9535485.0000,84593,62678,9557.6666666666666667,8448.0000000000000000
2025-02-28,8683,11040,4096,3776,5101,4716,2757174.00,176292.00,17935605.00,23324008.00,12467.100000000000,10933.733333333333,6984.4285714285714286,7159.8571428571428571,16731218.00,20260900.00,88500,68652,7501.0000000000000000,7587.6666666666666667
2025-02-27,10019,9989,3842,4943,5509,3466,-1121420.0000,4469468.00,15372785.00,14762107.0000,12321.600000000000,10811.833333333333,6723.4285714285714286,6702.8571428571428571,16514870.0000,10923982.0000,86878,66819,6400.3333333333333333,6571.6666666666666667
2025-02-26,6642,7644,3313,2691,2777,3663,418985.0000,-933340.00,9923834.00,12652032.0000,12417.100000000000,10801.833333333333,7736.2857142857142857,8143.1428571428571429,9607653.00,10959978.0000,85704,65453,6793.3333333333333333,6973.0000000000000000
2025-02-25,6102,4870,2215,2994,2001,2374,-1210460.00,-518764.00,8135125.00,10216881.00,12619.133333333333,11084.433333333333,8374.4285714285714286,9041.4285714285714286,8780056.00,8088360.00,84072,63412,7414.3333333333333333,6904.0000000000000000
2025-02-24,6971,6687,3069,3347,2868,3354,709650.0000,-1388118.00,9304574.00,11156143.0000,12750.333333333333,11116.033333333333,8146.2857142857142857,8944.7142857142857143,8493477.00,10591245.0000,82476,60569,6976.3333333333333333,6385.6666666666666667
2025-02-21,7846,8823,3132,3935,3490,4022,-371974.0000,-1134314.00,10146507.00,8177830.0000,12828.133333333333,11108.200000000000,7949.5714285714285714,8680.7142857142857143,7745931.0000,8508271.0000,96911,82230,6298.6666666666666667,6501.0000000000000000
2025-02-20,5895,6733,2432,2861,2928,2961,125620.00,-4326579.00,14621832.00,7954638.00,13681.633333333333,11597.666666666667,8166.0000000000000000,8705.7142857142857143,7286063.00,13599262.00,96189,80752,9963.0000000000000000,9113.3333333333333333
2025-02-19,5416,5373,2397,2555,2142,2670,-435943.0000,-1726894.00,6626561.00,10046527.0000,13766.966666666667,11627.600000000000,8520.4285714285714286,9603.1428571428571429,6891756.0000,8182707.0000,94872,79702,11891.3333333333333333,10831.0000000000000000
2025-02-18,8192,6790,3849,3428,2653,3182,-308604.0000,-4591114.00,11726021.00,14383728.0000,13754.433333333333,11641.900000000000,8446.4285714285714286,9412.0000000000000000,9515157.00,14283267.0000,92053,76782,11631.3333333333333333,9891.6666666666666667
2025-02-14,13732,17726,5463,6467,7251,8490,-1046262.0000,-1983786.0000,19469529.0000,23070470.0000,13452.233333333333,11172.733333333333,7486.5714285714285714,7667.8571428571428571,18535095.0000,19472619.0000,100329,82345,8047.6666666666666667,7470.6666666666666667
2025-02-13,10569,11158,4835,4647,4176,5455,-9093.0000,-585500.00,16189940.00,22626066.0000,13378.966666666667,11013.633333333333,7051.7142857142857143,6796.0000000000000000,17267087.0000,18183494.00,97799,81075,6631.0000000000000000,6417.6666666666666667
2025-02-12,5374,6010,2167,2395,2432,2843,767105.00,-511308.00,4861022.00,8676404.00,13402.966666666667,11000.333333333333,7273.0000000000000000,7318.0000000000000000,5576999.00,6855412.00,96354,79597,8512.6666666666666667,7258.6666666666666667
2025-02-11,6469,6975,3529,2223,2083,3551,5609443.0000,-975928.00,6221017.00,27069841.0000,13308.900000000000,11009.233333333333,9375.8571428571428571,8851.8571428571428571,8343991.00,22443922.0000,96831,77622,8005.0000000000000000,7660.3333333333333333
2025-02-10,7410,6908,3421,3258,2093,4039,2097806.0000,-2023141.00,9510273.00,15573873.0000,13167.766666666667,10851.666666666667,11884.285714285714,10651.1428571428571429,9325062.0000,13446009.00,94570,75356,7541.3333333333333333,7528.0000000000000000
2025-02-07,7897,11655,2927,4322,5792,4927,-415512.0000,2166210.00,15073733.00,8377389.0000,13158.100000000000,10671.666666666667,16498.142857142857,13720.857142857143,12258017.0000,9676295.00,101192,86664,5341.3333333333333333,7404.0000000000000000
2025-02-06,7674,5452,2917,3987,1684,3054,-747435.00,-2926221.00,7496689.00,7183690.00,13293.033333333333,10759.600000000000,20197.000000000000,16585.285714285714,5812679.00,7991465.00,99762,85986,6745.3333333333333333,7153.6666666666666667
2025-02-05,7013,5517,3351,2690,2174,2884,-628340.00,-2372390.00,9600580.00,10462365.00,13395.500000000000,10913.866666666667,22621.428571428571,18644.571428571429,8282455.00,10026505.00,98337,84431,10810.3333333333333333,11879.0000000000000000
2025-02-04,7525,5055,3192,3636,1949,2231,4054724.0000,-158402.0000,4557161.0000,19218792.0000,14081.533333333333,11109.166666666667,23811.285714285714,19667.142857142857,8645376.0000,12858502.0000,96330,82210,15626.333333333333,17693.666666666667
2025-02-03,6923,9664,3220,3159,4271,4094,1868264.00,712016.0000,18173040.0000,20987965.00,14343.800000000000,11134.300000000000,24803.714285714286,19921.857142857143,16690816.0000,17847064.0000,92438,80318,23452.666666666667,28784.000000000000
2025-01-31,21189,17712,10184,9130,6368,9552,4131462.0000,-2194628.0000,14221128.0000,31349643.0000,14012.166666666667,10761.200000000000,23381.428571428571,18670.571428571429,18105838.0000,24431928.0000,114484,100999,26049.666666666667,32909.666666666667
2025-01-30,24969,19503,12569,10353,7875,9773,6982656.00,-1421975.0000,22414024.0000,43263898.00,13592.833333333333,10384.933333333333,21102.571428571429,16823.714285714286,26676393.0000,35081024.00,110329,101778,26192.666666666667,32581.333333333333
2025-01-29,40194,33143,17718,18848,13901,14785,-1193458.0000,-142648.00,40035369.00,61202304.0000,12491.766666666667,9540.0666666666666667,17123.142857142857,12995.857142857143,44876349.0000,43825539.00,101216,95863,19216.000000000000,24468.000000000000
2025-01-28,33566,25503,14204,15788,10931,11332,-1634289.0000,-159260.0000,44531711.0000,47087350.0000,11677.400000000000,8878.2333333333333333,15298.857142857143,11317.8571428571428571,41705920.0000,40230891.0000,89710,80452,14530.666666666667,17902.666666666667
2025-01-27,23984,19932,9766,11263,9358,8328,696649.0000,2312033.0000,51520693.0000,46558883.0000,11198.733333333333,8364.7666666666666667,13206.000000000000,9884.2857142857142857,45555315.0000,43939931.0000,81061,71664,10871.0000000000000000,13652.333333333333
2025-01-24,15854,12213,5952,8133,4696,4920,-4829275.00,-310890.00,18153157.00,30002314.00,11064.900000000000,8198.8000000000000000,11748.857142857143,9044.1428571428571429,23602373.00,18139858.00,83535,76232,8991.6666666666666667,11373.3333333333333333
2025-01-23,13870,11447,5147,7136,5394,4831,-2162169.0000,2345202.00,17603819.00,23859679.0000,10921.300000000000,8037.8666666666666667,11125.5714285714285714,8458.0000000000000000,21218537.0000,16711166.00,77373,70997,7292.0000000000000000,10862.6666666666666667
2025-01-22,11233,8953,5236,4809,3665,3943,-585056.0000,-2904162.00,18581233.00,21908131.0000,11054.400000000000,8034.3000000000000000,11258.4285714285714286,9085.8571428571428571,17275464.0000,19594570.00,74345,68150,8893.3333333333333333,14050.333333333333
2025-01-21,9017,6575,3926,3960,2629,3135,-628348.00,-1437607.00,12517267.00,20072113.00,11206.100000000000,8023.2333333333333333,11528.428571428571,9237.2857142857142857,13794698.00,14603957.00,72197,64127,10000.6666666666666667,14156.000000000000
2025-01-17,12338,6348,4921,6032,2403,3028,1254234.0000,-489921.00,7692544.00,18112261.0000,11637.833333333333,8072.4333333333333333,11220.1428571428571429,9557.2857142857142857,10915755.0000,12659910.0000,101125,100196,9995.3333333333333333,11928.0000000000000000
2025-01-16,20796,13757,9893,8754,4745,7244,3499548.0000,-1008229.0000,16484602.0000,34300789.0000,11890.600000000000,7973.7666666666666667,12749.285714285714,10651.5714285714285714,20973007.0000,25480784.0000,99448,96310,7857.6666666666666667,8165.0000000000000000
2025-01-15,9334,9897,4002,4422,3799,5014,101400.0000,-736007.0000,15684072.0000,18883998.0000,12387.033333333333,8097.7000000000000000,12555.285714285714,10133.5714285714285714,15203819.0000,16041226.0000,95032,92108,9008.0000000000000000,9108.0000000000000000
2025-01-14,5654,6332,2420,2792,3418,2434,334554.00,2705837.00,14075342.00,9230463.00,12446.900000000000,8338.3333333333333333,12864.142857142857,10260.2857142857142857,13764549.00,8461266.00,93355,90368,9442.3333333333333333,10859.0000000000000000
2025-01-13,9507,7344,3588,4850,2561,4141,-16031.0000,-2490595.00,11870463.00,16283486.0000,12362.000000000000,8384.1333333333333333,12172.571428571429,9732.7142857142857143,11517055.0000,13991619.0000,91444,87173,9857.0000000000000000,11083.3333333333333333
2025-01-10,12163,13348,5039,5118,5733,5913,175285.00,770501.00,13507465.00,15544483.00,12269.833333333333,8232.9000000000000000,11630.857142857143,8738.0000000000000000,12673982.00,12078766.00,96608,94746,12546.6666666666666667,17529.000000000000
2025-01-08,10907,7635,4048,5413,2560,4381,-995023.0000,-2311939.00,16392089.00,15871811.0000,12273.300000000000,8271.9000000000000000,10943.2857142857142857,8448.8571428571428571,13892182.00,15209098.0000,94753,92104,12092.0000000000000000,16552.000000000000
2025-01-07,10180,8588,4127,5162,3935,3715,-2826259.0000,-1550726.00,12142011.00,21432896.0000,12597.533333333333,8449.4666666666666667,10010.0000000000000000,8256.5714285714285714,16132020.0000,14856487.0000,92246,91048,11635.6666666666666667,15764.000000000000
2025-01-06,31500,21417,15103,12810,8915,9624,5857963.0000,1008001.00,27707593.00,61102975.0000,11925.300000000000,8166.4666666666666667,5963.7142857142857143,5508.5714285714285714,37685843.0000,42535805.0000,86073,85594,5713.6666666666666667,6819.3333333333333333
2025-01-03,7976,6271,3589,3539,2293,2904,718606.00,440469.00,7498553.00,12796834.00,12088.900000000000,8195.9666666666666667,5911.0000000000000000,5506.2857142857142857,8986840.00,9264977.00,89562,90731,5751.6666666666666667,6951.0000000000000000
2025-01-02,7816,7219,3268,3899,2702,3605,596977.0000,18102.0000,14647050.0000,9797289.0000,12306.266666666667,8216.9666666666666667,6469.0000000000000000,5630.7142857142857143,9647287.00,10226162.0000,87268,87897,5215.6666666666666667,6377.0000000000000000
2024-12-31,4666,3651,1661,2449,1410,1510,-1337891.0000,-1655137.0000,9736575.0000,8085307.0000,12839.233333333333,8839.4333333333333333,7243.4285714285714286,6558.4285714285714286,8122978.0000,8440224.0000,85888,86713,6412.6666666666666667,6037.3333333333333333
2024-12-30,8371,6385,3449,3769,2456,3043,-1645740.0000,-4091596.0000,33569227.0000,13541722.0000,13778.100000000000,9585.2000000000000000,10062.7142857142857143,7205.4285714285714286,16855909.0000,19658645.0000,84586,84163,5011.3333333333333333,4305.6666666666666667
2024-12-27,6094,5611,2391,2972,2239,2408,-1433858.0000,-266119.0000,23175884.0000,7706274.0000,14014.100000000000,9873.1666666666666667,11305.1428571428571429,7892.1428571428571429,12615401.0000,11447662.0000,90658,90144,5226.0000000000000000,4810.0000000000000000
2024-12-26,3647,7242,1477,1594,2145,3950,-580368.0000,-8337938.00,52347902.0000,5189623.0000,14213.500000000000,9898.1000000000000000,12389.857142857143,7788.8571428571428571,15989310.0000,26405160.00,88701,89540,5508.6666666666666667,7501.6666666666666667
2024-12-24,3176,2181,1379,1574,840,1168,-29777.00,-1126611.0000,5211511.0000,4109513.00,14415.366666666667,10034.9333333333333333,13706.000000000000,8650.8571428571428571,3926870.00,5023704.0000,87957,88990,8163.3333333333333333,9805.3333333333333333
2024-12-23,7607,6255,2916,3882,2070,3666,-703614.00,751299.0000,10349255.0000,10509034.00,14517.300000000000,10171.0333333333333333,13642.428571428571,8871.1428571428571429,9865826.0000,8410913.00,85416,85477,9716.3333333333333333,16638.333333333333
2024-12-20,11722,8090,3665,5003,3264,3727,-748948.0000,-1110109.00,22480883.0000,13699109.0000,14419.433333333333,10397.633333333333,13272.857142857143,8522.2857142857142857,14466438.00,14827599.0000,101099,111252,10492.3333333333333333,17661.333333333333
2024-12-19,10087,10145,4089,5275,4092,4841,-3684768.00,-3829064.0000,55954791.0000,14245554.00,14523.400000000000,10465.800000000000,13206.714285714286,7719.8571428571428571,29299007.0000,27452903.0000,99739,110127,9283.6666666666666667,18045.666666666667
2024-12-18,28106,10914,13120,12511,5131,4516,-1128547.0000,-338176.0000,19825843.0000,50218846.0000,13786.533333333333,10330.6333333333333333,10882.8571428571428571,7194.1428571428571429,33170535.0000,32380249.0000,98128,105999,8384.0000000000000000,12806.6666666666666667
2024-12-17,14791,10418,6805,6731,4834,4615,413641.0000,-969962.0000,17111612.0000,29146740.0000,13522.366666666667,10235.1333333333333333,10135.8571428571428571,6651.4285714285714286,20949247.0000,22332850.0000,97029,104407,7510.3333333333333333,10263.6666666666666667
2024-12-16,11240,6519,5673,4395,2472,3119,1839023.0000,-4292362.0000,14947610.0000,20336817.0000,13470.500000000000,10419.366666666667,10705.2857142857142857,6983.8571428571428571,13083106.0000,19214491.0000,95199,100530,7220.0000000000000000,9562.0000000000000000
2024-12-13,12389,8215,5655,5512,3624,3330,855417.00,3957496.0000,20904923.0000,12190857.00,13445.366666666667,10735.400000000000,10873.7142857142857143,6702.1428571428571429,15426972.0000,12324893.0000,101418,108270,5991.0000000000000000,8640.3333333333333333
2024-12-12,7162,7797,3336,3051,2910,3459,684983.00,-1308549.0000,66422093.0000,8890758.00,13721.533333333333,10960.666666666667,13463.428571428571,6706.0000000000000000,23642057.0000,28824729.0000,100872,107775,5803.3333333333333333,10199.3333333333333333
2024-12-11,9135,5648,4094,3916,1714,3021,481079.0000,-2751919.0000,9453954.0000,13598760.0000,13644.666666666667,10987.633333333333,16212.571428571429,7441.5714285714285714,8764233.0000,11997231.0000,100179,106132,6127.0000000000000000,10341.6666666666666667
2024-12-10,9624,4528,3579,4452,2191,1571,-1606197.00,508536.0000,13670592.0000,13021516.00,13589.266666666667,11102.733333333333,18298.714285714286,8739.7142857142857143,11587888.0000,9473155.0000,98659,104841,7566.3333333333333333,12209.0000000000000000
2024-12-09,11839,7234,5277,5269,3469,2781,1397879.00,1242416.0000,16970155.0000,20180493.00,13590.633333333333,11285.566666666667,17671.714285714286,9642.1428571428571429,15585240.0000,15740703.0000,96132,102614,7236.0000000000000000,12785.3333333333333333
2024-12-06,9562,6619,3429,5083,2420,2998,-1682921.0000,-3437004.0000,15964618.0000,12849475.0000,13590.833333333333,11382.900000000000,17300.000000000000,9942.0000000000000000,9837420.0000,11591503.0000,101108,110784,7637.6666666666666667,18028.000000000000
2024-12-05,15226,8846,5780,7935,3693,3609,706536,1836249,31098741,20599071,13575.800000000000,11615.066666666667,16467.428571428571,9937.0000000000000000,19209430,17741317,99227,108905,8288.0000000000000000,22412.333333333333
2024-12-04,13568,6243,5939,6579,2434,2578,848951,-139068,6216177,23787382,13583.866666666667,11722.833333333333,16102.142857142857,10303.0000000000000000,13307655,14295674,98086,107182,10745.3333333333333333,25965.333333333333
2024-12-03,25290,7824,13565,9297,3325,3116,4284380,1649664,12794019,29412536,13260.066666666667,12032.533333333333,15333.142857142857,11173.1428571428571429,17691682,20326398,95875,98666,12654.3333333333333333,20018.666666666667
2024-12-02,28379,10797,14275,11036,4239,4789,5072606,-1776487,24317475,35193358,13905.533333333333,12635.566666666667,12898.000000000000,11477.428571428571,21514390,28363483,93784,92350,11961.3333333333333333,12879.0000000000000000
2024-11-29,24227,13615,12984,9613,5244,6490,3334644,-5758908,26189751,33397284,14986.266666666667,13861.033333333333,11277.5714285714285714,10554.7142857142857143,20200144,29293696,103302,96288,10360.0000000000000000,7936.0000000000000000
2024-11-27,7450,13551,2609,3691,4468,5422,-1977023,-5481481,110651820,9302430,16901.633333333333,15490.766666666667,12261.428571428571,9740.1428571428571429,26422491,33942009,99797,94698,8778.0000000000000000,9123.0000000000000000
2024-11-26,6960,8718,2232,3818,3006,3468,-2859819,265488,48825340,9840439,18529.933333333333,16839.166666666667,14217.857142857143,11684.000000000000,13924248,10798941,97204,93773,10510.3333333333333333,13438.666666666667
2024-11-25,9398,8811,4196,3976,3446,3993,-426024,-2051930,27120585,14587689,18618.266666666667,16777.266666666667,18094.857142857143,14533.571428571429,13361864,14987770,94778,91273,11882.3333333333333333,14083.666666666667
2024-11-22,11011,8805,4466,5596,3620,3664,366164,173848,23997485,10781796,18416.700000000000,16629.900000000000,18403.857142857143,15311.428571428571,9322625,9514941,101909,107965,11332.6666666666666667,14708.000000000000
2024-11-21,19907,13915,8887,8725,4540,6331,528167,-8842277,82742821,15952845,17877.900000000000,16329.633333333333,16935.571428571429,14465.000000000000,16147201,29977145,101465,102907,9310.6666666666666667,12851.3333333333333333
2024-11-20,11333,12927,4804,5475,5338,5928,382406,110319,21511466,13663581,17753.200000000000,16000.366666666667,16635.428571428571,13516.285714285714,15834770,16106857,98427,97775,12443.3333333333333333,15958.666666666667
2024-11-19,12884,7156,4809,6353,2596,3459,3573812,-1286886,18693726,28987204,17422.466666666667,15833.233333333333,16318.428571428571,13970.857142857143,16686011,21546709,96604,92781,19644.000000000000,23843.000000000000
2024-11-18,14337,7849,6790,5810,3073,3330,1663981,759699,28498245,16014381,17041.766666666667,15685.700000000000,15525.428571428571,14976.428571428571,12797397,13701679,94700,86665,21777.666666666667,23455.333333333333
2024-11-15,20655,22325,8040,10798,9946,9338,-557186,-781616,39135656,20909731,16488.200000000000,15090.566666666667,14461.285714285714,13528.571428571429,21521326,21745756,110709,110764,16999.333333333333,19780.000000000000
2024-11-14,36537,28758,13676,18053,11660,12781,-2583797,-8502552,51052851,44211903,15338.466666666667,14232.633333333333,10098.8571428571428571,10400.1428571428571429,31455137,37373892,106545,101349,9508.6666666666666667,10678.3333333333333333
2024-11-13,13174,14250,5180,6251,5215,6413,114203,-1360614,24863867,13184090,15013.633333333333,13898.133333333333,9197.7142857142857143,9443.4285714285714286,14893970,16368787,101380,95705,8204.6666666666666667,9842.0000000000000000
2024-11-12,9629,7990,4229,4697,3441,3399,1644799,-1484488,21268474,22330495,14801.866666666667,13803.133333333333,9205.5714285714285714,10022.8571428571428571,17714866,20844153,98084,90949,10504.0000000000000000,9561.0000000000000000
2024-11-11,9232,6286,4526,3986,2491,2647,-531292,1138332,29225226,14216713,14605.200000000000,13738.466666666667,9548.8571428571428571,11652.857142857143,16407164,14737540,96215,86919,12472.0000000000000000,10885.6666666666666667
2024-11-08,10665,10338,3791,5353,4798,4392,-1078428,-909763,18482919,14866197,14410.500000000000,13557.800000000000,10232.0000000000000000,12255.285714285714,15209253,15040588,100761,93771,11312.3333333333333333,9330.6666666666666667
2024-11-07,8786,14888,4054,3861,5157,5988,4267072,-403118,142305896,15466463,14443.766666666667,13398.333333333333,9952.4285714285714286,11050.8571428571428571,43663312,48046372,100293,91623,8867.3333333333333333,8690.6666666666666667
2024-11-06,13206,12190,5707,5900,5446,5614,1880034,2164810,25296189,27187122,14109.466666666667,13095.400000000000,9203.2857142857142857,10449.5714285714285714,24039661,23754885,99463,87473,8819.3333333333333333,7516.6666666666666667
2024-11-05,6000,6859,3081,2259,3687,2468,1241588,4441967,18434254,8206564,14020.133333333333,12935.066666666667,10043.2857142857142857,11286.7142857142857143,13263606,10063227,98169,85074,12431.6666666666666667,9395.0000000000000000
2024-11-04,6866,7553,2575,3447,2974,3389,223120,-226471,35338056,11239171,13893.900000000000,12825.966666666667,10429.2857142857142857,11570.428571428571,15045963,15495554,97334,82669,14765.666666666667,12255.3333333333333333
2024-11-01,9684,12046,4584,4173,4971,5684,61550,791013,30803980,12420949,13783.566666666667,12699.366666666667,11156.5714285714285714,12108.285714285714,16707796,15978333,106107,91471,12902.6666666666666667,11303.6666666666666667
2024-10-31,11635,17696,4923,5489,8134,6523,-62843,1352116,118996452,17623098,13681.000000000000,12588.100000000000,11467.285714285714,10934.0000000000000000,39899312,44487153,105616,87852,9664.3333333333333333,10079.3333333333333333
2024-10-30,15447,14555,6920,7135,6559,5964,1875029,1578079,29522420,55340908,13309.233333333333,12310.000000000000,11485.714285714286,11299.7142857142857143,39265789,40673679,102654,85032,9052.3333333333333333,8890.3333333333333333
2024-10-29,6829,6457,3543,2584,2288,3373,5353212,-1864056,12797651,15274818,13180.600000000000,12197.466666666667,17330.571428571429,14504.142857142857,9478623,16695891,101957,83414,10079.6666666666666667,9803.3333333333333333
2024-10-28,7962,7981,3488,3727,3353,3944,148524,1021485,13073614,11100416,13037.333333333333,12036.133333333333,24285.857142857143,20561.000000000000,11715213,10842252,97796,80306,12689.6666666666666667,12074.3333333333333333
2024-10-25,11880,12719,5419,5230,5608,5745,2476078,1568619,16979782,14432488,12857.233333333333,11830.733333333333,31861.714285714286,27664.428571428571,13395333,14302792,107548,94448,11608.6666666666666667,12717.6666666666666667
2024-10-24,9568,9539,4196,4578,3787,4571,167485,-61570,14005653,10197281,12694.433333333333,11779.800000000000,38467.571428571429,33326.000000000000,11001032,11230087,105702,93837,14134.000000000000,14720.333333333333
2024-10-23,14775,15811,5791,7321,7944,6312,596048,1748854,19034563,17816148,12460.200000000000,11486.233333333333,38078.000000000000,32060.714285714286,17073151,15920345,101016,89181,18493.000000000000,25709.666666666667
2024-10-22,13810,9476,5621,6859,3967,3636,-1211113,1199064,15806482,23277127,12135.500000000000,11383.233333333333,36814.285714285714,31333.285714285714,18389248,15979071,97490,84708,32127.333333333333,39989.333333333333
2024-10-21,15576,17115,6216,7887,7361,7882,-2561350,-1322819,30719220,30012802,11835.633333333333,11056.766666666667,35123.857142857143,29589.285714285714,28746274,27507743,88784,79915,47236.666666666667,56434.333333333333
2024-10-18,47743,28888,19638,23937,10123,14865,-4728812,-1883910,32069367,67543652,10579.166666666667,10472.266666666667,29388.000000000000,25898.000000000000,47700733,44855831,105127,119706,53997.333333333333,59123.000000000000
2024-10-17,56649,50379,26028,26357,21292,25135,-3792580,-13680400,232998278,79623205,8985.9666666666666667,9059.0666666666666667,21718.428571428571,19007.000000000000,139794729,160844919,98529,109360,39522.333333333333,44256.000000000000
2024-10-16,64911,62443,28323,30917,30464,26181,9003248,13033804,143500042,116887831,7061.2000000000000000,7232.7666666666666667,12862.000000000000,10575.5714285714285714,123761282,119584726,80168,80064,20169.333333333333,24273.666666666667
2024-10-15,55809,49170,23574,27737,25147,20166,-4768153,12338051,122450003,88563707,5468.8333333333333333,5841.3000000000000000,5467.5714285714285714,4190.0000000000000000,107548092,90877888,60491,53827,5415.0000000000000000,6918.3333333333333333
2024-10-14,12048,6954,5199,5886,2512,3239,310797,186562,10060364,25654793,5211.4000000000000000,5778.8000000000000000,4038.5714285714285714,3628.0000000000000000,16363711,16487946,58157,47931,4113.3333333333333333,5433.0000000000000000
2024-10-11,4964,4384,2316,2315,1737,2179,766127,-519729,6967748,8281869,5218.1000000000000000,5818.1000000000000000,3819.2857142857142857,3603.8571428571428571,6662713,7948569,63940,52327,3366.0000000000000000,4765.6666666666666667
2024-10-10,3743,4907,1303,2027,2051,2302,-628059,-3843301,10687031,6144704,5179.2000000000000000,5764.7333333333333333,3752.5714285714285714,3637.1428571428571429,5918339,9133581,62658,51820,2871.3333333333333333,4490.0000000000000000
2024-10-09,7592,3049,3482,3281,1225,1508,-365403,1115189,6477728,12631986,5039.7666666666666667,5741.3666666666666667,3144.0000000000000000,3822.4285714285714286,9493853,8013261,61750,48669,3345.3333333333333333,3308.6666666666666667
2024-10-08,2962,2142,1391,1358,950,899,351683,-193620,4686390,5921132,5041.5000000000000000,5815.1333333333333333,3410.0000000000000000,4219.0000000000000000,4641232,5186535,61160,47755,3638.0000000000000000,3003.0000000000000000
2024-10-07,2916,3423,1267,1390,1474,1646,-202122,167633,6433414,5701697,5100.8666666666666667,5831.8333333333333333,4391.1428571428571429,5173.4285714285714286,5849598,5479843,59516,46571,3902.0000000000000000,3174.0000000000000000
2024-10-04,4048,4471,1669,2152,2106,1812,115868,1225539,6099579,5908658,5113.5333333333333333,5844.6000000000000000,4266.7142857142857143,4977.8571428571428571,6234109,5124438,64290,52950,4125.0000000000000000,2916.6666666666666667
2024-10-03,2045,3020,897,977,958,1760,22583,-511429,4646947,3651645,5154.8666666666666667,5844.6000000000000000,4448.8571428571428571,4839.1428571428571429,3562480,4096492,63237,52289,4567.0000000000000000,3345.6666666666666667
2024-10-02,3429,4215,1563,1593,2088,1742,551209,2251685,9118548,8083281,5151.8333333333333333,5826.8000000000000000,4398.8571428571428571,4848.4285714285714286,9026505,7326029,61713,51515,4801.3333333333333333,3810.6666666666666667
2024-10-01,3276,5140,1374,1558,2913,1866,-639003,1764220,8637109,5859347,5185.0000000000000000,5775.2666666666666667,4841.4285714285714286,5292.4285714285714286,7913282,5510059,59850,50567,6456.0000000000000000,5980.0000000000000000
2024-09-30,3332,4346,1328,1654,1993,1894,177458,-299525,5377892,5971446,5338.0000000000000000,5799.4333333333333333,5588.0000000000000000,6722.7142857142857143,5049555,5526538,57160,49392,6041.3333333333333333,5928.3333333333333333
2024-09-27,4824,4918,2054,2249,2061,2288,209912,-1634806,8301348,6229118,5718.2000000000000000,5940.3000000000000000,5512.2857142857142857,6907.5714285714285714,5332394,7177112,62792,53907,5085.0000000000000000,5427.0000000000000000
