date,call_volume,put_volume,call_volume_ask_side,call_volume_bid_side,put_volume_ask_side,put_volume_bid_side,net_call_premium,net_put_premium,put_premium,call_premium,avg_30_day_call_volume,avg_30_day_put_volume,avg_7_day_call_volume,avg_7_day_put_volume,bearish_premium,bullish_premium,put_open_interest,call_open_interest,avg_3_day_put_volume,avg_3_day_call_volume
2026-09-25,61661,20462,28108,28402,9758,9090,464336.00,1388942.00,6702311.00,12344640.00,46346.2333,25212.7333,74675.2857,38308.5714,9145975.00,8221369.00,372738,447225,26321,70660
2026-09-24,71737,30761,24444,41761,14559,12778,-1906787.00,2758545.00,17523451.00,19260938.00,44812,24734.7,67854.5714,36304.2857,18285361.00,13620029.00,367676,432790,21981,64595
2026-09-23,76265,25716,40072,28709,10879,10459,2271118.00,71132.00,10274748.00,28526523.00,42789.3,24217.7,60471.1429,34618.4286,16409716.00,18609702.00,360561,420257,27643.3333,67450
2026-09-22,63978,22486,21608,36541,12731,8055,-4337533.00,2021774.00,11748841.00,24828013.00,41480.3333,24371.9,58516.2857,34888.8571,20188812.00,13829505.00,352710,399560,47784.3333,73527.6667
2026-09-21,53542,17741,24132,25331,7033,9514,-833504.00,-1925124.00,11499550.00,21859213.00,40853.0333,24407.3,55511.2857,36635.8571,15157734.00,16249354.00,346549,384075,57152,85735
2026-09-18,84830,42703,36913,38550,18449,19630,-1124561.00,4268111.00,41246748.00,27067579.00,39388.6,24409.8333,48237.1429,33109.2857,31993498.00,26600826.00,389259,473214,48494.6667,65455.6667
2026-09-17,82211,82909,30018,44700,50900,27752,-8042021.00,6766080.00,155513792.00,34045614.00,38422.8,23010.6,42706,24437.2857,122573998.00,61232297.00,394377,448650,25496.6667,46245.6667
2026-09-16,90164,45844,33497,50365,19640,22927,-6267656.00,4973241.00,32161772.00,37993636.00,36994.9667,23383.7,36300.7143,19817.7143,38125823.00,26884926.00,381968,432219,18341.6667,32955.6667
2026-09-15,23992,16731,12241,10508,7351,8616,397237.00,3246245.00,10726010.00,11082520.00,39315.6333,25086.8333,40818.7143,21580.7143,11933485.00,9041897.00,377676,426747,22754.6667,35794
2026-09-14,24581,13915,10623,11373,6290,6379,-1102048.00,830353.00,6613496.00,19368938.00,40106.0667,25734.4,43455.8571,22767,12729970.00,10797569.00,372207,420158,24122,38904
2026-09-11,50294,24379,26746,18445,10095,12232,3966477.00,2266825.00,13313419.00,20300554.00,39474.5,25385,40227.1429,21329.7143,15441909.00,15628921.00,380294,438452,23397.3333,36637
2026-09-10,32507,29970,14222,15361,12439,15490,3180802.00,1311357.00,46846596.00,21153915.00,39935.3667,25202.3667,40587.5714,20298,29127548.00,34944793.00,380460,431940,17909.6667,40910.3333
2026-09-09,33911,18017,12468,18441,7689,8274,3044957.00,308514.00,11632105.00,18575843.00,41214.6,25873.9667,43377.5714,22726.1429,12625733.00,15362176.00,375793,422821,21594.6667,48146
2026-09-08,43493,22205,19672,20100,9988,10543,582655.00,-360902.00,10103793.00,21464593.00,41221.8667,26235.8667,43605.8571,22429.1429,13924524.00,14868081.00,371015,411773,21599.3333,47995.3333
2026-09-04,45327,13507,21760,18598,5368,6785,3447278.00,658300.00,5201693.00,16737036.00,40902.9333,26368.5667,41794.8571,22254.5714,7971404.00,11150382.00,381149,428609,21869.6667,42117.3333
2026-09-03,55618,29072,24157,26206,12826,14295,-1353460.00,1552459.00,16567674.00,19651625.00,40039.4667,25943.5667,38445.7143,20174.7143,17912855.00,16019936.00,376121,415559,19761.6667,35254.6667
2026-09-02,43041,22219,21522,17754,9753,10621,796803.00,1587876.00,30658938.00,26095052.00,39735.1,25720.9,39052.8571,20275.5714,26962654.00,25741581.00,371343,406022,24026.6667,38721.3333
2026-09-01,27693,14318,10774,14128,6469,5953,-1340166.00,4423920.00,22567385.00,11546295.00,40515.4333,26383.5333,41431.7143,21849,17153336.00,11389250.00,369942,400713,25962.6667,44520.6667
2026-08-31,35030,22748,12851,18933,10158,10586,-3531179.00,3231500.00,25873071.00,13925248.00,41204.8667,26320.4333,44540.8571,24849.7143,21719038.00,14956359.00,361670,391155,22475,43727.3333
2026-08-28,53441,35014,23500,22472,13638,17102,-1330920.00,1121088.00,23330606.00,17530136.00,40703.3333,25803.7,40797.5714,23582,18715236.00,16263228.00,353463,399619,15641.3333,36638.3333
2026-08-27,45091,20126,19127,21823,7706,10588,-3237277.00,-3678779.00,22024750.00,18039988.00,40186.2667,25698.5667,39127.5714,22933.8571,17813652.00,18255154.00,350409,388854,16574.3333,37371.6667
2026-08-26,32650,12285,14815,15734,5125,5848,-1438918.00,-260803.00,17831833.00,18413430.00,40100.5667,25636.5,38716.5714,24208,17846839.00,16668724.00,347110,380234,20923.3333,41270
2026-08-25,32174,14513,13252,16658,6396,6985,-1902350.00,849736.00,13806990.00,25707450.00,39866.0667,25528.7333,37742.8571,24079,20396218.00,17644132.00,343482,372327,30670,49476.6667
2026-08-24,47291,22925,16701,25440,10793,9763,-6107303.5000,1013091.00,24939987.00,32696684.5000,39661.2,25383.3667,34503.7143,22325.4286,29244910.00,22124515.5000,335977,353181,31741.6667,42792.3333
2026-08-21,44345,25332,19311,21480,10654,11358,-7525476.00,142572.00,16014451.00,24610821.00,39376.0333,25039.6333,31841.5714,21052.2857,22757009.00,15088961.00,397129,458899,28494,39144.3333
2026-08-20,56794,43753,22444,29553,22867,17851,-9513029.00,5740871.00,47438494.00,27187829.00,38561.8667,24181.7333,25954.4286,16259.8571,42041237.00,25005052.00,393595,446861,20977.6667,30137.3333
2026-08-19,27238,26140,10813,11827,10714,13121,-4349653.00,4859011.00,26076327.00,13998419.00,38917.8667,23874.9333,25593.1429,16398.7143,22848279.00,13639615.00,383826,442162,16801,29510.6667
2026-08-18,33401,15589,13790,16937,7289,7129,-9436839.00,-428993.00,17366286.00,24129881.00,38764.1333,23968.0667,25782,16857.8571,24326287.00,15318441.00,380538,437427,15154.6667,26582.6667
2026-08-17,29773,21204,12596,14475,12034,7979,-9629235.00,-1312091.00,21564735.00,35125616.00,39819.7333,24327.6667,27371.1429,19940,31327074.00,23009930.00,373900,431993,13560,25228.3333
2026-08-14,25358,13610,10952,11507,6308,6018,-9236716.00,-428974.00,5089581.00,28833718.00,41164.7667,24621.6333,31353.8571,23843.1429,20422452.00,11614710.00,382851,453804,12425.3333,21970.3333
2026-08-13,24617,10650,10076,12046,4378,5478,-1614800.00,211615.00,3430295.00,8283690.00,41197.2333,24726.3667,34598.4286,30469.8571,6307884.00,4481469.00,382484,449890,17912.6667,22001
2026-08-12,25710,16420,10457,12763,4372,10099,-2036769.00,-1685057.00,6351064.00,14363348.00,41136.7333,24556.7667,44298.7143,37813.4286,9833365.00,9481653.00,377207,447464,18707,25005.3333
2026-08-11,15584,10206,6956,7098,4383,5183,-1349362.00,-1528881.00,7249300.00,10638152.00,41889.4667,24764.2667,48971.5714,41118.5714,8370806.00,8550325.00,374509,443699,29564.6667,33443
2026-08-10,24709,27112,11149,11642,11119,14208,-845116.00,2828160.00,16305338.00,17128592.00,42209.3667,24546.5667,49919.8571,39230.7143,17721989.00,14048713.00,369034,435018,34171.3333,42952.3333
2026-08-07,34723,18803,15186,16607,8002,8914,1832592.00,-782395.00,12257897.00,21211014.00,42090,24508.7,51578.4286,40043.2857,14385618.00,17000605.00,388391,462441,46916,47154.3333
2026-08-06,40897,42779,18169,19512,21502,16272,-3305018.00,-2320675.00,30234540.00,49806030.00,41879.4333,23494.8333,56062.8571,39384.1429,38390424.00,37406081.00,384778,458353,55264.6667,64726
2026-08-05,53237,40932,23276,23408,20820,17954,7465364.00,-1014451.00,36107576.00,71260219.00,40899.7,22664.6333,54702,38259.8571,45686743.00,54166558.00,376353,447697,52734.6667,63078.3333
2026-08-04,47329,57037,21982,20802,19565,33687,4091604.00,2159286.00,25079332.00,39892848.00,40131.8,21280.9667,53049.1429,32610,29424469.00,31356787.00,367759,438472,38354.6667,57751
2026-08-03,93612,67825,51201,34764,29561,33728,18017348.00,56608.00,35526028.00,68159855.00,38663.7,19764.8333,43920.8571,25252.4286,39816873.00,57777613.00,358852,412694,23910,41991.3333
2026-07-31,48294,33342,19859,23236,17473,11688,-2299520.00,1454160.00,15346291.00,15834142.00,38444.3,19918.5,41866,22709.1429,15519160.00,11765480.00,372481,444036,25517.6667,49989.3333
2026-07-30,31347,13897,15194,12940,5984,6191,1739257.00,7475.00,6854080.00,13639991.00,38268.8667,20030.2333,44688.2857,25609.1429,8498735.00,10230517.00,371416,438290,31906,54110.6667
2026-07-29,46333,24491,17608,22491,9884,12506,-1814734.00,264716.00,9072096.00,15908259.00,38831.1,20424.6333,46028.2857,25089.7143,12368359.00,10288909.00,365374,433114,29571.6667,50586
2026-07-28,72288,38165,38320,28756,17437,18297,4943394.00,-185724.00,15190857.00,38307885.00,37587.9333,19778.5333,41186.4286,22425,22473537.00,27602655.00,358642,416191,22290.6667,36394.6667
2026-07-27,43711,33062,17146,18908,11663,14619,-423228.00,-1840533.00,26924066.00,25375748.00,37745.5,19561.2,39167.5714,20126.4286,18321608.00,19738913.00,343481,403099,16449.6667,33127.6667
2026-07-24,35759,17488,18639,13599,8604,7444,1947129.00,633792.00,7852037.00,14382136.00,38083.6333,19639.2667,38356.1429,19117.1429,8877478.00,10415815.00,355881,426240,22019.3333,38242.3333
2026-07-23,29714,16322,11266,16242,6264,8831,-184757.00,-3929190.00,11596863.00,12400253.00,38083.5667,19540.5333,37702.5714,18396.8571,9523447.00,13267880.00,355566,420460,23530.3333,46908.6667
2026-07-22,33910,15539,16643,13831,6914,7657,679745.00,2741607.00,20107242.00,17215440.00,37739.9,19476.4333,38736.1429,18829,18900200.00,16838338.00,351397,413311,24854.6667,48403.6667
2026-07-21,51103,34197,21097,24518,15876,15477,-596919.00,2341883.00,42046299.00,22637976.00,37226.9333,18888,36548.5714,16089.4286,30704143.00,27765341.00,338469,403316,19113,41229
2026-07-20,55713,20855,25848,24077,8953,9883,-203154.00,1193983.00,11579277.00,25968318.00,37129.8333,18872.6667,33213.7143,15683.8571,17500314.00,16103177.00,330860,390189,15635.6667,32684.3333
2026-07-17,38395,19512,16374,18605,8163,7915,233677.00,863977.00,10338213.00,16805313.00,37318.0333,19039.9333,33145.5714,15315.8571,11561536.00,10931236.00,360670,459879,12891.6667,28265.6667
2026-07-16,29579,16972,10494,16034,9407,6085,-3179635.00,2779257.00,19448082.00,13809449.00,38116.7667,19220.4333,33032.7143,15517.4286,18302229.00,11451817.00,362623,453701,13422.3333,32121
2026-07-15,30079,10423,13331,13606,4127,5422,-480649.00,-390530.00,5498210.00,11758072.00,38225.4,19763,37513,18598.7143,7922328.00,7832209.00,359506,444555,14954.6667,34024.6667
2026-07-14,25139,11280,12092,10468,4798,5223,1197235.00,2283235.00,8760874.00,9628083.00,39175.7333,20183.7667,43308.7143,20191.4286,8952594.00,7866594.00,357471,441313,17200,36434.6667
2026-07-13,41145,18564,14460,21355,7994,8785,-2367197.00,1058586.00,9563835.00,17890859.00,39409.2333,20195.5333,41086.7143,19509.7143,14090166.00,10664383.00,352063,429529,16657.3333,35359
2026-07-10,35790,15020,14313,16562,5894,7898,496085.00,494222.00,7117523.00,13651969.00,40127.8333,20287.1333,39387.4286,18982.8571,9223814.00,9225677.00,364460,454840,17778.3333,33025.3333
2026-07-09,32369,18016,12157,17119,8257,8844,-2892051.00,450639.00,7516587.00,16096676.00,40069.1333,20123.4333,40215.5714,18756.4286,12928388.00,9585698.00,360680,448482,22437,42716
2026-07-08,37918,16936,12935,21484,8174,7362,-3090140.00,1237784.00,10251413.00,15388876.00,40711.1333,20223.0667,39699.5714,19277.1429,14144542.00,9816618.00,354849,441395,24268,51979.6667
2026-07-07,28789,18383,11508,13111,9271,6981,-64177.00,-828813.00,7348418.00,25164889.00,41527.8333,20404.1667,40035.7143,19174.8571,14165774.00,14930410.00,351749,437804,22737.6667,50913.6667
2026-07-06,61441,31992,31336,23015,11927,17486,3556714.00,-2556222.00,12508264.00,42403169.00,41522.7,20014.0667,36198.4286,16370.7143,21546052.00,27658988.00,348338,427706,15851,38398.3333
2026-07-02,65709,22429,37148,22978,8005,12911,4626236.00,-1068673.00,7467626.00,26049482.00,40992.7333,19965.3,30217.8571,15456,12483476.00,18178385.00,357207,442478,13851.6667,29217.3333
2026-07-01,25591,13792,12182,11308,5828,7077,649508.00,-1037124.00,6151423.00,10268633.00,42728.2333,20216.9,30032.2857,15703.8571,6705627.00,8392259.00,356450,437140,16114.6667,32122.3333
2026-06-30,23895,11332,11174,10443,5087,5404,-113503.00,-373237.00,4964417.00,8238350.00,45582.8667,21279.6333,33700,17276.5714,6047043.00,6306777.00,355009,431707,18226.3333,34538
2026-06-29,38166,16431,14993,19748,8539,6448,-2647360.00,2162236.00,16429313.00,12957539.00,52499.8333,23195.7667,34206.5714,20351,15744874.00,10935278.00,351420,416794,16870.3333,33342.6667
2026-06-26,34306,20581,13357,17342,6619,12440,-1260235.00,-1254297.00,9696882.00,12054529.00,55209,23442.2667,33032,19875,9773959.00,9768021.00,357854,443927,15352,29855.6667
2026-06-25,31142,17667,11026,16828,7456,7288,-1976347.00,8218687.00,28055491.00,11065938.00,57008.0333,23523.5667,37611.7143,22540.1429,20604417.00,10409383.00,355696,436634,14638.6667,27572.3333
2026-06-24,34580,12363,18654,11707,5013,6260,1906957.00,153429.00,6134549.00,10910113.00,58184.3333,23899.0667,37670.7143,23457.1429,6478195.00,8231723.00,354052,421269,17964.6667,32568.6667
2026-06-23,23845,16026,9500,11725,8792,6142,-328886.00,398275.00,10878375.00,10767193.00,60069.4,24229.7333,41184,24959.4286,10289286.00,9562125.00,351901,411903,25273.3333,38524.3333
2026-06-22,24292,15527,10864,10974,6667,7731,-1346264.00,429343.00,9283044.00,11901964.00,62108.9667,24777.0667,44271.2857,25574.1429,10468567.00,8692960.00,347767,401456,25847.3333,39121.6667
2026-06-18,49569,22341,21180,23286,10302,9727,-3034457.00,333408.00,9069553.00,21632643.00,62036.5,24688.3667,41434.5714,24291.1429,15274597.00,11906732.00,417430,521838,30508,43665.3333
2026-06-17,41712,37952,15985,22591,15984,20502,-909746.00,2201447.00,19706018.00,27795917.00,61602.2333,23823.1667,38847.1429,20814.5714,24251988.00,21140795.00,402751,504904,24118,41425.6667
2026-06-16,26084,17249,10131,13632,5870,10254,-2631285.00,-1725489.00,7122866.00,14450915.00,61925.3333,23861.7333,40222.8571,20713.8571,10389574.00,9483778.00,396669,501927,27215.6667,48877
2026-06-15,63200,36323,31126,26811,17781,15759,5593950.00,110907.00,16050366.00,39934257.00,61122.8,23397.4667,38737.1429,18438.4286,23354951.00,28837994.00,391260,491948,21718,43111.3333
2026-06-12,34993,18782,15237,16412,7967,9267,-1489421.00,275364.00,7133528.00,12774732.00,61167,23383.3333,40029.7143,19259.5714,10016435.00,8251650.00,407174,508982,19910.6667,41351
2026-06-11,48438,26542,25418,17837,10909,12876,4385166.00,-1646751.00,10846859.00,21571077.00,61960.2,23566.0667,40758.7143,18666,11814788.00,17846705.00,403574,505126,15602,33071.6667
2026-06-10,45903,19830,18176,23175,8603,9169,-1503256.00,-112216.00,14514662.00,16736793.00,61552.9667,23410.8333,38963.7143,19647.4286,14376417.00,12985377.00,399570,496440,14506.6667,29675.3333
2026-06-09,29712,13360,12919,13732,5491,6935,564818.00,-2097351.00,9371013.00,12785187.00,61881,23680.2,42383.2857,21153.5714,8751794.00,11413963.00,398344,492238,16851.6667,37371.3333
2026-06-08,23600,13616,11019,10486,5300,7716,473469.00,2104539.00,9677844.00,12276846.00,62879.5,24043.2333,45890.4286,21910.8571,11208697.00,9577627.00,392021,486755,20489.6667,44185
2026-06-05,35714,16544,14241,18268,7716,7171,-143890.00,287611.00,6743694.00,11687192.00,63806.1667,24431.8667,48981,22085.7143,8755164.00,8323663.00,406554,514679,22437.3333,50127.3333
2026-06-04,52800,20395,26195,22196,8380,10268,4521293.00,546453.00,13068990.00,19296508.00,67476.1,26345,45810.7143,21044.2857,13078365.00,17053205.00,401959,506444,24539,43640
2026-06-03,44041,24530,13966,24837,11142,11009,-634927.00,4075889.00,22143952.00,22150439.00,68217.5,26723.2667,47687.4286,20386.4286,22672493.00,17973067.00,395548,492184,24330,46842.6667
2026-06-02,53541,22387,21227,27119,10965,9550,-3168498.00,-1192647.00,17755466.00,32145765.00,67690.5667,27040.4,47651.5714,20590.5714,23616273.00,21640422.00,386141,479055,23173.3333,45045.6667
2026-06-01,33338,26700,12228,16471,12076,11848,-683918.00,1653179.00,18225843.00,23160775.00,69456.8667,27616.3,51644.2857,19674.7143,19895006.00,17557909.00,372756,469988,20196,53049
2026-05-29,53649,23903,26158,24476,8975,13374,-1031578.00,1130808.00,10846415.00,29287227.00,69664.5333,27962.9333,51095.8571,19255.1429,20205769.00,18043383.00,385482,506657,16596.6667,45368.6667
2026-05-28,48150,18917,23679,19832,8804,8891,3652684.00,-306680.00,8347139.00,24989274.00,69131.6,27801.0333,55311,19601.2857,13628180.00,17587544.00,383772,502134,16932.6667,48378
2026-05-27,57348,17768,28533,24770,7674,8460,2346109.00,392672.00,8018898.00,25560013.00,68439.9667,27776.2333,62766.1429,23236.4286,14478123.00,16395236.00,381164,495126,18948.6667,47025.3333
2026-05-26,30608,13105,13895,13642,6432,5441,96975.00,296422.00,9354846.00,14397912.00,68512.5,28375.5667,93490,31923.5714,11016705.00,11033258.00,376678,486247,21343.3333,57251.6667
2026-05-22,57178,19925,26735,25455,10084,7895,439677.00,647629.00,7079242.00,17392580.00,68237.1333,28571.5667,101833.2857,33073.7143,11175999.00,10968047.00,390202,539599,21690.3333,54795.6667
2026-05-21,53290,23816,23455,24794,10085,11219,-2103561.00,-663001.00,11067118.00,19039665.00,68028.2,28699.6667,106379.4286,32543.7143,14500404.00,13059844.00,390199,529445,20865,62917.6667
2026-05-20,61287,20289,32461,23353,7248,11297,4140141.00,-1466878.00,10485421.00,25896226.00,67548.7333,29554.6,107605.4286,33020.7143,12828836.00,18435855.00,385572,524329,28506.6667,79000
2026-05-19,49810,20966,19393,24417,11864,7962,-1556596.00,675196.00,12468661.00,20351950.00,66579.8,29405.4,111975,33732.1429,15684590.00,13452798.00,378437,513695,46156.3333,144288.3333
2026-05-18,77656,21340,28141,36271,9800,9593,-837554.00,2476502.00,17257936.00,35285602.00,65169.8667,29382.9,113092.5714,35247.4286,22829314.00,19515258.00,371430,488972,48368.3333,156930
2026-05-15,109534,43214,42871,56037,19260,19575,-3696702.00,4870718.00,29534797.00,39804458.00,62884.2667,28677.7667,104215.5714,31885.4286,35836723.00,26702503.00,472267,613422,40665.6667,148789.6667
2026-05-14,245675,73915,100878,125767,32651,36732,-5478355.00,3758051.00,33731451.00,97619451.00,57324.3667,28253.0667,73216.8571,23039.8571,65574503.00,54259222.00,448055,564464,23903.3333,90187.6667
2026-05-13,115581,27976,51352,52850,10855,13368,3047624.00,1003092.00,10210739.00,60099008.00,55158.2333,28285.6333,61816.2857,21672.7143,31267294.00,33311826.00,441641,547098,23226.6667,78459.6667
2026-05-12,85113,20106,30951,47333,9941,7930,-5175888.00,489760.00,9038640.00,39933911.00,53564.8667,28435.4333,55246.4286,21999.7143,25428667.00,19763019.00,439614,522022,27173.6667,78581.6667
2026-05-11,69869,23628,27109,36319,9772,9890,-2112504.00,1482666.00,9813588.00,48520006.00,52838.2333,28772.6667,50453.5714,21246.8571,26865073.00,23269903.00,434900,508168,25857.6667,71090.3333
2026-05-08,80397,25946,39097,34823,10373,13505,4993282.00,-2257622.00,10458712.00,41775868.00,51444.6333,28950.0333,49287.4286,22115.1429,20288126.00,27539030.00,451469,526495,21207.6667,53852.6667
2026-05-07,85479,31947,35666,40931,12202,15991,-513206.00,2674208.00,12329784.00,43014863.00,49902.5333,28688.8667,41888.4286,19718.8571,26094661.00,22907247.00,441442,511511,16694,37285.3333
2026-05-06,47395,19680,17122,14856,7663,10310,285102.00,-271110.00,7888332.00,35639849.00,49239.8333,28919.8,40768.1429,19970.4286,13629575.00,14185787.00,437061,501323,17599,34528.3333
2026-05-05,28684,11996,13370,12897,4715,6514,211791.00,549865.00,5245054.00,14932464.00,50138.4,29404.4333,44321.1429,21757.7143,9519920.00,9181846.00,435270,494936,19719.6667,37073.3333
2026-05-04,35777,18406,13382,18330,8597,7677,-1517041.00,62267.00,6417656.00,17145902.00,51078.3667,31042,48283.5714,23157.2857,11379847.00,9800539.00,432029,486733,24259,49225.6667
2026-05-01,39124,22395,16895,18994,9450,11470,-385333.00,1299574.00,10997332.00,16888520.00,52602.0667,36699.4333,65965.5714,31070.7143,13924908.00,12240001.00,450222,508382,21851.6667,47413
2026-04-30,36319,18358,18453,14272,5906,10515,-123509.00,-322138.00,10028572.00,20411497.00,52434.5667,37559.5,70246.1429,33573.5714,13974292.00,14172921.00,446164,502007,22879.3333,48491
2026-04-29,72234,32024,24116,39919,16619,11617,-5433918.00,415133.00,20047233.00,37657968.00,51463.2333,37514.3667,65317.4286,33556,27138425.00,21289374.00,434947,498027,20373.6667,42264.6667
2026-04-28,33686,15173,13707,17099,5630,8281,-728724.00,-1007935.00,6295582.00,18338124.00,51922.9667,38193.8,72837.5714,37670.8571,11159866.00,11439077.00,429873,492730,24717,52207.3333
2026-04-27,39553,21441,16568,19430,10312,9031,-1496462.00,-1245986.00,10900809.00,18151562.00,53158.9667,38752.8333,75741.2857,39508.1429,13721201.00,13470725.00,426396,480684,43499.6667,93322.3333
2026-04-24,53555,24507,22528,25663,11807,10859,-851083.00,-326808.00,11779522.00,29362412.00,54584.9,41631.3667,72685.1429,38015.7143,18937786.00,18413511.00,452303,514251,47290,97565
2026-04-23,63514,28203,28009,26077,11673,13767,1187325.00,-1360668.00,16996184.00,37386263.00,54187.4667,41891,68840.1429,36418.7143,22064013.00,24550946.00,448391,506031,48522.6667,88971.3333
2026-04-22,162898,77789,80320,59695,33252,38919,23804094.00,418538.00,25186992.00,108490333.00,50278.5667,40218.5333,50252.4286,29746.7143,44278231.00,67663787.00,435151,487963,37252,63447.6667
2026-04-21,66283,35878,27117,31445,15005,15622,393732.00,424464.00,11557599.00,36362600.00,49629.8333,39850.5667,47771.5714,28307.7143,21962422.00,21932659.00,421602,469496,36726.6667,61313
2026-04-20,37733,31901,16515,16446,12681,16844,564068.00,2097305.00,15930124.00,21225828.00,52128.4,39886,49098.5714,27701.7143,17976665.00,16443428.00,408685,455181,30779.6667,59456
2026-04-17,86327,43977,42697,36222,18669,19462,6090576.00,438097.00,14142765.00,62907554.00,51205.6,39442.5,43466.5714,27981.7143,32752135.00,38404614.00,445609,512707,21795.3333,42880
2026-04-16,59879,34302,22549,31611,17571,14093,-1676469.00,3370482.00,19029794.00,25255372.00,50446.3,38783.0333,37875.5714,25437.1429,23161097.00,18002746.00,433896,498779,20723,33848.3333
2026-04-15,32162,14060,12932,15127,7411,5620,-1777414.0000,1447952.00,8869494.00,20578244.0000,50789.0667,39241.1667,38332.1429,26380.7143,13996529.0000,10771163.00,430928,492489,24638,39433.3333
2026-04-14,36599,17024,16633,16888,7392,8065,1959795.00,-1361836.00,8455260.00,25908244.00,50607.6667,39267.2,38956,27100.1429,13866065.00,17187696.00,428925,486283,28183,42907.6667
2026-04-13,32784,31085,16016,13101,10876,17168,-1363922.00,-3620048.00,12921371.00,21586277.00,50612.1,38894.9333,45540.8571,31398.5714,15009170.00,17265296.00,419495,477860,33133.6667,47614
2026-04-10,48917,25805,22084,23552,9652,14663,-41574.00,1457962.00,7163922.00,33684247.00,50354.7333,38519.0667,45780.8571,31848.2857,24831053.00,14331517.00,436401,509431,30028.6667,38222.3333
2026-04-09,47022,27659,24529,19443,10798,14024,1420104.00,1504858.00,14240112.00,30242252.00,49756.3667,37965.5667,44393.7143,31411.2857,20961770.00,20877016.00,430262,495560,27697.3333,34334.3333
2026-04-08,46903,45937,24619,18657,22747,17661,2423242.00,5024992.00,19753535.00,33995809.00,49189.0333,36939.3667,44560.4286,29669.5714,26705302.00,24103552.00,432695,491266,19738.3333,32355.3333
2026-04-07,20742,16490,8629,10138,8877,5876,573316.00,1047693.00,7270334.00,18153593.00,49492.4,37349.8333,47110,31780.5714,11845752.00,11371375.00,425606,489137,34633,51734
2026-04-06,35358,20665,14020,14545,9909,8958,1233968.00,119117.00,10753166.00,22568342.00,49751.8,37465.6333,47661.1429,32273,13525766.00,14640617.00,418796,481299,37395.6667,56813.6667
2026-04-02,40966,22060,17343,20152,11425,8730,-1795455.00,315509.00,9377154.00,17192190.00,49896.2333,37662.6667,45739.4286,32922.7143,13535410.00,11424446.00,433157,502469,38242.3333,55595.6667
2026-04-01,78878,61174,38287,32892,25549,31172,3483131.00,-1607139.00,34998026.00,39180454.00,48577.2667,36383.0333,42419.8571,27974.2857,31637146.00,36728072.00,421555,488999,29099.3333,45326.3333
2026-03-31,50597,28953,26807,19904,12163,14606,2343573.0000,-471612.00,17651672.00,19101755.0000,48008.9667,35966.6667,44331.1429,33485.7143,15446378.00,18261563.0000,413983,474787,29870.6667,41323.6667
2026-03-30,37312,24600,15444,17834,11578,11753,807094.00,795601.00,24568003.00,18327942.00,48511.4667,35752,51120.1429,57416.8571,19750808.00,20807371.00,405055,458317,29708,41958.3333
2026-03-27,48070,33745,18627,24239,15224,15373,-2721800.00,4875.00,34602560.00,17764806.00,48677.9667,35236.5333,48723.5714,58904.7143,25479608.00,22752933.00,420054,477569,27329,35106.3333
2026-03-26,38589,31267,12427,23793,11202,17864,-2851787.00,-12530610.00,46732100.00,14337395.00,48572.0333,34791.7,49367.1429,58819.4286,23612961.00,34393904.00,418540,464397,25751.6667,40790.3333
2026-03-25,39216,24112,18508,17014,9350,12964,14841.00,-735708.00,17170285.00,17298549.00,48328.5667,34421.9,50547.4286,60454.2857,15246882.00,17297431.00,415059,451418,40225.3333,49043.6667
2026-03-24,27514,26608,10440,14025,12110,13483,915929.00,2334074.00,25919262.00,14065368.00,48465.7667,34397.2333,57564.4286,62112,19235797.00,18496152.00,409848,442658,95395.3333,68150.6667
2026-03-23,55641,26535,29748,22190,10295,13766,3933413.00,-3039286.00,26519855.00,23013080.00,48841.2333,34369.8,63377.5714,74158.8571,19581471.00,27590370.00,404570,426624,101270.3333,60035
2026-03-20,63976,67533,26167,32251,29179,29853,-3076052.00,4320805.00,67911297.00,26206666.00,48447.6,32842.5,61608.2857,69653,38800140.00,31083283.00,444281,529256,88982.6667,53074.3333
2026-03-19,84835,192118,30609,45302,75273,111236,-2998683.00,-24645861.00,510693584.00,40625791.00,46668.3,26970.1667,56007.7143,46152.5714,189909315.00,354323166.00,398165,504341,36795.3333,40622
2026-03-18,31294,44160,10439,17773,22599,19352,-3343183.00,9949818.00,70283685.00,12873300.00,47353.1,26087.0333,58225.8571,43392.4286,53915190.00,26465949.00,390988,496204,34812.6667,55735
2026-03-17,43094,30670,16982,21385,12661,15938,-167932.00,-4237207.00,29000062.00,20236916.00,47868.2333,25724.3667,68168.1429,43720.1429,21079953.00,25275508.00,383342,486829,61543.6667,73481.3333
2026-03-16,47478,35556,24742,19208,14594,16217,2037566.00,2132596.00,23740311.00,25516552.00,48025.5333,25697.8,69763.1429,43022.4286,23606909.00,21922759.00,376178,477986,61689,74852.3333
2026-03-13,76633,38212,39225,31332,19841,15612,-847276.00,5522074.00,47178673.00,26043491.00,47994.8667,26122.2667,64115.5714,39637.5714,38765670.00,29510020.00,382693,501296,58156.6667,64518.3333
2026-03-12,96333,110863,31371,56115,41515,62986,-14747551.00,-8170902.00,195332685.00,46116005.00,47528.6333,23456.3,56417.2857,27772,94354659.00,134790720.00,360791,466593,29482,48014.3333
2026-03-11,51591,35992,17990,28101,15450,16606,-2983081.00,579046.00,30670769.00,25215208.00,54971.0667,26892.3333,53498.1429,25173.8571,27131283.00,23569156.00,347283,453812,28472.6667,68380.6667
2026-03-10,45631,27615,18041,23416,13724,12007,-2992593.00,3378759.00,16799473.00,29019361.00,55422.0667,27919.3333,51681.8571,24074.1429,24944969.00,18573617.00,338756,445420,29491.6667,72718
2026-03-09,46821,24839,20616,21563,10594,11804,13039.00,-292838.00,15209377.00,29929724.00,55673.9667,28211.9667,50878.2857,22601.2857,19959502.00,21088229.00,332294,440545,26051.3333,69477.6667
2026-03-06,112690,32964,52271,53116,13816,16523,2367791.00,-65752.5000,17875296.5000,49745036.00,54141.4667,29058.7333,38932.7143,19471.2857,31002682.5000,32771226.00,339598,455300,24331.3333,46062.6667
2026-03-05,58643,30672,23503,29029,14552,13405,-1477940.00,3258257.00,19103126.00,27952464.00,54144.3,29008.2333,34824.1429,17254,23881120.00,19144923.00,332114,443615,20042.3333,36900.6667
2026-03-04,37100,14518,17581,16047,6340,7073,2762477.00,164219.00,10203418.00,20429417.00,54525.4667,29829.3,33787.4286,19294.8571,13013339.00,15611597.00,327913,436953,21842,35506.3333
2026-03-03,42445,27804,20467,17221,12573,13389,-212247.00,921028.00,23492136.00,25137114.00,55854.3333,29829.6667,33886.7143,18771.2857,22958351.00,21824295.00,321016,429406,17417,35090
2026-03-02,31157,17805,15879,12555,8350,8071,1810174.00,-143763.00,9283480.00,17729570.00,57487.1333,30818.3,35907,20223.5714,11911781.00,13865718.00,314501,422366,15166.6667,34394.6667
2026-02-27,32917,19917,13137,16708,9266,8972,-1736909.00,606998.00,9108357.00,14029469.00,57977.8667,31117.2667,36820.1429,20633.2857,11974989.00,9631082.00,325282,445913,13578,33383.3333
2026-02-26,41196,14529,15825,21488,5736,7496,408017.00,990513.00,8327890.00,15454516.00,61227.1333,32621.2667,35727.5714,20909.4286,11512023.00,10929527.00,323761,434354,18336.3333,29599
2026-02-25,29071,11054,9793,15225,5398,4676,-1993151.00,1198100.00,4868042.00,13330095.00,63192.7,33901.9667,39058.4286,21924.5714,10169289.00,6978038.00,321580,424697,22698,34288.6667
2026-02-24,29883,15151,14916,13247,7675,5744,1217052.00,1267843.00,7141986.00,16117644.00,65762.6,35190.5,42370.1429,22371.7143,10710760.00,10659969.00,318701,417735,26971.3333,39427.3333
2026-02-23,29843,28804,12947,13226,13287,13030,1714737.00,894862.00,20765554.00,16799132.00,66814.8333,35041.0667,43165.5714,20817.1429,17146120.00,17965995.00,311311,411127,24965,42582.6667
2026-02-20,43140,24139,19363,20109,11703,10865,911194.00,677580.00,9044593.00,21016776.00,68007,35152.3,41561.5714,19228.4286,13937503.00,14171117.00,428966,554154,22406,39385.3333
2026-02-19,45299,27971,18258,22995,10168,14110,-1569918.00,368182.00,9683499.00,22919122.00,68317.5333,35113.3667,39608.8571,18928,16206908.00,14268808.00,421999,544031,19135.6667,41748
2026-02-18,39309,22785,14071,22052,9637,7097,-2842736.00,601398.00,7027426.00,24628862.00,69584.0667,35557.5667,43551.1429,19346.1429,16456681.00,13012547.00,416482,531373,17634.3333,46333.3333
2026-02-17,33548,16462,16655,14359,7832,7392,2011764.00,372209.00,5122030.00,31966274.00,72508.3333,36819.6,46211,20096.4286,16428266.00,18067821.00,413117,528673,18121,46954.3333
2026-02-13,52387,18160,26778,21908,7659,8706,1230121.00,-488541.00,6701384.00,28926962.00,72103.1,36692.5333,43220.8571,19780.4286,15562818.00,17281480.00,427087,548101,16407,40129.3333
2026-02-12,53065,18281,26443,22423,8273,8624,3017481.00,-364073.00,7618116.00,29139345.00,72470.9667,37189.8333,43045.5714,19692.5714,15414284.00,18795838.00,424751,543269,18936,32984.3333
2026-02-11,35411,17922,13375,18884,7904,8364,-2146465.00,126029.00,9176431.00,18411278.00,72237.9333,37110.9333,46350.8571,19959.4286,13804626.00,11532132.00,421060,537984,21532.6667,43482.3333
2026-02-10,31912,13018,13202,16264,5694,6182,-2441960.00,-582756.00,5170951.00,20737702.00,72907.3667,37180.5333,49248.7143,23065.2857,13142021.00,11282817.00,416902,537236,24431.3333,50234
2026-02-09,31630,25868,13228,15264,9422,12891,-1946548.00,-1613198.00,14586907.00,22700935.00,72811.9667,36655.4333,55546.2857,26647.8571,17373669.00,17040319.00,409028,528002,21124.6667,50176
2026-02-06,66905,25712,31566,28989,10606,12070,3085718.00,-481822.00,11222112.00,51917972.00,71775.3333,36323.6667,57752.1429,27386.7143,27147773.00,30715313.00,422478,551670,18442.6667,45153.6667
2026-02-05,52167,21714,23289,25201,8751,11432,-7507317.00,-1112404.00,12430149.00,35715308.00,71645.1333,36266.0333,89566,44152.2857,26037332.00,19642419.00,418494,549294,17801.3333,47280.6667
2026-02-04,31456,15948,13262,13989,7752,7278,-5849909.00,418630.00,7979328.00,24866416.00,74023,37284.0667,93523.8571,50220.4286,18139319.00,11870780.00,414333,544480,24071.6667,54194.3333
2026-02-03,51838,17666,22761,21996,8510,7239,-2773559.00,777125.00,9420523.00,26418021.00,73688.9,37343.2667,93886.7143,52499.2857,17990468.00,14439784.00,410911,539931,35165,62152.6667
2026-02-02,58548,19790,28539,23785,8013,9313,-2879655.00,-1041561.00,14169758.00,38060810.00,73555.9,37272.1333,95053.4286,58010.2857,24106310.00,23527591.00,404963,517927,38863,70085.3333
2026-01-30,52197,34759,21960,24748,12404,18983,-3650029.00,-491709.00,14112997.00,34142326.00,73405.7,36818.8,95986.4286,57210,23760999.00,20602679.00,441437,569269,73634.3333,144307.6667
2026-01-29,75713,50946,28140,39689,18476,28653,-8097268.00,-377392.00,47808093.00,49406828.00,72252.1667,35610.6,92103.8571,55524.8571,42695236.00,49050610.00,443073,565928,76127.3333,138790.3333
2026-01-28,82346,30884,32172,39691,14484,13949,-1556354.00,493786.00,13236369.00,42472821.00,72153.3667,35375.2,92098.8571,55086.4286,26693880.00,24644193.00,437697,548898,77038.6667,129467.6667
2026-01-27,274864,139073,119365,132507,59998,67044,3149259.00,80362.00,51476008.00,159939891.00,64589.9333,31432.5667,64281.2857,41999.4286,97219336.00,100288233.00,428378,516562,50136.6667,60084.6667
2026-01-26,59161,58425,23534,28817,21821,25577,4759276.00,1565863.00,19618946.00,52256714.00,64458.3333,29910.9667,62635.2857,37779.5714,30534356.00,33727769.00,406856,499437,40380.6667,59940.3333
2026-01-23,54378,33618,24971,23800,12882,18444,6277923.00,-147107.00,12665506.00,57184293.00,64984.4333,29479.6667,74677.5714,41498.2857,29047814.00,35472844.00,420075,521799,42224.6667,57992.6667
2026-01-22,66715,58367,25655,28059,23662,28004,4003878.00,1036228.00,18992671.00,62803170.00,65228.9667,28499.9333,77723.7143,40228,33736023.00,36703673.00,409879,511800,32040.6667,63191.3333
2026-01-21,58728,29157,25732,27688,10440,14783,2339928.00,-784540.00,12071948.00,54626550.00,65434.6333,28403.4333,84616.8571,43749.4286,29038232.00,32162700.00,404192,506727,38143,70329
2026-01-20,48535,39150,22441,22366,19710,15673,881572.00,925424.00,18332888.00,54498963.00,66392.1,28074.1667,86456.1429,41631,34207070.00,34163218.00,390005,500558,34721.6667,70030.3333
2026-01-16,82311,27815,31555,40824,12378,12505,-4967096.00,2516045.00,9907103.00,65753234.00,67392.7333,28902.5667,85969.5714,41582.5714,37540248.00,30057107.00,543139,639465,45333,88818
2026-01-15,80141,47464,37344,32014,17994,22808,9366587.00,-1849192.00,23954844.00,82431491.00,73483.4,31821.9333,82323,38631,42172579.00,53683763.00,532655,631213,46003.3333,91450.3333
2026-01-14,47639,28886,21492,21103,10452,15670,1688341.00,-557168.00,12671345.00,42563134.00,73456.0333,31763.2667,86561,39663.1429,24088137.00,26333646.00,523021,625629,54310.3333,111230.6667
2026-01-13,138674,59649,67304,55861,28011,25502,12357716.00,2253158.00,30192097.00,140918839.00,70769.0333,31353.3667,84075.5714,38902.2857,72508745.00,82599438.00,508986,609642,42534.3333,85476
2026-01-12,88038,49475,42441,33988,21953,22398,7392871.00,340722.00,22760879.00,73715982.00,71313.0667,30822.7667,77245.8571,33884.1429,39141727.00,46193876.00,490486,594873,35201.3333,82431.6667
2026-01-09,106980,53807,51405,45112,23061,25264,10358579.00,499467.00,12882327.00,72858286.00,70756.1,31677.6667,71120.2857,30940.2857,33802176.00,43661288.00,503970,612801,26200,64976.6667
2026-01-08,61410,24321,25965,30361,13067,9364,-730514.00,800900.00,9169802.00,51340574.00,72459.3333,34812.9667,66407.4286,29688,33141780.00,23510366.00,498348,611698,30130,70275
2026-01-07,78905,27476,34489,34428,10898,14178,-2962933.00,-291179.00,12884493.00,59250824.00,72541.4333,35596.3667,62563.1429,27920.8571,33394363.00,30722609.00,493189,604637,39079,84398.6667
2026-01-06,54615,26803,27043,22149,11219,12540,7312117.00,-2525323.00,13171310.00,51295965.00,73404.3333,44670.8333,58870.7143,25536.8571,23973370.00,33810810.00,486525,593462,34927.3333,79603.6667
2026-01-05,77305,36111,34586,33092,13259,18285,1223676.00,-1840810.00,14112104.00,59149716.00,75311,47385.6333,52942.2857,22629.4286,30595164.00,33659650.00,473749,586280,33957,75202.3333
2026-01-02,121276,54323,64490,47981,23622,24919,13851091.00,-919076.00,19632466.00,79282192.00,73434.7,48218.3,42511.5714,17724,37906463.00,53033880.00,476074,602687,21034.3333,44250.3333
2025-12-31,40230,14348,17340,19543,6443,5916,1115562.00,504970.00,4583914.00,23826731.00,74263.1,48687.0667,51449,22315.5714,12759132.00,13369724.00,472659,595563,21287,48172
2025-12-30,64101,33200,31793,26337,14199,13889,3157068.00,-120294.00,8571188.00,41351837.00,74558.3667,48702.5,48265.2857,20350.1429,21173857.00,24447319.00,470887,588843,13592,36394.3333
2025-12-29,28420,15555,13570,11627,6483,7243,1248072.00,-406009.00,3403215.00,18638746.00,76202.9,49916.1667,51999.2857,20650.2857,9014517.00,10668598.00,464290,583458,13660,38856.3333
2025-12-26,51995,15106,21242,24883,6118,6554,-4734964.00,303709.00,4464770.00,37897829.00,76602.8333,49997.1667,51384.4286,21515,21799933.00,16761260.00,487341,615143,15286.3333,37611.6667
2025-12-24,28768,10115,14062,10489,4072,4985,4153815.00,458337.00,3691835.00,17271398.00,77562.5667,53951.0333,53147.1429,22170,7200871.00,10896349.00,485235,613832,27411,62286.3333
2025-12-23,35806,15759,15835,17014,7186,7100,110231.00,2408613.00,7271150.00,21602505.00,78998.5333,54389.7333,59372.2857,23321.8571,14210070.00,11911688.00,481681,612177,28638.6667,64289.3333
2025-12-22,48261,19985,24417,19602,6830,10843,3415645.00,-2174204.00,8829770.00,29799087.00,80050.9,57206.3,59329.4286,23437.4286,14912678.00,20504377.00,475628,600908,27862.3333,66388.3333
2025-12-19,102792,46489,53964,37852,17563,24516,13612210.00,-2842543.00,14497348.00,72650401.00,78694.5333,59778.8333,52532.4286,18621.4286,30591643.00,47686044.00,588958,733948,19419,48021.3333
2025-12-18,41815,19442,15837,16448,8345,9694,2080736.00,-826492.00,4959181.00,21175911.00,79084.9333,59923.3,56581.8571,18798.1429,10216203.00,13123431.00,591001,728740,17838.3333,47785.3333
2025-12-17,54558,17656,27066,22620,7392,8274,3523548.00,134145.00,8227664.00,30638888.00,79330.6,60279.9,59366.5714,20415.1429,16000379.00,19389782.00,589208,728489,19893.6667,56060
2025-12-16,47691,21159,22751,20103,8135,8803,630915.00,-846793.00,5169536.00,21998055.00,79806.4333,60360.1667,61824.7143,21144.1429,11682809.00,13160517.00,590225,722101,19772,56150
2025-12-15,41107,14700,18523,17227,6978,6282,-2967023.00,519204.00,5397154.00,26200019.00,82641.8667,61970.9333,66989.2857,23225.8571,14924090.00,11437863.00,587472,715373,19131,60852
2025-12-12,79382,23822,38577,32484,8561,12803,4063176.00,24741.00,6608972.00,35493508.00,84267.9,64059.9,71696.1429,27346.5714,17485487.00,21523922.00,603315,751348,18083.3333,57778.3333
2025-12-11,47961,20794,20082,23055,10269,8008,-1851959.00,-1556362.00,11420484.00,21984304.00,88850,65669.0333,102396.1429,43668.1429,14576341.00,14660744.00,601473,746250,20810.3333,66475
2025-12-10,55213,12777,21591,28311,5414,6256,-2715427.00,720010.00,7625939.00,25690430.00,89930.9,66512.7,101196.8571,45718,16200116.00,12764679.00,598724,742172,25305.3333,69703.3333
2025-12-09,70161,20679,25222,37279,8800,9645,-9527641.00,-2531484.00,14646639.00,44034074.00,88910.5333,66647.7667,99468.7143,49528.4286,30844554.00,23848397.00,593479,734338,28169.6667,72069.3333
2025-12-08,74051,28975,34038,33888,13248,11728,-384611.00,-633133.00,7849321.00,33454374.00,88962.8333,66539.3333,103798.4286,50183,18977384.00,19225906.00,591439,716221,36067,84829
2025-12-05,64898,26262,25824,31227,10564,11072,-1054797.00,-1334270.00,6206485.00,27079863.00,88502.5667,66473.0333,107423.1429,57781.8571,14755862.00,15138835.00,619286,755239,72328,150816.6667
2025-12-04,77259,29272,29547,34296,10851,15180,-2423495.00,-880319.00,12007928.00,42507282.00,87181.1,66112.9667,112458.5714,70511.5714,24902346.00,23359170.00,612222,735170,71612.6667,140669.6667
2025-12-03,112330,52667,44496,59115,22253,22434,44711.00,-360964.00,15718780.00,53825906.00,84431.7667,65121.1333,108035.4286,70270.2857,32542159.00,32947834.00,602521,714336,69841,122581
2025-12-02,262861,135045,130206,105613,54173,64542,24935830.00,-2789771.00,49432318.00,137823908.00,77692.4667,61810.2,81984.1429,93697.7143,70810060.00,98535661.00,585314,685138,36011.6667,69747
2025-12-01,46818,27126,18036,24385,11909,10812,-1031666.00,-1433300.00,12962205.00,15487444.00,77752.4333,62582.1333,94510.8571,106616.1429,13030948.00,13432912.00,578236,673945,53454.3333,84231.3333
2025-11-28,58064,47352,22924,27783,18806,19230,1253218.00,4810309.00,30521613.00,17956089.00,77406.6333,61765.4333,95499.8571,111180.5714,20783378.00,17226287.00,590172,702274,77130.3333,102379
2025-11-26,104359,33557,53539,40304,13514,15075,561398.00,1351690.00,20847242.00,50153771.00,75192.6333,61057.7667,89888.8571,110445.4286,32735533.00,31945241.00,587908,695377,82937.3333,94715.3333
2025-11-25,90271,79454,44291,35713,36437,38474,770947.00,-18672654.00,173238891.00,29453164.00,73692.1,59091.0667,87415.7143,103903.8571,82947652.00,112086943.00,580145,678651,156131.6667,91459
2025-11-24,112507,118380,34503,64432,53142,53553,-9058246.00,1048797.00,96020960.00,33098252.00,71742.3667,56400.2333,82451.2857,94416,58521744.00,48414701.00,542053,614765,155856.6667,98791.6667
2025-11-21,81368,50978,39451,31993,23993,22767,1319613.00,4362445.00,47007382.00,22624482.00,72369.6667,56641.5333,79969.1429,89638.5714,31368025.00,28325193.00,586612,773902,165298.3333,93331.3333
2025-11-20,80502,299037,29828,40178,110028,183318,-5793649.00,-15591311.00,899648546.00,30395033.00,74297.7333,48083.9667,76691.7143,65309.1429,344048960.00,579043242.00,602185,748767,75089.6667,88191.3333
2025-11-19,134505,117555,47200,69078,50331,55611,-5508102.00,-1209323.00,152688096.00,49266400.00,72077.7333,45227.1,68746,52647,95496420.00,92887341.00,608072,715625,47125.6667,67676
2025-11-18,64987,79303,22235,36274,46751,26035,-813602.00,6315034.00,124273452.00,24297898.00,72188.7667,43365,70866.7143,56244,99512132.00,42370946.00,602319,702486,38013,71932.3333
2025-11-17,65082,28411,25181,34348,13297,11563,-2634677.00,713361.00,12840709.00,24772589.00,73117.5,44158.4,70440.8571,69851.7143,19288414.00,15940376.00,601441,685885,34388,71569.3333
2025-11-14,72959,33663,34165,31928,13220,16115,673885.00,346898.00,14382163.00,18489852.00,73122.7333,44003.2667,67664.8571,68439.2857,14617530.00,14944517.00,613514,708547,66077.3333,66436.3333
2025-11-13,77756,51965,35861,33991,17512,31910,1072971.00,-1258017.00,76420454.00,19123270.00,72546.1,43065.9667,65403.7143,65066.2857,29539956.00,63580670.00,620708,690068,58395.6667,66812.6667
2025-11-12,63993,17536,29453,29887,8218,7412,361524.00,2464021.00,11712029.00,17013599.00,71943.0333,43211.5,65114.1429,65927.8571,14172832.00,12070335.00,618231,684427,87377.6667,72092.3333
2025-11-11,57560,128731,24163,27677,74197,52923,-2409695.00,1272289.00,344617710.00,17481891.00,72324.8,40273.6667,74915.5714,56541,230465640.00,129480946.00,604054,664745,85689,73606
2025-11-10,78885,28920,31079,41961,12304,14056,-524754.00,153865.00,18548585.00,24223120.00,73228.5667,40530.8,81955.2857,64765.4286,20469169.00,19790550.00,590921,647576,83974.3333,65153.3333
2025-11-07,79832,104482,29770,42997,65036,31830,-67224.00,8835462.00,215732860.00,31639544.00,79331.4333,39975.7,97039.8571,59706.2857,204720168.00,34821011.00,580638,664465,58598.3333,59185.3333
2025-11-06,62101,123665,26988,27658,104449,17697,-1427798.00,-4238784.00,388578596.00,27675164.00,80543.7667,36596.9,100688.2857,47480.8571,372157600.00,40550526.00,579824,654256,25232.3333,59140.3333
2025-11-05,53527,23776,21833,25261,10824,10409,-639051.00,3963.00,14509945.00,23588110.00,81913.8667,36782.2667,98691.5714,47617.2857,17934783.00,17291769.00,576089,644820,38314.6667,83354.6667
2025-11-04,61928,28354,23546,31038,13111,13149,4877814.00,-2676540.00,21000797.00,40655569.00,85343.0667,37349.4333,100647.5714,47241.2857,23454434.00,31008788.00,572507,632110,57693.6667,105433
2025-11-03,61966,23567,27844,27828,10327,11311,109277.00,1028961.00,11266291.00,26040403.00,85350.8667,37650.1667,99093.8571,47342.1429,17721952.00,16802578.00,567482,617491,72860.6667,146585.6667
2025-10-31,126170,63023,52095,63000,28606,28510,-8589951.00,9209685.00,49027720.00,53702344.00,85146.5667,37119.6667,86443.1429,40977.4286,56829943.00,39030307.00,576962,653204,64548.6667,133742.3333
2025-10-30,128163,86491,48035,68427,37221,41188,-2989860.00,681702.00,91584025.00,74663493.00,84301.9,34929.2667,72398.4286,31894.7143,79052308.00,78124396.00,574691,627030,43962,104204.6667
2025-10-29,185424,69068,79052,90950,29272,34014,-9559467.00,1063339.00,24872984.00,81007556.00,80067,33244.1,54578.1429,27130.2857,54917112.00,44294306.00,554284,596546,29513.3333,67603.3333
2025-10-28,87640,38087,37943,39533,16034,16940,-3606766.00,-1741080.00,14170221.00,46372514.00,79030.3333,32568.5333,49003.4286,28872.7143,28574151.00,26708465.00,538612,572591,24908.6667,55420
2025-10-27,39550,24731,16164,19993,9453,9769,-2640591.00,820002.00,10492351.00,29543862.00,79933.6,32588.0667,50166.2857,28604.1429,20104963.00,16644370.00,527683,560300,22821.6667,54775
2025-10-24,75620,25722,38991,27342,10827,12202,6003625.00,432104.00,11502708.00,38359414.00,80214.1,33492.4,44783.2857,26690.5714,19424920.00,24996441.00,545773,582927,21885,39518.3333
2025-10-23,51090,24273,24217,20937,9386,10924,5661149.00,-3416079.00,16952915.00,24132296.00,81955.2,34412.9333,43949.7143,26144.8571,12826318.00,21903546.00,535544,569085,25699.6667,42715.6667
2025-10-22,37615,18470,16117,17538,8912,7065,-1263081.00,906107.00,7047617.00,17727175.00,81935.1,34300.3333,46292.5714,28885.5714,12354837.00,10185649.00,530327,564664,36304.3333,46383
2025-10-21,29850,22912,12501,14002,16362,5302,206262.00,-103956.00,4255617.00,17503214.00,82164.8333,33987.4,56340.7143,33929.1429,9869728.00,10179946.00,516072,560531,36284,52329.6667
2025-10-20,60682,35717,22882,31308,13144,17407,-5981127.00,-311169.00,27364952.00,50089041.00,81420.7333,33359.8667,67435.2857,34871,37740884.00,32070926.00,495235,535239,28487.3333,44748.6667
2025-10-17,48617,50284,25103,18838,19266,27149,932139.00,-1500088.00,16500626.00,30148622.00,81851.9667,32667.4667,70190.7143,32237.4286,20851740.00,23283967.00,537536,625277,18543.6667,43628
2025-10-16,47690,22851,17454,26140,9370,11687,-2617580.00,-4765462.00,14564778.00,16785479.00,81453.8,32329.2667,73137.5714,32321.5714,13741076.00,15888958.00,538602,624883,23478.3333,45736.3333
2025-10-15,37939,12327,15429,18191,5231,5987,-502481.00,44367.00,4640225.00,16397509.00,81865.5667,32666.0667,80995.4286,38019.5714,9847418.00,9272567.00,535900,618466,38775,66485.6667
2025-10-14,45255,20453,19428,21341,9514,7988,-3793773.00,1102119.00,13484951.00,42977383.00,81936.3333,32861.7333,84975.5714,39241.8571,28560338.00,23664446.00,534137,611484,46060.6667,97515.3333
2025-10-13,54015,37655,25206,24315,15032,19689,-390493.00,-1471211.00,24603189.00,24463427.00,81922.8,32599.9667,85895.8571,37269.1429,22551805.00,23632523.00,524294,595751,44125.3333,102145.3333
2025-10-10,100187,58217,44251,46396,25944,26344,3377037.00,-1293167.00,30301961.00,51096865.00,79681.2667,31235,78140.7143,32081.2857,35467380.00,40137584.00,532155,634118,32533,91522.3333
2025-10-09,138344,42310,59202,68390,21022,18694,-11196944.00,774327.00,19505330.00,86768682.00,76535.6,30605.2,68236.2857,31836.4286,47883854.00,51531688.00,519586,594548,35834,76389
2025-10-08,67905,31849,31932,28604,12401,15855,607965.00,-73688.00,15583739.00,40644786.00,77044.2667,31081.8333,73678.1429,32520,24899104.00,25580757.00,512259,587837,34887.3333,78126
2025-10-07,68318,23440,33612,29673,9217,12390,1935381.00,173565.00,9308765.00,34585841.00,75831.7333,30879.8,101478.1429,41718.4286,19413304.00,21175120.00,507658,578836,35022.6667,75505.6667
2025-10-06,92944,52213,43530,39574,15147,30461,1888182.00,-4453452.00,24690558.00,47338447.00,75750.1333,31118.3,102267.7143,37445.2857,28534287.00,35422921.00,481466,561688,24919,59824.6667
2025-10-03,73116,29009,31036,34635,12861,12528,1416819.00,238464.00,10351093.00,23855275.00,75135.5333,31235.8,105341.1429,37492.1429,14774756.00,15953111.00,502302,603369,28781.3333,58457
2025-10-02,60457,23846,28303,25987,9501,11781,-433358.00,-110344.00,8906114.00,24844006.00,73948.7333,30925.7333,120247.8571,40566.8571,15551170.00,15228156.00,502374,604319,33044,73637.3333
2025-10-01,45901,21902,20134,20842,7921,11163,-585682.00,-2631130.00,25731135.00,19012946.00,73811.8667,30990.2333,122576.2857,42093.5714,18092767.00,20138215.00,498786,597067,55019.6667,145976.3333
2025-09-30,69013,40596,26348,35852,19559,18145,-7006657.00,4826758.00,25670746.00,34624437.00,72974.7333,30761.6,129866,43023.8571,34044739.00,22211324.00,481526,581219,48921.3333,155795.6667
2025-09-29,105998,36634,40248,54743,15350,16026,-6512797.00,-365228.00,14644211.00,44392575.00,71328.5,30539.2667,129412.4286,40758.8571,29709576.00,23562007.00,465569,563598,46489,152006.3333
2025-09-26,262918,87829,123634,120168,36479,42050,3071387.00,918004.00,29200682.00,97160683.00,63576.4,28161.2667,100192.2857,30856.5714,57375576.00,59528959.00,472522,588818,32335.6667,119301.6667
2025-09-25,98471,22301,40107,49309,8285,11684,947601.00,-2478680.00,12906316.00,31469163.00,61812.9,28186.2333,94202.1429,30216.4286,18437617.00,21863898.00,470096,579720,35765,107211.3333
2025-09-24,94630,29337,40823,44773,11700,14357,-2011004.00,-190505.00,15364594.00,41850824.00,60412.3333,28058.1667,90204.7143,29642.1429,27085316.00,25264817.00,463036,556233,41688.6667,115681.6667
2025-09-23,164804,45369,75318,77617,22969,18518,2678568.00,1462414.00,19721198.00,76494473.00,55995.0667,27272.6667,78666.2857,30711.1429,44362012.00,45578166.00,447734,525987,33492,95021.3333
2025-09-22,62200,32589,22872,31481,14901,14932,-701771.00,-975651.00,21363792.00,30391457.00,55528.3667,27134.3667,84541,33468.2857,22924748.00,23198628.00,436581,508573,28800,93747
2025-09-19,120041,47108,49968,58740,19367,23738,-2226450.00,2361199.00,20710023.00,38151029.00,53476.2667,26723.4667,72679.7143,28894.5714,29207201.00,24619552.00,556085,613755,19037.3333,72580
2025-09-18,102823,20779,48132,46560,8718,10307,-133760.00,345693.00,9239103.00,28104859.00,51544.2667,26600,63239.5714,27858.1429,17514416.00,17034963.00,553706,593342,20550,60521.6667
2025-09-17,58377,18513,25484,27480,8631,9033,-1286233.00,-49826.00,7554031.00,22359877.00,50780.2667,26675.1333,60379.8571,27626.4286,14664831.00,13428424.00,549176,584120,31996.3333,69074.3333
2025-09-16,56540,17820,23414,28555,8160,8022,1924776.00,1093434.00,11932684.00,26273698.00,50657.3,26857.1333,61096.1429,29296.7143,16039542.00,16870884.00,548332,572655,43352.6667,84668.6667
2025-09-15,66648,25317,27354,34199,11309,11896,-2176152.00,1869732.00,13505925.00,28010123.00,51332.8333,27502.9667,56681.4286,27495,21494103.00,17448219.00,535268,554164,39944.3333,74790
2025-09-12,84035,52852,34125,41631,22627,25280,-4842819.00,330573.00,27300349.00,38169176.00,51040.2667,26831.6,51861,23149.1429,32767925.00,27594533.00,542823,573061,26835,59025.6667
2025-09-11,103323,51889,40886,54663,26068,22245,-6390509.00,2776121.00,22504382.00,41368789.00,50681.9667,26456.3667,43868.8571,19496.8571,34386848.00,25220218.00,530864,545327,15169,37371
2025-09-10,37012,15092,16602,16693,6942,6774,-964786.00,-749789.00,6677975.00,18797803.00,55108.5,28000.8,46239.8571,21598.2857,11892608.00,11677611.00,526633,538635,19975.6667,45551.6667
2025-09-09,36742,13524,15397,17588,5202,7094,-1718486.00,-712480.00,6726839.00,22339962.00,56683.2,29341.4,45696.8571,22133.1429,14112839.00,13106833.00,522498,531223,19702.6667,45219.3333
2025-09-08,38359,16891,17806,17130,6905,7558,-1351378.00,241885.00,5532467.00,18141427.00,56952.6,29618.6,46499,23065.2857,11619903.00,10050184.00,516200,520212,21549.3333,49197
2025-09-05,61554,29512,27190,28683,12554,13527,-2224064.00,222806.00,9474324.00,25436479.00,56388.5,29480.9333,49586.2857,25441.8571,17560022.00,15113152.00,525983,539622,20486.3333,44471.6667
2025-09-04,35745,12705,14093,16902,4751,6490,-2436916.00,-2972265.00,8107119.00,17745751.00,58573.3,30188.9,49043,26109.5714,10750615.00,11285964.00,525674,536384,26185.3333,50426.3333
2025-09-03,50292,22431,18385,26769,10881,9444,-4790063.00,2350929.00,12427989.00,33958968.00,58401.8,30382.4333,54786.4286,31386.2857,25010961.00,17869969.00,519244,522701,24464.3333,44642.6667
2025-09-02,47378,26323,22003,20124,10852,12778,1463991.00,-526151.00,12660413.00,26080516.00,58161.4667,30173.7667,55829.2857,32273.5714,15970119.00,17970042.00,512744,511541,23495.3333,43508
2025-08-29,53609,29802,22538,26076,13530,13966,-1394175.00,248828.00,9675592.00,28851359.00,58774.9667,30347.6667,51721.2857,30093.8571,18619264.00,16976261.00,530911,531261,28944,53360
2025-08-28,32941,17268,13943,14709,7036,8516,-764912.00,2056693.00,6966459.00,16145890.00,59826.4,30517.3667,52986.1429,31032.2857,12168607.00,8823502.00,527453,529673,28981,53027
2025-08-27,43974,23416,18329,21560,9638,11749,-898435.00,-439604.00,7895240.00,21581220.00,60016.0333,30234.4667,52975.4286,32506.7143,13738254.00,13279423.00,522458,527067,40965,68534.3333
2025-08-26,83165,46148,37058,37878,17075,22779,-2163051.00,72236.00,17696642.00,44425249.00,60172.6,30194.5,49182,30194.7143,29645676.00,27410389.00,506480,505336,36427,59038.6667
2025-08-25,31942,17379,12768,15483,8512,7282,-2048351.00,1844538.00,7993760.00,16046675.00,61679.8,30846.1333,48955.2857,30067.5714,13104794.00,9159275.00,500597,496039,35482,56675.6667
2025-08-22,90496,59368,42784,39425,20927,31893,1643336.00,1034944.00,27674469.00,47721601.00,61505.1,30170.2667,42536.7143,24879.2857,34132748.00,34741140.00,500908,508062,23638.3333,40442
2025-08-21,54678,32534,20348,29562,13991,16229,-3641070.00,4857907.00,19662913.00,17983576.00,61825.5,30290.9,42241.7143,23873.7143,22023034.00,13524057.00,480804,491598,24039.3333,36849
2025-08-20,24853,14544,11663,10605,7168,6337,682217.00,2590141.00,8479178.00,12012300.00,66851.0333,32487.3333,43303.5714,24910.8571,10349908.00,8376984.00,476054,487981,29179.3333,47435
2025-08-19,41795,23837,15574,21144,11305,10320,-1760403.00,423906.00,9509398.00,19621826.00,67419.1333,32315,44218.4286,25568.4286,14472622.00,12288313.00,469984,478978,26730,43621.6667
2025-08-18,43899,33737,16287,23782,13836,16250,-1577342.00,1826881.00,12175266.00,28286873.00,67713.5,31916.1,46301.1429,25717.5714,19790371.00,17095998.00,457134,464862,23167.6667,44177.3333
2025-08-15,56611,29964,25156,25400,11952,15610,-629582.00,-756310.00,6448119.00,29638985.00,68720.3667,32275.3,44622.8571,23876.2857,16419147.00,16545875.00,553381,556202,21678,42844.6667
2025-08-14,30355,16489,14915,13170,6039,8926,2771348.00,-1194137.00,5576767.00,20810480.00,70149.0333,32434.5,45351.7143,24487.4286,10670283.00,14635768.00,551157,549568,23449.6667,43488.3333
2025-08-13,45566,23050,21132,19347,10522,10624,-167462.00,656899.00,7863125.00,22840862.00,70523.4333,32378.5,46392.4286,24520.2857,14297873.00,13473512.00,548461,543728,25246.3333,44366
2025-08-12,52613,25495,28368,19898,10874,12006,8821689.00,721163.00,9867041.00,33027152.00,71113.1,32736.7333,51292.5714,27262.7143,15765439.00,24840915.00,546087,539082,28341.6667,46321
2025-08-11,32286,21804,11804,15867,11040,8888,-1466780.00,726834.00,8270033.00,19956492.00,76993.6333,34300.5667,57431.4286,28820.8571,14015143.00,11821529.00,541626,533503,26765.3333,50513.3333
2025-08-08,48199,28440,22955,21558,13209,13004,1096534.00,107816.00,9694193.00,24075863.00,77465.6667,34565.6333,63770.7143,30562.5714,15253986.00,16242704.00,550337,563466,24207.6667,46266
2025-08-07,58478,34781,27202,26122,14144,18671,3614540.00,-2895276.00,12954515.00,21915627.00,76685.1333,34015.9,79675,34368.8571,12569994.00,20727555.00,545260,560572,20374,44390.3333
2025-08-06,44863,17075,28767,13099,5471,10011,7122887.00,-1955441.00,8130761.00,48478028.00,76169.5,34044,85263.5714,39607,10039729.00,45095257.00,538806,554760,29579.6667,58407.3333
2025-08-05,35457,20767,15599,17020,8447,10420,-315050.00,72601.00,7806322.00,18650475.00,76330.6,34135.1667,86832.7143,40241.2857,12597097.00,12209446.00,535005,555486,33561,71674.3333
2025-08-04,52851,23280,23383,24009,10033,11619,1805224.00,-844179.00,7733774.00,23290260.00,76449,34511.7,85658.4286,40541.5714,12782942.00,15432345.00,529709,545827,39345,84915.3333
2025-08-01,86914,44692,40788,39256,21727,19761,3484701.00,1225408.00,22663934.00,39072631.00,76036.1333,34493.9,87712,39006.1429,26808070.00,31851995.00,552063,591029,44922.6667,112546.6667
2025-07-31,75258,32711,31044,38775,13947,16374,133561.00,-3312370.00,15237941.00,38718506.00,76676.9333,34790.9,83410.4286,38367,24912003.00,26280804.00,553599,580219,51933,115455
2025-07-30,92574,40632,38161,45256,18183,17518,-5597740.00,-1220961.00,16509926.00,44811970.00,75620.2667,34774.1333,75923.8571,35428.5714,30801467.00,25957188.00,548904,574148,46791.3333,100077.3333
2025-07-29,169808,61425,67779,88737,28054,25473,-6568902.00,2527940.00,21554521.00,85023305.00,74474.0333,37781.7,61953.2857,31656.2857,54413839.00,45912997.00,539536,536251,34777,58351.6667
2025-07-28,83983,53742,40264,36303,22079,25530,304931.00,-1666976.00,21549729.00,62974067.00,79230.2,42940.6,59167.7143,27173,38252248.00,40224155.00,521801,518160,28177.6667,64120.3333
2025-07-25,46441,25207,20700,21420,11488,10662,1062939.00,-4050887.00,14634450.00,28836530.00,79547.8,42878.4,59628,25704.7143,15811390.00,20925216.00,537754,545889,29187.6667,63689
2025-07-24,44631,25382,17555,21708,12951,10595,-781372.00,2879498.00,11470574.00,25699287.00,79929.8667,42939.1,65803.8571,28500,18614985.00,14954115.00,531676,539870,27414.6667,62201.3333
2025-07-23,101289,33944,48847,45199,13858,17328,-418715.00,-943393.00,11914618.00,55480777.00,79885.4667,43063.4333,62356.5714,28926.2857,31780137.00,32304815.00,525853,528850,27773,52443
2025-07-22,45147,28237,24475,17574,14258,13231,4442416.00,255061.00,8039572.00,26248274.00,80443.2,43109.8,68086.2857,30477,13984988.00,18809943.00,518329,518445,25813.6667,58888.6667
2025-07-21,40168,20063,19474,17354,9597,8390,466552.00,478761.00,7539069.00,23065797.00,80488.7333,43242.2333,71532.2857,32775.5714,13971872.00,13959663.00,513623,511171,24102.3333,62053.6667
2025-07-18,72014,35019,23081,30517,16344,14792,-4244231.00,1526215.00,8777927.00,68962428.00,79561.9333,42844.3,86333,39263.8571,23046217.00,17275771.00,592018,602166,27412.3333,67336.3333
2025-07-17,64484,22359,31219,28338,8609,11913,1608802.00,-245977.00,6426785.00,32014987.00,80705.9333,43132.9333,85526.4286,38736.4286,17001038.00,18855817.00,585958,600129,32268.6667,71561
2025-07-16,49663,14929,19296,26692,7058,6502,-198939.00,429677.00,5660009.00,26762111.00,81608.9333,43963.5,85964.5714,39713.7143,15537629.00,14909013.00,584220,595321,40323,83425
2025-07-15,87862,44949,36893,43180,20456,19623,-3516438.00,5763231.00,19132995.00,47119740.00,81086.1667,43740.8667,85815.2857,39112.4286,34753088.00,25473419.00,560740,570586,37391,75567.6667
2025-07-14,77158,36928,31315,34635,11963,16572,-1353190.00,-1053560.00,12591030.00,78524388.00,85932.2667,45061.4667,85252,36874.8571,36973740.00,33222860.00,546935,551992,51894,108388
2025-07-11,85255,39092,34835,35601,14883,17396,598840.00,354572.00,14812822.00,55176518.00,84164.7333,44374.1,81186.7143,34343.1429,23751790.00,23996058.00,569210,576683,45085.6667,99582.3333
2025-07-10,64290,36153,28524,31187,16763,16122,2347353.00,1315033.00,9778832.00,42357502.00,83488.1667,43798.3333,82045.7143,34355.8571,24333114.00,25365434.00,560818,561668,40291.3333,95729
2025-07-09,175619,80437,81023,70460,33882,40090,11004307.00,-6667357.00,25823935.00,157952773.00,79449.7,42211.3667,86771.8571,32681.8571,74517800.00,91176914.00,542047,545052,27059,66128.3333
2025-07-08,58838,18667,26513,27552,8586,7900,-2938333.00,1295733.00,6998489.00,47584990.00,78522.7333,42249.8,87275,35214,27466351.00,23232285.00,537327,538371,27925,70920.6667
2025-07-07,52730,21770,24122,23580,9072,10555,-2195956.00,-298104.00,6632795.00,31264679.00,78431.8,42521.6667,84751,34716.7143,18601912.00,16693188.00,531209,530532,27791.6667,72276.6667
2025-07-03,86817,40740,38763,34041,23110,13645,3953527.00,-454391.00,6833288.00,39871435.00,77710.1,42201.1333,76547.7143,31456.4286,18274940.00,22683175.00,532119,549756,26292.3333,66772
2025-07-02,73215,21265,36804,30425,9192,10716,3748067.00,-866419.00,5815703.00,42428851.00,76897.8333,42517.3,71844.1429,31776,19428419.00,24042905.00,527780,546951,42110.3333,111934.3333
2025-07-01,56798,21370,23329,29411,9946,9523,-4204511.00,1548666.00,11217987.00,20855691.00,79238.0333,43413.4667,71787.7143,33662.5714,18008563.00,12255386.00,523515,544736,47117.6667,113788.3333
2025-06-30,70303,36242,28470,33053,19822,13471,1896912.00,2418585.00,11880915.00,35325655.00,81466.1,43647.1667,72391.2857,34793.4286,22190268.00,21668595.00,512374,531649,41133.3333,102041.3333
2025-06-27,208702,68719,105296,85801,25472,37673,10367634.00,-196891.00,21788353.00,84014295.00,84137.8333,43583.4667,56074.1429,30922.2857,43170895.00,54206014.00,527108,531045,24199.6667,42272
2025-06-26,62360,36392,30664,24726,14262,16693,2531368.00,557699.00,10039101.00,20539319.00,87065.7667,44238.0667,55861.8571,31456.1429,12517222.00,14490891.00,524018,536068,19903,34915.3333
2025-06-25,35062,18289,13148,19117,8985,7840,-1772363.00,411696.00,6146106.00,12673832.00,88845.7333,45333.1667,70198.8571,50508,9931654.00,7747595.00,520769,528665,25332,42029
2025-06-24,29394,17918,12064,13550,9692,6963,-807986.00,377887.00,7325068.00,13745332.00,91328.2667,46251.2,98380.8571,77735.2857,10242097.00,9061054.00,516324,522147,34078.6667,57073.6667
2025-06-23,40290,23502,19477,17723,8762,12462,-909699.00,-1179802.00,8735452.00,15748556.00,96681.9,48071.3333,100620.7143,77712.2857,11197783.00,11467886.00,512078,514198,40118.3333,75137.6667
2025-06-20,56403,34576,25405,26566,13766,17885,376257.00,-646386.00,9264542.00,20806238.00,95603.4333,48031.8,100576.4286,76659,13590374.00,14613017.00,648977,680142,41969.3333,76628
2025-06-18,74528,44158,21201,46668,20432,19834,-3915553.00,1431593.00,23579988.00,22800159.00,94090,47477.3,104209.1429,75732.7143,24683883.00,18666007.00,646193,675141,77800.6667,96925.6667
2025-06-17,94482,41621,36853,44624,20092,17844,-1545179.00,868511.00,13778042.00,30094670.00,92358.1333,47043.6,99551.5714,74019.4286,20372592.00,17958902.00,638695,662224,133430,140987.6667
2025-06-16,60874,40129,26981,27204,17012,19323,-1859424.00,47332.00,11844231.00,26513540.00,92812.7667,47129.2,96788.7143,71720.4286,18725587.00,16818831.00,627167,649204,127834,139352.6667
2025-06-13,135421,151652,57907,63719,67955,70528,1715983.00,889309.00,39492896.00,57652755.00,89919.9,43170.8667,83758.5714,53353.1429,42742779.00,46919453.00,658288,668262,86351,112910
2025-06-12,226668,208509,89932,108334,97168,96335,-2354499.00,4565117.00,59262766.00,108781966.00,83799.6,37563.6667,65492.2857,27997.2857,81424742.00,73873763.00,607200,601534,29406,70673
2025-06-11,55969,23341,24636,25048,10835,10344,1144206.00,-601169.00,7191685.00,20149630.00,83163.7333,37568.5333,68461.4286,30355.1429,11641623.00,13386998.00,600208,591251,31501.6667,72643
2025-06-10,56093,27203,21216,28595,10981,11903,-3373321.00,348866.00,8866117.00,39570015.00,83520.5,38396.4,70759.4286,31936.1429,20400670.00,16678483.00,591237,579683,30446,67790
2025-06-09,99957,37674,47570,43251,14157,17387,1459159.00,896235.00,15734558.00,57436382.00,82382.7667,38588.0667,88271.4286,37489.2857,32909752.00,33472676.00,580826,568199,25581.6667,49207.6667
2025-06-06,61879,29628,26213,26776,13480,14024,1172221.00,-68422.00,7737050.00,26825060.00,83182.2667,39187.6333,84035.7143,35895.4286,15247782.00,16488425.00,594908,587582,26045,61516
2025-06-05,41534,24036,15893,21721,10890,11053,-2642381.00,-366418.00,10700782.00,21858134.00,86917.8333,41573.7667,84387,35158.8571,16440064.00,14164101.00,592318,580699,31315,73255.6667
2025-06-04,44210,23081,18876,20605,11101,9291,545655.00,1831609.00,10067274.00,22952535.00,87514.9667,42436.6667,85852,36551.2857,15568725.00,14282771.00,588621,572888,36378,82578.6667
2025-06-03,98804,31018,43299,43769,12971,14722,1264852.00,-2760218.00,12474791.00,56125417.00,85359.8,42627.8333,76169.8571,34951.5714,29250371.00,33075762.00,579581,562451,51554,123824.3333
2025-06-02,76753,39846,32810,31541,14358,21618,-1854780.00,-2852070.00,15028968.00,36540804.00,85306.0667,43566,72348.2857,33534.4286,22062923.00,23060213.00,569130,546179,44429,108983
2025-05-30,72179,38270,30641,33721,17031,17563,1205307.00,418762.00,8564699.00,24961411.00,84210,43945.3333,71346.4286,32513.5714,14996720.00,15783265.00,593077,583347,37965.6667,99587.6667
2025-05-29,222541,76546,99406,102140,34635,35744,4705128.00,24379.00,19256721.00,96414412.00,78898.3,43746.2,46533,25971.2857,50801878.00,53890179.00,576019,577926,23393,43562.3333
2025-05-28,32229,18471,13676,15064,8227,8668,-2023160.00,-557848.00,7024275.00,20245209.00,79363.9,44166,60072.2857,30226.1429,13397822.00,11932510.00,570889,571922,23842.6667,43162.3333
2025-05-27,43993,18880,16349,19664,9077,7898,-2477418.00,-473008.00,4984276.00,17567584.00,79373.0667,44744.3333,73379.7143,33708,11187436.00,9183026.00,562257,563012,27524.6667,45165.3333
2025-05-23,54465,32828,25481,22024,13251,16322,785652.00,-124344.00,8302986.00,22667424.00,79036.1667,45193.6333,106863.8571,38562.2857,13297979.00,14207975.00,582486,601658,26956.6667,48732.3333
2025-05-22,31029,19820,12911,14700,9033,9059,-1404532.00,-466641.00,4836472.00,10950765.00,81526.4667,47015.9667,123888,43735.1429,7817313.00,6879422.00,578315,594988,30600,54671.6667
2025-05-21,50002,29926,18636,25619,14732,10825,-2015595.00,1153163.00,11596783.00,22575289.00,82383.5,48828.9667,129382.1429,46766,17187986.00,14019228.00,572506,590975,36709.6667,80339
2025-05-20,65166,31124,29784,27705,10382,14850,1991275.00,-70899.00,13772543.00,33060152.00,82982.1,49935.0667,134911.2857,48813.8571,19162256.00,21224430.00,565077,585538,40752.6667,104332
2025-05-19,48847,30750,19771,23245,13637,14971,113006.00,1306997.00,13028987.00,20867506.00,85981.1667,54560.6667,156633,55579,16532947.00,15338956.00,554751,576448,52772,184334.3333
2025-05-16,127004,48255,52577,56745,21048,19222,2378904.00,-1772180.00,12782107.00,51896292.00,86194.6333,56223.6,141925.1429,53455.4286,25195619.00,29346703.00,645832,673871,55363.6667,192065.6667
2025-05-15,137145,43253,55761,65264,20372,17987,2613804.00,2042990.00,11614209.00,72005850.00,83058.4333,55620.6,126493.7143,51208.2857,33305027.00,34528641.00,640845,668539,57993.3333,175837.6667
2025-05-14,288854,66808,127762,138730,26355,34927,215393.00,-9164721.00,39844931.00,120446008.00,76070.1333,54919.3,91304,45751.4286,69105956.00,79324820.00,622271,611589,50877,114176.3333
2025-05-13,150198,56030,71276,63509,23625,25816,5343746.00,-221555.00,18563242.00,89176370.00,72490.1667,53989.0333,80491.8571,43846.7143,47061551.00,52626852.00,614072,605725,58235.6667,131076.6667
2025-05-12,88461,51142,36453,38163,21706,23415,-1851923.00,2702811.00,20270155.00,50792991.00,72211.1,54272.4,74802.4286,41241,34056443.00,29501709.00,602062,593011,52318.3333,109606
2025-05-09,103870,45459,45414,47224,16163,18884,1910105.00,643329.00,16908432.00,40813402.00,70247.0667,53613.3667,66115.1429,40503,24953494.00,26220270.00,608668,614530,46339.6667,84691
2025-05-08,200899,78106,89973,85743,30850,40216,3444292.00,-1601626.00,26721067.00,80859829.00,65764.9667,52225,42685.7143,32700.2857,45156641.00,50202559.00,592781,578930,29841,31900
2025-05-07,24049,33390,10110,11004,15024,14765,-1207654.00,1418507.00,16639046.00,12688884.00,67806.9667,52176.3667,48792.4286,35364.4286,14820748.00,12194587.00,580650,574540,32943.3333,48721.3333
2025-05-06,29125,27523,12459,13144,12844,11702,1064642.00,988019.00,9470277.00,15064703.00,70555.1,52928.9667,54035.2857,37636,11144386.00,11221009.00,577157,569564,34736.3333,55224.6667
2025-05-05,42526,28610,19093,18230,12207,14132,2873853.00,-399969.00,10341725.00,26251920.00,78537.3,56508.2667,60226.4286,40351,15207399.00,18481221.00,569763,564483,38630.6667,55402.3333
2025-05-02,74513,42697,35406,29804,19213,20203,2627838.00,-19623.00,11523650.00,45132157.00,77351.7333,56328.3667,71524.7143,47911.4286,23825151.00,26472612.00,590233,594991,32227.3333,42862.3333
2025-05-01,48635,32902,18014,26311,15188,15269,63043.00,1906237.00,11093009.00,20775070.00,79268.8333,57668.1667,73451.7143,50206.5714,15555159.00,13711965.00,578336,593730,38606.3333,48916
2025-04-30,43059,40293,22699,16154,17387,20139,4680702.00,1323137.00,15590560.00,20279420.00,78496.0667,57040.8333,72178.8571,49700.8571,15110080.00,18467645.00,566659,586986,39650,56504.6667
2025-04-29,36893,23487,16694,13584,9213,11741,4805661.00,-1153074.00,13270696.00,26926835.00,78010.6667,56882.3,77642.8571,56058.5714,14002076.00,19960811.00,558078,577991,47692.6667,72828.3333
2025-04-28,66796,52039,30519,27442,23194,23464,1349171.00,4987023.00,22243355.00,43288655.00,77246.0333,56147.0667,73714.4286,55717.2857,30278885.00,26641033.00,538226,564598,62219.6667,101763.3333
2025-04-25,65825,43424,27776,30978,19102,21091,-4628491.00,-1685618.00,18298520.00,34515331.00,76209.3667,55590.7667,73338,59595.5714,26071884.00,23129011.00,577814,606367,64067.6667,100529.6667
2025-04-24,85864,47615,35070,30147,21598,22364,249738.00,1063302.00,18515363.00,46274713.00,75170.1667,55056.1,67671.2857,57231.2857,28064293.00,27250729.00,565886,599230,60447,83291.3333
2025-04-23,153601,95620,63476,76938,43295,44564,-4081250.00,6891461.00,34422533.00,111019406.00,72241.9333,53167.0667,52052.2857,48747,75464030.00,59899559.00,532640,580902,51237.3333,57138
2025-04-22,62124,48968,32154,24623,22443,21161,3615139.00,-1979599.00,16477016.00,24529563.00,71954.7,53064.7,49514.2857,48366.8571,16428420.00,22087308.00,514186,568879,51464.6667,49529
2025-04-21,34149,36753,18306,13018,17350,17478,2703809.00,-951468.00,13783543.00,16379401.00,73955.2333,54030.8,59741.2857,53757.8571,12203647.00,15858924.00,500387,556423,62737.6667,59209.3333
2025-04-17,75141,67991,37470,30222,28548,34288,1967101.00,1051714.00,29511469.00,45113631.00,73332.3,53262.8667,59823,56090,35042930.00,35958317.00,566309,652166,50429,49561.3333
2025-04-16,39297,49650,17190,18752,20197,24154,-140399.00,-3573959.00,34600901.00,14927812.00,73609.0667,52402,66084,58183.8571,19340199.00,22494559.00,563921,642939,45955.6667,51218.3333
2025-04-15,63190,70572,27060,32357,31105,33238,-4531248.00,3207207.00,34129368.00,36362535.00,74837.2333,52216.9667,76888.1429,72319,39204344.00,28399239.00,545313,623258,37867.3333,44941
2025-04-14,46197,31065,21391,21353,13139,15441,968479.00,18582.00,17447254.00,26317652.00,74940.2333,52049.6667,89346.8571,81901.5714,20301869.00,21251766.00,541711,613752,52342.3333,64788
2025-04-11,44268,36230,19874,20626,15554,15718,166599.00,733207.00,17302034.00,18542381.00,74681.1,52039.7667,89174.1429,80320.5714,16424148.00,15857540.00,572229,653090,68371,75269.6667
2025-04-10,44358,46307,18607,23402,23028,21664,-1883095.00,878641.00,29902521.00,25813724.00,74713.9333,51508.2,94152.2857,80243.7143,28252620.00,25490884.00,562943,648204,74371,88191.6667
2025-04-09,105738,74490,49274,51778,33034,33878,3231158.00,-872011.00,56090963.00,56795928.00,73510.1,50199.7,85161,73619.7143,51044213.00,55251132.00,542790,628700,106047,99218.6667
2025-04-08,75713,84316,35446,35355,39510,38846,98571.00,2350547.00,60000243.00,39945074.00,72327.133333333333,48020.566666666667,85786.142857142857,70095.000000000000,47737862.00,45003729.00,522973,618857,110656.000000000000,118450.333333333333
2025-04-07,83124,64307,34730,43361,30067,28677,-506335.00,-10451138.00,84940567.00,42818134.00,71977.900000000000,46935.266666666667,80332.571428571429,64578.000000000000,54233450.00,64178253.00,510305,593781,97608.000000000000,105095.333333333333
2025-04-04,138819,169518,59817,69753,78016,80029,-5789639.00,-7115717.00,175683593.00,57035553.00,69812.333333333333,43387.066666666667,69992.142857142857,45569.000000000000,106460525.00,107786603.00,485399,611043,56358.333333333333,85224.000000000000
2025-04-03,133408,98143,48305,68691,49550,40821,-2756935.00,11506024.00,93647556.00,36385454.00,68086.900000000000,41274.733333333333,63120.857142857143,36110.142857142857,66841281.00,50843842.00,490809,589413,33018.000000000000,55021.000000000000
2025-04-02,43059,25163,18553,21335,11330,12233,-2099883.00,-630597.00,9941560.00,15006953.00,68486.666666666667,41422.766666666667,72908.000000000000,39672.714285714286,12283544.00,10814258.00,483823,575163,44511.333333333333,67364.333333333333
2025-04-01,79205,45769,31751,39035,19118,23734,-4190714.00,-709309.00,20281179.00,34468564.00,68792.833333333333,40930.200000000000,101877.571428571429,52561.285714285714,26199299.00,22717894.00,469691,545463,37817.666666666667,55945.666666666667
2025-03-31,42799,28122,21464,17309,10805,14634,416656.00,-178008.00,12036437.00,15844287.00,69619.833333333333,40699.666666666667,101327.142857142857,53872.428571428571,12579204.00,13173868.00,465687,534848,40595.333333333333,63824.666666666667
2025-03-28,80089,59643,35078,39405,25872,28380,-2524751.00,1038775.00,18837710.00,26873090.00,69961.533333333333,40051.333333333333,105049.857142857143,55794.285714285714,22894969.00,19331443.00,485115,582978,31358.000000000000,65564.666666666667
2025-03-27,44949,25688,19107,21490,10394,13370,-1844779.00,-286176.00,7317747.00,13751362.00,70796.833333333333,40210.566666666667,101468.000000000000,55192.142857142857,10353931.00,8795328.00,477153,573851,39495.666666666667,87771.333333333333
2025-03-26,66436,36455,29992,30277,16693,16164,-1796953.00,-1904200.00,14372944.00,23251850.00,69882.366666666667,39586.800000000000,95167.285714285714,52660.142857142857,17110842.00,17218089.00,472893,564685,72673.666666666667,159623.333333333333
2025-03-25,85309,31931,41061,37510,14176,14371,-7077499.00,385463.00,9912878.00,64926573.00,68034.833333333333,39003.166666666667,89245.571428571429,52381.714285714286,39173339.00,32572877.00,462975,549024,74463.333333333333,144169.000000000000
2025-03-24,111569,50101,49551,45642,21256,23545,245544.00,-581198.00,17495958.00,45092220.00,66192.200000000000,38643.533333333333,78267.857142857143,49043.714285714286,26547867.00,27374609.00,449876,522530,82128.333333333333,142362.000000000000
2025-03-21,281992,135989,134360,125022,62751,61849,9157950.00,1534271.00,39706597.00,102229745.00,59671.800000000000,35305.833333333333,45795.857142857143,34127.428571428571,61640737.00,68899416.00,522953,622542,43956.333333333333,54990.000000000000
2025-03-20,38946,37300,17757,17232,17114,17472,-675513.00,2006190.00,15042950.00,15468079.00,60706.333333333333,35371.800000000000,49625.571428571429,34363.000000000000,15512057.00,12830354.00,523117,620745,37766.666666666667,49451.666666666667
2025-03-19,106148,73096,49148,47376,32606,34387,1692145.00,251844.00,23604089.00,48828769.00,58373.566666666667,33521.633333333333,42105.428571428571,30477.428571428571,32809897.00,34250198.00,503810,604410,23395.333333333333,28688.000000000000
2025-03-18,19876,21473,9841,8044,9734,9811,287075.00,1520850.00,10238219.00,6103814.00,59009.000000000000,33442.000000000000,52718.142857142857,36800.714285714286,8192845.00,6959070.00,496524,601693,25149.333333333333,33637.666666666667
2025-03-17,22331,18731,11275,8187,8767,7916,84058.00,1083465.00,9922583.00,6450323.00,60237.366666666667,34962.900000000000,57592.714285714286,40546.714285714286,7915903.00,6916496.00,494716,597843,29430.666666666667,44423.333333333333
2025-03-14,43857,29982,18692,20228,12760,14335,1012260.00,844705.00,9851922.00,13616816.00,61708.966666666667,35538.533333333333,58127.428571428571,39667.000000000000,10657563.00,10825118.00,512048,623830,32419.666666666667,51722.333333333333
2025-03-13,34725,26735,16605,15325,11474,12416,1418126.00,490230.00,13070474.00,11828031.00,64791.200000000000,37361.966666666667,67457.428571428571,45136.428571428571,10758683.00,11686579.00,508468,619853,38807.000000000000,57983.000000000000
2025-03-12,54688,31575,24232,26198,13360,15101,-1684481.00,-291391.00,13873981.00,23080912.00,70901.700000000000,40847.600000000000,66685.857142857143,44346.571428571429,17615970.00,16222880.00,501174,606567,50194.000000000000,71142.000000000000
2025-03-11,65754,38949,31014,29642,17007,18522,-3875041.00,-144599.00,39317911.00,29449935.00,71200.766666666667,41204.366666666667,62505.857142857143,43915.714285714286,33657025.00,29959783.00,496821,592000,52195.333333333333,68041.666666666667
2025-03-10,53507,45897,20242,26107,23071,17607,-1740999.00,5352310.00,44819825.00,22886636.00,72653.466666666667,42369.966666666667,61339.571428571429,41696.142857142857,32271406.00,25178097.00,489214,579851,44837.666666666667,66072.666666666667
2025-03-07,94165,65736,35289,47706,31441,29178,-3550757.00,8505593.00,47933696.00,26856240.00,71718.966666666667,41239.800000000000,57833.571428571429,37338.857142857143,43330313.00,26898963.00,492679,596762,44599.333333333333,68029.333333333333
2025-03-06,56453,44953,26028,25313,16003,25999,1804956.00,-7627019.00,30940341.00,19503556.00,70979.733333333333,40318.366666666667,55515.142857142857,33623.000000000000,18530650.00,28257625.00,483659,582069,38297.000000000000,65640.666666666667
2025-03-05,47600,23824,19842,23994,10328,10042,-2015985.00,374075.00,13796924.00,18095373.00,71654.900000000000,40637.566666666667,59093.285714285714,34755.000000000000,15834384.00,13444324.00,480378,573481,42333.333333333333,61938.666666666667
2025-03-04,100035,65021,37132,48967,33322,27004,-4260207.00,6959152.00,41760695.00,38558185.00,70596.300000000000,39945.633333333333,55352.857142857143,34476.571428571429,41910860.00,30691501.00,467031,548586,30779.666666666667,43708.000000000000
2025-03-03,49287,26046,18364,25554,13124,9435,-2551170.00,1031396.00,8085574.00,15343587.00,70859.700000000000,42506.866666666667,59975.428571428571,35723.285714285714,12682973.00,9100407.00,464240,536190,33842.666666666667,50486.666666666667
2025-02-28,36494,35933,15635,16174,17798,14948,1500013.00,1910578.00,12468634.00,11148616.00,71366.600000000000,42428.733333333333,62626.571428571429,34819.142857142857,10851220.00,10440655.00,478615,562486,28179.000000000000,51730.000000000000
2025-02-27,45343,30360,19854,20210,15142,12150,-517287.00,914527.00,11257516.00,11665878.00,72047.900000000000,43126.033333333333,68776.142857142857,34909.428571428571,11364904.00,9933090.00,473574,559228,28641.666666666667,60831.333333333333
2025-02-26,69623,35235,28978,33190,16037,14910,-686338.00,158579.00,16084733.00,22671393.00,71234.533333333333,42992.333333333333,68488.428571428571,32905.285714285714,18241018.00,17396101.00,467722,544602,37920.666666666667,62241.000000000000
2025-02-25,40224,18942,15171,19464,9546,7432,-657992.00,1996249.00,11645987.00,15403765.00,72153.600000000000,43835.333333333333,75647.857142857143,35941.142857142857,13479611.00,10825370.00,462496,536042,43197.666666666667,76048.000000000000
2025-02-24,72647,31748,34294,29386,13688,15230,-4869908.00,-898460.00,14212754.00,43203431.00,71061.766666666667,44137.300000000000,75270.857142857143,35757.857142857143,29076879.00,25105431.00,452697,525287,42483.000000000000,70183.000000000000
2025-02-21,73852,63072,27340,37966,38754,19775,-2987859.00,4773896.00,19608051.00,36808847.00,70247.000000000000,42897.733333333333,70292.285714285714,29282.142857142857,29737688.00,21975933.00,489197,619515,31789.666666666667,75029.000000000000
2025-02-20,81645,34773,28900,40752,17963,13963,-3934954.00,3467043.00,14388342.00,32152751.00,69353.733333333333,42900.466666666667,62897.714285714286,26374.857142857143,24745255.00,17343258.00,481990,620664,27267.333333333333,70350.333333333333
2025-02-19,55052,29604,23767,26718,13103,13561,680344.00,-654594.00,8430875.00,18444226.00,69477.533333333333,44272.466666666667,63074.571428571429,27761.714285714286,11922668.00,13257606.00,474758,616434,30797.000000000000,82113.000000000000
2025-02-18,88390,30992,42306,37303,13634,14914,2872784.00,1001891.00,9226716.00,35569583.00,69784.166666666667,45923.666666666667,62787.428571428571,28456.857142857143,19938442.00,21809335.00,467963,596343,30621.333333333333,75985.666666666667
2025-02-14,67609,21206,29694,32044,9195,10098,-642547.00,415314.00,4424597.00,22184971.00,69241.266666666667,46693.600000000000,63126.428571428571,31038.714285714286,12913489.00,11855628.00,484432,613690,29466.666666666667,66450.000000000000
2025-02-13,90340,40193,40459,40042,17141,19319,1677503.00,-12689.00,10270402.00,36327509.00,70355.233333333333,50051.366666666667,55387.142857142857,27809.857142857143,20424053.00,22114245.00,483685,598117,20876.333333333333,46297.666666666667
2025-02-12,70008,30465,31168,28405,10153,12123,1537764.00,346054.00,14820974.00,23583500.00,70288.000000000000,50114.566666666667,50948.714285714286,26184.000000000000,13596265.00,14787975.00,473073,589600,23825.333333333333,41725.000000000000
2025-02-11,39002,17742,18515,15904,6901,9135,-157259.00,-358563.00,5100127.00,14076789.00,71362.533333333333,50942.866666666667,53831.571428571429,32843.428571428571,8673154.00,8874458.00,472133,580490,29864.000000000000,57517.666666666667
2025-02-10,29883,14422,12252,14544,6959,5700,-463064.00,403279.00,3923110.00,9115579.00,71851.800000000000,51252.733333333333,62134.714285714286,37533.285714285714,6120107.00,5253764.00,468464,574110,38149.666666666667,70884.000000000000
2025-02-07,56290,39312,22071,29137,17730,17982,-461349.00,449599.00,7508978.00,19139115.00,72223.533333333333,50892.333333333333,72263.571428571429,43551.285714285714,12365615.00,11454667.00,485881,592300,30909.333333333333,64175.666666666667
2025-02-06,86380,35858,38422,40591,14878,17746,2019525.00,-1193751.00,10406993.00,32410398.00,74220.300000000000,51625.033333333333,93924.000000000000,57877.857142857143,18229702.00,21442978.00,480373,587685,25318.000000000000,48362.000000000000
2025-02-05,69982,39279,36847,25748,13616,18989,1553999.00,-3355248.00,15392294.00,25030085.00,77347.700000000000,52770.633333333333,94601.714285714286,59359.714285714286,15248377.00,20157624.00,471764,578540,33677.666666666667,44762.000000000000
2025-02-04,36165,17591,14731,17324,9898,5881,-1951745.00,4265291.00,11099529.00,11153942.00,81566.633333333333,54026.600000000000,103305.000000000000,68398.857142857143,13379484.00,7162448.00,468745,571853,43564.333333333333,62042.000000000000
2025-02-03,38939,19084,17235,18261,10407,7334,-48312.00,139631.00,4791267.00,16093550.00,83093.400000000000,54446.000000000000,107189.428571428571,70219.857142857143,9917527.00,9729584.00,463736,564522,64349.000000000000,91459.666666666667
2025-01-31,59182,64358,25438,26763,28673,30921,-1892477.00,-1804497.00,13503396.00,19717524.00,86270.333333333333,54689.266666666667,103631.428571428571,63498.714285714286,15220799.00,15132819.00,501496,603361,88277.666666666667,151066.666666666667
2025-01-30,88005,47251,44643,37136,19464,22875,842227.00,-249252.00,10115510.00,27703707.00,88238.166666666667,54586.433333333333,100752.857142857143,61520.000000000000,17357034.00,18448513.00,502434,601105,89078.000000000000,146640.333333333333
2025-01-29,127192,81438,52268,62099,43171,30539,-2293826.00,3991865.00,23246621.00,38112385.00,87296.200000000000,53567.700000000000,92336.428571428571,56209.285714285714,30317182.00,24031491.00,487908,580714,88887.000000000000,136605.666666666667
2025-01-28,238003,136144,120469,94858,67820,57021,14070804.0000,-1572696.00,33317946.00,98302134.0000,84326.466666666667,50668.500000000000,66505.857142857143,51457.714285714286,52633076.00,68276576.0000,473608,545017,54116.000000000000,79314.666666666667
2025-01-27,74726,49652,34983,33473,22304,22900,355651.00,-646477.00,14834885.00,23741959.00,88914.700000000000,51394.866666666667,63216.571428571429,49163.000000000000,17365137.00,18367265.00,458541,528402,43335.333333333333,65831.333333333333
2025-01-24,97088,80865,45269,41199,34241,37912,4374368.00,-237100.00,20582616.00,32218024.00,90310.566666666667,50951.800000000000,58744.285714285714,44936.428571428571,20086843.00,24698311.00,467818,543415,27513.666666666667,56087.000000000000
2025-01-23,66130,31831,33254,25432,13689,15535,3351975.00,-385005.00,10518757.00,25954219.00,90741.933333333333,52054.366666666667,55757.428571428571,44849.714285714286,14792190.00,18529170.00,457460,534516,31657.666666666667,56802.666666666667
2025-01-22,34276,17310,14941,15228,6266,9535,104301.00,-2004026.00,7533459.00,15032715.00,91641.933333333333,53026.033333333333,60546.000000000000,48695.714285714286,9279160.00,11387487.00,452482,526936,60182.000000000000,64440.333333333333
2025-01-21,67855,33400,35162,26243,12301,16219,3620020.00,-1232084.00,14647567.00,27883013.00,92018.766666666667,53827.566666666667,56551.285714285714,49753.857142857143,15718572.00,20570676.00,447629,512846,60245.000000000000,59055.666666666667
2025-01-17,68277,44263,31885,28638,20318,18790,2125572.00,-126215.00,14717638.00,23387849.00,92733.566666666667,53590.166666666667,53855.857142857143,47128.428571428571,16164383.00,18416170.00,597407,789083,62583.666666666667,58224.000000000000
2025-01-16,57189,102883,28429,23362,43241,55979,2237139.00,-1998036.00,166991493.00,20693691.00,94445.266666666667,52313.733333333333,53521.285714285714,37410.142857142857,78095734.00,106960534.00,594323,786097,38697.333333333333,54235.000000000000
2025-01-15,51701,33589,23625,22386,13149,17633,-6065878.00,-10655761.00,35945673.00,35249378.00,95757.066666666667,53836.233333333333,54530.571428571429,42720.857142857143,30051208.00,35933691.00,589060,776908,42245.000000000000,59600.000000000000
2025-01-14,65782,51279,25450,33717,19667,27293,-2729160.00,-11232502.00,38728216.00,23303415.00,95056.033333333333,53635.366666666667,59074.428571428571,46899.285714285714,21850056.00,37133048.00,575608,763980,38754.333333333333,50970.000000000000
2025-01-13,45222,31224,19171,21206,11545,16417,-3456901.00,-5457408.00,33884595.00,21464904.00,95248.733333333333,54112.066666666667,59945.857142857143,48767.857142857143,23765260.00,27592167.00,572808,758356,36974.666666666667,52365.666666666667
2025-01-10,67796,44232,30308,32137,21098,18732,-2196329.00,3030469.00,26518459.00,21592653.00,96538.700000000000,54484.533333333333,67940.571428571429,62581.285714285714,25422794.00,20074196.00,587163,777495,33849.000000000000,48049.333333333333
2025-01-08,39892,40807,15100,20854,19148,17393,50550.00,2358039.00,52992363.00,14019204.00,100303.000000000000,55521.933333333333,71954.714285714286,61374.714285714286,31125665.00,28545026.00,584574,776358,43834.666666666667,54340.666666666667
2025-01-07,49409,25885,23098,19600,10578,11348,-608801.00,6013866.00,23470436.00,18835694.00,100916.366666666667,56595.466666666667,75073.142857142857,63761.285714285714,22209120.00,13739078.00,581616,770624,62049.000000000000,70400.666666666667
2025-01-06,54847,34855,23907,22611,17166,14410,-591236.00,6473813.00,27169295.00,21972328.00,100873.700000000000,56157.266666666667,73603.714285714286,62170.285714285714,27306977.00,17130228.00,578194,760974,65198.666666666667,69225.666666666667
2025-01-03,58766,70764,23899,29164,31445,33134,-2553468.00,-2031058.00,36675379.00,20928715.00,101072.066666666667,54751.633333333333,74843.142857142857,56132.571428571429,27359756.00,26841096.00,610817,791069,88586.000000000000,90890.000000000000
2025-01-02,97589,80528,40374,45819,33253,37142,-1833253.00,549557.00,76538456.00,39033130.00,102109.233333333333,53782.200000000000,81799.428571428571,52891.285714285714,44662775.00,50339325.00,602709,779328,72530.333333333333,81024.000000000000
2024-12-31,51322,44304,21438,24064,18400,22071,637229.00,-6255030.00,17211167.00,29196165.00,104755.633333333333,55476.700000000000,97868.285714285714,57083.142857142857,17474297.00,24366556.00,598579,770745,71959.333333333333,87662.666666666667
2024-12-30,123759,140926,51097,59371,58748,71206,-246444.00,-4171934.00,37626739.00,79331394.00,106202.633333333333,60443.200000000000,103436.000000000000,44846.571428571429,52796866.00,56352356.00,557654,752625,32890.000000000000,61263.333333333333
2024-12-27,67991,32361,30695,30230,11464,17444,4584461.00,-1010475.00,10185390.00,35622611.00,109744.900000000000,63393.466666666667,105829.000000000000,44747.285714285714,18656886.00,24251822.00,579770,779916,31603.000000000000,61080.333333333333
2024-12-26,71238,42591,35191,28393,16104,20710,8077256.00,-3005528.00,15851387.00,42690180.00,112068.633333333333,64333.766666666667,117722.142857142857,48899.428571428571,21496860.00,32579644.00,572743,765856,36685.666666666667,86095.333333333333
2024-12-24,44561,23718,22834,16743,8421,12856,10168416.00,322290.00,9596806.00,31153132.00,113441.666666666667,64706.333333333333,132362.000000000000,51820.571428571429,13331041.00,23177167.00,568502,760807,53328.666666666667,125843.000000000000
2024-12-23,67442,28500,30777,30047,12601,13546,3907075.00,-173066.00,9837103.00,40048314.00,116005.700000000000,65241.700000000000,136860.714285714286,55017.142857142857,21474282.00,25647093.00,559377,744384,62252.000000000000,157606.666666666667
2024-12-20,146283,57839,68837,64795,24358,27704,10314042.00,-1380154.00,16600900.00,92674187.00,116201.566666666667,65330.600000000000,137236.142857142857,53778.428571428571,40969159.00,61035045.00,647097,846085,53527.666666666667,137093.000000000000
2024-12-19,163804,73647,85178,64978,34445,31072,17701019.00,-3849378.00,25734399.00,88912961.00,117662.566666666667,64911.066666666667,144174.571428571429,53463.571428571429,42617692.00,64168089.00,629131,823786,52864.000000000000,133988.333333333333
2024-12-18,162733,55270,74985,73446,21277,27431,11012100.00,-1258870.00,18589661.00,120528399.00,117527.000000000000,65093.533333333333,140779.000000000000,55221.142857142857,59246445.00,70632094.00,621522,816832,49162.666666666667,128757.333333333333
2024-12-17,84742,31666,36555,39732,12135,16721,2197245.00,-1171115.00,15076119.00,59013667.00,117503.200000000000,65228.433333333333,139968.857142857143,59970.000000000000,30277050.00,32717528.00,614886,807479,55566.000000000000,133487.666666666667
2024-12-16,154490,71656,75141,66446,27709,35300,16900912.00,617154.00,23191569.00,93005965.00,117547.200000000000,65237.700000000000,126652.571428571429,56370.571428571429,44026788.00,61992546.00,602661,788033,48070.000000000000,131628.000000000000
2024-12-13,147040,44166,73510,63148,16582,21457,4621810.00,-689571.00,17258512.00,54876573.00,117705.100000000000,66508.700000000000,116955.428571428571,58267.714285714286,28520006.00,33831387.00,622433,813617,57162.333333333333,153405.666666666667
2024-12-12,98933,50876,45644,41197,19614,24952,-990917.00,-50630.00,34250521.00,50812685.00,118546.866666666667,66755.633333333333,115639.428571428571,56305.571428571429,31378190.00,32228703.00,608348,787240,62728.000000000000,166749.333333333333
2024-12-11,148911,49168,70933,61360,22476,20616,7110691.00,339438.00,15282716.00,80339090.00,121612.933333333333,70057.566666666667,109872.142857142857,58508.714285714286,35009967.00,41781220.00,599533,771424,67974.666666666667,143469.333333333333
2024-12-10,212373,71443,104388,86560,30771,32819,3708810.0000,-132241.00,29364124.00,94964479.0000,118622.300000000000,70036.933333333333,92541.000000000000,59626.000000000000,53711059.00,57552110.0000,590344,761449,59647.000000000000,93103.666666666667
2024-12-09,138964,67573,71933,51466,25258,30847,3822869.00,4015137.00,51627749.00,54465004.00,117105.266666666667,70686.333333333333,79082.000000000000,56437.428571428571,35170421.00,34978153.00,580465,749561,56271.333333333333,73169.000000000000
2024-12-06,79071,64908,30109,39344,24815,24922,-1769705.00,7273301.00,48524163.00,27196440.00,117398.966666666667,71537.333333333333,75072.285714285714,53668.428571428571,26029010.00,14368004.00,589154,771566,47015.666666666667,76719.000000000000
2024-12-05,61276,46460,25953,28489,15775,20955,-1577030,-4552296,87150998,19610829,120248.933333333333,73587.500000000000,81532.142857142857,54946.428571428571,17374220,46715186,582131,765566,53059.000000000000,92473.666666666667
2024-12-04,79160,57446,36866,33076,22760,21208,2823027,1506128,33265053,43045531,120023.266666666667,73563.833333333333,92055.142857142857,57015.428571428571,27454301,27112700,568348,755467,60331.666666666667,96438.666666666667
2024-12-03,89721,37141,32658,50607,12644,13807,-3344007,1507070,34762725,26188242,121440.366666666667,74410.600000000000,88925.000000000000,60008.285714285714,19452830,14601753,556928,745786,63035.666666666667,81448.666666666667
2024-12-02,108540,64590,46071,53015,25310,26955,2599789,754435,44632361,47848256,119896.133333333333,73352.533333333333,81071.714285714286,53882.428571428571,32147514,35844868,548882,729329,56680.666666666667,62269.666666666667
2024-11-29,91055,79264,43494,37117,34768,33514,2336708,-3176677,56228111,39236605,119602.400000000000,72381.166666666667,77309.142857142857,46644.000000000000,29606375,41929260,563048,762887,48728.000000000000,67416.333333333333
2024-11-27,44751,45253,20797,19800,9153,12048,1307940,893995,135480943,13902496,121135.266666666667,72350.300000000000,89302.428571428571,47528.571428571429,16220013,21240018,554749,754410,57620.000000000000,103439.666666666667
2024-11-26,51003,45525,22790,23216,11568,14301,4021961,-73636,104520187,18814030,122348.733333333333,72476.800000000000,100689.714285714286,54616.285714285714,18469879,17747076,544914,750589,61808.666666666667,109042.000000000000
2024-11-25,106495,55406,46761,48952,18258,25297,2420237,-5834559,56591404,37508514,121413.266666666667,72654.366666666667,109357.428571428571,88118.428571428571,23245913,33454209,538805,743704,50576.333333333333,91399.333333333333
2024-11-22,152821,71929,85281,52760,24511,32478,9827991,-456673,59224267,43622397,119182.600000000000,72271.633333333333,112420.000000000000,95109.857142857143,24019166,34303830,560243,773234,36131.666666666667,62031.333333333333
2024-11-21,67810,58091,25612,34811,16086,11262,-3046890,3954584,188934775,18328021,120067.500000000000,72690.633333333333,122868.571428571429,96925.428571428571,30592989,15713015,557911,765984,33916.333333333333,82329.333333333333
2024-11-20,53567,21709,23565,24765,7038,11497,599308,-1641774,14464381,16544878,122045.733333333333,73782.500000000000,127466.428571428571,98809.142857142857,11276998,13518080,554798,761478,58393.000000000000,108045.000000000000
2024-11-19,64717,28595,30970,28267,9682,13071,1794216,-1815628,30847387,20318902,121105.800000000000,73429.933333333333,138844.428571428571,101090.000000000000,13477294,17087138,547686,756953,145501.666666666667,142195.666666666667
2024-11-18,128704,51445,60839,54156,16978,23028,1984099,-4551953,69413041,39142050,119308.333333333333,72691.533333333333,142195.142857142857,102384.428571428571,26036351,36332403,532769,732107,168643.000000000000,157380.666666666667
2024-11-15,130714,95139,56957,61757,29606,50827,-19960,-492372,85377639,34979460,117927.766666666667,71123.300000000000,153183.714285714286,97516.142857142857,35296838,37043800,611046,910371,160530.000000000000,160792.666666666667
2024-11-14,167169,289921,64479,84839,86476,156748,-3665334,-27572486,701221229,43866508,114662.066666666667,62639.266666666667,151969.000000000000,64776.571428571429,154804094,352739456,624904,889818,75521.333333333333,133653.666666666667
2024-11-13,174259,120869,62323,92525,56248,46831,-9192952,10753492,54841178,49384512,110029.800000000000,59469.300000000000,139078.857142857143,52611.428571428571,56894187,35682243,613184,852092,50085.333333333333,123688.333333333333
2024-11-12,140950,70800,51208,77012,30587,29965,-3168164,-3511239,53890292,47993187,109549.766666666667,59024.466666666667,141201.714285714286,52773.428571428571,39773226,43912301,590106,816073,46654.000000000000,127424.666666666667
2024-11-11,85752,34895,34350,43356,15599,15831,-2821801,2368940,25203240,30085437,109456.833333333333,59340.866666666667,150633.857142857143,59545.000000000000,27050881,21436140,578296,795127,55376.000000000000,168052.000000000000
2024-11-08,144363,44561,67451,59744,19117,20864,3204848,-621000,14747727,35387446,107669.500000000000,59184.200000000000,147751.428571428571,61505.428571428571,20870385,24696233,618587,847245,60770.333333333333,172819.666666666667
2024-11-07,152159,60506,69605,61938,18348,25293,3061527,-861331,106334929,43833855,105661.533333333333,58399.966666666667,160427.714285714286,74036.857142857143,27683838,45761796,611360,834536,52506.000000000000,150109.333333333333
2024-11-06,207634,61061,84026,102366,29274,26601,-7948220,3726068,31282976,67285226,101099.533333333333,57472.500000000000,148287.714285714286,75431.571428571429,50395651,38721363,597852,790607,56130.333333333333,132834.666666666667
2024-11-05,158666,60744,54313,90502,28860,26546,-13481194,1396198,22623459,52525397,97448.033333333333,56491.133333333333,138971.571428571429,79190.285714285714,42336829,27459437,575392,745918,63314.333333333333,130538.333333333333
2024-11-04,84028,35713,38652,37798,14709,17308,-343598,-856163,11250802,29093038,97777.133333333333,56838.200000000000,139522.142857142857,87008.142857142857,18027374,18539939,564592,724731,70838.000000000000,143924.333333333333
2024-11-01,155810,71934,75270,65548,31637,32684,2441808,-67408,29647400,46956164,95036.400000000000,56223.700000000000,138231.428571428571,92155.428571428571,31951555,34460771,606781,788906,96268.666666666667,172285.333333333333
2024-10-31,151777,82296,59283,75390,36164,31149,-4151289,6039707,112868915,51942936,91825.533333333333,59500.333333333333,126890.428571428571,88504.000000000000,62163374,41392523,592873,744670,92444.666666666667,162577.666666666667
2024-10-30,124186,58284,56973,57264,23985,25839,-454674,1159353,25373873,34017455,89364.866666666667,58719.433333333333,128040.142857142857,89112.571428571429,24331465,22717438,592788,738759,102035.000000000000,152333.333333333333
2024-10-29,240893,148226,103947,109610,53789,75781,7103144,-4108836,55517019,77677424,82954.933333333333,55208.900000000000,102514.428571428571,72630.000000000000,52732313,64157483,545997,661867,82772.333333333333,101329.666666666667
2024-10-28,122654,70824,39852,69064,26182,33211,-7886708,-921414,37406703,42417515,81152.666666666667,55585.733333333333,96741.428571428571,69672.714285714286,35833874,28868580,512512,607770,95152.666666666667,109370.000000000000
2024-10-25,93453,87055,40182,46761,35899,43466,-75347,-908009,31921614,25035379,81836.033333333333,58842.666666666667,96353.428571428571,63568.714285714286,24959341,25792003,549036,645084,85046.333333333333,102349.000000000000
2024-10-24,87882,90438,36306,43745,37926,39216,-2638095,7534532,86057119,31371145,80371.833333333333,57820.866666666667,96285.571428571429,57694.714285714286,53138325,36145298,530784,624916,75748.333333333333,117133.000000000000
2024-10-23,146775,107965,57901,76833,57620,42701,-7369353,3339048,28809773,48580838,76747.666666666667,55661.133333333333,86522.142857142857,50947.285714285714,41666069,30957668,498650,581136,50709.333333333333,88945.666666666667
2024-10-22,72390,56736,30656,34059,25828,24670,-2185250,-1974122,21195551,34924580,76409.100000000000,55150.633333333333,88452.285714285714,51477.428571428571,25811768,25600640,475481,559516,48505.000000000000,92230.000000000000
2024-10-21,132234,62544,63125,56176,29481,26151,5336694,-394917,24488258,67386021,73392.533333333333,53991.066666666667,83041.285714285714,52637.000000000000,39456065,45187676,453652,545403,42432.666666666667,78397.666666666667
2024-10-18,62213,32848,25482,32998,14480,13479,-1098845,136918,11745165,20540214,72762.966666666667,54425.600000000000,90284.285714285714,55725.142857142857,15379792,14144029,522655,640713,47923.333333333333,86795.666666666667
2024-10-17,82243,50123,38035,36147,21477,24216,2586232,-2483690,39980382,35982382,71009.766666666667,53950.133333333333,83752.285714285714,51138.714285714286,33321704,37135376,515289,629122,51460.000000000000,85525.000000000000
2024-10-16,90737,44327,42217,41262,17834,22522,982699,-143980,19845438,34359567,69782.300000000000,53817.900000000000,81472.714285714286,48991.000000000000,24409799,25536478,504885,610032,56833.333333333333,83913.000000000000
2024-10-15,87407,49320,45365,34649,20978,24964,5216426,-920630,23032478,33947561,71337.466666666667,55678.066666666667,81742.714285714286,48815.571428571429,23588759,29725815,505031,601210,63947.000000000000,86229.666666666667
2024-10-14,78431,60733,35542,36191,25920,28579,-518498,-5943126,68697799,29351563,70002.200000000000,54455.200000000000,80423.714285714286,45196.571428571429,40970183,45686261,486308,571627,61857.666666666667,97724.000000000000
2024-10-11,85901,60447,42124,36743,22089,32296,2273249,-937616,17410814,25109401,68602.900000000000,53837.966666666667,73193.714285714286,40242.714285714286,18180311,21391176,504526,607801,47714.666666666667,81263.333333333333
2024-10-10,94357,70661,36610,50106,32464,23362,-5379087,105167,129408915,29750983,66616.333333333333,52331.666666666667,77792.571428571429,38356.142857142857,57843204,34878900,500120,600067,33925.333333333333,74737.666666666667
2024-10-09,112914,54465,43197,59366,26659,22582,-7728658,-747147,24250959,36853407,63515.166666666667,51256.433333333333,73514.000000000000,36916.428571428571,31900773,24919262,485447,570006,31801.000000000000,66865.333333333333
2024-10-08,36519,18018,14454,17529,7099,9075,-1834790,-907567,7304253,12680625,63222.733333333333,51724.733333333333,81260.285714285714,40036.857142857143,9666624,8739401,479814,562355,37595.000000000000,77758.333333333333
2024-10-07,74780,29293,37099,31549,12065,14898,2902943,-1229192,10677142,29689881,62444.533333333333,51750.566666666667,83708.857142857143,41134.857142857143,16789272,20921407,472860,548616,36420.666666666667,64595.333333333333
2024-10-04,89297,48092,40540,40072,18221,25229,3076323,-2117471,13946372,26726963,60515.433333333333,50900.066666666667,81062.714285714286,39012.714285714286,15455052,20648846,495452,567974,39541.666666666667,77012.666666666667
2024-10-03,69198,35400,23559,34869,16299,14049,-2940523,100803,27659651,29104814,59579.866666666667,50817.433333333333,78194.571428571429,38427.428571428571,23835491,21824465,488499,550154,42537.333333333333,81601.333333333333
2024-10-02,35291,25770,13859,17792,11308,9972,-2568956,6596308,19407660,19499277,61308.000000000000,52518.433333333333,86567.428571428571,41335.285714285714,22639539,13474275,481544,542350,47234.333333333333,100085.333333333333
2024-10-01,126549,57455,59123,58179,20340,32280,6244153,-169896,23232839,51323514,58278.300000000000,51847.900000000000,79001.571428571429,40770.142857142857,31668876,38082925,464261,521203,40409.000000000000,88542.333333333333
2024-09-30,82964,44387,26820,45002,22031,16188,-6083296,1830234,18029757,34576106,58444.000000000000,51721.400000000000,75071.142857142857,60228.428571428571,26772795,18859265,444068,482992,36692.333333333333,84479.000000000000
2024-09-27,90743,39861,45809,38917,19364,17491,4138383,512630,10926974,28107720,58019.933333333333,51908.933333333333,69303.000000000000,59513.571428571429,16334826,20192579,459989,498221,33839.666666666667,70605.000000000000
