date,call_volume,put_volume,call_volume_ask_side,call_volume_bid_side,put_volume_ask_side,put_volume_bid_side,net_call_premium,net_put_premium,put_premium,call_premium,avg_30_day_call_volume,avg_30_day_put_volume,avg_7_day_call_volume,avg_7_day_put_volume,bearish_premium,bullish_premium,put_open_interest,call_open_interest,avg_3_day_put_volume,avg_3_day_call_volume
2026-09-25,85791,53777,32268.0,42834.0,30535.0,13616.0,-4572826.00,5441242.00,19678055.00,16003076.00,117747.3333,47625.5667,112561,52397.7143,18109673.00,8095605.00,729340,1370368,34147,110681.3333
2026-09-24,67847,28588,29374.0,30904.0,12308.0,14151.0,-1425689.00,4662096.00,19570123.00,11701552.00,118055.3,47325.3667,110787.5714,52434.1429,19373446.00,8142091.00,725051,1361221,35724,129514
2026-09-23,106722,38872,42934.0,51694.0,18168.0,16050.0,-834657.00,-410850.00,16189723.00,28028053.00,117203,46975.3333,102789.7143,51400.1429,20210026.00,19786219.00,711627,1330046,40944.6667,153562
2026-09-22,157475,34981,67841.0,70654.0,19120.0,13023.0,701260.00,1260434.00,9962716.00,57731920.00,115090.9667,46641.5333,89616.2857,52303.8571,31143156.00,30583982.00,700817,1311746,80393.3333,134998
2026-09-21,124345,33319,50207.0,59283.0,11961.0,18506.0,-1787260.00,12932.00,15314173.00,34830231.00,113781.0667,47201.9,81103.5714,57131.1429,23809805.00,22009613.00,686468,1267434,77008,110512.6667
2026-09-18,178866,54534,73710.0,81036.0,23912.0,24952.0,-2331246.00,-3155762.00,19301866.00,43268742.00,109986.0333,46025.8333,68328.1429,55351.1429,28032168.00,28856684.00,833326,1566590,68444.3333,69368.3333
2026-09-17,101783,153327,45291.0,42642.0,44109.0,96907.0,612059.00,-10334671.00,312896656.00,23776476.00,108585.7667,41848.9667,62228.2857,36846.2857,96332785.00,194521069.00,831306,1534168,27880,52353
2026-09-16,50889,23163,19486.0,26157.0,10728.0,10410.0,-1306126.00,-234793.00,8525837.00,20746341.00,109430.8,42092.4667,66455.4286,38803.1429,13970455.00,12899122.00,835558,1524946,33928,57143.6667
2026-09-15,55433,28843,24698.0,24489.0,15853.0,10710.0,-560302.00,2555257.00,30407607.00,15381636.00,112096.4333,42502.9,77446.4286,41780.8571,26561371.00,17231932.00,830820,1513972,46683.6667,60251.3333
2026-09-14,50737,31634,23615.0,20357.0,12521.0,17329.0,1939032.00,-3361646.00,11350471.00,12384174.00,115822.3333,43145.1,79469.4286,41059.1429,8019275.00,13622953.00,822352,1501097,50163.6667,73151.6667
2026-09-11,65261,41307,25895.0,31517.0,17403.0,19519.0,-2036555.00,1129345.00,19114172.00,12097605.00,115742.0667,42451.1333,79532.2857,39569.7143,13428147.00,9031067.00,841276,1532815,44325.6667,71092.6667
2026-09-10,64756,67110,26800.0,28833.0,38737.0,19477.0,-881021.00,18990374.00,68885411.00,17567223.00,115807.9667,40661.2667,80405,34816,53873076.00,13864391.00,841630,1517011,34242.6667,76333.6667
2026-09-09,89438,42074,36870.0,44557.0,20304.0,14757.0,-1587179.00,-51059.00,11033849.00,21872390.00,114417.3667,39657.4,80596.2857,34373,15897642.00,14361522.00,824823,1509762,36780.3333,90644.3333
2026-09-08,59084,23793,25666.0,27215.0,12070.0,8767.0,296146.00,1718450.00,10034643.00,21315877.00,114633.4667,39545.7,93108.7143,38970.8571,14972963.00,13550659.00,817675,1498510,37710,92582.3333
2026-09-04,80479,36861,33861.0,34386.0,18646.0,13005.0,-1907424.00,360876.00,7760152.00,19567382.00,114412.7667,39897.3,93608,37014,12941822.00,10673522.00,832918,1534553,35716.6667,87656.3333
2026-09-03,132370,49687,62277.0,55622.0,22080.0,19666.0,3395631.00,5773642.00,44199951.00,36185674.00,113453.3667,39526.9,89210.1429,34791.4286,33059131.00,29520580.00,834616,1490514,30432.3333,67154.6667
2026-09-02,64898,26582,28933.0,28223.0,10523.0,12041.0,-1584383.00,-657480.00,15526107.00,20569157.00,114054.6333,39155.7333,108757.7143,39592.5714,16566471.00,15639568.00,824653,1477033,34562.6667,75781
2026-09-01,65701,30881,25552.0,32900.0,9893.0,13406.0,243318.00,-782198.00,14888511.00,21037772.00,115169.5,39153.7667,171112.5714,52915,14383947.00,15409463.00,815984,1460070,42928.3333,102771
2026-08-31,70865,33834,24126.0,38781.0,16247.0,11842.0,-3547763.00,3473945.00,12189657.00,22801486.00,118625.4333,39707.7333,199534.5714,61335.1429,18960901.00,11939193.00,803481,1437838,39371.3333,107140.6667
2026-08-28,90777,38973,40441.0,42855.0,15844.0,18999.0,-2221010.00,-1334859.00,9609365.00,25572197.00,119057.9,40159.1,208537.7143,65094.4286,16615910.00,15729759.00,835399,1510671,37756.6667,110743.3333
2026-08-27,146671,55978,55868.0,74914.0,28416.0,23950.0,-2453251.00,2854215.00,25808640.00,36325834.00,116963.3667,40131.8333,199338.1429,63841.8571,30285152.00,24590686.00,827684,1471026,39160.6667,129096.6667
2026-08-26,83974,23163,38681.0,37426.0,9939.0,8428.0,1275093.00,2589906.00,8287133.00,26310257.00,120853.2333,41183.1667,197893.4286,63927.4286,15691470.00,14376657.00,823332,1450110,72819,268500.3333
2026-08-25,101585,34129,36184.0,48152.0,13375.0,13429.0,-4630279.00,60010.00,12357038.00,41331620.00,119204.2,41185.8333,202335.1429,64445.2857,22798208.00,17642549.00,811196,1416146,92367.6667,324578.3333
2026-08-24,201731,60190,75748.0,103836.0,28138.0,24503.0,-2556970.00,1914765.00,23736900.00,56153612.00,114806,40254.0667,188676.1429,62420.5714,33370646.00,28898911.00,791787,1341712,94067,308601
2026-08-21,502185,124138,188588.0,270874.0,56148.0,56367.0,-18615965.00,3694789.00,34182454.00,109404785.00,105000.1667,37983.2333,127947.7143,47484,76809115.00,54498361.00,874699,1375650,68424.3333,168630.6667
2026-08-20,269819,92775,128295.0,112728.0,38381.0,40490.0,3105320.00,-2486468.00,19724800.00,59078332.00,102349.5667,36218.6333,100995.4286,38283.4286,33774490.00,39366278.00,856818,1333317,45420,103311.3333
2026-08-19,153799,65288,72646.0,64570.0,27428.0,30677.0,1706399.00,1148714.00,15342065.00,45852957.00,105992.0333,37308.4667,92469,32523.2857,27353216.00,27910901.00,840603,1294223,36242,96270.6667
2026-08-18,82274,47210,36888.0,36494.0,12931.0,26960.0,1489195.00,-2036523.00,12651420.00,43836528.00,106267.8,36888.0333,92865.2857,32940.4286,23325832.00,26851550.00,834599,1288884,35844.3333,104218.6667
2026-08-17,73861,23762,32957.0,32476.0,9302.0,12185.0,-1213002.00,-1220460.00,10289726.00,37148739.00,106279.9667,36864.3,91601.5714,32296.1429,20607828.00,20615286.00,826978,1271332,34451,105293.6667
2026-08-14,132677,37754,58334.0,58829.0,16183.0,18788.0,-343007.00,-152247.00,12877596.00,75958857.00,105902.5,37539.2,81187,30905.7143,37547566.00,37751327.00,852634,1297603,31323.3333,88119
2026-08-13,106118,46017,32941.0,48368.0,21041.0,21339.0,-8053327.00,-284260.00,17440466.00,68282506.00,106877.5667,38498.6667,76918.7143,28684.4286,39935876.00,32166809.00,843831,1270008,24306.6667,84117.6667
2026-08-12,77086,19582,30648.0,34935.0,9827.0,7931.0,-1370976.00,199822.00,5670150.00,45136394.00,107492.4667,38921,85249.5714,31766.4286,22165865.00,20595067.00,837595,1249087,34489.3333,86771.6667
2026-08-11,81153,28371,29439.0,40632.0,10677.0,11319.0,-6995836.00,-357071.00,10063202.00,50701261.00,109703.5667,41055.0333,96872.5714,34984.8571,26816701.00,20177936.00,824307,1226698,31449.6667,81392.3333
2026-08-10,94114,24967,38657.0,36498.0,10213.0,10983.0,5768935.00,-1138627.00,9435513.00,70456523.00,112671.9333,43471.4333,92406.7143,34345,27767595.00,34675157.00,816163,1208591,32467.6667,69946
2026-08-07,85048,50130,40480.0,34093.0,27747.0,18005.0,1296227.00,3527431.00,12980104.00,42698495.00,113808.8,47514.6667,89790.2857,29099.8571,25607350.00,23376146.00,829474,1240288,25913.6667,67010
2026-08-06,65015,19252,26683.0,27814.0,9591.0,8234.0,-2788539.00,-17282.00,7682455.00,35741944.00,114778.6667,49071.8667,87319.5714,28057.8571,19356382.00,16585125.00,825633,1221341,33215,90472.3333
2026-08-05,59775,28021,25954.0,25371.0,10200.0,15364.0,4827145.00,-3643513.00,13979356.00,53560958.00,115495.6333,50036.3,88147,26975.1429,24837806.00,33308464.00,819898,1216294,40841.3333,124718.6667
2026-08-04,76240,30468,32650.0,33013.0,12180.0,15467.0,-534374.00,-3450572.00,13632776.00,40797345.00,115863.9,50565.9,87806.7143,29395.2857,22890635.00,26735583.00,808891,1199667,37514.6667,120256.3333
2026-08-03,135402,41156,66442.0,54395.0,14045.0,24173.0,5923817.00,-1249113.00,11947489.00,76187215.00,114877.1333,50899.3333,83261.8571,29026.5714,33936912.00,41941842.00,794140,1186046,28267.3333,97366.6667
2026-07-31,162514,50900,82528.0,59343.0,17930.0,29609.0,8962674.00,-1833764.00,8390750.00,57514437.00,112132.1,57182.2667,71893.5714,23961.8571,23234702.00,34031140.00,808843,1234659,15286.6667,59102
2026-07-30,62853,20488,27770.0,24513.0,9927.0,9202.0,347994.00,986004.00,6978997.00,18746029.00,113433.4,58433.3667,77078.4286,25438.1429,10643679.00,10005669.00,806214,1219122,15271.3333,60006.6667
2026-07-29,66733,13414,24257.0,38414.0,5985.0,6626.0,-2301398.00,-46606.00,5241720.00,18275180.00,114538.8667,60973.0333,92479.8571,30729.4286,12071997.00,9817205.00,801891,1223103,26603,62381.6667
2026-07-28,47720,11958,22078.0,19330.0,4091.0,6491.0,-1449447.00,-693992.00,5584247.00,18773934.00,116280.1667,62646.1667,100484.2857,36523.1429,10705916.00,9950461.00,800316,1216757,35475.3333,81004.3333
2026-07-27,65567,20442,32637.0,25263.0,7229.0,10518.0,-2847483.00,-1780767.00,10758912.00,29567349.00,118541.4,67087.1,103094,41482.8571,18118372.00,17051656.00,791405,1191886,33810.3333,86794
2026-07-24,73858,47409,29347.0,31281.0,26923.0,15998.0,-678265.00,-662523.00,18185549.00,21659500.00,119064.5333,67037.1667,121210,42524.8571,16396387.00,16380645.00,812506,1255825,28281.3333,95223.6667
2026-07-23,103588,38575,36425.0,49758.0,14370.0,18620.0,-1975272.00,-296996.00,26007957.00,39235820.00,117631.0333,66934.9,113856.5714,41901.1429,25180605.00,23502329.00,799908,1236617,32240.6667,118875.3333
2026-07-22,82936,15447,34077.0,30524.0,6260.0,7387.0,3034110.00,1446260.00,8391026.00,20434000.00,117583.1667,67829.7333,111977.8571,44299.7143,12176149.00,13763999.00,795696,1206198,44596.3333,125813.6667
2026-07-21,99147,30822,36942.0,45965.0,9890.0,14914.0,3802950.00,-3052330.00,16943947.00,29438579.00,117597.3667,68202.0333,127529.7143,47898.4286,15853003.00,22708283.00,787334,1178965,52709,120709.6667
2026-07-20,174543,50453,78074.0,70118.0,20007.0,23963.0,6288180.00,900786.00,25173979.00,84363681.00,114139.3,67402.3,129780.8571,46381.8571,45955846.00,51343240.00,767940,1109163,54125.6667,129418.6667
2026-07-17,103751,52514,40349.0,43800.0,24697.0,16868.0,-2868148.5000,255887.00,15688358.00,35330683.5000,112895.4333,66493.8667,152541.1429,52877.4286,20564960.5000,17440925.00,847212,1328847,48024,112206.3333
2026-07-16,83835,55160,37293.0,37585.0,36273.0,12131.0,-886757.00,14847051.00,101834566.00,46767183.00,115321.7667,65835.5,153500,49939.8571,105696643.00,25114295.00,840855,1322832,40383,107523
2026-07-15,200670,54703,98261.0,79064.0,22937.0,24317.0,9995649.00,3854110.00,16907659.00,84179991.00,111791.9333,65003.8667,135436.5714,45418,40035449.00,46176988.00,828040,1309374,40819.6667,109969.6667
2026-07-14,52114,34209,23537.0,21840.0,14411.0,14910.0,-533921.00,-2565981.00,8884458.00,17487302.00,113279.9,65118.2,145327.8571,48816.8571,9889225.00,12067685.00,810793,1302458,42695.6667,156032
2026-07-13,69785,32237,29972.0,31604.0,16481.0,11822.0,-3555794.00,1596225.00,12820232.00,43581055.00,113931.3333,65290.8667,154697.1429,54897.4286,26133111.00,20981092.00,799654,1297854,64611,220461.3333
2026-07-10,208010,56013,81734.0,101954.0,25855.0,22378.0,-2436085.00,821747.00,12671312.00,56411417.00,108749.1333,64097.7333,138629,51503,30930957.00,27670005.00,833055,1374904,57472.3333,181307
2026-07-09,190301,39837,81055.0,88971.0,13417.0,17165.0,-334920.00,-1132203.00,23078253.00,43772852.00,103755.0667,63272.1,132512.5714,59010.8571,23190329.00,23987612.00,825794,1305110,51876.6667,142615.3333
2026-07-08,263073,97983,133961.0,104325.0,34342.0,50468.0,11466046.00,-148405.00,29633473.00,110631402.00,98848.9333,61780.2,121097.1429,58936,56878551.00,68491547.00,792520,1279679,38549.3333,95375.3333
2026-07-07,90547,34597,31706.0,47896.0,13219.0,13629.0,-1602073.00,300579.00,21404246.00,25297076.00,100053.1,61975.7333,125183.8571,78483.1429,18703952.00,16801300.00,782564,1265575,51950.6667,110316.3333
2026-07-06,74226,23050,31777.0,27035.0,10953.0,10227.0,-472858.00,1706341.00,16079018.00,22747090.00,99809.7333,61693,128024.5714,84614.2857,16944264.00,14765065.00,771573,1243842,55018,117418.6667
2026-07-02,121353,58001,49386.0,53090.0,19635.0,25447.0,1363406.00,-1398085.00,61631102.00,27913912.00,97995.6667,60465.5333,122300.4286,84464.7143,20060581.00,22822072.00,776306,1289124,66481.6667,126129.6667
2026-07-01,135370,74801,64535.0,55974.0,13623.0,17680.0,2344597.00,-568709.00,211776387.00,40273802.00,96721,58813.5,115431.5714,80401.1429,22927939.00,25841245.00,769362,1254603,74034.3333,142061.3333
2026-06-30,95533,32252,43777.0,38321.0,10803.0,15953.0,575597.00,-1492974.00,18620773.00,27695178.00,100936.4,59886.0667,116898.1429,83102.1429,17354098.00,19422669.00,757522,1225699,120426,149935
2026-06-29,147486,92392,38439.0,47866.0,20652.0,67867.0,184958.00,-1867351.00,88125491.00,70639374.00,103320.4333,58643.5333,107280.5714,104101.5714,31925559.00,86977868.00,693336,1139036,111618,132143.3333
2026-06-26,183165,97459,79152.0,83940.0,31745.0,38580.0,3862531.00,3937792.00,141836473.00,51000163.00,109874.1667,58103.9,95670.1429,98467.5714,44450987.00,40589506.00,683157,1124444,98116.3333,98183
2026-06-25,119154,171427,51676.0,55844.0,47232.0,53384.0,1221345.00,9268959.00,391855573.00,49157173.00,111093.1333,54093.7333,92919.1429,86778.5714,78792362.00,88292625.00,674796,1069836,56426,87561
2026-06-24,94111,65968,32149.0,48538.0,29108.0,29814.0,-1554339.00,4842920.00,22217517.00,34516812.00,111359.2,52899.4,93754.5714,86233.4286,27514918.00,21742659.00,665998,1034830,51489.6667,91457
2026-06-23,81284,56954,34452.0,37376.0,28654.0,21109.0,-3506175.00,-3622746.00,24693470.00,24124851.00,111836.2,52155.9667,101200.2857,100050,21423807.00,21540378.00,647972,1015039,112301,91083.3333
2026-06-22,87288,46356,39496.0,38325.0,20240.0,23719.0,-1940630.00,-2517134.00,21554906.00,20360513.00,112456.3333,51875.5667,101523.7143,99986.4286,18894081.00,19470585.00,633600,984101,116189.3333,95951.3333
2026-06-18,105799,51159,47581.0,46405.0,18740.0,20931.0,2373709.00,670601.00,70088178.00,30555855.00,115556.7333,51925.2333,95064.2857,97750.4286,29379232.00,30994410.00,701900,1386731,129004.3333,93984
2026-06-17,80163,239388,31347.0,37972.0,72743.0,137382.0,-4393134.00,-11049264.00,721413147.00,20207975.00,114893.3,44703.1333,95255.2857,69593.8571,182306997.00,467539920.00,724902,1359929,69925.6667,100582.6667
2026-06-16,101892,58021,32642.0,46417.0,17071.0,27726.0,-3389614.00,-4078917.00,31613740.00,31093588.00,114164.6,44015.2,94924,67303.8571,21883769.00,22575272.00,723218,1314194,101808.6667,111086.6667
2026-06-15,99897,89604,33934.0,47122.0,38437.0,45891.0,-12989890.00,-5273269.00,222409751.00,48610340.00,114149.3333,42491.5333,90767.4286,58283.4286,117783137.00,133898941.00,723571,1261741,87244.3333,107638.3333
2026-06-12,99959,62152,38152.0,46787.0,21795.0,32212.0,-5959565.00,-2696472.00,90520637.00,32112620.00,113311.4,41200.4333,85978.2857,53013.2857,43655696.00,56182403.00,743587,1292529,78362.6667,94513
2026-06-11,133404,153670,50205.0,56420.0,36109.0,37047.0,-3289553.00,3674910.00,402672619.00,48957578.00,110634.4667,36631.5333,89295.5714,36118.8571,54489691.00,47525228.00,768419,1232188,41236.6667,77211.6667
2026-06-10,89552,45911,29587.0,45480.0,17536.0,15989.0,-2805796.00,3322664.00,31524320.00,54359148.00,109850.9333,35625.2333,90041.7143,33810.7143,34923285.00,28794825.00,752339,1206624,39930,80552
2026-06-09,60583,35507,23401.0,29246.0,19201.0,13118.0,-906145.00,-255063.00,23317996.00,17400352.00,109749.5333,35427.3667,95208.8571,34115.2857,19169832.00,18518750.00,742475,1189839,36914.6667,83958
2026-06-08,81500,42292,30507.0,34286.0,19011.0,13789.0,-3887.00,5636302.00,23910007.00,26949824.00,111141.7,34865.8667,96327.1429,33418.8571,20241803.00,14601614.00,725543,1163486,31237.6667,78936.3333
2026-06-05,99573,41991,38200.0,51206.0,18265.0,18149.0,-4948732.00,-338694.00,15761443.00,24382729.00,111072.8,34689.9333,89608.7143,30308.5714,20209542.00,15599504.00,736269,1188956,29043.6667,97953.6667
2026-06-04,70801,26461,26755.0,32492.0,12537.0,12212.0,-4197823.00,1924443.00,9366745.00,22056227.00,111365.5,35040.5,85277,28681,16878585.00,10756319.00,728634,1170265,30141.3333,105945
2026-06-03,66435,25261,23280.0,33163.0,10602.0,12481.0,-2227322.00,-1690517.00,13103551.00,23738711.00,111367.6,35372.2,92341.8571,32676,15673674.00,15136869.00,721257,1152683,34267.3333,116051
2026-06-02,156625,35409,84616.0,53552.0,13372.0,15758.0,16629129.00,-3070884.00,16946289.00,83813151.00,107969.0667,34957.4,88062.8571,33398,32568603.00,52268616.00,711594,1119202,34936.6667,93618.6667
2026-06-01,94775,29754,42203.0,36124.0,12407.0,13642.0,273949.00,3522190.00,17456788.00,31453053.00,110120.3667,35725.2333,84084.2857,31228.5714,22412884.00,19164643.00,699110,1083506,31758.3333,79541.6667
2026-05-29,96753,37639,37226.0,46107.0,16129.0,15967.0,-2182902.00,-591511.00,24170093.00,26902528.00,115809.7,36931.6333,79824,28876.8571,23216864.00,21625473.00,703355,1116970,24234.6667,60783.6667
2026-05-28,89328,37417,31688.0,34575.0,11750.0,13645.0,-2810320.00,-829278.00,35516624.00,51900389.00,115997.6667,36799.0667,80938.5714,27137.2857,19710775.00,17729733.00,690163,1085017,29504.3333,69637.3333
2026-05-27,52544,20219,18769.0,26984.0,7120.0,10978.0,-2640813.00,-880253.00,6052197.00,17158096.00,118738.6667,37756.1667,105145.8571,33453,11107627.00,9347073.00,687632,1069091,36252.3333,94346.6667
2026-05-26,40479,15068,15908.0,20896.0,6402.0,6508.0,-2920547.00,-361675.00,8022881.00,14923030.00,119467.5667,38196.1,130649.8571,39174.1429,11348893.00,8790021.00,681480,1060840,36085.6667,103162
2026-05-22,115889,53226,48671.0,54781.0,21887.0,24699.0,-1469060.00,-681693.00,16619470.00,31869702.00,118737.7667,37465.8,168348.1429,43180.4286,21048662.00,20261295.00,685689,1120569,25402.6667,86842.6667
2026-05-21,126672,40463,54537.0,56269.0,14514.0,16479.0,-3469476.00,-3108110.00,22577554.00,39558240.00,117440.6667,37179.9,172498.2857,44703.1429,25851522.00,25508470.00,677966,1075996,20328.3333,76995.3333
2026-05-20,66925,14568,22181.0,36301.0,5660.0,7023.0,-4694707.00,-645045.00,5683157.00,18233970.00,118861.1667,38010.8,177522.2857,46927.4286,12470589.00,8420927.00,674609,1071759,36948.6667,128685.3333
2026-05-19,66931,21177,29659.0,27206.0,9208.0,8448.0,585698.00,-743073.00,9675881.00,31648889.00,119322.5333,38810.1,181617,48852.2857,15358244.00,16687015.00,668829,1061867,48261.6667,179377.3333
2026-05-18,97130,25240,37235.0,46241.0,12758.0,8896.0,-3799310.00,953979.00,8429698.00,31125646.00,117441.4,38680,182868.7143,50667.1429,18637831.00,13884542.00,662575,1047634,66938.3333,273593
2026-05-15,221995,64429,72589.0,119390.0,30785.0,26494.0,-9620242.00,645244.00,24163644.00,60264166.00,112285.4,38082.3,179556.7143,48984.2857,40838049.00,30572563.00,759242,1228534,62502.6667,251502.3333
2026-05-14,219007,55116,78488.0,102618.0,21030.0,22032.0,-11611505.00,-742686.00,26338052.00,88612578.00,106837.4667,38664.5,156878.5714,44357,51703641.00,40834822.00,748020,1193721,54176.6667,212531
2026-05-13,379777,81270,179521.0,165197.0,33362.0,40559.0,13304756.00,-928966.00,24537831.00,171728508.00,96558.2,36818.4,114057.7143,38087.4286,83388501.00,95965163.00,732438,1158664,38637,117803.3333
2026-05-12,155723,51122,63952.0,71661.0,23147.0,19473.0,-1027606.00,1319012.00,20193129.00,55333570.00,92775.3667,36396.8,106017.1429,37054.8571,34092482.00,31745864.00,716651,1109629,34244.3333,101193
2026-05-11,102093,30138,35556.0,53038.0,14936.0,13098.0,-6533709.00,1794.00,13190480.00,42708290.00,91635.9,37030.8333,102121.1429,36095,28148437.00,21612934.00,707272,1092792,41748,133432.3333
2026-05-08,95594,34651,39380.0,46558.0,16508.0,12802.0,-1650834.00,2006728.00,13953645.00,39513108.00,90978.3,37717.7333,96050,33516.7143,24672796.00,21015234.00,730261,1126652,37772.6667,121654.3333
2026-05-07,105892,37944,49475.0,45129.0,14811.0,18200.0,2068528.00,1460647.00,14179561.00,45309781.00,90421.6667,37928.3333,90357.7143,30342.1429,25877325.00,26426706.00,718362,1104158,37585.6667,113034
2026-05-06,198811,52649,104285.0,73487.0,21576.0,25044.0,14792113.00,-1517000.00,17871138.00,94502815.00,85233.9,37189.2667,70176.2857,27045.2857,38245342.00,56904163.00,706013,1054624,34667.3333,79910
2026-05-05,60260,22725,21434.0,29205.0,9319.0,11766.0,-2084667.00,-1675540.00,10688600.00,19906091.00,87127.1,38513.6333,79177,27434.1429,13349716.00,12940589.00,702096,1050019,34898.6667,84763.6667
2026-05-04,80031,37383,36881.0,36523.0,21758.0,13769.0,-1140232.00,1594427.00,12052501.00,30099644.00,88612.2667,40227.4,81673.4286,27338.4286,21064519.00,18329860.00,686296,1031824,27972,75785.3333
2026-05-01,99439,43894,35277.0,49306.0,14629.0,25934.0,-4727643.00,-3252772.00,11615080.00,34008150.00,92954.9333,53362.9,78836.7143,26350.4286,18263441.00,16788570.00,707848,1063356,18581.3333,64654.3333
2026-04-30,74821,23419,33566.0,34049.0,9656.0,11292.0,-1207317.00,-996204.00,8461341.00,17658144.00,97416.4667,55266.7,77647.7143,28035.1429,11552541.00,11341428.00,702487,1053932,20632,58894.3333
2026-04-29,53096,16603,24126.0,21437.0,8234.0,7567.0,-1080574.00,698784.00,3636344.00,17912903.00,98293.4667,56646.7,77872.4286,28944,10408782.00,8629424.00,697282,1039483,23580,82284
2026-04-28,66046,15722,18746.0,37208.0,4900.0,9234.0,-9629285.00,-1560189.00,6141749.00,35879092.00,98835.1667,57361.1667,91196.4286,34239.2857,23973112.00,10249016.00,692205,1029055,30577,92770.6667
2026-04-27,57541,29571,24543.0,27367.0,18331.0,9607.0,-358617.00,1088866.00,7053406.00,21671208.00,99589.1667,57625.7333,121181,40562.1429,13349609.00,11902126.00,679387,1013446,33046,100117.6667
2026-04-24,123265,25447,56783.0,51506.0,11652.0,10796.0,2721284.00,-357628.00,7854234.00,37119380.00,97507,59496.5667,117138.4286,41704,18695919.00,21774831.00,700189,1040374,36301,81195.3333
2026-04-23,97506,36713,38865.0,49087.0,16954.0,16688.0,529789.00,-1290323.00,17458111.00,31412663.00,96839.2667,59439.2333,122462.4286,43449.5714,19745407.00,21565519.00,699842,1017589,31718.3333,66916.3333
2026-04-22,79582,36978,31060.0,37204.0,10175.0,20992.0,-366709.00,-2296663.00,14421855.00,30952348.00,98947.6667,60119.3667,120000.1429,42205,15811687.00,17741641.00,680150,994861,36988.6667,93493.6667
2026-04-21,66498,35212,23793.0,36264.0,16968.0,11969.0,-879674.00,1635493.00,12462997.00,33640976.00,99737.3333,60591.2,123928.2857,41648.5714,20251717.00,17736550.00,666423,985036,49861.6667,160472
2026-04-20,54669,22965,23689.0,21606.0,9199.0,12195.0,-1122426.00,1032579.00,9319387.00,27170434.00,102340.2667,62721.1667,128655.4286,42923,16601482.00,14446477.00,658245,965455,53353.3333,173904.6667
2026-04-17,159314,52789,67730.0,70813.0,26590.0,21373.0,-54492.0000,3311099.00,15945319.00,77986214.0000,103222.8,69044.4333,121544.8571,41023.8571,41059664.00,36722423.0000,762857,1196061,52067.6667,165724.6667
2026-04-16,267433,73831,128052.0,106439.0,32068.0,31384.0,1322666.00,-2432834.00,25806366.00,119589167.00,98700.6,69410.9,94879,36927.4286,59816948.00,63572448.00,743127,1135043,36879.3333,97362.3333
2026-04-15,94967,33440,43666.0,38886.0,14461.0,13997.0,-1073650.00,-1024492.00,11475601.00,42374935.00,100918.9667,71171.2,87126,35198.4286,22503425.00,22454267.00,729887,1109949,36171.6667,97038.3333
2026-04-14,134774,48932,64388.0,54089.0,16869.0,25513.0,-2642358.00,-6928375.00,19009930.00,65309698.00,100689.5,71528.0333,77489,34850.7143,34577136.00,38863153.00,719739,1074930,30489.6667,81366.6667
2026-04-13,62346,28266,29603.0,27005.0,15196.0,11826.0,-1260414.00,-1490398.00,6716917.00,17746086.00,102096.8667,72826.5,76520.8571,41181.5714,11293944.00,11523928.00,711314,1059041,34232.6667,97098
2026-04-10,93995,31317,42074.0,39681.0,14153.0,14570.0,466330.00,-1034340.00,8259079.00,22341046.00,103660.3667,76675.7333,73292.8571,40405.8571,12473031.00,13973701.00,727972,1098033,38845.6667,92690.3333
2026-04-09,87759,31886,40947.0,36426.0,13143.0,15091.0,24242.00,3368634.00,21823279.00,25348247.00,103598.2667,77717.6667,66789.8571,41347,24354164.00,14793587.00,723980,1077617,35329.3333,77002.6667
2026-04-08,109540,39495,54725.0,45585.0,15970.0,20157.0,2229268.00,-423438.00,10642678.00,35230291.00,102790.2667,78608.3,60842.5714,42727.5714,19682021.00,22334727.00,717324,1049573,37663.6667,62927.6667
2026-04-07,80772,45156,35697.0,37286.0,22159.0,20756.0,670965.00,388560.00,16638589.00,20898586.00,101920.0667,78354.6667,60141.7143,44170.7143,17025500.00,17477905.00,706069,1018961,46805.6667,54526.6667
2026-04-06,40696,21337,18124.0,18107.0,10576.0,9384.0,-1461194.00,-1874618.00,5942510.00,9074257.00,104185.4333,80067.6667,67069.8571,47445.7143,6596603.00,7010027.00,695574,1001787,48322.3333,64761
2026-04-02,67315,46498,29804.0,28124.0,18196.0,19939.0,-460845.00,3312467.00,28742390.00,11997050.00,104738,80522.1667,63621.7143,45157,18334683.00,11839871.00,712791,1039699,45647.6667,56402
2026-04-01,55569,72582,21552.0,28829.0,32562.0,17088.0,-3083229.00,10306149.00,169705621.00,15812908.00,104827.4333,79276.4333,72405.5714,43710.4286,77561468.00,11831590.00,704835,1027272,37840,60515.3333
2026-03-31,71399,25887,38525.0,24897.0,8238.0,13292.0,-454635.00,-3797537.00,26259272.00,23509072.00,104566.4,79496.8,80003.7143,52697.4286,15823818.00,20787220.00,695639,999827,47630.3333,62004.3333
2026-03-30,42238,38474,16262.0,21149.0,15718.0,12863.0,570676.00,2741763.00,48879149.00,14579584.00,108083.6333,81141.8,106786.7143,109766.7143,15337908.00,13166821.00,686443,985937,49559.6667,77656
2026-03-27,67909,49159,27541.0,28660.0,15965.0,18316.0,1021213.00,-94601.00,39148332.00,17743722.00,109041.4667,81238.9,126895,114248.7143,14354557.00,15470371.00,692545,1052941,43332.3333,69412.3333
2026-03-26,75866,55258,30861.0,38411.0,17047.0,18816.0,1063811.00,1977521.00,86926690.00,18361639.00,109108.0667,80353.7333,127400.7143,114640.8571,16302340.00,15388630.00,690865,1032660,45731.6667,83142.3333
2026-03-25,89193,44262,39079.0,34884.0,19926.0,18222.0,-102541.00,1078669.00,23982878.00,26296995.00,110563.4667,80720.2,126415.5714,113625.7143,20827208.00,17427998.00,680191,1012858,60576.3333,94940
2026-03-24,43178,30477,15564.0,21614.0,11251.0,13064.0,-931492.00,-2406045.00,30780483.00,17011805.00,111564.3667,81029.7333,131698.8571,114630.1429,13546063.00,15020667.00,676069,1003565,196403.6667,157120.3333
2026-03-23,117056,62456,62643.0,37231.0,35668.0,21699.0,3509412.00,-279526.00,25201269.00,31198552.00,111134.3667,80870.3667,123662.2857,117361,21811875.00,25777757.00,650694,971176,202429.3333,187657.3333
2026-03-20,124586,88796,60102.0,55476.0,43556.0,38236.0,5014610.00,1837616.00,46389949.00,45971636.00,109448.7,79997.2667,116932,109674.8571,37834533.00,40972577.00,832758,1405217,192165,172597.3333
2026-03-19,229719,437959,100958.0,109378.0,131702.0,285038.0,5821915.00,-24734801.00,995797385.00,65296054.00,107622.9,67423.9667,104519.8571,55306.7143,310549143.00,675616949.00,921849,1333643,58564,123456.6667
2026-03-18,208667,80533,78397.0,94324.0,36195.0,31874.0,-2555727.00,4286069.00,22769794.00,55895280.00,104758.5667,66179.7333,87594.2857,50854.4286,36003048.00,29161252.00,901681,1252104,44222.3333,80621.3333
2026-03-17,79406,58003,26093.0,36294.0,26681.0,25053.0,-2293311.00,781048.00,45903643.00,26524923.00,104276.6,65984.0667,95215.8571,54977.4286,36206022.00,28041163.00,891897,1220673,52078.6667,74419.3333
2026-03-16,82297,37156,27469.0,31170.0,14497.0,18487.0,-1552856.00,-905733.00,41531407.00,32550279.00,104974.3,67941.4333,110000.5714,84310.4286,30502915.00,32997912.00,887949,1192789,51357.6667,72811.6667
2026-03-13,80161,37508,36239.0,33432.0,12915.0,14822.0,3739621.00,-2081603.00,37858345.00,29524179.00,106868.2667,70120.7,117372.8571,91070,15888038.00,21457262.00,897189,1247005,57982.3333,93702.6667
2026-03-12,60800,81572,24410.0,30600.0,23850.0,26835.0,-1705649.00,-3263331.00,233138556.00,20929879.00,108031.8333,71236,131761.1429,91738.1429,43797330.00,46029262.00,887606,1243485,47247.3333,103498.6667
2026-03-11,77474,34993,40680.0,28966.0,11733.0,16196.0,3487338.00,-7111927.00,42828037.00,34242013.00,107981.6333,71335.6333,138963.4286,95258.7143,21745540.00,29421455.00,879643,1211482,64537.6667,121926.3333
2026-03-10,142834,57382,61148.0,62672.0,23896.0,22485.0,-3181337.00,3315969.00,44848950.00,60179580.00,106269.2667,71143.3333,133496.7143,96664.1429,43829122.00,37331816.00,859193,1185341,126239.3333,136245
2026-03-09,90188,49367,43426.0,35810.0,18312.0,17236.0,1673110.00,-723158.00,51500211.00,32932092.00,108129.8667,71765.0667,140741.2857,110582.2857,26340517.00,28736785.00,847632,1172725,138058.6667,150104.6667
2026-03-06,132757,86864,60386.0,51988.0,35271.0,29263.0,3200774.00,4719596.00,104984211.00,37829943.00,115405.7333,72994.0333,134046.8571,107193.7143,39948846.00,32035024.00,852615,1236240,137853.6667,159691.6667
2026-03-05,185790,242487,79511.0,83315.0,82220.0,69182.0,4172307.00,2413177.00,597301918.00,74818446.00,113627.7333,66232.9333,119691.1429,82011.8571,156720266.00,146872659.00,848851,1170470,76903.6667,140391.6667
2026-03-04,131767,84825,49594.0,64334.0,28826.0,30519.0,-6244139.00,-2488110.00,113454308.00,47279808.00,111736.0667,64826.0667,108676.7143,75257.8571,41957554.00,41234825.00,828527,1112322,71035.3333,131325
2026-03-03,161518,86249,68122.0,74581.0,34576.0,35954.0,1123628.00,-746323.00,70067001.00,65273521.00,113044.6333,65312.0667,101125.1429,73326.1429,45747890.00,47617841.00,796984,1052521,91217,124452.3333
2026-03-02,127890,59637,59989.0,55491.0,22726.0,21492.0,654638.00,-2257807.00,42889707.00,39557813.00,113693.3333,66062.5,94839.7143,73397,28004121.00,30916566.00,781863,1018686,92386,110454.3333
2026-02-27,104567,67220,43492.0,50184.0,28141.0,31159.0,-735488.00,-288686.00,27444205.00,33189362.00,116733.5333,65917,88223.2857,68824.1429,27304963.00,26858161.00,801000,1047122,92050.6667,104032
2026-02-26,140900,146794,55153.0,63749.0,55089.0,58893.0,1683340.00,5614827.00,254216456.00,38750457.00,118273.6333,66400.5,77175.8571,52496.1429,102086645.00,87979358.00,800189,1007166,55635,75287.3333
2026-02-25,85896,63144,32514.0,34840.0,22697.0,25646.0,-291995.00,-2145919.00,24543530.00,29286313.00,129395.6667,70798.7333,86012.8571,56021.8571,19560682.00,24510169.00,778904,971908,58829.3333,82874.3333
2026-02-24,85300,66214,35745.0,28757.0,28607.0,31842.0,3957512.00,-5205499.00,15094044.00,28319143.00,132306.1,71177.8333,87633.4286,54001.5714,11655598.00,20818609.00,775473,928446,56802.3333,82405
2026-02-23,54666,37547,23916.0,25786.0,12551.0,19707.0,2171996.00,-2478937.00,13817847.00,18396369.00,137561.5333,75665.7333,90947.4286,52738.1429,11790337.00,16441270.00,766965,908931,56023.3333,83600.3333
2026-02-20,108657,72727,49672.0,45009.0,32323.0,33984.0,2948602.00,2743526.00,19571588.00,30111803.00,139003.2,76939.7333,94404.2857,50242.2857,21834115.00,22361242.00,847409,1120242,42613.6667,68570.6667
2026-02-19,83892,60133,30369.0,44296.0,29100.0,21097.0,-1535432.00,11030994.00,56822218.00,20002462.00,140081.7333,76618.3,92877.5714,47332.2857,44560985.00,18920679.00,835755,1112894,51844,89858.3333
2026-02-18,58252,35210,22170.0,26332.0,14055.0,16479.0,10164.00,-2328911.00,12189908.00,22591556.00,142315.1,82150.7,99435.2857,50541.5714,12927643.00,15266718.00,841852,1098386,57464.6667,102655.6667
2026-02-17,63568,32498,27964.0,30356.0,13158.0,16277.0,-1743906.00,-2841165.00,11239140.00,29119277.00,148075.5,84074.5,100927.8571,54842.2857,18470939.00,19568198.00,844917,1081579,56199.6667,107421
2026-02-13,147755,87824,62280.0,72871.0,37426.0,42025.0,2253474.00,213659.00,24947229.00,47440952.00,145868.2667,86018.1333,104812.1429,50976,32221540.00,34261355.00,864746,1119506,45343.6667,102454.3333
2026-02-12,96644,52072,33739.0,48586.0,21895.0,25892.0,-4975421.00,-668017.00,20063205.00,31540059.00,144794.9667,88828.7333,108539.7143,49709.4286,24396784.00,20089380.00,856254,1102830,41240.6667,94641.3333
2026-02-11,77864,28703,27965.0,36785.0,12701.0,9751.0,-1750744.00,852240.00,7480826.00,24948979.00,144872.2667,91024.9,106694.4286,53056.5714,14870705.00,12267721.00,853894,1099263,50898,103405.3333
2026-02-10,132855,55256,62525.0,54056.0,23559.0,22307.0,8631841.00,-2345120.00,17247286.00,52428059.00,142947.3667,92190.8333,102462,58859.5714,24803370.00,36127796.00,840518,1066628,53347,83792.3333
2026-02-09,73205,39763,33950.0,29402.0,19866.0,17106.0,-1769515.00,2380843.00,12950786.00,32286708.00,141404.3333,92950.4,111572.7143,67877.1429,22982447.00,18832089.00,826203,1045853,60346,117705.6667
2026-02-06,104156,57675,51099.0,43544.0,29027.0,23790.0,4902010.00,-3926938.00,17159905.00,30483469.00,139352.7333,92934.2333,110365.7143,76070.8571,17106851.00,25935799.00,843841,1074560,55523,123899.3333
2026-02-05,74016,62603,27130.0,37166.0,35177.0,22285.0,-2238669.00,5788243.00,49571264.00,24182397.00,138951.6667,92818.4,110644.5714,72553.5714,45813745.00,22320783.00,842466,1061098,52033,120876.3333
2026-02-04,174945,60760,51074.0,68418.0,24871.0,23411.0,-6015838.00,3891515.00,24855025.00,67088052.00,136313.8667,94340.1333,98718.5714,71246.8571,35478700.00,25571347.00,831795,1037311,63738.6667,96970.6667
2026-02-03,122737,43206,51423.0,51029.0,18953.0,17551.0,2520759.00,806391.00,19496462.00,43127251.00,134302.0667,96612.2333,102042.7143,74791.5714,24953313.00,26667681.00,821854,1010228,83632,101718.3333
2026-02-02,64947,52133,24441.0,27836.0,21726.0,22500.0,-9061.00,-626343.00,13796013.00,30744537.00,134323.0333,96545.9667,142912.1429,85020.1429,17747091.00,18364373.00,814417,996711,104598,111971.6667
2026-01-30,103228,95877,37999.0,48153.0,45518.0,22374.0,-4352692.00,3051445.00,19513184.00,54346458.00,133490.5333,95459.7333,147086.7143,76988.2857,33251253.00,25847116.00,839983,1096609,85299.6667,102885
2026-01-29,136980,102886,58995.0,65150.0,43068.0,51079.0,95552.00,238131.00,17559627.00,61110298.00,133829.4667,96045.7667,138234.8571,68378.7143,34797604.00,34655025.00,886018,1103387,68208.6667,87712.6667
2026-01-28,95707,115031,35860.0,48905.0,42711.0,45676.0,-4123031.00,-1107398.00,22353303.00,43092126.00,134158.6667,94714.4333,153244.5714,66349.8571,29578587.00,26562954.00,879996,1083556,52538,104479
2026-01-27,75968,37982,31726.0,35732.0,11055.0,12610.0,233819.00,-116367.00,15899921.00,35005806.00,134330.4667,95165.9333,163442.1429,72659.5714,17695282.00,18045468.00,864474,1079172,81121.6667,196167.3333
2026-01-26,91463,51613,36447.0,41965.0,18341.0,23229.0,-1596369.00,-2380366.00,19554098.00,42857270.00,133780.8333,94366.1333,178343.5714,74265.5714,23805170.00,24992347.00,836921,1051397,77135.3333,209829.6667
2026-01-23,146006,68019,54949.0,75979.0,27662.0,30137.0,-3649275.00,2438135.00,20424111.00,55666171.00,130852.0333,93166.2667,184214.5714,87591.2857,37110805.00,31023395.00,859305,1083523,68668.6667,186166.6667
2026-01-22,351033,123733,165332.0,144541.0,50438.0,49667.0,18543345.00,-154054.00,32249626.00,229239399.00,120665.8667,89814.4,194003.7143,97785.2857,104509431.00,128746580.00,823010,1025827,61034,136080.6667
2026-01-21,132450,39654,57210.0,62304.0,15374.0,17109.0,829625.00,-2810176.00,13269717.00,48216697.00,119077.2333,89712.8,199741.2857,103204.2857,24754627.00,28394428.00,809776,982553,75199.3333,141047.6667
2026-01-20,75017,42619,30342.0,34989.0,18650.0,16311.0,-3395374.00,1185572.00,18146287.00,34373535.00,118600.9333,89217.4333,219357.2857,121713.5714,23737414.00,19156468.00,796458,971161,81944.6667,181299.6667
2026-01-16,200775,100829,78782.0,96201.0,48456.0,42214.0,3850642.00,4175144.00,27490415.00,80513365.00,114087.1333,86920,212376.1429,123159,46016288.00,45691786.00,1018785,1209842,102101.3333,176742.3333
2026-01-15,147351,82150,60065.0,68598.0,45375.0,28884.0,-3467186.5000,4388451.00,60003807.00,76587207.5000,111218.8,85255.4333,207932.8571,118636.1429,83569605.5000,39214768.00,1008703,1193096,139748.3333,267477.6667
2026-01-14,195773,62855,91127.0,75061.0,26626.0,30610.0,9589211.00,-266432.00,16265599.00,104751987.00,108296.4,84839.6333,197858.5714,138397.1429,46974500.00,56830143.00,1001380,1173029,144659,259757.6667
2026-01-13,187103,161299,87123.0,73880.0,76335.0,64556.0,23315113.00,1841035.00,40847413.00,129946647.00,104951.5333,80877.9333,204898.1429,128241.8571,63139888.00,82516810.00,1020188,1133129,148287.3333,268166.3333
2026-01-12,419557,195091,199841.0,159364.0,73016.0,94692.0,32653439.00,-6301519.00,66352326.00,277603233.00,95343.9333,77912.6667,156609.7143,121247.8571,123360921.00,165537475.00,983366,1071792,120239.3333,178949.6667
2026-01-09,172613,77587,66432.0,71581.0,32819.0,35316.0,2101561.00,-1889299.00,76146211.00,50477200.00,94736.9333,77925.8333,141157.1429,129648.2857,48419955.00,61393765.00,1033737,1071561,111207,160161.3333
2026-01-08,212329,172184,107039.0,80862.0,74653.0,77137.0,4923278.00,-13980161.00,163014854.00,63932814.00,95778.9667,76088.8667,122279.1429,118563.1429,72015989.00,101993078.00,1052319,1047307,120873,131136
2026-01-07,151907,110947,49565.0,68948.0,47788.0,39976.0,-9701702.00,-3815370.00,117487496.00,59795477.00,95239.6667,76257.8333,111307.8571,115604.1429,58891044.00,67128462.00,1018026,1011444,113961.3333,159293.6667
2026-01-06,116248,50490,42978.0,50095.0,17864.0,20320.0,-5293110.00,-2958877.00,26042514.00,52219903.00,94964.9,78766.9,98545.8571,117327,28702141.00,26367908.00,1001191,983836,145842.3333,147723.6667
2026-01-05,125253,201182,54485.0,54244.0,71829.0,99521.0,4253259.00,2162370.00,76065012.00,54091310.00,93020.4333,73283.6,86739.4286,96756.7143,55653810.00,40440699.00,857414,934255,124245,127454.3333
2026-01-02,236380,90212,105655.0,85011.0,34794.0,47552.0,9616270.00,-7384383.00,54428041.00,85480186.00,87416.7,71814.1667,61825.7143,92316.1429,36709201.00,86519854.00,868645,939347,125703.6667,75388.6667
2025-12-31,81538,146133,30741.0,36876.0,57974.0,76065.0,1570230.00,-1572700.00,418011310.00,21647111.00,88448.9333,71007.1667,63864.7143,86641.7143,150460252.00,243469782.00,869192,920061,107070.6667,73245.3333
2025-12-30,64445,136390,21226.0,31159.0,46708.0,81741.0,-873653.00,-3832663.00,329182025.00,16552056.00,96401.4,76679.2333,63570.1429,83067.2857,90484891.00,248575501.00,861940,908618,82457.3333,60735
2025-12-29,80183,94588,31736.0,38722.0,28580.0,52266.0,-7508394.00,-6286572.00,128374278.00,29312266.00,98219.3333,75436.6333,61483.4286,76718.2857,33114507.00,113449925.00,815076,882988,69991.3333,48210
2025-12-26,75108,90234,39024.0,28135.0,38418.0,32433.0,1606242.00,-3803745.00,115199666.00,18980850.00,101024.5333,74930.6,61932.7143,72869.1429,44253003.00,35420590.00,793732,930059,59622.6667,43835.3333
2025-12-24,26914,62550,8965.0,15425.0,27474.0,22878.0,-1506141.00,767025.00,166424845.00,7970628.00,104614.5,74575.7333,79109,81143,69535231.00,50620925.00,782184,921309,74243.3333,66801
2025-12-23,42608,57190,17155.0,20091.0,12296.0,31602.0,-665905.00,-7767752.00,138922050.00,10881490.00,105784.7,73906.9667,88105.4286,83700.2857,8767506.00,86517413.00,774513,909047,92303,73392.6667
2025-12-22,61984,59128,24075.0,26886.0,27066.0,16449.0,-3463980.00,2328112.00,120562679.00,40272102.00,108115.7333,74499.8333,90839.4286,82614.4286,69299503.00,14691331.00,757450,890444,89308.6667,74590
2025-12-19,95811,106412,47773.0,39507.0,41396.0,48111.0,3538171.00,-2592803.00,106004819.00,22939483.00,109872.2333,72495.9333,87862.7143,71358.2857,52956358.00,32785632.00,871007,1091521,74934.6667,68737.3333
2025-12-18,62383,111369,23667.0,26777.0,44297.0,57216.0,-514276.00,-4997267.00,213390929.00,19244857.00,110866.0333,69713.9667,87256.8571,60023.1429,96043289.00,126860740.00,865745,1071600,77967.3333,96992.3333
2025-12-17,65576,50145,24252.0,34078.0,20331.0,22338.0,-3894381.00,1276505.00,27310168.00,21717475.00,112072.4667,69019.2667,84381.4286,56170.5714,24823237.00,19652351.00,854431,1062872,86282.6667,110328
2025-12-16,78253,63290,35022.0,30663.0,26291.0,24088.0,874227.00,2177202.00,33275067.00,25251713.00,112215.1667,67957.6,85315.4286,52358.5714,25113610.00,23810635.00,824701,1083944,82361.6667,111284.3333
2025-12-15,147148,120467,52216.0,45438.0,49044.0,49567.0,-4052677.00,8731055.00,53705693.00,55514071.00,112614.5667,66490.3,72969.7143,39114.4286,51583113.00,38624381.00,761910,1014476,51412.3333,87226.3333
2025-12-12,105583,75091,40242.0,52131.0,33811.0,31666.0,-2020867.00,1058437.00,19493769.00,28797219.00,113325.8667,65525.3,67223.7143,32945.1429,22703671.00,19624367.00,758185,1038305,37056.3333,71412.6667
2025-12-11,81122,51527,33739.0,36595.0,15431.0,31211.0,-481822.00,-10258870.00,39297607.00,22129350.00,114861.1333,65005.2333,64392.1429,30186,15789238.00,40037936.00,747185,1020050,27606.3333,59521.3333
2025-12-10,74974,27619,38423.0,30018.0,13906.0,11396.0,-390315.00,1321435.00,8784723.00,24947329.00,116023.2333,65704,69124.5714,33437.7143,16149283.00,14810283.00,740902,1008924,30602,62793.6667
2025-12-09,58142,32023,24223.0,26495.0,12555.0,14759.0,-2208064.00,-694109.00,10465799.00,19728098.00,118891.2667,65978.6333,73212.4286,34927,14231121.00,12717166.00,731339,1000228,29180.3333,63655.6667
2025-12-08,45448,23177,20532.0,21059.0,9736.0,8949.0,-1339383.00,-97051.00,11601869.00,16370206.00,124042.5,67423.6,85481.1429,46777.8571,11578376.00,10336044.00,721122,988499,32090,70293.3333
2025-12-05,84791,36606,35860.0,40065.0,17567.0,16287.0,-1753090.00,1407169.00,11525494.00,19040225.00,126818.7667,67956.1667,95425.7143,52688.7143,15421480.00,12261221.00,752372,1025041,30625.6667,62463.3333
2025-12-04,60728,27758,21759.0,27538.0,10042.0,11284.0,-2241028.00,595567.00,12835009.00,20462648.00,129221.9667,68757.6,121548.8571,65448.2857,13759407.00,10922812.00,745801,1007792,38166.6667,78254.3333
2025-12-03,65361,31906,25082.0,31713.0,11799.0,14397.0,-2875314.00,-2041667.00,11622758.00,26951816.00,131089.3,68962.7667,131601.2857,77464,15117465.00,14283818.00,739447,990421,41680.6667,85386.3333
2025-12-02,61301,32213,26144.0,27357.0,14737.0,13985.0,210255.00,-1131767.00,13962357.00,28056400.00,135641.4333,69937.6333,138273.2857,90828.1429,18375825.00,19710547.00,727560,970532,66320.6667,108729
2025-12-01,108101,50381,52595.0,45512.0,19259.0,24557.0,-168728.00,-2947137.00,20213927.00,50767201.00,137936.4,70735.9333,132390.1429,88871.2857,31076422.00,33176181.00,711895,954240,75521,124163
2025-11-28,86757,42448,42786.0,34796.0,18775.0,17031.0,-2683575.00,326869.00,16402736.00,22182823.00,138670.7667,72202.1333,129748.8571,89397.1429,17178379.00,14167935.00,780110,1035361,100396.6667,176440.6667
2025-11-26,131329,106133,50898.0,62013.0,60715.0,38842.0,-4647996.00,8206435.00,27430916.00,45642078.00,138293.7667,70649.8333,127059.7143,91652.8571,39526283.00,26671852.00,772442,1030279,103691,177907
2025-11-25,154403,77982,56014.0,84977.0,37741.0,30954.0,-6698968.00,1178722.00,28317780.00,48730025.00,138156.8,70468.5667,148290.5714,124305.7143,37966277.00,30088587.00,758630,1024179,119617.6667,162441
2025-11-24,243590,117075,123301.0,89991.0,43088.0,56981.0,15561687.00,-1153368.00,42689909.00,112942713.00,135811.1667,69997.9333,132737.8571,115767.8571,57355334.00,74070389.00,709509,940077,92820.3333,103550.6667
2025-11-21,135728,116016,58939.0,53822.0,39805.0,63701.0,-1054828.00,-22504697.00,66696188.00,51895136.00,147510.7667,77684.6333,136100.1429,109916,39870040.00,61418909.00,834888,1205750,69524.6667,81064
2025-11-20,108005,125762,36892.0,56315.0,77312.0,38312.0,-9198399.00,24953010.00,196798799.00,42946228.00,152566.8333,77449.2333,139901.2857,99364.8571,160649821.00,50925112.00,836027,1193558,68245,82564
2025-11-19,66919,36683,26600.0,32442.0,12766.0,14881.0,-1632876.00,-1933263.00,19760769.00,24865922.00,155287.0667,78315.7667,141443.4286,99428.2857,16698646.00,16999033.00,830136,1172220,158201.3333,161264
2025-11-18,68268,46129,31399.0,31973.0,17128.0,21615.0,632247.00,-5302153.00,23685075.00,31556217.00,157861.5333,79125.7333,150535.8571,103826.1429,21898290.00,27832690.00,820798,1156114,161928.3333,183415
2025-11-17,112505,121923,51411.0,46553.0,59521.0,49181.0,-2567031.00,4344530.00,56547108.00,62033690.00,157672.1667,76517.3667,155678.8571,93022.1429,51812797.00,46038736.00,765801,1133695,146305,199001.3333
2025-11-14,303019,306552,124205.0,150705.0,139609.0,142432.0,-10519838.00,-15182865.00,100802953.00,116004360.00,154008.4667,70517.6333,125561.4286,53216.1429,97097842.00,101480724.00,760202,1160761,61422.3333,142866
2025-11-13,134721,57310,59155.0,63016.0,23820.0,28086.0,-1581181.00,-455582.00,17499489.00,75973918.00,159388.6333,73316.7333,120854,49215.2857,44231313.00,43105714.00,743731,1141036,54694.6667,123863.6667
2025-11-12,159264,75053,60140.0,74655.0,33661.0,31502.0,-5185535.00,-1972290.00,41589678.00,54164207.00,160124.8667,73529.2667,109892.5714,42984.8571,42056403.00,38843158.00,721184,1094575,55315,114747.3333
2025-11-11,134613,51904,49077.0,66002.0,23571.0,22595.0,-1677106.00,1838399.00,34919520.00,45884663.00,161940.0333,74800.1667,113395,46491.1429,35046868.00,32917051.00,706263,1043195,53445.3333,119378.3333
2025-11-10,77714,37127,34820.0,32831.0,16983.0,15236.0,1008254.00,-34710.00,16103457.00,33152018.00,165256.2667,75766.8333,120424.7143,47778.8571,20947132.00,21990096.00,698190,1025190,50373,124206
2025-11-07,131915,76914,56761.0,49711.0,32495.0,35446.0,4361486.00,-105878.00,33566800.00,47017769.00,168119.3,76277.8333,119748.2857,41923.2857,32167156.00,36639515.00,713029,1100882,34503,114157.3333
2025-11-06,148506,46295,61368.0,60335.0,18451.0,23155.0,1476305.00,-6252477.00,27278543.00,58918090.00,169078.8,77960.1,114224.1429,42250,33866921.00,41595703.00,703998,1076267,29551.3333,92166.6667
2025-11-05,92197,27910,38772.0,44616.0,11681.0,14610.0,-1301184.00,-3039925.00,13534295.00,34444457.00,182600.7667,82884.8,121650.7143,44014.5714,20993763.00,22732504.00,693200,1054543,45730.6667,114477.6667
2025-11-04,101769,29304,32859.0,60004.0,11451.0,15616.0,-5773818.00,-3223558.00,16761610.00,54841960.00,183652.9667,83638.8333,135681.5714,49332,37795909.00,28805649.00,684607,1033527,51343,122862
2025-11-03,82534,31440,31014.0,43401.0,13301.0,14225.0,-7617311.00,-1799098.00,17445064.00,50659428.00,185346.8,84935.7,147902.2857,52352.4286,39349843.00,23148477.00,676143,1015024,52838,137744
2025-10-31,159130,76448,65960.0,71798.0,34693.0,30747.0,-6828684.00,-4279019.00,35075913.00,59828894.00,187193.9667,84634.5,144144.2857,48831.4286,41889672.00,39172007.00,718745,1103244,43549.3333,121313
2025-10-30,126922,46141,56004.0,57212.0,15933.0,23379.0,3730085.00,-5924230.00,30863143.00,67214173.00,189791.3,85560.8,143352.7143,47677.1429,37650022.00,47976257.00,711198,1100239,41589.6667,127066.6667
2025-10-29,127180,35925,56429.0,55442.0,13263.0,17440.0,18560.00,-2277281.00,12160229.00,90825100.00,195336.8667,87736,153450.5714,51324.8571,38193621.00,36511962.00,701722,1089208,51790,151335
2025-10-28,109837,48582,42156.0,55007.0,28743.0,16414.0,-9533797.00,4558878.00,21791757.00,72031266.00,200946.3667,89250.6,163038.1429,55003.1429,44048762.00,29956087.00,680809,1073546,53123.6667,170749
2025-10-27,144183,40262,64217.0,54084.0,14924.0,19900.0,6250197.00,-771970.00,12534371.00,112505145.00,204486.6,90853.2667,157981.7143,61599.1429,43703082.00,52205249.00,675214,1051921,56970,166962.6667
2025-10-24,199985,66526,84457.0,88559.0,24833.0,23763.0,-5082106.00,355553.00,27219567.00,94138571.00,206122.6,91697.1333,146558,60604.5714,45762266.00,40324607.00,698093,1122307,47481.6667,140761.3333
2025-10-23,168079,52583,79472.0,68880.0,20570.0,26661.0,2592289.00,-2780161.00,14027421.00,69129129.00,218955.1,96885.0333,144017.2857,63456.1429,31902104.00,37274554.00,689187,1086946,50440.3333,150690
2025-10-22,132824,51801,54541.0,59742.0,21396.0,18641.0,-4860111.00,1693180.00,26826220.00,56130027.00,219450.2,98028.3,149788.2857,70764,34531629.00,27978338.00,668392,1060539,57950,165398.6667
2025-10-21,121381,38061,47300.0,59329.0,18769.0,15350.0,-6818940.00,413465.00,15599710.00,54471586.00,226817,100237.5,201979,114843.4286,34710951.00,27478546.00,662517,1033017,74074.3333,161201
2025-10-20,197865,61459,91693.0,78316.0,20247.0,30587.0,10750878.00,-3027738.00,24440038.00,129257750.00,228809.7,100954.6667,210810.7143,123020.7143,54778695.00,68557311.00,644682,979363,73442.6667,135252.3333
2025-10-17,176950,74330,83365.0,74400.0,29323.0,37757.0,4821740.00,-4002259.00,25205714.00,88910653.00,230084.3667,101002.6333,206750.1429,121356.2857,40800466.00,64763965.00,795378,1220015,72847.3333,126367
2025-10-16,108788,86434,38647.0,55872.0,45126.0,34166.0,-3940959.00,-2993819.00,76338389.00,47020733.00,235639.3333,101652.6667,211995,119069.7143,62085660.00,51349000.00,778862,1210414,78354.6667,147844.6667
2025-10-15,120019,59564,45052.0,48073.0,26307.0,26840.0,-850037.00,-3852653.00,28588078.00,70928910.00,238012.9,101825.0333,210110,116799.4286,36493796.00,39478208.00,763475,1186744,174039,270077
2025-10-14,150294,72544,70496.0,64183.0,31036.0,32289.0,972123.00,-2514241.00,32454731.00,80992687.00,245301.8,103132.5333,216226.2857,124516,47615506.00,52129220.00,747548,1158462,189424.3333,306541.3333
2025-10-13,173221,102956,78384.0,76940.0,43478.0,44816.0,-2361462.00,-3938758.00,46748571.00,107275749.00,269749.0667,110939.3333,233784.1429,129991.2857,68405089.00,69302385.00,717400,1124280,175998.6667,298309.6667
2025-10-10,486716,346617,184852.0,254631.0,163681.0,148050.0,-20177587.00,-8032496.00,138838060.00,207535247.00,260073.3333,104737.5667,190160.5714,92107.2857,163589241.00,149856630.00,703206,1130217,83935.6667,184571.6667
2025-10-09,259687,118700,86409.0,125782.0,51479.0,46719.0,-15126876.00,3039487.00,98284543.00,184140191.00,255141.5333,102522.3667,180072.1429,88011.7143,95185493.00,75331860.00,682706,1050363,58926.3333,133617.3333
2025-10-08,148526,62679,62757.0,69886.0,29565.0,25780.0,-4966514.00,2104278.00,26860626.00,89140265.00,252773.4333,101427.3333,184168.5714,88504.2857,55177495.00,45824203.00,669427,1022705,80220,148478
2025-10-07,145502,70428,60863.0,69893.0,33461.0,27712.0,-2653179.00,-175892.00,31445507.00,100370188.00,252460.9333,100250.7333,194497.7143,91620.8571,58797615.00,58016528.00,657987,1005196,103838.3333,198686
2025-10-06,106824,43672,47628.0,48160.0,16481.0,17786.0,205731.00,179623.00,22489219.00,89145409.00,254546.4,99921,204564.4286,99205.2857,47676604.00,47702712.00,643436,994373,116424,223528.3333
2025-10-03,193108,126560,81959.0,85525.0,54746.0,51376.0,-9524691.00,-2719439.00,40557709.00,159450378.00,251640.3,96670.6667,248099.8571,106218.2857,87221955.00,80416703.00,695876,1063914,104247.6667,222181.6667
2025-10-02,296126,141283,134363.0,132400.0,63325.0,63144.0,6080899.00,-4461012.00,59482616.00,322162193.00,245541.5,92996.0667,224844,93452.8571,165285697.00,177230784.00,658680,1028656,79195.6667,182540
2025-10-01,181351,81429,83900.0,74703.0,37073.0,37721.0,6562198.00,-1315823.00,20207145.00,126993221.00,242573.5667,91522.1333,217986.5714,91869.5714,61720085.00,69598106.00,640553,1001424,82800.6667,194691.6667
2025-09-30,189068,90031,84898.0,84592.0,45531.0,35528.0,-297613.00,438146.00,25137687.00,141273236.00,239038.9667,89525.4333,221626.1429,88638.2857,75193535.00,74437410.00,617817,961538,85044.6667,190766
2025-09-29,177201,66127,81488.0,72012.0,26991.0,31207.0,16438889.00,-4171281.00,28487940.00,149630995.00,238692.1333,89181.9667,225574.8571,89753,63358678.00,84317848.00,593229,936709,121552.6667,297651
2025-09-26,217806,92244,96075.0,100178.0,36923.0,40967.0,-9132683.00,2889602.00,36824668.00,96289253.00,237068.7333,88430.5,236395,91029.7143,64613710.00,52591425.00,675730,1006427,108113,269494
2025-09-25,177291,96763,80684.0,78246.0,42746.0,45065.0,2776486.00,-1528775.00,26954009.00,95089682.00,240687.3667,87166.2,250799.4286,90637.8571,52634315.00,56939576.00,656437,982995,99307.3333,254846.6667
2025-09-24,497856,175651,230617.0,221607.0,77317.0,79343.0,9697070.00,-6889792.00,75407574.00,502656654.00,229711.3667,82739.9667,215447.1429,78165.1429,251165391.00,271124589.00,608755,916822,63227.6667,160409.6667
2025-09-23,133335,51925,57981.0,59131.0,21168.0,20633.0,1147775.00,-2412809.00,21274492.00,108711581.00,229235.4667,82087.8667,231980,83867.5714,51206910.00,59431244.00,590326,893211,70562.6667,184245.3333
2025-09-22,133349,70346,55477.0,67473.0,25053.0,28398.0,-6997463.00,-4848684.00,31795751.00,92655533.00,229359.6333,81280.1,291937.8571,103563.8571,53160065.00,51804214.00,560997,872041,80841,237644.6667
2025-09-19,214545,67412,90003.0,103964.0,31689.0,31120.0,-7878228.00,6143878.00,21026052.00,132684759.00,226197.3,79764.8667,282385.2857,106233.4286,76510511.00,62488405.00,766512,1082767,89710.3333,258837
2025-09-18,204842,73930,92565.0,83560.0,28340.0,30560.0,2566758.00,357042.00,29664274.00,112321427.00,225592.9,78567.2667,302034.2857,110577.2857,58011231.00,60461237.00,743911,1039462,94514.3333,274019.6667
2025-09-17,293547,101181,131175.0,126168.0,39149.0,45017.0,10457446.00,-3443418.00,45735609.00,260499249.00,217534.4,75799.6667,296905.5714,107976.2857,126080376.00,138115012.00,708015,1012286,91401.3333,259192.3333
2025-09-16,278122,94020,124974.0,110716.0,32297.0,45241.0,7783081.00,-3191669.00,41509842.00,216145949.00,210276.4,73366.5333,287915.2857,105369,99312626.00,108603076.00,679546,972275,129468,350836.3333
2025-09-15,250390,88342,113797.0,104823.0,33834.0,37270.0,4251505.00,-2108624.00,52589202.00,195450125.00,205834.8,72775.6333,291493.4286,107882.2857,94240867.00,100600996.00,648706,925601,128720.3333,316598.6667
2025-09-12,249065,91842,119156.0,108293.0,37685.0,43921.0,-717408.00,-860043.00,21958959.00,106373796.00,202119.1,70914.5667,283230.7143,104009.8571,55542268.00,57797403.00,695952,995630,132885.3333,347705.3333
2025-09-11,553054,208220,256511.0,235593.0,91376.0,98391.0,10519851.00,-5993651.00,55287672.00,339299520.00,187259.7667,65001.8,256931.7143,90231.1429,174361792.00,182172794.00,642143,930036,91136.6667,249236
2025-09-10,147677,86099,63280.0,51073.0,28548.0,28218.0,7419429.00,769656.00,19001241.00,121382038.00,186209.7,63235.6,365354.8571,126097,35560592.00,54033515.00,596950,908566,87693.3333,271740.3333
2025-09-09,342385,104337,162055.0,138946.0,40971.0,45388.0,6545974.00,-3200522.00,38501459.00,230928878.00,178248,60808,344506.1429,134129.4286,108241219.00,117987715.00,568364,871975,88226,249424.3333
2025-09-08,257646,82974,112695.0,108659.0,28373.0,35220.0,5473413.00,-1060258.00,33647776.00,145747205.00,173738.7,59269.7333,323661.4286,129739.4286,66508666.00,72120337.00,541362,819021,82146.3333,227284.3333
2025-09-05,215190,75769,104253.0,86054.0,31603.0,33521.0,9510858.00,-1529440.00,12276464.00,67576474.00,172060.2333,57870.3667,303989,123176.4286,29590388.00,40630686.00,589265,908503,94146.3333,278541.3333
2025-09-04,275437,105935,114410.0,137006.0,44912.0,37032.0,-903406.00,2478251.00,46705013.00,81206935.00,168112.7333,55592.4333,284087.5714,113061.4286,51192862.00,47811205.00,566209,843420,171221.3333,488942
2025-09-03,191226,64735,85606.0,84623.0,26591.0,26720.0,9794707.00,-594177.00,16153008.00,78850084.00,166388.8,54559.9333,280967.8571,108639.2857,36082444.00,46471328.00,548283,809491,203164.3333,490681.3333
2025-09-02,368961,111769,164026.0,164648.0,38219.0,49746.0,5249793.00,-4296399.00,36043899.00,181350482.00,158007.9333,51964.1333,243391.2857,96822.2857,88024235.00,97570427.00,507521,766377,183322.6667,404938.6667
2025-08-29,906639,337160,446460.0,368795.0,126625.0,167820.0,45987870.00,-4544338.00,65853606.00,379879886.00,138193.0333,42922.6,130037.4286,53091.5714,176747826.00,227669019.00,510600,796752,80878.6667,128553.3333
2025-08-28,196444,160564,87743.0,84976.0,71337.0,69151.0,4018945.00,-389338.00,38816239.00,71169821.00,138101.0333,39077.9,115161.5714,35469.7143,46238147.00,50646430.00,417366,737069,39067.3333,108447.6667
2025-08-27,111733,52244,50044.0,47357.0,22587.0,22938.0,4893986.00,-1640864.00,12077824.00,37252046.00,139015.2,38594.6667,111061.1429,32310.5714,18410718.00,24945568.00,387752,715659,32912.6667,127666
2025-08-26,77483,29828,35271.0,34321.0,10919.0,12119.0,-872995.00,-1505526.00,8387751.00,32497476.00,148426.5,41118.0667,123820.1429,36024.1429,17243158.00,17875689.00,377208,705529,32653.3333,137146.6667
2025-08-25,136127,35130,56182.0,59276.0,14990.0,13886.0,-2116974.00,-1085778.00,11566270.00,73625774.00,147836.0667,41070.8,128531.1429,40962.7143,37503140.00,36471944.00,368479,697025,31291.6667,129491.6667
2025-08-22,169388,33780,79081.0,69671.0,14318.0,15472.0,4999563.00,-1245864.00,7351860.00,52175132.00,145597.4,41304.9,145168.5714,44541.8571,23302071.00,29547498.00,393514,743287,32435.3333,103800
2025-08-21,105925,29050,39798.0,53127.0,13397.0,11564.0,-5213704.00,1400168.00,12550485.00,26336756.00,147602.1667,41544.2667,154118.7143,46515.2857,20433717.00,13819845.00,386480,720490,32795.3333,96168.3333
2025-08-20,113162,31045,46400.0,53068.0,9763.0,14217.0,-1193458.00,-2822981.00,10021654.00,32831851.00,149539.1667,43148.2667,154961,46703.4286,17257444.00,18886967.00,375838,702252,41054.6667,114046.3333
2025-08-19,92313,37211,37641.0,43009.0,15018.0,13921.0,-2823705.00,-592705.00,12264062.00,29459793.00,149115.7,43032.6333,161355.4286,47975.1429,18753387.00,16522387.00,361449,695278,51884.3333,139643.3333
2025-08-18,83030,30130,31635.0,35761.0,11183.0,13261.0,-591751.00,-1027914.00,7949870.00,28794419.00,150286.7,43479.1667,166590.4286,46807.2857,14479966.00,14916129.00,350581,675969,61452.3333,207250
2025-08-15,166796,55823,73451.0,72794.0,21519.0,27032.0,-4258963.00,1841103.00,12592450.00,45475315.00,148068,42919.8667,169435.2857,44261.4286,29161615.00,23061549.00,418991,800301,57132.6667,207843.3333
2025-08-14,169104,69700,67350.0,81429.0,24583.0,28028.0,-4715555.00,-1526904.00,23395874.00,58383146.00,146845.5,42354.7667,152676.4286,36897.5714,36606837.00,33418336.00,397159,757590,44686.6667,191161.3333
2025-08-13,285850,58834,132390.0,119505.0,27237.0,21099.0,11359870.00,686976.00,14545840.00,127083282.00,139904.4667,40879.7,120466.7143,31496.4286,57717746.00,68065465.00,373883,733300,40446.3333,141569.3333
2025-08-12,168576,42864,81237.0,67790.0,12181.0,15554.0,4879118.00,-1958376.00,13865614.00,63527559.00,137554.5667,40380.2333,113119,35460.8571,29348641.00,33005883.00,353127,711796,33476.6667,125269
2025-08-11,119058,32362,53506.0,48463.0,11349.0,17468.0,1824208.00,-930557.00,6907115.00,34281198.00,136270.5333,40342.3667,115767,35982,16380250.00,19135015.00,341833,673440,35356.6667,147819.6667
2025-08-08,137074,46113,69365.0,59119.0,20198.0,16064.0,6090906.00,840034.00,10227117.00,36883526.00,134312.7667,39397.1667,111509.8571,33799.7143,18098103.00,23512475.00,348535,701549,26036.6667,119392.3333
2025-08-07,119675,21955,51095.0,53766.0,10557.0,9134.0,2605727.00,-55034.00,4576212.00,34844978.00,134057.2333,39710.0333,111009.8571,35393.7143,16368271.00,19029032.00,342961,679892,25727,99628
2025-08-06,186710,38002,96336.0,69472.0,12697.0,17761.0,8155927.00,-3232695.00,11944898.00,55147505.00,131109.1667,39724.8,99127.5714,34466.1429,23272297.00,34660919.00,330920,619083,36598,76438.6667
2025-08-05,51792,18153,16439.0,25519.0,6138.0,8972.0,-1182406.00,-1558385.00,6297228.00,13685440.00,131255.7667,39674.5667,109209.7143,37133.7143,8436040.00,8812019.00,325846,613001,42550.3333,105039.3333
2025-08-04,60382,21026,24622.0,29278.0,11278.0,8463.0,-929741.00,1322185.00,6444137.00,13503063.00,132334.4,40257.5667,124131.7143,38956.8571,10249523.00,7997597.00,318022,599842,45820.6667,120670
2025-08-01,117142,70615,51482.0,53074.0,38276.0,25657.0,-1257826.00,-1457907.00,17490512.00,30299188.00,130341.6667,38733.8667,129827.4286,34240,20197260.00,20406571.00,325254,654793,33320,120347.6667
2025-07-31,137594,36010,67900.0,52125.0,11319.0,18252.0,6239509.00,-3455969.00,10068794.00,43402342.00,127446.6667,38121.2667,130100.8571,33918.5714,19116061.00,28811539.00,314223,632704,31819.6667,108994.3333
2025-07-30,107274,30837,46336.0,49893.0,14693.0,10156.0,631326.00,-521482.00,8764857.00,31632638.00,126185.5667,37801.7333,131566.7143,34355.4286,17359575.00,18531793.00,301707,615841,33816,114025.3333
2025-07-29,116175,33113,42917.0,57138.0,14588.0,13412.0,-6999181.00,-569686.00,8845579.00,48575907.00,123491.4667,37378.1,159569.1429,39041.2857,27687762.00,21258267.00,294833,619835,34041,130245.6667
2025-07-28,103534,31509,45258.0,48876.0,13099.0,14676.0,-2311744.00,72594.00,5890572.00,47666593.00,120040.3333,36327.8,172447.7143,41000.4286,23928744.00,21544406.00,286883,594745,36070.3333,148071.6667
2025-07-25,122367,36826,52397.0,54894.0,14093.0,16770.0,-1058942.00,-649745.00,7275714.00,27475411.00,156721.9667,36495.6333,174846.4286,41132,15337467.00,14928270.00,310311,652797,35048.3333,153785.3333
2025-07-24,164836,33788,70119.0,72078.0,14398.0,14488.0,3616290.00,-1399445.00,10686947.00,53071476.00,153863.1333,35995.8333,202701.5714,51380.8571,20737462.00,29103197.00,301744,613436,35084,138018.3333
2025-07-23,157012,37597,70705.0,68955.0,17742.0,15503.0,1804939.00,484673.00,8143051.00,47897767.00,151558.7333,35752.2,197187.5714,50825.8571,24179439.00,25499705.00,287477,597204,44523,189745
2025-07-22,139508,33760,59582.0,61047.0,14141.0,12303.0,-430767.00,616980.00,12223100.00,44657260.00,151238.8333,36242.5667,191861.8571,51832,22926846.00,21879099.00,272604,564514,48344,207803.6667
2025-07-21,117535,33895,53128.0,48810.0,15426.0,15684.0,2298889.00,-41835.00,7846741.00,43053973.00,151570.3,36837.1667,198795.1429,52165.7143,20693903.00,23034627.00,261722,539534,49628,215011.3333
2025-07-18,312192,65914,134110.0,148600.0,26636.0,27300.0,-770893.00,-1400969.00,15186609.00,112132243.00,147021.6333,36542.6667,178663.7143,54058.7143,56473140.00,57103216.00,315122,669344,62833.3333,230888
2025-07-17,193684,45223,82720.0,86887.0,16812.0,23326.0,1897595.00,-1630320.00,11466272.00,63501606.00,143028.5,35750.6333,162367.2857,52418.5714,30290860.00,33818775.00,302005,625984,58996.3333,205798
2025-07-16,139158,37747,65232.0,59416.0,15984.0,15467.0,-75503.00,859202.00,9841377.00,44836098.00,141251.9,35583.2,159367.5714,53244.1429,24181933.00,23247228.00,289862,602469,60015,193488
2025-07-15,359822,105530,188381.0,133256.0,43869.0,47226.0,21909169.0000,-1108024.00,23897400.00,141177589.0000,133312.4333,35794.0333,122283.7143,43746.1429,61835775.00,84852968.0000,266191,576715,36915.3333,128903.3333
2025-07-14,118414,33712,49402.0,47488.0,10069.0,11057.0,644965.00,1087370.00,12307405.00,31792417.00,132094.3667,35870.9333,124285.8571,46465.4286,16031158.00,15461253.00,248509,523832,52066.3333,146522.6667
2025-07-11,102228,40803,41047.0,47669.0,17704.0,17492.0,2200388.00,-1007924.00,10771363.00,23804830.00,132381.2333,36075.1,120770.2857,42719.5714,13579022.00,16787334.00,256852,548065,49712.6667,138983
2025-07-10,166068,36231,80048.0,68403.0,10710.0,18432.0,3976447.00,-3112288.00,11331050.00,37626714.00,129592.3667,35975.2333,111057.5714,41526.5714,18204803.00,25261038.00,248393,500312,52144.3333,123013.6667
2025-07-09,171272,79165,64609.0,86085.0,31531.0,31366.0,-5398290.00,-3310552.00,32204781.00,39370541.00,127083.8667,34605.4333,98095.4286,34678.1429,30745551.00,28657813.00,215416,440801,38770.6667,99334.6667
2025-07-08,79609,33742,37449.0,32638.0,12063.0,10611.0,2772299.00,-722535.00,13414344.00,21173848.00,126749.3333,34677.2333,97914.2857,32394.5714,11276687.00,14771521.00,193857,423808,45105.6667,116941.3333
2025-07-07,118160,43526,46102.0,60556.0,17956.0,19571.0,-829035.00,-1040795.00,18005107.00,26776394.00,124987.8667,34066.2667,97035.5714,30653.8571,19827146.00,20038906.00,173750,381131,35457.6667,103427.6667
2025-07-03,100235,39044,39085.0,48276.0,17251.0,17508.0,-1581723.00,-1126608.00,10722638.00,23903549.00,123886.6667,33758.3667,96754.5714,30568.2857,15713207.00,15382782.00,172774,386857,31736.3333,102709
2025-07-02,132429,52747,49251.0,66135.0,25384.0,23341.0,-3548099.00,-366581.00,14417879.00,32759512.00,122909.6667,33243.5333,85863.2857,25411,22449849.00,19268331.00,143652,340469,24562.6667,85411.6667
2025-07-01,77619,14582,46442.0,23979.0,5291.0,7525.0,2389427.00,-765351.00,4501278.00,17087790.00,125065.4,35066.6333,88023.5714,28830.1429,7829829.00,10984607.00,137393,324868,25621,85652.3333
2025-06-30,98079,27880,39011.0,47117.0,11062.0,10453.0,-1794079.00,-870411.00,7753706.00,24140616.00,132462.2,39065.4333,82206.5714,28405,14511435.00,13587767.00,120179,272551,26774.6667,90295.6667
2025-06-27,80537,31226,33339.0,39557.0,17227.0,11217.0,-784590.00,787465.00,7788792.00,14481561.00,138956.9,41982.8667,77950.4286,26463,11032351.00,9460296.00,118396,294444,29181,96206
2025-06-26,78341,17757,29339.0,41023.0,7369.0,7749.0,-2466954.00,-2262961.00,7415678.00,16236756.00,140403.0333,42932.6667,76679,26962.1429,10349110.00,10145117.00,109034,260081,28810.6667,88822.3333
2025-06-25,112009,31341,46119.0,49350.0,10836.0,15713.0,-1328733.00,-210504.00,7533032.00,44276709.00,143559.3,43694.6,65728,25399.7143,21545799.00,20427570.00,99350,225897,31202.3333,82399.6667
2025-06-24,98268,38445,48351.0,34848.0,14465.0,16723.0,-634451.00,-5141701.00,17405326.00,35981014.00,143782.6667,43634.5,51689.7143,19907.5714,19280513.00,23787763.00,78891,188159,26688.6667,68763.6667
2025-06-23,56190,16646,26437.0,22760.0,6171.0,6817.0,2898946.00,351571.00,5812012.00,15922300.00,146364.1333,43982.3,218350.5714,23509.7143,7846105.00,10393480.00,69315,157339,27017.3333,66948.3333
2025-06-20,92741,38516,31835.0,45727.0,17333.0,13882.0,-9994311.00,-1189666.00,10670127.00,36966168.00,149718.3,45752.2333,216397.7143,20692.2857,21843850.00,12395705.00,62334,138078,21262.3333,59181.6667
2025-06-18,57360,24904,24276.0,29192.0,8844.0,10962.0,-3132500.00,-1902244.00,8828246.00,13223548.00,152800.6,46945.9,220757.7143,21461.4286,10128484.00,8745328.00,47181,103273,19762.3333,51845.6667
2025-06-17,50744,17632,17273.0,17769.0,8524.0,7662.0,2619329.00,467724.00,4853040.00,45089420.00,153906.0667,47278.1667,232067.2857,25867,7721735.00,9873340.00,35284,73286,13885,34931
2025-06-16,69441,21251,32225.0,27450.0,9323.0,9624.0,-2064866.00,1524904.00,6926156.00,19262103.00,158392.4,48622.1333,240358.4286,30221.5714,13790965.00,10201195.00,18456,29372,20755,419389.3333
2025-06-13,35352,20404,12775.0,17891.0,10680.0,8331.0,-1182255.00,1896952.00,7560970.00,15117174.00,160594.8333,48726.1333,260412.7143,35460.8571,9569447.00,6490240.00,0,0,20218.3333,433962.3333
2025-06-12,0,0,,,,,,,0,0,163559.4333,49887.3667,270968.4286,38526.8571,0,0,822537,1531909,30314.3333,463255.6667
2025-06-11,1222816,41861,45244.0,57060.0,18609.0,19450.0,-4758486.00,-159917.00,27771968.00,2744850446.00,124813.1,49338.8667,108546.1429,37221.5714,38838732.00,23473663.00,810918,1623464,32517.6667,98954
2025-06-10,79071,18794,36841.0,35449.0,8067.0,8601.0,866744.00,-12962.00,5383194.00,19075818.00,124159.5333,49632.4667,114627.1429,50516,10619996.00,11499702.00,808691,1609304,43497.3333,115090
2025-06-09,87880,30288,42451.0,35345.0,10244.0,16478.0,2371679.00,-1842320.00,8204960.00,25096451.00,125391.8,50210.9,113768.8571,51334.7143,12610135.00,16824134.00,797558,1593809,52427.6667,144374
2025-06-06,129911,48471,56275.0,53819.0,15589.0,28106.0,-437651.00,-3326942.00,10160297.00,26748575.00,124481.7333,50069.8,111043.5714,51114.2857,14348304.00,17316970.00,814393,1626372,43424.6667,125700.3333
2025-06-05,127479,51733,60580.0,51892.0,20264.0,25191.0,2758946.00,-1924962.00,14138715.00,33675260.00,126216.1,50481.2333,104604,48471.7143,18630648.00,23314556.00,801601,1606025,37088.3333,111827.3333
2025-06-04,175732,57079,92616.0,64106.0,19165.0,30790.0,3959573.00,-5299333.00,22266578.00,46137791.00,125424.7667,50858.6,93216.1429,45756.2857,25909207.00,35403113.00,784141,1571513,55347,93796
2025-06-03,73890,21462,27986.0,35371.0,8383.0,10874.0,-1271464.00,-2417342.00,8155473.00,15087153.00,125154.8333,51436.1,92599.4286,47818.2857,9611051.00,10760938.00,778847,1543572,60199.3333,96456.6667
2025-06-02,85860,32724,34784.0,41185.0,10833.0,17660.0,6352276.00,-1955402.00,12538370.00,21240313.00,127691.5333,54103.0667,89664.5714,46743,11096241.00,19403919.00,770454,1512174,64934,104781.3333
2025-05-30,121638,111855,50778.0,54251.0,44865.0,47517.0,-509989.00,441997.00,33642067.00,26297531.00,128284.0333,54891.5,81887.5714,35021.8571,24386098.00,23434112.00,762901,1548586,38727.3333,91702.6667
2025-05-29,81872,36019,33452.0,34025.0,8872.0,13915.0,-814981.00,-5783645.00,18276658.00,23956727.00,128994.5333,56292.2667,84922.8571,35205.1429,14155033.00,18783697.00,749719,1527530,39411.3333,96417.6667
2025-05-28,110834,46928,43831.0,46860.0,16535.0,20497.0,1140625.00,-1419833.00,20210820.00,35304025.00,133204.4333,58421.2333,89416.7143,38397.5714,20061520.00,22621978.00,730266,1489807,35734,82664
2025-05-27,82402,33235,30987.0,32007.0,11722.0,15246.0,-3221979.00,-1137821.00,12983969.00,31203868.00,141798.3,63511.5,123356.8571,54770.2857,17857849.00,15773691.00,716824,1458350,33054.6667,76968.6667
2025-05-23,96017,38071,39667.0,39618.0,14388.0,19125.0,929983.00,-1582985.00,9944620.00,21088684.00,147813.9333,70410.4,148979.8571,66295.7143,12019351.00,14532319.00,739134,1511201,30300,67362.6667
2025-05-22,69573,35896,29736.0,32301.0,13562.0,18445.0,-1351200.00,-446933.00,14220422.00,16974056.00,156252.1,77823.6333,156430.1429,67775,14859278.00,13516151.00,737761,1498678,30768.6667,78544.6667
2025-05-21,65316,25197,24004.0,29458.0,11315.0,9512.0,-677539.00,-700473.00,5574715.00,24943258.00,163805.6667,84586.1,176627.4286,71918.1429,10720219.00,10743153.00,733770,1490889,45461.3333,104203
2025-05-20,67199,29807,26061.0,20676.0,13185.0,12844.0,2061065.00,296565.00,7309394.00,46075615.00,170666.5,92866.2333,182023.1429,72894.5714,10122932.00,11887432.00,725662,1485719,84807,188464.3333
2025-05-19,103119,37302,38966.0,45739.0,14256.0,15631.0,6039075.00,-227423.00,12602640.00,39887585.00,177139.6,101763.9667,186382.4286,71434.2857,17474431.00,23740929.00,712573,1456151,111956,245884
2025-05-16,142291,69275,55798.0,72036.0,26238.0,31523.0,-8925579.00,1263286.00,18248225.00,44884477.00,178356.3667,103743.3,193678.8571,74625.5714,32739651.00,22550786.00,837163,1688680,104281.3333,239028.6667
2025-05-15,319983,147844,125193.0,167479.0,57351.0,70756.0,6024787.00,-1935274.00,83370042.00,93619561.00,171680.2333,101443.0667,169371.1429,62178.4286,67453626.00,95293987.00,818002,1648539,73066.3333,201266.6667
2025-05-14,275378,118749,124089.0,107968.0,36518.0,69234.0,10618941.00,-5348379.00,53378395.00,113445652.00,164874.1,98640.3667,142018.2857,49157.1429,53229721.00,89797041.00,749774,1553132,45697.3333,144463.6667
2025-05-13,121725,46251,54056.0,52172.0,25717.0,16704.0,4631409.00,3000666.00,15568491.00,60902845.00,165049.8667,98959.2,153776.2857,51345.5714,32782047.00,34412790.00,730866,1517516,39307,148433.3333
2025-05-12,206697,54199,81965.0,101998.0,22441.0,20822.0,-34423452.00,3474866.00,17008869.00,163202584.00,162670.1,99950.7333,138737.4286,46963.4286,104608789.00,56990991.00,714577,1512183,51778.6667,143989.6667
2025-05-09,104969,36642,40045.0,51497.0,17111.0,15628.0,-2828810.00,3386462.00,9046211.00,31618173.00,165388.0333,101077.0667,136447.2857,46705.5714,21148818.00,14933546.00,741535,1579665,59802.6667,158943
2025-05-08,133634,27080,60516.0,61353.0,12070.0,12095.0,3280816.00,708238.00,7925510.00,41432555.00,165624.3667,102748.5,125989,46466.4286,21159187.00,23731765.00,739037,1551898,59976,142367.6667
2025-05-07,193366,91614,49462.0,59481.0,18423.0,17371.0,-6337567.00,3089722.00,55159968.00,203999199.00,164889.9,101469.4,106860.1429,37321.8571,33668881.00,21309142.00,755406,1534421,49961.3333,145922.6667
2025-05-06,149829,60714,57625.0,59198.0,27787.0,24906.0,145121.00,614035.00,22931235.00,86748774.00,163654.2333,101174.5,103291.4286,35454.2857,42169427.00,41700513.00,730672,1511468,37564.6667,129788
2025-05-05,83908,27600,36115.0,37181.0,9816.0,14340.0,-5440198.00,-1124443.00,6873332.00,51305152.00,165863.4,103098.8333,105963,37831.1429,28400617.00,24084862.00,722532,1492313,39977,131464.6667
2025-05-02,204031,61570,103854.0,82288.0,24935.0,31773.0,-2195822.00,1109171.00,15401717.00,101316352.00,167136.6667,104247.4,102460,38189.1429,52058448.00,56911373.00,754654,1533288,27922.3333,83596.3333
2025-05-01,101425,23524,45410.0,45652.0,9285.0,10461.0,1893537.00,96578.00,8250466.00,26619888.00,167380.5333,105574.9333,109683.8571,44600,13803366.00,15600325.00,751176,1514979,29281.6667,69609.3333
2025-04-30,88938,34837,36309.0,41026.0,13868.0,17431.0,1567182.00,-3943842.00,10626773.00,22377553.00,169943.6333,106207.3333,106377.2857,45164.2857,11923503.00,17434527.00,740199,1494166,33549.6667,81579.3333
2025-04-29,60426,25406,24750.0,22250.0,8141.0,12396.0,1315058.00,-2572086.00,9990565.00,18590199.00,180837.2333,109541.5,120882.2857,57639.5714,8880678.00,12767822.00,730082,1479023,39827,95640.3333
2025-04-28,59464,27602,27350.0,24576.0,12884.0,10208.0,-1008509.00,1055131.00,8069389.00,17237549.00,187048.8667,112366.7,132303.5714,73054.7143,12159826.00,10096186.00,720479,1469260,51985,135655.6667
2025-04-25,124848,47641,58055.0,52934.0,17237.0,22657.0,202973.00,-664128.00,12970105.00,38444521.00,189628.8333,114254,129209.1429,77397.7143,21757325.00,22624426.00,757248,1520945,58904.6667,144703.6667
2025-04-24,102609,44238,49593.0,39573.0,16541.0,21816.0,2808116.00,-444883.00,17720186.00,33766016.00,190885.8,115151.9333,148426.5714,86906.1429,20719238.00,23972237.00,746143,1490257,57087.6667,132431.3333
2025-04-23,179510,64076,79364.0,77904.0,28508.0,28183.0,5110993.00,151566.00,17014826.00,68240803.00,193633.1333,116468.9333,171384.8571,104315.7143,35031717.00,39991144.00,733683,1475739,73306.6667,126581.6667
2025-04-22,151992,68400,75801.0,63052.0,28246.0,34195.0,4848279.00,-1993316.00,17461281.00,56158408.00,195899.5333,118625.1,189169.7143,129549.7143,30440341.00,37281936.00,721427,1453237,95676,122388.6667
2025-04-21,65792,38787,32742.0,25994.0,15120.0,20566.0,1224590.00,443175.00,15115462.00,20649312.00,203749.9667,123228.1667,225873.4286,160907.7143,15797465.00,16578880.00,717351,1440239,108761,134853.6667
2025-04-17,161961,112733,66850.0,69231.0,49539.0,54164.0,-2372243.00,-1949115.00,29235530.00,37608188.00,207539.6667,124355.9333,244439.4286,177384.5714,30060486.00,29162358.00,861859,1764816,108115.6667,159910.3333
2025-04-16,139413,135508,57795.0,69793.0,54526.0,65753.0,-3709379.00,-7526774.00,198855517.00,32027362.00,214060.3,125214.6333,263526.7143,197770.7143,67654953.00,127457538.00,872630,1732361,124927.3333,226845.3333
2025-04-15,103187,78042,39760.0,45600.0,40910.0,31966.0,-1846883.00,2654280.00,29405710.00,43691469.00,215768.8667,126736.6,291258.8571,230083.8571,34855189.00,26348726.00,867073,1725869,180592.6667,284611.6667
2025-04-14,237131,110797,115028.0,99914.0,43907.0,56128.0,9998264.00,-6094956.00,42932723.00,108185619.00,211925.8,126383.6333,282925,232635,60947669.00,77040889.00,848568,1702414,229758,313140.6667
2025-04-11,340218,185943,142296.0,136043.0,76468.0,87194.0,11994081.00,-8049576.00,74920246.00,125662351.00,209752.4333,125384.5667,251422.2857,217334.1429,73873217.00,84966874.00,903937,1744008,243800.6667,297042.3333
2025-04-10,276486,245038,124220.0,113164.0,113344.0,112519.0,1716003.00,-1787623.00,96737325.00,105980847.00,206562.6333,120886.1333,222094.8571,187281.2857,82715301.00,85385327.00,885120,1707705,254858.3333,295888.3333
2025-04-09,322718,258293,148791.0,139438.0,121309.0,116170.0,-3912817.00,-3411525.00,118404747.00,108878923.00,205877.1,116695.3,194134.8571,158356,102745208.00,103075916.00,852506,1626685,270172,287419.6667
2025-04-08,291923,228071,115340.0,139055.0,99609.0,106223.0,-9100384.00,-6820143.00,123385806.00,85735809.00,203686.200000000000,112712.466666666667,171760.714285714286,137766.571428571429,92676783.00,90396542.00,821030,1546018,237033.333333333333,249710.000000000000
2025-04-07,273024,278211,113372.0,133720.0,125402.0,128747.0,-6602398.0000,-8396017.00,166148332.00,97495590.0000,209238.833333333333,112774.133333333333,159401.142857142857,108083.857142857143,119278426.00,121072045.0000,772882,1482376,170575.333333333333,198601.666666666667
2025-04-04,297312,304234,120075.0,139020.0,156222.0,128534.0,211668.00,6848428.00,167986733.00,115418416.00,223121.800000000000,115023.766666666667,137031.428571428571,75653.714285714286,128728067.00,122091307.00,786569,1521243,80720.000000000000,123229.000000000000
2025-04-03,178794,128655,62958.0,84037.0,55912.0,57990.0,-3939434.00,-4808918.00,43153362.00,63293844.00,251294.833333333333,126026.400000000000,135965.428571428571,64880.285714285714,43633998.00,44503482.00,764260,1514981,56440.333333333333,105963.666666666667
2025-04-02,119699,78837,47776.0,59983.0,36013.0,36649.0,-4422057.00,-2071908.00,20645537.00,56332943.00,259231.200000000000,127946.866666666667,134974.000000000000,61027.428571428571,30736149.00,29751135.00,749294,1484845,58143.000000000000,111165.333333333333
2025-04-01,71194,34668,31305.0,31093.0,14879.0,14774.0,206225.00,1007676.00,12743168.00,30659084.00,267423.633333333333,130714.700000000000,146258.142857142857,68264.857142857143,19355199.00,18553748.00,738674,1466613,70064.333333333333,149603.000000000000
2025-03-31,126998,55816,50658.0,54026.0,22892.0,26868.0,1653505.00,-731110.00,16485875.00,46685135.00,284245.733333333333,135245.700000000000,162719.714285714286,74009.285714285714,24587566.00,26972181.00,733404,1437925,77200.000000000000,154178.333333333333
2025-03-28,135304,83945,58542.0,63184.0,38469.0,35891.0,-2120856.00,1012289.00,23507575.00,40862299.00,290933.500000000000,135433.700000000000,158925.000000000000,71067.142857142857,30190175.00,27057030.00,764296,1521180,66965.333333333333,166187.666666666667
2025-03-27,186507,70432,87836.0,76771.0,27591.0,31535.0,4001218.00,-2018964.00,17213937.00,61615820.00,301432.666666666667,137895.666666666667,155971.285714285714,68692.428571428571,31009832.00,38371914.00,752670,1505676,60777.000000000000,141605.000000000000
2025-03-26,140724,77223,59342.0,68905.0,26764.0,42988.0,-4999226.00,-10060467.00,28943742.00,50047358.00,315357.833333333333,139444.900000000000,191187.000000000000,75579.285714285714,31644701.00,36705942.00,743352,1479694,63479.333333333333,144758.000000000000
2025-03-25,171332,53241,71060.0,75948.0,19336.0,25585.0,-1950116.00,-1422719.00,16004132.00,79016903.00,325388.666666666667,141283.866666666667,201827.142857142857,84024.571428571429,38618061.00,38090664.00,727690,1441210,77741.333333333333,168390.333333333333
2025-03-24,112759,51867,42459.0,54018.0,18617.0,25850.0,-7007975.00,-2558777.00,14155562.00,56960074.00,336084.100000000000,144599.900000000000,214611.142857142857,91509.285714285714,30693846.00,26244648.00,708486,1421100,81569.000000000000,167051.000000000000
2025-03-21,150183,85330,66023.0,69111.0,33996.0,41267.0,-1202828.00,-3333125.00,28281039.00,51444816.00,336990.600000000000,142950.433333333333,213201.857142857143,89487.285714285714,34317828.00,36448125.00,965546,1861832,71062.000000000000,172267.000000000000
2025-03-20,242229,96027,103084.0,110580.0,50918.0,33875.0,6887622.00,1580947.00,29776906.00,91214898.00,335713.700000000000,141595.433333333333,216016.285714285714,90567.142857142857,49294553.00,54601228.00,941105,1857528,80863.333333333333,220602.000000000000
2025-03-19,108741,63350,46557.0,52019.0,26667.0,32313.0,-1979045.00,-2285016.00,13647026.00,52747439.00,342534.233333333333,142310.533333333333,231908.142857142857,100529.285714285714,30599493.00,30905464.00,929560,1860434,97199.333333333333,266292.666666666667
2025-03-18,165831,53809,64925.0,74259.0,26295.0,22030.0,-749423.00,293297.00,18291225.00,97653969.00,346645.133333333333,143747.633333333333,251261.571428571429,118110.714285714286,41407616.00,40364896.00,921481,1845922,114016.333333333333,278431.333333333333
2025-03-17,387234,125431,183911.0,160315.0,47320.0,61915.0,13039703.00,-4371944.00,49338290.00,295891118.00,346653.166666666667,145853.533333333333,235321.285714285714,121130.000000000000,145659936.00,162032393.00,889229,1784426,95931.333333333333,196126.000000000000
2025-03-14,245813,112358,98997.0,108247.0,35482.0,47382.0,1841381.00,-1299367.00,30086142.00,93497626.00,361140.633333333333,148419.600000000000,248066.857142857143,128117.285714285714,44190035.00,47330783.00,929739,1850740,93007.333333333333,201498.333333333333
2025-03-13,202247,104260,86855.0,80558.0,40759.0,45939.0,-7639323.00,1959806.00,24668570.00,85884185.00,382735.500000000000,150586.600000000000,241237.857142857143,130894.571428571429,52238895.00,42639766.00,907665,1827852,102615.666666666667,207410.666666666667
2025-03-12,140318,71176,58718.0,57036.0,27828.0,31436.0,-2913969.00,412570.00,20262120.00,74480185.00,396926.666666666667,150665.766666666667,238598.000000000000,135042.000000000000,39469438.00,36142899.00,894334,1795635,137850.000000000000,261073.000000000000
2025-03-11,261930,103586,91527.0,100916.0,47416.0,45350.0,-8714592.00,1744661.00,33910778.00,154158922.00,397765.600000000000,148312.666666666667,240467.571428571429,142525.571428571429,76811610.00,64135982.00,874167,1785426,152176.666666666667,265647.000000000000
2025-03-10,219984,133085,87327.0,107700.0,65341.0,56860.0,-13080395.00,198680.00,40827541.00,116311961.00,401993.500000000000,145677.233333333333,234868.714285714286,139239.857142857143,77257615.00,63978540.00,857187,1743877,161571.333333333333,303996.333333333333
2025-03-07,301305,176879,135932.0,137708.0,75025.0,80359.0,3518675.00,-3980952.00,35419455.00,139392375.00,397833.300000000000,141099.100000000000,234989.714285714286,132909.714285714286,74770772.00,82512899.00,906178,1818659,143845.333333333333,255042.666666666667
2025-03-06,275652,146566,111166.0,128428.0,68337.0,59495.0,-692123.00,4317154.00,43704925.00,141079957.00,393313.800000000000,137303.533333333333,227924.571428571429,127484.000000000000,78563663.00,73238094.00,877746,1780195,128392.666666666667,203771.666666666667
2025-03-05,335032,161269,168694.0,123460.0,52697.0,82726.0,17765081.00,-9597851.00,49597583.00,185362332.00,387825.600000000000,132634.966666666667,242863.285714285714,144454.285714285714,81907695.00,110318727.00,837805,1751201,126626.666666666667,183766.666666666667
2025-03-04,154444,123701,57661.0,68439.0,49431.0,61892.0,-5975877.00,-3854161.00,36617345.00,70317689.00,397711.700000000000,130866.633333333333,322771.428571428571,179886.000000000000,46262491.00,44140775.00,836082,1728250,122088.000000000000,192549.333333333333
2025-03-03,121839,100208,48091.0,57706.0,45646.0,42269.0,-2608961.00,-3008785.00,30857397.00,68232702.00,396269.200000000000,137884.833333333333,451649.428571428571,231104.000000000000,42533397.00,42933221.00,805149,1709864,132874.666666666667,252653.666666666667
2025-02-28,275017,155971,112863.0,130974.0,66953.0,73504.0,-1683920.00,-2711212.00,41593776.00,102946386.00,391256.400000000000,134094.066666666667,463474.142857142857,228315.428571428571,64619634.00,65646926.00,911096,1814722,117079.666666666667,236380.000000000000
2025-02-27,180792,110085,65132.0,91638.0,52004.0,47961.0,1414885.00,2046001.00,27156856.00,88970143.00,389970.433333333333,132004.733333333333,482927.714285714286,229403.714285714286,52142831.00,51511715.00,889934,1811129,173738.333333333333,322650.333333333333
2025-02-26,302152,132568,133282.0,128247.0,52899.0,60662.0,2084634.00,-1592756.00,36088683.00,216399902.00,382459.733333333333,129038.933333333333,530000.428571428571,237857.714285714286,104994004.00,115080994.00,865947,1779768,253456.666666666667,459866.666666666667
2025-02-25,226196,108586,103074.0,96902.0,48268.0,50260.0,7998773.00,81426.00,34074369.00,167441612.00,382186.033333333333,127696.433333333333,545677.714285714286,235143.285714285714,86858518.00,94744009.00,846914,1765560,370172.666666666667,725796.333333333333
2025-02-24,439603,280061,161902.0,217479.0,133551.0,116877.0,-2040198.00,845725.00,112576622.00,267747060.00,371230.766666666667,120724.800000000000,554517.571428571429,215747.571428571429,158986095.00,156134172.00,796414,1661073,322302.666666666667,698525.333333333333
2025-02-21,713801,371723,326837.0,323427.0,165295.0,170267.0,10305797.00,1112222.00,92563792.00,525842899.00,349785.800000000000,109559.466666666667,532328.714285714286,180315.714285714286,285380564.00,285444771.00,934545,1920104,237629.333333333333,566247.333333333333
2025-02-20,1023985,458734,478499.0,448491.0,197672.0,215436.0,51870672.00,283506.00,123387187.00,819566349.00,320327.000000000000,95656.666666666667,453510.428571428571,130269.428571428571,402800145.00,464356711.00,840236,1822630,148633.333333333333,435472.666666666667
2025-02-19,357790,136451,140693.0,148902.0,46669.0,58358.0,-8236690.00,-4100729.00,35753587.00,307556746.00,312211.366666666667,92407.800000000000,464343.571428571429,132397.571428571429,131932975.00,127797014.00,784164,1761965,133011.333333333333,428188.333333333333
2025-02-18,316967,117703,125555.0,136666.0,46601.0,49551.0,-7908542.00,-4032568.00,47597217.00,282013489.00,304360.600000000000,90765.566666666667,444402.285714285714,120703.714285714286,135987691.00,132171217.00,728325,1715942,141874.000000000000,489693.333333333333
2025-02-14,631661,191746,273449.0,278176.0,80774.0,80057.0,-10178926.00,4596028.00,61714389.00,441375833.00,286909.133333333333,84898.866666666667,383296.714285714286,101222.428571428571,218178480.00,199192026.00,750919,1805733,119192.000000000000,465299.333333333333
2025-02-13,335937,89585,138871.0,137858.0,41454.0,40654.0,-2673970.00,526366.00,22160614.00,187703731.00,279980.700000000000,82815.966666666667,380071.000000000000,100539.285714285714,90001532.00,86801196.00,732365,1744600,125467.000000000000,510739.333333333333
2025-02-12,501482,144291,209549.0,212401.0,53537.0,64466.0,-12194155.00,-8199467.00,42855976.00,377826066.00,266175.966666666667,78871.033333333333,349739.000000000000,93772.285714285714,175315782.00,167335919.00,673844,1723535,127819.333333333333,488119.333333333333
2025-02-11,558479,123700,239893.0,224568.0,50730.0,52515.0,11216.00,4932582.00,34512931.00,311405087.00,251452.633333333333,75775.766666666667,325309.857142857143,103044.857142857143,141732334.00,136140968.00,642825,1647822,98534.666666666667,361085.666666666667
2025-02-10,472257,108410,218041.0,186118.0,38041.0,59053.0,19601105.00,64513.00,29052622.00,241986422.00,238522.466666666667,72552.966666666667,355049.857142857143,114606.285714285714,108490699.00,128459191.00,600719,1588375,80857.000000000000,271640.666666666667
2025-02-07,433622,151348,215483.0,179794.0,67191.0,71219.0,14301556.00,105360.00,22577175.00,158391329.00,227800.966666666667,68764.933333333333,414545.714285714286,117166.571428571429,76001694.00,90197890.00,640328,1699397,58675.333333333333,231552.333333333333
2025-02-06,177378,35846,68520.0,87893.0,14408.0,17543.0,-6145624.00,-2759321.00,7118636.00,46303172.00,227424.600000000000,69086.766666666667,470070.714285714286,122553.000000000000,25619495.00,22233192.00,633797,1691366,79034.000000000000,268812.333333333333
2025-02-05,203922,55377,86903.0,94534.0,20622.0,29004.0,-1539781.00,-4381800.00,15545911.00,55197926.00,225427.933333333333,72666.000000000000,481953.000000000000,119355.285714285714,29487310.00,32329329.00,621472,1652433,123444.333333333333,329996.666666666667
2025-02-04,313357,84803,137816.0,131400.0,34546.0,33435.0,5750949.0000,182778.00,20022972.00,128692538.0000,219493.533333333333,71544.233333333333,486733.571428571429,114958.000000000000,61616242.0000,65249413.00,600740,1624289,158290.000000000000,452356.666666666667
2025-02-03,289158,96922,134073.0,122741.0,40269.0,42282.0,3038596.5000,-243778.00,21444351.00,114985973.5000,213680.266666666667,71520.666666666667,470639.428571428571,106759.857142857143,59636339.00,62918713.5000,584681,1582289,182406.000000000000,639335.000000000000
2025-01-31,387475,188608,150147.0,198021.0,89280.0,80031.0,-7983578.00,435256.00,33906925.00,127431147.00,205784.666666666667,66495.766666666667,435295.428571428571,84487.142857142857,76968436.00,68549602.00,643321,1699833,144053.666666666667,698861.000000000000
2025-01-30,680437,189340,320235.0,260352.0,80401.0,89194.0,18712305.00,203021.00,39295497.00,300246688.00,188810.466666666667,62109.533333333333,362431.000000000000,60468.857142857143,133152008.00,153541692.00,578840,1630307,91938.000000000000,567748.000000000000
2025-01-29,850093,169270,382693.0,384487.0,76469.0,71764.0,5763834.00,8176958.00,41624369.00,341005734.00,164962.233333333333,59091.333333333333,305421.571428571429,46380.428571428571,171408799.00,168609175.00,524320,1615794,53522.000000000000,399990.666666666667
2025-01-28,566053,73551,274410.0,224118.0,32764.0,35672.0,17574443.00,2224066.00,14906848.00,160809604.00,150632.633333333333,57488.233333333333,235780.285714285714,80266.571428571429,69211010.00,84561387.00,500958,1557623,42183.333333333333,270139.333333333333
2025-01-27,287098,32993,133450.0,129728.0,17438.0,12369.0,-4875393.00,1803005.00,7725938.00,102716211.00,145854.800000000000,57224.533333333333,212571.000000000000,81588.714285714286,53686569.00,48088171.00,491218,1494987,42085.333333333333,221129.000000000000
2025-01-24,346821,54022,161403.0,153290.0,18261.0,30092.0,1975502.00,-4099023.00,11703769.00,61423136.00,150767.066666666667,60055.666666666667,183341.285714285714,80643.428571428571,29443781.00,35518306.00,504656,1522424,31148.666666666667,162317.333333333333
2025-01-23,176499,39535,57326.0,82441.0,13279.0,17021.0,-1442604.00,1327114.00,10546930.00,25848387.00,149467.033333333333,59753.666666666667,169103.000000000000,81223.285714285714,14329490.00,11559772.00,490502,1444183,41520.666666666667,253826.666666666667
2025-01-22,140067,32699,67881.0,56928.0,12054.0,16642.0,1823226.00,641471.00,9336998.00,27598244.00,149546.333333333333,60117.266666666667,180234.142857142857,86310.714285714286,15575398.00,16757153.00,477394,1404624,134205.666666666667,233325.666666666667
2025-01-21,170386,21212,65984.0,83862.0,8635.0,9160.0,263663.00,196741.00,5324380.00,32465729.00,147264.600000000000,60212.200000000000,171742.571428571429,93410.714285714286,16432747.00,16499669.00,470487,1350597,141217.666666666667,218074.666666666667
2025-01-17,451027,70651,233751.0,177603.0,24960.0,38424.0,15117081.00,-4070793.00,17362202.00,78827864.00,134369.966666666667,58680.133333333333,117374.714285714286,88569.571428571429,32717247.00,55754121.00,587319,1626121,133469.000000000000,115136.666666666667
2025-01-16,78564,310754,32147.0,36119.0,81315.0,137407.0,-771636.00,-16894594.00,508369754.00,11556121.00,135786.333333333333,49430.300000000000,126182.857142857143,50126.142857142857,105806530.00,220867018.00,590971,1603148,44415.666666666667,114559.000000000000
2025-01-15,124633,42248,46754.0,50396.0,22159.0,15491.0,601512.00,7686268.00,58236116.00,18284709.00,134854.000000000000,49159.833333333333,124709.714285714286,49660.000000000000,40099216.00,30879010.00,585944,1564028,53103.333333333333,145676.333333333333
2025-01-14,142213,47405,47839.0,58425.0,12232.0,29051.0,-219840.00,-11725549.00,64658446.00,25132154.00,134761.900000000000,49507.366666666667,116028.428571428571,52664.428571428571,17401877.00,58610616.00,578926,1507009,60939.000000000000,135253.666666666667
2025-01-13,76831,43594,29573.0,36612.0,22160.0,16759.0,220991.00,11276875.00,61989146.00,17749252.00,136157.333333333333,49662.500000000000,120497.857142857143,48686.000000000000,47926705.00,27492351.00,573387,1478327,58662.000000000000,133127.333333333333
2025-01-10,217985,68311,77607.0,107364.0,24618.0,21809.0,-2252577.00,3249908.00,49283729.00,33692258.00,135813.666666666667,48616.433333333333,107654.857142857143,42798.428571428571,24473768.00,18759983.00,571990,1470815,49775.000000000000,107206.000000000000
2025-01-08,110945,70912,38952.0,46387.0,17288.0,14676.0,1096928.00,-570467.00,117626173.00,29616382.00,139049.533333333333,49112.333333333333,104282.714285714286,36374.285714285714,19754503.00,21476498.00,561678,1457240,39132.666666666667,108331.333333333333
2025-01-07,70452,36763,26137.0,34365.0,9656.0,12284.0,-1493145.00,-2114084.00,29521732.00,15511448.00,140512.533333333333,51812.633333333333,110900.857142857143,35528.428571428571,9703214.00,10324153.00,550529,1443372,49690.333333333333,111995.333333333333
2025-01-06,140221,41650,58241.0,63560.0,13645.0,17034.0,1146819.00,-2516319.00,20222289.00,36123088.00,138942.933333333333,51218.366666666667,102919.571428571429,31253.571428571429,18145126.00,22142264.00,535784,1405044,41055.333333333333,101294.000000000000
2025-01-03,114321,38985,46740.0,41838.0,9982.0,18316.0,-1011163.00,-1872991.00,24377306.00,25707630.00,139834.966666666667,50844.233333333333,102584.714285714286,31071.000000000000,11748918.00,12980746.00,535484,1422485,37093.000000000000,105881.666666666667
2025-01-02,81444,68436,36439.0,33811.0,10540.0,24968.0,-1601556.00,-7994312.00,91050185.00,13310121.00,140238.066666666667,49336.666666666667,114676.571428571429,27794.571428571429,10070049.00,32449540.00,513394,1402530,22928.666666666667,107847.000000000000
2024-12-31,108117,15745,45624.0,49794.0,5763.0,7378.0,2117234.00,-1104297.00,5471139.00,18094790.00,145808.866666666667,52225.600000000000,119805.857142857143,48795.857142857143,7456671.00,10678202.00,507765,1379079,27961.000000000000,110734.333333333333
2024-12-30,128084,27098,51518.0,62442.0,7285.0,12573.0,367526.00,-1229125.00,17333080.00,19783927.00,150946.166666666667,55119.433333333333,120840.285714285714,52231.857142857143,10631710.00,12228361.00,500541,1334591,22837.000000000000,96157.000000000000
2024-12-27,87340,25943,33100.0,46446.0,10129.0,11740.0,-727065.00,-3703180.00,13612703.00,13545007.00,153493.133333333333,55774.900000000000,124757.428571428571,62270.714285714286,8364091.00,11340206.00,514875,1395450,26758.333333333333,104369.333333333333
2024-12-26,116779,30842,57353.0,42124.0,6631.0,7729.0,1268598.00,213152.00,52636133.00,18696622.00,155608.900000000000,56557.166666666667,129590.000000000000,63273.428571428571,9528184.00,10583630.00,513871,1369591,31644.666666666667,120805.333333333333
2024-12-24,84352,11726,36086.0,40803.0,6117.0,4288.0,612187.00,304120.00,3112216.00,12055358.00,156735.500000000000,57518.000000000000,141998.428571428571,69848.714285714286,6814017.00,7122084.00,507235,1333714,81987.333333333333,140695.333333333333
2024-12-23,111977,37707,55950.0,44923.0,13427.0,16097.0,1019740.00,2604115.00,32123615.00,18175735.00,161793.600000000000,58752.233333333333,145236.857142857143,75708.285714285714,21444141.00,13660266.00,504706,1302629,86468.333333333333,148478.000000000000
2024-12-20,166087,45501,78280.0,70753.0,17104.0,19245.0,2906406.00,-879965.00,18511841.00,27765235.00,163603.600000000000,58792.533333333333,140962.285714285714,72845.000000000000,15900835.00,19687206.00,597192,1637143,103373.000000000000,131369.000000000000
2024-12-19,144022,162754,54343.0,77717.0,59988.0,71111.0,2658446.00,-3419955.00,264736616.00,47432716.00,163650.433333333333,54295.500000000000,140925.285714285714,53177.571428571429,111989777.00,156132428.00,589216,1599720,61742.000000000000,133564.000000000000
2024-12-18,135325,51150,37964.0,70321.0,14776.0,24944.0,-2963682.00,-8931522.00,42409947.00,24236319.00,161800.100000000000,53537.500000000000,192191.571428571429,65721.285714285714,18417746.00,32263536.00,589853,1582319,63943.000000000000,145526.000000000000
2024-12-17,114760,96215,51585.0,46577.0,40961.0,35584.0,1326805.00,3064881.00,96998433.00,27720907.00,160530.100000000000,51104.233333333333,195439.857142857143,56329.857142857143,56851313.00,46712407.00,628973,1540791,58112.666666666667,152154.666666666667
2024-12-16,150607,37861,55811.0,70866.0,13969.0,20054.0,-4517602.00,-1232452.00,28081998.00,29177388.00,158944.700000000000,51220.133333333333,194274.000000000000,57150.714285714286,27422409.00,23310429.00,625250,1502339,53978.333333333333,147340.666666666667
2024-12-13,171211,57753,55402.0,66374.0,21352.0,21073.0,-843679.00,4379879.00,36388195.00,34331834.00,156058.400000000000,50456.500000000000,184377.285714285714,52337.428571428571,19627595.00,14404037.00,649269,1566367,43088.000000000000,138191.333333333333
2024-12-12,134646,78724,49268.0,73235.0,34731.0,27826.0,-5740937.00,1410705.00,87997196.00,23482349.00,153911.300000000000,48356.866666666667,174311.857142857143,44618.142857142857,44846792.00,36809390.00,619712,1551796,63165.333333333333,258039.000000000000
2024-12-11,136165,25458,56669.0,58619.0,10691.0,11268.0,-1196472.00,-2451875.00,7583609.00,24457446.00,152772.466666666667,48154.933333333333,172153.285714285714,45732.571428571429,12897363.00,14152766.00,612756,1517600,64837.666666666667,258483.333333333333
2024-12-10,143763,25082,61337.0,67367.0,12437.0,9946.0,238118.00,-682965.00,6117772.00,29369669.00,151490.633333333333,48567.900000000000,165424.714285714286,47025.714285714286,15823843.00,16744926.00,605888,1487420,71012.666666666667,258044.333333333333
2024-12-09,494189,138956,236848.0,201018.0,57777.0,71353.0,19771584.00,-5206346.00,50466065.00,143548025.00,139717.866666666667,45063.566666666667,114747.714285714286,35436.428571428571,73830800.00,102421458.00,547836,1400396,32714.000000000000,127292.666666666667
2024-12-06,137498,30475,58480.0,58655.0,10346.0,12372.0,2402271.00,-746531.00,14627187.00,36877943.00,140874.300000000000,47538.733333333333,112061.428571428571,37975.428571428571,17556646.00,20705448.00,561105,1429871,30785.333333333333,102856.000000000000
2024-12-05,142446,43607,46568.0,74966.0,8305.0,11446.0,-1724175,-3231898,78029806,34656359,141306.300000000000,48554.600000000000,121379.857142857143,37021.428571428571,19396323,21593546,555549,1379958,27336.000000000000,95725.666666666667
2024-12-04,101934,24060,40325.0,49124.0,8379.0,10404.0,-907115,-2620693,8814926,23423729,142109.166666666667,48725.100000000000,136535.142857142857,45839.857142857143,12074162,13787740,546675,1353044,30694.000000000000,93968.666666666667
2024-12-03,64188,24689,24776.0,32802.0,10432.0,7859.0,-1471307,-206301,18296214,11195126,142859.766666666667,49202.200000000000,143700.000000000000,59137.428571428571,7635169,6370163,534781,1338010,41741.333333333333,119056.000000000000
2024-12-02,121055,33259,46293.0,56835.0,10513.0,12776.0,776262,-1932070,22592795,23626562,145018.566666666667,50352.433333333333,139711.142857142857,57789.285714285714,12495515,15203847,521788,1300063,46737.666666666667,118269.000000000000
2024-11-29,96663,34134,47531.0,39080.0,15398.0,15406.0,2373642,-1963244,12671344,13454276,147095.200000000000,53990.900000000000,146056.714285714286,56878.857142857143,8391089,12727975,526905,1353679,47669.333333333333,155273.000000000000
2024-11-27,139450,57831,63795.0,59607.0,13752.0,16508.0,1278725,-1297157,87984342,23280730,148146.433333333333,54895.500000000000,139497.714285714286,51932.857142857143,14030296,16950393,510870,1332798,56988.666666666667,178130.000000000000
2024-11-26,118694,48248,37409.0,46835.0,9687.0,12970.0,99804,1186532,91789175,17611768,151969.733333333333,58124.200000000000,161861.571428571429,59670.714285714286,15950968,17387490,506564,1316540,80163.333333333333,176679.333333333333
2024-11-25,207675,36929,102250.0,73770.0,9913.0,17278.0,2905578,-2935395,30012644,32768726,151179.333333333333,59053.700000000000,172508.428571428571,70668.428571428571,16228661,22069634,495627,1271560,75794.333333333333,138498.666666666667
2024-11-22,208021,85789,88030.0,80090.0,25552.0,29843.0,-739341,-477624,56684329,40384528,150050.500000000000,58839.033333333333,166183.857142857143,64928.142857142857,26318289,26056572,492980,1322474,56451.666666666667,116185.666666666667
2024-11-21,114342,117772,46199.0,54904.0,37937.0,20455.0,-671357,8641161,209044950,18275904,150546.200000000000,57095.900000000000,175599.571428571429,55862.142857142857,68381640,22724322,502844,1287113,24930.666666666667,109250.666666666667
2024-11-20,93133,23822,38331.0,40869.0,6501.0,11178.0,-616681,-1708150,8324311,16404228,153056.200000000000,59494.766666666667,179173.428571428571,58252.000000000000,9939611,11031080,493629,1268575,51127.666666666667,169953.333333333333
2024-11-19,141082,27761,52225.0,55747.0,12682.0,12669.0,-173651,1535625,10400139,23921147,158196.533333333333,63163.666666666667,196693.142857142857,64962.428571428571,15289511,13580235,489134,1224621,79845.000000000000,216993.666666666667
2024-11-18,93537,23209,40901.0,41055.0,9037.0,11060.0,1448698,484105,8985005,14784133,164852.433333333333,67424.800000000000,214814.571428571429,68319.714285714286,10159914,11124507,484956,1200757,87311.000000000000,240397.666666666667
2024-11-15,275241,102413,115774.0,134563.0,42452.0,47027.0,-5045406,1912432,30145998,43036739,164746.733333333333,68755.233333333333,196269.714285714286,57666.857142857143,36035362,29077524,614619,1456969,71276.666666666667,208734.666666666667
2024-11-14,282203,113913,108182.0,139891.0,51780.0,42980.0,-934123,-4274748,36424866,46432665,165055.666666666667,69696.166666666667,167357.142857142857,45452.142857142857,33789245,37962170,581670,1371630,46822.666666666667,154050.333333333333
2024-11-13,163749,45607,65369.0,74354.0,20503.0,15992.0,-343566,-275860,13848223,32834404,173000.133333333333,74095.900000000000,154915.857142857143,42253.571428571429,18494391,18426685,557302,1299722,56531.666666666667,187374.000000000000
2024-11-12,180252,54310,71261.0,90117.0,26266.0,19087.0,-626423,3341494,23426657,38567912,180301.300000000000,77955.033333333333,143886.285714285714,40400.428571428571,28078727,24110810,542209,1254744,53998.333333333333,200752.333333333333
2024-11-11,118150,40551,53432.0,49179.0,16484.0,18430.0,1732607,-1669910,13101451,31290180,188546.466666666667,83731.166666666667,139096.571428571429,39585.142857142857,16008280,19410797,524551,1224262,49762.333333333333,209844.666666666667
2024-11-08,263720,74734,109119.0,125681.0,34187.0,27038.0,-2644704,917081,21124831,48085417,195181.833333333333,88842.566666666667,111455.571428571429,31156.714285714286,32455961,28894176,533940,1253251,34321.000000000000,148543.000000000000
2024-11-07,220387,46710,104805.0,85088.0,19276.0,21321.0,4803978,260141,12901645,54156133,208172.133333333333,94875.400000000000,94543.142857142857,27255.285714285714,26413678,30957515,520699,1219517,26490.000000000000,100634.000000000000
2024-11-06,145427,27843,64624.0,66996.0,12009.0,13504.0,1778615,-231819,8708628,36518604,209172.033333333333,95608.500000000000,88811.857142857143,28630.714285714286,19246245,21256679,514295,1184526,30988.333333333333,86506.666666666667
2024-11-05,79815,28410,37152.0,35784.0,12095.0,12187.0,-525457,-391287,9721510,19030757,223416.500000000000,100070.800000000000,97553.428571428571,29404.428571428571,13212691,13078521,500051,1161565,33133.000000000000,88109.000000000000
2024-11-04,76660,23217,33983.0,30573.0,8284.0,9136.0,2597063,-45750,7809744,22254062,227021.400000000000,100996.700000000000,111200.714285714286,41049.142857142857,10172031,12814844,489381,1144591,30639.000000000000,85966.666666666667
2024-11-01,103045,41338,40191.0,40728.0,21988.0,15439.0,2525598,4437081,14322458,28328473,227606.933333333333,100407.000000000000,118680.857142857143,45727.000000000000,19129538,17034555,524892,1188103,23326.333333333333,85618.333333333333
2024-10-31,84622,34844,33783.0,42866.0,12702.0,17391.0,213223,-2260697,30715294,18230525,230724.433333333333,100543.700000000000,124594.857142857143,44917.142857142857,18599382,20923302,525676,1163854,24202.000000000000,92513.666666666667
2024-10-30,70233,15735,23146.0,35296.0,5928.0,8199.0,-2829312,-670790,4086080,17755219,230122.933333333333,100536.066666666667,126948.142857142857,48241.000000000000,9787537,7629015,524156,1148834,30232.333333333333,116104.666666666667
2024-10-29,102000,19400,34193.0,54238.0,9479.0,7944.0,-3343820,203820,4495170,26702727,229032.933333333333,101184.833333333333,138922.285714285714,55150.428571428571,14870332,11322692,520572,1115633,58675.666666666667,139501.666666666667
2024-10-28,105308,37471,45784.0,47021.0,13594.0,18980.0,-291035,-1626970,10618370,26451472,227735.366666666667,100265.966666666667,146587.142857142857,70267.142857142857,14765583,16101518,510399,1097038,70879.666666666667,156201.000000000000
2024-10-25,141006,33826,63273.0,58257.0,15047.0,14631.0,1048510,-648247,8720163,23518311,226718.333333333333,100072.933333333333,150870.142857142857,77573.285714285714,12780615,14477372,563275,1192851,69329.333333333333,151205.666666666667
2024-10-24,172191,104730,73802.0,79925.0,53643.0,41280.0,-2026749,1915662,60414278,41257180,224745.866666666667,97928.533333333333,159613.285714285714,83341.714285714286,46785988,45544627,550698,1142576,47420.000000000000,122710.666666666667
2024-10-23,155406,74083,60791.0,78727.0,36324.0,31267.0,-2865531,-70255,14123417,32104726,222316.600000000000,96748.733333333333,163692.857142857143,82017.571428571429,22243579,19448303,533825,1112659,45314.333333333333,132848.333333333333
2024-10-22,126020,29175,56667.0,57833.0,11692.0,13471.0,-245257,-865664,8518984,47584783,222472.200000000000,96798.300000000000,170569.428571428571,89185.285714285714,23989282,27279689,524345,1065173,83352.000000000000,143829.000000000000
2024-10-21,86706,39002,33260.0,36720.0,15219.0,12084.0,-906441,1472311,9814449,27520868,221895.333333333333,96067.633333333333,176641.857142857143,92967.571428571429,12835876,10457124,505750,1042117,98674.333333333333,171922.666666666667
2024-10-18,185819,67766,76281.0,86193.0,33024.0,28970.0,-3098547,-830950,10139139,47755134,218478.100000000000,94630.900000000000,174158.142857142857,96970.714285714286,26084530,23816933,747258,1335891,124455.333333333333,187780.666666666667
2024-10-17,158962,143288,60405.0,82685.0,50435.0,70479.0,-3093638,-10762519,93592325,34083295,215881.366666666667,90797.233333333333,193633.857142857143,96190.714285714286,46050961,56310192,742907,1312827,98297.333333333333,196114.333333333333
2024-10-16,170987,84969,62138.0,80235.0,42974.0,35149.0,-1338672,-1258595,12618108,26099697,212851.066666666667,88404.700000000000,211094.857142857143,105629.857142857143,16337771,16257694,713019,1232420,96424.000000000000,197170.666666666667
2024-10-15,233393,145109,89726.0,113932.0,82633.0,50530.0,-55147,1774261,28170197,74428092,206971.000000000000,84240.566666666667,216620.142857142857,105232.285714285714,41793614,50888206,672495,1204656,69880.333333333333,162444.000000000000
2024-10-14,183963,64814,76055.0,78306.0,27560.0,17307.0,-1700700,-938723,15923748,71161091,207090.466666666667,83596.166666666667,231978.428571428571,116279.000000000000,36500939,35738962,651219,1177878,80205.000000000000,157267.333333333333
2024-10-11,174156,79349,77409.0,72911.0,32182.0,29190.0,4624143,1428801,15082776,52904779,203782.766666666667,81603.233333333333,264539.428571428571,130314.714285714286,26693726,29889068,707726,1296641,99698.000000000000,197646.000000000000
2024-10-10,129213,65478,57336.0,53092.0,19579.0,41188.0,2916245,-3885450,108225128,40406686,203522.600000000000,80464.800000000000,303121.428571428571,145258.428571428571,21750748,121633643,710662,1273647,128219.666666666667,252313.000000000000
2024-10-09,168433,95788,73463.0,78425.0,40396.0,47888.0,1033943,-4068282,27099031,57540071,199911.666666666667,77906.966666666667,331274.571428571429,162122.285714285714,33830017,40618622,707687,1250687,143732.333333333333,286858.666666666667
2024-10-08,295292,137828,111684.0,149256.0,66961.0,54868.0,1249526,3292185,40866113,112310328,196327.966666666667,75310.866666666667,355201.571428571429,175014.857142857143,67244689,65202030,690039,1199132,145170.000000000000,285585.000000000000
2024-10-07,293214,151043,118448.0,107797.0,64057.0,60031.0,12955179,8753390,59471446,194701915,192817.066666666667,71579.566666666667,400470.428571428571,185965.142857142857,88005071,91500610,626065,1099789,154022.000000000000,321874.666666666667
2024-10-04,272070,142326,117935.0,126229.0,58710.0,68468.0,1205015,2718068,30828592,136935165,186460.033333333333,67779.300000000000,386663.857142857143,172752.285714285714,74582879,73062826,711676,1188963,163274.666666666667,364280.333333333333
2024-10-03,291471,142141,104476.0,138987.0,65957.0,62525.0,-20113833,-391935,36497253,147951181,180867.600000000000,64090.833333333333,417475.000000000000,175629.142857142857,92518120,59756222,678730,1138642,187172.666666666667,388958.333333333333
2024-10-02,402083,177599,178631.0,182599.0,73442.0,84840.0,-3016500,1329307,55679667,212678760,170363.033333333333,59757.666666666667,386435.571428571429,157542.714285714286,124551056,120205249,633424,1051135,203998.333333333333,409191.000000000000
2024-10-01,399287,170084,202818.0,158773.0,74095.0,80870.0,2746914,1483977,48368832,190324128,161065.433333333333,56241.133333333333,346624.714285714286,136623.142857142857,110889922,107703659,573790,961010,223202.000000000000,479460.666666666667
2024-09-30,365505,213835,142805.0,192003.0,96629.0,95361.0,-29898113,559859,48150707,195780293,158865.500000000000,52260.166666666667,319859.285714285714,111638.857142857143,127396351,95272129,485220,885878,168535.666666666667,416100.333333333333
2024-09-27,462781,228076,190171.0,194640.0,89286.0,109135.0,-3200184,-1218256,39359859,225942856,153528.800000000000,47594.866666666667,261203.142857142857,81271.714285714286,106336522,99429594,534905,861135,146603.333333333333,430889.666666666667
