date,call_volume,put_volume,call_volume_ask_side,call_volume_bid_side,put_volume_ask_side,put_volume_bid_side,net_call_premium,net_put_premium,put_premium,call_premium,avg_30_day_call_volume,avg_30_day_put_volume,avg_7_day_call_volume,avg_7_day_put_volume,bearish_premium,bullish_premium,put_open_interest,call_open_interest,avg_3_day_put_volume,avg_3_day_call_volume
2026-09-25,99974,34041,34455,53765,10760,14015,-504513.00,-226871.00,4433488.00,6871246.00,86179.2667,58479.9,95955.1429,65161.8571,4078939.00,3801297.00,1276902,1014732,85699,99084.6667
2026-09-24,61672,62582,26208,31017,20229,37990,-375102.00,604047.00,7458106.00,8786472.00,85874.9,58270.6,96714.2857,64852.2857,8117108.00,7137959.00,1251944,997777,76045.3333,99120.3333
2026-09-23,65492,50109,24809,32998,25409,19139,358774.00,765758.00,7434103.00,7320355.00,85216.8333,57901.3,107940.7143,88010,6566103.00,6159119.00,1225233,982102,69773.6667,92677.3333
2026-09-22,170090,144406,45611,62488,77727,58302,-494210.00,-14415.00,12752729.00,10655114.00,81257.3667,54464.1333,92293.5714,74266.2857,10723146.00,10211204.00,1159726,968214,43397.6667,67827
2026-09-21,61779,33621,34168,20460,10850,20419,1340550.00,-861487.00,3513825.00,7128974.00,82055,54880.5,89176.4286,74004.4286,3447848.00,5649885.00,1142232,948018,55138.3333,104217.6667
2026-09-18,46163,31294,19767,20062,13421,15447,302983.00,184549.00,3290619.00,6674699.00,82106.0333,55259.3667,94247.2857,75326.4286,3607593.00,3726027.00,1354252,1095104,64845.3333,111158.6667
2026-09-17,95539,65278,39101,46427,48483,13485,-864456.00,6923798.00,12758900.00,8708805.00,80221,54077.2,85971.4286,71187.1429,14640208.00,5478174.00,1361274,1073234,113823.6667,127338
2026-09-16,170951,68843,95099,61009,31348,28561,307645.00,-138566.00,7159084.00,12052198.00,76357.0333,53453.8333,70776.4286,66516,7889617.00,8335828.00,1363835,1046286,106942.6667,90541
2026-09-15,66986,60415,32366,25449,32671,21707,1141865.00,738649.00,7582052.00,9143332.00,75776.3667,52675.8,113037,62350,7261025.00,7664241.00,1345786,1030014,97400.3333,81532
2026-09-14,144077,212213,72055,53947,150766,40211,-1462849.00,4113604.00,38093283.00,19273135.00,73459.5333,46812.4,102600.8571,36353.2857,41421657.00,12981004.00,1296575,1008080,40178.6667,60726
2026-09-11,60560,48200,20845,30739,21607,20876,-1005991.00,-417678.00,6619643.00,7765822.00,72830.0667,46391.2333,101861.5714,33812.7143,5998769.00,5410456.00,1297337,1049144,36213,53075.3333
2026-09-10,39959,31788,17889,19624,9997,12116,-198360.00,-1150961.00,5172095.00,5672638.00,73239.7,48007.8,101214,33257.1429,4057139.00,5009740.00,1286930,1044374,37665.3333,61284.3333
2026-09-09,81659,40548,58110,16175,14700,12222,2363128.00,171530.00,7776118.00,10392091.00,71764.9333,47488.3333,99249.2857,36789,5294972.00,7486570.00,1272432,1019987,34567,155001.3333
2026-09-08,37608,36303,16955,14712,15976,14695,-62648.00,-117777.00,3953721.00,4216475.00,72737.8333,47607.3,103738.4286,40681,3195992.00,3251121.00,1260760,1007564,32544.6667,166140
2026-09-04,64586,36145,26370,30162,16865,13882,-708892.00,230483.00,3013147.00,7692338.00,73788.2667,47957,104523.1429,39090.7143,5061240.00,4121865.00,1277858,1028182,30635,163073
2026-09-03,362810,31253,31505,44270,13574,14312,698162.00,13280.00,3333926.00,246781766.00,63152.8,48005.6667,59176.1429,40025.8571,5050172.00,5735054.00,1267927,1078129,29517,53945
2026-09-02,71024,30236,36621,24336,14085,9508,832483.00,110957.00,3241834.00,10864309.00,61911.3667,47941.4667,58523.7143,41305.1429,5019701.00,5741227.00,1262059,1072180,41195.3333,52905.6667
2026-09-01,55385,30416,22503,21863,16970,11216,159529.00,215331.00,4563036.00,6387643.00,61544.7667,48382.3333,59764.7143,46301.8571,4767254.00,4711452.00,1249814,1067502,52239,57454.6667
2026-08-31,35426,27899,14699,17709,12661,13378,-1137467.00,138112.00,2739042.00,6231837.00,61991.3333,49339.0333,66224.2857,50377,4731167.00,3455588.00,1244238,1053061,51277,69005.6667
2026-08-28,67906,65271,34607,25638,30961,24313,135938.00,722715.00,7854763.00,7258866.00,63973.7333,49267.2667,71274.7143,47795,6808504.00,6221727.00,1263243,1096106,42119.6667,61497.3333
2026-08-27,69032,63547,27294,33359,31656,28411,-49424.00,-228127.00,7886070.00,9184959.00,63826.0333,48548.7667,70551.2857,49497.4286,7441396.00,7620099.00,1255496,1080834,34001,60639
2026-08-26,70079,25013,27846,30191,9202,14678,631300.00,-463163.00,2343137.00,9872834.00,64539.7333,49634.5667,77713.8571,64342.4286,4883534.00,5977997.00,1248779,1054991,47461,58636.6667
2026-08-25,45381,37799,16954,20476,13359,18744,-880913.00,91076.00,4664341.00,10495037.00,68927.6667,50387.0667,83263.7143,64308.5714,6976731.00,6004742.00,1237197,1040768,53669.6667,70390.6667
2026-08-24,66457,39191,28270,32375,16251,17729,-2992456.00,-913375.00,4569935.00,11553306.00,69757.2,52206.0333,82108.1429,68861,8075087.00,5714911.00,1223398,1028320,56338.3333,82658
2026-08-21,64072,65393,24818,31781,28231,31464,2676518.00,-92800.00,5808760.00,17440614.00,69304.5667,52031.3,80460.8571,67562.4286,9316927.00,12086245.00,1313984,1122474,59695.3333,82623.3333
2026-08-20,80643,56425,30232,41520,28235,22074,-944516.00,1278855.00,5543071.00,11210953.00,68439.9667,51578.8333,75476.1429,65077.4286,8481966.00,6258595.00,1308353,1109506,83863,95814.6667
2026-08-19,103259,47197,23869,64967,21649,19622,-2136348.00,89139.00,5398500.00,11043040.00,67537.0667,51505.8667,68054.2857,64233.7143,8326274.00,6100787.00,1301562,1101448,80651.3333,89471.6667
2026-08-18,63968,75464,22679,26768,31398,34788,-4046880.00,-904659.00,7019101.00,24651196.00,68621.2333,50723.3,71160,60040.5714,13959385.00,10817164.00,1273386,1092278,79182.6667,87605
2026-08-17,120217,128928,86273,30317,81954,35027,2277581.00,146538.00,19259151.00,22630932.00,68323.0333,48292.0333,60799.5714,47716.5714,8926901.00,11057944.00,1191812,1027377,54974.3333,65046.3333
2026-08-14,84230,37562,47535,33127,12592,22318,672635.00,-2067914.00,4437443.00,12376656.00,67962.4,48445.7333,54336.4286,46609.5714,6331663.00,9072212.00,1215758,1044263,55463.6667,52219.6667
2026-08-13,58368,71058,21201,31245,34467,26931,-3549510.00,-705413.00,7725708.00,12921481.00,67917.5,47449.3667,53859.8571,43621.5714,10736798.00,7892701.00,1205349,1033345,45541.3333,49865.6667
2026-08-12,52541,56303,24273,19854,20235,29499,1008616.00,-16942.00,4028292.00,14588201.00,69039.2667,47015.4,53434.8571,40874.5714,7041582.00,8067140.00,1182350,1026570,42144.3333,60921.3333
2026-08-11,45750,39030,20900,17785,17142,17182,-236843.00,-49627.00,2970141.00,11225566.00,68845.3667,46632.6333,57552.2857,40486.1429,6304382.00,6117166.00,1167900,1018674,43354.3333,61569.3333
2026-08-10,51306,41291,21235,20252,14559,22266,-568518.00,-1014174.00,3656289.00,17492000.00,70161.9,47394.5333,56176.5714,39668.1429,8395324.00,8840980.00,1151901,1000117,39528.3333,57463.3333
2026-08-07,85708,46112,50244,29472,23670,15685,1627623.00,447170.00,3790603.00,17928769.00,70729.4,47928.8,51396.5714,44550,8862643.00,10043096.00,1163841,1020822,40871.6667,47238
2026-08-06,47694,42660,16766,23034,21226,17047,-366969.00,166759.00,3432823.00,12466729.00,70624.9667,48304.5,49928.2857,42022,6777685.00,6243957.00,1152315,1017026,39009.6667,47862
2026-08-05,38988,29813,16003,18552,11992,14361,138274.00,-144024.00,2154204.00,14400983.00,71398.7,49307.3,53900.7143,43459,7055942.00,7260440.00,1142136,1014092,41175.6667,59723.3333
2026-08-04,55032,50142,26341,20542,18692,22362,916528.00,156746.00,5789030.00,20564500.00,71561.1667,49155.7333,59767.4286,42958.1429,9922109.00,10681891.00,1121538,1006072,36316.6667,55271.3333
2026-08-03,49566,37074,21465,21920,10542,19864,1072657.00,-862009.00,4424992.00,17724386.00,74028.4333,50682.1,58936,42335.1429,8557420.00,10492086.00,1107202,989633,50720.3333,56165.3333
2026-07-31,74572,36311,29613,35440,13006,17664,-843390.00,-981144.00,4161691.00,10876117.00,75159.6333,51944.9,53108.7143,41192.1429,5199087.00,5336841.00,1137456,1017290,46938,43780
2026-07-30,41676,35565,18079,19042,15847,17516,287217.00,-182589.00,2621028.00,12500572.00,76556.7333,52282.7,53496,42346,6456491.00,6926297.00,1128751,1008490,48373.6667,52153
2026-07-29,52248,80285,21252,16398,38195,30455,287381.00,376749.00,7541951.00,12172963.00,77640,51150.9333,53006.7143,38962.4286,7417971.00,7328603.00,1109612,996373,37157.3333,66770
2026-07-28,37416,24964,17450,15286,6137,16529,48504.00,-660858.00,2241508.00,13595714.00,80801.9333,52002.4667,65858.4286,44413,6475817.00,7185179.00,1103608,990888,39740.3333,68880
2026-07-27,66795,39872,24894,27060,16364,18594,-5597059.00,324457.00,3528314.00,20236753.00,82684.3,52768.9,65545,44715.8571,12685586.00,6764070.00,1090571,965999,35886.3333,57875.3333
2026-07-24,96099,46636,42101,30550,23785,16806,384401.00,295703.00,3417748.00,20040293.00,82416.6667,52742.7333,64886.5714,46280.2857,9871023.00,9959721.00,1114630,990055,34888.3333,40638
2026-07-23,43746,32713,14383,23098,17404,12798,-837750.00,502124.00,2835344.00,13011174.00,83264.2667,55957.5,83925.5714,50231.8571,7664026.00,6324152.00,1108118,980951,42850.6667,42330.3333
2026-07-22,33781,28310,15415,14975,10539,15073,-245166.00,25311.00,2075366.00,11555345.00,84208.2333,56575.6667,92148.7143,59581.8571,6269651.00,5999174.00,1096874,975721,54453.3333,73529.3333
2026-07-21,44387,43642,18242,22447,15353,22648,-1530406.00,-1208927.00,4892416.00,12591170.00,85046.3667,56988.0667,93021,61940.2857,8055056.00,7733577.00,1082531,965181,53903.3333,80267.3333
2026-07-20,48823,56600,25285,18894,35632,16996,-662129.00,1071958.00,4779907.00,10061165.00,101779.0667,56567.8,93861.2857,59976.1429,7520659.00,5786572.00,1060655,948226,54232.3333,94489.6667
2026-07-17,127378,63118,47251,70322,36192,20423,-1849682.00,1168556.00,4742440.00,31310599.00,99852.8667,56073.3667,86546.1429,57389,17385631.00,14367393.00,1192550,1104094,53317.6667,111036.6667
2026-07-16,64601,41992,20980,26597,18364,18556,-1510821.00,317823.00,3147588.00,18793894.00,100418.9667,55501.3333,91102.1429,58816.8571,10240898.00,8412254.00,1180911,1093113,70573.6667,119950.6667
2026-07-15,91490,57587,41882,38369,20488,30176,-319512.00,-96690.00,5075706.00,24387311.00,98676.3667,54651.6333,93928,58588.7143,13285922.00,13063100.00,1155332,1085784,71428.3333,106285
2026-07-14,177019,60374,67895,81361,28194,25091,1126434.00,96179.00,3661429.00,33637942.00,95428.1,53858.0333,79126.8571,55988.5714,15781806.00,16812061.00,1143182,1051921,65587.3333,65513.6667
2026-07-13,91343,93760,40554,40167,37330,42302,3409745.00,878253.00,8531183.00,14217506.00,94976.3333,51865.4333,74223.7143,48475.2857,7652091.00,10183583.00,1099240,1009928,49336.6667,60456.6667
2026-07-10,50493,60151,21990,20994,21589,15123,1383439.00,387288.00,6274936.00,12825374.00,96287.6,52490,79323.8571,46065.7143,5961445.00,6957596.00,1113882,1055630,46615.3333,75790
2026-07-09,54705,42851,27589,20733,16439,19724,411186.00,-21914.00,4496517.00,15705134.00,96914.1,52687.9333,77213.5714,43879.4286,8336391.00,8769491.00,1102221,1040203,50995,94645.3333
2026-07-08,76172,45008,33870,26989,21865,12028,639562.00,1447061.00,6081654.00,10514581.00,97826,52360.5667,79303.5714,46613.7143,6597485.00,5789986.00,1094980,1028119,50050,93725
2026-07-07,96493,51987,25710,34559,20780,26365,-1130369.00,-44663.00,4243718.00,17393312.00,96010.0333,52015.2333,80195,48064.1429,9030593.00,7944887.00,1080607,984643,46443.3333,80567.6667
2026-07-06,111271,55990,66011,31387,16340,26818,4004324.00,-661938.00,4894207.00,26253171.00,93952.9,51149.5333,70665,47770,9430907.00,18697169.00,1063730,962839,42208,72208.6667
2026-07-02,73411,42173,39625,28396,20675,17628,110199.00,-408641.00,3767754.00,10182506.00,93212.6333,50991.1,69063.4286,50302,6103043.00,6621883.00,1085589,981525,37332.6667,61049.3333
2026-07-01,57021,41167,25952,27231,18194,20593,-925550.00,-371050.00,3895393.00,8284059.00,94196,51285.5667,69475.5714,50934.5714,5843801.00,5289301.00,1068262,969281,44993,72309.6667
2026-06-30,86194,43284,47842,33013,13687,17122,-1813159.00,225176.00,4325354.00,10301291.00,93451.5333,53461.8667,74817,56589,6711422.00,4673087.00,1055208,960022,51278.3333,77822.6667
2026-06-29,39933,27547,19896,16172,13343,9428,159163.00,758122.00,3569274.00,7519456.00,95411.6667,59539.4667,84613.4286,63253,4903302.00,4304343.00,1041741,944212,60073,79365.3333
2026-06-26,90802,64148,33697,49766,29257,27609,-2194011.00,-1248158.00,5936041.00,13902905.00,94127.3,60333.2333,83583,60617.4286,8852346.00,7906493.00,1068072,979510,58656,69831.3333
2026-06-25,102733,62140,54418,39598,31291,25606,393177.00,196469.00,4838913.00,14912520.00,94474.3667,64315.1333,81013.4286,58359.1429,8351631.00,8548339.00,1045941,947786,53141,55555.6667
2026-06-24,44561,53931,17607,19194,21434,24159,-205023.00,-435428.00,4338793.00,9021348.00,95079.5667,64106.1,93543.8571,57870.4286,4279314.00,4509719.00,1030841,938708,62785.6667,81896.6667
2026-06-23,62200,59897,25113,28326,21533,26051,-213572.00,-108384.00,8194199.00,12599647.00,96834.7667,69267.4,102267.5714,58294.4286,6330554.00,6225366.00,1014374,920920,67551.6667,97332.6667
2026-06-22,59906,45595,29274,26575,21552,21006,3334594.00,-142918.00,3644605.00,19454944.00,97061.2667,69359.2,106291,58331,8958237.00,12435749.00,996327,906566,67586.3333,105227
2026-06-18,123584,82865,56493,57898,39260,36028,-2434560.00,-46539.00,5316531.00,19582344.00,94849.9667,67721.0667,98518.1429,64944,12034808.00,9646787.00,1483178,1111206,55408.6667,92281
2026-06-17,108508,74195,48541,49662,36130,30614,-954160.00,-32292.00,4835166.00,18044924.00,92790.9667,66162.6333,91888.4286,61038.2857,10476799.00,9554931.00,1457024,1097225,47513.6667,100203
2026-06-16,83589,45699,38035,38592,16370,23814,71431.00,-937618.00,5025904.00,9618374.00,92236.6667,66508.5667,89880.1429,62511.8571,5887751.00,6897109.00,1442468,1090495,53235.6667,113428.6667
2026-06-15,84746,46332,34566,35045,16503,19130,-1352200.00,-290968.00,4166908.00,11791888.00,92648.1333,67120,156459.8571,62177.5714,5859034.00,4797802.00,1423903,1069234,53075.3333,114536.6667
2026-06-12,132274,50510,50217,64424,24917,21663,12583085.00,-486538.00,3344685.00,36232839.00,90691.5333,66900.0333,147505.2857,61859.7143,12127384.00,25197007.00,1475494,1100109,79290.6667,93503.3333
2026-06-11,123266,62865,56786,50432,24637,28038,932424.00,-777057.00,7490991.00,18693109.00,88190.5667,66259.1333,141550.7143,56426.2857,8111588.00,9821069.00,1454899,1122200,73954,73114.6667
2026-06-10,88070,45851,37540,37871,22555,20512,-1178873.00,-320140.00,3978103.00,11645496.00,86747.4667,65584.9333,134571,54461.2857,7244727.00,6385994.00,1443821,1110952,77341.6667,66935
2026-06-09,69174,129156,31651,28683,63832,52760,135774.00,2480487.00,10997647.00,8146354.00,86096.8,62843.0667,136056.2857,41234.1429,9241333.00,6896620.00,1411754,1104038,48953.6667,227478.3333
2026-06-08,62100,46855,31374,25518,26827,17705,704023.00,620410.00,3469616.00,5085961.00,86010.1333,63718.2667,138297.7143,39395.1429,3815441.00,3899054.00,1390110,1093652,49430.3333,229975.6667
2026-06-05,69531,56014,34722,29378,22334,19612,1665930.00,-497207.00,4023600.00,10073712.00,85714.7333,63540.1667,141197.7143,42662.8571,5248202.00,7411339.00,1431464,1106197,39036,233993.3333
2026-06-04,550804,43992,97748,83502,20981,18218,4893658.00,-618771.00,3193342.00,361881074.00,69920.6667,64155.4667,73011.4286,43348.1429,10894625.00,16407054.00,1419158,1173625,35070.6667,63462.6667
2026-06-03,69592,48285,29597,32325,20851,24534,92833.00,-1360606.00,5471118.00,20318384.00,69167.8667,64545.9667,77859.5714,41477,11103849.00,12557288.00,1391537,1165199,31164.3333,66789
2026-06-02,81584,24831,40750,32943,8560,13190,852749.00,-1172952.00,3624897.00,17082564.00,68204.4667,65504.1,72206.7143,43876.4286,8296432.00,10322133.00,1386612,1145615,34214.6667,65524.3333
2026-06-01,39212,32096,14803,19431,10882,15782,-628184.00,-668890.00,3249584.00,5808065.00,70728.9667,67529.7333,73684.5714,43579.7143,4050498.00,4092320.00,1372032,1135429,49812,82397.3333
2026-05-29,79571,36566,36567,37266,17459,15559,1088847.00,9493.00,3498250.00,9922670.00,70299.4333,68189.0333,69632,43701.7143,5140416.00,6219770.00,1406334,1159345,53886.3333,80373.6667
2026-05-28,77790,33982,40640,33229,13989,17688,-421458.00,-179006.00,3279373.00,5297766.00,72547.6,69906.7667,70879.4286,45990.1429,4205093.00,3962641.00,1399184,1147486,54288,88953.3333
2026-05-27,89831,78888,35843,40632,34736,38126,-1018553.00,-446209.00,8192424.00,9036577.00,73931.6333,71162.8667,67169.2857,50230.8571,7845245.00,7272176.00,1363241,1117419,41867.6667,73014.3333
2026-05-26,73500,48789,30867,36040,18105,27246,-3755707.00,-552222.00,3429828.00,10878786.00,73745.2333,71780.1333,70774.5714,73243.1429,7411788.00,4208303.00,1356533,1082712,35611,65033.3333
2026-05-22,103529,35187,39718,53603,18838,13632,-1210219.00,55070.00,2673253.00,8445756.00,73674.8333,71808.1333,63452,80782.2857,5478877.00,4213588.00,1406846,1119601,36355.3333,47591.3333
2026-05-21,42014,41627,18809,19260,17401,20477,60303.00,150520.00,3767438.00,3809843.00,75896.7,72249.2667,73613.5714,100778,3467634.00,3377417.00,1398002,1111781,39146.6667,62427.3333
2026-05-20,49557,30019,21634,22002,11663,14121,631016.00,-218515.00,2495128.00,4299635.00,78186,73550.4,75493.5714,103298.1429,2112932.00,2962463.00,1394316,1094552,65331.3333,67195
2026-05-19,51203,37420,19900,26696,11608,18543,-800620.00,-183489.00,3519803.00,5714426.00,79376.7,74132.1333,84586.8571,128629,3947564.00,3330433.00,1376754,1087166,122816.3333,83039.6667
2026-05-18,86522,50001,44716,34512,18140,24478,462633.00,-1018971.00,5983436.00,6858694.00,78977.3667,73747.8333,81755.2857,128393,4717708.00,6199312.00,1352375,1052900,135469.6667,71622.6667
2026-05-15,63860,108573,30096,27455,32131,40077,-311629.00,-99176.00,10625562.00,8264417.00,79648.7333,72463.1667,80810.2857,117699.8571,6773688.00,6561235.00,1480522,1196737,159811,88051
2026-05-14,98737,209875,28363,59757,46791,51543,-991319.00,171546.00,11856553.00,10060238.00,78340.7667,66982.1,73381.8571,91638,8393045.00,7230180.00,1564462,1167279,105739.3333,76044.3333
2026-05-13,52271,87961,25166,17965,39861,36407,4181823.00,157831.00,8026549.00,10616730.00,79194.8,65982.9333,75480.2857,87083.1429,4931675.00,8955667.00,1550083,1156628,147997.6667,96906
2026-05-12,113145,181597,48055,29008,108477,73262,1686122.00,401176.00,9907208.00,10575833.00,78134.8333,61441.4333,73186.7143,70380,7309881.00,9331619.00,1465710,1105182,103581.6667,81424.6667
2026-05-11,62717,47660,28952,27614,19738,24140,188631.00,-316738.00,4792606.00,8629024.00,78781.9333,61831.4,74738,69844.4286,5485445.00,5990814.00,1458858,1090067,98935.3333,79600.6667
2026-05-08,114856,214736,60234,44371,127467,63375,-1699419.00,2728598.00,10941682.00,14781326.00,76966.1333,56456.4667,65221,45401.8571,12877251.00,8449234.00,1412757,1132410,36504,56894.6667
2026-05-07,66701,48349,20898,35850,18574,20427,-994871.00,33606.00,4116528.00,5855849.00,77278,56941.2667,62089,42155.5714,3928944.00,2900467.00,1406322,1123806,39080,56981
2026-05-06,57245,33721,28387,22694,17581,11863,-29356.00,573540.00,3089067.00,7764912.00,77171.0333,57052.4333,61004.5714,44038.2857,4867016.00,4264120.00,1396806,1113860,49398,70262.6667
2026-05-05,46738,27442,23336,19432,13181,11478,171395.00,151200.00,4328428.00,4680123.00,78194.2667,58207.3,62827.7143,50562.4286,3954290.00,3974485.00,1387744,1107077,54887.6667,79208.6667
2026-05-04,66960,56077,26970,33364,15687,34345,-56186.00,-736230.00,4594509.00,9240767.00,79248.5667,58184.3667,61929,49790.1429,5131461.00,5811505.00,1357891,1097157,50741.3333,72967.6667
2026-05-01,97090,64675,53953,36884,27281,31243,232033.00,-110010.00,4767369.00,7510273.00,80118.7,59234.9667,59056.4286,49472.4286,4708388.00,5050431.00,1395143,1139049,37724.6667,55530
2026-04-30,73576,43911,32803,33930,19588,20638,515232.00,-131919.00,3675787.00,5765162.00,79802.4667,59464.7333,55261,51770.8571,3778006.00,4425157.00,1374176,1119508,38721,47556
2026-04-29,48237,43638,15399,28056,12568,24269,2711.00,-1104109.00,4180557.00,3316450.00,80212.2667,59576.8,55896,53190.4286,2445164.00,3551984.00,1366428,1108605,48545.3333,51310.3333
2026-04-28,44777,25625,18371,23963,8536,14563,-610381.00,42809.00,2302838.00,5074255.00,81085.6,61379.4667,65920.2857,62796.1429,3713220.00,3060030.00,1355817,1093454,56894,56607.6667
2026-04-27,49654,46900,24444,20959,15083,14759,-574269.00,-162025.00,3727896.00,6997898.00,82102.6667,62259.0667,68353.2857,64145.4286,4423978.00,4011734.00,1338421,1075465,62077.6667,65717
2026-04-24,59500,73111,22868,27135,30123,38720,-1110488.00,-663421.00,4285460.00,6789727.00,83397.5,62639.7,80601.1429,65917.2857,5023099.00,4576032.00,1370031,1119214,57707.3333,61553
2026-04-23,60669,50671,19020,35812,22112,22177,-1634203.00,288819.00,3743079.00,5284264.00,84383.2333,62990.1333,90698.7143,75331.5714,5045396.00,3122374.00,1356164,1099729,58675.3333,58890.6667
2026-04-22,76982,62451,30519,39060,18857,24304,-251752.00,-586587.00,8166910.00,7704396.00,84868.5333,63540.7667,89402.4286,76025.2857,4182551.00,4558986.00,1321992,1087320,68813.3333,71545.6667
2026-04-21,47008,60000,21144,19717,30324,26070,267728.00,314109.00,4849756.00,7926153.00,89673.6,64314.2,97175.1429,72600.5714,5540541.00,5494160.00,1296673,1077964,67595,78104.6667
2026-04-20,52682,53575,22473,20342,30297,15718,-313846.00,807325.00,3976674.00,7873732.00,90902.2667,66920.9,105173.4286,72784.2857,4622827.00,3501656.00,1267935,1059933,78241.3333,108955.6667
2026-04-17,114947,92865,69212,36419,62245,26425,-9224.00,1122233.00,4350599.00,12528494.00,92650.0667,65703.9333,105643.2857,69382.5714,7995871.00,6864414.00,1441148,1288620,86143.3333,114424
2026-04-16,66685,56345,24918,33681,26547,25331,-1173597.00,188903.00,3097479.00,9780588.00,92429.0333,65227.8333,108534.5714,69172.1429,5816182.00,4453682.00,1428664,1277700,89797.3333,114831.6667
2026-04-15,145235,85514,66838,48014,41741,39463,1232897.00,-206348.00,4278759.00,22019321.00,94243.5667,66768.3667,98435.5714,62451.8571,8455957.00,9895202.00,1402612,1244086,73301.6667,100225.6667
2026-04-14,131352,116571,47314,66332,22509,63189,-3268595.00,-1485141.00,9095546.00,18677360.00,92545.7667,64418.7,91671.1429,55803.5714,12924728.00,8601274.00,1386736,1198981,52731.6667,92665
2026-04-13,67908,67307,33617,25539,45481,16042,-398097.00,-30026.00,4526952.00,9243931.00,96059.5667,66865.3667,90469.7143,52680.1429,6077529.00,5709458.00,1351083,1186282,53313.6667,109441
2026-04-10,101417,36027,39682,50169,13578,16951,-837232.00,-179184.00,2838805.00,16405431.00,95490.4333,67608.1667,87109,55817.1429,8393960.00,7735912.00,1415675,1239804,59595.3333,104610
2026-04-09,108670,54861,45774,44863,24189,26232,-674586.00,-563257.00,4745222.00,21258210.00,94651.3,67360.4333,83205.5714,54458.7143,11374842.00,11263513.00,1400109,1214635,54132.3333,93234
2026-04-08,118236,69053,48005,50645,19567,30770,-1110162.00,-762664.00,9310987.00,20014139.00,94424.5,67742.6333,78047.5714,53073.8571,10462814.00,10115316.00,1371889,1174065,54459,81822.3333
2026-04-07,86924,54872,40270,34626,28849,15305,1301348.00,621573.00,4543437.00,11455458.00,94596.7333,68268.5,74255.8571,52876.1429,6065143.00,6744918.00,1352103,1154783,51316,72680.3333
2026-04-06,74542,38472,38564,25362,10975,20121,446511.00,-608167.00,4019243.00,9848678.00,95090.6333,68500.4333,74472.2857,56364.8571,5436210.00,6490888.00,1344213,1124629,57820.6667,73797
2026-04-02,84001,70033,44707,30765,25374,30695,961056.00,2608.00,4812903.00,5747596.00,94972.6,68209.6,70191.5714,51653.8571,4154226.00,5112674.00,1380792,1184256,49593.6667,72912
2026-04-01,59498,45443,24287,26490,16312,21412,-357602.00,-133436.00,4163435.00,6458733.00,94627.9333,67856.5,72754,54031.7143,4384408.00,4160242.00,1374288,1169460,54232.3333,80456
2026-03-31,77892,57986,35610,35418,12934,28625,-5251.00,-356109.00,7745325.00,7056824.00,95256.2,66882.8333,75710.7143,53660.7143,5327291.00,5678149.00,1358672,1137907,52733,74619.3333
2026-03-30,81346,45352,35514,38340,22401,16057,-1223918.00,977308.00,5959307.00,7874954.00,96093.4,67756.8333,81689,60923.7143,6917508.00,4716282.00,1337994,1091009,58580,72856.3333
2026-03-27,82130,59359,46297,29225,22007,31017,-81682.00,-638231.00,5305063.00,8340459.00,96724,68317.6333,79111.7143,59701.5714,5292337.00,5848886.00,1374891,1162121,51145.6667,63491.6667
2026-03-26,60382,53488,21377,34095,22824,23229,-2084202.00,1306325.00,5389547.00,6674109.00,100639.2,69444.8333,79133,58774.7143,7025440.00,3634913.00,1356213,1143413,54012.3333,69176
2026-03-25,76057,62893,32349,29141,22435,26765,-1579863.00,38176.00,4361098.00,14777003.00,100694.6,71644.2667,78407.2857,61176.4286,7972523.00,6354484.00,1323973,1128176,51511,76686.6667
2026-03-24,54036,37056,30074,19555,14452,19519,250882.00,-736389.00,3800625.00,10467724.00,100106,71613.2,82140.1429,66352.4286,5875254.00,6862525.00,1307021,1111727,71223.3333,99739.3333
2026-03-23,77435,62088,32990,37930,36398,21499,829498.00,643647.00,5960616.00,9163889.00,103248.0667,72341.6333,85127.2857,69558.4286,6782175.00,6968026.00,1269455,1088663,67462,95290.6667
2026-03-20,98589,55389,42585,43525,23916,23904,801027.00,828712.00,6211191.00,11617908.00,101378.9333,74480.2333,83934.7143,70386.2857,7620176.00,7592491.00,1448354,1332096,64665.6667,82604.6667
2026-03-19,123194,96193,62462,53497,43760,40569,-136189.00,4815002.00,26463845.00,10600773.00,102134.7,74084.2667,79412.8571,67925.8571,20284763.00,14105362.00,1461143,1299940,59169.6667,65199
2026-03-18,64089,50804,31418,28744,26713,13864,-167922.00,796617.00,6750234.00,6115708.00,103433.4667,74203.2333,97565.8571,72554.2857,5541762.00,4577223.00,1438423,1276428,66664.3333,70558
2026-03-17,60531,47000,27522,27211,18176,18651,-523212.00,394005.00,5573126.00,5906662.00,104378.1667,74157.6667,101710.2857,84665.1429,5241728.00,4324511.00,1419048,1258195,79174.3333,83162.6667
2026-03-16,70977,79705,35237,28689,33363,19536,-579071.00,1588390.00,6937580.00,5768407.00,105691.3333,73210.4,115482.2857,81329.5714,6234620.00,4067159.00,1388186,1232083,73000.6667,89584
2026-03-13,80166,73288,35393,33794,26646,26266,-636456.00,512509.00,10298052.00,6085501.00,106610.8,72690.2667,112609.1429,76868.7143,6109894.00,4907188.00,1456913,1298941,74894.6667,93375.6667
2026-03-12,98345,84530,31985,43812,36014,27867,-367798.00,4689860.00,15288540.00,8547187.00,104806.0333,71178.0667,127084.2857,83611.5714,12958732.00,6105874.00,1435087,1250592,74452.3333,124314
2026-03-11,90241,61184,43531,41505,13332,45014,-727522.00,-775729.00,5203142.00,6332151.00,102967.1667,69938.9,125681,81454,5192072.00,5194679.00,1402331,1220373,97983,124081
2026-03-10,91541,78970,34359,37586,27329,26084,-580904.00,408197.00,10721042.00,10102915.00,101638.1333,68164.2333,137364,90273.5714,6938139.00,5949038.00,1377714,1203674,90445,149361
2026-03-09,191160,83203,72583,97359,27593,43609,-2371155.00,-3030688.00,13976246.00,24696872.00,99607.1667,68303.1,122104.4286,86717.5714,16604554.00,17269934.00,1372920,1174339,76731.3333,105659
2026-03-06,89542,131776,35114,41851,63215,56293,-872491.00,-1099621.00,14924676.00,12233334.00,98947.6,65967.1333,121240.7143,74668,10663825.00,10890955.00,1397532,1235167,76716,142368.6667
2026-03-05,167381,56356,44896,46198,21987,28584,-1733148.00,-920327.00,5590090.00,89538499.00,95473.4,65641.9667,113248,78119.8571,7120349.00,6307528.00,1377735,1213119,73291,113381
2026-03-04,60054,42062,24327,29780,10901,24372,-1251415.00,-1850921.00,6390162.00,6840533.00,97275.7333,66623.3333,117824.7143,82203.5714,5132775.00,5732281.00,1363040,1200013,106172.6667,151137
2026-03-03,199671,131730,65269,70257,39189,48333,1863377.00,-2798894.00,35301871.00,36218350.00,95857.4,64925.8667,102065.8571,69875,14818951.00,19481222.00,1316367,1075844,81699.6667,112694.3333
2026-03-02,80418,46081,37198,34550,19584,19711,-474488.00,-531627.00,6491103.00,10454098.00,97306.2667,66553.6667,102071.8571,72050.2857,6650919.00,6708058.00,1300645,1050222,82149,113720.3333
2026-02-27,173322,140707,64756,90270,56228,70710,-2875534.00,-1956491.00,16498265.00,14358580.00,101768.1667,67371.6667,84334.1429,56927.8571,13441317.00,12522274.00,1306459,1077886,62086.3333,93090.3333
2026-02-26,84343,58311,27678,46638,27317,20719,-1695480.00,984908.00,5406975.00,7919501.00,103856.9,69088.6333,86105.1429,52708.5714,6636950.00,3956485.00,1280221,1058503,66198.6667,95673
2026-02-25,83496,47429,33686,41599,19559,25549,-404195.00,-164425.00,4622656.00,8358597.00,103525.9667,70132.0333,89386,56157.5714,5973015.00,5565945.00,1263990,1029019,65532.3333,97627.3333
2026-02-24,111432,80519,45975,49453,36005,33936,-44837.00,-890888.00,12749838.00,9243667.00,102347.8,69115.3,87902.5714,55538.1429,8196611.00,9042662.00,1226846,988516,59128.6667,87303.3333
2026-02-23,92091,70648,29965,35204,25125,28691,-1834653.00,-658893.00,10718496.00,13205230.00,101325.3333,67853.3,100152.1429,57917.5714,7893317.00,6717557.00,1208450,961828,47196,72992.3333
2026-02-20,89359,45430,42933,37304,14693,23861,-49749.00,-2464210.00,7521663.00,6353848.00,102071.5667,68989.8667,98489.2857,69838.4286,3899922.00,8064383.00,1335969,1123314,41644.6667,75452.6667
2026-02-19,80460,61308,28230,41782,30242,26620,-348635.00,2336814.00,9257636.00,8485216.00,101915.7,68759.0667,92191.8571,66240.7143,9516821.00,6831372.00,1329903,1104529,45066,84120
2026-02-18,49158,34850,24056,19821,10185,17695,-814415.00,-364887.00,3475253.00,6775546.00,103087.5667,69253.7333,109697.4286,73253.7143,4558053.00,4108525.00,1319407,1090724,58843.6667,101416.6667
2026-02-17,96740,28776,36940,37484,10689,13261,432345.00,-395021.00,4002745.00,8027490.00,102414.7333,69950.5333,101951,86221,4280059.00,5107425.00,1314699,1057714,78353,128449.3333
2026-02-13,106462,71572,32919,59213,30047,30373,-1898611.00,-159763.00,8563341.00,10772588.00,101271.2,68611.6667,107580.2857,88041.2857,9263068.00,7286920.00,1326004,1096377,97454.3333,118868.3333
2026-02-12,101048,76183,43596,40940,37573,31041,-1500520.00,456105.00,8616449.00,8613990.00,98995.4333,67459.8,107866.5714,84925.5714,8517176.00,6578439.00,1328140,1079116,84101.3333,97311.6667
2026-02-11,177838,87304,58493,34703,32595,44198,270162.00,-1826999.00,11386448.00,15634542.00,94881.1667,66461.8667,95157.1429,78972.5714,9065591.00,11162752.00,1315113,1021567,82980.3333,95264.6667
2026-02-10,77719,128876,32182,36360,64351,46950,-393155.00,2831171.00,12230542.00,7710317.00,94679.2667,63232.1,99821.8571,67888.4286,10415407.00,7191081.00,1268642,1011789,79870.6667,83530
2026-02-09,36378,36124,17396,15985,10555,21615,348548.00,-1102358.00,3254980.00,8008384.00,94863.4667,62700.2,110017.8571,70968.4286,4526281.00,5977187.00,1253575,999843,95934,120026.3333
2026-02-06,171697,83941,81903,74044,31782,42401,6681374.00,-473201.00,6236333.00,27219047.00,90987.7333,61235.7,91804.2857,64571.7143,11237355.00,18457430.00,1289480,1002289,86078,97144.6667
2026-02-05,42515,119547,16108,20226,77079,37011,-865883.00,2022576.00,7844536.00,6250363.00,91518.7,58756.9,90741.4286,50923.4286,7452941.00,4564482.00,1215783,997687,61440,112597
2026-02-04,145867,84314,43173,38733,31408,37134,1880342.00,110483.00,8164850.00,23260140.00,90057.4667,57727.1667,77284.7143,42554.2857,9102620.00,10871437.00,1177333,988579,50431,100765.3333
2026-02-03,103052,54373,51563,40281,28393,22388,2699792.00,1079951.00,4768245.00,13091033.00,89426.2,57924.7,81167.4286,47268,7217383.00,8837224.00,1166049,981804,51534.6667,102331.3333
2026-02-02,88872,45633,37330,41975,15448,17169,-386104.00,4134.00,4529155.00,10608091.00,88109.2333,57981.5,78436.4286,49562.8571,6249377.00,5859139.00,1152140,970888,49378.3333,87441.3333
2026-01-30,110372,51287,55607,47181,18481,29509,-72337.00,-411307.00,2844654.00,7797334.00,86382.9333,58055.7,71691.1429,48893.4286,4496147.00,4835117.00,1182025,1005308,40285.6667,62342.3333
2026-01-29,107750,57684,41695,51278,28187,23902,-1088867.00,278903.00,4372767.00,9816108.00,85054.7667,57669.8333,72601.7143,50867.5714,6922427.00,5554657.00,1161365,980086,29634.3333,43649
2026-01-28,44202,39164,17284,23417,20077,16262,-400646.00,-224329.00,4501848.00,4165711.00,87525.6,59374.0333,88733,56816.4286,4102104.00,3925787.00,1154585,970929,45702.6667,72325.3333
2026-01-27,35075,24009,13787,16259,5853,13542,-1033712.00,-660889.00,2341466.00,4120103.00,88030.3333,59733.2667,101420,66945.8571,2746205.00,2373382.00,1146720,956499,58265.3333,83885.3333
2026-01-26,51670,25730,18029,25487,9886,13564,-759971.00,-584140.00,3286134.00,4649246.00,88503.7667,60042.5333,137921.2857,86876.8571,3683941.00,3508110.00,1138854,947855,65222.3333,87713.6667
2026-01-23,130231,87369,64246,52473,40644,39291,-592094.00,604118.00,6652683.00,10970547.00,85838.5,58519.1,140317.5714,90084.1429,7569421.00,6373209.00,1168820,978080,59933.6667,82344.6667
2026-01-22,69755,61697,23800,38898,26414,27223,-1118098.00,442909.00,4356322.00,5916440.00,84488.1667,57465.3667,140862.2857,92517.5714,5082767.00,3521760.00,1157900,955123,66303.3333,111466.6667
2026-01-21,63155,46601,26999,29279,15162,25957,476742.00,-1131989.00,5183350.00,8137893.00,84482.1333,57292.1667,142709.7143,93005.5714,5117880.00,6726611.00,1142066,937458,82408,131709.6667
2026-01-20,114124,71503,37820,65042,35580,27432,-1253187.00,1349126.00,7158262.00,13523744.00,100033.1333,56229.8,135180.1429,87474.8571,9775110.00,7172797.00,1111588,921004,113656,196061.3333
2026-01-16,157121,80806,53998,86696,24277,38538,-208315.00,-1679023.00,8424683.00,18767826.00,96866.6333,54717.1667,128698,87292.1429,8542763.00,9939577.00,1665284,1231442,123327.3333,192689.3333
2026-01-15,123884,94915,56761,58273,38200,50229,1065140.00,3157014.00,21783296.00,16981778.00,93915.7333,52459.2,121826.5714,81502,18981387.00,17645423.00,1676841,1204922,117932.6667,175917.3333
2026-01-14,307179,165247,98372,120272,67406,62290,-1041471.00,-725720.00,24513246.00,30871100.00,84844.1,47925.8333,89988.7143,64993.8571,21998815.00,21683064.00,1615385,1094865,79522.6667,98886.6667
2026-01-13,147005,109820,58095,57159,38548,54809,88700.00,-2712374.00,13256337.00,14144460.00,82332.3333,45348,79924.4286,56402.4286,9761118.00,12562192.00,1569897,1063807,53845.3333,70357.3333
2026-01-12,73568,78731,28596,36271,27644,30574,-1336657.00,-66473.00,7321998.00,14194186.00,82583.2,45147.9667,79722.7143,49641.7143,9591764.00,8321921.00,1535946,1054187,54110.6667,83083.3333
2026-01-09,76087,50017,32742,33221,21016,24978,969811.00,1700668.00,5664647.00,10077430.00,81627.7,45217.0667,73535.2857,48443.1429,7381953.00,6651096.00,1563815,1092731,55566.3333,82982.3333
2026-01-08,61417,32788,27225,29790,13664,15526,333711.00,154778.00,3208400.00,5225783.00,81638.8667,45888.3,72534.2857,51954.2857,3686114.00,3865047.00,1557157,1077138,61200.3333,90614.6667
2026-01-07,111746,79527,39873,57599,45799,22526,-5386317.00,2753675.00,6899320.00,26911699.00,80272.2,45126.8,66808,45162.2857,19060274.00,10140282.00,1519897,1039836,51251.3333,78884.3333
2026-01-06,75784,54384,20725,27325,16554,29019,-805203.00,368322.00,5249511.00,12669770.00,81206.5,45954.9333,61968,40274.1429,6416864.00,5243339.00,1497644,1018319,43592,77675
2026-01-05,84314,49690,37963,34398,20128,24300,125287.00,-467418.00,5109642.00,22492076.00,80050.5333,46079.8333,57841,38890.7143,11895855.00,12488560.00,1476467,1009430,40904.3333,60495.3333
2026-01-02,76555,49680,30749,29225,19470,27441,-74109.00,54372.00,3026807.00,14851049.00,80479.6333,45895.5333,55253.7143,38248.2857,7812162.00,6627661.00,1502081,1048220,43466.3333,53113.6667
2025-12-31,72156,31406,27570,40129,10392,15875,-130284.00,629065.00,2636292.00,5805386.00,80722.7,46817.9,59521.4286,41393.4286,4031098.00,3271749.00,1494301,1020777,43658.6667,52949
2025-12-30,32775,41627,12780,13065,12768,15053,-482678.00,467652.00,2820546.00,4712558.00,82146.9667,47753.6667,66855.5714,44060.8571,3112369.00,2162039.00,1472930,1013861,36505.3333,55992
2025-12-29,54410,57366,21481,28446,21437,27235,-944733.00,-431868.00,4127536.00,7392316.00,83697.7333,48276.6667,66134.5714,42628.1429,5107773.00,4594908.00,1451190,1006035,30718.6667,56330.3333
2025-12-26,71662,31983,28723,38152,10591,15221,398327.00,173680.00,2628572.00,8784216.00,84628.1,49027.8333,64266.1429,45703.8571,4344807.00,4569454.00,1467582,1021889,35118.6667,51924.3333
2025-12-24,41904,20167,26325,12607,9147,8968,917386.00,528485.00,1344664.00,6804151.00,87546,49697.4667,67980.5714,49409.7143,3603219.00,3992120.00,1462740,1006092,46203.6667,71966.3333
2025-12-23,55425,40006,18011,29667,11485,22139,-56783.00,86290.00,2714726.00,9421990.00,87547.0333,49481.6333,76966.5714,56593.1429,3937693.00,3878620.00,1437955,989961,52968,81529.3333
2025-12-22,58444,45183,29290,23496,15403,21231,884528.00,-561149.00,3314489.00,9394396.00,88468.3333,50782.5333,75791.2857,55107.8571,4787590.00,6233267.00,1423383,977830,53686,78502.3333
2025-12-19,102030,53422,43856,51014,24929,25326,-3691354.00,161489.00,2268387.00,26074926.00,88904.1667,52088.6,70626,52477.2857,15648641.00,11798873.00,1578021,1097303,53716.3333,64020
2025-12-18,84114,60299,38610,33658,16846,29331,-1298861.00,-729416.00,4637400.00,12079436.00,92467.2,53325.9333,65791.5714,49815.4286,6719851.00,6150406.00,1551393,1073842,48986,58617
2025-12-17,49363,47337,21034,24542,18761,21856,-1242737.00,-464329.00,3268792.00,7825944.00,99978.4,53628.7,62917.5714,47350.8571,5098777.00,4223769.00,1547059,1070679,63303.6667,81605
2025-12-16,58583,53513,19864,28668,29056,20781,475487.00,218489.00,3782666.00,7874924.00,99673.7667,53411,63544.8571,45621.1429,5035576.00,5292574.00,1535431,1053848,57061.3333,78816.3333
2025-12-15,67905,46108,27295,30738,15450,19923,-764034.00,-34132.00,4087709.00,12588199.00,103058.4333,53310.4667,136794.7143,44696,7206705.00,6476803.00,1514705,1050420,53361.3333,78139
2025-12-12,118327,90290,63729,42166,40177,44681,583147.00,575162.00,4957659.00,9912629.00,102224.0667,51832.5333,128766,36858.4286,6494767.00,6502752.00,1535019,1057283,37153.3333,55454.3333
2025-12-11,50217,34786,19417,26927,12081,19844,333669.00,802407.00,3463675.00,5151155.00,102559.4667,53201.3333,126643.1429,35771.2857,4192980.00,3724242.00,1520493,1047777,35586.3333,48463.6667
2025-12-10,65873,35008,28982,30719,13559,16750,-583724.00,-169644.00,4256208.00,7337935.00,102626.4,52984.8,122237,34948.1429,5086996.00,4672916.00,1506869,1035213,37718.6667,47497.3333
2025-12-09,50273,41666,25610,17698,22072,15035,2105012.00,1607471.00,4416925.00,7729414.00,104245.7,52703.8667,125291.1429,33636.5714,5093147.00,5654208.00,1493300,1028492,37040.6667,224291
2025-12-08,29245,30085,11863,13958,11628,14750,-29183.00,-796485.00,2698712.00,5425245.00,109444.2,53231.0333,132698.1429,39728.7143,2539983.00,3307285.00,1483124,1019524,38821.3333,235251.3333
2025-12-05,62974,41405,25680,27287,12901,20454,-1450874.00,-467148.00,4041114.00,6708487.00,111457.2667,53310.4667,130476.4286,41255.1429,4131784.00,3148058.00,1515982,1021259,34078.3333,226045.6667
2025-12-04,580654,39632,26236,31881,15254,14907,-1734158.00,362543.00,2592763.00,697419279.00,94976.3333,53978.2333,56347.5714,43154.1429,7067104.00,4970403.00,1505821,1121056,30616.3333,44171
2025-12-03,62126,35427,26065,21877,8615,13176,1338507.00,-170408.00,2332888.00,10887759.00,95032.9333,53869.4333,57579,46190.5714,4456387.00,5965302.00,1493226,1104955,29635.6667,47346.3333
2025-12-02,35357,27176,15619,16313,11617,11599,-467552.00,-94349.00,2713827.00,8230654.00,96821.8,54791.2333,67358.4286,53626.5714,4898289.00,4525086.00,1485406,1102453,44820.3333,62592
2025-12-01,35030,29246,16134,16684,10350,16650,1657308.00,-176297.00,1933135.00,6031989.00,101875.9667,58880,69444.8571,57082.4286,2822371.00,4655982.00,1473703,1091522,52435,66722.6667
2025-11-28,71652,32485,40396,25203,16598,13457,985169.00,108604.00,1535926.00,6611812.00,104424.4,61832.8,71984.2857,58749,3082960.00,3959525.00,1522195,1123574,59248.3333,63422.6667
2025-11-26,81094,72730,20711,18149,14595,40348,-122431.00,-1111168.00,4497553.00,8552958.00,113227.9667,62920.5333,71749.1429,56798.5714,3674859.00,4663596.00,1476252,1076441,53899,59973.3333
2025-11-25,47422,52090,25933,14976,17275,23448,861485.00,53685.00,6914409.00,6579491.00,116912.9,64471,75760.7143,59314.2857,4464276.00,5272076.00,1464193,1062187,62945,78770.3333
2025-11-24,61752,52925,29284,25267,17410,28789,1497442.00,-793213.00,4692957.00,8498701.00,117646.6,64340.9,81358,62190.1429,4544216.00,6834871.00,1444948,1038162,63115.6667,74731.3333
2025-11-21,70746,56682,27478,39075,25522,23366,-242581.00,-69031.00,4261492.00,8566028.00,118389.4667,65353.9333,85476.1429,61881,6013101.00,5840380.00,1649844,1272960,58938.6667,80958.6667
2025-11-20,103813,79228,54106,44591,33923,39164,-381505.00,-712368.00,9239180.00,11317392.00,117659.1333,64846.2333,89137.2857,56313.5714,9195198.00,9526061.00,1649996,1280015,52221.6667,72837
2025-11-19,49635,53437,24797,21929,19617,21393,-461855.00,-588188.00,6177567.00,4688829.00,118987.5,65710.3,89968.8571,53469.8571,3843320.00,3969653.00,1607093,1280060,57642.6667,81459.6667
2025-11-18,89428,44151,52039,24701,17752,16622,-2072168.00,-499676.00,5497610.00,12550440.00,118055.5333,65447.1,89491,59192.5714,7937406.00,6364914.00,1599121,1281585,67277.6667,85294.6667
2025-11-17,79448,59077,32066,40919,21390,31326,-660525.00,106444.00,6946573.00,10502378.00,117110.1667,65039.1333,94584.8571,63982.1429,8432959.00,7665990.00,1586140,1274025,65758,92003
2025-11-14,75503,69700,30114,38934,31471,33113,-1155438.00,-821540.00,4178291.00,9401699.00,116322.3,64094.4667,111085.1429,67942,6150375.00,5816477.00,1605921,1318272,55943.3333,109982.3333
2025-11-13,100933,73056,18799,70095,34262,29818,-2251953.00,265904.00,5323881.00,7947416.00,114967.8,63625.3,135908.8571,65565.4286,6907341.00,4389484.00,1595230,1324121,42768.3333,94823.3333
2025-11-12,99573,54518,48713,46188,23531,27043,700147.00,245148.00,7147640.00,13523170.00,114216.8333,63814.7333,128747.5714,64488.8571,9514831.00,9969830.00,1576777,1313761,52665.6667,90326.6667
2025-11-11,129441,40256,19685,64529,17355,21068,-1808227.00,-143707.00,2890794.00,10599931.00,112434.7333,64458.9333,134462.4286,64894,6427481.00,4762961.00,1562298,1328291,70115,85548
2025-11-10,55456,33531,27044,23937,15091,16142,395600.00,-12713.00,2409785.00,8076997.00,112272.4333,65499.0667,139868.1429,66668.4286,4614777.00,5023090.00,1551320,1315394,91411,130731
2025-11-07,86083,84210,37187,38437,34699,44405,931548.00,344984.00,5692320.00,15725423.00,111730.2667,64210.7,136181.8571,65474.1429,8864049.00,9450613.00,1601353,1437222,82147.6667,193603
2025-11-06,115105,92604,53481,49817,40139,46448,867614.00,-822883.00,11319483.00,10607978.00,109914.2667,62353.9333,129435.5714,56318.1429,9093271.00,10783768.00,1577430,1430496,66940.3333,171716
2025-11-05,191005,97419,64570,110337,28767,54677,-2487474.00,-2058774.00,10385752.00,18180752.00,104913.6,60714.9667,116270.8571,47149.4286,12603180.00,12174480.00,1531268,1414274,48831.3333,164529.3333
2025-11-04,274699,56420,148744,72974,22181,19059,2904599.00,435108.00,5506381.00,24701066.00,98168.7,60696.6667,103485.2857,45646.5714,10041524.00,12511015.00,1512319,1322811,45342,104061.6667
2025-11-03,49444,46982,23184,19740,21044,21486,497654.00,-187943.00,3682748.00,8844915.00,99062.3667,60603.7333,114045.5714,45190.2857,5228450.00,5914047.00,1486647,1306763,54964.6667,107673.3333
2025-10-31,169445,43092,53905,78414,20253,17694,-28038.00,-497947.00,6164221.00,12269508.00,96718.9,60795.3667,102157.1429,47557.8571,7304150.00,7774059.00,1537005,1372882,50104.6667,73818.6667
2025-10-30,93296,45952,36886,34091,17994,17214,937310.00,308494.00,3640434.00,11960919.00,97714.9,61450.3,97946.8571,45588,5143806.00,5772622.00,1526948,1362272,45866.6667,75670.6667
2025-10-29,60279,75850,29061,26229,18443,45438,-66018.00,-375601.00,5512122.00,5151217.00,100072.2,61319.2667,102053.1429,42585.1429,3223953.00,3533459.00,1534179,1354225,35883.3333,117311
2025-10-28,67881,28512,27265,29933,12954,13196,1398250.00,416663.00,2539254.00,11214432.00,99371.1333,61406.0667,119020.8571,60213.2857,5176341.00,6157928.00,1523621,1347070,40975.3333,135806
2025-10-27,98852,33238,33725,32618,14425,17056,392946.00,30003.00,2137923.00,11374580.00,98271.4667,61678.2,126057,72760.5714,4965077.00,5328020.00,1516076,1325778,49784.3333,131597.3333
2025-10-24,185200,45900,78664,78011,20204,21584,1441144.00,27098.00,2556544.00,18969444.00,94492.6,61668.2333,148914.2857,81255.1429,6860229.00,9474548.00,1552152,1278525,45205.3333,91138.6667
2025-10-23,123366,43788,42354,70894,11935,16873,-480976.00,48354.00,4080936.00,8739319.00,92263.2667,62081.6333,153857.7143,89086,5003786.00,4474456.00,1540198,1269171,48886,79691
2025-10-22,86226,59665,32391,28012,38824,16445,-581548.00,2740449.00,5769389.00,10671195.00,90339.5667,60817.4,153505.8571,87565.5714,8519548.00,5197551.00,1530366,1236812,79634,113167.3333
2025-10-21,63824,32163,28938,28372,15572,14813,-285480.00,47839.00,3844838.00,6267316.00,90091.3,61423.7667,157678.4286,95409.8571,4811747.00,4478428.00,1528291,1227707,109269.3333,141261
2025-10-20,89023,54830,36301,33652,11853,31687,835820.00,-1788910.00,6211047.00,13289085.00,89081.9667,62507.4667,156661.2857,96719.4286,6456009.00,9080739.00,1505875,1212678,126113.3333,226653.6667
2025-10-17,186655,151909,69656,73220,74821,60357,1124177.00,288869.00,15648731.00,19616673.00,85835.8333,60431.1,142780,86355.1429,14402329.00,15361847.00,1624339,1321979,108345,217092
2025-10-16,148105,121069,54542,78278,70362,40530,-2604292.00,2842654.00,10794604.00,16128965.00,97070.9,58604.2333,130403.4286,74238.8571,14851119.00,9404173.00,1589870,1284751,84329.3333,195644.6667
2025-10-15,345201,105362,160669,126084,49859,48201,4322405.00,55254.00,7821682.00,44599019.00,87715.5333,57098.3333,88387.1429,65878.2857,20417029.00,24667727.00,1572349,1237947,78233,111588.3333
2025-10-14,157970,98604,78882,63590,32550,52761,-531.00,387888.00,8566632.00,14513089.00,84235.9,55870.1667,73229.5714,57700.5714,9920200.00,9531781.00,1540949,1196970,66697.3333,86232.6667
2025-10-13,83763,49022,30762,42853,18250,28496,-1116458.00,-548596.00,4480383.00,13283984.00,84443.8,56031.9333,69877.4286,59123.2857,7295141.00,6727279.00,1521059,1175902,76809.6667,88140.3333
2025-10-10,93032,87073,41463,34168,38084,34354,1033938.00,1169048.00,10054055.00,9071616.00,83119.5333,55076.0667,67593.4286,55284.4286,7776591.00,7641481.00,1560757,1219444,59870.3333,77619.3333
2025-10-09,81903,63997,23809,41104,27143,31812,-356757.00,214671.00,5260495.00,7320442.00,83559.7333,55298.5,66747,54653.7143,5235870.00,4664442.00,1544273,1179047,54150.6667,67347.3333
2025-10-08,89486,79359,42767,40480,37815,22502,968539.00,467728.00,10637059.00,7439106.00,83198.4667,54666.2,61190,52564.5714,6177439.00,6678250.00,1533962,1132118,41484.3333,54807.6667
2025-10-07,61469,36255,25602,28019,13401,17314,-367569.00,811110.00,5488136.00,6383668.00,85106.0333,55364.2667,62382.7143,53893.7143,5212061.00,4033382.00,1522810,1103546,49059.6667,54417.3333
2025-10-06,51087,46838,23097,23809,12032,29252,1151561.00,-122022.00,4459111.00,7746150.00,88246.2,56612.9333,63745.2857,52474.1429,4523493.00,5797076.00,1504626,1089501,53514,63069.6667
2025-10-03,51867,41360,19043,28911,17154,21900,-1071149.00,-499855.00,3330978.00,5574447.00,88415.3667,57475,62190.7143,53458.4286,4318278.00,3746984.00,1524384,1133006,59588,71106.6667
2025-10-02,60298,58981,23167,26579,26336,23520,-84176.00,-105605.00,4771120.00,5737662.00,87916.9,57128.9,63912.7143,53014.1429,4158309.00,4179738.00,1520066,1121165,61506,67869.6667
2025-10-01,77044,60201,33440,39052,23186,26906,-273887.00,-1569099.00,7013264.00,8282945.00,86939.5,55866.7667,63799.8571,50727.4286,5781681.00,7076893.00,1494231,1101620,56625.3333,65461
2025-09-30,75978,59582,32151,33401,31545,21768,-1071189.00,1630842.00,6320946.00,10015735.00,87626.9667,55986.4667,67108.8571,49193,8458604.00,5756573.00,1492420,1087749,49065,60343.3333
2025-09-29,50587,64735,14632,28719,17714,20378,-1194054.00,515673.00,10211004.00,8851650.00,88812.0333,56025.4667,77478.7143,49316.5714,6684874.00,4975147.00,1443246,1066549,43570,57142.6667
2025-09-26,69818,45559,27724,36647,19988,20575,-576239.00,35054.00,3449921.00,7591586.00,88663.4,56575.7667,86218.7143,53082.2857,5134869.00,4523576.00,1470415,1102516,47007.3333,57987.3333
2025-09-25,60625,36901,18892,36939,18944,15901,70795.00,975554.00,2611962.00,5188412.00,88281.5,57349.4,84250.7143,52255.8571,3854801.00,2950042.00,1465329,1089512,49438.3333,63197
2025-09-24,40985,48250,13210,24046,24121,20442,-876509.00,1441364.00,5929122.00,5456529.00,90394.9333,57551.7,87804.5714,51277.5714,5908008.00,3590135.00,1451266,1077191,49635.3333,82582.3333
2025-09-23,72352,55871,34315,32945,23113,23808,354249.00,-306922.00,5364126.00,8776253.00,89842.1333,57469.8333,87730.5714,49810.4286,5310696.00,5971867.00,1427540,1063504,52878.3333,99523.6667
2025-09-22,76254,44194,33280,27030,16298,20302,1880536.00,-270596.00,2883660.00,12838983.00,90310.9,58773.2333,84906.5714,51524.1429,4238576.00,6390100.00,1409884,1029341,62120,117771.6667
2025-09-19,99141,48841,32716,48142,19373,26195,381363.00,78790.00,5325587.00,12609841.00,89180.8333,58656.0667,74817.1429,47652.2857,7241154.00,7543727.00,1712255,1154173,56211.6667,100341
2025-09-18,123176,65600,60848,42799,22061,38425,-824841.00,-88713.00,3835902.00,20547526.00,86682.4667,57585.9,65274.2857,45474.2857,10335563.00,9599435.00,1687730,1144049,48145.6667,81236.3333
2025-09-17,130998,71919,57438,49323,26798,41552,-194215.00,-1602312.00,4358551.00,19544968.00,84536,57934.2667,54952.1429,47677.4286,8024133.00,9432230.00,1661582,1136845,39373,61515
2025-09-16,46849,31116,18141,19003,15244,13570,56696.00,-172906.00,2749247.00,6762193.00,85008.6333,58745.9,61012.4286,56034.8571,3046803.00,3276405.00,1647956,1125485,47731,64727.3333
2025-09-15,65862,41402,28157,31521,18507,20309,-518656.00,-641000.00,3831804.00,8580098.00,86107.7333,62791.7333,120911.7143,59586.4286,5375716.00,5498060.00,1629954,1106973,41176.3333,52278.3333
2025-09-12,71834,45601,29967,37167,16389,27311,196267.00,29457.00,2014299.00,5574658.00,85334.5,63294.3,119869.7143,61669.8571,3273515.00,3440325.00,1668007,1136772,42760.6667,47125.6667
2025-09-11,56486,56190,29937,20441,26047,25782,1799628.00,-171559.00,4075370.00,6934900.00,85390.2667,62853.9,119454.7143,62465.4286,3555833.00,5527020.00,1645848,1124771,53144.3333,47878
2025-09-10,28515,21738,12616,13196,9297,10678,-378419.00,-7618.00,1344942.00,4356305.00,85331.2,63057.5,128238.2857,67056.4286,2755407.00,2384606.00,1641481,1121310,75771,68130
2025-09-09,56376,50354,25188,25692,16648,25719,-371304.00,-850915.00,3223798.00,6610117.00,84567.8667,62284.5333,127799.4286,68205.4286,3766458.00,4246069.00,1625480,1116288,81074,211057
2025-09-08,58743,87341,22728,29858,33881,35458,-651438.00,409686.00,8547372.00,5522936.00,86499.7333,61169,132994.5714,65823.8571,5334458.00,4273334.00,1600195,1104406,72022,212989.3333
2025-09-05,89271,89618,39001,41553,30376,52670,-1714980.00,-1276625.00,9407707.00,10746268.00,86867.2333,61460.1333,131477,61648.4286,9277822.00,8839467.00,1654329,1114298,62735.6667,201092.6667
2025-09-04,485157,66263,49554,33161,19355,28434,-213317.00,-627523.00,9473862.00,364888286.00,72719.7,60925.6,79125.4286,60353.2857,6759773.00,7173979.00,1621466,1166008,58606.3333,69373.6667
2025-09-03,64540,60185,28974,28643,20446,36014,242050.00,-2257572.00,5479620.00,10197096.00,72315.1,60366.3333,90661.4286,63798,5732567.00,8232189.00,1599481,1156510,58010.3333,65628.3333
2025-09-02,53581,61759,14278,29630,24549,32532,-1677790.00,-211946.00,6251902.00,9461618.00,73048.4,59922.5333,91141.5714,64578.4286,7490767.00,6024923.00,1575095,1140204,60980.6667,79471
2025-08-29,90000,53875,35118,44751,20486,28235,290309.00,449597.00,3983082.00,11882692.00,75340.7667,59928.2333,84762.1429,63824.5714,6645378.00,6486090.00,1589218,1165724,63152.3333,75687
2025-08-28,53304,58397,25000,22287,22256,13132,515579.00,670401.00,7596770.00,11585326.00,79217.9,60934.1333,83964.7143,58673.1429,6811665.00,6656843.00,1550973,1155658,62752.3333,97484.3333
2025-08-27,95109,70670,44409,41893,28137,20688,-793459.00,931201.00,6709722.00,13158134.00,82706,63909.8,84178,57602.1429,8568544.00,6843884.00,1517085,1157057,67295,114212
2025-08-26,78648,60390,35809,37017,20241,30531,-666415.00,-375476.00,5741651.00,7946419.00,84489.9333,67457.2667,85248.1429,58390,6225287.00,5934348.00,1497088,1151356,69572.3333,106976.6667
2025-08-25,118696,57197,53133,45439,14255,18017,174757.00,198893.00,6115637.00,19323820.00,83412.8,69066.7667,77628.5714,59085.8571,6386591.00,6362462.00,1465891,1119361,66706,82526
2025-08-22,145292,84298,73701,53669,37459,34662,882670.00,502906.00,6365689.00,13841743.00,81148.4,68845.7333,63896.5714,55630.4286,7894907.00,8274671.00,1486152,1132431,46052.3333,50002.6667
2025-08-21,56942,67222,16684,26560,21849,31557,-398147.00,-259428.00,8955191.00,8115037.00,81664.4667,67683.2333,70674.5714,53787.1429,4247063.00,4108344.00,1446742,1110397,44702.6667,63222.6667
2025-08-20,45344,48598,19678,20118,22061,22330,446276.00,1154967.00,3837013.00,5258411.00,82604.7333,67813.7333,72163.7143,54475.2857,4259675.00,3550984.00,1429232,1103855,50471.6667,76821
2025-08-19,47722,22337,19202,22464,11508,8528,-733616.00,688221.00,2252771.00,6791652.00,84472.5,71203.0333,78248.7143,63183.7143,4484960.00,3063123.00,1423181,1092931,63715.3333,82700
2025-08-18,96602,63173,50863,33128,26243,33202,1809348.00,1199647.00,5298488.00,8951059.00,83428.6333,74557.9333,73768.2857,60634.1429,5603788.00,6213489.00,1394275,1046340,62694.3333,66888.6667
2025-08-15,86139,65905,44199,36766,32293,30430,1172838.00,600721.00,2664969.00,7194776.00,83621.1667,73798.9333,68352,56004.1429,4192146.00,4764263.00,1569513,1190481,58832.3333,72971.6667
2025-08-14,65359,62068,33918,25061,21420,38038,877815.00,-315917.00,2447367.00,4435598.00,84712.9333,75495.3,68529.8571,58904.4286,2367266.00,3560998.00,1556609,1176772,55948,69774.6667
2025-08-13,49168,60110,23668,20379,29192,24396,276991.00,173997.00,2979975.00,4460212.00,86567.1333,77251.8667,70224.1429,58240.8571,3223642.00,3326636.00,1532383,1167686,63676.6667,83491
2025-08-12,104388,54319,49556,39223,29802,22019,206254.00,514466.00,2913477.00,12403778.00,85935.5667,81396.6667,69430.8571,73734.8571,6421195.00,6112983.00,1525223,1162323,60679,70441.3333
2025-08-11,55768,53415,28509,17418,28040,18030,780236.00,1294139.00,4855627.00,4774579.00,88165.6333,82146.6333,68412.1429,74772.4286,4129228.00,3615325.00,1497909,1142719,54039,67927
2025-08-08,90317,83296,42125,41954,33368,38333,237921.00,313389.00,5121392.00,4946273.00,89189.9667,81275.9667,63818.1429,69012.7143,4156520.00,4081052.00,1527970,1173661,53730.3333,60022.6667
2025-08-07,65239,45326,24488,29995,19465,18352,270536.00,298004.00,4039438.00,5594276.00,88234.9,81613.7,58318.7143,66515.5714,3329691.00,3302223.00,1530739,1146533,57110,58619
2025-08-06,48225,33495,19976,13467,11398,14822,-171122.00,75067.00,2658163.00,5584424.00,89863.5333,84347.8667,56211.7143,65611.2857,2576897.00,2330708.00,1524599,1122234,100204,75489
2025-08-05,66604,82370,27522,35154,44670,30593,-788189.00,403674.00,6168721.00,5563184.00,89861.3667,83846.5667,63368.1429,61540.5714,5676819.00,4484956.00,1496324,1106631,92973.3333,69500
2025-08-04,61028,55465,30678,25246,16371,35105,275082.00,-1327357.00,7154938.00,4226194.00,91740.4333,84496.3333,68977.8571,67667.2857,4343654.00,5946093.00,1488485,1093097,88811,68543.6667
2025-08-01,98835,162777,45211,46199,73895,69713,1017679.00,585476.00,14802102.00,9759587.00,91213.7,81724.2333,63534.4286,51588.7143,10257913.00,10690116.00,1473685,1137791,43834,44513
2025-07-31,48637,60678,21273,24062,32268,21532,223037.00,1502478.00,5584475.00,4583040.00,90867.1,81121.6,64072.2857,49121.4286,4967107.00,3687666.00,1470801,1131530,32663,39459.3333
2025-07-30,58159,42978,25288,27009,27543,12072,-42428.00,1010585.00,3045306.00,4598470.00,90197.5333,81032.4333,66561,49902.4286,3598170.00,2545157.00,1459558,1110805,36295.3333,58972.6667
2025-07-29,26743,27846,12628,12330,17374,9049,163223.00,140320.00,2068597.00,3052298.00,91420.7,82446.3667,85422.1429,53645.2857,2210378.00,2233281.00,1447796,1104788,59797.3333,83490.3333
2025-07-28,33476,27165,12433,18194,12614,13329,-605699.00,73758.00,1576898.00,3841369.00,92054.4333,84932.6333,104871,62418,2636217.00,1956760.00,1438994,1099855,67484.6667,92575.3333
2025-07-25,116699,53875,56477,55076,24344,25973,-239710.00,-321328.00,4393927.00,9072890.00,90783.7667,85033.9333,116735.7143,77570.1429,5930117.00,6011735.00,1482989,1131505,63995.3333,71143
2025-07-24,100296,98352,49887,41478,35699,58547,936324.00,-1094220.00,6443987.00,10606481.00,89033.6,83044.5333,121288.5714,87350.4286,6575162.00,8605706.00,1445542,1116177,47359.6667,62904.3333
2025-07-23,60731,50227,28365,18100,21389,26710,794348.00,1069626.00,3140299.00,6564797.00,89188,82588.1,124953,95244,3832413.00,3557135.00,1428589,1103474,48632.6667,95584.3333
2025-07-22,52402,43407,25489,21734,19664,20000,-132548.00,43442.00,2907479.00,6245928.00,90672.3,83334.7333,128518.4286,100138.2857,4066440.00,3890450.00,1412857,1091474,63688.3333,134656.3333
2025-07-21,75580,48445,34531,34334,21604,23695,180289.00,-238129.00,2745766.00,8528628.00,111078.7667,84343.6333,128067.5714,97838.5714,4606370.00,5024788.00,1398121,1072926,100853.3333,176047
2025-07-18,158771,54046,75563,70242,22081,24008,210650.00,1027849.00,4962822.00,14094308.00,109421.7667,84584.9,115893.4286,97619.5714,7972763.00,7155564.00,1727303,1277198,138442.6667,167178.6667
2025-07-17,169618,88574,71476,76711,42506,41197,-3189666.00,1401779.00,5634148.00,15874178.00,105314.8667,83182.2,106484.4286,102682.7143,10851489.00,6260044.00,1705121,1267195,144078.6667,139433.3333
2025-07-16,199752,159940,90350,96625,69186,70900,-2486021.00,-657881.00,16322853.00,13330739.00,100730.5667,80401.4333,87275,103237,13963452.00,12135312.00,1679714,1251449,116654.3333,98636
2025-07-15,132166,166814,57498,58618,55946,57617,-783664.00,346889.00,9296395.00,14695066.00,98256.4667,76318.2,81524.8571,85568.5714,10182259.00,9051706.00,1624851,1220095,71832,78722
2025-07-14,86382,105482,35381,37889,20306,24213,1436359.00,41692.00,6052291.00,10599868.00,96620.9333,74063.7667,83200.5714,86636.7143,4993824.00,6388491.00,1555025,1176981,54175.6667,74445.3333
2025-07-11,77360,77667,29778,32694,32429,35594,175672.00,532475.00,5806623.00,6156223.00,95110,74082.3,87119.7143,91656.7143,5099964.00,4743161.00,1647537,1219552,69625.3333,83243.6667
2025-07-10,72424,32347,30621,33331,14043,13343,-506119.00,354189.00,2424656.00,6558229.00,94455.6667,75221.6333,88979.2857,112559,4437883.00,3577575.00,1641832,1207079,113449.6667,80864.3333
2025-07-09,73552,52513,35545,32165,20726,21607,12714.00,-76817.00,4438294.00,7784532.00,94034.3667,76591.8333,95996.1429,115902,4866405.00,4955936.00,1631099,1193051,110323.6667,86985.3333
2025-07-08,103755,124016,54680,39251,46227,65012,1552793.00,-468296.00,8474506.00,13617161.00,92022.6,75350.7,98466.4286,106353.4286,7839182.00,9860271.00,1605565,1172207,106638,85104.3333
2025-07-07,65286,163820,23460,27374,29541,118689,-2291256.00,-21147.00,8770977.00,13293513.00,92802.6333,73178.5333,94366.5714,90873.1429,8793026.00,6522917.00,1613569,1152031,89633.6667,98273.6667
2025-07-03,91915,43135,36425,42472,15811,24639,1201667.00,-209255.00,2737920.00,13679490.00,92104.2333,73360.3667,95105,101213.8571,6025406.00,7436328.00,1714104,1187746,134809.6667,96115.6667
2025-07-02,98112,112959,51378,34837,31924,73345,-2808865.00,418363.00,4033266.00,39453816.00,91169.8333,72648.8667,90594.5714,94695.5714,14352425.00,22714297.00,1660537,1191280,122461.3333,104301.6667
2025-07-01,104794,112807,48479,43469,61097,42221,653928.00,-431829.00,5336679.00,17122680.00,92085.6333,72171,92395.4286,89288.5714,8676707.00,9762464.00,1605748,1164094,103917.6667,109719.3333
2025-06-30,85441,178663,25073,44966,117141,43179,-2827402.00,-1007048.00,8320705.00,10920241.00,93577.1667,71153.6333,92051.4286,75138.7143,8611488.00,6791134.00,1485111,1121928,62849.3333,93434.6667
2025-06-27,122670,75914,43806,70036,32189,33840,-1198386.00,1220065.00,5415104.00,11428274.00,94472.4333,70599.0667,79989.8571,70379.4286,8413480.00,5995029.00,1515512,1152489,76051.3333,84906
2025-06-26,121047,57176,67834,41576,20947,27611,3242756.00,623035.00,4789866.00,13312171.00,95062.8,72303.4667,68136.2857,67969,5890877.00,8510598.00,1494632,1103032,79436.3333,66736.6667
2025-06-25,36587,55458,17508,16478,20801,17865,-54270.00,836064.00,3484819.00,4055390.00,100265.2667,74034.1667,71972.1429,70084.1429,3492086.00,2601752.00,1473863,1092452,85936.3333,93674.3333
2025-06-24,97084,115520,41750,37593,61982,48294,118946.00,1014597.00,7846132.00,18089916.00,98881.2667,71766.5667,65601.2857,68117.4286,9888020.00,8992369.00,1449600,1075070,73967.6667,88990.6667
2025-06-23,66539,67331,28616,29514,26404,27711,293560.00,683956.00,4270550.00,8364765.00,100303.4667,72862.6667,67321.2857,66629.2857,5803325.00,5412929.00,1411329,1055869,65723.6667,79557.3333
2025-06-20,117400,74958,45804,55261,28439,32061,1772580.00,202781.00,6075390.00,12345790.00,98140.9333,72661.6333,57377.1429,61445.2857,6386495.00,7956294.00,1864378,1322956,54172,53114.6667
2025-06-18,83033,79614,41358,33747,30725,40038,825590.00,250752.00,5283053.00,10709278.00,97126.8667,71643.7667,54852.8571,55291,5673609.00,6248447.00,1823418,1300624,51055.3333,46583
2025-06-17,38239,42599,18025,17332,26062,12403,-17688.00,1962910.00,4017229.00,3921698.00,99599.5333,72514.2333,63237.4286,58606.2857,4626163.00,2645565.00,1809463,1289668,70773.3333,51332.6667
2025-06-16,38072,40303,15734,19195,15782,21677,1332071.00,101670.00,2079492.00,5154114.00,102536.3,74032.8,156052,64093.2857,2653544.00,3883945.00,1792783,1280997,76310.3333,64835
2025-06-13,63438,70264,29304,30936,38211,27477,726068.00,331647.00,3963456.00,5368843.00,103931.8667,74009.6333,162569.5714,62810.4286,4145357.00,4539778.00,1819853,1342471,65779,59619.3333
2025-06-12,52488,101753,23768,22159,48491,40269,-136102.00,3366130.00,12023496.00,5452280.00,104194.3,73640.4667,161701.4286,54916.1429,7943536.00,4441304.00,1767044,1330646,44039.3333,63911
2025-06-11,78579,56914,36664,36097,24952,20122,515973.00,767749.00,6268723.00,7361874.00,103610.9667,73615.0333,159364.8571,57716.5714,4868938.00,4617162.00,1743071,1317480,47003.3333,70028.3333
2025-06-10,47791,38670,27973,14483,14599,22568,654582.00,852442.00,2673619.00,7529786.00,104786,73958.3333,160815.1429,58523.2857,3591633.00,3393773.00,1727109,1297564,60350.6667,283356
2025-06-09,65363,36534,37501,22781,12867,20603,1154615.00,136331.00,3787110.00,4640812.00,106313.6333,75213.4,156808.4286,58711.1429,3172019.00,4190303.00,1714516,1272166,68600.6667,297922
2025-06-06,96931,65806,42806,40906,31659,26099,812196.00,-345800.00,4713690.00,10498750.00,105503.4,75938.2667,147537.1429,60485,5443100.00,6601096.00,1758578,1276721,62163,281082
2025-06-05,687774,78712,21571,31631,30195,42146,302901.00,-399809.00,3805224.00,637110939.00,86503.2333,76548.4333,56825.7143,58744.2857,3958571.00,4661281.00,1722800,1389326,61431.3333,72565
2025-06-04,109061,61284,72896,27959,26761,30875,1280317.00,456286.00,3672244.00,11540952.00,85911.9667,77473.8,49947.4286,63363.5714,5938737.00,6762768.00,1697345,1370447,55775.6667,55525.6667
2025-06-03,46411,46493,21344,22511,9671,24237,-596791.00,-240294.00,3150093.00,6056588.00,87064.1,77853.3333,49517.5714,69119.1429,3826884.00,3364475.00,1664425,1347567,52894.3333,52494
2025-06-02,62223,76517,18469,38392,18804,51953,-111879.00,-1329632.00,6742981.00,5600251.00,88607.7667,78678.1,53298.1429,72281.7143,4044465.00,5262218.00,1628767,1328136,53463,42430.3333
2025-05-30,57943,44317,29072,22812,23579,14146,1639307.00,-693642.00,3863364.00,6177435.00,90798.8,81653.7333,55158.1429,72892.1429,2717648.00,5050597.00,1683714,1364272,60866.3333,40714
2025-05-29,37316,37849,11188,14760,15583,15016,-638201.00,559192.00,2604231.00,5020559.00,98045.5667,85058.7667,59838.7143,80572.8571,3314590.00,2117197.00,1670565,1351703,79456.3333,48579.6667
2025-05-28,32032,78223,13549,16182,32106,37478,-1702626.00,891258.00,5484493.00,7043255.00,101740.5,86418.4333,74158.1429,83465.4286,6700840.00,4106956.00,1669216,1345266,82309.3333,52369.6667
2025-05-27,52794,66527,23702,20481,32548,24860,229656.00,1104947.00,6238389.00,9284605.00,103597.7333,88328.2667,85214.2857,95124.7143,5875448.00,5000157.00,1635582,1327346,93018.6667,64334
2025-05-23,60913,93619,20054,34870,37391,48558,-248324.00,279202.00,6279643.00,5698492.00,107912.8,92695.6,97873.5714,90218.7143,5333568.00,4806042.00,1670041,1369105,78009,67684
2025-05-22,43402,86782,20141,20702,24249,44660,-411921.00,-273655.00,5881008.00,4065367.00,113595.8333,97504.1667,111495.8571,93293.8571,4069562.00,3931296.00,1647166,1362750,79619.6667,76576.6667
2025-05-21,88687,98655,35691,42146,52729,38710,-1239066.00,1335920.00,8189191.00,9962539.00,116152.9667,97806,126349.2857,94540.1429,8840784.00,6265798.00,1621371,1331125,79558.3333,91103.6667
2025-05-20,70963,48590,24159,40176,22004,21540,832950.00,1238871.00,4230903.00,7488164.00,118932.5333,101500.3333,124149.4286,94383.2857,5468712.00,5062791.00,1603580,1295768,112742.3333,110845
2025-05-19,70080,91614,27702,33216,44549,34643,270766.00,1673770.00,8905649.00,9294886.00,125312.1,107357.9667,129738.7143,95611.8571,7201457.00,5798453.00,1550045,1276482,101963.3333,137327.6667
2025-05-16,132268,98471,56449,61639,56656,36419,546991.00,1150241.00,5117382.00,15719445.00,127896.0333,112574.7333,118346.7143,91391.2857,8938927.00,8335677.00,1819102,1535008,105242.3333,139491
2025-05-15,130187,148142,66019,56241,89546,54622,1787115.00,1835919.00,9448449.00,10868915.00,126016.6,109497.8667,107264.4286,77239.2857,9087193.00,9038389.00,1744250,1503513,91654.6667,160315.6667
2025-05-14,149528,59277,102104,39164,30857,24716,2349546.00,1563565.00,4580742.00,14253221.00,122764.7333,109658.4333,101963.1429,78587.2857,7888150.00,8674131.00,1723838,1467137,87726.3333,128994.3333
2025-05-13,138758,108308,86706,44766,39816,51152,10521767.00,158121.00,10180994.00,31491354.00,120004.1667,108528.2333,100165.5714,75380.4286,13114466.00,22946112.00,1697985,1435365,85028.3333,119143.3333
2025-05-12,192661,107379,84774,87529,61242,34677,-9368895.00,1315331.00,10986462.00,40807523.00,117797.3667,109591.9667,87686.1429,69979,27316958.00,16632732.00,1655524,1402460,72211,72431
2025-05-09,55564,47492,24540,27718,24329,21011,-240436.00,-237750.00,3870498.00,4767282.00,117624.6333,109608.3667,88371.4286,76148.4286,3949430.00,3946744.00,1712534,1452903,72739.6667,71446.6667
2025-05-08,109205,100214,46496,56165,36618,53529,-1657036.00,-241495.00,7504370.00,10899221.00,115653.7667,109194.7667,81496.2857,69853.7143,8498594.00,7083053.00,1682793,1451013,62239.3333,72518
2025-05-07,52524,68927,22043,26724,33473,24573,-125927.00,2864314.00,9954322.00,5698679.00,115521.7,108424.9333,85856,67002.5714,7501370.00,4511129.00,1648591,1435080,67883.6667,97068.3333
2025-05-06,52611,49078,19212,29477,20410,19475,-402539.00,-344481.00,6419427.00,4956665.00,116964.6333,108579.5,94224.7143,70589.4286,4370878.00,4312820.00,1640239,1416529,74714,114633
2025-05-05,112419,68713,46702,60943,41810,24664,267378.00,2355756.00,5731936.00,7452503.00,116358.1,107594.3667,88539.7143,73280.7143,7117838.00,5029460.00,1593897,1365643,82035.6667,97280.3333
2025-05-02,126175,85860,51669,60444,39721,36998,400388.00,652102.00,5890681.00,11983575.00,114399.1667,107009.6667,87338.8571,74874.5714,6674808.00,6423094.00,1660415,1384292,72132.6667,75581.6667
2025-05-01,105305,69569,62852,38651,30530,34354,640190.00,689247.00,10082500.00,7346352.00,113655.4333,105899,85341.4286,77656.8571,7786773.00,7737716.00,1640339,1354029,65266,68160.6667
2025-04-30,60361,90678,28583,24712,51016,35542,-172177.00,998158.00,5842478.00,5550417.00,113069.9,104261.2667,88286.2857,72971.2857,5536653.00,4366318.00,1630947,1342882,59768.6667,85104.3333
2025-04-29,61079,56151,18122,37965,24964,28240,-366703.00,1057589.00,5542922.00,4995171.00,114614.3667,104142.0333,95065.4286,79415.4286,5392322.00,3968030.00,1603001,1339300,70235.6667,88952.6667
2025-04-28,83042,48969,37427,36453,19314,26716,-732382.00,113713.00,4162888.00,8341794.00,115452.5333,105895.3333,100870,91503.5714,5582006.00,4735911.00,1577911,1308702,86251.6667,100528.3333
2025-04-25,111192,74186,51036,47657,39956,27487,772002.00,202867.00,4937157.00,9024994.00,116026.2667,105680.5333,121373.8571,100905.5714,5313326.00,5882461.00,1649105,1343225,91204.6667,93905.3333
2025-04-24,72624,87552,37607,27098,38441,31448,603856.00,573151.00,14213850.00,8238866.00,116586.6333,104599.2667,131410.4286,105400,5794065.00,5824770.00,1620605,1329503,81313.6667,96689
2025-04-23,117769,97017,58914,45407,44566,45161,357156.00,798940.00,6025217.00,13193461.00,116261.7,104648.8,130087.8571,109229.2857,8621263.00,8179479.00,1578585,1301672,82728,93610.3333
2025-04-22,91323,89045,44047,36770,44713,32837,731422.00,2986456.00,14722881.00,7924799.00,116551.4667,104797.5667,144236.7143,128599.8571,10643995.00,8388961.00,1549265,1266174,97575,104394
2025-04-21,80975,57879,47069,27978,27854,25201,11581441.00,55704.00,8816318.00,18127372.00,117186.9,107035.5667,163225,153337,6631316.00,18363375.00,1525195,1229866,124948.6667,162308.6667
2025-04-17,108533,101260,44975,41418,38566,42384,-291278.00,-1012363.00,16887288.00,12270420.00,119421.8667,106545.1333,171349,154258.4286,10010165.00,10731250.00,1667314,1506153,130866.3333,173757.6667
2025-04-16,123674,133586,64471,50376,54361,55301,-297118.00,-3450987.00,35434304.00,8709673.00,120374.9,105468.4,175731.2857,157949,14171926.00,15883255.00,1652260,1477249,127611.6667,168703.3333
2025-04-15,254719,140000,97275,130386,68931,59948,-4283265.00,4448248.00,17256069.00,23525828.00,117903.2333,104800.8667,176695.2857,176140.8571,22526029.00,13794516.00,1643693,1419551,155824.6667,147252
2025-04-14,142880,119013,72802,58582,31968,73387,157042.00,-2317351.00,11471366.00,11059454.00,116959.5333,103320.6,186253.2857,195563.8571,7918898.00,10393291.00,1608340,1371109,193166.6667,170923
2025-04-11,108511,123822,56396,42690,51102,55806,906152.00,5311256.00,32777663.00,9730660.00,121360.3667,103679.4,181295.1429,185851.5714,19190832.00,14785728.00,1686332,1446583,187796,189886.3333
2025-04-10,190365,224639,86572,74154,77511,86924,691231.00,-2312377.00,67885831.00,23102084.00,116856.3667,98137.6,161524.7143,162916.5714,24092285.00,38445493.00,1635541,1380960,166056.3333,177881.3333
2025-04-09,213893,231039,100678,78613,89576,112709,2103022.00,714177.00,45327881.00,29266082.00,111104.1,92226.3,138960.1429,140539.8571,27773975.00,29162820.00,1559279,1309369,178157.6667,193739.3333
2025-04-08,165401,107710,62996,76855,53735,42760,-1590756.00,693774.00,20562301.00,26545955.00,108329.866666666667,90820.566666666667,133396.714285714286,145051.428571428571,20365258.00,18080728.00,1545254,1269812,227245.666666666667,208534.333333333333
2025-04-07,154350,159420,60650,80383,54964,73005,-9462343.00,-3465356.00,46036160.00,32636819.00,106392.400000000000,88307.433333333333,118544.142857142857,129132.000000000000,33613910.00,27616923.00,1480296,1237326,192717.666666666667,181685.666666666667
2025-04-04,261467,267343,102471,117463,92028,110985,-101311.00,-5268848.00,81023741.00,29752811.00,102806.833333333333,82793.266666666667,88345.857142857143,103483.857142857143,33240788.00,38408325.00,1454600,1259745,124968.000000000000,111854.000000000000
2025-04-03,209786,254974,100484,79470,75577,119992,1574215.00,-12732795.00,57921184.00,19042348.00,98982.766666666667,76216.066666666667,65313.857142857143,73606.428571428571,17573076.00,35212086.00,1394568,1194528,64777.333333333333,60572.333333333333
2025-04-02,73804,55836,45051,24410,16493,24673,454526.00,274138.00,5254489.00,4639596.00,98990.200000000000,75772.500000000000,68470.285714285714,73303.428571428571,3684212.00,3864600.00,1365308,1162586,92595.666666666667,78123.333333333333
2025-04-01,51972,64094,20726,21230,28575,20289,-186166.00,-37256.00,5789163.00,5675230.00,101254.400000000000,75182.866666666667,74506.142857142857,69741.285714285714,4244070.00,4095160.00,1329934,1149089,87225.666666666667,77593.333333333333
2025-03-31,55941,74402,26901,22975,38578,32523,578726.00,1902585.00,7144544.00,4411304.00,106595.033333333333,75472.400000000000,76144.142857142857,68872.285714285714,5857468.00,4533609.00,1310692,1132058,91693.666666666667,75639.333333333333
2025-03-28,126457,139291,55512,64117,72636,54332,-214609.00,4343715.00,14767751.00,8591334.00,104459.966666666667,72298.366666666667,69935.000000000000,54152.000000000000,12470969.00,7912645.00,1330129,1143796,60540.666666666667,49674.333333333333
2025-03-27,50382,47984,22301,18656,25129,16546,-68303.00,1178497.00,6600602.00,6755843.00,105394.833333333333,73229.666666666667,68851.142857142857,53232.285714285714,4921558.00,3674758.00,1312842,1123310,62451.000000000000,64846.666666666667
2025-03-26,50079,87806,18405,26784,45827,38296,-1009239.00,514850.00,4186257.00,5988548.00,104922.700000000000,71067.433333333333,77041.714285714286,48199.142857142857,4928417.00,3404328.00,1295117,1110084,46235.333333333333,79561.333333333333
2025-03-25,48562,45832,20305,19146,21421,16459,233599.00,424391.00,3163421.00,6284339.00,104643.533333333333,70856.066666666667,85559.571428571429,56161.428571428571,3106636.00,2915844.00,1276450,1101459,53731.000000000000,85843.000000000000
2025-03-24,95899,53715,47699,37613,22710,24302,944516.00,-453918.00,5656536.00,9092840.00,103754.966666666667,70608.833333333333,90203.142857142857,58165.285714285714,5356270.00,6754704.00,1254036,1065075,47909.000000000000,81541.000000000000
2025-03-21,94223,39159,39633,48787,15447,21442,-816948.00,88852.00,2250749.00,7076475.00,105518.066666666667,71261.366666666667,89519.142857142857,60444.571428571429,4583404.00,3677604.00,1442943,1391491,48704.666666666667,64398.333333333333
2025-03-20,67407,68319,34576,27159,34542,25275,593556.00,4364708.00,9624552.00,7531901.00,105315.466666666667,70006.233333333333,95321.142857142857,64756.571428571429,9114363.00,5343211.00,1414288,1373551,43456.333333333333,77733.666666666667
2025-03-19,82993,36249,40495,29892,19473,14221,-196354.00,545132.00,1816703.00,8555090.00,104221.000000000000,69940.366666666667,97753.000000000000,72936.428571428571,3491580.00,2750094.00,1399935,1360853,65229.333333333333,86131.666666666667
2025-03-18,42795,41546,20611,19173,23412,14968,311799.00,1014157.00,4284101.00,5377574.00,104950.566666666667,70252.866666666667,105930.571428571429,84861.142857142857,4617153.00,3914795.00,1383073,1354567,73961.333333333333,114668.000000000000
2025-03-17,107413,52574,42652,38175,15634,20996,2134128.00,366079.00,4277769.00,13744890.00,103891.733333333333,70395.266666666667,115669.000000000000,89714.428571428571,4362428.00,6130477.00,1365444,1319158,74808.000000000000,108675.333333333333
2025-03-14,108187,101568,55237,46238,32523,61014,1804273.00,-1377756.00,11206236.00,9817657.00,103665.066666666667,68585.100000000000,121965.857142857143,89673.857142857143,7331580.00,10963609.00,1387740,1359989,73786.333333333333,108620.000000000000
2025-03-13,128404,67742,60248,55128,27365,24461,9196873.00,481965.00,16004285.00,22108166.00,101146.200000000000,67767.766666666667,129418.000000000000,97135.571428571429,10129443.00,21329351.00,1386390,1296569,82375.000000000000,99157.333333333333
2025-03-12,89435,55114,44565,38281,23730,26595,1280805.00,-1392048.00,8315687.00,8847785.00,99797.400000000000,67049.133333333333,133008.571428571429,99920.000000000000,6244161.00,8917014.00,1387994,1266664,105676.666666666667,102691.666666666667
2025-03-11,108021,98503,52200,42891,32574,37783,37693.00,-436720.00,16668564.00,10754358.00,98295.666666666667,65512.633333333333,151939.285714285714,105074.714285714286,8948842.00,9423255.00,1369655,1237661,101691.333333333333,125212.000000000000
2025-03-10,100016,93508,44886,45866,41053,39777,-309579.00,-1088809.00,19562133.00,11381933.00,97522.066666666667,64173.266666666667,145543.428571428571,100057.142857142857,12326922.00,13106152.00,1351826,1204942,104283.333333333333,142628.333333333333
2025-03-07,100038,125019,45900,39903,46520,58177,1426555.00,-4006404.00,15738490.00,12905652.00,97260.333333333333,62305.233333333333,137155.857142857143,89868.714285714286,8314106.00,13747065.00,1391184,1315468,102601.666666666667,169472.000000000000
2025-03-06,175582,86547,50570,57777,37923,33313,-41733.00,1150217.00,12768910.00,58276085.00,95273.233333333333,61298.766666666667,123811.857142857143,86867.428571428571,9432682.00,8240732.00,1369477,1298605,98621.000000000000,149134.333333333333
2025-03-05,152265,101284,66667,77949,35634,44837,-8991222.00,-628543.00,13543096.00,23383918.00,92869.366666666667,60406.100000000000,115806.285714285714,84402.000000000000,22737878.00,9855049.00,1332693,1261832,109721.666666666667,178558.000000000000
2025-03-04,180569,119974,85773,71781,56896,46419,-1134764.00,-323237.00,15766414.00,17565401.00,91119.633333333333,58848.833333333333,111996.428571428571,81822.571428571429,14638037.00,13826510.00,1312303,1209438,89192.000000000000,136783.333333333333
2025-03-03,114569,74605,52378,48735,32553,22906,239214.00,1321923.00,7409659.00,14538802.00,95062.433333333333,60730.266666666667,109210.000000000000,79401.571428571429,8911388.00,7828679.00,1281923,1181960,82223.666666666667,112368.666666666667
2025-02-28,240536,134586,131306,80865,52729,46843,3248896.00,951202.00,11890495.00,14402946.00,94128.700000000000,59734.600000000000,85423.000000000000,66250.571428571429,8906891.00,11204585.00,1312054,1153145,59207.666666666667,59581.333333333333
2025-02-27,55245,58385,23924,27157,20768,17640,-101174.00,-454917.00,5180996.00,3843680.00,96591.266666666667,59017.900000000000,94659.142857142857,64539.142857142857,3029084.00,3382827.00,1303701,1136969,67754.666666666667,73241.666666666667
2025-02-26,41325,53700,20540,17372,18091,24564,142016.00,-93232.00,4407541.00,4777413.00,97816.033333333333,60146.966666666667,119635.571428571429,68737.428571428571,3539243.00,3774491.00,1280909,1130888,83827.333333333333,110766.666666666667
2025-02-25,82174,65538,34381,33607,22398,27509,-433939.00,-763427.00,7619905.00,10389178.00,97957.266666666667,61614.966666666667,116811.428571428571,65670.571428571429,6308353.00,6637841.00,1268425,1114029,81200.666666666667,115063.333333333333
2025-02-24,96226,84026,40846,33572,23577,33497,940272.00,-120504.00,8844617.00,7531617.00,97666.233333333333,61155.800000000000,114268.857142857143,64513.000000000000,5066420.00,6127196.00,1227436,1082601,67368.333333333333,107663.666666666667
2025-02-21,153900,101918,54642,71390,42275,40480,158777.00,553000.00,9450154.00,19819147.00,95020.200000000000,60627.566666666667,97413.857142857143,53230.285714285714,15402138.00,8947915.00,1390441,1245298,48864.000000000000,96329.666666666667
2025-02-20,95064,57658,34358,52791,29957,21042,-906162.00,245982.00,5227176.00,7563418.00,94597.300000000000,60223.066666666667,89574.285714285714,50635.000000000000,5927508.00,4775364.00,1382333,1207466,57340.666666666667,136695.000000000000
2025-02-19,74027,42529,33311,32206,16679,15937,-553323.00,93648.00,5175577.00,8095620.00,94991.733333333333,60151.033333333333,88890.714285714286,51173.428571428571,5243855.00,4596884.00,1366011,1193536,57854.333333333333,132821.000000000000
2025-02-18,119898,46405,43331,69996,9033,31860,387070.00,-1614496.00,3645391.00,8236563.00,92603.433333333333,60143.066666666667,92779.000000000000,52934.857142857143,3986281.00,5987847.00,1351442,1199446,67693.666666666667,118997.666666666667
2025-02-14,216160,83088,100718,100132,21032,50428,1114456.00,-1039333.00,5704581.00,12848193.00,86395.666666666667,58546.133333333333,70660.285714285714,45445.857142857143,6741065.00,8894854.00,1363055,1174240,47644.000000000000,58916.000000000000
2025-02-13,62405,44070,29976,23936,13378,17724,121148.00,-259212.00,3130602.00,7566913.00,85752.300000000000,59101.666666666667,68910.857142857143,44046.285714285714,3873689.00,4254049.00,1358976,1153912,46117.666666666667,51510.000000000000
2025-02-12,78428,75923,27138,26735,18837,36653,-272042.00,565378.00,4039307.00,10750514.00,84747.600000000000,57794.800000000000,66947.142857142857,40474.571428571429,5747584.00,4910164.00,1325056,1131235,36242.666666666667,48448.000000000000
2025-02-11,35915,22939,17649,14863,7711,13066,1841325.00,-227478.00,1855093.00,5268643.00,85002.000000000000,58229.400000000000,72623.285714285714,45318.428571428571,1469396.00,3538199.00,1319168,1124397,48174.666666666667,85515.000000000000
2025-02-10,40187,39491,18203,17554,10674,15928,202147.00,-285838.00,2580975.00,4743475.00,84548.100000000000,57645.400000000000,81366.142857142857,46428.714285714286,2894611.00,3382596.00,1311153,1114954,45232.666666666667,92562.333333333333
2025-02-07,69242,46298,22696,40177,19736,23440,-2335014.00,197925.00,2135019.00,10609668.00,84203.300000000000,58346.033333333333,79022.714285714286,45989.285714285714,6931382.00,4398443.00,1348448,1172949,41224.333333333333,86201.333333333333
2025-02-06,147116,58735,82195,45556,27172,25685,1131381.00,209685.00,4300841.00,27552115.00,82172.200000000000,59473.833333333333,65002.000000000000,42392.142857142857,9292336.00,18207532.00,1334614,1140832,38619.666666666667,58723.333333333333
2025-02-05,61329,30665,26126,20308,11082,17711,1277143.00,426077.00,1902443.00,6708165.00,82519.500000000000,60334.933333333333,65236.285714285714,45498.285714285714,3173593.00,4024659.00,1326749,1119731,47346.666666666667,63496.333333333333
2025-02-04,50159,34273,22611,22674,12474,18124,-1932771.00,-601217.00,1881781.00,9843726.00,83771.000000000000,60899.033333333333,69043.285714285714,48220.285714285714,5368003.00,4036449.00,1308840,1110007,51676.666666666667,80572.333333333333
2025-02-03,64682,50921,28723,27844,18730,29269,486751.00,-213093.00,3463580.00,7891607.00,83355.000000000000,60376.800000000000,72972.428571428571,50799.857142857143,4094174.00,4794018.00,1294297,1097903,49110.333333333333,76624.333333333333
2025-01-31,75648,56846,26460,45478,22009,30908,-1640380.00,-625804.00,4717537.00,6331008.00,82847.700000000000,60050.866666666667,78732.571428571429,50729.428571428571,5605657.00,4591081.00,1314256,1122906,41346.666666666667,67732.000000000000
2025-01-30,101387,47263,26450,45718,15631,25843,605357.00,473973.00,3770304.00,6425883.00,82638.000000000000,60297.066666666667,75698.571428571429,54621.000000000000,3631780.00,3763164.00,1289431,1116290,43061.666666666667,54926.000000000000
2025-01-29,52838,43222,22192,24539,18829,22120,-98770.00,-315639.00,3029050.00,5853053.00,82864.433333333333,60342.733333333333,86447.000000000000,58911.571428571429,3699580.00,3916449.00,1280548,1110014,46430.000000000000,62916.000000000000
2025-01-28,48971,33555,19642,25251,18304,12669,-387673.00,361936.00,2587646.00,5107741.00,83760.533333333333,60890.533333333333,112715.857142857143,72839.142857142857,3744118.00,2994509.00,1274826,1105003,58237.666666666667,77321.000000000000
2025-01-27,62969,52408,25397,33103,17800,30989,-496009.00,-155615.00,4662546.00,5426813.00,84536.100000000000,61176.333333333333,134080.857142857143,80311.714285714286,4864846.00,4524452.00,1254976,1089626,59552.666666666667,94987.666666666667
2025-01-24,76808,53327,34146,38493,20741,27053,-553422.00,608158.00,3860559.00,8415903.00,83676.166666666667,60942.300000000000,141554.285714285714,77962.714285714286,6145001.00,4983421.00,1277427,1129115,66611.666666666667,96101.333333333333
2025-01-23,92186,68978,45238,38175,28777,32851,-602357.00,-990674.00,5061756.00,9050858.00,82579.100000000000,61262.100000000000,139537.428571428571,80619.000000000000,5961331.00,6349648.00,1247963,1113516,68037.666666666667,108065.000000000000
2025-01-22,115969,56353,52847,53774,24969,25668,-2298968.00,-560297.00,6635588.00,17123820.00,101366.966666666667,61704.600000000000,135314.857142857143,88222.571428571429,10954470.00,9215799.00,1227429,1071334,92936.000000000000,147026.333333333333
2025-01-21,80149,74504,29799,41836,30681,19954,-2192875.00,753659.00,5054443.00,12862396.00,101329.733333333333,61326.200000000000,136364.285714285714,87615.000000000000,8188585.00,5242051.00,1190127,1047830,103006.666666666667,191151.333333333333
2025-01-17,128077,73256,57715,57108,40249,26716,321627.00,-54915.00,6190962.00,12991169.00,99858.900000000000,60577.866666666667,128713.142857142857,89445.714285714286,7867938.00,8244480.00,1963522,1522211,90882.666666666667,191499.666666666667
2025-01-16,232853,131048,95928,104640,53006,63695,-2207701.00,-601861.00,7869913.00,24858511.00,94526.800000000000,59012.700000000000,107216.571428571429,77227.857142857143,14100347.00,12494507.00,1932256,1473415,76390.666666666667,139904.666666666667
2025-01-15,212524,104716,112540,70035,39646,47708,2711623.00,876191.00,7524661.00,27821928.00,88709.200000000000,57014.133333333333,89121.714285714286,68035.285714285714,13863567.00,15698999.00,1896122,1437714,78011.333333333333,97867.000000000000
2025-01-14,129122,36884,72057,40326,13335,19300,1860924.00,-1838721.00,4513348.00,11283846.00,86376.866666666667,57653.433333333333,77568.428571428571,69361.285714285714,5016681.00,8716326.00,1881933,1359467,89133.666666666667,83991.333333333333
2025-01-13,78068,87572,27521,26641,26731,24348,-451534.00,-554427.00,9719082.00,13529421.00,85026.333333333333,56259.666666666667,70691.142857142857,61876.714285714286,5929448.00,6032341.00,1826222,1333493,88633.333333333333,82808.333333333333
2025-01-10,86411,109578,34051,42160,42121,43838,-943596.00,-658401.00,8418467.00,12131314.00,85778.533333333333,54911.700000000000,64504.428571428571,54899.285714285714,8965073.00,8679878.00,1879608,1358986,67281.666666666667,81463.666666666667
2025-01-08,87495,70251,46967,35813,39737,20954,319281.00,1084589.00,6465533.00,8710190.00,89399.433333333333,55255.033333333333,58903.285714285714,50108.714285714286,7201295.00,6435987.00,1857916,1333035,57320.666666666667,80918.666666666667
2025-01-07,74519,86071,35028,33071,21923,58465,-696963.00,-183730.00,3863647.00,9317435.00,89754.800000000000,54248.200000000000,54478.714285714286,42952.428571428571,5852158.00,5338925.00,1805272,1316576,44019.000000000000,72162.000000000000
2025-01-06,82377,45523,32763,42058,14122,23323,-1087027.00,-707501.00,3533066.00,11628758.00,88641.366666666667,53837.200000000000,46506.285714285714,39587.857142857143,6644324.00,6264798.00,1791600,1299991,40571.333333333333,54678.666666666667
2025-01-03,85860,40368,35485,43399,13264,25365,-974687.00,242893.00,1956827.00,6412253.00,87170.533333333333,53728.300000000000,42654.571428571429,43437.714285714286,4166859.00,2949279.00,1829171,1311341,47360.666666666667,40426.666666666667
2025-01-02,48249,46166,24734,18249,12194,24716,-369807.00,20103.00,3590931.00,5808541.00,87138.866666666667,54313.666666666667,48073.714285714286,50066.714285714286,3685715.00,3295805.00,1812634,1291510,44211.000000000000,40439.333333333333
2024-12-31,29927,35180,14643,13570,10854,22953,15558.00,-45505.00,1393971.00,2524961.00,90897.466666666667,55660.733333333333,54048.142857142857,53112.142857142857,1750608.00,1811671.00,1801031,1289464,44476.666666666667,44979.333333333333
2024-12-30,43104,60736,14230,20626,19371,37252,-1363559.00,-84681.00,2613532.00,5971886.00,91351.633333333333,55073.566666666667,60419.571428571429,51749.285714285714,4053080.00,2774202.00,1768330,1280300,31555.000000000000,39468.000000000000
2024-12-27,48287,36717,20711,23976,23240,11373,131720.00,10372.00,2015222.00,3405974.00,91986.100000000000,56359.700000000000,60978.857142857143,51540.285714285714,2269094.00,2390442.00,1817686,1311852,41755.000000000000,43005.000000000000
2024-12-26,43547,35977,18436,21567,8114,21684,848687.00,-77702.00,1773657.00,5786610.00,93623.700000000000,57375.666666666667,63390.571428571429,53124.714285714286,2872154.00,3798543.00,1798449,1294545,60619.000000000000,57217.000000000000
2024-12-24,26570,21971,12661,11461,10614,9618,-675510.00,90051.00,1675399.00,2762313.00,96779.633333333333,58487.366666666667,73180.000000000000,57793.000000000000,2431658.00,1666097.00,1762268,1290160,72128.000000000000,72276.333333333333
2024-12-23,58898,67317,24651,26959,19798,38033,-1083946.00,459916.00,6931245.00,6444935.00,99692.066666666667,58708.733333333333,73284.714285714286,54546.571428571429,5593568.00,4049706.00,1731101,1274839,66754.333333333333,81878.333333333333
2024-12-20,86183,92569,36863,39174,40764,43839,-590300.00,-310298.00,3712633.00,6697047.00,100909.666666666667,58522.800000000000,71809.142857142857,48463.714285714286,3450857.00,3170855.00,1888302,1434953,47649.333333333333,70551.333333333333
2024-12-19,71748,56498,37338,28745,31398,19869,753885.00,1072487.00,5051481.00,5103116.00,106888.733333333333,61060.500000000000,73878.857142857143,49104.285714285714,4552475.00,4233873.00,1882613,1437462,44506.000000000000,66778.333333333333
2024-12-18,87704,51196,44428,37292,28528,15271,-2278094.00,133037.00,4242162.00,9750389.00,107163.033333333333,60934.066666666667,68636.857142857143,48405.714285714286,7235956.00,4824825.00,1879031,1418049,45657.000000000000,69242.333333333333
2024-12-17,52202,35254,24507,19420,19718,12041,-676827.00,-677.00,2764265.00,9316844.00,108270.833333333333,61538.166666666667,69647.142857142857,54594.000000000000,4920097.00,4243947.00,1872017,1406112,48769.666666666667,71718.666666666667
2024-12-16,60429,47068,29232,27242,14256,28046,-15541.00,-224393.00,5533634.00,10205307.00,108036.500000000000,62619.066666666667,158100.857142857143,57816.857142857143,6734942.00,6943794.00,1856119,1399677,49743.333333333333,76860.333333333333
2024-12-13,95096,54649,35810,51512,27131,24910,-1278281.00,-827865.00,5242474.00,4895295.00,106572.333333333333,62748.566666666667,155806.000000000000,59031.571428571429,4902759.00,4452343.00,1916155,1458194,51854.333333333333,73907.000000000000
2024-12-12,59631,44592,26023,29386,20304,18496,652990.00,785969.00,4581333.00,6360436.00,105839.100000000000,62667.766666666667,159280.428571428571,59919.285714285714,4581979.00,4449000.00,1899195,1457027,52425.666666666667,71033.333333333333
2024-12-11,75854,49989,22836,43282,19560,19202,-45537.00,1124655.00,3609990.00,4695210.00,104268.700000000000,62169.866666666667,158857.000000000000,64791.285714285714,3894839.00,2724647.00,1875527,1464165,61953.333333333333,65506.666666666667
2024-12-10,86236,60982,44320,26314,17763,17942,1851779.00,-246166.00,5092051.00,8164954.00,103265.500000000000,61371.600000000000,151965.571428571429,62473.714285714286,3235506.00,5333451.00,1851974,1433054,64835.333333333333,263296.333333333333
2024-12-09,51010,46306,20205,22646,12116,26744,799856.00,-649425.00,4506436.00,4876216.00,104551.933333333333,62745.433333333333,153128.714285714286,63867.571428571429,2821981.00,4271262.00,1833051,1419840,70450.666666666667,272637.000000000000
2024-12-06,59274,78572,26540,27955,53334,17514,479303.00,968034.00,3385324.00,6487513.00,104370.666666666667,62439.500000000000,150025.571428571429,59180.000000000000,3985786.00,3497055.00,1869611,1446078,61195.333333333333,280863.000000000000
2024-12-05,679605,69628,47652,70889,26989,29942,-27829703,-98841,5719935,752116505,83493.233333333333,61854.333333333333,68507.285714285714,59110.142857142857,35883262,8152400,1834938,1603652,66017.000000000000,78624.666666666667
2024-12-04,79032,63152,33374,32146,22365,27431,224439,131543,4466355,11440944,82992.133333333333,61552.766666666667,85234.428571428571,61595.714285714286,4681576,4774472,1810861,1583760,59886.000000000000,64946.000000000000
2024-12-03,83952,50806,40455,36457,16331,26099,-273780,-68941,4224561,18622297,82249.766666666667,62050.700000000000,85409.857142857143,62318.571428571429,9968549,9577710,1789096,1549536,61638.333333333333,56679.333333333333
2024-12-02,72890,84093,22633,24472,29112,25994,-479975,38297,5733132,8907647,84142.333333333333,61282.733333333333,81993.285714285714,55047.142857142857,4817434,4299162,1735533,1532932,48860.333333333333,44900.000000000000
2024-11-29,37996,44759,17071,16765,24116,17815,400258,-148632,2194945,5030777,85708.933333333333,62040.433333333333,82527.428571428571,53953.142857142857,2839380,3388270,1776701,1586291,56987.000000000000,68560.333333333333
2024-11-27,59152,56063,19511,29053,29430,21196,-647431,-49345,2729651,7119912,87335.566666666667,63077.066666666667,80834.142857142857,55048.000000000000,4320190,3722104,1752434,1572710,65149.666666666667,114217.000000000000
2024-11-26,37552,45759,15903,16288,24539,18168,541467,774779,3404595,8890370,92086.533333333333,65818.100000000000,95853.142857142857,59309.857142857143,5444200,5210888,1738736,1567886,68518.666666666667,130093.000000000000
2024-11-25,108977,69139,46338,50114,32138,31115,-381427,353378,3518287,15587796,93691.666666666667,67941.833333333333,88389.142857142857,55593.000000000000,8566370,7831565,1700573,1530295,56536.666666666667,110092.000000000000
2024-11-22,196122,80551,85341,85125,40625,30216,4609803,936531,5001494,17793775,95494.100000000000,70143.066666666667,69989.000000000000,54843.000000000000,7561810,11235082,1710877,1495311,42053.333333333333,58629.666666666667
2024-11-21,85180,55866,42967,30454,17752,24083,1253364,-131065,2927702,11639948,94205.966666666667,70158.600000000000,71059.714285714286,56355.857142857143,5194818,6579247,1691879,1470428,44673.666666666667,46002.666666666667
2024-11-20,48974,33193,11717,20688,17306,13516,-1547004,233297,2486510,6904284,94033.700000000000,70686.533333333333,81384.571428571429,59517.142857142857,4004770,2224469,1684593,1458595,58806.666666666667,77239.666666666667
2024-11-19,41735,37101,22525,16269,11930,20443,-392761,169493,3693606,4497148,93653.866666666667,70270.633333333333,96318.285714285714,64782.428571428571,3778267,3216013,1676814,1444218,60813.333333333333,82237.666666666667
2024-11-18,47299,63727,17702,21280,14850,34362,32655,-370722,5380260,11633203,93771.866666666667,69303.433333333333,107091.428571428571,68105.857142857143,3978031,4381408,1643314,1440060,64671.333333333333,88911.666666666667
2024-11-15,142685,75592,57179,60827,36927,27958,-2764037,867323,5311464,22146876,92865.466666666667,68784.800000000000,122582.142857142857,76254.000000000000,12161230,8529870,1830999,1602807,61626.000000000000,72241.666666666667
2024-11-14,56729,43121,25948,24792,17984,20529,549183,-210852,2409516,9771751,92505.800000000000,69109.433333333333,128182.714285714286,76865.714285714286,4158102,4918137,1817713,1593110,65693.000000000000,93748.000000000000
2024-11-13,67321,75301,25296,25498,44384,28066,557730,3070827,6334455,11599743,91801.500000000000,68357.533333333333,130770.571428571429,73733.714285714286,8259085,5745988,1787810,1577430,65245.333333333333,120064.666666666667
2024-11-12,92675,66456,44801,30419,31822,28412,325313,-232636,5675848,11488333,90417.400000000000,67502.800000000000,125159.714285714286,75596.428571428571,6534740,7092689,1763055,1549446,72090.333333333333,130076.666666666667
2024-11-11,121248,55322,63930,38944,22424,29643,2501643,-17069,3881122,25277531,88300.066666666667,66828.866666666667,115148.714285714286,76055.285714285714,10633621,13152333,1740600,1530374,97859.333333333333,173367.333333333333
2024-11-08,146271,73958,56023,67049,36087,34240,472132,-148664,3632119,19980395,85972.833333333333,65872.566666666667,99629.142857142857,71513.857142857143,9605518,10226314,1787028,1558985,89007.666666666667,156588.000000000000
2024-11-07,122711,86991,38360,46382,44067,31547,-1793941,478427,4516480,16177047,84506.666666666667,64683.166666666667,86205.000000000000,64094.000000000000,8056102,5783734,1755833,1533515,77803.000000000000,144163.000000000000
2024-11-06,251120,132629,112148,101606,62106,54113,953054,1080067,9385628,39931412,78704.566666666667,61799.800000000000,58350.714285714286,50437.571428571429,20586802,20459789,1703593,1506949,60091.666666666667,78256.000000000000
2024-11-05,95933,47403,58415,28737,23499,18771,2111591,-77147,3977551,7765089,78327.200000000000,61785.800000000000,57446.428571428571,56168.714285714286,3966142,6154880,1690633,1481051,63802.000000000000,63335.333333333333
2024-11-04,85436,53377,25600,43181,22943,27198,-778346,-222161,4310368,6419146,77451.100000000000,61163.400000000000,52932.142857142857,58456.857142857143,4325285,3769100,1671116,1438683,60065.666666666667,47401.333333333333
2024-11-01,53399,79495,24694,25189,33174,33137,-85838,-65092,6254927,4232595,79559.433333333333,60062.100000000000,52915.428571428571,54539.428571428571,3671441,3650695,1702430,1480681,45251.333333333333,39182.333333333333
2024-10-31,51171,58534,22741,21296,29956,26700,-1111069,148373,3621070,5499839,82523.933333333333,60074.400000000000,54748.000000000000,53906.714285714286,4594519,3335077,1691456,1468539,38084.666666666667,40838.666666666667
2024-10-30,37634,42168,14854,20057,20983,18040,29214,250818,2559651,4193856,85188.400000000000,60683.066666666667,58183.285714285714,57274.714285714286,3176588,2954984,1682503,1461987,53202.333333333333,58161.666666666667
2024-10-29,28742,35052,11937,15026,21278,11123,-2110701,919823,1978855,7331860,86548.433333333333,60959.700000000000,72601.142857142857,60989.285714285714,6462120,2392595,1662082,1452407,64649.666666666667,66526.333333333333
2024-10-28,56140,37034,22603,29044,20972,13519,699692,-78391,1449771,5364381,87090.133333333333,60913.300000000000,76723.142857142857,65340.142857142857,2644886,3422969,1642486,1440784,69662.666666666667,65573.666666666667
2024-10-25,89603,87521,40076,40615,46143,30472,-624367,383358,5727464,6190491,86176.866666666667,59489.300000000000,79344.285714285714,65288.857142857143,5319919,4312194,1666279,1459825,58524.000000000000,57039.000000000000
2024-10-24,53836,69394,21330,28087,31303,35973,233399,238811,4334207,4652152,85790.833333333333,59279.266666666667,97379.285714285714,73659.714285714286,4096107,4090695,1630067,1447564,57307.333333333333,59654.000000000000
2024-10-23,53282,52073,23512,25634,24585,21641,244486,398782,4057729,4347006,86704.800000000000,59962.333333333333,112214.857142857143,85199.428571428571,3376732,3222436,1610085,1444452,60301.000000000000,85115.666666666667
2024-10-22,63999,54105,32941,28056,18080,21697,732057,-988751,5358352,6053466,87142.900000000000,62017.133333333333,138814.285714285714,98411.285714285714,3449116,5169924,1593767,1426866,64762.666666666667,92114.000000000000
2024-10-21,61681,65744,19906,31323,30235,25338,-1014216,-137542,5955230,8540419,86559.066666666667,61331.600000000000,136650.714285714286,97066.714285714286,5022813,4146139,1560451,1400437,71902.000000000000,107537.333333333333
2024-10-18,129667,61054,59571,60373,23645,25892,1890933,-709639,3333201,12974211,84843.333333333333,62741.233333333333,124384.857142857143,95349.142857142857,5344098,7944670,1732559,1628668,94214.000000000000,124342.000000000000
2024-10-17,84994,67490,44505,33437,32160,19922,1983381,148156,7354551,8767835,90004.566666666667,61969.000000000000,116577.142857142857,89225.428571428571,4930317,6765542,1704992,1607365,116001.000000000000,148387.666666666667
2024-10-16,107951,87162,37081,36659,34128,29889,325610,126726,5058656,14374190,88151.400000000000,60956.000000000000,108418.285714285714,81732.428571428571,5479090,5677974,1662511,1581642,135809.666666666667,195802.333333333333
2024-10-15,180081,127990,83431,83246,65321,42143,-1183184,1466073,6185471,17536402,84196.533333333333,59638.966666666667,99191.428571428571,72024.285714285714,11809645,9160388,1629557,1551198,111923.666666666667,151287.333333333333
2024-10-14,157131,132851,81273,67001,50856,72758,693306,-348088,5309805,13273078,82335.233333333333,57274.633333333333,83306.857142857143,60597.000000000000,7903101,8944495,1579851,1489283,83983.666666666667,113512.333333333333
2024-10-11,250195,146588,101882,115290,78818,52746,-2052335,843132,8605618,25781774,76370.200000000000,54084.500000000000,54163.571428571429,47190.714285714286,15084792,12189325,1581975,1482113,43329.000000000000,40227.333333333333
2024-10-10,46536,56332,16045,22210,23709,22710,-339838,-123509,4333594,3219232,77743.533333333333,54368.166666666667,54823.000000000000,44973.857142857143,2810686,2594357,1553679,1469167,36122.000000000000,41661.666666666667
2024-10-09,43806,49031,18394,21694,21311,22718,56768,-796798,4828334,3431742,78060.833333333333,53672.166666666667,56811.857142857143,42984.285714285714,3414361,4267927,1533357,1457058,39789.333333333333,65557.333333333333
2024-10-08,30340,24624,15140,13173,9499,8482,-202016,-340933,2251226,2504334,79067.066666666667,54134.166666666667,63399.571428571429,45933.571428571429,1893350,2032267,1521246,1445798,49201.333333333333,70757.000000000000
2024-10-07,50839,34711,18912,24009,15643,17068,823075,251684,2115987,5433003,83471.066666666667,54952.400000000000,67383.428571428571,48304.714285714286,2570357,3141748,1512013,1430462,55212.333333333333,69208.000000000000
2024-10-04,115493,60033,49740,54089,20051,21564,1616858,-141917,3928886,10422223,82608.800000000000,54744.466666666667,61892.571428571429,46318.285714285714,3634841,5393616,1531181,1472032,48806.000000000000,47761.000000000000
2024-10-03,45939,52860,21649,20816,18007,29106,29279,-445385,4776568,2719826,83266.700000000000,55503.733333333333,67417.285714285714,45478.714285714286,2765269,3239933,1521441,1463329,42887.333333333333,51690.666666666667
2024-10-02,46192,52744,24078,16897,27692,19178,-432448,399758,3752406,3402706,85433.100000000000,55566.833333333333,69268.857142857143,42901.714285714286,3618882,2786676,1503561,1451928,40395.666666666667,61778.000000000000
2024-10-01,51152,40814,17541,26629,16285,15987,-936787,376046,3856982,3424982,85624.900000000000,55232.900000000000,78625.571428571429,43707.714285714286,3068133,1755300,1480580,1432698,43894.000000000000,70969.333333333333
2024-09-30,57728,35104,24040,27674,10374,15781,-73934,-636207,2683750,3493889,85762.033333333333,55442.833333333333,90393.857142857143,47107.571428571429,2089069,2651342,1461504,1412872,47568.666666666667,77412.333333333333
2024-09-27,76454,45269,28610,44234,13942,18046,-719321,-66386,3345480,4441945,85957.266666666667,55996.466666666667,96267.285714285714,49273.142857142857,3509254,2856319,1494690,1455116,48140.000000000000,80131.666666666667
