date,call_volume,put_volume,call_volume_ask_side,call_volume_bid_side,put_volume_ask_side,put_volume_bid_side,net_call_premium,net_put_premium,put_premium,call_premium,avg_30_day_call_volume,avg_30_day_put_volume,avg_7_day_call_volume,avg_7_day_put_volume,bearish_premium,bullish_premium,put_open_interest,call_open_interest,avg_3_day_put_volume,avg_3_day_call_volume
2026-09-25,10854,7145,5711,4457,2911,3577,608340.00,-306128.00,3825772.00,12063675.00,8911.8333,7415.5333,18696.2857,10840,6987402.00,7901870.00,291142,350454,13153.6667,15775.3333
2026-09-24,7222,11340,2717,3496,3738,6166,-2120800.00,-8534007.00,18090850.00,6964045.00,8800.5667,7230.4333,18295.5714,9992.7143,8354809.00,14768016.00,292350,348350,11582,35137
2026-09-23,15986,14094,4590,7893,7043,6202,-1512054.00,1245510.00,10542619.00,23433702.00,8409.6333,6928.2333,16823.4286,8734.5714,15307930.00,12550366.00,288899,345403,11023,32033.6667
2026-09-22,24118,14027,9929,9040,7395,5905,-621603.00,963699.00,11134224.00,19648375.00,7737.3,6599.7667,14155,7607.4286,11830933.00,10245631.00,281884,338645,10839.6667,25897
2026-09-21,65307,6625,31178,33696,2686,3585,281017.00,-882383.00,3282290.00,111923777.00,6038.3,6599.9333,6106.2857,7976.8571,34792906.00,79953806.00,280191,323992,9931.3333,6080.3333
2026-09-18,6676,12417,3095,3266,5967,5098,-121875.00,1634820.00,10513611.00,4067511.00,6164.5667,6508.3333,7286.8571,8180.8571,6978166.00,5221471.00,301099,363868,7595.3333,5327.3333
2026-09-17,5708,13477,2500,2854,9130,4079,1718971.00,15576226.00,37173939.00,5802594.00,6761.3333,6552,8485.7143,8410.2857,31834139.00,10544484.00,303331,362759,4865.3333,5318.3333
2026-09-16,5857,3900,2172,3352,1224,2524,-2648241.00,-1485473.00,3397379.00,9718145.00,7297.5,6952.9333,8115.2857,8311.1429,6876971.00,5714203.00,303591,359341,5611,5179
2026-09-15,4417,5409,2099,2086,2771,2303,-90942.00,228305.00,5695371.00,2076766.00,7309.3,7100.0667,8355.2857,8127,3899137.00,3579890.00,304670,357348,6878.3333,6695.3333
2026-09-14,5681,5287,2578,2945,2796,2110,1530644.00,5820358.00,14895368.00,4600659.00,7503.5333,7134.3333,8189.2857,7556.8571,11530378.00,7240664.00,303067,355933,9731,9781.6667
2026-09-11,5439,6137,1971,2934,3826,2014,-38306.00,1834128.00,4662436.00,2664787.00,7473.6,7176.7,7775.7143,7345.7143,4407876.00,2535442.00,311493,359628,12713,12668.6667
2026-09-10,8966,9211,2887,2544,1643,2476,1433558.00,-2420669.00,12087682.00,18836435.00,7526.6,7134.1,7098.7143,6567.1429,2841560.00,6695787.00,309531,360479,10711.3333,10768
2026-09-09,14940,13845,4469,9893,6113,5923,1355382.00,2603190.00,13598632.00,10924609.00,7964.7333,7570.7667,6118.7143,5486.2857,11302397.00,10054589.00,301290,355497,7469.6667,7820.3333
2026-09-08,14100,15083,5478,7838,7805,4699,-168053.00,277303.00,15524904.00,16313922.00,7717.8667,7219.4,4874,3712.5714,15161571.00,14716215.00,293530,348749,2874,4626.6667
2026-09-04,3264,3206,1362,1621,1155,1708,235031.00,-342460.00,2406133.00,3257191.00,7765.9,7294.1,4953,3850.7143,2253914.00,2831405.00,296170,351008,3358.3333,4386.6667
2026-09-03,6097,4120,2913,2733,2022,1681,270662.00,170112.00,5732267.00,11242447.00,7636.2667,7234.4333,4480.4286,3987.5714,8013782.00,8114332.00,294761,349299,3238.6667,3763.3333
2026-09-02,4519,1296,867,1997,743,491,-182465.00,52150.00,866421.00,4356761.00,7573.4,7324.6667,5597,4275.7143,1085746.00,851131.00,294202,345848,4899.6667,4950.3333
2026-09-01,2544,4659,832,1621,2254,1869,-554932.00,69860.00,4057445.00,1677946.00,7598.2333,7255.4333,5949.8571,4212.1429,2993019.00,2368227.00,293008,344986,4235.6667,5898
2026-08-31,4227,3761,2205,1832,2140,1334,515513.00,740170.00,2809698.00,4664369.00,7585.1333,7235.4,5768.7143,4138.4286,3722487.00,3497830.00,291036,343026,4373,5761.3333
2026-08-28,8080,6279,1686,2202,1684,2098,-79992.00,637527.00,4996738.00,9038340.00,7467.2667,7200.6667,5629.4286,3976.4286,4243436.00,3525917.00,293927,342336,3972.6667,3997.6667
2026-08-27,5387,2667,1604,2172,1513,956,-311011.00,209209.00,1402433.00,4654923.00,7412.9333,7200.3,5170.1429,4152.5714,2254088.00,1733868.00,293137,339304,4188,6313.6667
2026-08-26,3817,4173,1339,2174,2231,1825,-679974.00,1101429.00,3574055.00,4666081.00,7451.2,7202.5333,5300.8571,4321.1429,4781827.00,3000424.00,291114,338141,4201.6667,6712.6667
2026-08-25,2789,5078,959,1648,2502,2403,-381060.00,-253089.00,4017799.00,1588223.00,7507.2667,7126.1,5463.7143,4493.2857,2742909.00,2614938.00,288045,336376,3590.6667,6769.3333
2026-08-24,12335,3313,3572,8242,1550,1512,-1834471.00,126214.00,2859119.00,26559629.00,7206.8667,7145.5,4268.4286,7580.2857,15014649.00,13053964.00,286754,331028,4201.3333,5026
2026-08-21,5014,4214,2141,2523,2131,1765,1107226.00,-60344.00,3255269.00,6703129.00,7260.9667,7132.6,4107,7805,4186104.00,5353674.00,299960,347376,4096.6667,4078.6667
2026-08-20,2959,3245,910,1628,1723,1413,-736647.00,84594.00,2761849.00,4001143.00,7321.8333,7144.1,4292.5714,8059.7143,3394829.00,2573588.00,299214,346802,4799.3333,4669.6667
2026-08-19,7105,5145,2463,4359,2967,2741,-2800027.00,1095328.00,4400940.00,8250235.00,7407.1333,7208.1333,3841.5714,7920.8571,7851870.00,4316515.00,297124,344219,5178.6667,3611
2026-08-18,2172,3900,1007,1049,1785,1960,-361765.00,609023.00,4874661.00,2285574.00,7500.0333,7168.5333,5579.4286,8310.8571,3918109.00,2947321.00,295925,343646,12186,4209.6667
2026-08-17,4732,5353,1711,2656,2471,2626,-2113897.00,-1170172.00,4844236.00,7299494.00,7530.9,7076.7667,6398.2857,8927.4286,6107370.00,5163645.00,292648,342662,12330.6667,3927
2026-08-14,3929,6283,1623,1975,2928,2768,-890825.00,418320.00,4391436.00,5033212.00,7695.5333,7024.9333,9210,10142.2857,4687914.00,3378769.00,293215,347489,11912.3333,4036.6667
2026-08-13,3968,24922,2190,1559,21304,2948,491406.00,3884961.00,14181118.00,5200283.00,7851.3,6341.3,11777.7143,8857.4286,14145593.00,4511478.00,296270,346229,4996,4030
2026-08-12,3884,5787,2057,1477,1396,4133,342774.00,-1997157.00,4218193.00,6342751.00,9938.7,6341.4333,11904.4286,9434,3916284.00,6256215.00,296454,345008,5277,7514.3333
2026-08-11,4258,5028,1702,1485,1822,2673,535841.00,-310025.00,2770631.00,5741482.00,10003.4333,6518.0333,12940.1429,9617.8571,2836661.00,3682527.00,293369,344274,6824,9583
2026-08-10,3948,4173,1938,1517,1698,2054,183231.00,-649971.00,3583539.00,4609726.00,10141.4667,6518.9667,13024.8571,10080,3222764.00,4055966.00,291200,342719,10362,16137.3333
2026-08-07,14337,6630,6449,6492,2418,2537,-2734464.00,537689.00,3253183.00,15456961.00,9844.3667,6443.2333,12484.7143,10266.1429,10091811.00,6819658.00,307604,354442,13461.3333,18672.3333
2026-08-06,10464,9669,5484,4162,2945,5988,1240865.00,-1249169.00,5405117.00,19146247.00,10123.9333,6429.2667,15001.8571,12734.1429,10030100.00,12520134.00,304417,350975,13512.6667,16774.6667
2026-08-05,23611,14787,11679,10256,6496,7099,2505212.00,380543.00,4468682.00,23183413.00,9518.4667,6030.4667,12585.1429,11270.5714,11505123.00,13629792.00,300411,346906,10688.6667,12740.3333
2026-08-04,21942,15928,10271,10352,8688,6158,1437798.00,515986.00,6261993.00,14033147.00,9013.4667,5625.0667,10122.7143,9773.2857,9018684.00,9940496.00,290229,334157,7848.6667,6940
2026-08-03,4771,9823,2112,2402,2583,3683,-291444.00,-603261.00,5652635.00,4281515.00,9092.9667,5501.5,9756.5714,8702.8571,3350724.00,3662541.00,286492,332000,7218.6667,8868.3333
2026-07-31,11508,6315,7264,3879,2716,2997,4195182.00,519350.00,4268349.00,14694815.00,9013.8333,5596.7,8488.7143,8372.5714,7301896.00,10977728.00,288934,335566,14095.3333,14393.6667
2026-07-30,4541,7408,2004,2011,4043,2784,-281166.00,334681.00,2715214.00,4781200.00,9097.5333,5566.5,8309.8571,7683.1429,3590913.00,2975066.00,284670,335083,13140,15111.3333
2026-07-29,10556,7933,4339,5163,2601,5109,-402129.00,-455466.00,3396198.00,10325964.00,9136.6667,5693.5333,7349.5714,7001.2857,6119030.00,6172367.00,281559,331081,12311.3333,13161
2026-07-28,28084,26945,12526,12937,11591,10378,1880747.00,3834025.00,21084115.00,92827671.00,8429.7,5076.4,3986.7143,3900.1429,51306227.00,49352949.00,285912,319881,4106.3333,4535.6667
2026-07-27,6694,4542,3246,3147,1781,2514,377692.00,-884857.00,3458193.00,5170763.00,8443.5667,5210.6,3567.1429,3630.7143,3400676.00,4663225.00,284226,316671,3926.6667,3182
2026-07-24,4705,5447,2031,2298,2006,2940,371.00,-440373.00,2351848.00,3584027.00,8501.2333,5142.3,3604.2857,3458.2857,2490033.00,2930777.00,286707,320909,2971.6667,2710
2026-07-23,2208,2330,751,1365,959,1270,-283935.00,-254430.00,2155072.00,1219372.00,8613.6667,5184.4667,3927.5714,3523.2857,1653632.00,1624127.00,285964,320277,3248.3333,3252
2026-07-22,2633,4003,1727,771,1871,1878,461962.00,-283137.00,3373332.00,1938666.00,8689.4667,5160.2667,4026.1429,3507.8571,2148307.00,2893406.00,283469,318555,3659.6667,3889
2026-07-21,3289,2582,1201,1947,1071,1238,-1871636.00,118721.00,998846.00,5402397.00,8883.1667,5293.2667,4504.4286,3685.7143,4067135.00,2076778.00,282210,317336,3684.3333,4045
2026-07-20,3834,3160,1541,1909,1499,1206,-155460.00,268285.00,1943949.00,2102178.00,9270.9333,5409.3667,4640.2857,3747.1429,1928656.00,1504911.00,280436,315178,4044.3333,4422
2026-07-17,4544,5237,1582,2517,2528,2388,-147578.00,-530516.00,4635494.00,2626677.00,9295.0333,5374.3667,5371.7143,4008.4286,3142869.00,3525807.00,312652,383588,3227,4397.6667
2026-07-16,3757,2656,1553,1946,1160,1323,291648.00,-526551.00,2081639.00,4593975.00,9395.6,5579.7333,5543.4286,4016.4286,2427530.00,3245729.00,312205,382340,3640,4253
2026-07-15,4965,4240,2288,2261,1243,2727,583376.00,-405677.00,1914726.00,4501278.00,9526.9667,5684.3667,5642.4286,3782.1429,2214613.00,3203666.00,310920,380555,3502.3333,4810.3333
2026-07-14,4471,2785,2546,1671,1692,918,279829.00,426192.00,1743385.00,2779255.00,9616.8,5837.1667,6270.5714,4059.7143,2027419.00,1881056.00,309685,378091,3770.6667,4915
2026-07-13,3323,3895,1842,1234,1834,1885,384788.00,-364538.00,3456100.00,2723029.00,9798.9667,5876.6667,7030.2857,4133.7143,2514214.00,3263540.00,309046,376629,4827.6667,7028.6667
2026-07-10,6637,3827,2597,3526,1715,2007,-2233319.00,-4185.00,2110087.00,8140579.00,9915.9333,5974.1,15583,4414.2857,6031105.00,3801971.00,311919,380667,4456,6469.3333
2026-07-09,4785,3590,1676,2561,1256,2198,-829920.00,-1405571.00,4105727.00,4728398.00,9964.4,6044.9,15785.1429,5376.5714,3546832.00,4122483.00,311729,379126,4126,6760.3333
2026-07-08,9664,7066,4371,4666,3910,2822,2410046.00,1787597.00,7318198.00,20011122.00,10265.6333,6118.6667,15560.1429,4967.2857,12863713.00,13486162.00,308398,375931,3346.6667,6495
2026-07-07,4959,2712,2490,2208,1343,1181,704233.00,256384.00,2648852.00,5160712.00,10704.6667,6250.9,15626.5714,5202.4286,3491400.00,3939249.00,306955,373431,3913.6667,7722.3333
2026-07-06,5658,2600,2623,2653,1402,851,-618648.00,-61172.00,1803784.00,7071085.00,10861.4667,6321.9333,17511.2857,6152.4286,4346330.00,3788854.00,305923,371243,4977.3333,28005
2026-07-02,8868,4728,3842,4276,2105,2082,27814.00,-322618.00,4315366.00,11501236.00,11323.9333,6611.2333,17022.5714,5880.2857,6939700.00,7290132.00,308793,372159,6843.3333,27115.6667
2026-07-01,8641,4413,3550,4687,2176,1913,-3120946.00,-65799.00,3243230.00,18844239.00,11580.5667,6720.7667,16758.4286,5787.8571,12132083.00,9076936.00,307422,369513,6772.6667,26931.6667
2026-06-30,66506,5791,1472,2857,2109,3342,-2003669.00,-765488.00,4010812.00,150556648.00,9713.5667,6930.2,8279.8571,5834.2857,4691588.00,3453407.00,305678,352062,6295,6571
2026-06-29,6200,10326,2207,3691,1664,8262,-3826565.00,-2816064.00,6646180.00,8045284.00,9900.9333,7209.5667,8699,5669.2857,6645525.00,7340324.00,303329,348663,5936.3333,10788
2026-06-26,8089,4201,3186,4151,1607,2385,336698.00,-665523.00,2332783.00,4683439.00,9957.6333,7426.4333,8550.8571,5998,2609358.00,3611579.00,308054,352667,5477,9907.3333
2026-06-25,5424,4358,2463,2752,1912,2127,728178.00,163587.00,3269412.00,6179676.00,10196.9,7690.4333,9451.7143,7053.1429,4219041.00,4783632.00,306653,350890,5279.6667,10363.3333
2026-06-24,18851,9250,9687,7416,3446,5127,1456482.00,-772985.00,7582166.00,14717075.00,9982.0667,7994.9333,7740.8571,6936.1429,8863597.00,11093064.00,303405,343209,4235,6465
2026-06-23,5447,2823,1175,4015,1301,1257,419637.00,4693.00,2224009.00,2881336.00,10039.6333,8389.4333,7978.4286,7756.8571,2169643.00,2584587.00,302319,339617,6351,7694
2026-06-22,6792,3766,2517,3738,1688,1770,-3289018.00,-518505.00,3396119.00,8762013.00,10100.2667,8411.3,7927.4286,7704.2857,7092805.00,4322292.00,301017,336691,7263,7780.6667
2026-06-18,7156,6116,3636,3163,3314,2400,-76864.00,634464.00,5826825.00,4487118.00,10071.9667,8504.2667,7702.4286,7344.1429,5055063.00,4343735.00,344490,437332,9139,9305.3333
2026-06-17,9134,9171,3958,4756,4110,4784,179542.00,-3583084.00,13410089.00,6202876.00,9920.8667,8338.5667,7098.5714,6502.1429,7655562.00,11418188.00,341611,436790,8892.3333,8552.3333
2026-06-16,7052,6502,3480,3339,2182,3874,1267537.00,-242759.00,7165603.00,10703983.00,9975.6,8340.2667,7391.1429,6512.1429,7875165.00,9385461.00,339073,434598,9581,8571.6667
2026-06-15,11730,11744,6248,4992,4123,6242,327403.00,879879.00,10867173.00,8977610.00,9832.3667,8291.3667,7925,5783.4286,9500892.00,8948416.00,334749,431591,6799,6806.6667
2026-06-12,6875,8431,2873,3098,2826,4718,473504.00,-6135711.00,14811915.00,3670042.00,9938.7333,8546.7,7695.2857,5177.1429,5100706.00,11709921.00,338847,435807,5187,6375.3333
2026-06-11,7110,8568,3491,2475,3212,4363,1404060.00,-5425268.00,15597644.00,5608206.00,12463.1667,9211.5333,7647.2857,5212.7143,6159761.00,12989089.00,337669,433963,3423.3333,5641
2026-06-10,6435,3398,2295,3567,1413,1665,170668.00,-383882.00,3214174.00,11123570.00,12707.3,9644.8,8000.2857,5781.4286,6191302.00,6745852.00,338046,431853,4481.3333,6529.3333
2026-06-09,5581,3595,1829,3077,1365,1905,-818791.00,-526325.00,4653541.00,4833118.00,12703.1,9814.6333,8226.7143,6320.5714,4341770.00,4049304.00,337371,429574,5497.3333,9824.6667
2026-06-08,4907,3277,1562,3004,1551,1427,-784157.00,344288.00,2024225.00,3098790.00,12793.1,9909.8667,8781.1429,6578.1429,2915035.00,1786590.00,338079,426852,5800.6667,9944.6667
2026-06-05,9100,6572,4701,3718,2620,3561,2121276.00,-2191959.00,6805129.00,9537954.00,12662.6333,9834,8930.5714,6603.5714,5538709.00,9851944.00,344622,432974,6549,9169.3333
2026-06-04,15467,6643,4313,3495,2799,3179,-77638.00,-141380.00,7219263.00,38520100.00,12574.1667,9995.3667,7612.2857,6470.8571,4994198.00,5057940.00,341950,435221,6794.3333,6982.3333
2026-06-03,5267,4187,1662,3384,1535,2397,-301062.00,-743925.00,3513874.00,3786089.00,12630.8333,10122.2333,9531.4286,7198.2857,3210450.00,3653313.00,340965,432600,7855,7615.3333
2026-06-02,6774,8817,1897,3530,3300,2968,-32555.00,-2385545.00,9890032.00,6212350.00,12726.6333,10038.9667,11153.7143,6892.8571,4883526.00,7236516.00,336774,429361,6609.3333,8286.6667
2026-06-01,8906,7379,4273,4218,3672,3181,727557.00,-318938.00,10092454.00,4361646.00,13011.1333,10209.4667,11361.7143,6514.5714,6399910.00,7446405.00,332855,424890,6399.6667,8700
2026-05-29,7166,7369,2453,4302,3232,3469,-3174778.00,-2920470.00,6825757.00,8349961.00,13084.9333,10086.8667,13586.8571,7377.1429,7147418.00,6893110.00,336844,435709,5848,8391
2026-05-28,8788,5080,3653,3392,2435,2132,836692.00,632891.00,3976103.00,11169538.00,13371.6667,10289.0333,14665.7143,7751.2857,3759590.00,3963391.00,335885,432723,7247.6667,11695.3333
2026-05-27,10146,6750,3575,5821,2965,3434,-3211313.00,-374009.00,4265381.00,8466575.00,13346.8,10286.1333,14715.7143,8511.8571,7473405.00,4636101.00,334235,429222,7224,14356.6667
2026-05-26,6239,5714,2425,3097,2911,2425,-1603257.00,1367680.00,5995016.00,6188787.00,13450.8,10349.4333,15513.1429,10368,6953245.00,3982308.00,331830,426665,6896.3333,15731
2026-05-22,18701,9279,5755,11585,4391,4066,-1281622.00,1354120.00,8849606.00,13194693.00,13176.7667,10294.9333,14240.1429,10572,11672118.00,9036376.00,333341,436803,8272.3333,17078
2026-05-21,18130,6679,6060,8572,3353,2921,-1411483.00,1604313.00,7434905.00,15160563.00,12828.3667,10311.2667,13450.4286,11371.8571,11133762.00,8117966.00,331642,425576,8612.3333,16481.3333
2026-05-20,10362,4731,4303,4699,2586,1786,-411892.00,124380.00,3892048.00,8479024.00,13014.3,10710.1,13742.4286,13322.4286,5626437.00,5090165.00,329587,420883,11060,16526
2026-05-19,22742,13407,8030,13638,3702,2984,-2353652.00,1426513.00,17422252.00,18169133.00,12443.8333,10521.8,11518.4286,13501.1429,13788640.00,10008475.00,319949,413962,12826.6667,12885.6667
2026-05-18,16340,7699,6582,8760,4498,2615,-423080.00,347490.00,6191993.00,5795846.00,12292.7333,10622.7667,10414.2857,13033,5891387.00,5120817.00,317095,402386,13829.3333,10702.3333
2026-05-15,10496,12074,4534,5321,5565,5718,964698.00,-1190388.00,11043672.00,11387489.00,12032.0667,10275.0333,9815.8571,12580.2857,9283940.00,11436516.00,328826,422455,13897.3333,11404.3333
2026-05-14,11821,18707,4471,6246,9004,5886,-586383.00,10173458.00,46150185.00,9108288.00,11701.7,9698.3,8784.4286,10507.8571,27363912.00,16604071.00,321961,416671,13790,11599.3333
2026-05-13,9790,10707,4047,5152,4328,4437,625179.00,346788.00,16125111.00,8614928.00,11437.9667,9386.7667,8627.8571,9914.4286,10264544.00,10542935.00,323842,412452,15107,10727.3333
2026-05-12,12602,12278,4896,7073,3729,5770,-564920.00,-1583321.00,10122775.00,9251524.00,11087.2,9031.4667,7889.4286,9628.5714,7391654.00,8410055.00,320477,407375,12488.3333,9397
2026-05-11,12406,18385,5058,5890,9609,6204,-602731.00,1758568.00,22402600.00,11659458.00,10774.1333,8479.3333,7555.1429,9300.8571,14838631.00,12477332.00,319117,401317,9328.3333,7364
2026-05-08,7174,14658,2891,3350,6952,6328,-2321295.00,2136759.00,10355219.00,6503078.00,10622.7,8049.5,18365,11280.1429,9479588.00,5021534.00,320685,410225,5842.3333,6506.3333
2026-05-07,8611,4422,4280,3534,1798,2008,465715.00,-1141723.00,3594348.00,6473057.00,10417.0667,7957.5333,19100.4286,12990.7143,3584471.00,5191909.00,321309,407859,6552.6667,6534
2026-05-06,6307,8905,2186,3438,2066,5950,-2909697.00,-1683112.00,7865589.00,7278641.00,10309.7333,7763.3,18978.7143,12960,7343160.00,6116575.00,320246,405737,7010,6909.3333
2026-05-05,4601,4200,2509,1773,1658,1994,1500426.00,-166920.00,5691961.00,3709788.00,10269.2333,7740.7333,19408.1429,13236.2857,3537114.00,5204460.00,318770,403583,10973.6667,8731
2026-05-04,8694,6553,3754,4508,2652,2984,69202.00,-1108764.00,5231939.00,6192950.00,10117.0333,7635.0333,18907,12913.8571,4672649.00,5850615.00,315065,399514,18293.6667,33447.3333
2026-05-01,7433,10277,2774,4027,4400,4453,-128000.00,97683.00,6951369.00,3161169.00,9937.1667,7347.3667,19675.5714,13086.2857,4241833.00,4016150.00,332070,414099,20333.3333,35556
2026-04-30,10066,16091,4170,4987,6301,5617,-434238.00,-716300.00,12601370.00,5563618.00,9687.7,6885.9,19232.8571,11929.4286,6949983.00,7232045.00,329118,411464,17866.3333,34019
2026-04-29,82843,28513,74397,7388,13194,12044,4987437.00,2667818.00,29626492.00,116096329.00,7042.4333,6002.1333,8776.4286,8758.8571,17859531.00,123459150.00,317317,393746,10406.6667,8940.3333
2026-04-28,13759,16396,3545,7919,7774,6432,-2362588.00,827491.00,8399651.00,9011966.00,6706.6333,5530.2333,9302.4286,8201.4286,8279293.00,5089214.00,308319,387494,6373.3333,6082.6667
2026-04-27,5455,8690,1864,3167,3731,4457,-528940.00,490327.00,5562963.00,4177488.00,6594.5667,5318.6667,9863.1429,7487.2857,4896074.00,3876807.00,303908,385494,7304.6667,8535.3333
2026-04-24,7607,6134,3620,3351,2477,2619,112749.00,-139150.00,3314970.00,4128414.00,6406.0667,5164.0667,11260.7143,8203.1429,2901175.00,3153074.00,315896,402925,7924.3333,8322
2026-04-23,5186,4296,1895,2688,1829,1917,1509.00,-479883.00,3135594.00,5018419.00,6301.1667,5093.7333,11862.7143,8541.2857,2913818.00,3395210.00,315554,401172,8598.6667,9809.3333
2026-04-22,12813,11484,3621,7817,5604,4645,-1449283.00,1948142.00,8877376.00,8255039.00,5946.8,4760.1333,11369.2857,7988.2857,8905640.00,5508215.00,311870,396746,8935.3333,11352
2026-04-21,6967,7993,2097,3946,3514,3826,-1239081.00,235702.00,4862739.00,7681823.00,5845.4667,4560.2667,11871.1429,7938.4286,5941445.00,4466662.00,307854,394159,7501.3333,12156.3333
2026-04-20,9648,6319,2528,6401,2440,3180,4748.00,-352995.00,2958016.00,4188131.00,5597.8,4481.8667,11589.7143,8059.8571,2772422.00,3130165.00,304907,389603,9110,14737
2026-04-17,17441,12494,6829,8128,4290,7398,1262669.00,-262874.00,4987850.00,16706595.00,5497.7,4197.2667,11375.2857,8660.1429,8643971.00,10169514.00,342725,482905,7166.3333,12056.6667
2026-04-16,9380,3691,3970,4366,1527,1814,-275522.00,-405024.00,3797585.00,9133597.00,5225.4667,4147.6,10839.2857,9241.1429,5608295.00,5737797.00,341067,481835,8473.6667,12049.6667
2026-04-15,17390,11145,7182,8266,4187,5763,1143656.00,-415966.00,6868619.00,16657904.00,4758.0667,3818.3667,10041.7143,9181.5714,9688953.00,11248575.00,336876,476377,7306.6667,9746.3333
2026-04-14,9400,6663,4046,4715,2710,3397,-204189.00,76946.00,3396912.00,6943152.00,4499.2667,3644.5,9081.1429,8464.2857,4666592.00,4385457.00,334190,473524,7475.3333,9172.3333
2026-04-13,9359,7613,3652,5210,2969,3950,101790.00,188971.00,5099059.00,4550003.00,4234.9667,3454.3333,8017,7577.4286,4022294.00,3935113.00,331735,469368,10503,11366
2026-04-10,10480,7644,4769,4832,2926,4098,-689932.00,-1083290.00,7204025.00,6567289.00,3967.4333,3258.9,6788.1429,6679.8571,6158408.00,6551766.00,355761,508954,10541,9748.6667
2026-04-09,7678,7169,2975,4001,3492,3433,-661276.00,1468986.00,6238647.00,6693608.00,3772.3333,3068.7333,5988.2857,5887,7112451.00,4982189.00,353294,505366,11727.3333,11125
2026-04-08,15940,16696,6980,7674,7418,8596,-165731.00,171210.00,8324904.00,12244277.00,3351.7333,2577.7,4141.7143,3762,9792651.00,9455710.00,347191,501924,6709.3333,6703.6667
2026-04-07,5628,7758,2492,2778,2466,3827,219984.00,-370073.00,6022385.00,3880212.00,3304.1667,2413.4333,3713.5714,2905.5714,3763920.00,4353977.00,344699,500641,4591.6667,5464.3333
2026-04-06,11807,10728,4666,6542,4909,4732,-936843.00,-31754.00,5658341.00,9382825.00,3106.3333,2133.3333,2375.7143,1610.5714,7222615.00,6317526.00,13603,19895,1469.3333,2154.6667
2026-04-02,2676,1642,652,1923,587,971,-885129.0000,-1775528.0000,13780837.0000,6250861.0000,3300.4,2678,2434.4286,1815.7143,8766662.0000,9657061.0000,15888,24571,1461.6667,1955.6667
2026-04-01,1910,1405,656,1183,571,784,2567825.0000,-911021.0000,12227051.0000,10457594.0000,3424.7667,2735.9667,2645.2857,2118.2857,9194937.0000,12673783.0000,15395,23716,1600.3333,2323.6667
2026-03-31,1878,1361,641,1123,508,813,-379896.0000,420036.0000,9045697.0000,7862876.0000,3440.3333,2739.3,2966.7143,2407,8564325.0000,7764393.0000,14899,22822,1734.3333,2574.6667
2026-03-30,2079,1619,725,1290,506,1041,993040.0000,2397958.0000,18775430.0000,9280685.0000,3469.2333,2803.7,2960.7143,2411,13763869.0000,12358976.0000,14312,21720,1749,2695.6667
2026-03-27,3014,1821,666,2248,650,1043,-834876.0000,-1599932.0000,13047513.0000,8262047.0000,3464.2,2811,2899,2471.8571,9115157.0000,9880213.0000,18561,27476,2168,2720
2026-03-26,2631,1763,771,1801,766,944,75098.0000,4186301.0000,13978203.0000,5585885.0000,3582.5667,2790.1333,3021,2505.7143,12770183.0000,6348980.0000,18065,26024,2754.6667,2971.6667
2026-03-25,2442,1663,816,1536,545,1039,-857516.0000,-524741.0000,7108407.0000,10672829.0000,3591.2333,2769.7667,3198.5714,2588,8635023.0000,8302198.0000,17370,24649,3327.6667,3533.6667
2026-03-24,3087,3078,910,2115,731,2203,-2422507.0000,3035589.0000,10367363.0000,9607601.0000,3613.1,2724.4,3056.5714,2483,11459555.0000,5663419.0000,15950,22896,2850.6667,3183.6667
2026-03-23,3386,3523,974,2324,1151,2262,2125040.0000,-4986897.0000,11045660.0000,10225364.0000,3665.4333,2675.7,2851.7143,2193.4286,6055471.0000,13167408.0000,14131,20736,2425.3333,2915.6667
2026-03-20,4128,3382,1288,2560,1094,2198,2300831.0000,416554.0000,9353852.0000,12776362.0000,3623.0667,2768.9333,2553.2857,2022.5714,8782936.0000,10667213.0000,18440,30379,1964.6667,2701.3333
2026-03-19,2037,1647,749,1209,591,984,-747559.0000,-66749.0000,8434701.0000,5810629.0000,3652.3,2781.7667,2574,1998.1429,6945895.0000,6265085.0000,18356,29373,2162,3250.6667
2026-03-18,2582,2247,827,1659,730,1408,-366808.0000,-1933084.0000,12524532.0000,9067036.0000,3722.4,2814.8333,2766.1429,1962.4286,9695636.0000,11261912.0000,17462,28130,2194,3087.6667
2026-03-17,3485,2000,1026,2364,665,1292,-208165.0000,461389.0000,9948349.0000,10386010.0000,3654.6667,2784.4667,2585.1429,2243.4286,10129169.0000,9459615.0000,16479,26262,2026,2576.6667
2026-03-16,3685,2239,1062,2510,645,1464,598704.0000,-1374197.0000,6463755.0000,17333580.0000,3578.5333,2750.5,4121.2857,2488.7143,10065497.0000,12038398.0000,15261,24287,2008.3333,2028
2026-03-13,2093,2343,699,1324,832,1368,-396278.0000,-3399293.0000,41429510.0000,11710175.0000,3532.6667,2699.9667,3995.5714,2468.4286,20947985.0000,30055000.0000,17738,28218,1719.3333,2057.6667
2026-03-12,1952,1496,502,1347,571,869,-1083544.0000,3281668.0000,36745221.0000,7805512.0000,3516.9333,2686.0333,4197.8571,2435.8571,24535965.0000,18419553.0000,17679,27205,1886.3333,2716
2026-03-11,2039,2186,679,1318,853,1293,-227789.0000,-4748897.0000,114051692.0000,15037202.0000,3479.7,2638.3333,4140.2857,2330.2857,66166678.0000,62015086.0000,17242,26407,2480,2775.6667
2026-03-10,2182,1476,536,1586,527,904,-2878859.0000,-3330418.0000,25665213.0000,15789002.0000,3438.1667,2626.8,4032.8571,2392,18027953.0000,22456012.0000,16681,25467,3306.6667,6861
2026-03-09,3927,1997,1490,2145,752,1240,-2809681.0000,704879.0000,21557206.0000,32851057.0000,3366.5,2609.9667,3822.4286,2361.1429,27547974.0000,25232899.0000,15692,23159,3374.6667,5956.3333
2026-03-06,2218,3967,860,1222,1402,1446,1302747.0000,11321985.0000,258999392.0000,26900715.0000,3340.2667,2524.9333,3766.2857,2003.5714,88890295.0000,48565557.0000,18954,25209,2475,6339.6667
2026-03-05,14438,3956,2095,2467,1312,2454,-1889684.0000,-3887070.0000,40174132.0000,714524618.0000,2923.0333,2445.9667,2178.2857,1719.1429,68564557.0000,70561943.0000,17165,24667,1638.6667,2072.3333
2026-03-04,1213,2201,429,728,868,1213,-2821663.0000,-458949.0000,9220295.0000,13076788.0000,2926.4,2415.7,2605.1429,1809,12086121.0000,9083407.0000,16176,24241,1541,2144.6667
2026-03-03,3368,1268,376,2920,524,683,-2971639.0000,-536744.0000,18995507.0000,13120947.0000,2870.0333,2469.0333,2962.8571,1960,16046242.0000,12904147.0000,15658,25208,1712,1840
2026-03-02,1636,1447,541,1028,539,853,-1910969.0000,3065260.0000,11535157.0000,11890335.0000,2860.1333,2535,3943.1429,4322.1429,13710103.0000,8733874.0000,14948,24196,1717.6667,1903
2026-02-27,1430,1908,499,809,816,976,2571920.0000,559994.0000,39515819.0000,19580138.0000,2873.8,2569.2333,4544.7143,4498.7143,25800693.0000,27913569.0000,17240,29404,1736.6667,2533.6667
2026-02-26,2454,1781,1031,1141,591,1048,721245.0000,357732.0000,29793103.0000,20448587.0000,2819.2667,2543.9333,4529.1429,4453,21986541.0000,22350054.0000,16690,28635,2086.3333,3116
2026-02-25,1825,1464,782,959,445,970,3763340.0000,-1778064.0000,15979833.0000,17785363.0000,2786.4,2539.9667,4689.2857,4751.1429,12963461.0000,18504865.0000,15970,28036,2373.3333,4465
2026-02-24,3322,1965,1263,1918,672,1147,1320923.0000,-4858489.0000,32355033.0000,27544705.0000,2782.6,2542.6333,4623.7143,4761.8571,25547223.0000,32426635.0000,15122,26601,7712.3333,6190.3333
2026-02-23,4201,2830,1680,2353,1063,1532,-6233764.0000,7482647.0000,54284775.0000,45346269.0000,2656,2469.8,4906.7143,4520,54931525.0000,41215114.0000,13635,24221,7817,6670.3333
2026-02-20,5872,2325,1914,3701,916,1286,1204966.0000,3810240.0000,31789938.0000,27114362.0000,2487,2428.5667,4453.8571,4338.1429,29454692.0000,24289418.0000,15907,31061,7529,5494.6667
2026-02-19,8498,17982,3037,5125,9313,7071,-1152058.0000,11252677.0000,1584270365.0000,38534700.0000,2242.6667,1903.3667,3774.5714,2014.5714,862064863.0000,585505352.0000,15223,26950,2718.6667,3644
2026-02-18,5641,3144,1424,1774,1222,1495,-529927.0000,-4000818.0000,56313907.0000,46312163.0000,2090.0667,1843.3667,3676.7143,1860,27583737.0000,31054628.0000,13625,23039,2350.6667,2718
2026-02-17,2345,1461,792,1494,754,645,-2284109.0000,4889055.0000,39695184.0000,23068734.0000,2056.4333,1871.9667,3749.8571,2534,33996776.0000,26823612.0000,13019,21998,2242.6667,3997
2026-02-13,2946,3551,977,1875,1154,1976,-5612830.0000,-15257396.0000,81694800.0000,22960224.0000,1982.9,1786.5333,3745.2857,2317,39218234.0000,52131000.0000,13979,26635,1409.6667,3915.6667
2026-02-12,2863,2040,779,1944,908,944,-4871468.0000,-550361.0000,48180172.0000,30276065.0000,1910.1333,1742.5,4005.5714,2488.2857,38691042.0000,34328635.0000,13531,25305,1302,4209
2026-02-11,6182,1137,943,1904,434,635,342453.0000,-94169.0000,21965895.0000,93861723.0000,1729.1333,1744.7667,3330,2481.4286,19582878.0000,20019500.0000,13048,24368,1610.3333,3800.3333
2026-02-10,2702,1052,904,1682,388,566,4815014.0000,-3052149.0000,24687257.0000,22453083.0000,1684.0333,1784.1667,3144.1429,2505.4286,18083066.0000,26430229.0000,12730,23018,3319.3333,3852
2026-02-09,3743,1717,1096,2426,775,635,-753417.0000,5241622.0000,48284134.0000,24684603.0000,1574.2,1756.4333,2711.8571,2378.2857,34931268.0000,23616879.0000,12212,21106,3424.3333,3575.6667
2026-02-06,4956,2062,1793,2875,909,955,2467223.0000,-1555589.0000,40080780.0000,61548560.0000,1433.9,1747,2215.2857,2237.7143,43908724.0000,47931536.0000,13593,23522,3816.6667,3485.3333
2026-02-05,2857,6179,814,1952,1648,3956,-227780.0000,-31703521.0000,323086193.0000,19999649.0000,1373.1333,1620.9333,1938.8571,1462.8571,83630818.0000,212349579.0000,13489,22309,2120,3017.3333
2026-02-04,2914,2032,974,1855,888,985,-349615.0000,3511594.0000,45992773.0000,18743595.0000,1341.8,1631.8333,1656.2857,1334,32098566.0000,27600357.0000,13215,21007,1849.3333,2513
2026-02-03,4685,3239,1695,2745,1757,1302,-7599897.0000,5325417.0000,74495183.0000,53315360.0000,1217.9,1546.5,1240.8571,1084.4286,69087381.0000,51748467.0000,11842,18241,1045.3333,1190.3333
2026-02-02,1453,1089,573,834,328,721,1573728.0000,-1102840.0000,3791620.0000,7242266.0000,1198.2,1541.9,1237.7143,1131.1429,3623124.0000,6299692.0000,11301,17416,1041.6667,1199.3333
2026-01-30,1401,1220,443,865,535,602,-937069.0000,793016.0000,9484810.0000,8375303.0000,1191.9,1537.4667,1312,1183.5714,8855219.0000,7125134.0000,13202,19422,886.6667,1039.6667
2026-01-29,717,827,229,455,346,439,25288.0000,3680477.0000,10976991.0000,5123421.0000,1214.4667,1567.1667,1397.2857,1250.1429,11870433.0000,4045244.0000,12994,19092,987.6667,1112.6667
2026-01-28,1480,1078,551,874,382,655,509962.0000,-124128.0000,4296447.0000,6293181.0000,1212.1333,1668.3667,1425.4286,1505.8571,4700894.0000,5334984.0000,12406,18280,1125.6667,1211.6667
2026-01-27,922,755,315,573,171,536,271024.0000,-539469.0000,3154802.0000,3360947.0000,1221.1667,1677.0667,1485,1887.4286,2368863.0000,3179356.0000,12100,17747,1346,1381.3333
2026-01-26,936,1130,289,611,398,669,461424.0000,181589.0000,4901097.0000,6540742.0000,1240.1667,1682.4,1614.1429,2145.2857,5029627.0000,5309462.0000,11358,17165,1498.3333,1709.6667
2026-01-23,1777,1492,658,1010,531,868,3773783.0000,-418700.0000,7232169.0000,13489866.0000,1228,1663.6333,1477.1429,2078.1429,6566836.0000,10759319.0000,13043,18955,1432,1555.3333
2026-01-22,1431,1416,616,773,491,823,1726278.0000,-166678.0000,6570812.0000,9875690.0000,1253,1653.4667,1392.5714,2068,6460148.0000,8353104.0000,12242,18133,1916,1637.3333
2026-01-21,1921,1587,960,884,685,775,4768663.0000,-1057115.0000,20718084.0000,15424578.0000,1278.8,1668.2333,1576.4286,2133.4286,13571357.0000,19397135.0000,11572,17067,2529,1443.3333
2026-01-20,1314,1293,433,813,510,699,1941870.0000,905032.0000,10075196.0000,14962674.0000,1327.6667,1653.0333,1446.2857,2040.8571,8636166.0000,9673004.0000,10919,16236,3076.3333,1618.6667
2026-01-16,1677,2868,681,837,1203,1410,1790571.0000,3477993.0000,20407193.0000,14722537.0000,1305.6667,1588.4333,1321.2857,1786.5714,15986641.0000,14299209.0000,19214,22458,2461,1332.3333
2026-01-15,1339,3426,513,787,1451,1930,245634.0000,6161012.0000,79221684.0000,9834765.0000,1323.9667,1517.0333,1296.8571,1615.1429,48473991.0000,39850313.0000,18802,21902,1767.3333,1165.6667
2026-01-14,1840,2935,761,991,1394,1396,-2330525.0000,3095868.0000,58135433.0000,15761330.0000,1289.4333,1444.2,1185.8571,1387.8571,42949518.0000,28037825.0000,17976,21305,1470.6667,1621.6667
2026-01-13,818,1022,239,505,432,524,-1383031.0000,109899.0000,10504109.0000,8413030.0000,1288.7333,1430.5667,1259.8571,1573.1429,9482712.0000,8084542.0000,17599,20924,1345,1483.3333
2026-01-12,839,1345,304,469,540,748,-1278672.0000,-2490643.0000,20091228.0000,10225704.0000,1288.1333,1406.9667,1245.7143,1522.1429,9526603.0000,17550374.0000,16865,20492,1259.3333,1471
2026-01-09,3208,2045,1251,1607,480,1414,-145128.0000,-1718594.0000,10987062.0000,33190908.0000,1320.9,1367.4333,884.5714,1332.7143,18745272.0000,20318738.0000,17632,22291,1319.6667,791
2026-01-08,403,645,183,197,280,334,154942.0000,568654.0000,2409253.0000,3581981.0000,1354.6333,1378.8,934.4286,1412.7143,2982553.0000,2568841.0000,17354,22159,1552.6667,1011
2026-01-07,802,1088,403,306,245,735,378107.0000,-1135513.0000,4645615.0000,7469742.0000,1408.9,1423.1667,1012.5714,1576.4286,4569291.0000,6082911.0000,16883,21825,1963,1189
2026-01-06,1168,2226,487,595,658,1461,-1970687.0000,-328943.0000,13505551.0000,17040860.0000,1451.1,1463.9667,909.7143,1384.8571,14704160.0000,13062416.0000,15847,21261,1550.3333,1046.3333
2026-01-05,1063,1344,439,545,389,856,18682.0000,62880.0000,4487324.0000,10507711.0000,1521.1667,1482.4333,864.5714,1447,6536879.0000,6492681.0000,15026,20900,1342,918.6667
2026-01-02,1336,2319,313,898,872,1189,431554.0000,415784.0000,20065419.0000,6938233.0000,1554.3,1454.9333,821.4286,1458.1429,11477886.0000,11493656.0000,16404,21809,970.6667,724
2025-12-31,740,988,243,437,391,543,-816352.0000,1362202.0000,4486063.0000,6574187.0000,1592.3333,1481.5667,997.7143,1654,6234142.0000,4055588.0000,15946,21450,1386,927
2025-12-30,680,719,219,437,244,419,1081475.0000,-372537.0000,2276401.0000,6450707.0000,1631.8667,1505.3,1038.8571,1648.2857,2850708.0000,4304720.0000,15575,21030,1441.3333,849.6667
2025-12-29,752,1205,245,472,387,744,-514336.0000,-709702.0000,5435107.0000,9055323.0000,1656.2,1501,1054.5714,1612,6682467.0000,6877833.0000,14729,20581,1632.6667,848
2025-12-26,1349,2234,371,910,796,1229,1020494.0000,-574521.0000,15013100.0000,7392188.0000,1675.9333,1466.1,1035,1448.1429,9326244.0000,10921259.0000,17884,22210,1687,743
2025-12-24,448,885,193,231,273,529,356029.0000,-104366.0000,2663272.0000,3889601.0000,1694.7,1464.0667,1170.1429,1567.1429,2645769.0000,3106164.0000,17395,21959,2178.3333,1251.6667
2025-12-23,747,1779,255,457,449,1197,12191433.0000,-516533.0000,5116960.0000,20278264.0000,1702.4667,1436.3667,1264.8571,1900.7143,4953219.0000,17661185.0000,16083,21581,1811.6667,1325.3333
2025-12-22,1034,2397,309,664,825,1424,-1041085.0000,-77193.0000,5496363.0000,7989560.0000,1729.8333,1426.1667,1287.5714,1703.4286,5892325.0000,4928433.0000,14370,20924,1329.6667,1268
2025-12-19,1974,2359,1154,725,940,1246,4969364.0000,-492808.0000,15805083.0000,20048955.0000,1701.4333,1396.5667,1220.7143,1550.7143,13806053.0000,19268225.0000,19145,25216,905.6667,1014
2025-12-18,968,679,334,562,278,366,-58782.0000,125464.0000,2857095.0000,7597361.0000,1712.0667,1416.0333,1284.1429,1586.4286,5003611.0000,4819365.0000,18912,24864,1252,1156
2025-12-17,862,951,340,484,388,506,-129447.0000,813840.0000,3273533.0000,11683808.0000,1714.8333,1407.2333,1472.5714,1609.2857,7670294.0000,6727007.0000,18526,24592,2306.3333,1338.6667
2025-12-16,1212,1087,456,582,348,699,21678.0000,-1093269.0000,6816386.0000,21410289.0000,1756.3667,1422.8333,1684.4286,1744,11832394.0000,12947341.0000,17891,24245,2282.6667,1332.3333
2025-12-15,1394,1718,750,612,740,916,2934138.0000,-849797.0000,8165451.0000,18675073.0000,1771.4,1514.4333,1882.4286,1618.1429,11012537.0000,14796472.0000,16893,23914,2140,1369.6667
2025-12-12,1410,4114,588,750,1917,1831,317710.0000,1300850.0000,29220412.0000,11374545.0000,1794.8,1424.4,1826.2857,1163.2857,18745521.0000,17762381.0000,17634,25075,1078.3333,1370.3333
2025-12-11,1193,1016,542,613,450,535,2216996.0000,396274.0000,4470208.0000,14711031.0000,1874.2333,1467.7333,1925.5714,1201.5714,8376491.0000,10197213.0000,17210,24661,1110,1699.6667
2025-12-10,1506,1290,698,723,407,833,656498.0000,-2693676.0000,7628385.0000,14170861.0000,2041.9,1518.4333,1825.2857,1124.4286,8275266.0000,11625440.0000,16739,24239,1356.6667,2096
2025-12-09,1412,929,644,730,337,548,1061097.0000,-2812693.0000,11617113.0000,17217109.0000,2039.0667,1520.9,1737.4286,1079.2857,12027501.0000,15901291.0000,16254,23674,1326,2552
2025-12-08,2181,1111,1003,1109,434,595,511355.0000,-1327476.0000,4595636.0000,22547618.0000,2055.2333,1528.4,1543.1429,1011.5714,12162809.0000,14001640.0000,15604,22721,1265.6667,2164
2025-12-05,2695,2030,1363,1216,897,1038,1286970.0000,378739.0000,13914624.0000,22826353.0000,2019.9667,1489.3667,1756.8571,844.2857,17170938.0000,18079169.0000,17061,23228,1017,1895
2025-12-04,2780,837,380,526,283,541,117923.0000,-931617.0000,8252629.0000,102183669.0000,1958.4333,1479,1561.8571,865.5714,5314549.0000,11757889.0000,16648,23157,988,1236.3333
2025-12-03,1017,930,403,566,412,499,-986504.0000,-322515.0000,4854247.0000,12196349.0000,2024.3,1476.3333,1763.7143,1078.2857,8565970.0000,7901981.0000,16202,22828,882.3333,1163
2025-12-02,1888,1284,891,866,487,711,569273.0000,-2269331.0000,8809835.0000,18352043.0000,2019.7333,1463.8667,1841.7143,1387.7143,11218047.0000,14056651.0000,15710,22153,666.6667,807.3333
2025-12-01,804,750,311,465,317,361,3874.0000,-107792.0000,2921177.0000,8754930.0000,2067.6333,1492.9333,2179,1551.7143,5477983.0000,5589649.0000,15241,21794,703,1936.3333
2025-11-28,797,613,312,433,275,265,-2310332.0000,542320.0000,3173044.0000,7502369.0000,2119.2333,1578.8,2398,1677.5714,6392585.0000,3539933.0000,16442,23103,827.3333,2142.3333
2025-11-26,821,637,321,443,290,229,-1223865.0000,-158260.0000,3626259.0000,6356732.0000,2162.3333,1587.6,2549.4286,1841.8571,4923158.0000,3857553.0000,16146,22754,1421.3333,2678.6667
2025-11-25,4191,859,326,317,398,432,379631.0000,1501134.0000,11388915.0000,111380488.0000,2101.4,1624.9667,2217.2857,1923.5714,9083173.0000,8062410.0000,15805,22541,2285,2093
2025-11-24,1415,986,685,671,418,508,406479.0000,-1379281.0000,6726869.0000,13415809.0000,2118.3333,1628.4333,2226.8571,1936.4286,8467504.0000,10253264.0000,15373,22002,2589,2676.3333
2025-11-21,2430,2419,1267,1090,1101,1157,-275915.0000,-2638598.0000,29284121.0000,28497746.0000,2088.6,1614.1333,2157,1760.4286,22867732.0000,31168630.0000,16572,24808,2280.6667,2643
2025-11-20,2434,3450,839,1528,924,2322,-2533080.0000,-20422216.0000,118868760.0000,14620094.0000,2078.9667,1542,1953.7143,1385.2857,25171564.0000,102304940.0000,16521,23992,1726.3333,2458.6667
2025-11-19,3165,1898,1383,1670,858,883,-2844816.0000,-1737157.0000,33471376.0000,30292278.0000,2051.7333,1515.6333,1641.5714,1249.5714,29561764.0000,30038105.0000,16051,22710,1570.6667,2025.6667
2025-11-18,2330,1494,1054,1130,584,788,-2277073.0000,630675.0000,27842817.0000,20711803.0000,2068.4,1505.1333,1573.7143,1334.8571,24938879.0000,20197231.0000,15528,21657,1431.3333,1743
2025-11-17,1881,1787,750,1022,987,689,-3091446.0000,805547.0000,22511251.0000,18671142.0000,2074.2667,1496.1,1465.2857,1289.7143,21632538.0000,17735545.0000,15017,21031,1231.3333,1763
2025-11-14,1866,1431,816,995,638,702,848034.0000,210001.0000,10921963.0000,16439271.0000,2065.6667,1492.8333,1382.5714,1265.7143,12752438.0000,13390471.0000,16453,22217,1029,1478
2025-11-13,1482,1076,632,747,598,390,-1162039.0000,2472805.0000,8897045.0000,15356969.0000,2049.3333,1489.9,1305.8571,1210.1429,13288649.0000,9653805.0000,16037,21853,986.3333,1310.6667
2025-11-12,1941,1187,1936,865,487,1575,239723.0000,-3569253.0000,10406992.0000,31949129.0000,2048.4333,1473.9667,1379.7143,1262.7143,18360015.0000,20078991.0000,15675,21090,1287.6667,1282
2025-11-11,1011,824,566,393,349,406,1259833.0000,-376965.0000,5337810.0000,8096122.0000,2048.0333,1474.0333,1498.8571,1783,5292827.0000,6929625.0000,15554,20756,1503.3333,1319
2025-11-10,980,948,438,489,411,465,-243144.0000,147729.0000,7051181.0000,8617412.0000,2051.8,1468.3333,1660.5714,1849.4286,7291828.0000,6898190.0000,14994,20283,1608.3333,1421.3333
2025-11-07,1855,2091,868,890,964,956,1668103.0000,-971548.0000,26507190.0000,15166412.0000,2029.4,1446.4667,1906.4286,1881.5714,18021118.0000,20660769.0000,16537,22331,1140.3333,1118
2025-11-06,1122,1471,421,577,569,825,-1055095.0000,-7663037.0000,59850516.0000,11100975.0000,2021.1333,1426.6,2679.8571,2073,25280622.0000,41789764.0000,16266,21991,1168.3333,1563.3333
2025-11-05,1287,1263,435,778,729,472,-2115643.0000,2174656.0000,25616582.0000,16311550.0000,2039.3,1406.0333,2685.5714,2035.8571,21591918.0000,17301619.0000,15996,21412,2236,1749.3333
2025-11-04,945,687,433,453,242,365,1470858.0000,-115556.0000,7081377.0000,12329113.0000,2028.8667,1402,2931.4286,2128.5714,7967238.0000,9553652.0000,15627,21153,2478,2138.3333
2025-11-03,2458,1555,963,1311,632,732,-1593831.0000,725392.0000,16951660.0000,32187199.0000,1982.5,1375.1667,2814.1429,2029.1429,23029596.0000,20710373.0000,14825,19941,2731.6667,2511
2025-10-31,1845,4466,1087,616,2124,2099,-609085.0000,227776.0000,53839576.0000,6762250.0000,1965.0667,1288.3,2684,1466.2857,28360706.0000,27523845.0000,17520,22545,2180,4074.6667
2025-10-30,2112,1413,964,975,521,701,3317309.0000,-1908411.0000,11024081.0000,18171055.0000,1954.4,1283,2809.8571,1385.8571,10348713.0000,15574433.0000,17627,22407,2043.3333,3813
2025-10-29,3576,2316,1399,1924,1022,1064,2159182.0000,1985545.0000,28161406.0000,34465772.0000,1857.5333,1230.2,2549.1429,1185,27119918.0000,27293555.0000,17044,21570,1716.6667,3509.6667
2025-10-28,6536,2811,1437,1418,1156,1211,342308.0000,-550989.0000,18784963.0000,168952750.0000,1674.2667,1161.5,1935.5714,1015.1429,21679353.0000,22572650.0000,15006,19154,1066,1876.6667
2025-10-27,1327,1003,597,632,426,478,1138012.0000,457342.0000,9856439.0000,15201861.0000,1664.3667,1144.9,2081,1327.4286,10786425.0000,11467095.0000,14538,18498,907,1745.6667
2025-10-24,2666,1336,1238,1169,576,650,-1157913.0000,47261.0000,10230962.0000,15992834.0000,1625.7667,1147.8667,2002.1429,1265.2857,12824615.0000,11619441.0000,15752,19825,745,1854.6667
2025-10-23,1637,859,633,873,440,367,-190726.0000,2626740.0000,8333355.0000,19787072.0000,1605.9667,1136.1,2105.8571,1425.4286,11199914.0000,8382448.0000,15431,19325,762,1892.6667
2025-10-22,934,526,350,512,225,232,-669284.0000,8071.0000,2996033.0000,12476758.0000,1622.3333,1150.4,2247.1429,1506,7156144.0000,6478789.0000,15213,19057,1127.3333,2328.3333
2025-10-21,2993,850,1903,959,290,516,4686616.0000,-1659305.0000,7854798.0000,45918693.0000,1540.1333,1137.9667,2039.2857,1668.8571,14662945.0000,37323866.0000,14915,17530,1907,2112.3333
2025-10-20,1751,910,899,783,409,378,1513795.0000,-606081.0000,5384048.0000,22400082.0000,1503.0333,1137.9333,2095.5714,1722.5714,11925382.0000,14045258.0000,14298,17208,1904,2233.3333
2025-10-17,2241,1622,1026,1012,689,744,1575878.0000,221939.0000,22374412.0000,16258882.0000,1510.2333,1201.7667,2110.8571,1649,16301840.0000,17655779.0000,16553,20419,2023.3333,2274
2025-10-16,2345,3189,946,1275,1762,1217,-1629106.0000,10421076.0000,117064009.0000,24092301.0000,1469.8333,1120.5,2180.1429,1361.8571,87385341.0000,46097109.0000,16733,19573,1323.6667,2133.3333
2025-10-15,2114,901,795,1173,477,392,-4033449.0000,709137.0000,11010670.0000,24734096.0000,1416.8,1105.4333,2172,1449.7143,18464731.0000,13712740.0000,16504,18648,1686.6667,1941.3333
2025-10-14,2363,1980,1140,1152,885,1025,-3471195.0000,-1874443.0000,17767399.0000,30720407.0000,1360.0333,1069.2333,2064.1429,1357.2857,24029684.0000,22432932.0000,16008,17765,1455.3333,1868.6667
2025-10-13,1923,1090,918,919,503,508,1076617.0000,-1283837.0000,18364989.0000,13484876.0000,1324.3333,1084.2,1931.1429,1342.7143,13719928.0000,16080382.0000,15595,17303,1461,2010.3333
2025-10-10,1538,1990,643,792,971,879,219434.0000,367034.0000,17266065.0000,10529524.0000,1301.3333,1044.7333,1984.8571,1159.7143,12776977.0000,12629377.0000,16650,18893,1190.6667,2441
2025-10-09,2145,1286,975,887,332,839,5179089.0000,-11354543.0000,29386123.0000,27299073.0000,1256.9,1032.7333,1821.1429,1094,12446167.0000,40956819.0000,16639,18151,1267.3333,2411.6667
2025-10-08,2348,1107,947,1183,520,513,1833460.0000,2279072.0000,25596774.0000,27763705.0000,1201.2333,1023.0667,1641.8571,1046.8571,24534453.0000,25708841.0000,16435,17303,1342.6667,2165
2025-10-07,2830,1179,1016,1567,619,488,-7560298.0000,2286201.0000,18400951.0000,65979096.0000,1125.7333,1015.6667,1406.5714,1083.4286,45071818.0000,33006819.0000,15916,16012,1279,1552.3333
2025-10-06,2057,1516,1040,935,734,718,-73953.0000,3147931.0000,23075128.0000,43310836.0000,1121.6667,1071.4333,1237.5714,991.8571,32117529.0000,31415305.0000,15156,15510,1010,1504.6667
2025-10-03,1608,1333,797,743,612,651,2075451.0000,-1423551.0000,8998458.0000,15151625.0000,1095.9,1056.1333,1269.5714,893.7143,9775888.0000,13274890.0000,16031,16395,841,1301.6667
2025-10-02,992,988,483,404,483,395,1811203.0000,428923.0000,11473012.0000,8311575.0000,1082.5,1045.7667,1218.1429,833.4286,8200766.0000,9583046.0000,15636,16083,770.6667,1335.3333
2025-10-01,1914,709,810,1004,323,332,-336249.0000,1031177.0000,10420861.0000,23558362.0000,1042.3333,1048.5,1097.1429,839.2857,17041907.0000,15674481.0000,15415,15741,1012.6667,1091.6667
2025-09-30,999,826,427,481,365,369,-1293222.0000,1156189.0000,10044509.0000,10002700.0000,1027.5,1040.5,1143.2857,987,9843270.0000,7393859.0000,14926,15384,1029,1050
2025-09-29,1093,777,363,646,349,354,-3912248.0000,54255.0000,4921700.0000,14702573.0000,1018.6333,1060.4667,1243.1429,1055.1429,10989758.0000,7023255.0000,14394,14859,985.3333,1296.3333
2025-09-26,1183,1435,503,637,591,684,-1699705.0000,-18246.0000,8340737.0000,10183095.0000,995.7,1039.1667,1169.8571,954.7143,8414773.0000,6733314.0000,15488,16076,695.6667,1112.6667
2025-09-25,874,875,388,405,334,402,772921.0000,-257149.0000,4021638.0000,9004653.0000,977.9667,1028.0333,1193.2857,936.8571,5372083.0000,6402153.0000,15061,15831,654,1177
2025-09-24,1832,646,906,776,226,397,4968222.0000,-956336.0000,5098573.0000,89342094.0000,937.1,1034.3667,1078.7143,916.7143,39648782.0000,45573340.0000,14644,14949,1058.6667,1007
2025-09-23,632,566,333,265,239,292,655431.0000,-301033.0000,3531896.0000,9917407.0000,934.7667,1030.9667,1203.8571,1039.4286,5902077.0000,6858541.0000,14354,14764,1288,1393.6667
2025-09-22,1067,750,512,473,233,277,143421.0000,-14361.0000,4616101.0000,8529990.0000,936.9333,1050.4667,1200.4286,1004.5714,5699167.0000,5856949.0000,13798,14251,1282,1261.3333
2025-09-19,1322,1860,512,691,882,822,-1347016.0000,1119808.0000,14035643.0000,7693018.0000,928.9333,1033.1,1215.1429,875.2857,11210680.0000,8743856.0000,18037,19826,912,1166.6667
2025-09-18,1792,1254,744,960,528,638,-3770593.0000,-3135467.0000,13887942.0000,16283822.0000,888.8333,1009.8333,1034.4286,764.2857,13415540.0000,13900814.0000,17680,19181,662.3333,912.6667
2025-09-17,670,732,368,277,298,355,335600.0000,-1872548.0000,6171419.0000,6825291.0000,880.4667,996.9333,1029.8571,789.5714,5189891.0000,7398039.0000,17349,18984,893.3333,1192
2025-09-16,1038,750,432,526,401,305,-260639.0000,2473726.0000,7880552.0000,14131910.0000,883.5667,1005.4333,1232.5714,1187.7143,11470441.0000,8736076.0000,16953,18553,812,1193.6667
2025-09-15,1030,505,523,462,215,232,1394784.0000,-338915.0000,2337048.0000,10520826.0000,912.4,1068.6333,1247.2857,1222.8571,5331445.0000,7065144.0000,16672,18091,962,1325.3333
2025-09-12,1508,1425,731,711,640,671,2130898.0000,-521002.0000,8860246.0000,11059781.0000,910.6333,1085.1333,1106.5714,1083.4286,7104291.0000,9756191.0000,17306,18774,646,998.3333
2025-09-11,1043,506,401,585,226,257,-313077.0000,490887.0000,3321737.0000,6190396.0000,1052.9,1191.8333,1051.8571,1138.8571,4695276.0000,3891312.0000,17251,18407,780.3333,863.3333
2025-09-10,1425,955,601,721,526,331,-1458060.0000,4321217.0000,11565499.0000,15638561.0000,1090.1,1269.8,970,1222.2857,15896671.0000,9683394.0000,16844,17918,1641,1207.3333
2025-09-09,527,477,212,248,198,248,-955926.0000,961931.0000,3409249.0000,17132779.0000,1108.1,1295.3,1015.8571,1269.2857,6052410.0000,4134553.0000,16586,17669,1732.3333,1409.3333
2025-09-08,638,909,354,241,364,475,1409487.0000,500533.0000,5241207.0000,7332274.0000,1123.7333,1315.3667,1040.7143,1271.7143,5181216.0000,6090170.0000,16140,17470,1579,1371
2025-09-05,2457,3537,1056,1215,1458,1895,-5228472.0000,7340108.0000,38495010.0000,47459876.0000,1062.1667,1221.6667,786.5714,883.1429,51081333.0000,29457753.0000,17175,17725,698,772
2025-09-04,1133,751,294,384,319,367,-962480.0000,-1257145.0000,7371865.0000,53028951.0000,1042.4667,1222.4667,705.4286,912.5714,6715398.0000,7010063.0000,16779,17843,960.6667,678.3333
2025-09-03,523,449,268,202,150,1192,660081.0000,-4752944.0000,5965384.0000,4553882.0000,1045.5667,1240.6,907.1429,1304,2575483.0000,3988508.0000,16655,17703,1079.6667,786.6667
2025-09-02,660,894,260,339,472,378,-2577947.0000,1921672.0000,7229054.0000,8171461.0000,1037.1667,1239.3667,932.1429,1301.1429,9519617.0000,5019998.0000,16192,17393,1090.3333,837.3333
2025-08-29,852,1539,389,396,570,825,-354377.0000,1299994.0000,9391336.0000,4814129.0000,1044.6,1243.6667,894.7143,1178,7371093.0000,5716722.0000,16976,18251,849.6667,779.3333
2025-08-28,848,806,391,405,362,402,-4920415.0000,-327118.0000,8939877.0000,17803192.0000,1036.8333,1243.9333,874.8571,1175.8571,15315638.0000,10722341.0000,16522,18022,900,685
2025-08-27,812,926,343,423,435,354,-1687376.0000,259382.0000,7896973.0000,9642760.0000,1027.8333,1242.5,838,1127.2857,8174013.0000,6227255.0000,16128,17729,1654.3333,1059.3333
2025-08-26,678,817,289,311,309,387,1688836.0000,-823998.0000,7410315.0000,8973594.0000,1028.1,1236.1333,859.2857,1207.1429,5857825.0000,8370659.0000,15893,17444,1673.3333,1111.6667
2025-08-25,565,957,298,222,390,451,1523456.0000,-609930.0000,11850743.0000,8513632.0000,1025.8,1225.9667,849.2857,1184.1429,7689517.0000,9822903.0000,15577,17189,1580,1120
2025-08-22,1935,3189,820,1002,1307,1669,1566446.0000,-1313258.0000,25448034.0000,19124171.0000,1004.8,1177.8333,621.7143,805.8571,19860903.0000,22740607.0000,16351,17726,780.6667,711.3333
2025-08-21,835,874,395,368,372,435,-44769.0000,-1629406.0000,9180678.0000,7642002.0000,1035.4333,1178.4667,589,800.4286,6466904.0000,8051541.0000,16021,17571,684.6667,617.6667
2025-08-20,590,677,303,251,271,354,343715.0000,-396067.0000,5281137.0000,5187494.0000,1036.3,1192.0333,585,770,4378652.0000,5118434.0000,15714,17366,917.6667,696.6667
2025-08-19,709,791,347,340,313,403,-1012116.0000,-1576494.0000,8190814.0000,6702479.0000,1032.3333,1202.9333,645.4286,847.7143,6307955.0000,6872333.0000,15299,17017,919.3333,625.3333
2025-08-18,554,586,282,221,230,294,585137.0000,-268638.0000,2335235.0000,5265265.0000,1034.2333,1209.6333,720.8571,955.2857,2870600.0000,3724375.0000,14965,16778,904.3333,554.6667
2025-08-15,827,1376,388,409,631,690,-1055618.0000,-228634.0000,8834980.0000,4747577.0000,1033.7333,1198.7667,686.8571,838.1429,6885033.0000,6058049.0000,16625,18173,724.3333,481
2025-08-14,495,796,242,236,332,440,612151.0000,478277.0000,6156160.0000,4794052.0000,1053.2333,1214.8,676,773.7143,5189909.0000,5323783.0000,16333,17989,613.6667,503.3333
2025-08-13,342,541,135,193,203,321,237588.0000,-1980735.0000,4087335.0000,2355599.0000,1069.9,1235.9667,788.7143,840,2051508.0000,4269831.0000,16199,17825,878.3333,766.6667
2025-08-12,606,836,283,294,355,415,332835.0000,753002.0000,5390481.0000,4014014.0000,1094.9,1248.3,972.8571,1063.5714,4595336.0000,4175169.0000,15987,17642,1046,925.3333
2025-08-11,562,464,234,294,243,159,-38303.0000,451595.0000,2729552.0000,5723264.0000,1268.1667,1294.8667,1100.4286,1271.5714,3740352.0000,3250454.0000,15804,17443,1076.6667,934.3333
2025-08-08,1132,1335,454,580,636,600,-167695.0000,628432.0000,8276288.0000,5241258.0000,1264.7667,1300.7667,1697.4286,1610.4286,6472259.0000,5676132.0000,17093,18512,746.6667,696.6667
2025-08-07,1082,1339,371,617,657,631,-1607535.0000,418999.0000,4849125.0000,6147313.0000,1246.3333,1294.9,1905.8571,1889.7143,6282126.0000,4255592.0000,16686,18101,635.3333,713
2025-08-06,589,556,292,271,274,257,-196261.0000,463618.0000,3876833.0000,4296355.0000,1279.4333,1327.4667,1974.1429,1987.7143,4241996.0000,3582117.0000,16476,17909,1250.3333,1148.3333
2025-08-05,419,345,165,230,179,138,880716.0000,139380.0000,2294052.0000,4058632.0000,1307.8667,1359.9,2072.4286,2154.2857,2534434.0000,3275770.0000,16360,17805,1775.3333,1493.6667
2025-08-04,1131,1005,589,492,407,532,2508147.0000,-134859.0000,7914806.0000,16892031.0000,1354.4667,1394.3,1998,2114.4286,10209973.0000,12852979.0000,15892,17305,2676,2887
2025-08-01,1895,2401,740,1067,1204,1050,-1074577.0000,2748859.0000,16654111.0000,12690929.0000,1379.7667,1354.6667,1804.7143,1882.1429,15497113.0000,11620677.0000,18723,19627,2973.6667,3102.3333
2025-07-31,1455,1920,533,804,922,896,-951033.0000,345801.0000,11424486.0000,19340914.0000,1375.7,1379.1,1684.8571,1749.7143,13567712.0000,12270878.0000,18393,19297,2747.6667,2973
2025-07-30,5311,3707,1135,4042,1521,1837,-6177264.0000,-2082252.0000,27636547.0000,170911580.0000,1233.6667,1310.3,984.4286,1342.5714,172095615.0000,23460603.0000,18150,18288,2015.6667,1571.6667
2025-07-29,2541,3294,987,1275,1406,1636,-4573854.0000,-468898.0000,22621719.0000,18237352.0000,1278.8667,1324.6333,775,1110.2857,20454721.0000,16349765.0000,15695,16752,1159.6667,928
2025-07-28,1067,1242,501,466,561,595,-661044.0000,6488.0000,10175536.0000,14454760.0000,1320.8667,1366.4,710.4286,1049.1429,11791394.0000,11123862.0000,14983,16221,1004,753
2025-07-25,1107,1511,455,586,686,731,171805.0000,-335470.0000,9503412.0000,8231930.0000,1348.1,1373.8333,629.7143,959.4286,8192301.0000,8699576.0000,16061,16830,831.3333,589.3333
2025-07-24,610,726,239,358,313,357,-135254.0000,177586.0000,3993887.0000,4582617.0000,1495.9,1402.2333,640.5714,945.1429,4089057.0000,3776217.0000,15765,16614,875,522
2025-07-23,542,775,182,306,392,356,-1033094.0000,1118300.0000,6886936.0000,4985084.0000,1498.1,1433.2333,634,927.5714,6644422.0000,4493028.0000,15462,16417,1172.6667,699.6667
2025-07-22,616,993,343,265,410,362,1432284.0000,571421.0000,8321044.0000,5786356.0000,1518.9,1491.3667,732.4286,1035,5854246.0000,6715109.0000,15095,16188,1113,699.3333
2025-07-21,408,857,165,194,425,328,1262354.0000,424965.0000,4864355.0000,7844682.0000,1713.8,1517.7333,924.7143,1040.1429,5201029.0000,6038418.0000,14531,16019,1121.6667,744
2025-07-18,1075,1668,564,439,732,819,926182.0000,1379815.0000,9635038.0000,5937581.0000,1701.5333,1513.3667,859.1429,956.7143,7622766.0000,7169133.0000,18426,19064,774.3333,614.3333
2025-07-17,615,814,324,237,356,348,1054383.0000,270136.0000,2826205.0000,4512306.0000,1697.6,1552.3667,855.5714,1000.1429,2985847.0000,3770094.0000,18320,18835,720.3333,574.6667
2025-07-16,542,883,285,220,507,328,166337.0000,858062.0000,5131713.0000,5947632.0000,1705.0667,1569.7333,865.4286,986.4286,5604160.0000,4912435.0000,17830,18691,1007.6667,829
2025-07-15,686,626,292,358,309,266,-527576.0000,208720.0000,6211069.0000,14305293.0000,1723.2333,1668.9,883.4286,1047,9918039.0000,9181743.0000,17566,18473,1096.6667,1185
2025-07-14,496,652,238,237,232,363,1170594.0000,-459577.0000,5251372.0000,5159178.0000,1743.9667,1688.2333,966.8571,1136.2857,3970862.0000,5601033.0000,17227,18238,1240.6667,1225
2025-07-11,1305,1745,471,735,789,914,1083711.0000,998914.0000,17729616.0000,16149244.0000,1721.7333,1684.8,900.7143,1055,15894489.0000,15979286.0000,18690,19159,1031.6667,986.6667
2025-07-10,1754,893,939,757,428,425,-2496218.0000,-451136.0000,3581943.0000,41256433.0000,1745.2667,1744.9333,843.8571,1099.7143,22829269.0000,20784187.0000,18517,18614,996.3333,605.6667
2025-07-09,616,1084,278,301,505,505,-929359.0000,42667.0000,6512187.0000,7002193.0000,1779.1667,1833.2667,1578.7143,1210.7143,6794708.0000,5822682.0000,17958,18441,985,671
2025-07-08,590,1118,233,326,509,494,-913609.0000,265790.0000,11370956.0000,8008550.0000,1790.1333,1816.4667,1641.5714,1267,9216753.0000,8037568.0000,17535,18215,1038,834.3333
2025-07-07,611,787,291,282,332,381,2205805.0000,92855.0000,5120631.0000,9037785.0000,1796.7667,1837.9667,1629.8571,1320.7143,5361808.0000,7474758.0000,17160,17953,1167.6667,911.3333
2025-07-03,812,1050,373,354,402,596,404974.0000,3815.0000,4951614.0000,6320982.0000,1801.2,1841.2,1739.8571,1389.7143,5067211.0000,5468370.0000,18305,18791,1219.6667,1092.6667
2025-07-02,1080,1277,395,615,520,676,-10145159.0000,123830.0000,6766834.0000,43893459.0000,1791.3,1843.9667,1767.2857,1395.5714,32922151.0000,15275362.0000,17795,18703,1414.3333,2652.6667
2025-07-01,842,1176,395,380,510,559,-861849.0000,1355567.0000,10916107.0000,14373288.0000,1818.3667,1874.8,2008.2857,1518.5714,12968688.0000,10751272.0000,17372,18377,1526.3333,2715.3333
2025-06-30,1356,1206,520,771,521,578,1579634.0000,-153062.0000,9660249.0000,33027896.0000,1797.3,1869.0667,2193.7143,1519.4286,26500502.0000,13965698.0000,16806,18142,1512,2439.6667
2025-06-27,5760,1861,2920,2624,771,958,-4662419.0000,121700.0000,10260777.0000,293876819.0000,1648.7333,1849.3333,1561.2857,1632.5714,177449665.0000,122262416.0000,18102,18588,1402.6667,1047
2025-06-26,1030,1512,500,454,549,852,1795823.0000,-938532.0000,8198579.0000,20150817.0000,1691.2333,1848.4667,1564.1429,1651.2857,11292403.0000,14038488.0000,17639,18410,1338,1127.6667
2025-06-25,529,1163,259,258,518,607,8441.0000,72852.0000,4056533.0000,6322859.0000,1726.6,1866.3,2045.2857,2017.1429,4841114.0000,4776703.0000,17312,18255,1629.3333,1794.3333
2025-06-24,1582,1533,851,649,632,826,2451770.0000,-10152.0000,6860612.0000,28744245.0000,1746.6667,1928.7333,2151.7143,2154.5714,15943530.0000,18405452.0000,16781,17817,1522.3333,2151.6667
2025-06-23,1272,1318,639,607,599,660,431245.0000,77342.0000,6791002.0000,24565858.0000,1755.8667,1916.4333,2244.8571,2214,15080586.0000,15434489.0000,16246,17380,1967.3333,2172
2025-06-20,2529,2037,1126,1305,876,1010,-1322886.0000,906958.0000,14038310.0000,25267897.0000,1722.1333,1886.7333,2604.1429,2148.4286,19756143.0000,17526299.0000,23810,23406,1836,1679
2025-06-18,2654,1212,1122,1175,560,609,-1065562.0000,339336.0000,4937889.0000,51662291.0000,1668.5,1890.0333,2311.8571,2218.8571,25751674.0000,24346776.0000,23614,22681,2673.3333,2093.3333
2025-06-17,1333,2653,654,616,1814,784,1782213.0000,2891224.0000,61139006.0000,55876239.0000,1652.5,1852.6,2298.5714,2230.8571,72762588.0000,40868377.0000,23233,22260,2620.6667,2424.6667
2025-06-16,1050,1643,456,557,585,887,2187731.0000,-708710.0000,6895543.0000,15497104.0000,1717.8,1995.9667,3042.1429,2231.5714,8558733.0000,11455174.0000,22588,21905,2651,2716
2025-06-13,3897,3724,1672,1947,1809,1682,4882097.0000,2109808.0000,31630683.0000,91302121.0000,1697.7667,1936.3667,2586.4286,1919.1429,55509845.0000,58282134.0000,23946,24572,1935.6667,3098.3333
2025-06-12,2327,2495,1181,953,1065,1215,9828523.0000,102401.0000,10014522.0000,87701163.0000,1903.8667,1973.6,2325,1846.1429,39688079.0000,49414201.0000,22831,23719,1672.3333,2525.3333
2025-06-11,1924,1734,901,895,855,781,2878836.0000,-196560.0000,9907782.0000,43339554.0000,1957.7333,2035.6,2159.5714,1799,23326005.0000,26401401.0000,22012,23174,2006.6667,2297.3333
2025-06-10,5044,1578,2313,2301,717,731,6453018.0000,987953.0000,9113691.0000,171965308.0000,1836.8667,2046.4667,1614.8571,2088,79942317.0000,85407382.0000,21552,20951,2030,2701
2025-06-09,608,1705,247,341,709,888,-273712.0000,606652.0000,12234489.0000,6988277.0000,1882.6333,2044.6333,1687.7143,2020.4286,9306300.0000,8425936.0000,20937,20738,1974,2734
2025-06-06,1240,2737,643,518,1180,1368,3090272.0000,-324792.0000,11458735.0000,12399020.0000,1913.9333,1998.5,1601.7143,1864,9548063.0000,12963127.0000,23048,21516,1723,2486.3333
2025-06-05,6255,1648,349,541,655,879,-98161.0000,-779672.0000,9683999.0000,970912756.0000,1775.9,1998.8667,1059.5714,2013.8571,10964872.0000,11594233.0000,22435,22035,1641.6667,656.6667
2025-06-04,707,1537,327,327,680,785,-114765.0000,1730225.0000,6874096.0000,7252049.0000,1825.8,1980.6667,1191.8571,2327.7143,7550040.0000,5705050.0000,22214,21841,2329.6667,831.3333
2025-06-03,497,1984,212,266,980,797,-2148685.0000,7917417.0000,15601363.0000,8786280.0000,1867.0667,1945.9,1252.1429,2132,17094540.0000,5083758.0000,21183,21675,2079,1038.3333
2025-06-02,766,1404,298,372,537,789,183643.0000,-47736.0000,7340756.0000,33555652.0000,1915.5,1956.5,1258.4286,2136,21016412.0000,14656091.0000,20479,21302,2158.3333,995.6667
2025-05-30,1231,3601,523,571,1634,1601,3116988.0000,2074781.0000,23271709.0000,16907780.0000,1939.8,1884.9,1217.5714,1785.4286,17052866.0000,18545073.0000,21501,22610,1857,1405.3333
2025-05-29,1118,1232,531,440,516,622,1099681.0000,677546.0000,5091409.0000,10101427.0000,1937.9,1882.2333,1169.7143,1803.7143,6810868.0000,7233003.0000,20824,22347,2691,1577
2025-05-28,638,1642,320,264,715,803,702256.0000,-815266.0000,15793759.0000,11534707.0000,1960,1882.3333,1314.8571,1869.2857,12006547.0000,13534069.0000,20012,22146,2348.3333,1670.6667
2025-05-27,2460,2697,1021,1365,1104,1297,-8732525.0000,-3593.0000,19381856.0000,76917981.0000,1949.1,1872.5667,1066.8571,1631.7143,54339945.0000,37670757.0000,18813,21181,1926.6667,1120.6667
2025-05-23,1633,3734,608,897,1715,1647,-156403.0000,1000516.0000,32408163.0000,14633348.0000,1968.0333,1808.7333,1019.7143,1279.5714,22225830.0000,21068911.0000,19797,22732,1064.3333,891.3333
2025-05-22,919,614,487,405,256,322,1438823.0000,1568.0000,3921899.0000,19191258.0000,2026.8667,1848.4,1217.7143,1404.1429,10178561.0000,11615816.0000,19605,22443,1313,846
2025-05-21,810,1432,297,482,653,708,-951752.0000,730031.0000,7427174.0000,6327794.0000,2086.4333,1848.5333,1329.1429,1442.1429,7262628.0000,5580845.0000,19076,22206,1536,1127.3333
2025-05-20,945,1147,261,616,590,436,-4598382.0000,1219337.0000,6133199.0000,34157943.0000,2198.4667,1896.9667,1506.1429,1764.8571,21505148.0000,17724929.0000,18561,21830,1498.3333,1053.6667
2025-05-19,783,1360,374,343,680,579,1002579.0000,602189.0000,6537963.0000,12378180.0000,2263.6,1935.8333,1615.4286,1706.1429,7818934.0000,8219324.0000,17989,21563,1468,1227
2025-05-16,1654,2101,728,813,967,1039,240741.0000,872591.0000,10294431.0000,18464201.0000,2272.3333,1925.9333,1595.8571,1569.7143,13985391.0000,13356041.0000,20342,23184,1263,1444
2025-05-15,724,1034,396,306,419,568,5087077.0000,-1625416.0000,6993753.0000,18056447.0000,2284.9667,1932.3667,1641.7143,1609.2857,8882926.0000,15595419.0000,19932,23025,1484.3333,1732.6667
2025-05-14,1303,1269,592,632,655,520,19700386.0000,4734301.0000,15985900.0000,67927844.0000,2271.4667,1957.0333,1577.4286,1646.5714,40470502.0000,42054837.0000,19583,22825,2196.6667,2026.3333
2025-05-13,2305,1486,1094,1143,693,687,7628232.0000,674764.0000,9187974.0000,95968928.0000,2255.2,1950.5667,1678,2283.4286,47124482.0000,56339490.0000,18884,21905,2017.6667,1774
2025-05-12,1590,1698,695,820,739,751,-6488770.0000,-146290.0000,23834469.0000,39237873.0000,2254.8333,1968.2333,1921.7143,2317.4286,32966506.0000,26624026.0000,18212,21373,1833.6667,1749.6667
2025-05-09,2184,3406,859,1132,1385,1620,-3574813.0000,164770.0000,28754970.0000,54052859.0000,2219.1333,1905.5667,2825.4286,2346.8571,38967031.0000,35227448.0000,19892,24125,1135.3333,1370
2025-05-08,1548,949,662,807,383,498,2768135.0000,497510.0000,8559839.0000,29139852.0000,2200.5,1914.3333,3110,2724.7143,17252043.0000,19114668.0000,19516,23551,1329,1138.3333
2025-05-07,1517,1146,633,818,485,571,6462636.0000,17669.0000,6708448.0000,26621094.0000,2189.5,1932.4667,3095.8571,2833,13059520.0000,19504487.0000,19087,22897,2928.3333,1635.6667
2025-05-06,1045,1311,477,493,636,585,6729272.0000,-1337595.0000,7954715.0000,33445538.0000,2245.1333,1971.7,3229.5714,2881.4286,16097313.0000,24164180.0000,18640,22448,3136.6667,2386
2025-05-05,853,1530,349,455,633,801,988965.0000,1053011.0000,15411994.0000,15340402.0000,2293.7667,1968.0667,3419,2856.1429,14303091.0000,14239045.0000,17796,22139,3830.6667,4938.3333
2025-05-02,3009,5944,1338,1522,2586,2838,-6723685.0000,-1011840.0000,58357640.0000,50116642.0000,2230.9333,1818.2,3291.1429,2244,53181581.0000,47469736.0000,21655,24594,3047.3333,5115.3333
2025-05-01,3296,1936,1319,1689,654,1039,-9143551.0000,-1235367.0000,15427163.0000,71918174.0000,2173.8,1790.5,3135.1429,2109,42689030.0000,34435022.0000,20970,23766,3036.6667,4489.3333
2025-04-30,8510,3612,2783,2971,1174,2130,-9941609.0000,-4686955.0000,20998458.0000,413469061.0000,1940.5,1702.1,2167.2857,1727.4286,121219209.0000,113650795.0000,19726,21933,2382.6667,2313
2025-04-29,3540,3594,1818,1325,1595,1655,10404883.0000,-7030242.0000,32101295.0000,46120796.0000,1861.8,1615.8,1978.5714,1460,26737078.0000,44172203.0000,17546,19643,1635.6667,1859.3333
2025-04-28,1418,1904,684,636,874,789,1917719.0000,-1405105.0000,13248888.0000,19636458.0000,1906.4667,1615.3,2056,1395.5714,12405306.0000,15728130.0000,16345,18961,1554,2091.3333
2025-04-25,1981,1650,674,1173,623,887,-8468474.0000,-532204.0000,6021292.0000,25664972.0000,1896.5333,1624.9667,1924.5714,1324.4286,18924642.0000,10988372.0000,18500,20700,1334.3333,2165.6667
2025-04-24,2179,1353,1212,878,593,706,2161918.0000,-344916.0000,6646908.0000,34245889.0000,1902.9,1611,1799.1429,1366.1429,18511019.0000,21017853.0000,17969,20090,1197,2017.6667
2025-04-23,2114,1659,1069,949,679,862,-1982494.0000,-1155990.0000,16070122.0000,31111668.0000,1898.5,1602.7667,1801.8571,1472.5714,22037307.0000,23480803.0000,17047,19767,1218,2052.6667
2025-04-22,2204,991,1038,1108,336,563,-4126142.0000,-1569653.0000,6794561.0000,33966251.0000,1883,1632.5333,1801.4286,1590.8571,21091313.0000,18534824.0000,16650,19218,1372,1971.3333
2025-04-21,1735,941,780,891,480,394,1087426.0000,846414.0000,8840420.0000,12841256.0000,1905.5667,1666.1333,1937,1714.1429,10194227.0000,10435239.0000,16140,18824,1442.3333,1746.6667
2025-04-17,2219,1722,1003,1113,728,930,2902386.0000,-1401269.0000,7091592.0000,41210996.0000,1907,1654.5667,1991,1673.2857,21284614.0000,25588269.0000,20016,22758,1416.6667,1440.6667
2025-04-16,1960,1453,1017,870,758,624,-8326465.0000,131848.0000,8849542.0000,19066919.0000,1885,1629.4333,2326.1429,1837.1429,17771467.0000,9313154.0000,19729,22156,1733.6667,1498.3333
2025-04-15,1061,1152,478,553,648,442,369482.0000,276044.0000,6983524.0000,6645102.0000,1909.5333,1626.7667,2565.5714,2033.4286,6240754.0000,6334192.0000,19423,21799,1956,1878.3333
2025-04-14,1301,1645,553,695,803,741,-3640321.0000,682019.0000,18272645.0000,18214279.0000,1915.2333,1619.2667,2653.4286,2056.1429,19497382.0000,15175042.0000,18901,21354,2009,2339.3333
2025-04-11,2133,2404,936,1036,1003,1237,3012322.0000,253489.0000,31665557.0000,18777344.0000,1903.7333,1618.2,2506.2857,1888,21818709.0000,24577542.0000,19715,23517,1686.3333,2494
2025-04-10,2201,1819,1020,1095,930,838,62230.0000,-515773.0000,21520785.0000,102145431.0000,1932.8667,1613.8667,2320.1429,1915.1429,60053654.0000,61078657.0000,19055,22554,1946.6667,3195.6667
2025-04-09,2684,1804,1329,1178,687,1035,3248381.0000,-7769791.0000,33680369.0000,72600378.0000,1902.6,1597.4,2196.2857,1842,44296880.0000,55315052.0000,18441,21754,2187.3333,3213.3333
2025-04-08,2597,1436,1141,1397,679,692,-11825301.0000,-106413.0000,22072350.0000,189355766.0000,1891.5000000000000000,1585.2666666666666667,2050.8571428571428571,1955.1428571428571429,111185986.0000,97126405.0000,17895,20797,2310.0000000000000000,2986.3333333333333333
2025-04-07,4306,2600,960,1308,1299,1082,216863.0000,7377531.0000,59288284.0000,120309703.0000,1897.7000000000000000,1566.1666666666666667,1594.7142857142857143,1801.7142857142857143,54270745.0000,45729077.0000,18050,19770,1852.3333333333333333,1918.6666666666666667
2025-04-04,2737,2526,1045,1589,1092,1229,-798939.0000,2339564.0000,26384259.0000,19176431.0000,2176.9333333333333333,1909.2333333333333333,1345.0000000000000000,1614.0000000000000000,23556019.0000,20417516.0000,19799,21052,1680.0000000000000000,1305.6666666666666667
2025-04-03,1916,1804,820,996,833,816,-230703.0000,1729258.0000,20477950.0000,10011185.0000,2293.8666666666666667,1975.1000000000000000,1240.8571428571428571,1597.7142857142857143,15306463.0000,13346502.0000,19430,20296,1509.3333333333333333,1272.6666666666666667
2025-04-02,1103,1227,512,557,497,650,-1440387.0000,217094.0000,5999929.0000,6772441.0000,2344.7666666666666667,1972.5666666666666667,1471.0000000000000000,1777.8571428571428571,6822288.0000,5164807.0000,18875,19863,1843.0000000000000000,1431.3333333333333333
2025-04-01,898,2009,405,436,830,954,-249738.0000,69055.0000,16637118.0000,6141352.0000,2389.5000000000000000,1981.7000000000000000,1673.0000000000000000,1693.8571428571428571,10534604.0000,10215811.0000,17949,19536,1682.0000000000000000,1503.0000000000000000
2025-03-31,1817,1292,775,877,481,605,2673520.0000,-1570335.0000,14911256.0000,15305390.0000,2430.8000000000000000,1995.4666666666666667,1574.0000000000000000,1716.1428571428571429,10114318.0000,14358173.0000,17327,18829,1655.3333333333333333,1227.0000000000000000
2025-03-28,1579,2228,684,833,1207,899,-769271.0000,1805133.0000,7207029.0000,6762870.0000,2441.5333333333333333,1972.1666666666666667,1574.4285714285714286,1555.7142857142857143,7642899.0000,5068495.0000,18695,20476,1476.0000000000000000,1096.3333333333333333
2025-03-27,1113,1526,509,540,647,751,624785.0000,865526.0000,7236903.0000,14892991.0000,2486.3333333333333333,1963.8333333333333333,1631.2857142857142857,1474.8571428571428571,10607075.0000,10366334.0000,18181,20156,1796.6666666666666667,1630.0000000000000000
2025-03-26,989,1212,551,396,526,601,1079482.0000,810735.0000,8287530.0000,6361642.0000,2509.8000000000000000,1946.8333333333333333,1658.4285714285714286,1445.2857142857142857,6644880.0000,6913627.0000,17787,19811,1866.3333333333333333,2071.0000000000000000
2025-03-25,1187,1690,563,586,652,884,-2255714.0000,-2150446.0000,13503164.0000,21105861.0000,2505.9000000000000000,1935.4333333333333333,1882.8571428571428571,1473.7142857142857143,16276159.0000,16170891.0000,17113,19416,1785.6666666666666667,2050.0000000000000000
2025-03-24,2714,2488,730,1861,672,1750,-1486607.0000,-3162632.0000,74209527.0000,56621045.0000,2522.0333333333333333,1948.9333333333333333,1735.5714285714285714,1395.4285714285714286,53063336.0000,73223741.0000,16343,18631,1324.6666666666666667,1672.6666666666666667
2025-03-21,2312,1421,1069,1125,595,737,1019872.0000,382303.0000,7362120.0000,14440110.0000,2499.3333333333333333,1977.4000000000000000,1743.8571428571428571,1325.8571428571428571,10336608.0000,10974177.0000,20474,22635,1171.0000000000000000,1405.6666666666666667
2025-03-20,1124,1448,530,549,882,510,-366407.0000,8921156.0000,17076587.0000,7315611.0000,2495.3333333333333333,1963.7000000000000000,1866.4285714285714286,1320.7142857142857143,17082443.0000,6703180.0000,20331,22374,1023.3333333333333333,1424.0000000000000000
2025-03-19,1582,1105,717,778,350,612,154276.0000,-603150.0000,3935344.0000,7843206.0000,2474.9333333333333333,1960.1333333333333333,1888.8571428571428571,1432.0000000000000000,5019077.0000,5776503.0000,19812,22035,1284.6666666666666667,1816.0000000000000000
2025-03-18,1511,960,628,821,407,529,729161.0000,-5772895.0000,17174204.0000,12389765.0000,2458.3333333333333333,1974.6666666666666667,2017.5714285714285714,1573.2857142857142857,11337109.0000,17839165.0000,19581,21598,1611.3333333333333333,1873.3333333333333333
2025-03-17,1179,1005,590,521,377,569,978045.0000,-485738.0000,7164520.0000,13748645.0000,2470.3666666666666667,2011.5333333333333333,2172.2857142857142857,1626.1428571428571429,8757751.0000,10221534.0000,19251,21198,1587.6666666666666667,2270.3333333333333333
2025-03-14,2758,1889,1191,1385,833,971,1539151.0000,539206.0000,10944880.0000,13997735.0000,2419.7000000000000000,2004.0333333333333333,1964.0000000000000000,1456.1428571428571429,10993050.0000,11992995.0000,19686,22350,1428.6666666666666667,2011.6666666666666667
2025-03-13,1683,1940,775,818,759,1070,2825338.0000,-3026229.0000,78688278.0000,13316326.0000,2411.5666666666666667,1983.6000000000000000,1980.2857142857142857,1332.1428571428571429,27541696.0000,61308923.0000,19906,21748,1410.0000000000000000,2030.3333333333333333
2025-03-12,2370,934,1067,1231,344,535,145200.0000,-1506729.0000,12507333.0000,14220878.0000,2398.2666666666666667,1990.9333333333333333,1852.0000000000000000,1401.5714285714285714,12177576.0000,13829505.0000,19768,21080,1748.3333333333333333,2044.3333333333333333
2025-03-11,1982,1412,927,972,660,651,1749162.0000,2307606.0000,32337357.0000,19553114.0000,2405.2666666666666667,1977.1000000000000000,1824.2857142857142857,1538.7142857142857143,25157215.0000,24598771.0000,19500,20523,1736.0000000000000000,2137.6666666666666667
2025-03-10,1739,1884,749,891,1094,700,-2572338.0000,465038.0000,26804834.0000,16155770.0000,2507.2333333333333333,1982.5333333333333333,2015.1428571428571429,1510.8571428571428571,21866970.0000,18829594.0000,18720,19945,1341.0000000000000000,1991.3333333333333333
2025-03-07,2412,1949,966,1275,733,1082,-1803349.0000,-2849852.0000,19437657.0000,15584115.0000,2549.2333333333333333,1990.5666666666666667,1924.2857142857142857,1419.5714285714285714,15633112.0000,16679615.0000,20261,21374,1048.6666666666666667,1786.3333333333333333
2025-03-06,2262,1375,936,1211,596,661,-4693970.0000,1353367.0000,10964198.0000,31629562.0000,2560.3000000000000000,2002.9333333333333333,1924.5714285714285714,1376.2857142857142857,23000346.0000,16953009.0000,19791,20773,1063.6666666666666667,1523.0000000000000000
2025-03-05,1300,699,527,719,273,407,-1294478.0000,1146128.0000,5409440.0000,7601060.0000,2668.0666666666666667,2066.9666666666666667,2380.5714285714285714,1566.0000000000000000,7496503.0000,5055897.0000,19485,20540,1621.3333333333333333,1685.6666666666666667
2025-03-04,1797,1072,882,832,350,644,-4305058.0000,-1629139.0000,7331430.0000,22301505.0000,2698.4000000000000000,2130.7666666666666667,3711.5714285714285714,3244.0000000000000000,15674777.0000,12998858.0000,19152,19941,1827.0000000000000000,2111.6666666666666667
2025-03-03,1472,1420,690,688,466,884,733394.0000,-377286.0000,4842257.0000,7815502.0000,2696.8666666666666667,2135.6333333333333333,4276.1428571428571429,3581.1428571428571429,5443472.0000,6554152.0000,18518,19549,1790.3333333333333333,2213.0000000000000000
2025-02-28,1788,2372,914,814,1041,1237,-310451.0000,-648447.0000,5813746.0000,8407626.0000,2712.8666666666666667,2105.2666666666666667,4396.4285714285714286,3406.7142857142857143,6499093.0000,6837089.0000,20466,21641,1357.0000000000000000,2371.6666666666666667
2025-02-27,3075,1689,1258,1684,679,941,-503795.0000,62751.0000,7661533.0000,20232635.0000,2657.4666666666666667,2101.3000000000000000,4277.1428571428571429,3491.5714285714285714,13719037.0000,13152491.0000,19761,20911,1469.6666666666666667,2844.0000000000000000
2025-02-26,1776,1310,824,738,491,766,1828478.0000,-310039.0000,6096190.0000,11131367.0000,2686.1000000000000000,2130.5000000000000000,4460.0000000000000000,3548.0000000000000000,6949915.0000,9088432.0000,19232,20352,5305.6666666666666667,5956.6666666666666667
2025-02-25,2264,1072,930,1045,381,600,-1845356.0000,154111.0000,7727090.0000,9691530.0000,2792.8000000000000000,2223.4666666666666667,4408.1428571428571429,3613.2857142857142857,8259151.0000,6259684.0000,18700,20369,6208.3333333333333333,7010.0000000000000000
2025-02-24,4492,2027,2247,1987,750,1153,-239886.0000,-1850552.0000,10819376.0000,112362413.0000,2710.8333333333333333,2203.7000000000000000,4117.4285714285714286,3506.0000000000000000,49524434.0000,71521100.0000,17753,19565,5916.3333333333333333,6389.3333333333333333
2025-02-21,11114,12818,4940,5441,5088,6526,10092202.0000,1950787.0000,38089893.0000,87410710.0000,2445.3333333333333333,1821.4333333333333333,2771.5714285714285714,1775.1428571428571429,57547614.0000,64369029.0000,20588,22643,2404.6666666666666667,3431.3333333333333333
2025-02-20,5424,3780,2334,2481,1729,1730,-2268237.0000,651761.0000,25448655.0000,48897047.0000,2324.0000000000000000,1730.1000000000000000,2149.5714285714285714,1427.7142857142857143,35249190.0000,32329192.0000,18753,20343,1713.0000000000000000,2642.0000000000000000
2025-02-19,2630,1151,1152,1299,547,515,8084054.0000,48894.0000,9371324.0000,50194064.0000,2304.7666666666666667,1761.6000000000000000,2230.7142857142857143,1676.5714285714285714,26044834.0000,32055194.0000,18202,19652,1839.0000000000000000,2399.0000000000000000
2025-02-18,2240,2283,1178,956,994,1130,2543309.0000,1705580.0000,20515396.0000,41815848.0000,2284.5666666666666667,1728.2333333333333333,2143.7142857142857143,1675.4285714285714286,28901335.0000,28670564.0000,17456,18674,1503.3333333333333333,2471.3333333333333333
2025-02-14,3056,1705,1589,1341,761,788,6168442.0000,2444394.0000,8711701.0000,30761617.0000,2213.1666666666666667,1694.4000000000000000,1850.5714285714285714,1580.0000000000000000,17520740.0000,20684788.0000,19005,19868,1169.0000000000000000,2017.0000000000000000
2025-02-13,1901,1529,991,851,690,712,5913537.0000,898112.0000,7254042.0000,20831998.0000,2203.1666666666666667,1668.9000000000000000,1717.5714285714285714,1504.1428571428571429,11176640.0000,16192065.0000,18346,19321,1108.6666666666666667,1740.0000000000000000
2025-02-12,2457,1276,1205,1125,576,627,2628892.0000,1694004.0000,9024098.0000,22208853.0000,2228.0333333333333333,1696.0000000000000000,1511.2857142857142857,1521.2857142857142857,14516014.0000,15450902.0000,17917,18845,1647.6666666666666667,1987.0000000000000000
2025-02-11,1693,702,792,775,322,338,15781190.0000,-361333.0000,5344516.0000,35473643.0000,2225.7000000000000000,1694.2333333333333333,1489.4285714285714286,1722.5714285714285714,11196723.0000,28122246.0000,17600,18648,2172.0000000000000000,1966.3333333333333333
2025-02-10,1070,1348,549,466,613,647,-200783.0000,1010105.0000,8614172.0000,11054883.0000,2239.2666666666666667,1670.9333333333333333,1513.4285714285714286,1767.7142857142857143,9968339.0000,8757451.0000,16864,18271,2068.3333333333333333,1944.3333333333333333
2025-02-07,3198,2893,1495,1514,1197,1520,24709543.0000,-104414.0000,14337969.0000,69431510.0000,2230.7000000000000000,1600.2000000000000000,1262.1428571428571429,1544.0000000000000000,27339666.0000,52505323.0000,18319,19407,1436.6666666666666667,1201.6666666666666667
2025-02-06,1631,2275,730,828,1000,1166,-2376444.0000,381010.0000,65304632.0000,19820566.0000,2257.7000000000000000,1590.4000000000000000,1310.7142857142857143,1383.8571428571428571,43131366.0000,40373912.0000,17607,18867,1143.6666666666666667,995.6666666666666667
2025-02-05,1004,1037,530,430,413,554,861349.0000,861452.0000,5889931.0000,9745615.0000,2323.6666666666666667,1669.9333333333333333,1480.4285714285714286,1378.1428571428571429,7428267.0000,7428164.0000,17261,18591,1501.6666666666666667,1174.3333333333333333
2025-02-04,970,998,452,475,459,484,2654557.0000,-323329.0000,7510606.0000,9963693.0000,2470.4333333333333333,1795.3000000000000000,2027.2857142857142857,1528.0000000000000000,6646249.0000,10224135.0000,16898,18177,1723.6666666666666667,1263.6666666666666667
2025-02-03,1013,1396,467,452,689,618,1810840.0000,1926037.0000,18361626.0000,15896992.0000,2483.4666666666666667,1788.2666666666666667,2407.1428571428571429,1641.4285714285714286,13832545.0000,13717348.0000,16218,17575,1700.6666666666666667,1405.6666666666666667
2025-01-31,1540,2111,630,850,796,1137,986530.0000,1052840.0000,10187011.0000,8097076.0000,2513.8333333333333333,1788.7333333333333333,2557.7142857142857143,1589.2857142857142857,7948631.0000,7882321.0000,17344,19604,1381.6666666666666667,1549.3333333333333333
2025-01-30,1238,1664,496,682,479,1121,-708360.0000,37069.0000,6587591.0000,6772985.0000,2539.4000000000000000,1814.3000000000000000,3028.4285714285714286,1725.8571428571428571,6691125.0000,5945696.0000,16583,19325,1159.3333333333333333,1867.3333333333333333
2025-01-29,1439,1327,718,684,623,651,2988973.0000,1308893.0000,11129526.0000,9356969.0000,2545.9666666666666667,1834.6000000000000000,3209.5714285714285714,1962.8571428571428571,9206445.0000,10886525.0000,16181,18920,1399.3333333333333333,2987.0000000000000000
2025-01-28,1971,1154,953,935,390,688,987278.0000,113262.0000,8637858.0000,11299076.0000,2512.5333333333333333,1841.6333333333333333,3131.7142857142857143,2021.7142857142857143,8953989.0000,9828005.0000,15725,18458,1744.6666666666666667,3554.0000000000000000
2025-01-27,2192,997,1062,983,376,528,-782115.0000,-1671944.0000,7757255.0000,9153110.0000,2480.4666666666666667,1855.5333333333333333,3142.5714285714285714,2088.0000000000000000,7617758.0000,8507587.0000,15112,17979,1994.3333333333333333,3688.0000000000000000
2025-01-24,4798,2047,2096,2244,568,1365,3815707.0000,1246917.0000,13778871.0000,35161824.0000,2396.5666666666666667,1840.8666666666666667,2659.0000000000000000,2019.8571428571428571,21110210.0000,23919240.0000,16411,20280,2185.3333333333333333,3599.6666666666666667
2025-01-23,3672,2190,2046,1491,921,1144,10427344.0000,406655.0000,15017718.0000,48271619.0000,2332.1333333333333333,1847.2666666666666667,2510.8571428571428571,2019.2857142857142857,25890514.0000,35911203.0000,15443,19322,2450.6666666666666667,3278.0000000000000000
2025-01-22,2594,1746,1135,1380,929,735,-2916339.0000,3373201.0000,16645122.0000,40707235.0000,2415.6666666666666667,1890.5000000000000000,2921.0000000000000000,2321.4285714285714286,38504136.0000,17530996.0000,14512,18209,2390.6666666666666667,2888.6666666666666667
2025-01-21,4533,2620,1805,2411,1376,1130,11024833.0000,4382473.0000,22311063.0000,88158845.0000,2311.3333333333333333,1848.7000000000000000,2563.8571428571428571,2152.0000000000000000,43446499.0000,49189359.0000,13182,16282,2004.3333333333333333,2133.6666666666666667
2025-01-17,2707,2986,1314,1259,733,2040,1640159.0000,-2514355.0000,7985260.0000,18062700.0000,2256.1000000000000000,1792.2000000000000000,2627.0000000000000000,1918.2857142857142857,10236878.0000,14391392.0000,33949,31122,1532.3333333333333333,1702.3333333333333333
2025-01-16,1426,1566,633,746,671,822,683061.0000,-7419981.0000,32500256.0000,10465377.0000,2243.5333333333333333,1783.2333333333333333,2678.1428571428571429,1843.1428571428571429,15896963.0000,24000005.0000,33695,30733,1739.0000000000000000,2105.3333333333333333
2025-01-15,2268,1461,1174,1020,492,891,7294891.0000,-3515741.0000,11820664.0000,28363109.0000,2216.6666666666666667,1809.5666666666666667,2647.4285714285714286,1933.8571428571428571,13381638.0000,24892270.0000,33105,29938,2539.0000000000000000,3171.0000000000000000
2025-01-14,1413,1570,640,711,579,848,-686719.0000,-2888958.0000,11015623.0000,8142306.0000,2228.7333333333333333,1806.9000000000000000,2679.0000000000000000,1892.7142857142857143,7795995.0000,9998234.0000,32620,29525,2493.6666666666666667,3377.6666666666666667
2025-01-13,2635,2186,1224,1241,842,1172,1561755.0000,-5187562.0000,18235323.0000,14709956.0000,2166.3333333333333333,1771.9000000000000000,2433.1428571428571429,1679.0000000000000000,12362606.0000,19111923.0000,31880,28871,2215.0000000000000000,3549.0000000000000000
2025-01-10,5465,3861,2006,3014,1767,1843,-3328138.0000,7273615.0000,36334893.0000,26249777.0000,2031.4333333333333333,1695.1000000000000000,1881.1428571428571429,1236.5714285714285714,35672689.0000,25070936.0000,32610,29228,1274.6666666666666667,2322.0000000000000000
2025-01-08,2033,1434,826,1084,598,787,2774406.0000,-5443118.0000,15696321.0000,19557418.0000,2071.6333333333333333,1751.7333333333333333,2048.2857142857142857,1330.1428571428571429,12928265.0000,21145789.0000,32275,28875,1495.3333333333333333,2328.6666666666666667
2025-01-07,3149,1350,1228,1729,658,511,-6978907.0000,46013.0000,12686628.0000,29817073.0000,2116.8666666666666667,1820.9333333333333333,1830.2857142857142857,1230.0000000000000000,23923173.0000,16898253.0000,31947,28135,1472.6666666666666667,1823.6666666666666667
2025-01-06,1784,1040,697,965,475,507,-747065.0000,-346112.0000,5686051.0000,26094868.0000,2118.1333333333333333,1838.6333333333333333,1786.4285714285714286,1174.1428571428571429,15360061.0000,14959108.0000,31506,27603,1356.0000000000000000,1533.6666666666666667
2025-01-03,2053,2096,873,1072,794,1128,2424703.0000,-1750303.0000,15345591.0000,19539095.0000,2105.2333333333333333,1810.7666666666666667,1913.2857142857142857,984.8571428571428571,14315710.0000,18490716.0000,31914,28346,912.0000000000000000,1383.0000000000000000
2025-01-02,1634,1282,704,841,562,675,-1083661.0000,-1478083.0000,9548717.0000,27804076.0000,2097.0000000000000000,1841.7000000000000000,2028.5714285714285714,1084.7142857142857143,17992113.0000,18386535.0000,31319,27840,1181.0000000000000000,1906.0000000000000000
2024-12-31,914,690,452,434,287,383,6309632.0000,-143408.0000,3066538.0000,18361794.0000,2165.6666666666666667,1933.9666666666666667,2324.1428571428571429,1475.1428571428571429,7383416.0000,13836456.0000,31040,27493,1167.3333333333333333,2142.3333333333333333
2024-12-30,1601,764,680,807,371,351,-1161767.0000,386313.0000,3119298.0000,17066930.0000,2191.9666666666666667,1957.3000000000000000,2863.0000000000000000,2045.8571428571428571,10097844.0000,8549764.0000,30603,26954,1129.0000000000000000,2101.0000000000000000
2024-12-27,3203,2089,1488,1460,934,1018,149320.0000,945491.0000,10172754.0000,16947789.0000,2140.2666666666666667,1954.5333333333333333,2606.0000000000000000,1916.7142857142857143,13535282.0000,12739111.0000,31826,27911,689.6666666666666667,2013.6666666666666667
2024-12-26,1623,649,537,958,252,286,-1484107.0000,201860.0000,1889275.0000,9146400.0000,2167.0000000000000000,1996.1666666666666667,2724.2857142857142857,2127.5714285714285714,6106626.0000,4420659.0000,31562,27445,1133.6666666666666667,2286.3333333333333333
2024-12-24,1477,649,550,685,239,386,-696648.0000,-841772.0000,2607514.0000,16095023.0000,2208.9666666666666667,2056.2000000000000000,2799.7142857142857143,2382.1428571428571429,7748959.0000,7894083.0000,31209,27251,2058.3333333333333333,2788.3333333333333333
2024-12-23,2941,771,1287,1408,270,418,-826652.0000,-1254577.0000,3712352.0000,53633967.0000,2214.8666666666666667,2131.1000000000000000,2613.2857142857142857,2548.5714285714285714,25491422.0000,25919347.0000,30792,27360,3387.6666666666666667,3599.0000000000000000
2024-12-20,2441,1981,1068,1174,924,937,-1875215.0000,-1662470.0000,8529139.0000,25652629.0000,2218.7666666666666667,2127.3000000000000000,2402.8571428571428571,2460.5714285714285714,15979369.0000,15766624.0000,34451,30544,3122.3333333333333333,3253.3333333333333333
2024-12-19,2983,3423,1196,1538,1355,1818,-5735030.0000,3154598.0000,20630943.0000,47791278.0000,2215.8666666666666667,2085.2000000000000000,2152.4285714285714286,2173.5714285714285714,36094307.0000,27204679.0000,35408,31188,2689.6666666666666667,3076.0000000000000000
2024-12-18,5373,4759,2362,2552,2078,2197,20400765.0000,2416582.0000,25888370.0000,76661605.0000,2184.8666666666666667,2016.3666666666666667,1710.7142857142857143,1723.2857142857142857,37421991.0000,58336674.0000,34671,31356,1913.6666666666666667,1953.3333333333333333
2024-12-17,1404,1185,665,622,431,647,-2442407.0000,-676922.0000,8351352.0000,33980488.0000,2202.4333333333333333,2038.0666666666666667,1758.5714285714285714,1894.2857142857142857,21045005.0000,19279520.0000,34387,30871,2164.0000000000000000,2030.6666666666666667
2024-12-16,2451,2125,1063,1194,854,1113,-1316694.0000,236457.0000,11153104.0000,37721789.0000,2299.9666666666666667,2120.4666666666666667,2137.0000000000000000,2025.4285714285714286,23820767.0000,22267616.0000,33398,30014,1910.6666666666666667,1536.3333333333333333
2024-12-13,2005,2431,822,1099,962,1314,710297.0000,742343.0000,5611888.0000,13483694.0000,2427.8333333333333333,2186.1666666666666667,2051.0000000000000000,1873.2857142857142857,9127444.0000,9095398.0000,35423,30970,1571.6666666666666667,1278.0000000000000000
2024-12-12,1636,1936,853,731,835,904,3524083.0000,573726.0000,7722677.0000,14031537.0000,2469.7000000000000000,2213.0000000000000000,1967.2857142857142857,1781.1428571428571429,9132471.0000,12082828.0000,34902,30128,1462.0000000000000000,1493.0000000000000000
2024-12-11,968,1365,515,407,602,644,-2583220.0000,-146303.0000,6320145.0000,13041310.0000,2485.2000000000000000,2263.0666666666666667,1978.8571428571428571,1771.4285714285714286,10438171.0000,8001254.0000,34361,29952,1801.0000000000000000,1750.0000000000000000
2024-12-10,1230,1414,566,588,679,641,539356.0000,824778.0000,9447622.0000,17081233.0000,2477.2000000000000000,2258.4000000000000000,2012.0000000000000000,1891.0000000000000000,12657626.0000,12383694.0000,33877,29596,2344.0000000000000000,3040.0000000000000000
2024-12-09,2281,1607,916,1208,753,705,2256628.0000,3039385.0000,9687785.0000,53119395.0000,2472.9333333333333333,2315.5000000000000000,1939.7142857142857143,1874.2857142857142857,30730066.0000,30662569.0000,33073,28799,2263.6666666666666667,2747.3333333333333333
2024-12-06,1739,2382,918,739,971,1269,5021404.0000,10070.0000,4953817.0000,19264961.0000,2472.4666666666666667,2283.3333333333333333,1800.2857142857142857,1696.2857142857142857,9293932.0000,14305266.0000,35898,29681,1900.0000000000000000,2517.6666666666666667
2024-12-05,5100,3043,2171,1847,1296,1526,-470939,91318,9130482,70285797,2378.8000000000000000,2272.2000000000000000,1274.2857142857142857,1484.0000000000000000,23438648,22742911,34561,29617,1318.0000000000000000,1167.3333333333333333
2024-12-04,1403,1366,838,481,620,589,3205285,162156,2901394,9272344,2372.2666666666666667,2266.5666666666666667,1536.5714285714285714,1736.4285714285714286,4370947,7414076,33781,29019,1613.0000000000000000,1187.0000000000000000
2024-12-03,1050,1291,427,542,503,695,-8357555,775451,4581557,18384252,2380.6333333333333333,2277.6000000000000000,2030.2857142857142857,2041.4285714285714286,15704995,6571989,33034,28714,1679.3333333333333333,1428.6666666666666667
2024-12-02,1049,1297,464,525,579,664,-4976718,-516305,2752922,25401250,2423.1333333333333333,2333.1666666666666667,2140.7142857142857143,2080.5714285714285714,16033270,11572857,32345,28267,1625.6666666666666667,1333.3333333333333333
2024-11-29,1462,2251,560,824,1177,935,-4342894,55474,2550714,20880011,2434.2333333333333333,2342.9000000000000000,2169.8571428571428571,1939.0000000000000000,15000419,8043926,34031,29776,1394.3333333333333333,1318.6666666666666667
2024-11-27,1775,1490,981,690,569,829,423065,5171,5006805,45038029,2409.7333333333333333,2357.8666666666666667,2114.4285714285714286,2041.8571428571428571,23419785,23837679,33416,29119,1942.0000000000000000,1806.6666666666666667
2024-11-26,763,1136,396,286,454,600,1722528,-487501,4978936,20080072,2426.0333333333333333,2375.0000000000000000,2430.2857142857142857,2373.5714285714285714,7105807,9315836,32862,28902,2705.3333333333333333,3054.3333333333333333
2024-11-25,1418,1557,627,653,613,844,-2651766,837446,5170769,38856741,2417.4000000000000000,2370.8333333333333333,2569.1428571428571429,2360.2857142857142857,19921096,16034784,31927,28390,2710.0000000000000000,3189.0000000000000000
2024-11-22,3239,3133,1187,1653,1289,1649,-5082967,2498455,11737936,32229377,2396.8666666666666667,2360.0666666666666667,2342.4285714285714286,2199.2857142857142857,24464485,16333063,34287,29866,2085.6666666666666667,2664.6666666666666667
2024-11-21,4506,3426,2253,1800,1244,1955,3034299,-1479416,13017717,45093077,2312.8333333333333333,2300.5000000000000000,2045.1428571428571429,1981.0000000000000000,24573867,29087582,32837,28725,1680.3333333333333333,1625.0000000000000000
2024-11-20,1822,1571,832,774,699,557,1122155,458335,5764222,15941328,2317.9000000000000000,2311.2000000000000000,2175.7142857142857143,2106.5714285714285714,9151690,9815510,32239,28152,2309.3333333333333333,2009.0000000000000000
2024-11-19,1666,1260,592,832,514,678,-308768,-212186,8035653,18577955,2308.0333333333333333,2318.0333333333333333,2383.1428571428571429,2357.7142857142857143,12271060,12174478,31703,27315,2377.3333333333333333,2250.3333333333333333
2024-11-18,1387,2210,615,649,987,1057,5312828,-1463407,9031519,41818233,2302.3000000000000000,2310.8333333333333333,2550.4285714285714286,2308.7142857142857143,19219176,27105411,30587,27083,2309.3333333333333333,2338.6666666666666667
2024-11-15,2974,3458,1480,1322,1546,1615,1004387,601496,23395299,35583178,2303.6000000000000000,2336.9000000000000000,2539.2857142857142857,2123.2857142857142857,26125248,26846139,34423,30058,1789.3333333333333333,2155.6666666666666667
2024-11-14,2390,1464,942,1273,786,568,3200288,5054360,12333482,38244243,2277.6333333333333333,2358.8666666666666667,2832.5714285714285714,2299.0000000000000000,25104171,23250099,33870,29550,2118.0000000000000000,2271.0000000000000000
2024-11-13,1652,2006,714,791,983,942,5054623,169123,5318342,53597817,2275.1666666666666667,2371.8333333333333333,2872.4285714285714286,2274.7142857142857143,24339182,29224682,32814,29083,2455.3333333333333333,2759.6666666666666667
2024-11-12,2425,1898,1120,938,976,776,2856831,1633498,10622167,47258872,2263.6333333333333333,2389.5666666666666667,3294.1428571428571429,2660.2857142857142857,20468658,24991591,31789,28456,2445.0000000000000000,2804.0000000000000000
2024-11-11,2736,2450,1672,922,1004,1251,7939845,953496,11371103,39691859,2240.8333333333333333,2376.6000000000000000,3737.7142857142857143,2939.1428571428571429,20660389,27646738,30531,27618,2348.3333333333333333,2857.3333333333333333
2024-11-08,3118,3018,1480,1413,1494,1383,9137267,637181,5783998,48790225,2231.9000000000000000,2384.3333333333333333,3705.4285714285714286,2899.5714285714285714,22257656,30757742,33554,29810,2240.3333333333333333,3299.0000000000000000
2024-11-07,2558,1867,1211,1157,888,872,4223157,1241002,6654116,80028424,2226.8666666666666667,2436.5666666666666667,3544.7142857142857143,3042.4285714285714286,43156510,42274270,32962,28761,2230.0000000000000000,3090.0000000000000000
2024-11-06,2896,2160,1284,1296,850,1157,-8452804,-679564,11173600,51774972,2192.2000000000000000,2435.4000000000000000,3272.4285714285714286,2915.8571428571428571,33590456,25277216,32050,28882,3042.3333333333333333,3917.0000000000000000
2024-11-05,4443,2694,2274,1937,1027,1364,-358907,-1062994,14566792,185673499,2125.4000000000000000,2445.4666666666666667,2945.2857142857142857,3005.2857142857142857,115277062,78987099,30905,27061,3611.6666666666666667,4383.0000000000000000
2024-11-04,1931,1836,820,910,619,876,-2839838,-1057498,8379973,37260741,2096.3000000000000000,2441.7000000000000000,2915.8571428571428571,2945.4285714285714286,21845942,18621102,30272,26600,3913.3333333333333333,4703.3333333333333333
2024-11-01,5377,4597,2132,2713,1971,2315,-4654571,3751946,14416637,95166436,1992.1000000000000000,2441.6666666666666667,2474.8571428571428571,2675.7142857142857143,81709320,25630203,32395,29278,3336.6666666666666667,3388.6666666666666667
2024-10-31,5841,4402,2370,2693,2022,2067,2681818,2795704,17650061,83863231,1860.6333333333333333,2384.2000000000000000,1812.8571428571428571,2217.8571428571428571,47343329,47229443,30556,27912,2294.0000000000000000,1771.6666666666666667
2024-10-30,2892,2741,1408,1187,1166,1316,508847,589195,13324138,35309031,1820.5333333333333333,2341.3333333333333333,1585.5714285714285714,2058.0000000000000000,24020166,20424818,29250,26475,2487.0000000000000000,1525.3333333333333333
2024-10-29,1433,2867,795,502,1344,1214,3298825,87161,17519656,12616403,1828.4666666666666667,2329.4000000000000000,1712.8571428571428571,2071.8571428571428571,12407065,15618729,28350,25716,2003.6666666666666667,1622.6666666666666667
2024-10-28,990,1274,501,393,490,636,821744,122294,9377665,11475773,1850.5333333333333333,2354.9333333333333333,1827.8571428571428571,2253.1428571428571429,8690144,9389594,27635,25130,2482.0000000000000000,2056.0000000000000000
2024-10-25,2153,3320,908,1140,1482,1527,486161,-75955,11519113,7801036,1839.3333333333333333,2308.5333333333333333,1668.8571428571428571,2055.8571428571428571,8176869,8738985,28789,26992,1774.3333333333333333,1740.6666666666666667
2024-10-24,1725,1417,761,851,700,622,-486578,1107597,6590545,7365900,1828.2666666666666667,2331.1333333333333333,1601.2857142857142857,2089.1428571428571429,7154075,5559900,28042,26584,1842.6666666666666667,1599.3333333333333333
2024-10-23,2290,2709,1025,1024,1151,1229,473236,61093,12340751,23445580,1806.5333333333333333,2300.3666666666666667,1439.7142857142857143,1906.7142857142857143,15821384,16233527,26497,25550,1927.6666666666666667,1610.6666666666666667
2024-10-22,1207,1197,514,534,548,571,1225570,-326465,4630141,7204061,1798.1666666666666667,2306.4000000000000000,1642.0000000000000000,2137.1428571428571429,4676036,6228071,26067,24794,2376.3333333333333333,1806.6666666666666667
2024-10-21,1301,1622,590,655,580,822,-1470564,-612947,5843098,14326689,1801.9000000000000000,2305.7333333333333333,1739.7142857142857143,2139.5714285714285714,11310557,7232940,25258,24117,2482.0000000000000000,1719.6666666666666667
2024-10-18,2324,2964,1158,1098,1387,1274,288712,653149,8138959,13014441,1786.9333333333333333,2291.1000000000000000,1689.7142857142857143,1986.4285714285714286,9920586,9556149,28657,26707,2044.0000000000000000,1362.3333333333333333
2024-10-17,1795,2543,847,801,920,1386,-706965,-351007,9274009,14082874,1766.7000000000000000,2278.9000000000000000,1629.0000000000000000,1832.4285714285714286,10715333,10359375,27704,26137,1673.6666666666666667,1150.3333333333333333
2024-10-16,1040,1939,505,486,872,948,-427416,-111018,7512717,7785997,1770.5666666666666667,2275.8666666666666667,1654.0000000000000000,1840.2857142857142857,7237041,6920643,26934,25874,1964.0000000000000000,1678.0000000000000000
2024-10-15,1252,1650,544,636,658,808,883825,-113704,7468707,12295228,1764.0000000000000000,2280.2000000000000000,1905.5714285714285714,2210.2857142857142857,8568233,9565762,26441,25364,1960.3333333333333333,1922.3333333333333333
2024-10-14,1159,1432,485,578,540,792,920078,251166,5152709,8915331,1776.3000000000000000,2287.4666666666666667,1970.1428571428571429,2309.0000000000000000,6156009,6824921,25862,24784,2113.6666666666666667,2194.0000000000000000
2024-10-11,2623,2810,1119,1282,1241,1403,-1106824,62330,5205133,23670040,1736.8666666666666667,2270.2333333333333333,1820.8571428571428571,2249.7142857142857143,13607431,12438277,27453,25850,1665.3333333333333333,1776.3333333333333333
2024-10-10,1985,1639,937,834,729,809,55078,-72616,7365653,24351225,1727.3666666666666667,2249.9000000000000000,1834.2857142857142857,2362.7142857142857143,13691982,15689676,26994,25332,1783.6666666666666667,1519.6666666666666667
2024-10-09,1974,1892,976,794,794,844,4381329,525898,9107229,36240893,1750.9000000000000000,2241.5333333333333333,1845.4285714285714286,2386.8571428571428571,18307458,22162889,26346,24554,2566.3333333333333333,1866.0000000000000000
2024-10-08,1370,1465,648,621,594,745,481286,-80834,7168438,30458044,1794.4000000000000000,2236.0333333333333333,2056.8571428571428571,2641.8571428571428571,17163891,17726011,25761,23950,2785.6666666666666667,1946.3333333333333333
2024-10-07,1215,1994,609,552,778,1047,837570,412565,10439027,9873694,1976.1666666666666667,2280.8000000000000000,2227.1428571428571429,2847.5714285714285714,9310588,9735593,24926,23452,2919.3333333333333333,2067.3333333333333333
2024-10-04,3013,4240,1705,1143,1642,2177,4729880,113247,16459450,20980596,1959.6666666666666667,2218.5333333333333333,2061.8571428571428571,2545.4285714285714286,14832204,19448837,26716,25005,2316.0000000000000000,1756.0000000000000000
2024-10-03,1611,2123,811,656,1029,884,1101808,-11682,8751781,7390479,1976.9000000000000000,2202.1333333333333333,2180.1428571428571429,2670.1428571428571429,6583550,7697040,26044,24612,2295.3333333333333333,1903.0000000000000000
2024-10-02,1578,2395,694,821,1298,951,2331174,1080509,11060473,12915892,2020.9333333333333333,2172.3666666666666667,2105.8571428571428571,2574.1428571428571429,10590370,11841035,25381,24059,2580.3333333333333333,2327.0000000000000000
2024-10-01,2079,2430,904,1022,1265,965,1746047,1775852,16328018,18429906,2039.2000000000000000,2147.9666666666666667,2130.4285714285714286,2883.5714285714285714,15804652,15774847,24760,23336,2915.0000000000000000,2436.3333333333333333
2024-09-30,2052,2061,757,1111,860,1052,-1252074,389273,11786208,21685173,2050.6666666666666667,2136.8333333333333333,2108.2857142857142857,2971.7142857142857143,15206219,13564872,23997,22435,2936.3333333333333333,2371.0000000000000000
2024-09-27,2850,3250,1113,1498,1445,1592,-723630,653138,10536128,28565359,2029.1333333333333333,2087.5333333333333333,1942.4285714285714286,2715.2857142857142857,18687350,17310582,26972,23970,2851.6666666666666667,2234.0000000000000000
