date,call_volume,put_volume,call_volume_ask_side,call_volume_bid_side,put_volume_ask_side,put_volume_bid_side,net_call_premium,net_put_premium,put_premium,call_premium,avg_30_day_call_volume,avg_30_day_put_volume,avg_7_day_call_volume,avg_7_day_put_volume,bearish_premium,bullish_premium,put_open_interest,call_open_interest,avg_3_day_put_volume,avg_3_day_call_volume
2026-09-25,25860,17691,11617,12616,6769,9723,-416321.00,-1546549.00,3981407.00,6238736.00,22063.1,17208.5333,23173,20730.5714,4291547.00,5421775.00,616159,444069,20223,18531
2026-09-24,16626,23351,8123,7648,5945,9117,1147186.00,-1046717.00,5144660.00,4477771.00,22116.5333,16839.2,23444.1429,19649.8571,3171942.00,5365845.00,601257,438783,15904.3333,19839.3333
2026-09-23,12278,10625,4984,6216,4141,5721,-799915.00,256328.00,3175334.00,4657168.00,22233.7333,16782.5,27830.4286,22773.4286,4212528.00,3156285.00,598056,435527,16943.6667,24253
2026-09-22,26689,26693,12894,11758,20439,5234,-48349.00,1765022.00,5524461.00,8375873.00,21842.5667,16149.7,30719,20964.2857,7519178.00,5705807.00,580509,425731,17702,27780
2026-09-21,20551,10395,9898,8843,4658,4501,178943.00,-100068.00,2517377.00,6791577.00,21718.3333,16194.9333,30266.7143,20704,4190088.00,4469099.00,576704,415083,24683.3333,28689
2026-09-18,25519,13743,11837,11986,5780,5128,1023279.00,464084.00,3713164.00,9488971.00,21572.4667,16131.3333,29673,20492.5714,5354485.00,5913680.00,640197,483504,25364.3333,26357.3333
2026-09-17,37270,28968,16550,19092,11872,14981,-3570024.00,-3250271.00,11930026.00,24794100.00,21195.2,15610.2667,28856,17728.8571,18071784.00,17006631.00,636243,473691,26538.3333,28261.3333
2026-09-16,23278,31339,10534,9017,11853,18892,1010386.00,-1699177.00,5110439.00,10089274.00,21438.0667,15318.1333,29120.1429,16661.4286,5739647.00,7825710.00,623921,471246,20768.3333,36138.3333
2026-09-15,18524,15786,7322,8042,7908,6494,-423914.00,619247.00,4327432.00,12516800.00,21363.6667,15324.9333,31889.5714,17152.5714,7029589.00,6182428.00,619016,468860,18364,35758.6667
2026-09-14,42982,32490,18082,20623,19080,11190,3657062.00,71950.00,9209333.00,28636347.00,22103.9,14900.7667,27775.7143,14408.4286,13585618.00,17475730.00,605250,456225,11621.6667,28552.3333
2026-09-11,46909,14029,17800,23348,5988,6667,-3390652.00,-383480.00,3439778.00,50691162.00,21314.3333,15147.2,23458.1429,14572.1429,23813834.00,23943431.00,610096,458119,10152.6667,23433
2026-09-10,17385,8573,9475,7019,4309,3411,4537685.00,-451091.00,1653516.00,17356030.00,21731.8333,15563.6333,23086.2857,14644.4286,4852618.00,13782394.00,608258,454752,15250.6667,26013.6667
2026-09-09,21363,12263,9477,8198,3510,8142,-284642.00,-464277.00,3492140.00,14039313.00,21444.2,15438.6333,23060.4286,16195.7143,6345875.00,6525510.00,601531,448665,17571,31529.3333
2026-09-08,31551,9622,17403,13414,4319,4477,6587277.00,-1157033.00,3700507.00,36193657.00,20904.7333,15528.4667,20491,16306.2857,14867839.00,23246887.00,600000,440812,18790.6667,25740.6667
2026-09-04,25127,23867,10133,12443,7331,7932,-1021336.00,-273003.00,5067547.00,6330474.00,21337.3,15188.1,18137.7143,15041.1429,5071725.00,4323392.00,605560,448012,15893.3333,22927
2026-09-03,37910,19224,17079,17466,6286,11368,1040118.00,-1388434.00,3736496.00,27305083.00,20599,14987.6,14135.2857,13772.1429,13057651.00,16306203.00,603934,434306,12511.6667,15217.6667
2026-09-02,14185,13281,7976,4907,5403,6792,1344513.00,-396014.00,2459704.00,5405712.00,20575.4667,14792.7667,14096.5714,13346.8571,2806107.00,4546634.00,600059,431054,15792,17550
2026-09-01,16686,15175,8116,7004,5753,7889,347467.00,-1271336.00,8905182.00,4896406.00,21008.4,14835.8,14305.2857,13591.2857,5633440.00,7252243.00,596885,426902,14199,16509.6667
2026-08-31,14782,9079,7383,6509,3757,4291,97796.00,151038.00,3317093.00,4888970.00,21427.5,15974.6667,16635,17004.4286,3920087.00,3866845.00,592596,421248,16176.3333,14467
2026-08-28,21182,23122,9183,10450,6736,15602,207372.00,-2060367.00,4292236.00,3773368.00,22307.6,16301.3,17736.7143,16600.5714,2743546.00,5011285.00,590243,429244,11916,10704
2026-08-27,13565,10396,4883,5324,4440,5330,-245210.00,-149055.00,3585070.00,6383081.00,23112.2,17129.7,17332.1429,16900.4286,3153987.00,3057832.00,587255,425629,11885.3333,10820.3333
2026-08-26,8654,15011,3573,4303,2582,11827,173234.00,-1229450.00,3079777.00,3338299.00,24888.3333,17566.9,18537.5714,16357.2857,2344882.00,3747566.00,577929,422042,12510.3333,13984.6667
2026-08-25,9893,10341,5177,3853,3785,5749,638054.00,-587689.00,3383255.00,4074326.00,28253.5,19833.3333,20345.8571,17152.1429,2793011.00,4018754.00,573220,418136,20053.6667,21050.3333
2026-08-24,13914,10304,7134,4782,3792,4725,1006444.00,-614401.00,3677083.00,5524471.00,29958.8,20815.3333,20724.2857,18368.4286,2448022.00,4068867.00,569158,411847,23384,26043.6667
2026-08-21,18147,16886,8796,7967,7763,7204,2793622.00,-301226.00,5634780.00,8494832.00,30257.0333,21124.9,20736,17709.1429,4625048.00,7719896.00,611920,479494,21920.3333,23572.3333
2026-08-20,31090,32971,11151,15915,15313,16077,-1207701.00,-871273.00,11734689.00,5861696.00,29953.4667,20357,18550.8571,14273.8571,8442947.00,8106519.00,608119,475042,14666.3333,18906.3333
2026-08-19,28894,20295,11466,16017,9638,9126,-3920118.00,-3114003.00,11595054.00,12817563.00,29994.9,20428.3667,16559.4286,12475.8571,11111279.00,12149914.00,601267,468324,13203,16792
2026-08-18,10733,12495,4706,4947,5990,6139,-488798.00,-1154180.00,3842685.00,3776315.00,30181.2,20501.6667,17429.5714,12369.7143,3354444.00,4019826.00,596472,467415,15310.6667,18735.3333
2026-08-17,17092,11209,8889,7065,5238,4995,-3818.00,35193.00,2629225.00,5331484.00,30603.2667,20977.4,18008.2857,12459.1429,3687407.00,3648396.00,592394,461505,15664.6667,19114.3333
2026-08-14,22551,15905,10370,9979,7127,7286,996640.00,-505865.00,4203842.00,13009229.00,30879.3,21354.7333,18494.1429,12092.1429,6870471.00,8372976.00,615075,476124,13337.6667,16862
2026-08-13,16563,18818,6618,6564,5798,9778,352545.00,-734402.00,3834856.00,6674085.00,30990.3667,21391,20494.2857,12628.8571,3481352.00,4568299.00,607953,473902,9634.6667,16325.6667
2026-08-12,18229,12271,8062,8525,5326,5885,982690.00,347188.00,3440918.00,6456313.00,31810.8667,22818.8333,20217.5714,13160.1429,4190708.00,4826210.00,605546,470511,9461.6667,15857.3333
2026-08-11,15794,8924,8288,6146,3986,3764,-864726.00,-42776.00,2144483.00,5501264.00,32363.8,23130.9667,27274,14708.8571,3978336.00,3156386.00,602743,462934,10432,17640.3333
2026-08-10,14954,7709,7629,6262,4219,2820,104737.00,391546.00,1505232.00,11061827.00,33077.3,24224.8667,28455.1429,16667.8571,5358675.00,6546866.00,599908,457909,12307.6667,21306.3333
2026-08-07,16824,11752,6858,8079,4261,6171,279412.00,-163812.00,2311049.00,4457550.00,33364.8667,24725.5,30324.5714,17998.4286,2875833.00,3319057.00,617216,473378,15915.3333,25886.3333
2026-08-06,21143,11835,6007,12325,5685,5208,-1097874.00,721400.00,2993664.00,5081920.00,33239.9333,24881.1,29123.2857,17523.8571,4582342.00,2763068.00,613312,469744,17300.3333,24269.3333
2026-08-05,25952,13336,10562,13663,4771,7719,79125.00,-1289520.00,3622370.00,9308376.00,32937.4,25181.4,27611.1429,17378.2857,5450397.00,6819042.00,611015,470732,19443.3333,37348.3333
2026-08-04,30564,22575,12484,15332,5634,15809,-1606939.00,-913254.00,4581524.00,17709888.00,33242.8667,25494.3667,28688.2857,16104.1429,10374283.00,9680598.00,604329,462993,19059,34901
2026-08-03,16292,15990,7971,6572,2937,12009,-316610.00,-1302310.00,3066894.00,7030383.00,34085.0667,25836.2,28612.4286,15706.8571,3965889.00,4951589.00,596825,457405,20751,39440.3333
2026-07-31,65189,19765,11516,18050,6344,12312,-9162464.00,-700801.00,3836189.00,276327172.00,35584.9667,26245.9333,21225.2857,13945.5714,42036923.00,32780260.00,617673,486923,17000.3333,21955.3333
2026-07-30,23222,21422,9492,12333,6631,13297,-753578.00,-182659.00,5895603.00,12581799.00,36055.2333,26369.9,22147,13237.5714,8733922.00,8163003.00,608407,483808,13965.3333,19337
2026-07-29,29910,21066,12879,15147,8287,9653,-1347053.00,-696202.00,8424102.00,9049000.00,36311.3,26345.2333,21782,16406,7392614.00,6741763.00,601535,475170,11495.3333,22068.3333
2026-07-28,12734,8513,4778,7268,4032,3902,-2598837.00,566647.00,2393879.00,10329603.00,37488.0667,27308.5667,26760.7143,19892.8571,7696041.00,4530557.00,598224,470463,13060.6667,23077.3333
2026-07-27,15367,12317,6812,7284,6144,5182,-538938.00,595708.00,2977561.00,6592410.00,38031.0667,27468.6,29951.5714,23168.7143,4802202.00,3667556.00,594220,465043,11433.6667,22448
2026-07-24,38104,13656,18837,17357,6136,6418,1524547.00,-368342.00,2909302.00,8529407.00,38009.8,27858.3667,33356.4286,25236,4252767.00,6145656.00,616680,492688,12370.3333,19638
2026-07-23,15761,13209,5609,9259,6790,6107,-1959652.00,925197.00,4447916.00,6678944.00,38389.4333,28469.1,46940.2857,34539.5714,6780948.00,3896099.00,616562,487825,22382.3333,23502.6667
2026-07-22,13479,7436,6848,5301,3550,3181,392728.00,133248.00,1999664.00,5294203.00,38713.9667,28679.2333,54310.8571,39157.8571,3201343.00,3453904.00,614192,485353,30877.3333,34871.3333
2026-07-21,29674,16466,12297,14778,6199,9225,-1407460.00,1562307.00,4711348.00,9514883.00,38872.8,28916.9667,53942.2857,40544.5714,8128141.00,5158374.00,604942,472897,37138,37547.6667
2026-07-20,27355,43245,11669,12864,22526,13831,837163.00,535912.00,16464029.00,8199444.00,39642.2,28944.1,53174.8571,35785.8571,11369484.00,11670735.00,589232,461354,32098.6667,49075.3333
2026-07-17,47585,32921,23694,19546,11728,16105,670396.00,-101638.00,9068230.00,19429343.00,38595.0333,28297,50682.2857,34288,11897775.00,12669809.00,683793,566437,47236.3333,70163
2026-07-16,37703,35248,13520,19630,16230,17595,-2292548.00,935566.00,23324306.00,18439309.00,38999.0333,27874.3667,47627.8571,31351.7143,20100206.00,19853640.00,691449,564569,48741.6667,79286.3333
2026-07-15,61938,28127,26077,31270,14899,10777,-5523420.00,610838.00,7537469.00,28229809.00,37773,27561.6,43030.1429,30973.7143,19802704.00,13520446.00,681381,548241,48090.3333,67671.6667
2026-07-14,110848,78334,48062,54668,36416,32988,-2565750.00,2504438.00,19457051.00,32995482.00,35326.1333,25614.8,31599.2857,23672.4286,26484221.00,21414033.00,658421,525562,25290.3333,38050
2026-07-13,65073,39764,27065,31816,13645,23419,-2040443.00,-977973.00,6716879.00,35560379.00,34066.0667,25062.1667,25145.2857,20835.5714,20505704.00,19443234.00,642786,508984,19514.3333,26404.6667
2026-07-10,27094,26173,11264,11652,10236,13780,420567.00,-262142.00,7363036.00,10055522.00,33786.8667,25038.5,27395.2857,24968.8571,7670150.00,8352859.00,661219,521064,15688,22814
2026-07-09,21983,9934,9933,8741,3641,4981,157730.00,-139783.00,2273349.00,24091801.00,33603.8333,25160.4667,28880.8571,26162.2857,7797364.00,8277377.00,658663,516804,20870.3333,25404.3333
2026-07-08,30137,22436,10573,17347,10022,10292,-178810.00,776898.00,7094138.00,9247779.00,33248,25060.7333,29769.7143,28746.5714,7897956.00,6942248.00,652584,511699,22466.6667,25636
2026-07-07,16322,14694,7336,7265,4966,8657,224649.00,-717449.00,3664148.00,7930405.00,33528.7333,25038.3667,31073.8571,30471.8571,4830162.00,5772260.00,645245,507433,24204,26827
2026-07-06,29754,25481,14926,10993,6859,13846,383504.00,-336302.00,4258591.00,16848303.00,33323.9,24946.3333,29308.2857,29189.2857,8827475.00,9547281.00,640319,505403,34079,31190.3333
2026-07-02,30832,27225,14535,13498,12079,12967,1213939.00,-1265745.00,7733630.00,12099032.00,33146.0333,25585.7,27314.5714,28492.1429,8049145.00,10528829.00,663847,517968,31100,31707
2026-07-01,19895,19906,9242,8859,7244,10347,-1897425.00,-2719646.00,8613885.00,10935359.00,33762,25619.9667,30147.8571,30214.7143,8545596.00,9367817.00,660754,510091,37973.3333,37195
2026-06-30,42844,55106,20985,19388,31418,19014,351246.00,1400773.00,6909388.00,13673543.00,33376.5667,24628.7333,29964.1429,26091.7143,9797104.00,9507577.00,628229,503067,28528.3333,31397.3333
2026-06-29,32382,18288,16455,12835,10311,6160,1215531.00,1473817.00,6006463.00,12077949.00,33425.1,24658.4333,41079,28058.7143,8304272.00,8045986.00,617390,491218,27933.3333,26401.6667
2026-06-26,36359,40526,12344,20520,19420,16586,-1268204.00,967671.00,10254304.00,11524303.00,33009.9333,24313.4667,41217.7143,25860.8571,10991256.00,8755381.00,634534,499571,21873,19907.3333
2026-06-25,25451,26771,9420,14237,9732,14665,-281489.00,-1009186.00,6264236.00,10603889.00,32957.1667,24154.2,42952.1429,24940.1429,7343304.00,8071001.00,624161,492868,23604,24666.3333
2026-06-24,17395,16503,8551,7709,8915,6509,-269744.00,86673.00,5716987.00,9989419.00,33407.2667,24492.2333,47329.5714,27927.2857,7619573.00,7263156.00,616439,490232,26851.3333,32720.6667
2026-06-23,16876,22345,5948,9624,10525,10614,-1017516.00,-396781.00,5803286.00,10341285.00,34551.8333,25727.7333,49441.1429,27180.5714,7989031.00,7368296.00,604789,484840,30088.6667,63824
2026-06-22,39728,31964,21917,15706,12598,14101,3616469.00,-213482.00,6403222.00,38765888.00,38231.9333,26023.3667,49118,26235.5714,17204067.00,23337018.00,595391,463613,27814.3333,63024.6667
2026-06-18,41558,26245,15877,20010,12969,11373,-1838262.00,-1746542.00,7688306.00,26483030.00,37822.4667,25851.6667,47059.7143,26990.7143,15175375.00,15880855.00,775392,625129,25841.3333,61702.6667
2026-06-17,110186,32057,52467,49412,13096,15491,-1188510.00,-363427.00,15167051.00,30355083.00,34899.4,25281.5667,34635.2857,24374,20944500.00,20119417.00,759746,597946,27626.6667,40986.3333
2026-06-16,37330,25141,17104,15808,8327,14451,1574879.00,-2444330.00,11070590.00,34112845.00,35688.2333,25113.3,34222.2857,24153.5714,18348305.00,22367514.00,748477,603196,24952.3333,39095.3333
2026-06-15,37592,20326,15702,17821,7718,11046,-1156566.00,-841700.00,4378237.00,26929709.00,44563.3667,25225.0667,36057.2857,27544,15372969.00,13555603.00,741027,594148,26626.6667,39053.3333
2026-06-12,48037,37413,19258,23765,10748,19780,-2788167.00,-311093.00,5362425.00,24288125.00,43779.5667,24778.6667,31504.8571,24129,14395208.00,11918134.00,761748,617812,24666,32091
2026-06-11,31657,17118,16220,12810,5945,9375,2595515.00,-976340.00,4475903.00,14981999.00,43646.5333,25021.7,34100,24907.7143,7210922.00,10782777.00,757893,615921,23540,29277
2026-06-10,37466,25349,15890,18408,8691,12774,1375729.00,-1191324.00,4913007.00,12270980.00,43189.0667,24754.1,32341.5714,23964.1429,6704671.00,9622264.00,746826,600707,22956.3333,28268
2026-06-09,27150,31531,12143,12892,15671,13331,-346208.00,-464693.00,5827006.00,12841290.00,42961.9333,24171.7333,33811.8571,22306.8571,8649519.00,8768004.00,733174,592177,27132.3333,36030.3333
2026-06-08,23215,13740,11529,10091,6935,5798,-240954.00,389486.00,4640891.00,9727153.00,42882.5667,25005,34391.2857,23656.1429,7076324.00,6445884.00,729280,583158,27055,33682
2026-06-05,34439,23598,11699,19574,11964,8839,-1778750.00,571642.00,5022508.00,10205152.00,43461.8,25142.3,32145.4286,23922.5714,8258122.00,5907730.00,756162,599798,26712,38810
2026-06-04,50437,44059,20857,22353,24124,17658,714077.00,-828779.00,8480955.00,21141476.00,42560.8,24591,27296.1429,19570.2857,12789058.00,14166714.00,758359,584512,18273.6667,30383.3333
2026-06-03,16170,13508,8469,6807,5412,7313,2316272.00,-36020.00,3036838.00,7825455.00,42687.7667,24965.9,27766.4286,20418.2857,4021186.00,6373478.00,754662,583104,20414.3333,37474
2026-06-02,49823,22569,16723,24664,10510,8531,-2455467.00,822277.00,6255956.00,19664451.00,41738.3,24877.3,24183.7143,19197.4286,12243759.00,8966015.00,751084,571344,20619.6667,29956.6667
2026-06-01,25157,18744,13514,9601,9043,6217,2031574.00,-1607805.00,10290196.00,13292635.00,43003.3333,25696.2667,23962.5714,19765.4286,8934039.00,12573418.00,739655,562074,22859.3333,27810.3333
2026-05-29,37442,19930,19177,15689,8125,9005,570473.00,-325542.00,4083929.00,8026569.00,43032.6,26211.7333,22256,23547.7143,5014794.00,5910809.00,751357,567867,20747,20827
2026-05-28,27271,23185,16514,8713,10023,12361,2655823.00,-314478.00,5187410.00,8778734.00,48350,26497.6,23842.1429,23226.1429,5132247.00,8102548.00,749872,556599,19500,18224
2026-05-27,18718,25463,7075,10148,7070,17025,-1620191.00,-1512074.00,4785520.00,7530344.00,50120.5333,26726.1333,25636.8571,23212.7143,5931139.00,5823022.00,734018,549423,15686.6667,20232.6667
2026-05-26,16492,13593,8826,6651,6962,5759,214457.00,-825095.00,3648408.00,5188637.00,51458.4333,27978.6333,28114.8571,24010.7143,3695152.00,4734704.00,729955,542980,18729,22605
2026-05-22,19462,19444,7738,10318,10483,7209,-259578.00,403609.00,3724311.00,6553955.00,52016.5333,28046.8667,28749.4286,25544,5162691.00,4499504.00,739094,561189,27716.3333,24616.3333
2026-05-21,24744,14023,8554,13846,5549,7630,-1766949.00,-557355.00,3525038.00,7339564.00,53684.4333,29098.3333,28624.2857,26682.5714,5677562.00,4467968.00,736582,551887,30020,29159.6667
2026-05-20,23609,22720,11528,9172,8461,13017,1998543.00,-915338.00,6441124.00,7812429.00,54478.3667,30122.1,29665.5714,27243.1429,5167980.00,8081861.00,729758,544891,30903,31717
2026-05-19,25496,46406,9817,13638,17411,15014,-71468.00,3301478.00,13655410.00,8547287.00,54419.1667,29309.0333,33339.4286,29100.8571,10781104.00,7408158.00,710175,537739,21827.3333,34497.6667
2026-05-18,38374,20934,22430,12903,9661,8462,-1065596.00,602756.00,10507728.00,8605489.00,54347.6667,29260.3667,49304.7143,31943.5714,9566708.00,7898356.00,699944,520866,24908.3333,29674.3333
2026-05-15,31281,25369,12500,16313,11552,11936,-16147.00,75338.00,5757807.00,7398593.00,54206.8,29182.4,49018,31332.8571,5981189.00,5889704.00,773897,748550,23783,27203.3333
2026-05-14,33838,19179,10738,13258,10289,7256,-391942.00,1456763.00,7333056.00,37829605.00,54004.7,29193.5333,47397.4286,30729.2857,8278904.00,6430199.00,782050,745910,26271.3333,26223.3333
2026-05-13,23904,30177,10478,10568,12496,16507,-1005724.00,651086.00,5801978.00,11326231.00,54477.6667,28710.2333,52696.1429,29288.7143,8500825.00,6844015.00,767507,739751,36015.6667,35326.3333
2026-05-12,23868,21993,10883,11157,7101,13988,29533.00,-948615.00,5776444.00,9629944.00,54702.9333,28546.6333,92693,29529.5714,6666179.00,7644327.00,756433,732869,42295.6667,77414
2026-05-11,30898,26644,12294,11950,14497,10400,-1046447.00,-155299.00,5588220.00,36570658.00,55856.1,29304.6333,91782.2857,29154.8571,8147402.00,7256254.00,755192,726208,40445.6667,76872.6667
2026-05-08,51213,59410,20700,26153,24587,29315,-2223512.00,782632.00,9891241.00,15036416.00,55182.1,28012.5,88418.4286,24154.7143,13053614.00,10040022.00,757177,750164,25627,67299.6667
2026-05-07,150131,40833,71477,74533,20623,18124,-6642163.00,-254848.00,7703157.00,19939890.00,51065.5333,27231.2,70362.8571,20795.8571,16151937.00,9575840.00,740037,838355,18713.6667,37587.6667
2026-05-06,29274,21094,13065,12718,7224,9742,-3022265.00,-129842.00,4185154.00,12364713.00,51010.3,27559.2333,69086,19791,8723171.00,5830748.00,734573,829251,19575.3333,129111.6667
2026-05-05,22494,14954,9031,8031,5612,8029,-530611.00,-104.00,3361258.00,9361804.00,51591.8667,28029.9,68848.8571,23188.7143,5972423.00,5441916.00,729275,821688,22597.6667,129788
2026-05-04,60995,20093,23187,25094,8452,9665,-989746.00,-111484.00,5230859.00,26043449.00,50659.7333,28316.5667,67537.5714,24277.8571,10981577.00,10103315.00,722623,816256,24036.3333,118678.3333
2026-05-01,303846,23679,121254,24644,9521,12655,2537339.00,-628918.00,4412111.00,796824895.00,41622.0667,29345.2333,27474.8571,24826.5714,13880348.00,21085653.00,736720,769613,21917,25310.3333
2026-04-30,24523,24021,10066,12673,7806,12319,-924990.00,-1613955.00,5818925.00,12230591.00,42190.8667,30087.1,26825.7143,24931.4286,7922486.00,8611451.00,731608,759919,18596.6667,23914.6667
2026-04-29,27666,24409,8609,16490,8828,14595,-1032735.00,-1510021.00,7143043.00,9002150.00,41808.5333,29822.9667,25921.8571,24288.8571,6985582.00,7462868.00,718082,763967,23373,21637.3333
2026-04-28,23742,17321,9734,12376,9255,7516,1286671.00,313701.00,3722789.00,9181761.00,41766.4333,29757.8,31545.5714,28002,5494130.00,6467100.00,707572,759413,26838.3333,30995.3333
2026-04-27,20336,14060,9816,7501,5839,7434,-1411387.00,-44884.00,4025397.00,8666676.00,42859.6333,30420.7,34114.7143,31049.7143,6654934.00,5288431.00,703250,750758,31325,32019
2026-04-24,20834,38738,8308,9442,14770,21267,-300846.00,-875072.00,6732485.00,19033599.00,43239.6333,30066.8667,57823.1429,30053,10959683.00,12374759.00,703909,766168,26664,31734
2026-04-23,51816,27717,19106,30058,15107,10799,-1826975.00,3506898.00,9538628.00,13915753.00,42120.1667,30006.2667,60682.8571,30710.4286,14130981.00,7972108.00,698943,761997,24062,21575
2026-04-22,23407,27520,8239,12169,13970,12095,-1851692.00,-572110.00,5330132.00,9668832.00,43865.4667,30217.0667,65428.8571,34088.7143,7505553.00,6225971.00,690205,757817,29326.3333,34808.6667
2026-04-21,19979,24755,8917,9609,9960,11949,727481.00,-1059388.00,7327137.00,11289783.00,46859.2667,30499.5333,67746.8571,33622.4286,6855911.00,8642780.00,681247,753841,32872.6667,40922.3333
2026-04-20,21339,19911,9254,9924,6604,11427,1423902.00,-1415336.00,6811574.00,16454008.00,47581.1667,31361.5667,75381.4286,37287.5714,7979267.00,10818505.00,671711,747621,36822.6667,96073.6667
2026-04-17,63108,43313,23562,24370,13813,14279,-453103.00,1342245.00,18754211.00,26496040.00,46311.0667,30598.6667,73141.2857,38733.2857,16207246.00,14411898.00,748984,844917,33158,98982.3333
2026-04-16,38320,35394,16100,19358,18900,14129,-2960849.00,1365642.00,10961711.00,17194645.00,45718.2,29791.7333,71055.5714,36821.8571,15517031.00,11190540.00,734715,836782,38416,105085.3333
2026-04-15,186793,31761,80596,89358,14005,14751,9252242.00,-564991.00,11338541.00,61675528.00,42070.1667,29709.8333,49546.4286,35066.5714,28738589.00,39325022.00,719644,709064,34992.6667,54889.3333
2026-04-14,71834,32319,32329,30624,14768,12480,1284218.00,513883.00,6882503.00,40183642.00,40809.9667,30205.9,43149.4286,33739.5714,20101281.00,20871616.00,710114,700725,39408.6667,55871.6667
2026-04-13,56629,51168,27233,22413,17747,24229,2063126.00,-452983.00,7887411.00,25046926.00,40476.8333,30752.4333,39027.4286,29217.4286,13423540.00,15939649.00,686427,685336,40163.6667,52804.3333
2026-04-10,36205,21491,16136,17102,8392,10225,1911224.00,-1560108.00,6923704.00,23849128.00,40438.8333,30929.3333,39297.1429,28387,12532712.00,16004044.00,714023,695412,40338,48642.6667
2026-04-09,74781,45567,40809,30627,25511,17816,-201706.00,1979531.00,7506697.00,74426009.00,39441.0333,29907.6,32989.2857,24318.1429,38026371.00,41656306.00,703441,676963,31640.3333,35792
2026-04-08,47427,53433,22821,20574,20712,23533,1735618.00,-4888111.00,32032579.00,29595253.00,38843.9667,28885.2,35570.1429,23739.7143,23942011.00,30565740.00,691335,674107,21506,29001.3333
2026-04-07,23720,22014,9922,12525,11658,8351,-1115440.00,881123.00,5063239.00,11090154.00,39990.6333,29502.2,36609.1429,23544.2857,8708711.00,6712148.00,681357,663336,20672.3333,30353
2026-04-06,36229,19474,19115,12202,5657,11038,-150065.00,-1537903.00,4331518.00,14898090.00,39978.9333,29730.8333,35238.4286,23247.1429,7763806.00,9076644.00,675216,649179,19407,30974.3333
2026-04-02,27055,23030,9612,13701,9796,10280,-726533.00,1750449.00,6809234.00,8896898.00,39640.1,29599.9,35318.7143,24376.4286,7951831.00,5474849.00,703277,661349,17425.3333,32164.6667
2026-04-01,27775,19513,11518,14394,11372,6598,-1118803.00,3179684.00,6374546.00,15224245.00,39925.7333,29636.5333,37056.7143,25742.2857,12446539.00,8148052.00,696045,663870,27382.3333,44737.3333
2026-03-31,38093,15678,15648,19271,6519,8224,56853.00,292801.00,3466673.00,11926077.00,39734.4333,29875.3,36333.5714,27601.5714,7128303.00,6892355.00,689866,643548,29038.3333,42370.6667
2026-03-30,30626,17085,11887,15441,7205,8867,-3633790.00,645758.00,5114100.00,13926164.00,40721.7667,30810.0667,36632.1429,32952.1429,10787022.00,6507474.00,685644,634068,29141.3333,41040
2026-03-27,65493,49384,26470,35568,19411,25875,3695176.00,-739978.00,10321657.00,15621963.00,40541.8667,30906.4667,33217,32508.2857,10135441.00,14570595.00,692956,649088,22991.6667,28414.6667
2026-03-26,30993,20646,14792,11373,6639,9689,2310969.00,16841.00,4361885.00,10654319.00,40888.9333,30877.8333,31103.1429,31913.8571,5438252.00,7802380.00,684427,634369,25801,31397.3333
2026-03-25,26634,17394,12243,11778,4552,11466,3619267.00,-4040416.00,6629889.00,13542780.00,41059.8333,31190.6333,30509.5714,31624.1429,5602733.00,13438056.00,680771,623898,29567.3333,33529.6667
2026-03-24,27617,30935,13637,9385,13116,16109,1832256.00,1383823.00,10038425.00,13304226.00,41683.2,30931.4667,34154.5714,32054.4286,9945916.00,10394349.00,679205,615374,37435.3333,35229.3333
2026-03-23,39941,29074,26702,10748,12974,14721,4051884.00,-648374.00,7127725.00,13282965.00,42338.2333,31251.4667,33053.5714,31918.5714,7424390.00,12124648.00,667190,590246,43169.6667,35778
2026-03-20,33031,28693,13346,15534,18039,9124,625079.00,1011123.00,3814652.00,10300660.00,42219.8,31156.8333,30939.4286,31519.4286,6769289.00,6383245.00,800554,765347,39100.3333,30166.3333
2026-03-19,32716,54539,15672,14608,13557,32187,1702012.00,-8497962.00,20428509.00,11517193.00,42241.5667,30123.5667,37089.4286,28563,8147539.00,20744213.00,790221,758301,26042.6667,26754
2026-03-18,41587,46277,11686,28704,20018,24838,-1542996.00,-770394.00,14607085.00,13748966.00,41918.5667,29814.7667,46833.1429,26699,13736781.00,14097179.00,767247,740746,21932.6667,30602.3333
2026-03-17,16196,16485,5648,9011,7320,8040,-968510.00,-2000128.00,6868934.00,7027457.00,42325.1667,29951.4,50661.7143,30882.8571,6142166.00,7173784.00,761012,736633,25812,35948.3333
2026-03-16,22479,15366,12114,9033,6292,7891,396177.00,-657223.00,4312022.00,7247855.00,48703.6667,30186.2333,51022.5714,31605.7143,4845324.00,5898724.00,756864,731849,29323,34532.6667
2026-03-13,53132,33947,23771,25226,17189,13877,-4289220.00,-237601.00,7391389.00,16752613.00,47480.2333,29775.8,46365.7143,28354.1429,13435215.00,9260460.00,774522,734194,29288.6667,42077.3333
2026-03-12,32234,28123,12996,16742,9815,14484,-428369.00,-1059568.00,9006778.00,7551041.00,46934.3333,31722.3,52811.1429,28522.8571,7269924.00,7901123.00,767246,723035,30990.6667,67930.3333
2026-03-11,18232,25899,8251,8435,10406,10194,1842989.00,122327.00,8105730.00,8298737.00,46748.9,31425.1,55067.7143,31566,5134223.00,6854885.00,761175,717246,37615,76185
2026-03-10,75766,33844,52208,21168,11061,13611,7078844.00,-289019.00,11419766.00,23694366.00,44815.9,30671.0667,50906.1429,36383.1429,10385397.00,19421260.00,754029,707002,33142.3333,59264.6667
2026-03-09,109793,33229,45412,36198,9229,16023,824852.00,-1637646.00,13035420.00,51468833.00,42025.5333,30903.9333,40230.7143,35464.4286,17392378.00,20141506.00,738512,671702,25794.6667,29511.6667
2026-03-06,42996,45772,17099,19659,13501,19878,1334803.00,-1030087.00,13388956.00,21419754.00,41461.2333,29810.3,40495.1429,31056.2857,9878712.00,12243602.00,748696,679699,20305.3333,40963.6667
2026-03-05,25005,20426,9506,11238,11020,8133,-858808.00,1695291.00,7459750.00,7535481.00,41511.6,29953.4,41139.4286,31389.8571,8264194.00,5710095.00,743807,674064,29230.3333,43971.3333
2026-03-04,20534,11186,7762,10469,4233,6427,-563613.00,-873486.00,3704882.00,8324749.00,42000.3,30863.0333,46508.8571,35581,5400956.00,5710829.00,741826,665319,48023,52671.6667
2026-03-03,77352,29304,32380,41194,9824,16109,-1769023.00,-4027984.00,11612758.00,38551109.00,43056.7333,31115.0333,40584,35156.5714,22762357.00,25021318.00,726360,614633,47187.6667,38576
2026-03-02,34028,47201,16302,15496,16269,20037,77201.00,-1931172.00,13439930.00,19059327.00,43951.4,30836.6667,38135.7143,31142.4286,15608589.00,11552532.00,701796,602023,36425.6667,42182.3333
2026-02-27,46635,67564,18982,22902,29201,34978,604569.00,-2282169.00,18902055.00,18034700.00,45193.2333,30662.6667,36665.5714,24435,16098008.00,18984746.00,706674,618809,21491.3333,36475.6667
2026-02-26,35065,26798,14034,16386,8397,16903,2040661.00,-961328.00,6784177.00,21090369.00,46170.8333,32361.0667,36278.2857,23869.7143,11383033.00,14385022.00,693172,613506,26066.6667,44160.6667
2026-02-25,44847,14915,22510,18275,6223,6728,894742.00,-13963.00,4144787.00,16606891.00,46368.7333,33218.6333,38478.1429,28185.8571,9165521.00,10074226.00,688421,593513,29872.6667,41171
2026-02-24,29515,22761,13217,12034,10536,8522,1600768.00,705264.00,9746925.00,15881765.00,46808,33236.7667,42846.8571,32402.2857,10708251.00,11603755.00,680355,582814,28653,36962.6667
2026-02-23,58120,40524,18112,36110,17655,20096,-2785474.00,-1288444.00,12504392.00,16513335.00,45605.7,32597.3333,40459,29439.8571,14571990.00,13074960.00,658364,563927,22015.6667,29704
2026-02-20,35878,26333,13346,15363,11617,12909,94858.00,-977458.00,7383585.00,7580514.00,45116.1,32253.7,39870.8571,29503.4286,6221940.00,7294256.00,763946,621034,20851.6667,28529.3333
2026-02-19,16890,19102,7712,7557,7994,10015,-117839.00,-2513290.00,6286643.00,4048088.00,45433.2667,32237,44074.8571,30083.1429,3487690.00,6214391.00,759950,617939,29527,42981.3333
2026-02-18,36344,20612,16828,14221,4729,10750,1701537.00,123789.00,4290465.00,25677658.00,47222.9,33086.6667,47396,32663.4286,12962418.00,14540166.00,757779,618917,40081.6667,50898.6667
2026-02-17,32354,22841,10634,12976,7191,8704,-141053.00,772883.00,6726149.00,21045489.00,47121.1667,33099.2333,46985.1429,33093.8571,6645896.00,5731960.00,749386,605725,39063.6667,53915.6667
2026-02-13,60246,45128,28159,29097,17898,19715,3630758.00,-963825.00,16130322.00,18023047.00,45600.7667,32073.5333,43145.5714,30010,12466316.00,17080721.00,760029,613898,32947,44420.6667
2026-02-12,60096,52276,25272,26609,27044,20692,-4190665.00,2865320.00,15531050.00,19485731.00,44548.4,31102.0333,39117.1429,27829.5714,19142058.00,12086073.00,747905,594148,23241.6667,39828
2026-02-11,41405,19787,13913,23322,9540,8190,-4803224.00,856198.00,4707366.00,15202615.00,44492.7,31165.9667,37258.4286,27943.4286,12039667.00,6380245.00,746634,588024,29537.3333,45890.3333
2026-02-10,31761,26778,11068,12843,11973,5428,-2164868.00,985553.00,5470586.00,20163120.00,44879.2,31592.9,63268.8571,27319.5714,9642017.00,6491596.00,731367,582220,29229.3333,45129.3333
2026-02-09,46318,23160,22389,18091,10492,10044,1377845.00,480574.00,6729749.00,30403182.00,45115.8,31956.0333,58999,27101.5714,15571572.00,16469346.00,724041,575311,29356.3333,40813
2026-02-06,59592,38674,30223,24442,17262,16210,4556730.00,1060139.00,8668499.00,32026969.00,45002.2333,31825.2,52751.1429,33936.4286,16954634.00,20451225.00,731358,583484,28802.6667,31581.3333
2026-02-05,29478,25854,11644,15011,11918,11588,-541942.00,982823.00,9390933.00,13146540.00,45623.1333,32033.7667,50349.8571,32669.1429,11383067.00,9858302.00,722347,577751,27046,31220
2026-02-04,33369,23541,14891,12478,7734,11132,733153.00,-2459292.00,7993554.00,18123590.00,48442.8333,32240.7667,48122.2857,30909.4286,9768458.00,13819473.00,712197,573139,26669.3333,91375
2026-02-03,31897,37013,11155,11160,16737,18536,-1360927.00,-954398.00,17482951.00,18389053.00,48637.2333,32624.2,47291.5714,31366.8571,15841017.00,17796306.00,698299,564011,21543,86219
2026-02-02,28394,20584,13543,11061,7286,8706,51239.00,-598649.00,4731013.00,15265356.00,48742.3333,33091,46959.1429,30278.1429,8256568.00,8906456.00,694292,553906,43521,82040
2026-01-30,213834,22411,89957,99531,8932,10325,48542521.00,189534.00,3449686.00,1022435480.00,42461.7333,33718.2333,20199.4286,30607.8571,486684978.00,421611735.00,711063,583287,41711.6667,14985
2026-01-29,16429,21634,7061,7767,10073,7352,-1685207.00,612170.00,4817798.00,6397068.00,42923.2333,34196.9333,22880.2857,33013.7143,5863206.00,3565829.00,706349,579796,38241.3333,15434
2026-01-28,15857,86518,7791,6017,16900,66335,1660864.00,-4834364.00,10374225.00,6046863.00,44619.3,32610.5667,36192.8571,25920.2857,4263377.00,11298605.00,645996,576597,22807,18842.3333
2026-01-27,12669,16983,5848,5804,5846,8371,235010.00,-273394.00,3296067.00,4568638.00,45445.0333,32959.6333,43078.4286,29044.1429,2911407.00,3419811.00,644142,574846,21467,23308.3333
2026-01-26,17776,11223,7495,8508,4366,5335,-579243.00,-84740.00,2240889.00,5938296.00,46492.5,33747.6667,52523.2857,36347.1429,3911864.00,3417361.00,640278,568255,25965.6667,26221.6667
2026-01-23,26082,40215,10579,12091,19508,15867,-225285.00,79096.00,7616434.00,6753084.00,46558.5,33294.7,57996.2857,41709.2857,6659612.00,6355231.00,640038,595996,25385.6667,29259.3333
2026-01-22,26067,12963,10947,12255,5231,6488,-115591.00,378171.00,3040566.00,8622159.00,46829.6,34318.5333,61527.2857,45663.4286,5626776.00,5133014.00,636736,590759,33352.6667,56918.6667
2026-01-21,26516,24719,12019,11759,10189,11177,-538671.00,-441093.00,7586031.00,11252933.00,47764.6,34717.6333,63838.2857,45461.4286,8738752.00,8641174.00,631756,583782,38063,68369.3333
2026-01-20,35195,38475,11468,15734,14157,15653,-2162156.00,-937357.00,9462851.00,16691945.00,48065.5333,35082.1667,61960.5714,43013.7143,9950281.00,8725482.00,612317,572526,46019.3333,84601
2026-01-16,109045,36864,53113,42772,12776,14116,1706910.00,363306.00,6447329.00,31889173.00,46293.9667,35033.4667,49409.8571,40036.5714,13050427.00,14394031.00,912492,815570,59648,69717
2026-01-15,60868,38850,29161,24779,13652,20172,5418675.00,-196328.00,4904602.00,30027117.00,44802.3667,34204.3,44486.5714,37143.8571,13098736.00,18713739.00,908124,809074,60245.3333,66355.6667
2026-01-14,83890,62344,30032,43854,29313,27170,-3866921.00,1639165.00,17020316.00,35804536.00,42831,33212.6333,45364.1429,34823.5714,26390760.00,20884674.00,896448,793063,47232.3333,52623.3333
2026-01-13,64393,77750,21631,30777,36123,34595,-3362121.00,1232941.00,17534401.00,28678651.00,41546.1333,31179.0333,40351.1429,27033.2857,23031557.00,18316495.00,857388,782004,28429.3333,38509.3333
2026-01-12,50784,40642,20335,26171,18877,16641,-191548.00,3114183.00,10775524.00,30055622.00,41582.4,30915.8667,35186.8571,23278.2857,20323862.00,17018150.00,838494,769131,20223.3333,28644.6667
2026-01-09,42693,23305,16574,16166,9581,10946,998399.00,-67246.00,3368100.00,21675749.00,41751,30753.9333,33162.8571,23253.4286,9378543.00,10444188.00,859975,784906,18655.3333,23215.3333
2026-01-08,22051,21341,10648,9620,11697,5228,773888.00,532325.00,6850302.00,14315730.00,42066.9,30552.3,35689,23305.4286,8460510.00,8702073.00,851624,779238,26909,45876
2026-01-07,21190,16024,8693,10474,6267,7934,-1901918.00,-1577665.00,8185506.00,13426700.00,42830.4,31116.6333,38855.5714,26671.4286,10338603.00,10014350.00,844492,776370,29307,48580
2026-01-06,26405,18601,8767,14154,8228,7385,-4872883.00,268129.00,4025573.00,18513625.00,43199.9667,31622,42714.2857,28879,12517541.00,7376529.00,842422,769546,27892.3333,44656.3333
2026-01-05,90033,46102,29639,29420,20373,21782,-373176.00,-3806397.00,19581680.00,48499695.00,40775.4667,31254.7333,37878.8571,27257.1429,26524529.00,32256202.00,822246,735907,20235.3333,24153.6667
2026-01-02,29302,23218,13069,12657,9047,12357,234426.00,-628120.00,3625130.00,14857662.00,40939.1667,31281.0333,40565,28527.5714,7900593.00,8763139.00,831778,748670,19731,27631
2025-12-31,14634,14357,6031,7148,7093,6098,14922.00,102555.00,2608429.00,7238202.00,41554.5333,31396.0333,55325.8571,30726.7143,4395699.00,4308066.00,828111,745320,28140.6667,37205
2025-12-30,28525,23131,11259,12175,9028,11349,-3029836.00,-932460.00,5202318.00,14719843.00,42188.5667,31527.9,56640.7143,34353.1429,9874992.00,7777616.00,819934,742990,31781.6667,45502
2025-12-29,39734,21705,13848,18247,10416,8940,-624968.00,452016.00,4304955.00,34877343.00,42107.7,31507,55471.1429,36193.5714,16232150.00,15155166.00,812668,730992,36129.6667,50985.6667
2025-12-26,43356,39586,19508,18657,17408,16899,-2242136.00,-1358808.00,10245601.00,19029090.00,43336,31072.6,52908.2857,36428.1429,13197127.00,12313799.00,833708,748006,33638,52568.6667
2025-12-24,53416,34054,21587,26281,10855,19513,-1947437.00,-1542131.00,5808213.00,23236407.00,42384.4,30239.2,49602.2857,36705.4286,14061829.00,12321635.00,819129,735225,32203.6667,74083.3333
2025-12-23,56185,34749,22670,27138,12856,17406,1560198.00,-456428.00,6252966.00,34165259.00,41614.7333,29830.7667,51110,37302.2857,16723340.00,18739966.00,806594,719613,36792.6667,67931.3333
2025-12-22,48105,32111,23960,19523,11776,15326,512820.00,420085.00,6188026.00,29052792.00,42717.9667,29967,49586.5714,36637.1429,15748765.00,15841500.00,790432,707495,37618.3333,62412
2025-12-19,117960,29751,47314,65272,11336,14282,-5890721.00,-400525.00,3771127.00,89386112.00,39720.8,29833.5333,39763.7143,37367.5714,49404153.00,37004607.00,913434,842769,41444,31564
2025-12-18,37729,48516,20274,14516,21147,24193,7509917.00,-1126134.00,10290227.00,27748931.00,39284.8667,29075.1667,38382.7143,34240.4286,13227605.00,21860446.00,903046,832753,37270.3333,29079
2025-12-17,31547,34588,10866,17318,16647,9674,-3023854.00,-953324.00,5200359.00,27280160.00,39249.8333,29082.9,38761.7143,35539,20614957.00,9464427.00,879905,822574,38716.6667,40809.6667
2025-12-16,25416,41228,11802,11195,20292,16200,-909213.00,1183048.00,5329333.00,16990785.00,39931.5667,28534.1,42926,34891,11038335.00,9055574.00,876121,819182,34125.6667,44818
2025-12-15,30274,35995,15090,12404,15897,15715,1312240.00,441768.00,6023225.00,15804394.00,44559.1333,28187,44918.7143,36807.5714,9270181.00,10140653.00,858363,816051,33748.6667,51126.6667
2025-12-12,66739,38927,30240,28430,15918,12692,-2374419.00,673842.00,7689905.00,73021836.00,43612.6,27880.7333,43370,36304.1429,16666612.00,54925071.00,871814,823671,29648.3333,38234.3333
2025-12-11,37441,27455,13158,18520,14294,11312,-797946.00,-285563.00,3876009.00,15241455.00,43605.1667,28116.0333,40324.1429,34378.4286,8693676.00,8181293.00,872300,827850,35056,37154
2025-12-10,49200,34864,21612,20594,12440,20670,1379594.00,-939866.00,5475827.00,18469950.00,42676.8,27314.1,36831.1429,34054.1429,9479786.00,11799246.00,865200,823373,35665.3333,38942.6667
2025-12-09,28062,26626,14551,11989,12627,12515,1160581.00,714488.00,6321969.00,13668122.00,43481.3,27291.6,36514.7143,32642.1429,9383177.00,9829270.00,859860,817859,43260.3333,44329.6667
2025-12-08,34200,43678,14038,14151,21054,15847,-1165556.00,59523.00,6757214.00,17473261.00,44810.3333,26929.4,39039.2857,31080.5714,10359786.00,9134707.00,838305,810670,40502,51562.3333
2025-12-05,54566,36692,23284,23390,17475,15276,394679.00,819571.00,6919255.00,20658988.00,43998.2667,26154.1333,38065.7143,28474.1429,11958678.00,11533786.00,859683,821609,32929.6667,38747
2025-12-04,44223,49411,18572,19439,20847,19770,1806075.00,1393376.00,7947958.00,17545859.00,43644.8,25269.3,36252.1429,23600,10983255.00,11395954.00,836433,817306,27324,32255.6667
2025-12-03,55898,35403,32373,17041,8424,21532,3620351.00,-2913214.00,8289806.00,22583666.00,42412.6333,24882.4667,34566,23250.1429,10782388.00,17315953.00,820351,801443,21103.6667,22238.6667
2025-12-02,16120,13975,7117,7461,5441,5654,-253691.00,43306.00,2540478.00,4681434.00,43046.7333,25734.7333,37619.1429,26076.8571,3261228.00,2964231.00,814178,797215,27361,34156
2025-12-01,24749,32594,12182,10355,12827,12460,-1834009.00,593130.00,6544588.00,8819307.00,44030.3667,26215.9,36554.7143,26432.5714,8412354.00,5985215.00,799737,791681,22645.3333,41823.3333
2025-11-28,25847,16742,10400,12708,8250,7535,51795.00,-279437.00,3389017.00,6633107.00,45728.9667,27646.1333,37749.8571,27470.4286,4424021.00,4755253.00,814037,814896,22162,43717
2025-11-26,51872,32747,14950,18018,9386,12498,-5288241.00,-151194.00,5966630.00,25806597.00,46340.1667,27868.0667,35067.4286,25336.1429,15360407.00,10223360.00,801775,792220,22231,41124.6667
2025-11-25,47751,18447,20115,16127,8406,7661,1099091.00,-1531020.00,5074029.00,14402810.00,49864.6667,29343.0333,35038.1429,26570.4286,5774890.00,8405001.00,797558,779110,27336,37705
2025-11-24,31528,15292,13452,12377,6106,8317,789262.00,-387198.00,3379603.00,8552474.00,52380.1667,31273.7667,35863.8571,27397,4761383.00,5937843.00,793608,764302,33933.3333,32961.6667
2025-11-21,44095,32954,17148,22690,14204,15612,828563.00,302359.00,8066520.00,10204081.00,54144.3,33233.5,41022.4286,26482.7143,8058209.00,8584413.00,865705,853221,30951,29667.6667
2025-11-20,37492,33762,16132,17551,14338,17220,295620.00,-1554977.00,9996726.00,10983222.00,54640.6667,33395.9,39219,22952.7143,9087034.00,10949631.00,858322,853761,25632.6667,28202
2025-11-19,17298,35084,8427,7740,15176,17789,1046654.00,-502479.00,5509424.00,4661508.00,55187.2333,33056,41475.7143,21154.4286,4041308.00,5590441.00,848534,851095,22967,38284.6667
2025-11-18,34213,24007,15225,14588,12513,7941,-888973.00,-779850.00,6727559.00,8781309.00,54868.9333,32939.5333,48188.4286,22896,6903129.00,6794006.00,837062,848929,21990.6667,39316.3333
2025-11-17,33095,17807,14959,14789,7292,7444,-1668267.00,107522.00,5118497.00,9930115.00,54616.6667,33003.0667,47467,24030.2857,6841524.00,5065735.00,832079,841081,24906.3333,55019.6667
2025-11-14,47546,27087,22560,20155,10657,13746,3382205.00,91222.00,5874629.00,17733529.00,54540.3333,32971.7667,44196.2857,23841.4286,9481196.00,12772179.00,847111,859277,18894.6667,47460.3333
2025-11-13,37308,21078,13115,20955,10532,6885,2225231.00,158789.00,4253202.00,20005141.00,55957.5333,33310.5667,43223.1429,25804.5714,10146907.00,12213349.00,842778,848956,19367.3333,46056
2025-11-12,80205,26554,33500,38598,14539,9948,-7021171.00,433929.00,3413517.00,32516827.00,55211.2667,33622.1333,38317.8571,25548.8571,20062223.00,12607123.00,835250,822806,22582,46388.3333
2025-11-11,24868,9052,9715,13189,5222,2813,-1855544.00,402804.00,1872513.00,14666050.00,56074.9667,36224.9,58922.5714,27910.2857,9000325.00,6741977.00,832268,820620,28147,47447.3333
2025-11-10,33095,22496,15272,15655,7154,12849,-1614486.00,-492318.00,3613417.00,14253162.00,55708.7333,35995.0667,59672.2857,28945,9279823.00,7967847.00,827585,815237,29236.6667,44632.6667
2025-11-07,81202,36198,25533,48922,14631,15244,-2552565.00,-403034.00,6386246.00,25177990.00,54412.0333,35870.9333,53388.8571,28704.4286,13043271.00,15223280.00,845179,802707,28777.3333,27730.6667
2025-11-06,28045,25747,12988,12205,11878,12927,-1601647.00,1324827.00,4097208.00,8241234.00,54357.2667,36091.5667,52432.2857,26570,7256817.00,4330343.00,839163,798865,28449.6667,33671.6667
2025-11-05,24651,25765,12188,10485,13120,8531,1813665.00,916752.00,4631699.00,11578252.00,54418.1333,36186.3,56367.4286,26596.5714,7063749.00,7960662.00,834085,793670,28388.6667,81821.6667
2025-11-04,30496,34820,14840,12667,16718,13527,10360042.00,1454630.00,5454956.00,27155330.00,55735.2,36572.4,62592.4286,26309.7143,10123548.00,19028960.00,829426,792841,26695,84437.3333
2025-11-03,45868,24764,15992,27405,10862,12389,-4928273.00,-286329.00,3482412.00,20185771.00,55209.4333,36587.1333,60354.7143,24691.1429,14132179.00,8682455.00,817585,781765,29945,81554
2025-10-31,169101,25582,19457,17427,9375,9525,8413524.00,335438.00,6192435.00,654478033.00,51037.8,36735.0333,41000.1429,24303.1429,10245465.00,18323551.00,838270,820216,25019.6667,32303.3333
2025-10-30,38343,29739,15985,17967,7177,16857,-537786.00,-570059.00,3471093.00,47032906.00,51776.2667,36733.1333,38227.2857,23454.4286,23801912.00,24477385.00,839577,813684,23757,36921.3333
2025-10-29,37218,34514,13415,16747,15701,12607,-2653510.00,76141.00,5215136.00,10337991.00,53823.3333,37767.6333,37930.8571,24172.8571,7685222.00,4955571.00,830057,812424,23189.6667,49205.6667
2025-10-28,21349,10806,9589,8928,3438,6600,676661.00,-601254.00,2691412.00,7579739.00,54950.3667,38173.1667,42632.1429,29347.5714,3996872.00,5274787.00,826165,807913,24065.6667,52157.3333
2025-10-27,52197,25951,30551,16478,11472,9978,2772661.00,448291.00,4256721.00,13975210.00,54478.9,37822.3667,46147.5714,34161.5714,7181693.00,9506063.00,815381,790563,23037.3333,45964.6667
2025-10-24,74071,32812,34883,33418,12901,14333,1175909.00,-806297.00,3145207.00,12224818.00,53337.2,37576.3,45595.7143,35103.4286,6101377.00,8083583.00,842124,812545,20032.6667,27585.3333
2025-10-23,30204,13434,12670,14014,5770,5491,-1540714.00,137006.00,1545440.00,5835625.00,53557,39095.2333,63207.4286,42140.8571,4227621.00,2549901.00,836140,800617,28735.6667,29231.6667
2025-10-22,33619,22866,12298,14414,11769,9367,-1341962.00,541191.00,5272824.00,7402973.00,53537.6667,39425.6333,73689.4286,49333.4286,6388132.00,4504979.00,830827,791785,36790,36111.3333
2025-10-21,18933,23798,7025,8616,12213,8827,182893.00,-513208.00,5239026.00,6070160.00,54657.5333,40101.0667,84844.5714,59040.2857,4194166.00,4890267.00,827664,785510,48740.3333,55402
2025-10-20,35143,39543,15466,14645,17141,17724,-626407.00,-776822.00,8310054.00,9571576.00,54256.8333,39394.3667,87307.4286,58910.4286,7730864.00,7881279.00,814830,777272,48694.3333,67090.3333
2025-10-17,54258,47029,22671,25344,16176,27668,-2798638.00,-1714297.00,10204525.00,14598736.00,54924.0667,39076.9667,84369.8571,55747.2857,11680934.00,10596593.00,881640,873981,53916.6667,100166.3333
2025-10-16,76805,59649,25944,43067,37759,18547,-1333241.00,1921395.00,13138120.00,16325851.00,54775.7333,38045.7333,76921.1429,50156.4286,15034272.00,11779636.00,876047,852039,58438.3333,110229
2025-10-15,70208,39405,30911,36029,21034,14141,1698892.00,-356911.00,8919750.00,21885884.00,53965.6333,37812.7667,70538.1429,47343.2857,12607995.00,15280641.00,868032,829740,75885.3333,119166
2025-10-14,153486,62696,74146,60362,26732,29931,3446646.00,-477035.00,10221379.00,56345590.00,50585.5667,36677.0667,55076.7143,42122.1429,28256456.00,32180137.00,865961,822466,67864.6667,85465
2025-10-13,106993,73214,53839,43007,26179,29417,5446197.00,1401535.00,17555613.00,27140645.00,48316.0667,35427.4667,51195.4286,36126.1429,16517308.00,20561970.00,828881,780514,51755.6667,61032.3333
2025-10-10,97019,91746,37172,53961,49868,35154,-815527.00,3924857.00,13584251.00,31198693.00,45973.8667,33034.0667,45595.1429,28148.2857,23035046.00,18294662.00,858978,781270,28011.3333,36914
2025-10-09,52383,38634,18623,25668,15630,18046,-1723550.00,-2632048.00,12608740.00,14689955.00,46388.8,32514.1,45366,35077,11376480.00,12284978.00,850221,763255,21704.3333,27962
2025-10-08,33695,24887,14620,13328,13919,9120,-1437986.00,878491.00,6008624.00,10478071.00,46421.1333,32157,43710.7143,33750.4286,8263646.00,5947169.00,841998,750451,22124.6667,31815.6667
2025-10-07,24664,20513,11324,9681,8287,9629,146613.00,230020.00,7178865.00,9319586.00,46130.4667,32144.8,46230.2857,35459.1429,6978399.00,6894992.00,837037,741595,25701,50202.3333
2025-10-06,25527,19713,11998,10925,9139,9639,-164521.00,1227799.00,7292654.00,7479020.00,48299.1333,32602.6,46355.2857,37266.7143,7631075.00,6238755.00,830632,737616,31097,60965.6667
2025-10-03,45256,26148,21207,20039,10014,13844,-449934.00,-2302317.00,6314462.00,8967592.00,48296.4,32682.1,43672.5714,37618,6014977.00,7867360.00,850047,745799,51426,62806.6667
2025-10-02,79824,31242,39500,27323,14524,13313,588073.00,-2353671.00,12256571.00,17669378.00,47033,32176.6333,42270.2857,39783.8571,12228027.00,15169771.00,852727,719982,46212.3333,43568
2025-10-01,57817,35901,21732,31643,16598,16398,-3137625.00,163674.00,6649423.00,19980585.00,45966.4333,31347.9,38310,38256,13582490.00,10281191.00,847312,693253,45070,38396
2025-09-30,50779,87135,21370,22844,44062,37547,947478.00,-454858.00,9602569.00,23005368.00,45415.1667,28962.6333,37334.7143,30096.5714,13375489.00,15859125.00,831871,685284,26813.6667,30270.3333
2025-09-29,22108,15601,8255,11294,7767,5933,-988420.00,-669729.00,3657986.00,7937898.00,46188.2667,29270.9,42818.8571,32108.1429,5325639.00,5006948.00,825674,678586,31149,31726.6667
2025-09-26,42301,32474,20241,18219,11906,17986,2124477.00,-1392759.00,6086228.00,16028097.00,46526.6333,30347.0667,50865.8571,36833.1429,8470216.00,11987452.00,839970,685439,35792,40962.3333
2025-09-25,26402,32366,11298,11855,13361,17442,614666.00,218604.00,4491453.00,11516628.00,47458.9333,30354.7,54974.1429,35491.1429,6468205.00,6864267.00,832351,676493,33405.3333,42193.3333
2025-09-24,26477,28607,11220,12270,11978,12492,-1236448.00,-9371.00,9236632.00,9608541.00,49181.4,30691.4667,56627.8571,33608.2857,8458636.00,7231559.00,820018,670788,33876,48018.3333
2025-09-23,70008,46403,31375,31975,23039,19576,4126699.00,-934609.00,10530618.00,44567118.00,49626.8,30771.7,52315.2857,30612.1429,22230607.00,29594538.00,800115,648208,28302.3333,44848
2025-09-22,30095,25206,11215,11737,9093,14367,273284.00,-1071943.00,5725154.00,19704593.00,50256.1,31220.6,53272.8571,35440.1429,10231984.00,11576603.00,791498,646803,41750,67693
2025-09-19,43952,30019,18630,21322,10533,15227,-1052572.00,-1936890.00,5564307.00,14813326.00,49787.0667,31475.0667,51713.8571,35834.2857,8665250.00,9549568.00,1027049,894129,39401,71429
2025-09-18,60497,29682,19125,36205,12467,15722,1697685.00,-338251.00,4528187.00,21790580.00,49242.8667,33057.2,50575.5714,37888.4286,11291426.00,13327362.00,1028851,893405,34649.3333,63947.6667
2025-09-17,98630,65549,47586,43049,17817,43971,-964496.00,-3481252.00,7938784.00,33179308.00,47251.7,31599.6667,39788.7143,31144.5714,17461849.00,20438870.00,989942,872531,21276.3333,44344.3333
2025-09-16,55160,22972,25022,23809,8448,12620,3744780.00,-278445.00,4494529.00,18402182.00,46722,32190.6667,42519.4286,33221,7931892.00,11955117.00,977605,863550,33286.3333,38223.6667
2025-09-15,38053,15427,18629,15966,5697,7731,484739.00,-715616.00,2643759.00,15130754.00,50826.2667,33855.3667,47419.7143,35118.8571,7534253.00,8734608.00,972359,853247,39070,36552.3333
2025-09-12,39820,25430,17801,17504,12226,11096,1412738.00,-352154.00,3757816.00,12675169.00,50546.4667,34123.9,48289,36116.8571,6600497.00,8365389.00,989745,872288,45280.3333,40788.6667
2025-09-11,36798,59002,16999,14261,12541,41053,2994461.00,-2341689.00,6539184.00,17434858.00,50890.6,32828.2333,50472.7143,31777.2857,7775168.00,13111318.00,961135,869046,31727,36230
2025-09-10,33039,32778,11013,11562,15563,10758,-1483560.00,-93275.00,4585765.00,9922331.00,50717.1667,32642.7667,51311.1429,32198.4286,6582680.00,5192063.00,948850,873549,33303.3333,49975.3333
2025-09-09,52529,44061,22725,17084,18088,19898,4195836.00,-1026950.00,11055330.00,15158442.00,50020.2,32174.1333,47628.8571,28753.1429,7564261.00,12787047.00,932291,866572,28187,56584
2025-09-08,23122,18342,9632,10211,7126,8916,-379776.00,73527.00,4121980.00,10184938.00,54758.6667,33097.7,53587.2857,29423.5714,6681800.00,6228497.00,926874,860686,32878.3333,64178.3333
2025-09-05,74275,37507,27785,27893,19217,13724,-1690398.00,-1307462.00,9335143.00,20742262.00,57488.7667,33252.5667,47928.7143,26090.2857,13473927.00,13090991.00,949943,881698,29917.6667,56781.3333
2025-09-04,72355,28712,30471,30977,12717,13106,1405185.00,-89114.00,4065638.00,18482262.00,61192.7333,33769.3333,39870,24866.7143,8379765.00,9874064.00,938939,865853,32255.6667,45632.3333
2025-09-03,45905,32416,14019,14022,15436,13382,1492421.00,-1896628.00,5701862.00,10697910.00,61279.5,33628.3333,46253.1429,25014,5470919.00,8859968.00,922334,873064,28098.3333,39248.3333
2025-09-02,52084,28625,16854,30082,12830,10805,-1620635.00,-252542.00,4627231.00,12603905.00,60735.6,33769.8,45266,25000.8571,8376851.00,7008758.00,913399,876361,26235,43497.3333
2025-08-29,38908,35726,16388,17938,14672,15751,-1437353.00,-37844.00,6360209.00,15342698.00,61529.5667,33357.6333,45696.5714,22194,8704169.00,7304660.00,919427,894243,19051,42083
2025-08-28,26753,19944,11087,12217,8767,9206,-321353.00,-127219.00,4024869.00,7060994.00,63804.2667,33951.8333,45563.2857,20921.8571,5109541.00,4915407.00,910912,886670,19118.6667,38480
2025-08-27,64831,23035,30864,26244,11593,9165,1677278.00,699427.00,4368487.00,18600694.00,64010.8667,34361.2333,41193.2857,19856.4286,7827682.00,8805533.00,901009,875342,22589.3333,47065.3333
2025-08-26,34665,14174,22229,8387,3809,6767,385904.00,-869222.00,4524568.00,8484950.00,69537.4,36414.9333,42712.7143,21381.4286,2572752.00,3827878.00,892878,873885,27375.6667,50568.3333
2025-08-25,15944,20147,7387,6401,8806,10266,665916.00,-59764.00,3256933.00,7442622.00,72610.4333,37959.3333,47928.1429,27754.5714,4300696.00,5026376.00,880121,868278,26019.3333,59227.6667
2025-08-22,90587,33447,48234,28572,13027,14994,2243452.00,-461711.00,3802779.00,23487539.00,71442.2667,38102.8333,42754.4286,27632.8571,10220463.00,12925626.00,898680,862869,18550,37638.6667
2025-08-21,45174,28533,10033,32747,16625,8282,-1010342.00,83275.00,4856605.00,4830459.00,71229.5,37927.1667,47465.4286,29086.7143,4461031.00,3367414.00,882753,844006,14231.3333,33994.3333
2025-08-20,41922,16078,15071,21133,7859,6359,-1222714.00,187700.00,3852416.00,8768161.00,71167.0667,38442.2667,53386.5714,33762.7143,6413427.00,5003013.00,876635,837396,17155,35120.6667
2025-08-19,25820,11039,11310,12512,4143,5920,620807.00,-272647.00,1937812.00,6469592.00,71914.3,39557.8667,56694.2857,37710.4286,3487240.00,4380694.00,871969,830295,35061.6667,43998
2025-08-18,34241,15577,8531,12594,4433,7870,-576181.00,-629230.00,2990194.00,13159731.00,72627.9333,40297.8667,56071.4286,40864.1429,5038546.00,5091595.00,863321,811214,40734.3333,50708
2025-08-15,45301,24849,23392,17581,8685,11268,-951122.00,-23485.00,3165591.00,9512557.00,72997.6,40497.6333,55910,48335.1429,6018795.00,5091158.00,984149,918232,45354.6667,61658
2025-08-14,52452,64759,27633,22084,19983,21326,1205644.00,1347265.00,4494832.00,9802379.00,73876.6333,39991.7333,53973.2857,42201.4286,6555444.00,6413823.00,988624,908535,40038.3333,71964
2025-08-13,54371,32595,28769,20638,16402,13256,2471785.00,-1567123.00,6010538.00,18258202.00,77648.3,39858.7,51815.8571,43359.5714,8790689.00,13534597.00,973212,890668,42064.3333,70165
2025-08-12,78151,38710,35056,35675,14678,16916,3420898.00,-1323052.00,8783801.00,19302960.00,77461.9333,39803.9333,63677.2857,47167.8571,9326992.00,14497982.00,972606,877424,41712,54075
2025-08-11,83370,48810,11115,41321,17944,19333,-937903.00,461932.00,6955571.00,13070948.00,79797.2333,40334.7,56256.7143,44978.7143,5660639.00,4260804.00,954259,858698,51157.3333,41008.6667
2025-08-08,48974,38673,23693,10720,20459,13334,3215772.00,57721.00,4869154.00,15600407.00,85503.8333,41470.5,55992.1429,42330,4271035.00,7429086.00,967297,873502,45540.6667,37649
2025-08-07,29881,37653,11227,14682,12625,17394,436690.00,-574863.00,8396723.00,8029181.00,87168.3,41462.5333,55700,40838.7143,4927252.00,5938805.00,962016,866367,46557,40778.3333
2025-08-06,44171,77146,14399,21864,14979,58547,9003168.00,-3000863.00,7352602.00,15998472.00,88369.3,40270.3667,53907,34103.8571,4595879.00,16699910.00,900801,874537,42631,79781.6667
2025-08-05,38895,21823,16359,17721,10052,9627,6392479.00,831102.00,9485448.00,27370715.00,88589.8333,40186.4667,71961.4286,37564.7143,12664631.00,18226008.00,895376,877054,46518.6667,77292
2025-08-04,39269,40702,16861,19639,17152,17346,3220127.00,1489886.00,14399778.00,18237275.00,88446.8,39448,88662.7143,37772,12714347.00,14444588.00,875499,862920,39662,79909.6667
2025-08-01,161181,65368,36016,24744,37174,21435,-1719620.00,528278.00,12042856.00,369767665.00,87120.5667,37740.7,91847.4286,34750.1429,16509460.00,14261562.00,904731,935970,26944,35461.3333
2025-07-31,31426,33486,12535,15860,21766,10408,-1266352.00,886282.00,6075392.00,9688571.00,86821.1333,37232.7,94287.7143,33993,8241184.00,6088550.00,888341,936356,25782.6667,35526
2025-07-30,47122,20132,20876,23498,9639,6641,-1606790.00,-235056.00,5399675.00,10295377.00,86086.2667,37279.2667,92665.5714,35812.5714,6757167.00,5385433.00,884367,934011,34421.6667,74910.6667
2025-07-29,27836,27214,9697,13822,14342,8096,-845129.00,448168.00,3369079.00,9925922.00,86276.9,37640.2,97650,35262.1429,5993679.00,4700382.00,876195,926511,39401.3333,117691.3333
2025-07-28,31620,30002,11095,13416,12015,14922,-489044.00,164213.00,13041061.00,10638244.00,85818.3333,37172.9,106703.4286,36371.8571,9476311.00,9529764.00,858820,915469,44139,168309.3333
2025-07-25,165276,46049,50890,44224,16730,19015,-34377.00,-2713902.00,10690755.00,80921722.00,81206.3,36851.4,93239.5714,34838.7143,25021858.00,28533883.00,881743,1014819,38184.6667,129386.6667
2025-07-24,156178,42153,45228,41518,17579,13847,-972376.00,-16299.00,7412859.00,52422211.00,76610.4,36263.8333,99565.7143,39643.2857,24586747.00,19443995.00,857988,935247,35090,89249.6667
2025-07-23,183474,44215,40370,35120,16325,21704,5124880.00,793146.00,8444401.00,74927705.00,71584.0667,35976.3667,88803,42823.8571,18649257.00,23200991.00,831560,848558,28138.6667,49000.6667
2025-07-22,48508,28186,16051,26703,5070,11192,-4858677.00,-231412.00,11261459.00,18902056.00,72480,36209.8333,89807.8571,44190.4286,11987917.00,7360652.00,818005,832794,31333.3333,64496
2025-07-21,35767,32869,12580,18572,20654,9827,-2720803.00,3909916.00,6945527.00,15848662.00,72148,37596.9333,90239.8571,42818.1429,13897178.00,6732304.00,806033,826908,32149.3333,76250
2025-07-18,62727,23361,24924,32331,10221,10619,-1371352.00,169186.00,3925926.00,25261130.00,70854.6667,37244.0333,87000.1429,43985.2857,14078522.00,12537984.00,965020,972882,49624,122161.3333
2025-07-17,94994,37770,42358,39166,22033,12558,3637597.00,1431863.00,5669933.00,49205061.00,68609.3667,36287.9,80320.5714,44947.7143,22376363.00,24582097.00,953372,972316,59193.6667,126541.6667
2025-07-16,71029,35317,31919,28367,16048,16064,-370900.00,837936.00,4805325.00,17295356.00,67094.7,35615.7667,78123.5714,45299.1429,10361844.00,9153008.00,943856,959746,60005.3333,121379.3333
2025-07-15,200461,75785,81441,87417,29700,38178,-2509238.00,-1113494.00,10247021.00,81311082.00,61282.1333,33601.8667,57542.1429,38878.7143,41417552.00,39847768.00,931279,931402,42498,67489.3333
2025-07-14,108135,66479,40224,32409,22608,36269,2536056.00,-1772325.00,9900811.00,23617222.00,58735.5667,32387.7,53354.7143,36464.8571,10933723.00,15242247.00,906523,881260,30848.6667,44794
2025-07-11,55542,37752,27833,25193,14439,20469,1302409.00,76751.00,9827159.00,10062758.00,57666.6667,31806.9667,69351.7143,35158,9436160.00,9169818.00,932994,933843,33100.3333,42359
2025-07-10,38791,23263,15639,16780,7901,10497,-1343382.00,35730.00,6163899.00,12105444.00,57590.8,31641.5333,74175.8571,37130,7541163.00,6162051.00,920530,924871,37938.3333,47978.6667
2025-07-09,40049,31531,17188,20244,5189,14157,-2982743.00,-1338193.00,2868478.00,24424502.00,57044.4667,31473.7333,90373,41873.1429,13585392.00,11940842.00,902075,918345,37708.6667,53426
2025-07-08,48237,44507,17656,23793,19128,20367,-2474264.00,210062.00,5932924.00,24931708.00,56619.2333,30954.1333,114935.1429,45907.4286,20194866.00,8485640.00,882479,912750,39400.3333,63621.3333
2025-07-07,55650,37777,27884,23843,20101,15420,-378440.00,506881.00,4225713.00,22387545.00,56588,30900.1333,118387.2857,45855.5714,13316603.00,10906892.00,874009,903067,36342.6667,100911.6667
2025-07-03,56391,30842,21073,19957,13746,11877,590803.00,838118.00,6001029.00,15626125.00,55169.4667,30540.2,121788.7143,47361.1429,7800477.00,7492890.00,931428,975372,38417.6667,106301.3333
2025-07-02,78823,49582,31411,40687,24061,21198,2901002.00,-1625112.00,5376127.00,19015784.00,53579.7667,29531.8667,117029.8571,43036,8985218.00,13511332.00,902408,974663,43468,131170
2025-07-01,167521,28604,59102,95668,14279,11403,-421981.00,33834.00,3256831.00,46011306.00,49865.4,29546.6333,98095.1429,41599.4286,28198898.00,17901533.00,891004,993155,58182.3333,148720.3333
2025-06-30,72560,37067,27173,31929,11390,20908,-1832939.00,-2298261.00,5391423.00,17751914.00,50262.3667,28861.5333,105071.4286,38325.4286,8567815.00,9033137.00,874506,963243,58298,151138.6667
2025-06-27,153429,64733,57166,77350,27064,30934,-2463989.00,522824.00,7265029.00,25096602.00,46267.3,27445.1667,86359.1429,31684.4286,16949079.00,11800321.00,887479,962282,50514,126729.3333
2025-06-26,220172,72747,129883,64780,20436,27985,5573911.00,-462462.00,16757742.00,34764571.00,41245.9333,26024.5,58488.2857,24367.5714,15102227.00,23358980.00,845766,844714,32700.3333,68509
2025-06-25,79815,37414,34702,28725,10876,16916,1097244.00,-473788.00,5106830.00,18440032.00,41584.7667,26027.7,51879.7143,24457.2857,8510299.00,10081331.00,832350,820841,26411.6667,53563.3333
2025-06-24,80201,41381,39285,29977,14552,18801,3403843.00,-2166254.00,12991485.00,23544427.00,40382.7333,25651.3667,42974.2857,20829,11536918.00,17107015.00,808782,797298,17334.3333,67294.3333
2025-06-23,45511,19306,15583,24287,5290,8063,1004718.00,-553527.00,2854580.00,7947493.00,40266.2333,26202.9333,40317.7143,23271.5714,3912673.00,5470918.00,802146,786950,16981,59605
2025-06-20,34978,18548,15579,15176,5316,8630,1973767.00,-625316.00,3234642.00,10577002.00,40308.6333,26774.1667,37935.2857,24125.5714,4556829.00,7155912.00,1029854,1010515,17974.6667,56304.3333
2025-06-18,121394,14149,22468,55316,8022,5328,-616924.00,511544.00,2354675.00,14343921.00,37266.4333,27422.4667,25262.4286,27188.7143,6870705.00,5742237.00,1026942,924816,25939,27024.6667
2025-06-17,22443,18246,8985,10569,11453,5894,1082953.00,212144.00,2896264.00,5037878.00,37419.8333,27494.1667,32825.7143,29609.2857,2898318.00,3769127.00,1020722,922398,25184.6667,25498
2025-06-16,25076,21529,10461,11633,4549,12216,288733.00,-575992.00,4587449.00,6898348.00,43973.4667,28458.3,32930.1429,37174,3629012.00,4493737.00,1010775,917129,30143,26111
2025-06-13,33555,38042,14940,12247,15247,15753,-460024.00,-321188.00,6024840.00,8650833.00,43769.8333,28981.7333,31554.7143,33564.2857,4708041.00,4569205.00,1018680,932978,25637.6667,21026.3333
2025-06-12,17863,15983,7990,5912,8617,4798,-493047.00,809086.00,3072157.00,5256564.00,43903.3667,29311.2667,32950.7143,32579,3834316.00,2532183.00,1013820,931554,32173.6667,25966.6667
2025-06-11,26915,36404,13548,10997,8137,16072,1032843.00,234552.00,2527487.00,6119748.00,44335.2667,28764.1,32761.2857,29543.1429,3276362.00,4074653.00,1004100,925784,31769,42123.6667
2025-06-10,18301,24526,8230,8672,11934,10291,-147756.00,53812.00,2908930.00,4150921.00,44901.7667,28861.3667,33873.1429,28234.8571,3208623.00,3007055.00,989900,919410,48421,44625.6667
2025-06-09,32684,35591,9702,17525,6843,14943,-2030605.00,-1185099.00,8237092.00,10828119.00,45577.3,30046.8667,33738,27443.8571,6241042.00,5395536.00,969084,913887,40815.3333,41706.6667
2025-06-06,75386,35190,24407,18941,11154,10483,-161468.00,572786.00,5718097.00,13757075.00,44722.3,30154.2667,26322.1429,25321,5478810.00,4744556.00,1011201,925990,32114,25789.6667
2025-06-05,25807,74482,14057,9419,48806,19444,2543541.00,15886.00,3806677.00,7094413.00,47360.1667,29280.9667,27851.8571,17295,3388816.00,5916471.00,965789,921234,12337.6667,25717
2025-06-04,23927,12774,9659,11668,3796,4799,-639600.00,-290748.00,1961521.00,6135407.00,48060.4667,30201.1,27813.5714,19255.4286,3634992.00,3285417.00,962460,918595,13202.3333,26436
2025-06-03,27635,9086,15866,10543,2979,5388,-142278.00,-358035.00,1497186.00,4467157.00,49448.1667,30890.5,28934.2857,22088.7143,2571399.00,2708258.00,959430,911381,20191.6667,27803.6667
2025-06-02,25589,15153,7564,11311,5562,8539,558551.00,279728.00,2228154.00,6557534.00,50639.4667,31589.2667,33094.8571,25089.2857,2350307.00,2629130.00,952894,899646,21917.3333,27099
2025-05-30,26084,15368,11783,11935,6241,7656,-142030.00,-61058.00,3557557.00,3546937.00,52981.4667,33842.7667,31345,25757.2857,3110621.00,3029649.00,974354,931766,22894.6667,30576
2025-05-29,31738,30054,15553,13535,15391,9445,2028855.00,3872293.00,6987052.00,6248936.00,55868.3333,35357.2667,31258.4286,24225.5714,6662547.00,4819109.00,965050,925790,21709,27883
2025-05-28,23475,20330,12693,7909,6349,7442,-527361.00,-416637.00,5843272.00,4580778.00,58534.3333,37668.4,35917.7143,25470.8571,3675585.00,3564861.00,952123,914998,24572,31884.6667
2025-05-27,36515,18300,17072,15830,5120,7950,-1067564.00,369952.00,2806348.00,7309359.00,59046.7,39014.9333,42768.2857,25215.7143,5008009.00,3570493.00,947514,902657,30524.3333,37950.6667
2025-05-23,23659,26497,11485,10515,9310,12856,-198993.00,-3434244.00,6053194.00,3201622.00,60447.8333,39776.4667,44185.1429,24607.8571,2617773.00,5853024.00,957693,924588,28373.3333,34676
2025-05-22,35480,28919,12501,7380,11129,11460,316147.00,91181.00,13187677.00,8461847.00,63499.5,42338.5,49049.5714,24780.4286,6658562.00,6356028.00,955479,908298,25177.6667,33226.6667
2025-05-21,54713,36157,31202,18482,18959,14747,152071.00,-223435.00,5039909.00,8890109.00,64331,44270.4667,54087.7143,24973.7143,6167060.00,6542566.00,943470,878999,22807.6667,33685.6667
2025-05-20,13835,20044,4686,6909,10488,7754,-1048509.00,-543595.00,3445200.00,5256826.00,65825.1333,46368.9667,58417,26409,3567972.00,3063058.00,937708,875346,21631,57230.3333
2025-05-19,31132,19332,10135,16384,9922,8338,-1483498.00,-297070.00,2939821.00,9879546.00,68940,49760.0667,59971.8571,28769.1429,5352369.00,4165941.00,932829,863285,22601,58045.3333
2025-05-16,56090,29047,32706,14502,13141,11927,2372077.00,975722.00,5468961.00,10293234.00,71125.5333,51620.8667,57137.5714,29717.4286,5535192.00,6931547.00,1044289,967924,22961,62525.6667
2025-05-15,84469,16514,40235,39061,6598,9044,-156204.00,1168697.00,4408587.00,16473536.00,69311.6,52012.8,49374.5714,32158,10618985.00,8325074.00,1041532,938931,29959.6667,64362.6667
2025-05-14,33577,22242,15697,12140,6894,12736,-303668.00,-363739.00,4678568.00,13708979.00,69402.5,52225.7,48441.4286,31894.4286,6742519.00,6802590.00,1032558,932973,32576,67883.6667
2025-05-13,69531,30127,32179,30157,13511,12108,2025722.00,1552597.00,4714064.00,25353880.00,68180.6667,52194.2,70177.7143,34798.1429,12848005.00,14973870.00,1023641,921162,34484.6667,58712
2025-05-12,89980,37510,44344,36437,16572,15546,-377670.00,711812.00,8259328.00,19319068.00,66632.1333,53301.8667,61244.2857,37117.4286,12034710.00,10945228.00,1011501,908942,33876.3333,40802
2025-05-09,44140,30091,12627,23372,11833,15789,-2606308.00,543164.00,6462159.00,7363351.00,65862.7667,53988.2667,58062.7143,36514.2857,7573906.00,4424434.00,1023976,918931,35045.3333,36131.3333
2025-05-08,42016,35853,16587,18349,17465,15005,-1452039.00,-893864.00,5927259.00,9415536.00,65428.4333,53782.8,57756.4286,34248,6636696.00,6078521.00,1010058,912546,29893.3333,31141
2025-05-07,36250,35685,13511,17078,10570,15839,-713393.00,-997203.00,6886338.00,8460340.00,65417.5667,53307.3333,57620.1429,33070.7143,3917266.00,4201076.00,991533,905985,34816,92952.6667
2025-05-06,30128,33598,15941,11445,11641,10611,-189069.00,-279232.00,8657640.00,5637055.00,66717.2333,53209.9,60880.4286,38436.1429,4936427.00,5026590.00,981716,902695,41531.6667,92058.6667
2025-05-05,27045,20397,10768,13767,6396,12746,-1154021.00,-409988.00,5798275.00,6881036.00,67136.4333,53820,64122,41009.7143,6129813.00,5385780.00,978628,896974,43355.6667,90333.3333
2025-05-02,221685,50453,36861,28788,25072,18764,-3847864.00,-2000629.00,9205687.00,258850515.00,61180.5,53277.8333,47444.5714,40699.7143,13728556.00,10141321.00,1031249,929701,33201,29729
2025-05-01,27446,53745,14271,10287,36321,15208,193258.00,-344288.00,2698241.00,5153233.00,61691.9667,52453.4667,49943.1429,38790.1429,3212027.00,3749573.00,995736,921774,24434,32345.6667
2025-04-30,21869,25869,9066,10481,10020,10303,-867481.00,-191321.00,5190471.00,5860252.00,61870.2333,52242.4667,56714.1429,39347.1429,5142568.00,4466408.00,982945,918594,39529.6667,42706
2025-04-29,39872,19989,14656,14213,10160,9018,-737817.00,904673.00,3009481.00,7097115.00,62091.5333,52356.7,59779.2857,41651,5214016.00,3571526.00,974019,900062,45670.6667,45994
2025-04-28,35296,27444,14831,12731,5300,9600,-321911.00,-687243.00,7539152.00,7335692.00,62457.7333,52547.9333,68500.4286,49583.7143,4093674.00,4459006.00,959386,887846,52617,69209.6667
2025-04-25,52950,71156,27541,18838,36782,23422,-345157.00,203456.00,8083774.00,8863825.00,62232.6667,51910.7667,77842.4286,50202.7143,7419265.00,6870652.00,972990,929617,42357.6667,66538.3333
2025-04-24,49736,38412,24281,18581,13369,20476,708153.00,-3381571.00,8734818.00,8493258.00,62262.1333,51467.6333,85516.5714,57524.4286,5020898.00,9110622.00,956773,917001,39476.3333,73048.3333
2025-04-23,104943,48283,44801,47911,23068,20197,445684.00,120258.00,6197218.00,18906908.00,60498.8,51537.2667,77937,59012,10928389.00,11253815.00,944174,903975,35420.6667,58510
2025-04-22,44936,40378,23670,17194,21298,17454,723731.00,-235271.00,6113080.00,8484028.00,62585.9333,52418.6667,80902.2857,60292.7143,6172394.00,7131396.00,935509,895076,49619,75646
2025-04-21,69266,29768,14210,42463,10854,15885,-1393004.00,-4307413.00,8516894.00,7155216.00,62510.5667,56298.2667,89154.2857,71151.5714,5322483.00,8236892.00,920650,887773,64859.3333,92005.3333
2025-04-17,61328,36116,37404,20097,18839,14975,-191287.00,-489162.00,5014336.00,6664596.00,62249.8,60217.5,91772.8571,79437.2857,5187803.00,5485678.00,989761,1020463,82708.6667,106047.6667
2025-04-16,96344,82973,49204,39787,45623,28196,-817960.00,6470094.00,38522520.00,11255302.00,61406.6667,59922.5667,86389.2857,79441,27919031.00,14586577.00,988287,997085,74616.3333,91228.3333
2025-04-15,118344,75489,36939,73362,31876,35431,-1311287.00,-2063875.00,14007223.00,17281095.00,62257.3667,60182.4333,87279.8571,85951.8571,13808801.00,14561389.00,973753,971536,65901,73678
2025-04-14,103455,89664,41420,46704,23736,51101,-2154914.00,-6504950.00,19962365.00,17933528.00,63222.6,58621.4333,89880,85267.1429,13163414.00,17513450.00,939745,942390,71273,81536.3333
2025-04-11,51886,58696,23432,23513,20859,32666,-283656.00,-282129.00,14495613.00,10393187.00,62795.9,57994.7333,86760.7143,80920.8571,11393332.00,11391805.00,953538,980420,83079.6667,90793.6667
2025-04-10,65693,49343,28338,29880,20412,17985,685937.00,-562496.00,21372095.00,12879211.00,61747.2667,57090.5,82562.2857,77961.7143,11785969.00,13034402.00,944411,965581,94298.3333,88449
2025-04-09,127030,105780,52401,58412,49602,47291,-4707049.00,-9760324.00,51232747.00,34058836.00,58628.1,54550.9,69111.7143,67019.1429,35003095.00,42046745.00,929910,927761,99393.3333,87631.6667
2025-04-08,79658,94116,29484,33076,37746,33485,-2265787.00,-1604998.00,36241053.00,39949102.00,58148.033333333333,53012.500000000000,63949.714285714286,63679.714285714286,22516565.00,21855776.00,927081,910128,96311.666666666667,101631.000000000000
2025-04-07,58659,82999,27731,25322,37526,36256,1698342.00,-1467229.00,39606792.00,18641238.00,57370.566666666667,51424.100000000000,58578.285714285714,59063.142857142857,23498512.00,27089993.00,910913,893215,78069.333333333333,92095.000000000000
2025-04-04,124578,121065,50308,55832,49769,53632,1083426.00,-4330580.00,55007400.00,24157235.00,54467.100000000000,48805.000000000000,44922.285714285714,46009.428571428571,28174385.00,33588391.00,899796,898920,47257.333333333333,62670.333333333333
2025-04-03,121656,84871,59250,49169,38714,27968,3535289.00,6131619.00,40114797.00,28803685.00,52556.600000000000,47326.166666666667,32674.857142857143,36945.142857142857,27744348.00,25092258.00,892226,857366,28694.333333333333,33077.000000000000
2025-04-02,30051,28272,10996,11393,16040,8389,-1301777.00,3559158.00,7478592.00,15018620.00,52713.966666666667,46878.333333333333,38255.857142857143,37288.428571428571,12070016.00,7209081.00,892592,849305,42850.333333333333,37568.000000000000
2025-04-01,36304,28629,14310,6724,9161,11615,1126403.00,-1180465.00,8060261.00,15573731.00,54994.600000000000,46761.600000000000,38729.714285714286,38727.142857142857,4262964.00,6569832.00,885637,833936,50201.666666666667,32486.333333333333
2025-03-31,32876,29182,15971,12958,11025,12335,455647.00,233591.00,7666706.00,5636220.00,57128.066666666667,47048.100000000000,40177.000000000000,39442.285714285714,5254921.00,5476977.00,890141,824411,50370.666666666667,31189.666666666667
2025-03-28,43524,70740,15743,19589,19626,30776,-1305206.00,189789.00,15521113.00,7453198.00,56373.566666666667,45167.200000000000,40072.142857142857,33481.428571428571,8507346.00,7012351.00,871656,834284,33931.000000000000,28656.333333333333
2025-03-27,21059,50683,9239,9349,19112,20246,583161.00,592822.00,9717142.00,4084082.00,56861.866666666667,44417.733333333333,40951.857142857143,29032.285714285714,5781984.00,5772323.00,845493,831235,27261.666666666667,44676.000000000000
2025-03-26,28986,29689,12883,13591,10617,13187,1396692.00,116254.00,4952036.00,9523304.00,56848.666666666667,43825.000000000000,43455.428571428571,28136.142857142857,5948082.00,7228520.00,837801,820903,30265.333333333333,48221.000000000000
2025-03-25,35924,21421,17002,15494,9615,9256,155067.00,-259212.00,3701854.00,7166252.00,56555.733333333333,43780.333333333333,44935.142857142857,29816.142857142857,4668306.00,5082585.00,827053,809952,34521.000000000000,50582.000000000000
2025-03-24,69118,30675,27434,34711,14153,13826,-518583.00,1345650.00,5718422.00,16592795.00,58827.800000000000,43808.966666666667,41660.857142857143,32868.428571428571,10661649.00,8797416.00,816054,777560,33967.333333333333,41806.000000000000
2025-03-21,39621,38700,17170,17803,12049,21520,215717.00,239419.00,5208803.00,5793119.00,60109.600000000000,43632.100000000000,43232.142857142857,30928.142857142857,4761730.00,4738028.00,942783,912485,27580.333333333333,37671.333333333333
2025-03-20,43007,34188,22781,14401,18363,12806,1405528.00,167204.00,4749409.00,7903882.00,61503.366666666667,44073.733333333333,44523.000000000000,33240.142857142857,4929573.00,6167897.00,930387,905878,23989.666666666667,38839.333333333333
2025-03-19,42790,29014,15043,18712,13546,10904,-746848.00,710082.00,4613179.00,9633253.00,61197.233333333333,44039.133333333333,53774.428571428571,38641.000000000000,6688628.00,5231698.00,919916,902785,25378.666666666667,40003.333333333333
2025-03-18,27217,19539,15805,8271,6173,10939,35433.00,-213882.00,4455466.00,4736893.00,63465.100000000000,44911.333333333333,59458.428571428571,56729.142857142857,3616297.00,3865612.00,910698,893262,36212.666666666667,46330.333333333333
2025-03-17,46511,23416,21267,18413,7534,13647,244872.00,-3645923.00,7268648.00,7232665.00,66283.666666666667,45628.400000000000,60457.571428571429,75340.142857142857,4434876.00,8325671.00,898163,879119,36780.000000000000,47700.000000000000
2025-03-14,46282,33181,21037,19817,10210,18749,-3239247.00,-3088323.00,8630944.00,17554524.00,66471.633333333333,45474.166666666667,63995.857142857143,81189.285714285714,10938621.00,10787697.00,921722,900207,42510.333333333333,49620.333333333333
2025-03-13,46198,52041,14170,21684,23380,21197,-86119.00,27842.00,14771713.00,11483159.00,66888.433333333333,45079.966666666667,77948.285714285714,85652.714285714286,7351321.00,7237360.00,908450,886695,47436.666666666667,70071.000000000000
2025-03-12,50620,25118,20004,22468,8489,14450,-59391.00,-1462241.00,5086555.00,9003387.00,67185.466666666667,45825.133333333333,89632.857142857143,88183.571428571429,5079839.00,6482689.00,905679,872292,87782.666666666667,75532.666666666667
2025-03-11,52043,50372,19401,28881,17172,17721,-3174525.00,-87192.00,16262467.00,10026220.00,67363.000000000000,45689.666666666667,87781.714285714286,86686.857142857143,11196306.00,8108973.00,894716,860356,122223.000000000000,76020.000000000000
2025-03-10,107550,66820,56913,35152,24928,32251,5448495.00,-1940357.00,22667071.00,20214444.00,65654.000000000000,44682.733333333333,77308.000000000000,80314.857142857143,14595044.00,21983896.00,879794,831448,124658.000000000000,63853.333333333333
2025-03-07,67005,146156,28927,30526,57994,76884,-263229.00,1342169.00,17129927.00,11353386.00,65581.633333333333,41308.366666666667,72515.142857142857,63662.857142857143,12918236.00,11312838.00,938120,923605,103701.000000000000,89473.333333333333
2025-03-06,53505,153693,23704,22774,74273,63689,-433014.00,-5354866.00,23694186.00,11231731.00,66183.000000000000,37209.633333333333,74193.857142857143,48558.714285714286,12629250.00,17551102.00,889491,908397,66748.000000000000,115775.666666666667
2025-03-05,71050,74125,35369,23306,38422,30436,3398391.00,730927.00,12657968.00,16213578.00,67237.633333333333,36403.400000000000,69091.714285714286,43019.000000000000,9864381.00,12531845.00,865137,878795,55338.000000000000,105120.666666666667
2025-03-04,143865,83285,62081,59269,33672,33921,1174368.00,1421839.00,26335777.00,26547172.00,66928.366666666667,35596.733333333333,53893.000000000000,37191.428571428571,21671593.00,21424122.00,856526,846922,34981.666666666667,68577.000000000000
2025-03-03,132412,42834,66765,43524,17249,16893,1254738.00,-3796946.00,10583766.00,20835876.00,64965.000000000000,35729.966666666667,44168.571428571429,36858.857142857143,10744776.00,15796460.00,858634,799792,30567.666666666667,35591.333333333333
2025-02-28,39085,39895,19836,15804,11255,18134,880297.00,-524346.00,6631142.00,8260242.00,71475.500000000000,37008.000000000000,43552.428571428571,33279.142857142857,5187164.00,6591807.00,859650,813386,33257.333333333333,44315.000000000000
2025-02-27,34234,22216,11844,19294,11121,8817,-2266907.00,898768.00,3702686.00,7255416.00,73869.366666666667,38549.133333333333,53622.285714285714,33695.000000000000,6403564.00,3237889.00,855866,803175,37634.333333333333,44682.000000000000
2025-02-26,33455,29592,17089,10950,11437,11461,1920269.00,-603958.00,5486616.00,8148978.00,74188.600000000000,38933.766666666667,62683.000000000000,34864.285714285714,4744929.00,7269156.00,842790,790852,41934.333333333333,46021.666666666667
2025-02-25,65256,47964,29098,31440,27560,14515,-1584436.00,334620.00,8889325.00,12373007.00,74209.366666666667,38404.266666666667,56344.857142857143,30057.000000000000,10689544.00,8770488.00,838798,780752,39448.333333333333,45716.666666666667
2025-02-24,35335,35347,15374,17202,12443,19301,-176450.00,374002.00,7152595.00,6771746.00,75735.500000000000,39431.533333333333,56398.142857142857,29035.857142857143,6493993.00,5943541.00,829438,774418,32611.666666666667,45529.000000000000
2025-02-21,37474,42492,13395,16827,20790,14172,747367.00,1696415.00,7943098.00,7260832.00,77336.033333333333,40098.700000000000,55129.000000000000,24666.571428571429,5968899.00,5019851.00,898443,871160,26823.333333333333,67945.333333333333
2025-02-20,64341,40506,22700,29444,17810,12228,-671252.00,107019.00,7235698.00,9889944.00,77541.000000000000,40627.500000000000,49814.000000000000,21748.714285714286,6396434.00,5618163.00,887361,857746,25913.666666666667,78791.666666666667
2025-02-19,34772,14837,7675,22103,6484,6317,-2225410.00,-29409.00,2955543.00,7722501.00,78117.566666666667,41925.000000000000,64458.000000000000,24134.000000000000,5130459.00,2934458.00,882856,841580,25739.000000000000,74164.000000000000
2025-02-18,104723,25127,46642,41537,10634,9522,-1626828.00,894522.00,6072297.00,19893754.00,75342.033333333333,41513.466666666667,60651.142857142857,25315.000000000000,9350543.00,6829193.00,869641,856680,26763.000000000000,51159.000000000000
2025-02-14,96880,37777,43675,41109,17127,15751,1094713.00,-573520.00,4275195.00,22397169.00,72714.200000000000,40885.500000000000,58928.285714285714,26695.000000000000,10708040.00,12376273.00,884290,868190,18139.666666666667,28395.666666666667
2025-02-13,20889,14313,7790,8016,4547,6681,-1144255.00,-587428.00,2026005.00,4869783.00,72671.900000000000,41758.433333333333,60745.000000000000,28646.857142857143,3309578.00,2752751.00,880486,868342,20062.333333333333,30478.000000000000
2025-02-12,35708,28199,12194,10023,4914,6017,307034.00,172267.00,3786695.00,7708494.00,72700.933333333333,41697.366666666667,69251.428571428571,31147.714285714286,3792431.00,3927198.00,864061,847147,21174.000000000000,64335.333333333333
2025-02-11,28590,11907,9579,15285,4608,6069,-1033027.00,574162.00,2319445.00,7249869.00,72346.233333333333,42259.000000000000,83891.142857142857,35865.000000000000,4909238.00,3302049.00,859726,837982,28336.333333333333,80830.333333333333
2025-02-10,27136,20081,12765,11438,6656,11831,1541613.00,665444.00,5103835.00,10171100.00,72076.233333333333,41978.900000000000,87431.857142857143,37075.428571428571,6512957.00,7389126.00,854724,831485,37455.000000000000,100058.333333333333
2025-02-07,137280,31534,42339,87078,12515,16498,-1659563.00,622385.00,3586268.00,22658968.00,69221.866666666667,42162.366666666667,76206.428571428571,38315.571428571429,12919647.00,10637699.00,878091,833572,36269.000000000000,65500.333333333333
2025-02-06,78075,33394,45414,26652,14297,16428,3218532.00,-676290.00,3350621.00,17207157.00,67913.700000000000,43406.300000000000,73557.285714285714,40326.857142857143,7392398.00,11287220.00,872379,809861,40372.666666666667,71226.333333333333
2025-02-05,84820,47437,45125,36061,21802,19218,2446898.00,366538.00,4488829.00,9669956.00,66690.200000000000,44909.033333333333,69635.714285714286,40165.571428571429,5253355.00,7333715.00,851904,753462,39536.333333333333,86642.333333333333
2025-02-04,33606,27976,11031,17931,8725,14052,-494217.00,-281879.00,5632104.00,6838363.00,66973.400000000000,45131.933333333333,72874.857142857143,41399.285714285714,4579965.00,4367627.00,844590,745768,39729.000000000000,92747.333333333333
2025-02-03,95253,45705,53521,32292,20604,19036,5708914.00,325167.00,8787734.00,21173337.00,64911.900000000000,45198.800000000000,68529.285714285714,41287.857142857143,10137857.00,16047183.00,832698,724019,37899.000000000000,80563.666666666667
2025-01-31,131068,44928,15793,27565,22159,17992,-1884768.00,704766.00,4549482.00,152241280.00,62186.066666666667,44805.966666666667,60026.142857142857,39259.714285714286,10519732.00,7930198.00,879633,791068,38747.333333333333,56718.000000000000
2025-01-30,51921,28554,28873,18155,12416,13728,1135752.00,119914.00,2733179.00,10909614.00,63403.733333333333,44937.266666666667,67278.714285714286,42314.571428571429,5560915.00,6576753.00,868071,787263,44665.333333333333,58534.000000000000
2025-01-29,58702,40215,23832,26523,18564,12410,9537.00,-199575.00,4599094.00,23420277.00,62311.966666666667,44870.733333333333,78119.428571428571,45010.285714285714,11091328.00,10731640.00,853447,778067,43464.333333333333,57726.666666666667
2025-01-28,59531,47473,20186,30507,19905,22845,-1516695.00,-454035.00,5406468.00,12430108.00,62607.233333333333,45659.166666666667,80116.571428571429,44918.571428571429,8324090.00,7261430.00,838816,764843,42615.000000000000,59494.333333333333
2025-01-27,57369,46308,16704,36988,25683,16114,-9216794.00,-528674.00,4670447.00,30567640.00,62166.166666666667,46316.666666666667,105406.714285714286,49479.714285714286,27057557.00,6432579.00,811612,749430,37422.666666666667,64220.000000000000
2025-01-24,56280,36612,23053,27296,14825,17469,1061373.00,-734217.00,4262494.00,14984452.00,60973.933333333333,46578.600000000000,112516.714285714286,54028.000000000000,6946717.00,8742307.00,828666,768744,41864.666666666667,79689.666666666667
2025-01-23,64834,44925,30209,28056,10721,16889,-261238.00,-511894.00,6410499.00,18546702.00,59829.466666666667,47209.966666666667,109402.142857142857,53486.000000000000,10133766.00,10384422.00,810207,737252,46584.666666666667,102940.666666666667
2025-01-22,71546,30731,32409,26342,15126,12326,4231661.00,-339460.00,3696501.00,29946476.00,59349.000000000000,48447.266666666667,108592.571428571429,53678.571428571429,10483412.00,16628818.00,795808,726409,51951.333333333333,103595.666666666667
2025-01-21,102689,49938,41779,37237,21174,24332,-671848.00,-515976.00,4404225.00,41589305.00,56912.833333333333,49976.633333333333,105511.142857142857,55996.714285714286,17907869.00,17447377.00,769209,678984,61384.000000000000,147499.333333333333
2025-01-17,134587,59085,60615,52396,25501,19554,-2230059.00,-634941.00,6878702.00,37061183.00,53546.133333333333,50111.100000000000,98497.285714285714,56485.571428571429,18183984.00,16008866.00,1257107,1177337,64505.666666666667,137987.000000000000
2025-01-16,73511,46831,35814,29700,13998,22709,-2260881.00,-926942.00,4316602.00,21440536.00,52070.433333333333,51093.833333333333,98065.714285714286,57848.285714285714,12021509.00,10687570.00,1232224,1169375,62605.666666666667,127827.333333333333
2025-01-15,234400,78236,118872,91702,30839,37673,10301570.00,-1791557.00,11206033.00,70885884.00,45178.733333333333,50312.133333333333,72018.428571428571,54352.000000000000,30547676.00,42640803.00,1206574,1133541,47220.000000000000,71653.666666666667
2025-01-14,106050,68450,51413,43957,29346,32018,2334650.00,-342165.00,7040753.00,19649687.00,42705.800000000000,51514.666666666667,59933.714285714286,46399.285714285714,10535903.00,13212718.00,1181995,1111142,46458.333333333333,63343.333333333333
2025-01-13,43032,41131,16878,17142,16570,14100,-485155.00,241820.00,7949576.00,12239450.00,42452.366666666667,53167.433333333333,56364.142857142857,43228.857142857143,6558163.00,5831188.00,1157026,1102401,53583.666666666667,77496.000000000000
2025-01-10,65879,32079,40755,19488,13337,14687,720064.00,-34714.00,3642491.00,11036520.00,42366.833333333333,55365.133333333333,49755.714285714286,44432.000000000000,6070864.00,6825642.00,1198335,1105500,61680.666666666667,79033.000000000000
2025-01-08,81119,66165,38168,34620,17548,45435,1163072.00,-1982845.00,6817930.00,30631809.00,44983.333333333333,55448.800000000000,43392.857142857143,38746.571428571429,17135098.00,17771015.00,1178251,1097852,57546.333333333333,69349.666666666667
2025-01-07,85490,62507,41655,33092,23764,27190,-84525.00,946947.00,10764637.00,16152923.00,44142.666666666667,55338.500000000000,33744.142857142857,33925.000000000000,10749522.00,9718050.00,1155300,1078713,40971.000000000000,48005.333333333333
2025-01-06,70490,56370,28954,33267,28516,22039,-1805616.00,32956.00,5077173.00,18905144.00,43416.966666666667,55663.333333333333,26393.571428571429,27540.428571428571,11793491.00,9954919.00,1134075,1063767,28493.666666666667,30523.666666666667
2025-01-03,52069,53762,23720,21972,35264,15155,239687.00,607315.00,3709208.00,6903481.00,45837.733333333333,55973.166666666667,26333.571428571429,25151.285714285714,4963196.00,4595568.00,1163531,1061702,24073.333333333333,19707.333333333333
2025-01-02,21457,12781,9184,9793,4036,5270,-331956.00,-468962.00,2076016.00,5301835.00,46725.733333333333,56789.333333333333,28815.428571428571,33427.142857142857,2959256.00,3096262.00,1158911,1058418,28602.000000000000,24748.000000000000
2024-12-31,18045,18938,7618,5979,9947,5610,-168118.00,471775.00,1880913.00,3798233.00,50003.866666666667,57509.333333333333,33111.142857142857,43938.714285714286,2510618.00,1870725.00,1154532,1052993,31874.666666666667,24716.000000000000
2024-12-30,19620,40501,8148,9267,18011,16683,-217514.00,940540.00,3939836.00,4182304.00,52059.433333333333,58539.100000000000,36322.857142857143,43104.714285714286,3780847.00,2622793.00,1135875,1046646,22267.000000000000,24521.333333333333
2024-12-27,36579,26367,15088,18247,10716,12839,-209843.00,-135923.00,1749409.00,5267947.00,54575.366666666667,58351.966666666667,35869.857142857143,46153.857142857143,3150314.00,3076394.00,1170447,1060021,25824.000000000000,29544.666666666667
2024-12-26,17949,28756,9583,6368,12062,13132,685324.00,24822.00,2077262.00,3682278.00,59219.700000000000,58868.633333333333,40347.571428571429,46780.571428571429,2153672.00,2814174.00,1158013,1056364,39809.333333333333,36505.000000000000
2024-12-24,19036,11678,10420,5383,4632,5106,231886.00,-114088.00,1258109.00,3082735.00,63320.533333333333,60339.133333333333,50264.000000000000,49754.142857142857,1688630.00,2034604.00,1153919,1050778,66756.333333333333,46198.000000000000
2024-12-23,51649,37038,13475,26145,19758,13842,-555064.00,485984.00,6577594.00,6512837.00,67236.266666666667,61773.800000000000,46592.571428571429,49922.857142857143,5848705.00,4807657.00,1136725,1034235,65964.666666666667,43015.666666666667
2024-12-20,38830,70712,14751,17632,20758,21925,-748045.00,-76097.00,6372888.00,6184320.00,69183.833333333333,60264.566666666667,50815.285714285714,49982.000000000000,4789970.00,4118022.00,1250752,1156650,58297.666666666667,41208.333333333333
2024-12-19,48115,92519,16311,23975,32442,40901,233204.00,-2347827.00,10577813.00,11032090.00,79018.766666666667,59681.700000000000,50247.000000000000,46198.285714285714,7135764.00,10385905.00,1228576,1147824,38505.666666666667,41601.000000000000
2024-12-18,42102,34663,15530,20686,17914,12733,-926514.00,154817.00,4232597.00,7676560.00,84121.933333333333,59180.433333333333,47162.857142857143,47599.285714285714,5641928.00,4560597.00,1221889,1147089,37782.333333333333,57050.666666666667
2024-12-17,33408,47711,7972,9366,20269,7292,-2725640.00,516044.00,6988090.00,23844599.00,85647.700000000000,59076.700000000000,46747.428571428571,49907.142857142857,6458780.00,3217096.00,1193698,1141801,34618.333333333333,54564.333333333333
2024-12-16,49293,33143,21492,17590,10966,18352,299781.00,-1337450.00,4413914.00,23873924.00,94033.433333333333,58795.000000000000,47867.285714285714,54865.285714285714,7225967.00,12441848.00,1190138,1134034,47279.333333333333,60929.666666666667
2024-12-13,88451,32493,40189,44211,10059,20688,-1423153.00,162058.00,2124222.00,8093886.00,94361.600000000000,58321.000000000000,39460.571428571429,63911.857142857143,5416685.00,3831474.00,1236262,1194513,58459.333333333333,46158.333333333333
2024-12-12,25949,38219,10654,11730,17679,16615,699351.00,359455.00,4490388.00,4832587.00,97838.766666666667,57802.900000000000,40551.571428571429,67469.000000000000,3762565.00,4102461.00,1232094,1186329,60543.000000000000,44346.333333333333
2024-12-11,68389,71126,26386,15624,24356,29920,1273119.00,190069.00,9523141.00,15165357.00,100826.800000000000,55988.000000000000,34958.857142857143,68210.000000000000,6133324.00,7216374.00,1198806,1161393,58123.000000000000,31716.666666666667
2024-12-10,44137,66033,17651,23106,24851,36007,289592.00,-551862.00,7438396.00,8146972.00,103163.433333333333,54975.066666666667,32603.428571428571,66603.142857142857,6413213.00,7254667.00,1199285,1166027,58728.666666666667,36048.333333333333
2024-12-09,20513,44470,6938,11724,27624,13071,-895638.00,1376884.00,4724762.00,5224396.00,104551.400000000000,54213.200000000000,34224.714285714286,75182.571428571429,5552053.00,3279531.00,1177129,1159187,75845.000000000000,39078.666666666667
2024-12-06,30500,63866,13860,11159,23011,29458,-504797.00,-1037342.00,6288940.00,5734658.00,105238.466666666667,52443.866666666667,34928.857142857143,79018.000000000000,4085348.00,4617893.00,1254448,1175512,75596.000000000000,40107.333333333333
2024-12-05,57132,67850,29963,16248,32564,27590,5133392,894565,5393656,14274213,106218.033333333333,50627.200000000000,35811.857142857143,83326.571428571429,6667879,10906706,1228745,1167808,78417.000000000000,30810.000000000000
2024-12-04,29604,95819,13234,12368,48614,39373,571104,165212,7454180,7309758,108745.066666666667,48245.400000000000,54384.714285714286,79448.857142857143,6350142,6756034,1186792,1162699,64739.000000000000,30158.333333333333
2024-12-03,33586,63119,11709,16072,23973,25814,-511327,610160,8080608,8125125,109167.800000000000,46783.066666666667,58196.714285714286,78888.714285714286,6785212,5663725,1171116,1162068,78541.333333333333,29583.666666666667
2024-12-02,29240,76313,12476,13545,27167,39806,623704,-495033,6764634,7069203,111553.766666666667,45987.666666666667,60979.428571428571,77431.857142857143,5656078,6774815,1151193,1156626,83341.666666666667,31646.666666666667
2024-11-29,27649,54785,11162,11165,23725,21498,623262,363201,4053467,5382310,113726.900000000000,45847.333333333333,74842.714285714286,78613.571428571429,3558197,3818258,1199083,1176462,97750.000000000000,43534.666666666667
2024-11-27,31862,104526,14037,15080,47498,49549,-318057,1771399,7689337,5705775,115268.766666666667,43555.433333333333,77162.000000000000,69005.000000000000,7181853,5092397,1160926,1167332,85799.666666666667,86118.666666666667
2024-11-26,35429,90714,22057,10341,34830,46935,8276224,-2954167,9439242,15207171,121515.500000000000,42253.633333333333,88727.714285714286,61837.000000000000,4824224,18292335,1148314,1166952,75294.333333333333,94399.000000000000
2024-11-25,63313,98010,28930,22333,46572,45105,591372,1650095,8728491,10004048,125563.200000000000,41314.466666666667,91295.428571428571,58034.714285714286,8186521,7127798,1122784,1141630,64662.666666666667,89534.333333333333
2024-11-22,159614,68675,69912,81689,34201,27024,782527,-1789048,8765592,26996271,125760.900000000000,40780.366666666667,84501.571428571429,51188.714285714286,15949737,16004555,1140927,1125779,62790.000000000000,77893.666666666667
2024-11-21,60270,59198,22520,31331,20455,22127,-5221586,220082,5064910,15906802,125318.200000000000,39596.466666666667,98360.000000000000,49054.142857142857,11448307,6006639,1118595,1124570,55479.333333333333,73836.000000000000
2024-11-20,48719,66115,23098,22716,34005,27366,-101933,1165517,6855805,4741620,126272.700000000000,38010.333333333333,111694.571428571429,47579.571428571429,5948245,4680795,1098620,1116062,46953.666666666667,96392.666666666667
2024-11-19,124692,63057,46252,65830,32733,24342,-3567761,1145923,5992211,16957282,123557.566666666667,36267.466666666667,118041.571428571429,50011.142857142857,12520070,7806386,1075031,1131283,49732.666666666667,81924.333333333333
2024-11-18,48097,37266,20739,20018,16391,16714,1447245,401722,3186593,6738736,123269.266666666667,35831.533333333333,125064.428571428571,48321.000000000000,3608796,4654319,1054155,1113589,44228.333333333333,103244.333333333333
2024-11-15,116389,40538,47553,63211,12798,19659,409236,54196,4527095,15336286,121745.733333333333,35190.633333333333,157460.714285714286,53248.857142857143,8099992,8455032,1135157,1325899,45467.666666666667,116874.333333333333
2024-11-14,81287,71394,35388,34200,35360,32331,357227,243454,5069147,11473662,119791.466666666667,33294.633333333333,173733.571428571429,45853.285714285714,7163947,7277720,1133775,1313596,40267.333333333333,137132.333333333333
2024-11-13,112057,20753,42358,59156,9291,9596,-674647,-123763,2483862,13022153,117517.700000000000,33562.166666666667,169037.000000000000,49259.857142857143,6900566,6349682,1128710,1299232,60042.333333333333,156153.666666666667
2024-11-12,157279,44256,71249,74573,19832,21783,1390773,232968,4056194,14756131,113590.066666666667,32755.733333333333,189549.285714285714,46465.000000000000,7783248,8941053,1117321,1286544,53768.666666666667,136146.333333333333
2024-11-11,142061,55793,61656,61690,16589,13116,1620690,1328661,11299907,24941723,110399.266666666667,31707.566666666667,183297.142857142857,41105.000000000000,12552720,12844749,1106163,1261685,60182.000000000000,203180.333333333333
2024-11-08,169121,80078,74443,83471,42743,32232,-1033496,137445,6138574,17372880,106953.433333333333,29744.333333333333,177746.142857142857,32904.714285714286,11328001,10157060,1120064,1341970,40031.000000000000,211872.333333333333
2024-11-07,97257,25435,41913,44870,15033,8081,-561382,434546,3482362,13887481,105557.666666666667,29321.766666666667,186428.000000000000,31653.857142857143,7898640,6902712,1110464,1328282,46419.000000000000,205847.000000000000
2024-11-06,343163,75033,151642,161541,26269,35418,-767895,-1269196,10352242,86216811,95105.233333333333,27655.233333333333,153724.142857142857,26027.000000000000,41389407,44960708,1076874,1198767,29638.666666666667,191747.666666666667
2024-11-05,195197,19625,96301,84578,9577,8686,1799379,-643529,3024451,22302102,89993.100000000000,27951.566666666667,134717.714285714286,26311.142857142857,10636837,13079745,1075188,1177355,29188.000000000000,159447.333333333333
2024-11-04,79181,44599,22984,52149,9086,34066,-1938225,-1726027,4737781,10033570,88775.266666666667,27329.600000000000,130707.857142857143,21480.714285714286,7271041,6458843,1046548,1137206,21880.333333333333,176475.000000000000
2024-11-01,300865,24692,157801,101570,9166,13949,91611633,-274869,4196151,428290458,82175.266666666667,27580.700000000000,100087.000000000000,19860.428571428571,104117735,266621617,1057717,1260044,19209.333333333333,128863.333333333333
2024-10-31,98296,18273,45192,33177,8419,8530,750482,-581782,2045968,8795735,83415.533333333333,28201.400000000000,101104.000000000000,20730.714285714286,3851118,5183382,1057658,1238152,25000.000000000000,134176.666666666667
2024-10-30,130264,22676,51956,62452,6946,14611,-1763334,-544358,2155496,10794816,80209.466666666667,29145.966666666667,89104.571428571429,20241.142857142857,6217026,4998050,1047752,1234980,24646.000000000000,111472.666666666667
2024-10-29,158030,16679,55584,80570,7633,7715,-1208751,371877,2594815,16978193,76146.933333333333,29364.333333333333,80931.571428571429,25351.428571428571,8694944,7114316,1040143,1216289,22681.666666666667,75833.333333333333
2024-10-28,114236,35645,49829,52654,8451,12294,-16024,-1027350,7347661,13942920,74331.366666666667,29040.333333333333,77875.428571428571,27484.285714285714,7555553,8566879,1027101,1193341,15250.000000000000,66594.333333333333
2024-10-25,62152,21614,32326,21851,7191,11937,517755,-219169,2434479,6178054,73813.933333333333,30351.766666666667,80156.285714285714,29506.428571428571,3034982,3771906,1049794,1281708,16167.000000000000,81015.333333333333
2024-10-24,51112,10786,26572,21060,4291,5743,986583,-329702,1559985,4307164,73746.466666666667,32302.300000000000,104687.571428571429,35345.571428571429,2053988,3370273,1048028,1266924,18988.000000000000,79400.666666666667
2024-10-23,86519,13350,43713,37718,4188,5900,-621119,80398,1475273,5417434,72748.266666666667,32640.633333333333,118719.714285714286,43414.857142857143,2787603,2086086,1043110,1234356,32021.666666666667,84167.333333333333
2024-10-22,105415,24365,52000,38575,7029,11869,1811041,-363253,3874756,11065006,71674.266666666667,34139.100000000000,127309.714285714286,47455.857142857143,4727625,6901919,1036789,1194321,40758.333333333333,79976.666666666667
2024-10-21,46268,19249,18666,22404,7951,7431,-914394,334326,4100407,8435933,71649.833333333333,34600.300000000000,127412.714285714286,48089.000000000000,5434280,4185560,1031951,1176589,46265.000000000000,90593.333333333333
2024-10-18,100819,52451,47229,41019,25743,16397,75656,1302795,6156583,19310882,69617.133333333333,33950.466666666667,124060.571428571429,43243.285714285714,8257984,7030845,1118327,1303264,46001.333333333333,131264.000000000000
2024-10-17,92843,50575,42026,38704,30453,18055,4226549,329863,5623660,14572228,67369.533333333333,33070.700000000000,116974.142857142857,37557.000000000000,7044086,10940772,1091247,1276777,52421.333333333333,161897.666666666667
2024-10-16,78118,35769,43144,29343,12487,11449,507287,383264,4478900,9442410,65619.766666666667,32850.900000000000,111449.857142857143,35902.571428571429,5600645,5724668,1087057,1273648,58049.000000000000,191040.000000000000
2024-10-15,222831,51660,110402,83775,24627,19779,5458282,1015421,8184144,37183937,59423.566666666667,31835.333333333333,89714.428571428571,31567.000000000000,17560625,20597666,1077838,1234732,48722.666666666667,132426.000000000000
2024-10-14,184744,69835,80329,72983,24385,38585,-1355085,392473,4863073,30508295,54780.400000000000,30021.966666666667,66559.428571428571,23664.000000000000,15685574,13938016,1051440,1160739,31621.333333333333,96629.333333333333
2024-10-11,165545,52652,68086,69214,28339,17783,-972176,256726,5402279,29027870,50405.966666666667,28816.466666666667,49173.571428571429,20253.571428571429,13959803,12730901,1070587,1178600,17661.000000000000,55860.333333333333
2024-10-10,46989,23681,18762,19338,7574,13385,-820993,-500027,3430178,6175331,49457.300000000000,28377.533333333333,48096.571428571429,19736.714285714286,3372434,3051468,1064185,1164365,17830.000000000000,53346.666666666667
2024-10-09,77354,18531,40611,28968,7578,5687,313864,-42053,2236839,11772622,47351.166666666667,28266.900000000000,43665.571428571429,20567.714285714286,5858179,6214096,1056051,1144137,18756.666666666667,51123.000000000000
2024-10-08,43238,10771,14412,13742,3928,3524,216898,177918,1429557,6887859,46950.033333333333,28629.633333333333,46881.000000000000,22054.857142857143,2639157,2678137,1052252,1140624,20004.333333333333,44263.333333333333
2024-10-07,39448,24188,21407,13938,10226,10572,975553,1326518,3201382,6079498,48185.900000000000,29066.833333333333,49157.571428571429,20422.000000000000,4230960,3879995,1038870,1124372,21534.666666666667,45728.666666666667
2024-10-04,70683,21311,37631,26022,8093,10898,-820315,375600,2360627,7231732,46827.533333333333,28985.366666666667,43287.142857142857,20954.285714285714,4777792,3581877,1050766,1159682,21118.666666666667,35317.666666666667
2024-10-03,22659,14514,10575,10164,6818,6684,-279875,436120,2443126,2990999,48041.833333333333,30089.133333333333,46026.285714285714,22954.428571428571,2834968,2118973,1043480,1155267,24396.666666666667,43210.333333333333
2024-10-02,43844,28779,19804,12990,7497,16414,513719,-21391,3249152,11758067,47339.366666666667,29779.600000000000,45855.142857142857,22548.857142857143,2743260,3278370,1028770,1135734,21864.000000000000,50511.000000000000
2024-10-01,39450,20063,15025,21082,8944,7587,-2019161,570533,2711794,7026677,47059.033333333333,30055.400000000000,54914.428571428571,24286.285714285714,6018365,2788671,1017378,1131019,19429.000000000000,55822.333333333333
2024-09-30,46337,24348,18824,14844,6204,7393,51176,-363806,4288675,11045908,46863.300000000000,30176.566666666667,67652.571428571429,26078.571428571429,3095565,3510547,1012582,1115806,19658.666666666667,50240.000000000000
2024-09-27,65746,21181,29827,30128,4984,13404,169472,-292460,1116310,4329259,46173.166666666667,30668.366666666667,63129.142857142857,30340.285714285714,2191086,2653018,1053807,1144750,22103.333333333333,42269.000000000000
