date,call_volume,put_volume,call_volume_ask_side,call_volume_bid_side,put_volume_ask_side,put_volume_bid_side,net_call_premium,net_put_premium,put_premium,call_premium,avg_30_day_call_volume,avg_30_day_put_volume,avg_7_day_call_volume,avg_7_day_put_volume,bearish_premium,bullish_premium,put_open_interest,call_open_interest,avg_3_day_put_volume,avg_3_day_call_volume
2026-09-25,9120,10509,3347,4984,5187,4693,-57165.0000,1265497.00,12238806.00,11299387.0000,11210.4,14427,8049.8571,8995.7143,11959573.0000,10636911.0000,117963,115701,6131.6667,5914.3333
2026-09-24,6214,6115,2761,3150,2347,3314,1035320.0000,-576241.0000,11846555.0000,11905186.0000,11383.8333,14835.5667,8600,9086.2857,10691237.0000,12302798.0000,116591,114279,7166.6667,6746.6667
2026-09-23,5695,5975,2496,2848,2428,2862,1722069.0000,38139.0000,11221203.0000,18441007.0000,11633.8667,15164.9667,9972.4286,10313.1429,13088150.0000,14772080.0000,114690,112522,9210,7637.3333
2026-09-22,5834,6305,2076,3316,2580,3189,-2002605.0000,-3984070.0000,11297361.0000,23813804.0000,11852.3667,15606.3667,10710,10979,16151702.0000,18133167.0000,112150,110787,12514.6667,10213.6667
2026-09-21,8711,9220,3846,4373,3785,4802,2415144.0000,294806.00,15916694.00,31715050.0000,12207.2,15969.9333,10645.8571,10938.4286,21249330.0000,23369668.0000,109498,107839,11785,9965
2026-09-18,8367,12105,3721,4134,4585,6250,1298839.0000,-807807.00,14089349.00,19414212.0000,12498.1667,16063.7667,10834.1429,11207.8571,14830069.0000,16936715.0000,156333,148736,9999.6667,10531
2026-09-17,13563,16219,5321,7267,6874,8249,324765.0000,-6192100.0000,43712938.0000,30731268.0000,12600.5333,16072.6667,10330,10593.1429,31907977.0000,39437757.0000,153900,145519,9447.6667,11110.6667
2026-09-16,7965,7031,2870,4522,3365,3328,-3454680.0000,1698344.00,19460249.00,30165844.0000,13455.4333,17327.0667,10582.4286,12207.1429,26102992.0000,20949968.0000,153444,143771,10759.3333,12121.3333
2026-09-15,10065,6749,3686,5408,2908,3305,-688251.0000,-1315882.00,11575482.00,32125768.0000,14114.5,18124.7333,10220.5714,12907.8571,20310766.0000,20938397.0000,151597,140662,11488.3333,11520.3333
2026-09-14,15302,14563,5539,8642,5611,7981,-360712.0000,-3134775.00,28321632.00,23065461.0000,14042.5667,18198.4,9720.2857,13180.5714,22156525.0000,24930588.0000,148179,135466,11297.6667,9648
2026-09-11,10997,10966,3881,6405,5126,5155,-7412824.0000,-428110.00,11399636.00,21060043.0000,14047.3,18362.7,10480.5714,14519.5714,19266539.0000,12281825.0000,156030,139873,11614.3333,9327
2026-09-10,8262,8936,2715,4886,3756,4407,2910307.0000,-2325342.0000,17738222.0000,16664216.0000,14390.9333,19185.5667,11052.1429,16178.4286,14047390.0000,19283039.00,154672,137811,14745.3333,9817
2026-09-09,9685,13991,3656,5207,3539,8064,-900327.0000,-1955520.0000,12492111.0000,13041825.0000,14758.7333,19466.3333,11580.7143,17026.5714,11806138.0000,12861331.0000,153064,135098,13966.3333,9099.3333
2026-09-08,10034,11916,4583,4895,4403,6383,1326409.0000,-530105.0000,12566777.0000,26824007.0000,14880.2,19670.6333,11555,17880.2857,18023938.0000,19880452.0000,150252,131941,15485,9688
2026-09-04,9732,18329,4470,4757,6193,9957,747797.0000,-1326025.00,17962997.00,24449842.0000,14851.7,19591.3667,11119.4286,17219.7143,19242764.0000,21316586.0000,163958,141130,16155,11883.6667
2026-09-03,7532,11654,3279,3747,4084,6709,608182.0000,252643.00,26736894.00,18573062.0000,14814.0333,19841.3333,11430,17390.8571,21219061.0000,21574600.0000,161085,140327,19119.6667,13460.6667
2026-09-02,11800,16472,4731,6387,6901,7921,3475810.0000,-3774114.00,28287860.00,22660176.0000,14621.2667,19972.2667,10862.4286,16540.2857,20073087.00,27323011.0000,156192,137562,20271.6667,13989
2026-09-01,16319,20339,5999,8299,8740,10309,-5052663.0000,-5660613.00,44256633.00,24104710.0000,14443.0333,19779.2667,10369.7143,15494.5714,33015633.0000,31730320.0000,151712,133062,19456,11834
2026-08-31,12263,20548,4154,7460,7509,11297,-9204606.0000,-1556878.00,22809020.00,39901267.0000,14367.6667,19687.7667,10337,15437.4286,37037137.0000,21482429.0000,145772,128041,17175,9974
2026-08-28,13385,19928,5799,6867,8830,9523,-356152.0000,2586450.00,24465861.00,24955513.0000,14384,19636.3667,10911.7143,15485.1429,25155978.0000,22213376.0000,160463,136769,14816.3333,8747.6667
2026-08-27,9854,17892,4252,5122,5802,10438,-593595.0000,-2342624.00,16271275.00,15206674.0000,14643.4333,19762.9667,11653.4286,16036.2857,14342276.0000,16091305.0000,154510,133146,12358.3333,8072
2026-08-26,6683,13705,3228,2889,3643,8577,884199.0000,4919732.0000,15954869.0000,14629429.0000,14814.4333,20002.2333,13049.4286,18130.8571,16890448.0000,12854915.0000,150481,131567,12129.6667,10134.3333
2026-08-25,9706,12852,3816,5494,4688,7470,192362.0000,378538.0000,20990816.0000,15073633.0000,14764.4667,20090.5667,14645.4286,19067.5714,17402660.0000,17216484.0000,145717,127319,14561.6667,10910.3333
2026-08-24,7827,10518,2946,4333,3760,6149,2832254.0000,263161.0000,16438913.0000,18403183.0000,14749.9,20214.2,15788.1429,20068.8571,15229053.0000,17798146.0000,142034,125221,17809.6667,14104
2026-08-21,12870,13019,5616,6320,4633,7222,2549460.0000,-1893302.00,14916651.00,27065411.0000,15227.2667,20324.4,15580.5714,20833.5714,17725269.0000,22168031.0000,172976,158279,20720,14829.3333
2026-08-20,12034,20148,3624,7447,8389,10687,-1235546.0000,5409192.0000,75949870.0000,15233268.0000,15259.3667,20106.9,15746.5714,20220.5714,44994308.0000,43595820.0000,171733,156388,23459.6667,16303
2026-08-19,17408,20262,5899,9937,7795,10880,1373431.0000,296377.0000,40482239.0000,34139562.0000,15136.4,19910.6,15029.5714,20118.4286,34840907.0000,35919111.0000,167075,152643,23175.3333,17459.6667
2026-08-18,15046,21750,5266,8644,8083,12033,-4535295.0000,2415482.0000,34239718.0000,27446688.0000,15016.7667,19734.9667,15645.2857,19886.5714,32954011.0000,26003234.0000,161272,149322,21767.6667,17719.6667
2026-08-17,16455,28367,7343,7856,7582,17689,4488116.0000,-2178661.0000,20832929.0000,32798604.0000,14768.2,19563.6,15736.8571,17965.5714,21832441.0000,28499218.0000,152431,144381,18436,16040.3333
2026-08-14,20878,19409,11375,12962,6952,9977,2449014.0000,-427269.0000,15408774.0000,24875254.0000,14914.4,19833.8667,15130.5714,17548,17579146.0000,19777429.0000,164019,157473,17252,13479.6667
2026-08-13,15826,17527,5950,8400,4681,11119,-225001.0000,-446244.0000,14954599.0000,13535860.0000,14923.5,20081.4333,17671.4286,21424.5714,13533118.0000,13754361.0000,160481,152564,17925.3333,12334
2026-08-12,11417,18372,4723,5298,6199,9632,3777810.0000,3780098.0000,23477579.0000,29314632.0000,15113.4333,20041.5333,20302.8571,23182.7143,24326498.0000,24324210.0000,156806,149334,18510.3333,14980.3333
2026-08-11,13196,15857,4579,7047,4454,9251,33469.0000,1054332.0000,17774709.0000,25625459.0000,15092.9333,20187.2667,20295.4286,23313.5714,20779631.0000,19758768.0000,152511,144873,18198,16280.3333
2026-08-10,12389,19547,4046,7458,5503,11571,-1394165.0000,-783960.00,15763824.00,16777022.0000,15223.6667,20281.7667,20116.8571,22791.8571,15761273.0000,15151068.0000,144137,139264,17177.6667,17695.3333
2026-08-07,19356,20127,6975,10922,6965,11542,-3682091.0000,-2234301.0000,24002033.0000,24303933.0000,15195.8333,20453.2,20004.7143,24719.7143,23431398.0000,21924648.0000,165638,158491,25356.3333,22447.3333
2026-08-06,17096,14920,4380,11379,4201,9207,-6247793.0000,332074.0000,19201805.0000,29408380.0000,14856.6,20449.2333,20522.2857,25790.2857,26422521.0000,19842654.0000,162925,153728,30609.3333,26694.3333
2026-08-05,16634,16486,6030,8974,4701,9823,-616873.0000,1952572.0000,27481813.0000,28776422.0000,14691.3333,20584.5667,20100,26013,27669582.0000,25100137.0000,158325,148558,30705,25531
2026-08-04,33612,44663,13109,17968,13956,25420,8919072.0000,2556560.0000,51067658.0000,76191355.0000,14104.3,19797.6,16566.4286,21911.2857,56188180.0000,62550692.0000,143401,138631,21115.6667,18040
2026-08-03,29837,30679,12295,11693,12131,15852,-1325027.0000,2027843.0000,52108598.0000,60119396.0000,13589.0333,19231.5,13218.5714,20264.7143,51027881.0000,47675011.0000,129283,123639,22096.6667,14284.6667
2026-07-31,13144,16773,5040,7465,6568,9452,-1172796.0000,1292308.0000,33929441.0000,24888528.0000,13521.9,19238.9,12200.4286,20782.8571,29398999.0000,26933895.0000,147006,141594,23977,16809.6667
2026-07-30,11139,15895,3994,6313,6433,7832,560917.0000,-4714814.00,33352097.00,33165620.0000,13601.1333,19379.1667,12176.5714,20590.5714,28256936.0000,33225662.0000,144535,137491,24693.6667,17656
2026-07-29,18571,33622,4967,12581,14832,16088,-6548677.0000,3303713.0000,59927762.0000,51760898.0000,13275.4667,18803.8333,10952.4286,18330.7143,57028034.0000,47175644.0000,138422,130631,18803.3333,14424.6667
2026-07-28,20719,22414,5547,13046,8356,12109,-7024958.0000,-164227.0000,42744373.0000,47644168.0000,13153,18471.2333,9974.7143,17755.2857,47057970.0000,36672239.0000,129389,124028,17716.3333,9652.3333
2026-07-27,13678,18045,5434,6859,7997,8736,4671405.0000,5135474.0000,48075385.0000,29646852.0000,13087.9333,18276.2,10540.2857,18276,37380501.0000,36916432.0000,125387,118945,18501.3333,7098.6667
2026-07-24,8877,15951,3885,4442,5776,8939,2079602.0000,-1201474.0000,30059284.0000,21816324.0000,13128,18272.2667,10959.7143,18980.5714,22589651.0000,27325227.0000,142679,130865,18034,7797
2026-07-23,6402,19153,2120,3878,5030,12057,275474.0000,180274.0000,19560214.0000,20445378.0000,13187.5333,18035.2,11217.5714,18459,19116276.0000,19211476.0000,138890,128349,17584,8997
2026-07-22,6017,20400,2429,2893,5870,12158,1876016.0000,557157.00,15042337.00,16167901.0000,13197.2333,17852,11413.7143,17577.1429,13960131.0000,15278990.0000,131078,125986,16912.6667,11616.3333
2026-07-21,10972,14549,4686,5539,4297,8443,9395771.0000,-1912589.0000,24019513.0000,41825760.0000,13256.4,17878.6333,13730.7143,17830.8571,25857519.0000,37165879.0000,126637,121588,19293,13838
2026-07-20,10002,17803,3635,5322,7714,7200,-173745.0000,1824366.0000,36030112.0000,21965167.0000,13483.7333,17916.1667,14158.5714,17233.7143,27675059.0000,25676948.0000,118643,116824,20319.6667,14441.6667
2026-07-17,13875,18386,6998,5696,7062,10103,1818386.0000,3929944.0000,35440538.0000,60319648.0000,13698.2333,17822.3,14136.2857,16660.4286,42710413.0000,40598855.0000,155224,138081,19358.3333,12552.3333
2026-07-16,17637,21690,5596,10698,7294,12970,-2371486.0000,-14167548.0000,64142375.0000,52638984.0000,14000.0667,17585.2333,13253.4286,15916.2857,43266257.0000,67385491.0000,153865,133164,16870.6667,9136.6667
2026-07-15,11813,20883,4843,6294,6194,13105,5732171.0000,20369.0000,26360099.0000,42626095.0000,14033.3333,17465.4667,12851.2857,16251,29973149.0000,35684951.0000,147921,129774,15351.3333,14262.6667
2026-07-14,8207,15502,3526,3892,4595,8883,2143935.0000,4628480.00,19189240.00,22198060.0000,14221.3667,17414.9333,15288,17967.4286,20990339.0000,18505794.0000,143909,127810,14725,15859.3333
2026-07-13,7390,14227,3243,3614,4570,8219,3210553.0000,-154049.0000,25422273.0000,23863383.0000,14466.9333,17392.6667,16532.1429,19499.8571,21751606.0000,25116208.0000,139094,125788,14773.6667,17969
2026-07-10,27191,16325,15387,9176,5757,8290,6051845.0000,639104.0000,32024960.0000,51322932.0000,14130.1667,17215.4,15092.7143,19621.2857,29591106.0000,35003847.0000,153119,132769,14825.6667,12724.3333
2026-07-09,12997,13623,7573,4746,5217,7386,8962948.0000,-3995149.0000,19270145.0000,29809514.0000,14569.9667,17319.8,15033.2857,20565,16541250.0000,29499347.0000,149328,129689,18026.6667,11391.3333
2026-07-08,13719,14373,5007,8068,4328,8795,-6451369.0000,-427950.0000,18355483.0000,65409490.0000,15098.8667,17191.0667,15403.5714,21709.1429,42298325.0000,36087166.0000,144521,125822,22408,15239.6667
2026-07-07,11457,16481,5103,5413,5718,9274,220404.0000,-3392644.0000,35898543.0000,55569186.0000,15061.0333,16927.8333,16412.7143,22964.7143,39197761.0000,43381259.0000,139919,122511,25232.3333,16787
2026-07-06,8998,23226,3800,4584,7657,13590,-5533570.0000,1634213.00,17432984.00,49041682.0000,15241.9667,16589.3667,16115.7143,21761.1429,33330021.0000,26162238.0000,130895,118737,23215.3333,19492.6667
2026-07-02,25264,27517,11178,11676,10117,14375,-3673380.0000,1954432.0000,43098590.0000,62376670.0000,14735.5667,16182.8333,14174.5714,20765.2857,47295979.0000,41668167.0000,139635,123035,20786,15265
2026-07-01,16099,24954,5846,8527,10053,12223,-3374603.0000,2438491.00,42422460.00,89302216.0000,14487.5,15848,14160.5714,20208.1429,62098737.0000,56285643.0000,132357,119038,19928.6667,15335.6667
2026-06-30,17115,17175,6403,9211,5962,9810,-3992234.0000,-1446972.0000,19017183.0000,91962185.0000,14342.5667,15681.4,13769.7143,19711.1429,52739811.0000,48467549.0000,127094,112050,22627,15804.3333
2026-06-29,12581,20229,6399,4945,5005,13665,4610701.0000,-5091143.0000,24680302.0000,53826971.0000,14253.8667,15317.2667,13562.4286,19249.1429,29712267.0000,42335122.0000,121536,108710,20817.6667,13917
2026-06-26,16311,22382,6078,8377,7525,12763,-8726407.0000,-1763937.0000,32548772.0000,65445659.0000,13873.4333,14866.9667,13163.1429,18923.5714,49097004.0000,42163078.0000,131538,115468,20205.6667,12372
2026-06-25,18521,25270,9044,8239,8178,14401,4013809.0000,-4474148.00,45186538.00,73771105.0000,13467.1,14438.8667,11774.5714,17651,51052232.0000,59701569.0000,123628,109822,18800.3333,11532
2026-06-24,6919,14801,2872,3691,5080,8810,-2290364.0000,525294.00,10761361.00,33993597.0000,13600.7333,14353.2667,13221.1429,17313.1429,22742976.0000,19447318.0000,119954,107846,18432,14018.6667
2026-06-23,11676,20546,3810,7240,6829,12071,-2215325.0000,-2256993.00,20427768.00,49816880.0000,13488.3333,14060.3333,13228.2857,16120,32440273.0000,32481941.0000,113200,104051,17248.3333,13836.6667
2026-06-22,16001,21054,7815,6887,5770,12920,1804858.0000,-4949473.00,22985731.00,101077445.0000,13255.4333,13829.3667,12382.2857,15374.1429,55041585.0000,55751916.0000,107838,98542,16931.3333,13008.3333
2026-06-18,14379,13696,8038,5556,5010,7800,1842190.0000,-309605.00,14719974.00,84200226.0000,13260.9,13851.5,11497.8571,15137.7143,43998117.0000,48781412.0000,146245,130614,17820,11149
2026-06-17,11130,16995,5345,5194,6186,8671,1313308.0000,74523.00,12847441.00,42496231.0000,13336.5667,13821.3667,10809,14839,24503733.0000,25742518.0000,142304,127636,16300.3333,13120.6667
2026-06-16,13516,20103,5839,6873,8276,10001,2233375.0000,2765626.00,16864274.00,52785136.0000,13090.5333,13628.8,10699.1429,14159.7143,32073047.0000,32099296.0000,138647,123430,13664,12524
2026-06-15,8801,16362,3384,4661,5160,9573,-2932059.0000,-1255178.0000,11735953.0000,44437055.0000,13274.8667,14168.2667,11845,14526.4286,28335465.0000,23535219.0000,134540,121005,13487.6667,12950
2026-06-12,17045,12436,8338,7589,4069,7642,-1508918.0000,-345955.00,6305218.00,25229054.0000,13714.7,14887.3667,12311.4286,14974.1429,15280816.0000,14117853.0000,144898,131628,13356,9997.6667
2026-06-11,11726,12194,5451,5565,3766,7694,1241895.0000,1303491.0000,18235453.0000,25350516.0000,13725.8667,15420.6667,14449.4286,15314.7143,20554113.0000,20492517.0000,142928,127776,14259.3333,8191.6667
2026-06-10,10079,15833,4151,5214,5974,8449,-1053836.0000,-1971550.0000,34984922.0000,24155436.0000,13642.8,15318.2,14839.7143,15522.8571,26093297.0000,29573511.0000,136907,125785,14097.6667,9081
2026-06-09,8188,12041,3715,3768,4020,7009,2498531.0000,363657.0000,13314998.0000,31673059.0000,13597.2667,15434.0667,15648.2857,15800.7143,19382963.0000,21517837.0000,133291,123863,16393.6667,11959
2026-06-08,6308,14904,2894,2879,3767,9817,1343789.0000,-895651.0000,9484566.0000,22243021.0000,13732.4,15425.2,16855.2857,15608.5714,13520988.0000,15760428.0000,128236,122029,16615.6667,16626.3333
2026-06-05,12747,15348,3989,7690,5017,8960,-11836346.0000,1271006.0000,17833961.0000,39818980.0000,13892.5333,15776.5333,17475.4286,14988.4286,34198285.0000,20667533.0000,140224,135101,16359,21274.6667
2026-06-04,16822,18929,7581,7768,5391,11018,1402230.0000,248698.00,21434297.00,43257568.0000,13564.3,15776.2333,18813.8571,14677.8571,29577278.0000,30730810.0000,135844,131987,15812.6667,19937.6667
2026-06-03,20310,15570,10514,8418,3894,9308,10870618.0000,-3205121.00,23508530.00,66612986.0000,13310.1,15857.7333,20139,13955.1429,32974822.0000,47066561.0000,131617,131586,15284.6667,17783.6667
2026-06-02,26692,14578,12100,12545,5584,7797,5736287.0000,-1815230.0000,17211699.0000,43447179.0000,12740.0333,15836.8333,17800.4286,13098.8571,24331469.0000,31882986.0000,128960,121419,14945,13805.3333
2026-06-01,12811,17290,4064,7565,4156,11533,2894363.0000,-538597.00,16090478.00,18021234.0000,13020.5333,15767.0667,18031.1429,12496.2857,14366538.0000,17799498.0000,122618,117640,12850.6667,15231
2026-05-29,13848,13986,5257,7921,5639,7637,-1166465.0000,1407086.00,15114651.00,26697591.0000,12897.8667,15701.4333,17491.7143,12687,20070798.0000,17791847.0000,134225,130386,13773.6667,19345.3333
2026-05-28,14757,13559,5664,7876,4105,8571,-2841189.0000,1413062.0000,12704261.0000,23883982.0000,12842.8667,15790.9667,16620.2857,12879.8571,18953533.0000,14699282.0000,130498,129348,12757.6667,24288.3333
2026-05-27,17088,11007,6794,9298,2871,7367,7983704.0000,-667460.00,9405164.00,33031283.0000,12592.2333,15845.7667,16003,13047,16042891.0000,24889052.0000,127227,125768,11950,22033
2026-05-26,26191,16755,11287,13196,4232,7135,2842044.0000,5194087.00,18624916.00,45748145.0000,11936.4333,15692.8333,13678.5714,11982.7143,31468327.0000,29116284.0000,124876,116656,10722.3333,18111.3333
2026-05-22,29586,10511,13480,14087,3813,5993,-522510.0000,-477518.00,10029552.00,38485724.0000,11344.1333,15916.0667,10151.7143,11748.7143,22841444.0000,22796452.0000,136032,119871,12325.6667,11606.6667
2026-05-21,10322,8584,2565,7137,2236,5731,-1678762.0000,-244426.00,6169268.00,22971726.0000,11684.5333,16152.3333,9581.5714,12297.7143,12731352.0000,14600061.0000,135091,117163,14434,11051.6667
2026-05-20,14426,13072,5278,8008,3427,8890,-1138624.0000,-1382485.00,12691880.00,15080286.0000,11979.2667,16244.3333,9081.8571,12177.8571,12814924.0000,13058785.0000,131074,112180,14135.6667,10498.6667
2026-05-19,10072,15321,3056,6502,4878,9432,599264.0000,929201.00,12810015.00,17391125.0000,11831.7333,16024.0333,8829.2857,11668.8571,14676413.0000,14346476.0000,126198,106655,12130.3333,10448
2026-05-18,8657,14909,3161,4795,4803,8643,2904527.0000,91412.0000,24829355.0000,26070087.0000,11731.9667,15764.9,8880.2857,11556.8571,21647264.0000,25460379.0000,119913,103969,10118.3333,9195
2026-05-15,12767,12177,4918,7009,4552,6391,-6724742.0000,1413166.00,13796216.00,50355746.0000,11550.3,15638.2667,9134,11868.7143,35028975.0000,25063567.0000,181203,122629,10201.6667,7049.6667
2026-05-14,9920,9305,4147,5018,3522,5016,2870393.0000,1120307.00,8701663.00,31369654.0000,11618.7,15763.8,9631.1429,12838.1429,17763598.0000,19513684.0000,178307,119430,11177.6667,7385.6667
2026-05-13,4898,8873,2019,2642,3189,5164,1810543.0000,-76592.00,12098490.00,20848187.0000,11674.1333,15721.8,9807.8571,13617.1429,14962445.0000,16849580.0000,175870,118363,12139.3333,8521
2026-05-12,6331,12427,2508,3265,3459,7482,-856266.0000,-1878797.0000,12162192.0000,22450389.0000,11700.4667,15605,10950.7143,16491.2857,15551369.0000,16573900.0000,169906,116658,12705.3333,9415.3333
2026-05-11,10928,12233,5039,5314,4546,6767,1005080.0000,-1454333.0000,14615193.0000,38443020.0000,11561.7667,15584.5667,13709.5714,19602.1429,22546488.0000,27703775.0000,165586,112661,13414.3333,10620.3333
2026-05-08,8304,11758,3057,4664,3857,6930,-2225720.0000,-1698938.0000,11651597.0000,28732333.0000,11455.1,15393.7667,14246.2857,21950,19524981.0000,18998199.0000,177525,119782,14858.6667,12319
2026-05-07,9014,14125,3632,4609,5439,7322,-719586.0000,-354143.0000,15539232.0000,37321991.0000,11331.4333,15281.5667,14042.4286,21754.8571,23459565.0000,23094122.0000,170844,117987,14925.6667,11359.3333
2026-05-06,14543,14360,7757,6030,4379,8243,3109129.0000,-1452967.00,14703303.0000,65351907.0000,11068.4,15057.8,12939.4286,21920.1429,33005432.0000,43532318.0000,165357,114075,20987.6667,11288.6667
2026-05-05,13400,16091,5605,6778,5459,8589,-9861792.0000,-2241190.00,15142537.00,59053004.0000,11018.4667,14919.8,12505.4286,21712.5714,38609317.0000,30935821.0000,158273,110096,26960.3333,16902
2026-05-04,6135,14326,2634,3185,5345,7767,-856821.0000,-1814918.00,17199919.00,29742741.0000,11177,15027.5667,14136.2857,23364.2857,21671492.0000,22698889.0000,152004,108906,31582.6667,18877.3333
2026-05-01,14331,32546,6358,6893,13217,16900,1360584.0000,-3998.00,30568443.0000,44477571.0000,10943.9667,14874.8333,13085.4286,21417.7143,34042999.0000,35436381.0000,159365,117758,24987,16629.3333
2026-04-30,30240,34009,14669,14576,11990,19560,-2099523.0000,-7349314.00,53562186.00,112434588.0000,10132.0333,14045.3667,10577.4286,19132.8571,76132244.0000,82032505.0000,149151,112431,18823,8823.3333
2026-04-29,12061,28193,4864,6314,8024,15074,-51753.0000,-4421415.00,34683852.00,28286613.0000,9968.3667,13511.1667,10224.4286,17098.2857,26162541.0000,30532203.0000,135749,107532,14304.6667,8257
2026-04-28,7587,12759,3058,4078,3696,7478,390754.0000,-1086558.00,13541812.00,19622739.0000,10066.5333,13531.7333,12172.8571,17446.5714,14613355.0000,16090667.0000,132084,105786,18681,11578.3333
2026-04-27,6822,15517,2459,3834,5293,8123,-1216028.0000,-1005500.00,12272447.00,18577454.0000,10229.8667,13508.5667,12650.8571,16946.5714,14880648.0000,14670120.0000,125692,102731,19815.3333,11629.3333
2026-04-24,10362,14638,3763,5070,5832,7253,-267648.0000,1685247.00,15334540.00,53199718.0000,10179.4,13669.2,13043,17176.1429,23825027.0000,21872132.0000,139231,110088,20941,12403.3333
2026-04-23,17551,25888,7338,8793,6739,16424,-684625.0000,-8566219.00,26586472.00,59209010.0000,9855.6667,13024.6667,11902.7143,15285.1429,35054313.0000,43147307.0000,130901,105080,16962,9749.6667
2026-04-22,6975,18920,3435,3126,4849,11923,5867048.0000,-646522.00,12786901.00,31455226.0000,10097.4667,12791.1,11837.2857,14320.4286,17031787.0000,24308557.0000,123042,102872,15721,14500
2026-04-21,12684,18015,5674,6266,6244,9704,-4366176.0000,-286641.00,19280890.00,45792215.0000,10133.6,12656.9,11713.4286,14205.1429,33811994.0000,28177425.0000,116337,100460,13721.6667,13661.3333
2026-04-20,9590,13951,3722,5407,5004,7001,5991670.0000,1419778.00,15672140.00,35725001.0000,10236.9333,12750.3667,13276.8571,14451,21712775.0000,26050547.0000,110076,96371,14486.3333,14833.6667
2026-04-17,21226,15197,8895,9811,5501,8299,674904.0000,-418332.00,15789440.00,115133327.0000,9850.7667,12652.7,13568.5714,14541.7143,43137608.0000,44230844.0000,129796,115580,13637.6667,10948
2026-04-16,10168,12017,4534,4942,3832,6593,704775.0000,-86769.00,10594618.00,39146647.0000,9791.2,12454.0333,12922.5714,14069.5714,21652522.0000,22444066.0000,126851,112148,13687.6667,9731
2026-04-15,13107,16245,5652,6489,5662,8204,4569891.0000,1108327.00,18943666.00,57654848.0000,9797.6333,12440,11859.2857,12768.1429,33388566.0000,37956630.0000,119801,109071,14008.6667,9301
2026-04-14,9569,12651,3856,5084,5241,6185,25146.0000,1863539.00,14660077.00,24988372.0000,9745.2,12302.3667,11537.5714,12157.7143,19503784.0000,17460391.0000,114167,106190,15015.6667,12956
2026-04-13,6517,12167,3094,2977,4070,6757,451308.0000,-1309683.00,10943439.00,18701724.0000,9883.1333,12288.1333,12316.8571,12286.8571,13103226.0000,14864217.0000,110622,104664,16237.3333,18539.6667
2026-04-10,11817,17208,5290,5779,6861,8947,3733542.0000,-671897.00,17327714.00,34660687.0000,9880.4,12168.9,11566,10916.1429,22057196.0000,26694635.0000,113987,112596,13405.3333,16482.6667
2026-04-09,20534,15672,9702,9297,5137,9020,-233352.0000,-3271116.00,19092810.00,50734195.0000,9560.5333,12056.5,9649.8571,9952,31588304.0000,33144528.0000,108274,108487,10559.6667,11526
2026-04-08,23268,15832,11214,10324,6627,7894,11881412.0000,3143957.00,21500802.00,64722922.0000,9034.8333,11880.6,7292.5714,9350.2857,34153646.0000,42796261.0000,104627,101568,8075,6209
2026-04-07,5646,8712,2802,2470,3738,3866,2235878.0000,2696060.00,10754006.00,14644926.0000,9125.8333,11904.7333,7215.1429,8967.7143,12196923.0000,11736741.0000,101919,99350,9528,8317.6667
2026-04-06,5664,7135,1887,3370,1504,5141,23268.0000,-1834421.0000,6566016.0000,13822321.0000,9382.2667,12057.9333,7163.7143,9485.4286,8586370.0000,10444059.0000,98332,96600,9687.3333,8616.6667
2026-04-02,7317,8378,3124,3625,3696,3841,-657639.0000,977533.00,11354770.00,12442349.0000,9850.1667,12122.1667,7068.7143,9381,11978141.00,10342969.0000,104053,100400,9869,8551.3333
2026-04-01,11972,13071,5537,4692,5421,6752,3243704.0000,-432396.00,15156252.00,36804295.0000,9700.1,12058.4333,7058.7143,9221,22510221.0000,26186321.0000,99574,96974,9385.3333,6816.3333
2026-03-31,6561,7613,3027,2775,2848,4071,-1341724.0000,-1359738.00,9858415.00,17755933.0000,9761.8333,12257.9,7677.2857,10641.8571,12237232.0000,12250286.0000,97291,94500,8859,6330.6667
2026-03-30,7121,8923,2753,3803,3677,4733,-3310622.0000,-3424591.00,18772647.00,17718932.0000,10008.8,12661.4333,7708.5714,13362,17244457.0000,17358426.0000,93814,92308,9471,5725
2026-03-27,6767,11620,2943,3294,4542,6285,2412729.0000,-1536679.0000,13835410.0000,13044210.0000,10507.1,13338.1,7582.1429,13005.5714,10712558.00,14661966.0000,103317,100039,8146.6667,5686.6667
2026-03-26,5104,6034,2449,2326,2345,3249,895132.0000,-283299.00,8641295.00,17202570.0000,11118.2667,13980.1,7874.5714,13881.7143,11630005.0000,12808436.0000,102423,98766,10119,7952.6667
2026-03-25,5304,10759,2531,2311,3257,6121,-1436080.0000,-27774.00,9777245.00,14555957.0000,11278.4667,14020.8,8621.4286,14255.5714,12014829.0000,10611188.0000,99745,97124,12385.6667,9815
2026-03-24,6652,7647,3331,2819,2776,4289,261893.0000,-3049778.00,12944295.00,21097506.0000,11665.4,14280,9345.7143,15280.5714,14363010.0000,17674681.0000,97358,94500,19158,10044.3333
2026-03-23,11902,11951,5454,5586,6065,5064,1132300.0000,4067797.00,17440635.00,16385181.0000,11957.7,14530.5667,8909.4286,16352.8571,17008699.00,14073202.0000,92909,87724,18216,8037.6667
2026-03-20,10891,17559,4946,5336,6150,9032,-5874001.0000,-2012816.00,27251151.00,27938169.0000,11857.7333,14361.9667,8473.4286,14780.4286,28148780.0000,24287595.0000,121416,114251,16418.6667,6791
2026-03-19,7340,27964,3520,3307,17418,9463,875705.0000,9430453.00,89519986.00,21292446.0000,12019.6,14053.3,9457.5714,12487.4286,74371669.0000,34051441.0000,117692,112670,11556,7855
2026-03-18,5882,9125,2555,3022,4124,4004,-1294881.0000,3920991.00,18597515.00,13514285.0000,12385.9333,14268.8,10584.1429,13182.2857,16926763.0000,13643651.0000,115065,110802,13455,9801.6667
2026-03-17,7151,12167,3337,3269,4236,6669,-2597205.0000,3063776.00,25934204.00,15096398.0000,12823.3,14545.4667,11375.4286,13837.7143,20701330.0000,18114649.0000,111859,108283,15885,10367.3333
2026-03-16,10532,13376,3967,5600,5275,7005,-6578445.0000,-3408333.00,24660550.00,36355842.0000,13115.1,14572.6667,11248.1429,13679.2857,31202521.0000,28032409.0000,110547,104568,13610.3333,9469.6667
2026-03-13,11722,14822,4262,6686,6185,7932,-2945476.0000,388803.00,16700062.00,31869314.0000,13509.4,14917.7,10770.8571,12427.1429,24716111.0000,21381832.00,111894,108921,12640.6667,10305.3333
2026-03-12,8848,19457,3966,4425,8362,10281,-1618067.0000,-1104347.00,76951736.00,33906641.0000,13588.3667,14791.9667,11406.8571,11908.1429,52732104.0000,54718384.0000,110247,106601,10818,11945.3333
2026-03-11,7839,6552,3318,3890,3375,2780,-31714.0000,1486276.00,13980905.00,30472432.0000,13460.1667,14766.9667,11429.2857,12189.5714,23400029.0000,18969539.0000,108861,104611,14219,13562.3333
2026-03-10,14229,11913,6869,6389,4918,6006,-227236.0000,-2017179.00,17109482.00,23259490.0000,13263.7667,14589.4667,10918.7143,12164.8571,18020572.0000,19810515.0000,104101,101207,14337,12033
2026-03-09,13768,13989,5988,6848,6396,6583,-2765649.0000,381034.00,34044085.00,31719926.0000,13215.6,14620.5667,10628.2857,12113.7143,35640565.0000,27292273.0000,104585,97607,11693,10237.3333
2026-03-06,12690,16755,5495,6170,7525,7667,-2863631.0000,-2631251.0000,31910761.0000,28723317.0000,12997.9333,14466.9333,10378,11477.2857,28034913.0000,27802533.0000,112949,107259,11382.6667,10440.6667
2026-03-05,9641,12267,3652,5400,5438,6184,-2613359.0000,-5127217.00,30455191.00,21846789.0000,12922.0667,14392.4667,10071.7143,11232.7143,23809919.0000,26323777.0000,112315,105144,10134.3333,9892.3333
2026-03-04,8381,6057,3405,4533,2606,3023,-6457671.0000,-82257.0000,6562457.0000,34825987.0000,12916.6667,14554.6667,10071,11715.4286,22782187.0000,16406773.0000,110990,102618,12028.6667,10650.3333
2026-03-03,13300,15824,5669,6681,6740,8143,-6282465.0000,-7424552.0000,44878043.0000,50402610.0000,13060.9667,14520.0667,10079.1429,11130.7143,42120275.0000,48663894.0000,108772,99204,11297.6667,10128.6667
2026-03-02,7996,8522,3467,3873,4095,3930,-1878139.0000,-77255.00,9276835.00,15900385.0000,13359.4667,14595.7667,11987.4286,11385.4286,12845664.0000,11044780.0000,104750,95398,12557,11109.3333
2026-02-27,10655,11740,4691,5202,5005,6128,-3597514.0000,-342048.00,12428285.00,24073213.0000,13330.9,14440.4,11532.4286,11302.4286,18910423.0000,15605487.0000,115193,103016,12162,10056.6667
2026-02-26,11735,13631,5052,5842,7095,5886,-748671.0000,-2338747.00,24258277.00,20914554.0000,13610.3333,14326.4,11057.8571,11297.5714,20775964.0000,22366040.0000,110532,99846,10763.6667,8937
2026-02-25,10938,12300,4922,5199,5645,6122,682251.0000,1224405.00,13358945.00,15083601.0000,14042.7333,14224.1667,11571,12544.5714,13759838.0000,13217684.0000,105475,98060,10574,9743.3333
2026-02-24,7497,10555,3429,3565,4123,5916,-68968.0000,-3568688.00,13371656.00,24656916.0000,14351.9667,14182,13602.2857,15596.7143,15729674.0000,20701894.0000,100782,95546,10490.6667,14362.3333
2026-02-23,8376,9436,3145,4865,3917,5018,-1743672.0000,-1560922.00,11858443.00,17002677.0000,14509.5333,14098.3333,15754.1429,17862.1429,13797667.0000,13614917.00,97733,91285,11065,14060.3333
2026-02-20,13357,11731,6095,6531,4961,5661,-7085923.0000,887223.00,9843595.00,37426035.0000,14826.5,14219.8667,15290.2857,17897.7143,26821618.0000,18410972.0000,127636,120112,11687,12412.3333
2026-02-19,21354,10305,8341,10934,3899,5769,-6449818.0000,-38662.00,8762746.00,39400290.0000,15231.9,14328.7333,14848.2857,18628.8571,25614157.0000,17848401.0000,124839,114646,15261.6667,10137.6667
2026-02-18,7470,11159,3089,3791,4989,5509,-544452.0000,716156.0000,11119008.0000,27376300.0000,15763.3,14464.7333,16734.1429,19815.8571,18689026.0000,17142418.0000,121601,112667,22182,14886.3333
2026-02-17,8413,13597,2972,4194,5729,6923,-3935424.0000,-3135707.0000,16438856.0000,27046990.0000,15973.7667,14486.4,16659.7143,19659.2857,19848273.0000,21261056.0000,116752,110194,26081,19895
2026-02-13,14530,21029,5909,7175,9390,10385,-4525801.0000,661836.0000,22301567.0000,48136540.0000,15665.7,13992.7667,16326.2857,19327.1429,36122941.0000,30127304.0000,128418,117971,23064.6667,18421.6667
2026-02-12,21716,31920,9354,11389,12516,13137,1040591.0000,-2131049.00,55704272.00,69300727.0000,15178.8,13180.0667,15634.2857,16994.2857,49313584.0000,55708474.0000,114483,113557,17565.6667,17269.6667
2026-02-11,23439,25294,11406,10660,10220,12724,6410594.0000,1446259.00,26335777.00,88519768.0000,14523.9333,12613.1667,15181.8571,16304.7143,51163165.0000,56448750.0000,106796,108209,15623.6667,16347
2026-02-10,10110,11980,3932,5578,5291,5564,-2416111.0000,-249821.00,12056627.00,33513199.0000,14395.3667,12517.1667,16492.7143,16620.7143,22112843.0000,19946553.0000,102382,104835,15797.3333,15607.6667
2026-02-09,18260,15423,9502,7604,5692,8286,9143912.0000,-3261089.00,16984481.00,64925106.0000,13876.6667,12197.9,17248.5714,18013.5714,31652342.0000,44057343.0000,96795,102326,16891,13586.3333
2026-02-06,20671,19468,9841,9680,7827,9666,-591736.0000,-738672.00,18157256.00,53782016.0000,13376.6667,11824.0667,15898,17473.1429,34997839.0000,33544775.0000,104724,109154,15598.3333,12320
2026-02-05,7892,12501,3340,4052,5006,6757,-1845460.0000,-2008669.00,13896761.00,28611244.0000,13383.8333,11609.4333,15341,16516.1429,22376297.0000,17959506.0000,101834,107964,18253.6667,16446.6667
2026-02-04,12196,18704,5629,5302,8221,8765,-4228400.0000,426840.00,18588081.00,55065006.0000,13285.7667,11334.9667,14789.7143,14785.2857,32899490.0000,28194970.0000,96119,105598,16749.6667,18810
2026-02-03,16872,15590,8061,7720,6480,7183,1390173.0000,2214671.00,17660015.00,56255652.0000,13027.5667,11107.1,14139.8571,14689.8571,33530400.0000,34592702.0000,90218,100707,19944,21036.3333
2026-02-02,20272,20467,10188,8814,5869,12662,3572707.0000,-4491251.0000,18591358.0000,65349086.0000,13008.2,11016.5,12123.8571,13501.1429,35192905.0000,43776863.0000,82953,94680,18350,18018
2026-01-30,19286,14192,8125,9169,5011,6958,-1241135.0000,-1271537.00,15737943.00,18472037.0000,12653.9,10780.7667,10420.8571,12907,13984734.0000,14015136.0000,91288,101168,15553.3333,12920.3333
2026-01-29,23551,25173,9578,12635,10264,12738,1839011.0000,-256287.00,19983928.00,43026574.0000,12168.4333,10246.6667,8230.5714,10871.2857,28281220.0000,30376518.0000,85543,94298,9358.3333,7849
2026-01-28,11217,15685,5530,4659,6388,7966,361062.0000,3064737.00,20377928.00,19693832.0000,12181.6,10495.6333,9146.5714,10742.8571,20033713.0000,17330038.0000,77865,89846,9104,8217.6667
2026-01-27,3993,5802,1959,1648,2269,3165,1123347.0000,-849886.00,7264555.00,10635466.0000,12523.9667,10613,10997.7143,11455.8571,7364116.0000,9337349.0000,76944,88735,11218.6667,8940
2026-01-26,8337,6588,3802,3782,2043,3684,2295270.0000,-1447886.00,8292051.00,21184728.0000,12661.2333,10652.0333,11206.4286,11526,11873492.0000,15616648.00,74261,84477,12367,8616
2026-01-23,12323,14922,4845,6491,4972,8632,-1673694.0000,-2522304.00,14200983.00,27488795.0000,12405.5333,10383.4,12320,10853,19315545.0000,19844155.0000,82216,91025,11034,7248
2026-01-22,6160,12146,2659,2841,3944,7159,202647.0000,325453.00,8546716.00,18395949.0000,12461.8667,10281.1,14855.7143,10436.8571,12401326.0000,12278520.0000,81148,89775,11914,11071
2026-01-21,7365,10033,3544,3273,2985,6368,1502970.0000,-1727770.00,11168375.00,23512529.0000,12545.3333,10204.2,16199.8571,10330.7143,14819700.0000,18050440.0000,76327,87928,12167.3333,14266.3333
2026-01-20,8219,10923,3694,3779,4813,5411,-373253.0000,860657.00,18485821.00,20521313.0000,13076.2667,10242.8333,16897.5714,9759.7143,20953928.0000,16520018.0000,71459,84932,10886,14792.6667
2026-01-16,17629,14786,4371,5066,5116,8298,836546.0000,1162628.00,8294856.00,117637534.0000,13286.3,10031.4667,17645.7143,9844.1429,27514925.0000,30242424.0000,116540,119786,9361,15622.3333
2026-01-15,16951,10793,8908,6694,4302,5497,454336.0000,940576.00,8230239.00,38163066.0000,13706.6,9995.9,20012.1429,10241,21156054.0000,19624454.0000,113412,118950,8841,17942
2026-01-14,9798,7079,4640,4604,2012,4291,1079212.0000,-1245994.00,4846391.00,23901613.0000,13645,10051.8667,21957,11406.7143,12121127.0000,14446333.0000,111701,118685,9578,20267.3333
2026-01-13,20118,10211,8883,9391,3891,5049,-988147.0000,-830585.00,9465778.00,36182557.0000,13185.1333,9846.9333,21186.8571,11983.2857,21003895.0000,20846333.0000,108636,115492,8483,17929
2026-01-12,23910,9233,10423,11150,3651,4338,-1921397.0000,21006.00,7603224.00,29483315.0000,13185.7,9736.2,18526.5714,11552.8571,17622603.0000,15680200.0000,105915,109897,10531,17581
2026-01-09,16774,9290,7139,7603,3088,5094,-2188250.0000,-436632.00,6602195.00,20891851.0000,13331.7,9739.2667,17145.8571,11302.7143,12609317.0000,10857699.0000,115574,122385,11958,23161.6667
2026-01-08,13103,6926,6630,5451,2774,3670,5804846.0000,1176883.00,6188599.00,24023553.0000,13477.5333,9731.3,15815.8571,11497.1429,11681784.0000,16309747.0000,112885,118714,14729,26598
2026-01-07,22866,15377,9237,11538,6073,7493,-5396229.0000,-340007.00,12810980.00,29478676.0000,13180.3,9503.4,13442.5714,10600.4286,21918410.0000,16862188.0000,108180,115670,14352.3333,23885
2026-01-06,33516,13571,14384,15848,4482,7581,1374269.0000,-720662.00,9759850.00,42535602.0000,12362.5333,9363.3,9040.1429,9496.7143,23165099.0000,25260030.0000,103352,105343,11902,14475.6667
2026-01-05,23412,15239,10454,11106,6536,7181,1959713.0000,1903222.00,14136189.00,41985675.0000,11738.3667,9041.7,6505.7143,8498.7143,24483638.0000,27781379.0000,99857,99302,9335.3333,9041.3333
2026-01-02,14727,14247,7411,5892,4482,7729,3932255.0000,-1678297.00,10186159.00,18782836.0000,11454.3667,8731.0667,5560,7329.4286,10540305.0000,16150857.0000,103669,99219,7348.6667,5396.6667
2025-12-31,5288,6220,2008,2946,2279,3036,-3598284.0000,-137774.00,3859432.00,11449707.0000,11528.9,8793.9667,6126.5714,7936.5714,8930301.0000,5469451.00,101767,98725,8308.6667,5718.3333
2025-12-30,7109,7539,3048,3443,2485,4300,-4726088.0000,-746307.00,4510607.00,20230737.0000,11581.7,8769.9333,6414.7143,8110.1429,13644218.0000,9733002.0000,99669,96792,7744,4248.3333
2025-12-29,3793,8287,1797,1682,2103,5521,-350836.0000,-21302.00,3297815.00,6947491.0000,11947.8333,8950.1667,8685.8571,9461.8571,5010428.0000,4680894.0000,96681,95738,7732.6667,4874.3333
2025-12-26,6253,9100,2914,2800,3348,5229,-1263964.00,-509619.00,3164807.00,5841136.00,12136.5,8877.4333,9029.2857,9179,4431175.00,3676830.00,102642,100217,6720,5492.3333
2025-12-24,2699,5845,973,1490,1426,3984,-1060908.00,-871920.00,2649042.00,4925538.00,12226.3333,8817.7667,9927.5714,9651.1429,3720587.00,3531599.00,101132,99516,8261.6667,7677.3333
2025-12-23,5671,8253,1986,3145,2545,5034,-742287.0000,81270.00,4226816.00,14498220.0000,12280.1667,8722.9,10776.2857,11779.8571,9389293.0000,8565736.00,98011,97984,8428.6667,8829
2025-12-22,8107,6062,3412,4108,2217,3355,-1360443.0000,-938395.00,4982638.00,9142654.0000,12306.7333,8890.8,11655.8571,12245.7143,6833908.0000,6411860.00,95809,93373,12324.3333,12690.3333
2025-12-19,9254,10470,3965,4500,4274,5257,-1354473.00,206016.00,9598146.00,15882604.0000,12283.8333,8800.8333,12113.1429,11858.4286,12470835.00,10910346.00,110365,112142,11207.6667,12491.3333
2025-12-18,9126,8754,4101,4350,3656,3719,714835.0000,-320060.0000,12106396.0000,10794189.0000,12317.4333,8772.2,11474,11588.2857,9457201.00,10492096.0000,110154,110672,11339.6667,12445
2025-12-17,19691,17749,8575,10011,8252,8318,1220961.0000,-1028085.00,28089402.00,30224547.0000,12048.7667,8640.5667,9782.4286,10349.4286,26775700.00,29024746.0000,105620,103177,13141.3333,9752
2025-12-16,8657,7120,3207,4799,2815,3315,-838365.0000,-746330.00,5369500.00,16093041.0000,12059.6333,8657.9,9955.5714,10436,9879435.0000,9787400.0000,104881,100967,13875.6667,11621
2025-12-15,8987,9150,3561,4751,4592,4083,-3043208.0000,-177130.00,8091321.00,13158990.0000,12096.4667,8715.1667,12121.2857,10854.8571,11583022.0000,8716944.0000,101704,98802,13412,12777
2025-12-12,11612,23154,4962,5461,8564,12616,-1300339.0000,-2397659.00,28330678.00,33353792.0000,12034.5667,8286.2667,13881,8753.5714,23134747.0000,24232067.0000,103691,103523,7981.6667,10457
2025-12-11,14264,9323,6296,7019,3804,4927,-535387.0000,-834737.00,8018624.00,54339120.0000,12967.9667,8966.3,16066.1429,8811.1429,30949689.00,29159039.0000,101201,100815,7899.6667,8319
2025-12-10,12455,7759,4775,6805,2576,4586,-118003.0000,-1131069.00,6637762.00,23124604.0000,13009.8333,9167.7667,15422.5714,8953.8571,13272660.0000,14285726.0000,99712,96726,7888.6667,7457
2025-12-09,4652,6863,2000,2328,2209,4024,-445632.0000,-69798.00,6262351.00,12901647.0000,13010,9133.8667,15661.1429,8553.8571,9160248.0000,8784414.0000,97563,96538,9628.3333,13955.3333
2025-12-08,7850,9077,3099,4334,3367,4850,-93652.0000,-224684.00,5461316.00,13010807.0000,12882.5667,9004.9667,17957.8571,8101.5714,8551461.0000,8682493.0000,94585,94021,9417.6667,19315.3333
2025-12-05,9869,7726,4420,4457,3373,3764,1975100.0000,14031.00,6984095.00,20211162.0000,12650.1667,8877.5333,19570,8338.1429,11642924.0000,13603993.0000,101951,102521,10084.3333,25879
2025-12-04,24147,12082,11590,10728,3174,7492,684854.00,-2329441.00,8387834.00,40311190.00,12002.9667,8792.5,18617.2857,7567.4286,21326199.00,24340494.00,98908,100395,8976.3333,20480
2025-12-03,23930,8445,10918,10450,3432,3962,-3870039.0000,568715.00,8049043.00,29096329.0000,11340.2667,8721.0333,17191.4286,7581,19311501.0000,13312747.0000,97805,97970,7515.6667,14610.6667
2025-12-02,29560,9726,14695,12684,4052,4819,5341669.0000,2003155.00,9679346.00,27871517.0000,10534.4,8610.6,14251.8571,7529.8571,15232771.00,19685885.0000,92409,91910,6244,12733
2025-12-01,7950,8758,3100,4127,3900,4133,-812714.0000,589750.00,4711622.00,15440796.0000,10693.1333,8661.1667,13785.7143,7077.4286,8900570.0000,7498106.0000,88973,89202,6452,17134.3333
2025-11-28,6322,4063,2465,3405,1633,2184,-1644372.00,-80782.00,1439039.00,6601830.00,10842.4333,8864.8333,13769.2857,7201,4373730.00,2810323.00,98855,96671,7326.6667,20853
2025-11-26,23927,5911,11312,11009,2512,2774,598226.0000,-117776.00,3873071.00,24415776.0000,10530.1,9126.6333,11426,7514.7143,12968267.0000,13684269.0000,96423,95542,8203,17527
2025-11-25,21154,9382,10345,9511,3929,4959,-656878.0000,249878.00,4724142.00,14070711.0000,10577.7333,9581.6333,9645.8571,7148.4286,9281059.0000,8374303.00,92885,91731,8198.3333,13470
2025-11-24,17478,6687,7767,8448,2937,3466,758581.0000,-154529.00,3754728.00,18049416.0000,10258.4333,9555.4333,9260,8149.4286,10266188.0000,10340198.0000,89569,83467,7833,9206.3333
2025-11-21,13949,8540,6549,6860,3019,4680,-1702368.0000,-187552.00,9141000.00,28612170.0000,10164.9333,9733.2,8969.1429,7917.7143,18284391.0000,15983175.0000,116499,109773,6629,6625.6667
2025-11-20,8983,9368,3783,3609,3926,5063,-195981.0000,-3391959.00,16271479.00,12437508.0000,10017.4333,9648.0667,8456.4286,7158.7143,11712276.0000,15445754.0000,115495,107883,6208.6667,6139.3333
2025-11-19,4687,5591,2222,2064,2030,3197,2486691.0000,-714693.00,3222299.00,11058024.0000,10371.0333,10055.0667,8827.7143,7132.4286,5179200.0000,8380584.0000,112912,107406,6617.6667,7474.6667
2025-11-18,6207,4928,2921,2970,2629,2039,156786.0000,1171542.00,6283623.00,10093373.0000,10392.1667,10307.6667,9213,8014,8293036.0000,7278280.0000,111628,106635,9539.6667,10331.3333
2025-11-17,7524,8107,3855,3076,3499,4172,287517.0000,-358931.00,4758887.00,9902890.0000,10387.3667,10298.0333,9362,7966,6610231.0000,7256679.0000,108186,103742,9143.3333,11794.3333
2025-11-14,8693,6818,3616,4485,3120,3295,197674.0000,116103.00,5217071.00,16044904.0000,10650.8667,10670.6,9567.8571,8119.8571,10200269.00,10281840.0000,114347,108121,8222.3333,10694.6667
2025-11-13,14777,13694,6492,7383,5634,7362,31050.0000,-1372627.00,13351116.00,17460425.0000,10540.0667,10638.8333,9118.4286,8135,13882690.0000,15286367.00,110935,106885,5460,8197.6667
2025-11-12,11913,6918,4952,6348,2628,3899,-2111263.0000,50500.00,3514533.00,16041884.0000,10339.2667,10646.2333,8699.8571,8238.1429,10157953.0000,7996190.0000,109662,102745,6853.6667,7194.6667
2025-11-11,5394,4055,2872,2234,1733,2055,1049880.0000,-598833.00,3141338.00,11261395.0000,10271.9667,10700.3,9371,9211.4286,6081385.0000,7730098.00,108811,100481,8092.3333,8252.3333
2025-11-10,7286,5407,4088,2857,2001,3080,1430431.00,-576672.00,3363716.00,13937089.00,10176.2,10727.6,9723.7143,9908.5714,7345134.00,9352237.00,107249,97729,8921.6667,9201.6667
2025-11-07,8904,11099,3861,4510,4161,6370,71497.0000,-3573224.00,18753013.00,12064159.0000,10046.3667,10536.3667,14489.7143,12569.2857,12802353.00,16509066.0000,117064,106864,9822,10110.6667
2025-11-06,8567,7771,3814,4299,2681,4500,-582173.0000,-1141130.00,7047660.00,17502096.0000,9943.8667,10538.8667,15224.5714,13431,11242121.0000,11801078.00,114916,104359,9778.3333,10249.3333
2025-11-05,10134,7895,4155,4787,3302,3901,-150325.0000,-43232.00,6444576.00,23247014.0000,9879.5333,10506.1333,14442.1429,13138.2857,12475360.0000,12368267.0000,114160,102151,10769.3333,10235.3333
2025-11-04,11631,13800,3755,7262,5124,7761,-4183117.0000,-1175672.00,10095928.00,16806274.0000,10245.9667,10464.6667,13355.8571,11911.1429,14140359.0000,11132914.00,108464,96806,9598.3333,9610
2025-11-03,8983,7640,3335,4762,3171,3709,-2070360.0000,327985.00,5832371.00,14391629.0000,10226.6333,10479.5667,12486.4286,11377.2857,10438092.0000,8222372.0000,105145,91500,16959.6667,20704.3333
2025-10-31,10092,10868,3863,5300,5100,4973,-3135985.0000,-40165.00,8456230.00,17325452.0000,10335.9333,10354.6,11720.5714,11186.2857,13389657.0000,10293837.0000,123572,103963,17938,21910.6667
2025-10-30,9755,10287,4450,4472,4403,5229,687687.0000,-634226.00,9772639.00,23523202.0000,10550.5667,10461.5333,10905.4286,10616.8571,14942783.0000,16264696.0000,121311,101320,16457.6667,20211.3333
2025-10-29,42266,29724,21221,18471,12813,14569,9947417.0000,-718548.00,29057472.00,108509154.0000,9902.8667,9813.7,5636.5714,7286.7143,59465213.0000,70131178.0000,110828,90050,8286.3333,7465
2025-10-28,13711,13803,5620,7204,5971,6845,-1456990.0000,-373512.00,10909201.00,22595880.0000,10036.5333,9520.2667,5493.8571,6782.7143,16205270.0000,15119737.0000,103900,83605,4986.3333,3860.3333
2025-10-27,4657,5846,2131,2112,2782,2608,-217444.00,705919.00,6814284.00,8453092.00,10194.4333,9452.1333,6371.5714,7400.8571,7553687.00,6630324.00,100982,81012,6214.6667,3885
2025-10-24,4027,5210,1763,2105,2442,2406,-1292834.0000,330630.00,5032735.00,8381266.0000,10246.7,9440.9667,7875.8571,8623,7184521.0000,5561057.00,109458,86152,6578.3333,3892.3333
2025-10-23,2897,3903,1406,1229,2097,1639,1171321.00,453164.00,5421715.00,8258667.00,10532,9581.4,10688.1429,11355.7143,5161680.00,5879837.00,108578,84918,7415,4721.3333
2025-10-22,4731,9531,2107,2165,5057,4190,1807.0000,1678599.00,9318841.00,7366811.0000,10646.1333,9459.2333,11140.7143,10837.1429,8827409.0000,7150617.00,106058,83325,7663,7381.6667
2025-10-21,4049,6301,1976,1948,3334,2645,236856.00,421432.00,6111234.00,6854291.00,10600,9392.1667,12154.2857,11918.8571,6341695.00,6174269.00,103173,81515,8953.6667,9632.3333
2025-10-20,5384,6413,2043,2997,3137,2974,-1677533.00,593425.00,7359735.00,11900193.00,10495.7,9348.6333,12036.2857,11976.1429,10315653.00,8044695.00,100754,78534,11404.3333,12690
2025-10-17,12712,10275,4413,5001,5566,4144,-2236469.0000,2562726.00,11781515.00,78989997.0000,10267.8667,9237.2333,12405.2857,13051.2857,31367500.0000,26625585.0000,120814,105594,15656.6667,15980.3333
2025-10-16,10801,10173,4519,5555,4646,4594,-1520425.0000,-751129.00,12418529.00,29790580.0000,10188.1333,9056.6667,11839.5714,13384.5714,20661718.0000,18010742.0000,118315,102451,14232.6667,15013
2025-10-15,14557,13765,7536,6031,6457,6649,1968334.00,-1767160.00,18432736.00,47305275.00,9811.1,8774,10814.2857,12535,28835863.00,31457904.00,112541,101419,14268.6667,13875.3333
2025-10-14,22583,23032,10092,11373,10786,10907,-3395428.0000,-272148.00,25000772.00,47626627.0000,9203.6667,8171.7667,9959.2857,11815.4286,36012735.0000,32889455.0000,103352,93603,8862.6667,7867
2025-10-13,7899,5901,4251,3200,2852,2668,1571612.00,776569.00,8057355.00,23312848.00,9272.1,8542.5333,10467,12792.5714,14690984.00,15486027.00,101861,90938,12829.3333,10332.3333
2025-10-10,11144,13873,4881,5073,7303,5928,1120834.0000,2441878.00,15357792.00,22328894.0000,9053.2333,8191.2,9716.2857,11830.7143,17219867.0000,15898823.0000,109006,96377,12373.6667,8898
2025-10-09,4558,6814,1975,2309,3215,3225,-795458.00,1268879.00,7014416.00,7985072.00,9000.2667,8078.0667,9547.2857,11668.2857,8079331.00,6014994.00,108550,95838,12708.3333,9838.6667
2025-10-08,15295,17801,6784,7642,7867,8970,548486.00,-256526.00,18044616.00,30957103.00,8660.7667,7691.3333,7992.7143,10014.7143,23000330.00,23805342.00,101460,91763,12773,10273
2025-10-07,6841,12506,3190,2545,5387,6669,1493215.00,-2087602.00,12960594.00,11618484.00,8548.3,7515.1667,7731,8994.1429,9417853.00,12998670.00,96769,91080,12851.3333,11810.3333
2025-10-06,7380,7818,3059,3451,3808,3471,-186754.00,843907.00,6974709.00,13639608.00,8894,7603.7,7461.2857,8998.1429,10102233.00,9071572.00,94444,89387,12625.3333,11313.3333
2025-10-03,16598,17995,8608,6693,8348,8593,3304443.00,2251866.00,15655650.00,33453209.00,8471.5667,7177.7,6262.1429,7415,22480074.00,23532651.00,94382,91067,8519.3333,6905.6667
2025-10-02,11453,12741,5538,5051,6282,5785,1334474.00,991529.00,10181450.00,18568514.00,8300.1667,6990.2333,7858,7388.5714,12921601.00,13264546.00,91462,86650,6347.6667,4559
2025-10-01,5889,7140,2747,2809,3120,3506,-688813.00,530832.00,7311176.00,11216376.00,8390.4,6970.1667,8217.1429,7523.8571,9100328.00,7880683.00,90601,85340,5755,4265.6667
2025-09-30,3375,5677,1358,1735,2621,2586,-58780.00,585994.00,5466521.00,6431538.00,8666.1333,6950.4,9645.1429,7729.8571,5838787.00,5194013.00,88715,84399,6478,4971.3333
2025-09-29,4413,6226,1733,2412,2424,3326,-408013.00,-11691.00,5406207.00,5399809.00,8954.3,7069.3667,11328.1429,8768.2857,5245473.00,4849151.00,86142,82399,6707,6235
2025-09-26,5009,5362,2303,2325,2423,2491,-78236.00,-135026.00,4389244.00,6150016.00,10022.4,7145.9333,13874.7143,9472.1429,4814705.00,4871495.00,91122,90414,9105,12106.6667
2025-09-25,5492,7846,2248,2953,3941,3434,935961.00,1398553.00,8129923.00,6535651.00,9987.6,7039.3333,15621.7143,9065.5714,7244037.00,6781445.00,89523,88701,9185.3333,13077
2025-09-24,8204,6913,3388,2480,3038,2520,1744621.00,124132.00,5365118.00,10807332.00,10006.9333,6976.6,15791.7143,8621.1429,6214212.00,7834701.00,86222,89311,9254,14799.3333
2025-09-23,22624,12556,8694,12187,5797,6027,-46586.0000,101199.00,11984174.00,22100191.0000,9499.3667,6849.3667,13359,7523.8571,15973008.00,15825223.0000,81394,75644,9567,12656
2025-09-22,8403,8087,3652,3800,3746,3630,-377978.00,306354.00,8182543.00,13880492.00,9433.5333,6808.2,13795.1429,7528,10505183.00,9820851.00,78347,72583,10301,17466.6667
2025-09-19,13371,7119,6180,6622,3517,3214,-354501.00,540479.00,5101572.00,31202613.00,9371.9333,7148.3,13050,7349,17314305.00,17216525.00,102739,93069,9594.6667,18916.6667
2025-09-18,16194,13495,6669,5402,6237,6155,3362696.00,375824.00,7878960.00,27984812.00,9034.8333,7001.1667,11117.2857,6033.8571,13433875.00,16420747.00,98528,90217,6363.6667,16650
2025-09-17,22835,10289,10211,11353,4343,5110,-4671242.00,-17875.00,7371074.00,26798702.00,8779.2667,7239.6,8177.2857,5293.5714,18847040.00,13694473.00,94687,87771,4559,10903.3333
2025-09-16,17721,5000,8598,7941,2176,2560,-636026.00,538565.00,5868546.00,14961923.00,8767.9667,7680,6485.2857,5569.7143,10646905.00,9472314.00,92958,85104,5597.6667,8815
2025-09-15,9394,3802,4603,4042,1578,2029,859249.00,-420637.00,2630272.00,9756995.00,8682.8333,8067.5333,6344.5714,5706,5263918.00,6543804.00,92157,82543,6285.6667,8402
2025-09-12,5595,4875,2414,2720,1865,2636,638619.00,-222960.00,2947815.00,4797419.00,8699.7333,8195.8,6009,5764.5714,3216776.00,4078355.00,94331,85338,6090.3333,7425.3333
2025-09-11,11456,8116,5766,4942,4161,3435,1769647.00,1191808.00,8723949.00,11935222.00,8597.6667,8069.6,4995.2857,5314.4286,9317394.00,9895233.00,93272,83704,5087.3333,4358.3333
2025-09-10,8155,5866,3344,4002,2731,2827,475915.00,22210.00,8089516.00,5487342.00,8605.7333,8063.2,5252,6908.4286,6043080.00,6496785.00,92893,79446,5443,3599
2025-09-09,2665,4289,1071,1337,2485,1505,-274117.00,187487.00,3400335.00,3228974.00,8788.8,8111.9667,5525.2857,6771.8571,3133352.00,2671748.00,91549,78857,5598.6667,5513.6667
2025-09-08,2255,5107,830,1220,2730,2140,-383555.00,12633.00,5997944.00,2494310.00,9235.8,8181.7,5627.2857,6530.8571,4314067.00,3917879.00,89468,78303,5658,5844
2025-09-05,5877,6933,2945,2477,2940,3652,-10142.00,-896889.00,5874294.00,3436927.00,9339.6333,8201.1667,5517.7143,6426,3969236.00,4855983.00,93853,85717,5002,5338.3333
2025-09-04,8409,4756,3375,4378,2060,2458,-282010.00,-861886.00,3178258.00,3725710.00,9908.9667,8345.8333,4811.7143,6778.1429,2942278.00,3522154.00,92489,82075,9091.3333,5852.6667
2025-09-03,3246,5285,1361,1677,2684,2220,-241256.00,394675.00,4269226.00,2492323.00,9960.9,8313.4,6883.8571,7519.4286,3474188.00,2838257.00,90088,81505,8440.6667,6296.6667
2025-09-02,4360,4965,1655,2279,1865,2595,-71156.00,-958568.00,5175367.00,4163433.00,9977.8333,8317.0667,6821.7143,7555.1429,3861946.00,4753251.00,89042,80912,7925.6667,5833
2025-08-29,9952,17024,4360,4593,8864,7120,191183.00,1122409.00,11804789.00,5379905.00,10337.7,7937.6333,6301.5714,6139.8571,8560230.00,7629004.00,90850,88843,4317.3333,4219
2025-08-28,4578,3333,1826,2580,1305,1775,-867860.00,-515517.00,2603500.00,5407464.00,10894.4667,8050.9667,6875.5714,6597.7143,3973416.00,3621073.00,89670,87874,5613.3333,3848.6667
2025-08-27,2969,3420,1220,1419,1702,1378,67639.00,278062.00,2013197.00,2052775.00,11269.5667,8131.4,8115.2857,6835.4286,1923712.00,1713289.00,88293,87119,7964.6667,8776
2025-08-26,5110,6199,2383,2212,2777,2717,82233.00,-156771.00,4940874.00,3877814.00,11252.6667,8063,9250.7143,7349.1429,4068230.00,4307234.00,86766,85872,7636.6667,8381
2025-08-25,3467,7221,1262,2017,3563,3317,375793.00,-744193.00,5130285.00,3451360.00,11312.4,7999.1,14048.5714,7411.7143,3559312.00,4679298.00,85173,84878,7602,9329
2025-08-22,17751,10474,8445,7575,4166,5375,1818590.00,-93393.00,6599951.00,14557996.00,10996.9333,7866.7,12148.1429,6579.4286,8996637.00,10908620.00,87460,85569,6290,6277.3333
2025-08-21,3925,5215,1786,1877,2632,2238,-9373.00,23014.00,4593413.00,3814466.00,11327.8,8093.3333,12842.2857,6553.1429,3912431.00,3880044.00,86461,84899,6246.3333,8851.3333
2025-08-20,6311,7117,2601,3246,3027,3655,-785398.00,655403.00,6182816.00,5363605.00,11848.2667,8172.3667,12997.4286,6784.8571,6069496.00,4628695.00,84853,83817,7139,11100.3333
2025-08-19,8596,6538,4549,3337,2833,3084,998546.00,-120980.00,4596726.00,6110898.00,11684.3,8068.2667,12687.7143,6829.7143,4441333.00,5560859.00,82867,82736,7512.6667,20585.6667
2025-08-18,11647,5084,6738,4239,2016,2733,673845.00,-912444.00,4656523.00,9662607.00,11488.8667,8091.9667,12670,8578,5593125.00,7179414.00,80819,77054,7367.3333,18186
2025-08-15,13058,9795,6072,6457,3687,5662,35627.00,-2381059.00,12024583.00,7406096.00,11267.0667,7915.3667,11673.2857,8476,8075707.00,10492393.00,98617,113333,5779.3333,16761.3333
2025-08-14,37052,7659,16589,18760,4198,3066,-2558239.00,767873.00,5097860.00,19671269.00,10355.1333,7870.2,8547,9873.5714,13631076.00,10304964.00,96033,98782,6139.3333,6876.3333
2025-08-13,4448,4648,2009,2105,2351,1862,110000.00,337988.00,4248183.00,3706349.00,10422.0667,7866.4667,10394.7143,11811.2857,3863123.00,3635135.00,94675,97167,6874,7536.3333
2025-08-12,8784,5031,4162,4123,2571,2212,368776.00,407120.00,4352110.00,5468161.00,10356.9333,7874.5,10117,13296.5714,4794650.00,4756306.00,93632,93322,10971,8449.3333
2025-08-11,7397,8739,2933,4033,4305,3361,-587644.00,2729259.00,9454460.00,5214147.00,10412.8667,7765.9667,9932,13294.2857,8567057.00,5250154.00,92154,90388,11085,8010.6667
2025-08-08,6428,6852,3442,2579,2854,3503,63353.00,-272661.00,3964579.00,6492211.00,10654.9667,7866.4,10212.8571,12934,4824704.00,5160718.00,106148,98888,14615,10924
2025-08-07,11523,17322,4342,4945,8302,7930,-2961807.00,-793774.00,12834273.00,10497858.00,10429.1333,7375.0333,9766.2857,11270,12054313.00,9886280.00,105770,95072,14911.6667,12877
2025-08-06,6081,9081,2695,2952,3872,4592,-147871.00,247315.00,4969000.00,4424938.00,10535.5333,7266.5,10062.8571,10794.4286,4648199.00,4253013.00,104338,93622,17027.3333,13130
2025-08-05,15168,17442,6966,7200,6956,9485,448880.00,-401214.00,8615162.00,13388851.00,10272.1,6819.3,10133.8571,9331.1429,9963791.00,10813885.00,100374,91786,14121,10108
2025-08-04,17382,18212,7412,8149,7064,9728,67761.00,-1732511.00,11127875.00,15959110.00,9890.3667,6314.0667,8935.2857,7803.2857,11589247.00,13389519.00,92026,83004,9493.6667,7112
2025-08-01,6840,15428,3090,3414,10143,4859,129018.00,2553493.00,10127414.00,7140100.00,9811.2667,5992.8333,11599.4286,6898.7143,9526046.00,7101571.00,91904,96603,6242.3333,7631
2025-07-31,6102,8723,2578,2803,3713,4590,-858814.00,203311.00,7432468.00,10055349.00,9734.1667,5980.8,11414,6268.5714,8747390.00,7685265.00,88986,96293,5252,8316
2025-07-30,8394,4330,3830,4112,1782,2200,1931566.00,-395646.00,2426924.00,8213045.00,9634.5,5994.2667,10910.2857,6375,3894626.00,6221838.00,88294,94144,6208.3333,10739.6667
2025-07-29,8397,5674,4225,3395,3181,2178,470115.00,427521.00,4502875.00,6361571.00,9537.3667,5958.2333,12674.7143,6370.2857,5059621.00,5102215.00,86438,91409,6822.6667,10938
2025-07-28,8157,5752,4513,3881,2638,2671,-1134187.00,231971.00,3412429.00,9890634.00,9380.2333,5891.2,14549.5714,6510.4286,6671622.00,5854464.00,84077,90125,7937.3333,16715.3333
2025-07-25,15665,7199,6393,6477,3308,3408,490829.00,911160.00,4958924.00,11359944.00,9140.3333,5867.5,14343.4286,6315.2857,7692542.00,7272211.00,88967,89414,6975,13095
2025-07-24,8992,7517,4240,4256,3311,3437,-3195.00,-510092.00,4861120.00,9691422.00,8981.3667,5762.4333,13716.4286,5833.8571,6542495.00,7049392.00,85823,85638,6161,11720.3333
2025-07-23,25489,9096,14484,9536,3486,4803,5798491.00,-1046057.00,5301595.00,19971424.00,8420.5333,5622.7333,10826.4286,5292.1429,8486482.00,15331030.00,81697,83262,5009.3333,10140
2025-07-22,4804,4312,2120,2279,1824,2076,-311255.00,-336684.00,2059853.00,4920105.00,8547.3333,5651.5667,11324,5605,3223359.00,3248788.00,79794,82122,5816.3333,15632.3333
2025-07-21,4868,5075,2785,1813,2078,2385,634687.00,-165000.00,2921242.00,4942717.00,8486.6667,5715.0333,12607.2857,6596.2857,3286680.00,4086367.00,77121,80015,6069,18750.3333
2025-07-18,20748,5641,4973,6433,2365,2883,-1718201.0000,-666681.00,3728069.00,76098281.0000,7877.7,5604.4667,12775.4286,7145.8571,15339385.0000,14287865.00,103376,101387,5571,13368.6667
2025-07-17,21281,6733,9916,9870,2948,3225,587944.00,-113279.00,4263586.00,20525068.00,7351.5667,5519.4333,10260.5714,6671.8571,10767081.00,11468304.00,101508,99804,5094.6667,8028
2025-07-16,14222,5833,6510,5792,2190,3270,-9757.00,-593914.00,3621020.00,12917815.00,7086.1333,5605.2667,9055.1429,6666.4286,7287801.00,7871958.00,99612,96826,5317.6667,6049.6667
2025-07-15,4603,4147,1740,2515,2170,1704,-872458.0000,149127.00,2470926.00,4618978.0000,7041.7667,5609.8,9312.4286,6716.4286,3766882.0000,2745297.00,98224,95918,7940,9132.3333
2025-07-14,5259,5304,1615,3202,2155,2740,-681472.0000,-1019199.00,3455409.00,5254889.0000,7009.8,5652.9667,9946,6859.2857,3648413.0000,3986140.00,96007,93525,9334.6667,14687.6667
2025-07-11,8287,6502,2686,5300,2884,3183,-719512.00,368108.00,3276147.00,7290964.00,6856.3,5509.0333,9684.4286,6578.4286,5582297.00,4494677.00,99696,100738,8305.6667,13151
2025-07-10,13851,12014,7420,5492,5720,5724,2420712.00,648295.00,7674692.00,12758205.00,6552.6,5286.9333,8681.4286,5615.2857,8915186.00,10687603.00,94524,95863,6232.6667,10462
2025-07-09,21925,9488,11010,8179,2819,5131,-458813.00,-984058.00,3333956.00,11544904.00,5964.6333,5099.1333,6845.7143,5043.1429,6714604.00,7239849.00,90096,84956,4569,5288.3333
2025-07-08,3677,3415,1981,1520,1373,1788,730649.00,-157826.00,1618120.00,4256589.00,5954.9333,5348.1667,8276.2857,5964.5714,2299906.00,3188381.00,88692,84648,5532,7294
2025-07-07,5784,5795,1971,3402,2813,2691,-826145.00,-413042.00,3365351.00,5262721.00,5870.9667,5290.8333,8128.2857,5505.4286,4310610.00,3897507.00,86431,82069,5112.3333,7518
2025-07-03,6404,4497,2369,3636,1988,1744,-350465.00,297100.00,3324963.00,6255931.00,5803.3333,5231.3333,8538.1429,5695.1429,4594754.00,3947189.00,88633,84071,5370.6667,7660
2025-07-02,9694,6304,4157,4743,2453,3313,-110576.00,-258776.00,4278085.00,11820403.00,5590.9333,5122.9,8191.1429,5369.7143,7394806.00,7543006.00,85589,80817,5097,7453.6667
2025-07-01,6456,4536,2932,3150,2183,2040,1016325.00,169243.00,2172655.00,8477591.00,5661.2333,5146.0333,8116,5158.1429,4616817.00,5463899.00,83633,79269,6873.3333,9865.3333
2025-06-30,6830,5272,2936,3552,2464,2586,-308528.00,-529196.00,2393846.00,6301794.00,5645.3667,5169.7333,7778.4286,5232.2857,4024965.00,4245633.00,80356,76992,5976.3333,9171.3333
2025-06-27,9075,5483,4118,4380,2580,2395,-233579.00,-95683.00,2858466.00,8009077.00,5576.8,5158.8667,7023.2857,5643.5714,5038572.00,4900676.00,83609,79293,6090.3333,9237.3333
2025-06-26,13691,9865,6884,5396,3980,5348,725579.00,-470718.00,4095512.00,9760300.00,5637.7667,5070.6333,5839.4286,4910.5714,5812729.00,7009026.00,78936,76088,4144,7095.3333
2025-06-25,4748,2581,2072,2403,1357,1025,-694966.00,238255.00,1482743.00,3743575.00,6210.6,5334.5333,5944.4286,5198,2960176.00,2026955.00,77839,75211,4302,7489.3333
2025-06-24,9273,5825,4686,4055,2830,2506,45867.00,498061.00,3819607.00,6797573.00,6093.2,5364.0667,5111.5714,4900.2857,5278811.00,4826617.00,75413,73289,4290.6667,5887.3333
2025-06-23,7265,4026,2744,4197,1577,2150,-390704.00,-233068.00,1840850.00,4609769.00,6173.0333,5623.2667,5283.4286,5252,3124387.00,2966751.00,73559,70037,5736,4728.6667
2025-06-20,5930,3055,2255,3325,1491,1330,-606369.00,302479.00,1239969.00,4186336.00,6122,5736.2333,5039.5714,5439.1429,2987453.00,2078605.00,99624,102921,6295.6667,4553.3333
2025-06-18,4467,5791,2045,2093,2527,2974,-284490.00,61863.00,11307576.00,3298263.00,6096.8,5698.1,5639.1429,5312.5714,7000787.00,7172494.00,98778,102454,5896.3333,4892
2025-06-17,3789,8362,1384,2049,4297,3759,-638829.00,-2685923.00,18024052.00,4260926.00,6171,5591.5,6327.5714,4857.5714,9832752.00,12058096.00,97452,101046,4356,4776.6667
2025-06-16,5404,4734,2448,2546,2513,2004,-35434.00,452235.00,3802854.00,4937148.00,6451.6,5806.8667,5991,5178.2857,4387456.00,3899787.00,95411,99533,4940.6667,5798
2025-06-13,5483,4593,2851,2381,2484,1874,-246713.00,193178.00,1895771.00,4155500.00,6938.8,6121.5667,5561.8571,4854.1429,3069406.00,2629515.00,98564,101135,4864.6667,5378
2025-06-12,3443,3741,1306,1890,1856,1551,328680.00,556041.00,2721947.00,3050965.00,7303.8333,6462.0333,5855.2857,4917.1429,2645392.00,2418031.00,98178,100798,5252.6667,7118.3333
2025-06-11,8468,6488,4263,3752,3613,2587,5848438.00,442298.00,3601589.00,14535421.00,7495.4667,6836.7,5539.7143,5191.4286,6139481.00,11545621.00,96345,101450,4815.6667,7165
2025-06-10,4223,4365,1422,2578,1750,2313,-142419.00,-678506.00,3207755.00,2897647.00,7567.4667,6909.8333,5403.8571,5179.7143,2674654.00,3210741.00,94852,101459,5687,6773.3333
2025-06-09,8664,4905,3934,3890,2112,2008,175315.00,531877.00,4268619.00,6053999.00,7459.5333,6947.1667,4780.4286,5421.7143,4374880.00,4018318.00,92914,98305,4826.6667,4711.6667
2025-06-06,8608,5177,3500,4257,2368,2480,559928.00,-72888.00,2344948.00,5703771.00,7468.2667,7215.3333,4076.7143,4994.1429,3410589.00,4043405.00,97394,100707,4495,3674.6667
2025-06-05,3048,6979,1204,1591,5147,1691,-113093.00,4786332.00,11161021.00,2255659.00,7591.1333,7269,4318.4286,4761.5714,11532585.00,1654760.00,96180,100067,4971.3333,4745
2025-06-04,2479,2324,1108,1267,637,1548,-482666.00,-2110139.00,3009343.00,1670724.00,7670.5333,7404.8333,4576.5714,4980.1429,1474588.00,3102061.00,95203,99384,5624.3333,5009.3333
2025-06-03,5497,4182,2686,2571,1665,2247,1510105.00,-2657771.00,7403393.00,3914742.00,7731.2,7592.0667,4275,5937.8571,3284394.00,7718897.00,93910,97949,6430,4610.3333
2025-06-02,6259,8408,2152,3875,2880,3988,-560359.00,-3933646.00,16827292.00,5128894.00,7706.7,7456.8333,3847.2857,5318.8571,8582630.00,12321317.00,90641,95257,4355.3333,3751.3333
2025-05-30,3272,4283,1142,1900,2271,1733,-483132.00,1510356.00,4646952.00,2753726.00,7766.6,7618.8,4004.8571,5094.4286,4400966.00,2407478.00,93419,97832,4711.3333,4240.6667
2025-05-29,4300,6599,2321,1842,1448,4416,595660.00,-5786229.00,18991910.00,3934701.00,7824.4,7545.5667,3865.1429,4587.5714,3031752.00,17835341.00,92380,96359,3796.3333,4236
2025-05-28,3682,2184,1024,2503,1086,926,-1509961.00,42124.00,1124837.00,4143774.00,7889.8333,7685.6,4562.7143,5022.7143,3265393.00,1713308.00,91702,94932,6697,4137.3333
2025-05-27,4740,5351,2210,2086,2072,1859,360382.00,-343968.00,4375282.00,3461931.00,7900.0333,7727.6,4793.2857,5113,3159746.00,3864096.00,88926,92462,6271.6667,3645.6667
2025-05-23,4286,3854,1735,2223,2021,1603,488967.00,2298818.00,5607703.00,2774065.00,7941.8,7768.4,5183.5714,5299.1429,4975403.00,3165552.00,91508,97017,5891,3675.3333
2025-05-22,3386,10886,1560,1556,4322,5502,236358.00,-4170346.00,29710714.00,2498788.00,8323.2667,7685.5333,6917,4775.1429,11610866.00,19955710.00,88500,95729,3279.3333,3654
2025-05-21,3265,4075,1101,1984,1348,2490,-261411.00,100542.00,3176356.00,2133246.00,8637.3,7875.2,9583.8571,5692.7143,2701167.00,2339214.00,87567,95473,3664.3333,5420.6667
2025-05-20,4375,2712,1548,2528,1191,1287,428528.00,842986.00,3300809.00,3961271.00,8943.0333,8117.3,9780.4286,6264,3680838.00,3266380.00,86616,93622,4754.6667,6080.3333
2025-05-19,3322,3051,1393,1811,1471,1446,248469.00,2051623.00,3546527.00,2487441.00,9187.4667,8447.4,10685.8571,7514.1429,3817602.00,2014448.00,85618,92651,5456.6667,7312.3333
2025-05-16,8565,5230,2845,5059,2461,2237,-629047.00,236071.00,5311351.00,6509101.00,9191.9333,8688.3,10090.7143,7687.5714,5949693.00,5084575.00,99422,125649,6119.3333,9630.6667
2025-05-15,6354,5983,2217,3864,3912,1954,952222.00,2659471.00,11575955.00,5318320.00,9093.1,8565.0667,9713.1429,7496.7143,10009318.00,6647069.00,98659,126146,7624.3333,14823.6667
2025-05-14,7018,5157,2708,4070,2208,2759,-2833573.00,-1329548.00,5540230.00,7065647.00,9043.9667,8496.6333,9569.8571,7497.7143,6926076.00,5422051.00,97736,123458,8142.3333,14401.3333
2025-05-13,15520,7218,7651,6651,2708,3997,-735041.00,-123179.00,3580611.00,13909182.00,8654.7,8391.7667,9327.2857,8065.8571,8549386.00,7937524.00,95316,119809,9670.3333,12448
2025-05-12,21933,10498,10026,10868,4695,4971,-437488.00,-751057.00,9396480.00,15018334.00,8201,8179.9667,9065.2857,8571,10818526.00,11132095.00,91465,114214,8319,6603.3333
2025-05-09,5751,6711,1957,3444,1917,4446,-420077.00,-8863292.00,12632882.00,2487748.00,8160.2,8052.1667,10300,9605.8571,3202106.00,11645321.00,94399,118552,7631,5923.3333
2025-05-08,9660,11802,4894,3765,4388,6499,228431.00,-8345272.00,38008609.00,7712819.00,8069.0667,7750.2333,10951,10452.4286,15927826.00,25766309.00,92944,115633,5418.3333,4708.3333
2025-05-07,4399,6444,1591,2472,2511,3440,-108243.00,-5055166.00,13922958.00,3214397.00,8127.8333,7600.1,11234.4286,10468.8571,5835669.00,10782592.00,91488,113954,7002,7849.3333
2025-05-06,3711,4647,1648,1823,2353,1966,403565.00,-1728783.00,7456917.00,3496230.00,8244.4667,7564.5,11479.4286,10665.7143,4174230.00,6306578.00,90632,112706,10131,13312
2025-05-05,6015,5164,3137,2504,2554,2282,930525.00,757068.00,11561279.00,4850506.00,8296.0667,7619.2667,11887.2857,11816.8571,7916889.00,8090346.00,89518,110270,13061.3333,16105
2025-05-02,13822,11195,5362,7592,5471,5238,-330265.00,155327.00,17325071.00,8104275.00,7975.2333,7411.8,10874.7143,11444.5714,12584304.00,12098712.00,98565,114341,15239,16236.6667
2025-05-01,20099,14034,7643,11779,6302,6414,-494076.00,767954.00,34989985.00,8656827.00,7443.0333,7037.9333,8697.8571,10353.8571,22146864.00,18950034.00,96832,104753,12747.3333,11664.6667
2025-04-30,14394,13955,5606,7558,5974,6812,-2435488.00,120416.00,18706310.00,11242260.00,7113.5333,6678.9,7686.8571,9760.1429,14466529.00,11910625.00,95257,103945,10104,8675.3333
2025-04-29,14217,17728,5224,7782,8020,7883,-2577564.00,862043.00,10530312.00,9806239.00,6821.8667,6207.7667,6445,7849.1429,10698672.00,7259065.00,85703,96344,8602,6893
2025-04-28,6383,6559,3708,2350,2548,3273,1328997.00,1873217.00,13527229.00,4353535.00,6802.1,6142.5,6257.2857,8218.1429,7112633.00,6568413.00,83682,93666,9278.6667,7010
2025-04-25,5426,6025,2853,2323,2542,2812,-97191.00,3054676.00,10548488.00,4296439.00,6846.5,6208.4667,6344.1429,7986.2857,7582733.00,4430866.00,85636,97866,9403.3333,6821.6667
2025-04-24,8870,13222,4329,3996,4958,5147,345380.00,2880473.00,64884467.00,5000209.00,6774.4667,5878,5883.4286,7009.5714,23560962.00,20961079.00,83724,95579,8262.3333,6304
2025-04-23,6734,8589,3064,3320,2409,4879,28603.00,-4036935.00,18858554.00,4168342.00,6923.5667,5781.1,5642.2857,6727,5685867.00,9751405.00,80675,93082,6849.6667,5900.6667
2025-04-22,4861,6399,1947,2719,2053,2509,-283511.00,-3074251.00,29775694.00,2636126.00,7439.3333,5721.5,5739.1429,6538.2857,6939729.00,9730469.00,79856,91089,7764,5970
2025-04-21,7317,9799,2838,3991,3462,4597,-1429844.00,-3445560.00,30997670.00,5515164.00,7564.1333,5646.5,6812.4286,6338.4286,9927000.00,11942716.00,79467,88461,5965,5542.3333
2025-04-17,5524,4351,2311,2836,2085,1961,-573783.5000,-667567.00,4803093.00,4503710.5000,7665.5,5640.4,7835.5714,7111.8571,4332484.5000,4426268.00,84379,106168,6643,5582.6667
2025-04-16,5069,9142,2509,2375,5895,3153,859963.00,-1688745.00,31349059.00,4112005.00,7812.6333,5489.7667,9046.7143,7230.8571,21413909.00,13705217.00,83185,104129,5799.3333,5575
2025-04-15,6034,4402,2903,3018,1437,2863,936365.00,-4693888.00,11471354.00,4504413.00,7968,5630.2,9706.8571,8452.5714,5102422.00,10732675.00,82918,101175,6024.6667,5410
2025-04-14,5645,6385,2336,2984,3875,2379,-21656.00,4175710.00,11212167.00,3756448.00,8118.5333,5671.7333,10143.1429,9320,9469747.00,5272381.00,81453,99059,6696.3333,8471.6667
2025-04-11,5046,6611,1753,2591,2836,3410,201335.00,739420.00,10922833.00,3393552.00,8143.3,5615.6,9906.4286,8702.1429,6892198.00,6354113.00,84312,102727,7747.6667,11018.3333
2025-04-10,5539,5078,2723,2725,2491,2279,263353.00,1516442.00,10456554.00,4383428.00,8148.4333,5621.9,9907.1429,8420.1429,7018505.00,5765416.00,82727,102068,9380,13687.6667
2025-04-09,14830,8400,6801,7500,3467,4659,-1525084.00,-2713043.00,17330149.00,13828334.00,8191.1333,5487.8,8337.4286,7801.8571,14604301.00,15792260.00,80546,101141,10898,12296
2025-04-08,12686,9765,3954,8419,4240,5071,-2690001.00,-2459595.00,18266625.00,10335947.00,8083.0666666666666667,5425.8000000000000000,7714.0000000000000000,6998.8571428571428571,13992399.00,13761993.00,76094,95474,11795.3333333333333333,10967.0000000000000000
2025-04-07,13547,9975,6292,6645,3654,5814,-842702.00,-4136684.0000,26304355.0000,13032117.00,7907.3666666666666667,5422.3000000000000000,6425.4285714285714286,5984.8571428571428571,17203810.00,20497792.0000,72588,89537,9232.3333333333333333,7581.0000000000000000
2025-04-04,10655,12954,6344,3880,6273,5665,2586820.00,2201466.00,33630997.00,10300205.00,8027.7666666666666667,5415.7000000000000000,5892.7142857142857143,4526.2857142857142857,20116209.00,20501563.00,71886,89874,5949.0000000000000000,5877.3333333333333333
2025-04-03,8699,12457,3995,4166,4879,6893,-215086.00,-7299754.00,25370619.00,6337948.00,8280.3000000000000000,5186.3666666666666667,5530.2857142857142857,3023.8571428571428571,10974112.00,18920680.00,71948,88441,3154.0000000000000000,4258.3333333333333333
2025-04-02,3389,2286,1515,1664,1087,1050,-284266.00,-70169.00,1865356.00,2220906.00,8611.2000000000000000,5300.4000000000000000,6076.1428571428571429,3208.5714285714285714,2085113.00,1871016.00,71297,87457,3773.3333333333333333,5902.6666666666666667
2025-04-01,5544,3104,2706,2477,1422,1404,768802.00,378009.00,2902087.00,2734729.00,8810.0000000000000000,5389.7666666666666667,6364.5714285714285714,3737.5714285714285714,2453751.00,2844544.00,70022,85584,3697.6666666666666667,5563.6666666666666667
2025-03-31,3842,4072,1573,2001,1938,1831,-201095.00,-494223.00,6124302.00,2389408.00,8982.9000000000000000,5447.1000000000000000,6415.2857142857142857,3866.0000000000000000,3785346.00,4078474.00,68479,84157,3255.0000000000000000,6591.6666666666666667
2025-03-28,8322,4144,3162,3116,1715,2004,99439.00,-334893.00,3987864.00,5031659.00,9026.3666666666666667,5700.5000000000000000,5816.8571428571428571,3676.5714285714285714,3052822.00,3487154.00,70205,85225,2520.3333333333333333,5871.6666666666666667
2025-03-27,4527,2877,2089,2269,1507,1208,50473.00,322730.00,2368004.00,2919505.00,9182.0000000000000000,5838.6000000000000000,5814.2857142857142857,3720.4285714285714286,2634373.00,2362116.00,68932,82787,2754.3333333333333333,6766.0000000000000000
2025-03-26,6926,2744,2630,3829,1297,1255,-228570.00,-55992.00,2433896.00,3629940.00,9101.8000000000000000,5854.9333333333333333,5605.8571428571428571,3841.8571428571428571,2912660.00,2740082.00,68027,80398,4108.6666666666666667,6978.3333333333333333
2025-03-25,6162,1940,2166,3528,810,985,-789878.00,-347269.00,1871128.00,4321353.00,9051.3666666666666667,5990.4333333333333333,5552.7142857142857143,4222.0000000000000000,3164640.00,2722031.00,67236,76818,5119.0000000000000000,6323.3333333333333333
2025-03-24,7210,3579,3779,2882,1326,1861,70932.00,-189071.00,2538927.00,4832215.00,9060.3000000000000000,6087.8666666666666667,5488.1428571428571429,4854.1428571428571429,3271945.00,3531948.00,66265,73678,4865.3333333333333333,5297.6666666666666667
2025-03-21,7563,6807,3669,3420,2733,2592,3431207.5000,-18032.00,5805923.00,8092251.5000,9102.0000000000000000,6112.5333333333333333,5366.1428571428571429,4354.2857142857142857,4838423.5000,8287663.00,85449,93305,3657.6666666666666667,4279.6666666666666667
2025-03-20,4197,4971,2140,1880,2632,2149,126154.00,3082568.00,11010419.00,1848433.00,9246.9000000000000000,6138.0000000000000000,6367.5714285714285714,4455.8571428571428571,7811625.00,4855211.00,85063,91769,3198.6666666666666667,4703.0000000000000000
2025-03-19,4133,2818,2015,1745,1228,1464,-13093.00,-326769.00,2880464.00,3298808.00,9417.4333333333333333,6313.9333333333333333,8682.0000000000000000,4712.0000000000000000,2799461.00,3113137.00,84351,90322,3793.0000000000000000,5255.3333333333333333
2025-03-18,4509,3184,2184,2007,1364,1654,309089.00,-334581.00,2489664.00,2857195.00,9571.5666666666666667,6655.8666666666666667,9618.0000000000000000,5335.5714285714285714,2228490.00,2872160.00,83491,89018,5399.6666666666666667,6005.0000000000000000
2025-03-17,5467,3594,2531,2409,2068,1370,-454741.00,733369.00,2488708.00,3681096.00,9673.5666666666666667,6841.1000000000000000,10060.5714285714285714,5417.5714285714285714,3491087.00,2302977.00,82261,87534,5304.3333333333333333,6419.0000000000000000
2025-03-14,5790,4601,2894,2557,1305,2963,814451.00,-208021.00,3019870.00,3901803.00,9932.4000000000000000,7332.1000000000000000,10588.1428571428571429,5420.7142857142857143,2737732.00,3760204.00,83297,92273,5664.6666666666666667,8224.6666666666666667
2025-03-13,6758,8004,3407,2945,2893,4127,-2703476.00,-1766055.00,8866663.00,8913963.00,10128.0000000000000000,7671.7000000000000000,11150.5714285714285714,5508.0000000000000000,8930016.00,7992595.00,82416,92301,4533.6666666666666667,12750.0000000000000000
2025-03-12,6709,3308,3379,3032,1646,1394,1670473.00,470674.00,2321720.00,6581835.00,10087.4666666666666667,7716.4333333333333333,11643.714285714286,6125.5714285714285714,3568392.00,4768191.00,80842,90037,5947.3333333333333333,14200.666666666667
2025-03-11,11207,5682,5585,5043,3122,2294,1101170.00,1148135.00,6593165.00,11887945.00,9953.3333333333333333,7754.9666666666666667,10869.7142857142857143,6017.7142857142857143,9020277.00,8973312.00,79282,87874,5442.6666666666666667,13320.0000000000000000
2025-03-10,20334,4611,8752,10558,2698,1685,-794038.00,755718.00,3956929.00,14699850.00,9562.5000000000000000,7785.0666666666666667,8778.1428571428571429,6111.4285714285714286,9459948.00,7910192.00,77973,83337,5446.6666666666666667,9703.0000000000000000
2025-03-07,11061,7549,5632,4700,3632,3429,569902.00,1145583.00,6612915.00,9548857.00,9831.7333333333333333,7870.7333333333333333,9499.5714285714285714,5658.2857142857142857,8099184.00,7523503.00,80252,87554,5802.0000000000000000,9581.0000000000000000
2025-03-06,8565,4168,4073,4081,2097,1856,-545430.00,1334333.00,7846088.00,6977329.00,9816.5666666666666667,7877.2000000000000000,9625.1428571428571429,6192.1428571428571429,8140655.00,6260892.00,79003,85936,6956.3333333333333333,10113.0000000000000000
2025-03-05,9483,4623,4732,4184,1899,2442,-216772.00,470826.00,3606844.00,6368813.00,10308.1333333333333333,8250.3333333333333333,9452.7142857142857143,6941.7142857142857143,5049351.00,4361753.00,77992,83971,7057.6666666666666667,8881.6666666666666667
2025-03-04,10695,8615,4755,4146,4368,3681,400220.00,446012.00,14338922.00,7177761.00,10585.433333333333,8181.8333333333333333,9963.0000000000000000,7533.2857142857142857,9560344.00,9514552.00,75485,80603,5941.6666666666666667,7214.3333333333333333
2025-03-03,10161,7631,4191,5308,3510,3538,-496744.00,453731.00,8290154.00,6681693.00,10523.500000000000,8067.9000000000000000,10836.4285714285714286,7239.8571428571428571,7482582.00,6532107.00,74175,76772,4857.0000000000000000,9197.6666666666666667
2025-02-28,5789,4927,2638,2749,2136,2185,402866.00,1133326.00,4813208.00,3499140.00,10875.966666666667,8072.5000000000000000,11911.714285714286,7351.2857142857142857,4250021.00,3519561.00,77100,83212,5849.6666666666666667,10416.0000000000000000
2025-02-27,5693,5267,2424,2747,2989,2028,-204987.00,3407544.00,12173383.00,3371815.00,10910.500000000000,8090.2666666666666667,12742.428571428571,7425.2857142857142857,9356618.00,5744087.00,76731,83273,7384.0000000000000000,11277.0000000000000000
2025-02-26,16111,4377,6628,8322,1653,2522,-211580.00,125322.00,2864753.00,5354625.00,10703.200000000000,8134.4666666666666667,11730.714285714286,7627.4285714285714286,4145713.00,3808811.00,76319,80522,10177.0000000000000000,10662.3333333333333333
2025-02-25,9444,7905,4241,3890,3083,4232,1177477.00,188537.00,6762698.00,7716535.00,10613.666666666667,8167.7000000000000000,11756.714285714286,8176.1428571428571429,5378444.00,6367384.00,73856,77814,9401.0000000000000000,12939.3333333333333333
2025-02-24,8276,9870,3602,4094,2128,7336,17748.00,-2286177.00,8406247.00,5659889.00,10486.900000000000,8106.4333333333333333,11888.142857142857,7769.0000000000000000,5400745.00,7704670.00,68903,74914,8013.3333333333333333,14619.333333333333
2025-02-21,14267,12756,5593,7741,5478,6111,-1565892.0000,1170577.00,14573633.00,12143673.0000,10139.6333333333333333,7797.3666666666666667,10495.7142857142857143,6408.7142857142857143,13756322.00,11019853.0000,80579,95348,5689.6666666666666667,13699.666666666667
2025-02-20,16275,5577,6634,8641,2402,2665,175377.00,-337613.00,5764080.00,11949908.00,9828.8000000000000000,7908.5666666666666667,8834.8571428571428571,6469.8571428571428571,8220569.00,8733559.00,81490,90578,5761.3333333333333333,11284.3333333333333333
2025-02-19,13316,5707,6003,6550,2501,2563,460264.00,897801.00,4647054.00,10116978.00,9513.5000000000000000,7862.0333333333333333,8000.8571428571428571,6583.4285714285714286,7149899.00,6712362.00,79713,85849,7774.3333333333333333,10054.3333333333333333
2025-02-18,11508,5785,4805,4848,2006,3278,2115160.00,-2230644.00,6228935.00,12966723.00,9266.4666666666666667,7810.7000000000000000,7616.0000000000000000,6835.1428571428571429,5658436.00,10004240.00,79039,80491,8186.0000000000000000,9283.6666666666666667
2025-02-14,9029,5792,3513,4856,2531,2668,-37182.00,421587.00,3564814.00,5205508.00,9143.5000000000000000,7677.7000000000000000,7546.7142857142857143,6827.0000000000000000,4297260.00,3838491.00,82423,84305,7333.3333333333333333,7780.6666666666666667
2025-02-13,9626,11746,3904,5083,5230,5982,-337654.00,-2133544.00,26638235.00,5634790.00,8952.7666666666666667,7392.4000000000000000,7492.8571428571428571,6305.5714285714285714,13229256.00,18311086.00,82786,80880,5419.6666666666666667,6121.6666666666666667
2025-02-12,9196,7020,3712,4868,3294,3305,305992.00,167007.00,5610106.00,5067013.00,8757.1000000000000000,7290.1666666666666667,7483.8571428571428571,7223.0000000000000000,4979330.00,5118315.00,81547,79105,5247.0000000000000000,5549.0000000000000000
2025-02-11,4520,3234,1818,2344,1514,1373,-374732.00,196258.00,2693503.00,3275385.00,8694.2333333333333333,7381.1666666666666667,8056.2857142857142857,8068.2857142857142857,2978622.00,2407632.00,80716,77849,6684.6666666666666667,6980.3333333333333333
2025-02-10,4649,6005,1970,2367,2841,2798,-154121.00,-474978.00,3735502.00,2247558.00,8621.7666666666666667,7311.6000000000000000,9328.5714285714285714,9972.0000000000000000,2695814.00,3016671.00,79374,75597,6594.6666666666666667,8278.6666666666666667
2025-02-07,7478,6502,2740,4285,2985,2904,-880860.00,-904493.00,3685343.00,3511318.00,8564.7000000000000000,7243.6000000000000000,10064.0000000000000000,11642.000000000000,3372693.00,3396326.00,81312,80465,7126.0000000000000000,8869.0000000000000000
2025-02-06,8814,7547,4246,3773,3551,3233,-141997.00,633643.00,7961516.00,5874536.00,8457.0666666666666667,7159.1000000000000000,9589.5714285714285714,11228.1428571428571429,6385836.00,5610196.00,79481,78145,9091.0000000000000000,8975.3333333333333333
2025-02-05,8544,5735,3106,5006,2698,2684,-2577357.00,-409995.00,4391930.00,6791995.00,8348.3666666666666667,7353.7666666666666667,9395.1428571428571429,11385.7142857142857143,6416907.00,4249545.00,78456,74806,10229.6666666666666667,8969.6666666666666667
2025-02-04,9249,8096,4311,4211,3527,4003,-908014.00,2916852.00,11053064.00,5155884.00,8294.1333333333333333,7237.5333333333333333,9303.7142857142857143,11016.8571428571428571,9426349.00,5601483.00,77321,72443,13974.666666666667,10405.0000000000000000
2025-02-03,9133,13442,3895,4693,7118,5627,-809010.00,2275193.00,18957649.00,6583024.00,8206.8666666666666667,6951.4666666666666667,10733.0000000000000000,10542.1428571428571429,14171186.00,10036983.00,74558,68779,15558.000000000000,11569.3333333333333333
2025-01-31,8527,9151,2985,4979,4032,4469,-833052.00,272296.00,5188969.00,3344695.00,8128.4333333333333333,6744.7000000000000000,10673.4285714285714286,9858.0000000000000000,4640317.00,3534969.00,84366,78625,14057.666666666667,10558.0000000000000000
2025-01-30,13555,19331,5653,6925,8506,9452,-487484.00,-192504.00,15135671.00,7797477.00,7840.2333333333333333,6281.0000000000000000,12198.428571428571,9356.0000000000000000,11078431.00,10783451.00,85119,75592,9893.3333333333333333,8434.0000000000000000
2025-01-29,12626,18192,6990,4869,8889,7817,474279.00,1551179.00,10616385.00,9849600.00,7600.9666666666666667,5900.1000000000000000,13111.000000000000,7694.2857142857142857,10171186.00,9094286.00,73784,71372,5667.3333333333333333,7095.0000000000000000
2025-01-28,5493,4650,2307,2800,2123,2196,-227434.00,-294792.00,3992429.00,6307417.00,7567.1333333333333333,5841.8333333333333333,13512.428571428571,7631.8571428571428571,4842763.00,4910121.00,71976,69402,7490.3333333333333333,11643.3333333333333333
2025-01-27,7183,6838,3528,3245,3367,3122,215560.00,802244.00,5580617.00,7008854.00,7570.0666666666666667,5838.2000000000000000,14823.857142857143,7378.5714285714285714,6353399.00,5766715.00,69727,66086,6665.0000000000000000,11952.3333333333333333
2025-01-24,8609,5514,3493,4460,2510,2650,-967535.00,-142483.00,3400867.00,7272277.00,7582.3333333333333333,5810.9333333333333333,14555.285714285714,7419.4285714285714286,5451716.00,4626664.00,76195,71219,10099.3333333333333333,17159.333333333333
2025-01-23,19138,10119,9546,8469,3721,5322,-972181.00,-198902.00,5860759.00,17316250.00,7162.7666666666666667,5683.8666666666666667,13234.428571428571,6788.5714285714285714,11188366.00,10415087.00,72404,67008,8913.0000000000000000,17118.000000000000
2025-01-22,8110,4362,3771,3770,1735,2178,-341995.00,-302131.00,2793419.00,4902574.00,7042.7333333333333333,5639.1333333333333333,13041.285714285714,7437.1428571428571429,3629929.00,3590065.00,71322,64845,8863.3333333333333333,17182.333333333333
2025-01-21,24230,15817,11713,10959,6382,8386,1393550.00,-968232.00,12849310.00,17835350.00,6383.8333333333333333,5202.9666666666666667,10218.8571428571428571,6325.0000000000000000,13162433.00,15934215.00,64502,57649,5279.3333333333333333,14560.000000000000
2025-01-17,19014,6560,9527,8460,2231,3729,3259135.5000,-764317.00,4462886.00,35918837.5000,5852.1000000000000000,5114.4666666666666667,8052.4285714285714286,5885.5714285714285714,17711125.5000,21485178.00,97424,86771,5026.0000000000000000,10465.0000000000000000
2025-01-16,8303,4213,2648,5066,2016,1898,-844845.00,-53391.00,2025317.00,5724022.00,5731.7000000000000000,5126.9666666666666667,7859.1428571428571429,6557.0000000000000000,3977701.00,3186247.00,96054,84084,5522.6666666666666667,10994.6666666666666667
2025-01-15,16363,5065,6685,8686,2328,2205,-661372.00,360610.00,3313049.00,12514721.00,5370.3000000000000000,5057.6333333333333333,6072.5714285714285714,6449.2857142857142857,8202894.00,6880480.00,95001,75324,6801.6666666666666667,7793.0000000000000000
2025-01-14,6729,5800,3336,2855,2629,2634,392956.00,27845.00,3175918.00,5437896.00,5448.4666666666666667,5013.2666666666666667,5696.5714285714285714,6227.1428571428571429,3803956.00,4169067.00,92795,73900,7545.6666666666666667,7041.0000000000000000
2025-01-13,9892,5703,5126,4023,2279,3015,696954.00,-196793.00,4672992.00,5966230.00,5324.1666666666666667,4918.3666666666666667,5046.2857142857142857,5669.8571428571428571,4487152.00,5380899.00,90731,70173,6806.0000000000000000,5026.6666666666666667
2025-01-10,6758,8902,2419,3767,3823,4475,-423965.00,-646154.00,6991152.00,4569436.00,5559.9000000000000000,4801.8000000000000000,4638.5714285714285714,4853.4285714285714286,5290829.00,5513018.00,92911,71545,6809.6666666666666667,5090.6666666666666667
2025-01-08,4473,8032,1800,2400,5316,2457,-730601.00,6656655.00,16752218.00,8768134.00,5825.6666666666666667,4711.5333333333333333,4474.7142857142857143,4270.7142857142857143,19233605.00,5916259.00,92503,69894,5569.3333333333333333,4885.3333333333333333
2025-01-07,3849,3484,1656,1867,1665,1674,-869267.00,27063.00,2412832.00,6824007.00,6032.0333333333333333,4743.8000000000000000,4301.1428571428571429,4625.0000000000000000,4919870.00,4023540.00,90939,69097,5823.0000000000000000,4968.0000000000000000
2025-01-06,6950,8913,2854,3229,5716,2765,-730150.00,1306259.00,4242604.00,7870650.00,5953.1333333333333333,4612.5000000000000000,3661.8571428571428571,3911.4285714285714286,6856141.00,4819732.00,84873,67144,3452.6666666666666667,4431.3333333333333333
2025-01-03,3857,4311,1656,1911,1642,2154,365552.00,-420520.00,2485406.00,2681724.00,5992.8666666666666667,4572.8000000000000000,3934.5714285714285714,3933.0000000000000000,2066953.00,2853025.00,86334,69079,3078.0000000000000000,4447.0000000000000000
2025-01-02,4097,4245,2028,1724,1717,2296,324159.00,-376489.00,7230035.00,2850902.00,6018.7666666666666667,4532.2000000000000000,4147.1428571428571429,4042.5714285714285714,4445513.00,5254761.00,84538,68831,2980.6666666666666667,4190.0000000000000000
2024-12-31,5340,1802,2238,2747,930,730,-161974.00,-218021.00,1970700.00,2419033.00,6014.0666666666666667,4688.4333333333333333,4139.0000000000000000,5438.7142857142857143,2096439.00,2152486.00,84179,67418,4368.0000000000000000,3288.0000000000000000
2024-12-30,3904,3187,1765,1919,1471,1517,-229897.00,-178715.00,3048925.00,3077403.00,6035.5666666666666667,4716.2666666666666667,4670.1428571428571429,5641.8571428571428571,2784975.00,2733793.00,82811,66734,4611.6666666666666667,2811.6666666666666667
2024-12-27,3326,3953,1324,1727,2117,1605,-1052281.00,520410.00,4927076.00,3542616.00,6173.0000000000000000,4772.5666666666666667,5125.7142857142857143,5771.4285714285714286,4765059.00,3192368.00,85031,70638,4781.3333333333333333,3625.0000000000000000
2024-12-26,2634,5964,1056,1385,2085,3469,-144806.00,-4291532.00,14178992.00,1557773.00,6533.1666666666666667,4745.0333333333333333,5631.4285714285714286,5340.5714285714285714,4670291.00,10633997.00,83319,69937,4464.0000000000000000,4608.6666666666666667
2024-12-24,2475,3918,923,1444,1866,1624,-93759.00,-172441.00,5894566.00,2446284.00,6666.5333333333333333,4728.5000000000000000,5979.1428571428571429,5555.1428571428571429,3663065.00,3741747.00,81721,69611,7016.3333333333333333,5544.6666666666666667
2024-12-23,5766,4462,1962,3426,2068,2173,-446009.00,97510.00,4895095.00,4708088.00,6938.1333333333333333,5126.1000000000000000,5933.7142857142857143,5884.1428571428571429,4861200.00,4317681.00,80967,67673,7065.3333333333333333,6163.3333333333333333
2024-12-20,5585,5012,2341,2850,2451,2066,-198659.0000,263481.00,4859732.00,3830376.0000,6978.4666666666666667,5178.0333333333333333,5775.5714285714285714,5582.7142857142857143,4470188.0000,4008048.00,96729,79306,7014.6666666666666667,6473.3333333333333333
2024-12-19,5283,11575,1872,3029,4991,5522,-948006.00,-2261905.00,18299074.00,3906440.00,7259.7000000000000000,5237.1666666666666667,6059.5714285714285714,4890.4285714285714286,9411819.00,10725718.00,96650,77811,4139.0000000000000000,6770.3333333333333333
2024-12-18,7622,4609,3557,3436,2115,2188,-1008106.00,317763.00,5636709.00,8218025.00,7134.8333333333333333,5221.6333333333333333,6253.1428571428571429,4902.8571428571428571,6723881.00,5398012.00,98203,76763,4409.3333333333333333,5866.0000000000000000
2024-12-17,6515,4860,2869,3139,2177,2380,-1753463.00,25847.00,5502398.00,5295254.00,7063.3666666666666667,5292.0666666666666667,6258.2857142857142857,5109.5714285714285714,6080430.00,4301120.00,97294,75346,5044.3333333333333333,5510.3333333333333333
2024-12-16,6174,2948,2879,2792,1263,1446,126488.00,93527.00,2133385.00,4185926.00,7025.7333333333333333,5482.7000000000000000,6020.4285714285714286,5119.8571428571428571,2982705.00,3015666.00,96605,73798,5029.0000000000000000,4945.0000000000000000
2024-12-13,4909,5420,2090,2463,2406,2597,241935.00,867738.00,5080437.00,2691057.00,7052.1333333333333333,5551.0333333333333333,5956.7142857142857143,4735.8571428571428571,4074282.00,3448479.00,99994,79012,5465.3333333333333333,5732.3333333333333333
2024-12-12,5448,6765,1974,3150,2744,3576,-323390.00,-824853.00,8381847.00,2673987.00,7356.8666666666666667,6085.9000000000000000,5615.8571428571428571,4327.2857142857142857,5079984.00,5581447.00,100636,77934,4775.6666666666666667,6908.6666666666666667
2024-12-11,4478,2902,1677,2452,988,1704,-232021.00,-13653.00,2283159.00,3468285.00,7602.3000000000000000,6634.9333333333333333,5646.2857142857142857,4568.1428571428571429,2837097.00,2618729.00,100140,76865,5910.6666666666666667,7599.6666666666666667
2024-12-10,7271,6729,2622,4253,2990,3109,-799488.00,-484663.00,7955422.00,5332993.00,7506.6666666666666667,6562.6000000000000000,5396.2857142857142857,4033.2857142857142857,6598956.00,6284131.00,98857,75330,4674.3333333333333333,6679.0000000000000000
2024-12-09,8977,4696,4479,4076,2484,1897,479947.00,1019498.00,3174998.00,6694517.00,7343.0666666666666667,6607.6666666666666667,5410.1428571428571429,4000.8571428571428571,4987351.00,4447800.00,97450,73002,4019.6666666666666667,5174.3333333333333333
2024-12-06,6551,6307,2486,3687,2507,3344,405654.00,-454739.00,4081123.00,6040229.00,7259.3000000000000000,6612.3666666666666667,5354.7142857142857143,3507.8571428571428571,4439947.00,5300340.00,99217,75717,3219.0000000000000000,4011.3333333333333333
2024-12-05,4509,3020,1473,2352,1515,1305,35804,176762,2151044,4403063,7239.7333333333333333,6953.8666666666666667,6686.2857142857142857,3848.5714285714285714,3109416,2968458,98495,74675,3741.6666666666666667,4072.0000000000000000
2024-12-04,4463,2732,2391,1849,1067,1367,634787,-293692,1506653,5361988,7192.7333333333333333,7013.0000000000000000,7826.7142857142857143,4218.8571428571428571,2882502,3810981,97716,73477,3826.0000000000000000,4424.6666666666666667
2024-12-03,3062,3905,1239,1599,1633,1872,221337,-652978,2165817,5787833,7237.9333333333333333,7048.7000000000000000,8823.5714285714285714,4297.0000000000000000,3271508,4145823,96541,72487,4014.0000000000000000,6428.6666666666666667
2024-12-02,4691,4588,1434,1878,2000,2068,-270956,-447628,3161816,3003818,7474.5666666666666667,7035.6000000000000000,8808.1428571428571429,4352.1428571428571429,2811870,2988542,94266,70662,3436.6666666666666667,6919.3333333333333333
2024-11-29,5521,2985,2503,2745,1298,1501,294509,58407,1687052,4157682,7645.5333333333333333,7054.8666666666666667,8740.7142857142857143,4371.4285714285714286,2699349,2935451,96957,74647,4243.3333333333333333,9689.0000000000000000
2024-11-27,9074,4469,4168,4327,1991,1992,622230,16961,2816228,5321554,7603.2000000000000000,7057.5666666666666667,8140.7142857142857143,4165.4285714285714286,3438614,4043883,96345,74470,4528.3333333333333333,10813.0000000000000000
2024-11-26,6163,2856,2772,2908,1164,1478,-562041,-324491,1639019,4335631,7586.1666666666666667,7236.9666666666666667,8003.0000000000000000,4684.4285714285714286,2959860,2722310,95429,73656,5060.3333333333333333,12105.3333333333333333
2024-11-25,13830,5405,6185,6567,1994,2936,-39,151438,2864778,10761863,7482.2666666666666667,7485.5666666666666667,6677.1428571428571429,4486.8571428571428571,6404068,6252591,94060,71827,4916.6666666666666667,9023.0000000000000000
2024-11-22,12446,5324,5765,5800,2401,2455,-612171,-157367,3154631,6298603,7513.2333333333333333,7590.4666666666666667,5963.2857142857142857,4532.2857142857142857,4655267,4200463,96601,74763,4182.0000000000000000,6557.3333333333333333
2024-11-21,10040,4452,4442,4907,1805,2064,65181,667103,3203667,5232141,7330.6333333333333333,7599.5333333333333333,6448.8571428571428571,4630.2857142857142857,4233205,3631283,95075,73619,3707.0000000000000000,4835.3333333333333333
2024-11-20,4583,4974,2184,2162,2168,2664,203368,-605158,3498757,2980431,7481.0333333333333333,7625.0333333333333333,6719.2857142857142857,4408.5714285714285714,2740299,3548825,92786,72399,4212.0000000000000000,5040.6666666666666667
2024-11-19,5049,3120,2240,2406,1092,1877,-82642,-787443,2991142,2928450,7566.3000000000000000,7818.5666666666666667,7985.7142857142857143,6304.2857142857142857,2474128,3178929,91463,71460,4512.6666666666666667,4874.0000000000000000
2024-11-18,4874,3027,2196,2193,1075,1690,97662,82491,2948903,2841551,7669.2666666666666667,8003.8666666666666667,8260.1428571428571429,6810.4285714285714286,2738326,2753497,90111,69491,5384.3333333333333333,5732.3333333333333333
2024-11-15,5199,6489,1980,2715,2530,3539,-588969,-662517,8608813,3790827,7876.9333333333333333,8088.0333333333333333,9477.4285714285714286,7790.4285714285714286,5730483,5804031,113008,91488,4934.0000000000000000,8479.0000000000000000
2024-11-14,4549,4022,1883,2293,1412,2378,-46343,-1382721,4675215,3085213,7893.6000000000000000,8200.8000000000000000,9381.2857142857142857,7807.7142857142857143,3098851,4435229,113168,90807,4734.0000000000000000,9121.3333333333333333
2024-11-13,7449,5642,2722,4086,2538,2184,-625881,-310680,3338359,4508833,7837.0333333333333333,8230.8000000000000000,8941.5714285714285714,7997.8571428571428571,3824124,3508923,114079,90584,8316.6666666666666667,11276.3333333333333333
2024-11-12,13439,5138,5801,6760,2071,2876,-99338,-256742,4365661,7825743,7606.6333333333333333,8332.2000000000000000,7742.4285714285714286,8502.0000000000000000,5725122,5882526,112631,86193,8794.0000000000000000,9061.6666666666666667
2024-11-11,6476,3422,2544,3501,1412,1835,-305782,195690,2434970,4970074,7628.8666666666666667,8525.8000000000000000,7631.7142857142857143,9080.2857142857142857,3720139,3218667,112214,84292,12103.0000000000000000,11476.3333333333333333
2024-11-08,13914,16390,5707,7328,8694,6295,-1830029,1505563,13570610,9446454,7429.5666666666666667,8465.8000000000000000,7728.2857142857142857,9997.5714285714285714,12436476,9100884,118510,89654,8020.6666666666666667,8130.3333333333333333
2024-11-07,6795,6570,2719,3699,3108,3059,-862069,240439,3355899,5897654,7733.4000000000000000,8795.2333333333333333,8449.1428571428571429,11826.571428571429,4936992,3834484,117238,87808,8155.0000000000000000,7322.3333333333333333
2024-11-06,13720,13349,7089,5744,5152,7272,2123341,-638864,8598135,19693168,7767.9000000000000000,8632.9333333333333333,7118.0000000000000000,10570.8571428571428571,11958663,14720868,112738,84569,6594.3333333333333333,4430.6666666666666667
2024-11-05,3876,4143,1919,1752,1675,2145,1177884,69926,2998919,3602620,8373.6666666666666667,9032.9666666666666667,7145.5714285714285714,10843.0000000000000000,2577458,3685416,111522,83131,7703.3333333333333333,5039.0000000000000000
2024-11-04,4371,6973,1978,2089,2767,3769,-56404,-901821,6741048,4044483,8629.9333333333333333,9092.8666666666666667,7098.0000000000000000,10768.0000000000000000,4620057,5465474,110055,81789,12982.6666666666666667,8445.3333333333333333
2024-11-01,5045,8667,1902,2759,3747,4063,-182485,-529410,5699054,3198924,8852.4666666666666667,9358.7333333333333333,6937.5714285714285714,11424.8571428571428571,3892491,4239416,122491,90271,16551.333333333333,10710.6666666666666667
2024-10-31,5701,7470,2527,2733,3232,3697,633968,-472861,6677249,3288177,9289.7666666666666667,9555.5333333333333333,6559.2857142857142857,11001.4285714285714286,4230073,5336902,122467,89559,15581.000000000000,10277.6666666666666667
2024-10-30,14590,22811,5935,7535,8320,12653,-403669,-179601,11709066,6845250,9031.4666666666666667,9059.3333333333333333,5106.1428571428571429,8453.5714285714285714,8786869,8562801,115005,85540,9993.3333333333333333,6770.6666666666666667
2024-10-29,11841,19373,5399,4289,6800,6412,561630,2179869,12018760,6923377,8837.9333333333333333,8555.9000000000000000,5098.8571428571428571,6285.2857142857142857,8895279,7277040,102096,79150,5685.0000000000000000,4169.6666666666666667
2024-10-28,4402,4559,2017,2144,2186,1749,213981,-500741,4535215,5608828,8897.0333333333333333,8568.3666666666666667,5991.4285714285714286,6143.0000000000000000,4427666,5142388,100265,77396,8587.0000000000000000,4009.6666666666666667
2024-10-25,4069,6048,1852,1889,2429,3165,176447,-659457,3716395,3193276,9194.6000000000000000,8562.7333333333333333,6525.0000000000000000,5929.0000000000000000,2885194,3721098,106788,83589,8073.0000000000000000,3671.0000000000000000
2024-10-24,4038,6448,2207,1695,3192,3001,258642,875824,4792376,2713519,9212.7333333333333333,8516.8666666666666667,6755.5714285714285714,6184.7142857142857143,3964050,3346868,105703,82450,7582.3333333333333333,3797.6666666666666667
2024-10-23,3922,13265,2091,1641,3060,9774,124776,-2467029,6460328,3367726,9234.6666666666666667,8468.2666666666666667,7725.7142857142857143,6127.2857142857142857,3428833,6020638,99731,81397,4559.0000000000000000,6420.3333333333333333
2024-10-22,3053,4506,1340,1509,2223,1917,7887,321589,3075522,2558224,9275.6000000000000000,8454.9000000000000000,9200.2857142857142857,6693.7142857142857143,2800406,2486704,98976,80901,4244.6666666666666667,8952.6666666666666667
2024-10-21,4418,4976,1739,2372,2005,2710,-121535,-367866,3283657,2950759,9266.3000000000000000,8391.9666666666666667,9220.8571428571428571,6657.7142857142857143,2819539,3065870,96229,79506,4102.6666666666666667,10081.3333333333333333
2024-10-18,11790,4195,5018,6105,1618,2094,2754633,-186879,2459719,37442279,9090.1666666666666667,8494.3666666666666667,8835.8571428571428571,6878.2857142857142857,17870723,20925485,119225,99633,5450.3333333333333333,8035.3333333333333333
2024-10-17,10650,3563,4633,5267,1531,1725,-448796,615888,3171556,6035519,9004.5000000000000000,8667.9666666666666667,8401.1428571428571429,7644.4285714285714286,4893587,3828903,118362,98756,8550.3333333333333333,8056.3333333333333333
2024-10-16,7804,4550,3337,3877,1417,2540,-466447,-527963,2884811,7260570,8925.3333333333333333,8663.8666666666666667,8423.8571428571428571,8221.0000000000000000,4729552,4791068,117291,96601,9857.3333333333333333,9913.3333333333333333
2024-10-15,5652,8238,2159,3144,3010,4200,-1530913,-539550,5531613,8054940,9078.4666666666666667,8656.0666666666666667,9249.1428571428571429,8331.8571428571428571,6923555,5932192,115459,95716,8686.0000000000000000,9550.0000000000000000
2024-10-14,10713,12863,4920,5149,5801,6155,-598018,-576540,7924299,9418952,8944.2666666666666667,8422.3333333333333333,8440.0000000000000000,7552.1428571428571429,8308314,8286836,110232,94215,6311.3333333333333333,9010.6666666666666667
2024-10-11,13375,8471,6315,6178,3658,4019,301444,-90907,4220883,9817131,8804.5333333333333333,8314.2666666666666667,7351.0000000000000000,7276.5714285714285714,6293796,6686147,114237,97400,6463.0000000000000000,7088.0000000000000000
2024-10-10,4562,4724,1996,2229,2185,2188,271319,906710,3583973,3885518,8868.1333333333333333,8302.7333333333333333,7631.7142857142857143,7770.2857142857142857,3887864,3252473,113091,96191,7750.3333333333333333,8221.6666666666666667
2024-10-09,9095,5739,4011,4495,2314,3015,97652,401340,4448075,9450417,8734.9333333333333333,8257.4333333333333333,7352.8571428571428571,8269.0000000000000000,6848056,6544368,111855,92851,8842.0000000000000000,8999.6666666666666667
2024-10-08,7607,8926,2812,4313,4813,3585,-1422800,2016035,7597344,9244921,9042.3333333333333333,8332.1000000000000000,7399.7142857142857143,9078.1428571428571429,9740266,6301431,109125,91044,8335.0000000000000000,8147.0000000000000000
2024-10-07,7963,8586,3889,3297,4008,3814,-24227,1000918,6397296,7339017,9162.5666666666666667,8225.2333333333333333,8535.0000000000000000,10202.0000000000000000,6813186,5788041,106389,88726,7653.6666666666666667,7410.0000000000000000
2024-10-04,11429,9014,4839,5950,3541,4728,1451209,-691368,5139078,8884211,8971.7000000000000000,8197.5000000000000000,9010.1428571428571429,10125.7142857142857143,5636682,7779259,112357,90894,7375.6666666666666667,5776.0000000000000000
2024-10-03,5049,7405,2662,2201,3787,3250,2137047,813203,5325482,8264263,9004.4333333333333333,8142.7000000000000000,11438.714285714286,11374.1428571428571429,5885988,7209832,109856,89321,7984.0000000000000000,6474.0000000000000000
2024-10-02,5752,6542,2577,2866,3272,2891,-812139,-345662,5006639,7439580,8985.1666666666666667,8303.5000000000000000,12339.714285714286,11692.428571428571,5846163,5379686,106778,87366,10666.6666666666666667,7201.6666666666666667
2024-10-01,6527,8180,2790,2483,3574,3653,1210434,-322533,4408710,7014989,9015.5000000000000000,8221.3333333333333333,13081.714285714286,12901.428571428571,4674615,6207582,103709,84728,13424.333333333333,10329.3333333333333333
2024-09-30,7143,9230,2905,4016,4196,4185,-510653,-586806,6211018,10419708,9133.2000000000000000,8339.9333333333333333,14749.857142857143,13493.428571428571,7850415,7926568,99635,81269,13174.3333333333333333,12866.6666666666666667
2024-09-27,7935,14590,3593,3777,6914,6783,-333142,1856110,7764911,7646585,9193.9666666666666667,8313.0333333333333333,14593.571428571429,12541.285714285714,8444491,6255239,102566,87051,13692.333333333333,17571.333333333333
