date,call_volume,put_volume,call_volume_ask_side,call_volume_bid_side,put_volume_ask_side,put_volume_bid_side,net_call_premium,net_put_premium,put_premium,call_premium,avg_30_day_call_volume,avg_30_day_put_volume,avg_7_day_call_volume,avg_7_day_put_volume,bearish_premium,bullish_premium,put_open_interest,call_open_interest,avg_3_day_put_volume,avg_3_day_call_volume
2026-09-25,34725,15795,13646.0,10705.0,4358.0,9863.0,53021.00,-103655.00,779044.00,1824896.00,39582.9333,15263.1667,41680.8571,14989.8571,938565.00,1095241.00,256266,470858,9100.3333,18422
2026-09-24,15094,6770,6582.0,6432.0,3590.0,1956.0,-29493.00,29271.00,307014.00,1269825.00,39828.1333,15367.3333,44379,16141.2857,718006.00,659242.00,254430,470554,12187,31339
2026-09-23,16167,10881,4002.0,9896.0,2891.0,5709.0,-68823.00,-127065.00,595109.00,1754255.00,40348.2333,15275.8,45106.8571,17180.8571,997287.00,1055529.00,252439,470063,19246.6667,66969.3333
2026-09-22,24005,9650,11358.0,10666.0,2966.0,5366.0,-167633.00,-913082.00,1640362.00,2638235.00,41319.3,15322.8333,48503.2857,19353.8571,1506495.00,2251944.00,248292,460922,24056.3333,68267.6667
2026-09-21,53845,16030,21441.0,23481.0,6082.0,7932.0,-743062.00,-608875.00,1910622.00,8545507.00,41028.2,15944.7,42466.2857,18327,4500538.00,4366351.00,243482,442113,20532.6667,60885
2026-09-18,123058,32060,64970.0,45596.0,13261.0,16834.0,902223.00,-275810.00,1598938.00,6466389.00,39111.9333,15796.9333,27923.8571,15021,3061096.00,4239129.00,284352,576605,14789.3333,31192.6667
2026-09-17,27900,24079,15206.0,9599.0,6153.0,15403.0,273280.00,-1624577.00,2509559.00,1888272.00,38758.7667,15518.4667,30856.2857,13770.7143,1112641.00,3010498.00,277193,567741,12815.6667,28980
2026-09-16,31697,5459,12426.0,15592.0,2925.0,1969.0,-393030.00,35376.00,398232.00,1574945.00,38785.1667,15677.2,32306.4286,14343.8571,1141600.00,713194.00,275421,558997,19283,34341
2026-09-15,33981,14830,9715.0,18372.0,4937.0,6358.0,-408902.00,-290470.00,1565079.00,2062502.00,38777.6,15539.2667,35152.7143,15319.4286,1564774.00,1446342.00,267825,546266,17287,26876
2026-09-14,21262,18158,8139.0,11153.0,8678.0,8475.0,40347.00,-374940.00,3996344.00,1527329.00,39315.3667,15677.1,37672,13444.8571,2462629.00,2877916.00,265372,539252,14207,26875.6667
2026-09-11,47780,24861,18490.0,22385.0,9702.0,12111.0,384708.00,-75414.00,1031494.00,3961763.00,39761.9,15442.8333,35526.5714,10820.4286,1956933.00,2417055.00,270675,561734,11029,27091.3333
2026-09-10,11586,8842,4039.0,5430.0,4530.0,3018.0,-462045.00,114057.00,1044823.00,1314267.00,40846.3,15471.2333,37343,10969.5714,1293668.00,717566.00,269587,560218,11238.6667,37178.6667
2026-09-09,21261,8918,6203.0,8341.0,4119.0,4026.0,-231859.00,-93421.00,884366.00,2332387.00,41159.6333,15619.6333,41731.2857,12292.5714,1305990.00,1167552.00,268394,558758,15485.6667,48060
2026-09-08,48427,15327,26292.0,17033.0,5322.0,6959.0,1186570.00,-652601.00,1761222.00,5062204.00,40378.4,15345,41373.5714,13345.4286,2118215.00,3957386.00,263712,537832,12055.3333,44883.3333
2026-09-04,41848,9471,18139.0,12611.0,4454.0,3924.0,130150.00,-359119.00,884398.00,2301090.00,40769.2333,15554.7333,37619.7143,13501.7143,1071323.00,1560592.00,280449,559366,11061.6667,41854.6667
2026-09-03,53905,21659,24300.0,22221.0,7030.0,12007.0,152377.00,-726541.00,1868662.00,3853486.00,40061.2667,15151.2,36278,11733.8571,2054858.00,2933776.00,273763,548686,7137.3333,31986.6667
2026-09-02,38897,5036,21383.0,9827.0,1790.0,2254.0,-47685.00,-163860.00,903565.00,1807884.00,39564.5,15526.1,35437.8571,14338.4286,1057299.00,1173474.00,273069,535241,11518.3333,36347.3333
2026-09-01,32762,6490,16410.0,13153.0,2109.0,3565.0,2969.00,-200116.00,1009123.00,1901608.00,39660.4,16305.9667,43933.2857,16829.4286,1134333.00,1337418.00,271372,529692,16920.6667,40734.3333
2026-08-31,24301,9886,8945.0,12663.0,3146.0,5233.0,-263568.00,-247512.00,1332505.00,1576478.00,40908.0333,17399.0667,47344.5714,17456.4286,1254571.00,1238515.00,267652,519004,17147,37824.3333
2026-08-28,51979,18179,25120.0,20012.0,7258.0,6431.0,-217232.00,-126486.00,1068545.00,3128211.00,40472.2667,17389.0667,45422.7143,16584.5714,1862288.00,1771542.00,296768,554100,14182,35335.6667
2026-08-27,45923,22697,19965.0,16261.0,7629.0,12706.0,345284.00,-489474.00,2138837.00,4543122.00,40779.8333,17049.8333,45396,15447.7143,2139710.00,2974468.00,285661,546216,14372.3333,31033.3333
2026-08-26,15571,10565,5086.0,8055.0,4744.0,4146.0,-291745.00,144364.00,1852562.00,1399728.00,42206.5667,17589.9,47104,16334.4286,1588452.00,1152343.00,280874,543578,18826.3333,56586.3333
2026-08-25,44513,9284,25250.0,13950.0,3065.0,4787.0,585877.00,-199669.00,1402026.00,3101511.00,45678.5,18797.8667,47414,18687.8571,1545745.00,2331291.00,280598,532523,20490,57808.6667
2026-08-24,33016,23268,14071.0,14206.0,9855.0,11836.0,-235977.00,34403.00,2470738.00,2616042.00,46221.9333,18246.3667,46958.5714,17927.8571,2398118.00,2127738.00,266968,518410,16759.3333,59645.3333
2026-08-21,92230,23927,50942.0,29178.0,8285.0,12561.0,996128.00,-138523.00,1972576.00,6234676.00,44810.6,17652.8667,36990,15923.2857,3024954.00,4159605.00,300001,573320,13696.6667,44147.3333
2026-08-20,48180,14275,23422.0,20009.0,5078.0,6637.0,474747.00,-545561.00,1609751.00,3101708.00,44420.0667,17624.7667,34645.7143,15046.1429,1611081.00,2631389.00,299640,563562,14529,37263
2026-08-19,38526,12076,18028.0,16629.0,4928.0,5759.0,-498953.00,-141557.00,2355357.00,3703654.00,44095.4,17632.2,36733,14901.1429,2921304.00,2563908.00,297799,548077,19089.6667,39982
2026-08-18,45736,14739,24904.0,15797.0,10246.0,3257.0,419130.00,312592.00,1497682.00,3472721.00,43536.9333,17513.9667,36643.8571,17750.7143,2141905.00,2248443.00,291304,527936,20159.3333,34679.3333
2026-08-17,27527,16772,14771.0,9940.0,6214.0,8408.0,295384.00,-172136.00,1036604.00,1849207.00,43775.2,17229.7,42078.5714,19301.4286,1055735.00,1523255.00,285029,514633,17867,32987
2026-08-14,46683,25758,25788.0,15760.0,6695.0,15325.0,245181.00,-193203.00,1146536.00,2021843.00,43529,16890.1333,37881.7143,17868.1429,1150392.00,1588776.00,296402,540372,11992.6667,28016
2026-08-13,29828,17948,13110.0,13772.0,8789.0,6587.0,-348930.00,14715.00,2126020.00,2202635.00,43564.7667,16655.8667,38261.8571,16764.2857,2079033.00,1715388.00,288513,534346,9697,35785.6667
2026-08-12,22450,9895,10063.0,9622.0,4055.0,4309.0,84094.00,56538.00,1195465.00,1565309.00,44108.3333,16876.6333,39876.7143,16878.1429,1169339.00,1196895.00,286024,528734,17960.6667,43339.6667
2026-08-11,31770,8135,12823.0,13334.0,4277.0,2926.0,361920.00,-38121.00,1138063.00,5697108.00,43935.2,16970.6667,40680.2857,18900.7143,2465961.00,2866002.00,282831,517580,24458,54606.3333
2026-08-10,53137,11061,23960.0,21288.0,5117.0,4542.0,-267428.00,-37969.00,978179.00,5985129.00,43552.8,17119.1333,41828.7143,19868.1429,2939162.00,2709703.00,277735,500596,26012.6667,42662.3333
2026-08-07,45112,34686,19141.0,19413.0,12590.0,17215.0,-931811.00,-260709.00,2964182.00,3832244.00,42817.2333,16188.4333,41686.7143,16297.8571,3215587.00,2544485.00,300854,536102,17857.6667,38454.6667
2026-08-06,65570,27627,17814.0,37260.0,11762.0,13680.0,-1101009.00,-103025.00,3882497.00,4712005.00,41963.3,15644.3333,36699.7143,14261.1429,4500154.00,3502170.00,287750,521728,12212.6667,27849.3333
2026-08-05,17305,15725,7651.0,7046.0,7966.0,6155.0,327960.00,-3150.00,2511502.00,2160485.00,42150.5667,15463.4667,37797.5714,13027.2857,1977243.00,2308353.00,279098,520008,14402,34546
2026-08-04,32489,10221,24790.0,5215.0,4976.0,2951.0,1558972.00,178306.00,1192247.00,3212931.00,42738.1333,15686.8667,40809.5714,13819,1276065.00,2656731.00,275463,503304,16939.3333,44108.3333
2026-08-03,33754,10692,16878.0,11650.0,4565.0,5299.0,300421.00,-273589.00,1834104.00,3527511.00,42940.9333,16049.2667,40654.1429,13656.2857,2064685.00,2638695.00,271720,490212,16606.6667,47563
2026-07-31,37395,22293,18130.0,15791.0,7910.0,12459.0,-169404.00,-531918.00,1824434.00,3350622.00,42922.1667,16440.2333,38739.7143,12797.7143,2153233.00,2515747.00,290012,523890,13632.3333,45318.3333
2026-07-30,61176,17833,27564.0,27449.0,7924.0,8282.0,579706.00,4103.00,1360428.00,6890763.00,41938.7333,16267.9333,35091.5714,14519.5714,3389578.00,3965181.00,284418,497613,10050.6667,33256.3333
2026-07-29,44118,9694,21696.0,14310.0,4292.0,3839.0,-223907.00,-134791.00,1605321.00,2989805.00,41626.2333,16468.7667,37607.5714,19231.7143,1944453.00,1855337.00,281941,486915,12073.6667,36408
2026-07-28,30661,13370,14443.0,11090.0,7206.0,4600.0,60061.00,128515.00,1803225.00,4154664.00,42126.3,16897.0333,38785.4286,19875.8571,2374912.00,2306458.00,279711,475298,10801.3333,37076.3333
2026-07-27,24990,7088,12439.0,10599.0,3569.0,2782.0,988816.00,-74645.00,835477.00,3229252.00,42955.4,16941.3,43094,20651.8571,1327761.00,2391222.00,277149,469422,13866.3333,36744.3333
2026-07-24,53573,15763,22093.0,20733.0,7676.0,6015.0,-464486.00,41969.00,1124106.00,4577821.00,41832.6333,16617.8333,43779.7143,22223.8571,2602353.00,2095898.00,292828,499263,18574,30766.3333
2026-07-23,32666,9553,14292.0,12473.0,3763.0,4760.0,38579.00,-195471.00,1019188.00,6111121.00,42149.6333,16782.5,60351.8571,27362.4286,2571070.00,2805120.00,291388,495619,29616,40454.3333
2026-07-22,23994,16283,8943.0,12509.0,4148.0,10483.0,-713993.00,-289383.00,1571680.00,3360795.00,43467.7333,17083.2,63969.7143,25996.7143,2376629.00,1952019.00,285360,488567,30148,45425
2026-07-21,35639,29886,14477.0,16435.0,14072.0,13725.0,-595797.00,-98849.00,1498231.00,4884894.00,45310.5667,16904.2333,66005.5714,22601.8571,3097363.00,2600415.00,269045,481171,24359.3333,51928.6667
2026-07-20,61730,42679,24106.0,26334.0,24242.0,12990.0,-68547.00,1887126.00,3767820.00,6364411.00,44888.1,15900.1,62396.1429,18423.7143,5509554.00,3553881.00,249416,462630,19055.3333,50809.6667
2026-07-17,38906,17879,18436.0,15194.0,8932.0,6206.0,-292686.00,88982.00,1655660.00,2898114.00,44573.6667,15648.4333,60950.4286,17626.5714,2169806.00,1788138.00,278837,535982,28270,87398
2026-07-16,55150,12520,20282.0,21346.0,5138.0,6334.0,-221353.00,28467.00,916221.00,5177640.00,44332.8667,15895.5333,57212.1429,17436.8571,2663822.00,2414002.00,277225,517909,26337.6667,85454.3333
2026-07-15,58373,26767,24407.0,24944.0,11804.0,11580.0,-140236.00,98722.00,1396502.00,4859477.00,44420.6333,15450.2,53826.7143,14790.7143,2826886.00,2587928.00,263194,508068,19456,82626.6667
2026-07-14,148671,45523,66670.0,62284.0,18496.0,19703.0,-1070563.00,28906.00,3328719.00,13336970.00,42043.5,14705.8,38201.8571,10511.8571,7743856.00,6644387.00,234172,493244,8759,45224.3333
2026-07-13,49319,6723,20892.0,22269.0,3342.0,2446.0,-252523.00,50165.00,1097559.00,1649569.00,42041.1667,14857.7,35570.7143,11111.4286,1239817.00,937129.00,231916,469983,10617.6667,38380
2026-07-10,49890,6122,26364.0,19331.0,2194.0,2858.0,468642.00,5868.00,521499.00,2113342.00,42453.7667,15484.1333,33980.2857,12596.5714,952334.00,1415108.00,239838,461541,12307.6667,31410.6667
2026-07-09,36464,13432,7884.0,11054.0,5200.0,5589.0,-649579.00,-261152.00,1732413.00,2383187.00,44330.9,15842.5333,32567.7143,12242.8571,1667978.00,1279551.00,233051,442860,10578.3333,30814.3333
2026-07-08,28786,12299,9533.0,11272.0,6230.0,5059.0,-162663.00,-3922.00,1808039.00,1442188.00,45656.6333,16245.4667,34407.5714,12702.2857,1467435.00,1308694.00,226404,438908,11669,34318
2026-07-07,28982,11192,11978.0,14023.0,5608.0,3617.0,-1055194.00,116590.00,1349983.00,3010922.00,45968.6,16389,33559.4286,12069.8571,2498030.00,1326246.00,221569,428108,11578.3333,34957.6667
2026-07-06,34675,8244,15009.0,14478.0,3305.0,3482.0,-46109.00,-20210.00,795290.00,2509724.00,49232.8333,17005.6,34313.2857,12507,1376252.00,1350353.00,217882,415286,14336.3333,36318.3333
2026-07-02,39297,15571,18188.0,16283.0,8608.0,5255.0,-41489.00,292272.00,1782164.00,3286039.00,51333.2333,17205.6333,31974.1429,11753.8571,2502477.00,2168716.00,229033,435621,12798,32078
2026-07-01,30901,10920,13400.0,11239.0,4394.0,4409.0,20683.00,-130287.00,1255802.00,2294065.00,51842.3667,17766.4667,34719.1429,12611.4286,1403746.00,1554716.00,228945,429575,14329.6667,35666
2026-06-30,38757,16518,16515.0,15267.0,5229.0,7758.0,114035.00,124136.00,1032605.00,2840704.00,52419.2,18445.2333,34873.5714,13332.2857,1656109.00,1646008.00,219929,420030,11078.6667,30428.6667
2026-06-29,26576,10956,11714.0,11899.0,6137.0,3563.0,-227739.00,24610.00,1030846.00,2612657.00,53068.5667,18776.6333,36338.7143,16627.4286,1689696.00,1437347.00,215320,410366,11194.6667,34887.3333
2026-06-26,41665,15515,21582.0,12891.0,5824.0,7086.0,181023.00,-97117.00,1198883.00,3652987.00,52375.2333,18741.9333,34911.2857,16220.1429,1881104.00,2159244.00,228514,442646,9456,28640
2026-06-25,23045,6765,8872.0,11203.0,3598.0,1973.0,-133708.00,207228.00,704674.00,1908906.00,54913.9667,19615.1667,36582.4286,17499.2857,1300504.00,959568.00,226815,436526,12842,37663.6667
2026-06-24,39952,11304,18015.0,15642.0,4982.0,4666.0,-650276.00,116283.00,1089567.00,3923838.00,56379.6,20973,37398.2857,19629.8571,2537172.00,1770613.00,222027,430104,16262,37625.6667
2026-06-23,22923,10299,7213.0,13046.0,5430.0,3672.0,-690774.00,203902.00,1162608.00,3544644.00,57734.4667,21387.2667,41246.8571,19360.8571,2484038.00,1589362.00,216649,422499,24169.6667,42262
2026-06-22,50116,16923,20833.0,21749.0,7275.0,6913.0,-161899.00,89410.00,1455679.00,7641237.00,57289.7667,21566.9333,36928.8571,17808.8571,4056205.00,3804896.00,210881,406466,22750,36114.3333
2026-06-18,39838,21564,15689.0,17078.0,8225.0,11944.0,52240.00,63022.00,881376.00,5245668.00,58378.4333,21621.5,37262.8571,16798.7143,2696683.00,2685901.00,272424,628334,20801.6667,34416
2026-06-17,36832,34022,14064.0,15157.0,16431.0,15126.0,-138011.00,50219.00,1433771.00,3919049.00,58629.6333,20843.3667,41077.8571,15553.2857,2331935.00,2143705.00,271942,625770,18200.3333,37359.6667
2026-06-16,31673,12664,13544.0,13239.0,4655.0,4530.0,496552.00,-27910.00,933196.00,5544061.00,58832,20740.8,49542.2857,17246.5714,2380275.00,2904737.00,267283,620055,16784.3333,43423
2026-06-15,34743,15719,11565.0,18041.0,6934.0,7222.0,-799312.00,-197165.00,1004395.00,5570392.00,59153.3667,21385.4,51587,16794.5714,3113321.00,2511174.00,260270,610595,13564.3333,38472
2026-06-12,45663,26218,16805.0,21206.0,9017.0,14532.0,-444920.00,31192.00,1354570.00,4816533.00,59386.5667,21229.9,49274.1429,14524.7143,2968736.00,2492624.00,267997,635530,9656,37309.6667
2026-06-11,49863,8416,17706.0,16363.0,2744.0,4215.0,-717165.00,-120838.00,581093.00,5537946.00,58220.0333,21132.8333,48997.4286,16170,2818369.00,2222042.00,267618,630951,15285.3333,41867.6667
2026-06-10,19890,6059,7070.0,9595.0,2614.0,2323.0,-94006.00,78009.00,540808.00,2436569.00,58547.8667,21319.8,54871.1429,17219.7143,1301945.00,1129930.00,266080,628170,21438,65545.6667
2026-06-09,42176,14493,15857.0,19004.0,5702.0,6500.0,-1183218.00,-189124.00,1405430.00,8116588.00,58154.8,21372.5,59897,18462.2857,4715476.00,3721382.00,269352,630484,20792,67839
2026-06-08,63537,25304,18928.0,21710.0,12124.0,9169.0,-260362.00,220755.00,1665314.00,22666734.00,59478.5,21786.1667,57855.8571,16458.8571,3517320.00,3036203.00,259595,624069,15800.3333,56484.3333
2026-06-05,90924,24517,41708.0,31157.0,10886.0,11616.0,304849.00,261972.00,3947831.00,15493281.00,57468.5667,21278.2667,53762.1429,16515.7143,6116135.00,6159012.00,283429,637182,14272.3333,42151.6667
2026-06-04,49056,12555,23496.0,19486.0,4163.0,6869.0,565370.00,-67121.00,983697.00,6378662.00,57550.9667,21225.0667,60008.1429,18177,2675086.00,3307577.00,278450,623661,14556.3333,46135
2026-06-03,29473,10329,12656.0,12148.0,3718.0,5119.0,150392.00,-436857.00,1264610.00,5892015.00,57284.6667,21114.1667,65591.7143,20185.2857,2625803.00,3213052.00,277071,620842,18843.6667,62096.3333
2026-06-02,47926,19933,16936.0,24782.0,3701.0,13014.0,-2053464.00,-546627.00,1353988.00,11800544.00,56666.2667,20749.6333,64222.4286,19551.7143,6356809.00,4849972.00,271680,617518,15959.3333,62537.3333
2026-06-01,61006,13407,27672.0,21230.0,5421.0,6445.0,1348467.00,-164469.00,1346594.00,13955610.00,58175.4,20845.5,74450.4286,21456.7143,5426425.00,6939361.00,265110,601199,19795.3333,62958
2026-05-29,77357,23191,25981.0,41528.0,9709.0,11361.0,-1569149.00,-46056.00,1753773.00,9288499.00,56450.5,20342.9667,78015,21225.4286,5530432.00,4007339.00,281406,634141,20126.3333,68098.3333
2026-05-28,49249,11280,18374.0,24002.0,3848.0,5985.0,-1625667.00,-139549.00,813309.00,10755833.00,55592.8333,20424.7667,77575.8571,23577.5714,5886325.00,4400207.00,278189,624199,24495.3333,74534.6667
2026-05-27,62268,24915,28832.0,25869.0,11383.0,10263.0,588910.00,1245322.00,4601305.00,13567347.00,56952.7,20209.1333,76689.2857,25287,8298037.00,7641625.00,268059,616703,21356.3333,66559
2026-05-26,92778,24184,39159.0,35384.0,14289.0,7609.0,1223779.00,1214108.00,2316491.00,19092362.00,55472.5667,19906.5,70014.8571,24817.5714,8690605.00,8700276.00,256601,597394,22209,79833.6667
2026-05-22,68558,24387,30348.0,26418.0,8655.0,12216.0,373730.00,-570430.00,1692109.00,10236110.00,54795.9,19894.7667,63201.5714,23401.4286,4723349.00,5667509.00,281656,628597,21270.6667,91084
2026-05-21,38341,15498,16724.0,15560.0,7356.0,4073.0,288148.00,-76318.00,687222.00,5558948.00,54894.0333,20420.9667,71896.7143,25896.2857,2428480.00,2792946.00,280715,621480,25353,93695.3333
2026-05-20,132602,26742,58707.0,60880.0,9596.0,13954.0,-601246.00,221055.00,1967273.00,22050900.00,51884.5,20230.0667,64942.2857,29510.1429,11176654.00,10354353.00,273689,595782,28732.6667,68182
2026-05-19,102309,21572,59340.0,35368.0,9578.0,9694.0,1339509.00,-145018.00,1352478.00,9998335.00,49232.6667,20011.6,59408,29675.1429,4424354.00,5908881.00,270822,554207,28508,49431.3333
2026-05-18,46175,27745,22161.0,19398.0,19252.0,6098.0,828948.00,1304013.00,2165086.00,4941689.00,49182.2,19800.4333,58065.1429,28899.1429,3499541.00,3024476.00,255431,538671,24084.3333,40994.6667
2026-05-15,56062,36881,23028.0,26252.0,14330.0,15920.0,606050.00,132072.00,1865055.00,4288687.00,48289.2667,19464.8,60413.1429,26944.8571,2436181.00,2910159.00,292112,612691,22778,55376.3333
2026-05-14,46057,20898,19714.0,19403.0,10050.0,8270.0,-77782.00,807899.00,2128954.00,2740704.00,47664,19072.9667,60171.8571,25484.8571,2625000.00,1739319.00,285233,600634,33158.3333,67997.6667
2026-05-13,20865,14474,6417.0,11976.0,6870.0,5382.0,-456951.00,406971.00,1209936.00,1957413.00,48107.3667,18892.9,62583.1429,24786.7143,1867631.00,1003709.00,279659,596520,35909.3333,82232.3333
2026-05-12,99207,32962,53703.0,36119.0,16851.0,11199.0,1244309.00,280857.00,1979456.00,6421418.00,46622.7667,18254.9333,54751.2857,25086,3178799.00,4142251.00,279794,573679,32359.6667,61421.6667
2026-05-11,83921,52039,40306.0,33563.0,24882.0,22912.0,537220.00,281546.00,2431862.00,11462941.00,46031.9333,17952.6333,50285.2857,20730.8571,6161067.00,6416741.00,255184,553629,22747,57614
2026-05-08,63569,22727,29974.0,26987.0,11348.0,7543.0,1142855.00,-31606.00,1302040.00,6517544.00,44525.6333,17784.3333,43327.8571,18270.4286,2855158.00,4029619.00,280060,576783,18730.6667,51213.6667
2026-05-07,36775,22313,15449.0,17846.0,6504.0,13844.0,-831062.00,-949262.00,1790313.00,4535375.00,44788.3,17657.7333,42320.7143,16749.7143,2863936.00,2982136.00,266623,568563,14488.6667,51536.6667
2026-05-06,72498,23201,36232.0,24404.0,5111.0,15792.0,1322878.00,-101746.00,892520.00,8715915.00,43157,17238.9,36304.4286,15731.5714,3243094.00,4667718.00,262225,555013,18440.6667,42165.3333
2026-05-05,44368,10678,20187.0,19400.0,4514.0,4030.0,433502.00,83054.00,778872.00,5810723.00,43502.7333,17762.2333,44715.8571,19593.8571,2766513.00,3116961.00,259993,548324,22065.6667,44929
2026-05-04,37744,9587,20776.0,11953.0,4787.0,3149.0,594423.00,-82545.00,670599.00,2797036.00,43599.8,18431.3,43699,19550,1155235.00,1832203.00,256027,534145,20704.6667,37303.3333
2026-05-01,44384,35057,16809.0,22169.0,9900.0,22196.0,-997687.00,-407776.00,1177009.00,3321956.00,43258.2667,17617.9333,44719.5714,16107.4286,2260458.00,1670547.00,269532,564413,12908.3333,32417
2026-04-30,52659,21553,25489.0,18241.0,5818.0,13545.0,198671.00,-225435.00,681054.00,3393592.00,42808.1,17166.9,40266,14028.7143,1548362.00,1972468.00,258022,548533,11082,24992
2026-04-29,14867,5504,5627.0,7221.0,2084.0,2742.0,-205857.00,-5317.00,402455.00,1179544.00,43602.3,17260.1667,42338.4286,14527.7143,777980.00,577440.00,255970,545831,21818.6667,54452.3333
2026-04-28,29725,11668,7428.0,19727.0,4974.0,5700.0,-371081.00,-269581.00,720805.00,2005099.00,43400.7333,17442.5,53274.8571,15187,1280553.00,1179053.00,249484,542485,21022.6667,54752.6667
2026-04-27,30384,16074,9841.0,17028.0,6863.0,8119.0,-153068.00,60784.00,677415.00,2311181.00,44252.1667,17957.1667,52592.8571,14050,1417139.00,1203287.00,238635,529439,19317.6667,61800.6667
2026-04-24,103248,37714,49498.0,35524.0,17678.0,14233.0,795095.00,100952.00,1463894.00,9727607.00,41472.3,16909.2667,41203,10624.2857,4208948.00,4903091.00,258345,528938,9080.3333,34546
2026-04-23,30626,9280,10139.0,17717.0,3378.0,4479.0,-52809.00,101256.00,739461.00,2765152.00,41643.4,16882.4,51551.2857,11933.7143,1597583.00,1443518.00,256462,522850,8986,34128.6667
2026-04-22,51528,10959,24713.0,20837.0,3967.0,5513.0,879396.00,-70638.00,741348.00,5880202.00,40559.7333,16679.7,51100.7143,12526,2454272.00,3404306.00,252987,510146,10760.6667,52379.3333
2026-04-21,21484,7002,6794.0,11254.0,3699.0,2349.0,-565827.00,120868.00,345920.00,2444286.00,41610.8333,17182.5667,54925.5714,14959.2857,1493924.00,807229.00,249504,508135,11131.6667,53754.6667
2026-04-20,29374,8997,10617.0,15960.0,4158.0,3466.0,-177354.00,35222.00,389467.00,2541666.00,41655.1,18499.3,56627.1429,18143.1429,1374994.00,1162418.00,244822,497210,12710.6667,51803
2026-04-17,106280,16283,43735.0,32515.0,7394.0,4514.0,792170.00,41832.00,741704.00,21529590.00,39005.0333,18387.7333,47489.4286,18819.1429,3427942.00,4178280.00,296213,525525,13431.6667,50731
2026-04-16,25610,8115,13091.0,9260.0,2330.0,5043.0,212809.00,-220963.00,529697.00,1724425.00,39573.8667,18641.2,47081.4286,19805.2857,769526.00,1203298.00,293226,516104,15761.6667,58319
2026-04-15,23519,13734,9812.0,10572.0,6385.0,6646.0,64698.00,29163.00,503961.00,1747045.00,39347.4333,18425.9667,50101.7143,20901.8571,954461.00,989996.00,291024,507526,19195.3333,66565.3333
2026-04-14,103064,18446,41547.0,44891.0,7803.0,8325.0,-1120773.00,523668.00,1096197.00,9861319.00,37289.6333,18524.6,39560.2857,22097,5099467.00,3455026.00,284640,485203,23474.6667,45972.3333
2026-04-13,48374,15105,23458.0,17751.0,4349.0,8923.0,417880.00,-370275.00,1074575.00,3382596.00,36723.0333,19135.0333,36549.5714,21245.2857,1407588.00,2195743.00,278519,464144,25444.6667,43953
2026-04-10,48258,24035,25054.0,18510.0,10132.0,13013.0,105267.00,-447655.00,1240274.00,2414841.00,35876.3,18918.9,34536.4286,19107.7143,1374432.00,1927354.00,284585,504127,22439,35451.6667
2026-04-09,41285,31284,16918.0,18612.0,12406.0,17474.0,9729.00,-201736.00,792975.00,3094934.00,35512.1333,18195.0667,36448.4286,16613.2857,1568877.00,1780342.00,274160,497397,19147.6667,36577
2026-04-08,42316,21015,18689.0,18323.0,5211.0,4911.0,128113.00,-40306.00,987086.00,2819424.00,35493.9333,17728.2333,39859.8571,19749.7143,1447077.00,1615496.00,265693,487076,21080,32229.6667
2026-04-07,22754,15018,11052.0,9055.0,7959.0,2247.0,-46209.00,271813.00,752929.00,815050.00,35537.8,17442,39235,20129.7143,766583.00,448561.00,260312,478287,19121.6667,33744.6667
2026-04-06,44661,21410,22876.0,17666.0,10926.0,9502.0,28261.00,142696.00,878988.00,1677325.00,35131.4667,17651.6333,39234.1429,19716.1429,1219689.00,1105341.00,246918,460487,15009,30246.3333
2026-04-02,29274,26812,13522.0,9139.0,13161.0,8982.0,78049.00,-215163.00,677661.00,1009255.00,35041.7667,17114.6333,38417.7143,17405.2857,519139.00,812351.00,259741,512439,10679.3333,38711.3333
2026-04-01,27299,9143,13203.0,10250.0,1751.0,6501.0,221433.00,-122095.00,355991.00,1571300.00,34811.7,17090.6667,42337.8571,19867.4286,601264.00,944792.00,257439,506277,21955,51677
2026-03-31,34166,9072,19978.0,9116.0,4387.0,3733.0,373170.00,35015.00,2003045.00,1592656.00,35615.5333,17074.4333,43265,22808.4286,1470645.00,1808800.00,254935,491903,24823.6667,46415
2026-03-30,54669,13823,19865.0,29561.0,6599.0,5313.0,100777.00,74278.00,1141307.00,1897916.00,35761.5667,17268.8333,40332,22356,1346586.00,1373085.00,251734,481067,26387.6667,43077
2026-03-27,66196,42970,31295.0,17651.0,16764.0,20373.0,779623.00,-1027617.00,2336157.00,2513665.00,34309.2667,16250.4333,36468.8571,17363.4286,1176974.00,2984214.00,276585,506562,15609.6667,28864.6667
2026-03-26,18380,17678,6868.0,10181.0,11702.0,4109.0,-510718.00,546183.00,1091856.00,1468728.00,35902.2,16000.2667,39370.7143,16024,1602684.00,545783.00,269725,504562,18509.6667,40984.6667
2026-03-25,44655,18515,15228.0,22917.0,8233.0,4682.0,12296.00,88964.00,903846.00,2217406.00,36593.5,15694.4667,36374,15827.2857,1251110.00,1174442.00,259957,481713,22224.3333,39651.6667
2026-03-24,23559,10636,13044.0,7980.0,5259.0,4312.0,124979.00,186863.00,480549.00,1060368.00,36866.4,15656.8667,40998,18809.8571,695433.00,633549.00,254400,473485,22231,43178
2026-03-23,54740,26378,30194.0,18492.0,11439.0,11059.0,896097.00,-14505.00,1032705.00,3248824.00,38229.3,15680.7333,36014,15938.2857,1478697.00,2389299.00,235980,444941,16112.3333,37982.6667
2026-03-20,40656,29659,16122.0,17556.0,11372.0,10325.0,49140.00,25195.00,1052962.00,1762585.00,40211.5,16903.5667,35314.4286,12911.8571,1155291.00,1179236.00,282280,646516,8993.3333,37328.3333
2026-03-19,34138,10656,15834.0,14559.0,6204.0,3633.0,4289.00,163876.00,619927.00,1141252.00,41030.4667,17379.4,33154.4286,12086.4286,867820.00,708233.00,280484,637095,11154,33841.6667
2026-03-18,39154,8022,23897.0,11797.0,4848.0,2064.0,386768.00,135136.00,450260.00,2041606.00,42434.8333,17904.9333,35134.8571,14095.8571,990803.00,1242435.00,277753,615021,18984.6667,39432.6667
2026-03-17,38693,8302,18605.0,16233.0,2428.0,4736.0,27287.00,-423644.00,797595.00,2291883.00,42983.1333,18332.5333,33993.2857,19838.2857,1188802.00,1639733.00,276486,604886,18309.6667,33152.3333
2026-03-16,23678,17138,8896.0,10419.0,3375.0,12291.0,77084.00,-482666.00,1049949.00,1166864.00,44304.2,18506.6667,34436.1429,19238,662514.00,1222264.00,266018,596028,15421.6667,37179.3333
2026-03-13,55927,31514,24171.0,23638.0,9924.0,11110.0,-57911.00,-136529.00,885167.00,2664423.00,44080.0333,17979.6667,32543,16981.5714,1396561.00,1475179.00,274280,621060,6543,24876.3333
2026-03-12,19852,6277,8063.0,8970.0,2468.0,2868.0,-22524.00,46057.00,360520.00,1106431.00,44619,18215.3,32096.4286,17124.4286,679760.00,611179.00,273354,615583,11813.3333,35931.3333
2026-03-11,35759,8474,19290.0,14436.0,3269.0,4415.0,-139281.00,-190237.00,801620.00,1239081.00,45149.8,18252.5333,32892.2857,18971.7143,894441.00,945397.00,271583,603018,25155,34245.6667
2026-03-10,19018,4878,8317.0,8211.0,2192.0,1937.0,203662.00,17371.00,230464.00,1576139.00,46525.8667,18873.5667,34657.7143,23048.8571,661279.00,847570.00,269662,596350,27841,36832.3333
2026-03-09,53017,22088,13755.0,32748.0,3887.0,16121.0,-572930.00,-710483.00,1606071.00,1907433.00,47781.2333,19522.3,30349,22400.7143,1470682.00,1608235.00,252743,576984,25718,33385
2026-03-06,30702,48499,11877.0,14948.0,24405.0,19320.0,-413292.00,580238.00,3887499.00,1565141.00,47950.4,18456.2667,30300.1429,16839.2857,3028212.00,2034682.00,256221,606217,11977.3333,28726.3333
2026-03-05,26778,12936,9524.0,14772.0,6758.0,4068.0,-135519.00,24771.00,1199890.00,1586635.00,49489.3667,18801.7333,32441.8571,15992.7143,1335380.00,1175090.00,252226,601877,14800.3333,33577
2026-03-04,42675,15719,20058.0,16480.0,3533.0,11354.0,-452323.00,-541022.00,970737.00,3820359.00,49872.5,19002.2667,29784,14665.8571,1955954.00,2044653.00,243314,587838,20700,29810.6667
2026-03-03,16726,7277,6158.0,8479.0,2250.0,3970.0,-16084.00,-8223.00,427780.00,830325.00,52967.6333,19739.2333,32033.2857,17583.2857,577478.00,569617.00,240399,586146,24124.6667,31854
2026-03-02,41330,21405,19158.0,18071.0,2492.0,17550.0,-110275.00,-498115.00,949833.00,1772243.00,53028.1333,19385.7,29926.5714,16054.2857,1063118.00,1450958.00,226396,568305,20179.3333,28197.3333
2026-02-27,31376,33418,12793.0,13118.0,22735.0,9439.0,-159890.00,318399.00,1475475.00,1088893.00,56051.8667,19093.4667,28358.1429,12483.7143,1423964.00,945675.00,235868,625220,11376.6667,31662
2026-02-26,22856,17551,8714.0,11387.0,4890.0,9509.0,-76970.00,-22302.00,865144.00,1151966.00,57122.1667,18956,33418.8571,11202.8571,868444.00,813776.00,229076,616484,7670,32066.6667
2026-02-25,30360,9569,14411.0,12731.0,2979.0,5309.0,209554.00,-57740.00,430202.00,2401401.00,57625.0667,18967.5333,37517.4286,12643.7143,1114505.00,1381799.00,224069,604791,13713.3333,32770.3333
2026-02-24,41770,7010,21231.0,16477.0,2906.0,2780.0,562528.00,-166907.00,624861.00,2591349.00,57777.3667,19092.4667,34782.7143,13416.2857,1044923.00,1774358.00,221868,595240,14944,27708
2026-02-23,24070,6431,11280.0,9969.0,2387.0,3279.0,208252.00,-438288.00,1172166.00,1568752.00,58737.8,19141.6667,40796.7143,13950.8571,931254.00,1577794.00,219805,586969,15608.3333,26483.6667
2026-02-20,32471,27699,15540.0,10785.0,12313.0,14010.0,-62251.00,-107752.00,868482.00,1334379.00,58614.8333,18425.4667,45500,11328.2857,945505.00,991006.00,246694,734744,9237,35087
2026-02-19,26583,10702,11839.0,10901.0,3053.0,6432.0,-31177.00,41364.00,819547.00,1491316.00,59549.6,18485.1333,46237.5714,11157.7143,1013597.00,941056.00,246191,729964,12221.3333,45909.3333
2026-02-18,20397,8424,8120.0,8504.0,4119.0,3218.0,-6487.00,154050.00,1230349.00,1010773.00,61335.1333,18903.6,56984.7143,13824.8571,1046171.00,885634.00,243656,723835,13552.6667,46652.6667
2026-02-17,58281,8585,20999.0,32260.0,3925.0,3805.0,-191683.00,13729.00,659095.00,2298494.00,62393.5667,19269.2333,62962,22076.1429,1387308.00,1181896.00,241497,709760,14082,49281.6667
2026-02-13,59050,19655,22475.0,29536.0,9387.0,9001.0,-370063.00,-56230.00,1210731.00,2595962.00,62245.5,19317.7333,62913,22829.8571,1868214.00,1554381.00,253354,740138,10644,51396.3333
2026-02-12,22627,12418,7746.0,12174.0,5711.0,4542.0,31492.00,504103.00,2020603.00,1382913.00,62607.8333,19279.2667,71292.7143,24454.1429,1733027.00,1260416.00,252386,737787,9674,54436
2026-02-11,66168,10173,36725.0,25100.0,5745.0,3253.0,-72628.00,10556.00,1647935.00,3754076.00,61721.2667,19492.2333,69717.5714,26019.4286,2547226.00,2464042.00,248991,712145,15314.3333,64255.6667
2026-02-10,65394,9341,38194.0,19694.0,6213.0,2493.0,832199.00,152837.00,1284577.00,3397508.00,61746.1,19512,69419.8571,27879.5714,1745456.00,2424818.00,247434,675439,34315.3333,75831.6667
2026-02-09,31746,9508,11152.0,15892.0,3796.0,4854.0,-335452.00,-100826.00,1452782.00,2326215.00,61551.5,19397.8333,71913.5714,28764.7143,1791042.00,1556416.00,243827,663393,39456.3333,84818.6667
2026-02-06,95627,27094,42939.0,42994.0,9631.0,13422.0,-270553.00,-322798.00,3205929.00,7024169.00,59910.8333,18784.9,63398.4286,26800.7143,4534937.00,4587182.00,276829,730275,38354.3333,80038
2026-02-05,100122,66344,39787.0,46683.0,29732.0,27857.0,-602219.00,280335.00,9258593.00,4529113.00,58477.5,17089.2,56478.5714,18693.1429,6365897.00,5483343.00,257531,694592,23283,65044.6667
2026-02-04,58707,24931,23087.0,25624.0,12442.0,5939.0,-421648.00,708181.00,3697611.00,3170831.00,58671.2333,16780.9,56706.1429,18490,3281693.00,2151864.00,253901,684231,22426.6667,66579
2026-02-03,81285,23788,41855.0,29841.0,8930.0,10120.0,-825553.00,-627983.00,2318420.00,4797325.00,58011.8667,16455.3333,58048,21027.4286,3162801.00,2965231.00,242334,653444,19732,55884.6667
2026-02-02,55142,21130,20188.0,26603.0,6164.0,12024.0,218473.00,-281085.00,1687830.00,5550352.00,57598.9667,16182.8333,55281.5714,20368.5714,2976922.00,3476480.00,232188,631992,17137.3333,49511
2026-01-30,63310,22362,24532.0,23414.0,8968.0,10590.0,-282010.00,-186048.00,1813537.00,4960688.00,57869.2667,15909.2333,56658.2857,20502.5714,2693108.00,2597146.00,253216,677976,12880.3333,45635.3333
2026-01-29,49202,15704,19322.0,24420.0,7093.0,5746.0,-641968.00,383938.00,1046312.00,4394058.00,60666.0667,16455.8333,57367.8571,21364.1429,2825711.00,1799805.00,255384,673372,15482,49334.6667
2026-01-28,36021,13346,16389.0,16083.0,4242.0,8274.0,182845.00,-99869.00,967808.00,3679823.00,63289.0667,16939.6667,67876.2857,23655.5714,1916349.00,2199063.00,250141,666525,24883.3333,67553.6667
2026-01-27,51683,9591,20480.0,24521.0,2771.0,4673.0,-89935.00,-74679.00,475007.00,4115254.00,63968,16894.2667,66656.5714,23828.1429,1912048.00,1896792.00,248443,651900,27192.3333,62251.6667
2026-01-26,60300,23509,23647.0,27975.0,11440.0,6972.0,-1372251.00,311238.00,1495651.00,6773264.00,63783.4667,16429.6333,75483.4286,23991.2857,4236661.00,2553172.00,236650,632751,27122.6667,66467.3333
2026-01-23,90678,41550,48710.0,31672.0,14125.0,23229.0,200743.00,-1609220.00,3467939.00,9099646.00,62721.1667,15581.2667,70381.5714,19973.7143,4575475.00,6385438.00,241027,653278,20517.6667,54297.6667
2026-01-22,35777,16518,15270.0,14466.0,9132.0,5791.0,555762.00,324321.00,1911555.00,3139353.00,62707.3,15307.9,71763,19030.4286,2038193.00,2269634.00,237836,644624,24807,78898.6667
2026-01-21,72947,23300,31625.0,31511.0,14217.0,7704.0,-1449093.00,777766.00,2318570.00,9435120.00,63099.9,15120.1,67961.8571,17238.7143,6606459.00,4379600.00,232199,629082,20640,68964.6667
2026-01-20,54169,21735,19601.0,28071.0,10748.0,8761.0,-1723643.00,373382.00,2779820.00,7994687.00,63156.9,14923.9667,67778.1429,15263.2857,6044216.00,3947191.00,223867,615958,21612,91604.3333
2026-01-16,109580,29386,55077.0,42796.0,12238.0,13249.0,-225673.00,369828.00,2801361.00,12992072.00,61113.5,14232,56235.5714,11952.8571,7300782.00,6705281.00,321333,927975,16292.3333,73399.3333
2026-01-15,43145,10799,15015.0,19660.0,5608.0,3815.0,-682410.00,-16962.00,762230.00,5224637.00,61523.8667,14376.5667,57875.7143,12194.7143,2800521.00,2135073.00,319134,920513,15997.6667,74166.6667
2026-01-14,122088,24651,59164.0,46696.0,9257.0,13506.0,2228762.00,263508.00,1832047.00,13958424.00,59937.9333,14790.6333,51000.7143,11670,5759401.00,7724655.00,307277,904644,11366.6667,48917
2026-01-13,54965,13427,25804.0,21164.0,3347.0,8541.0,-104851.00,-250781.00,781493.00,6122750.00,63824.2667,16188.3333,56010.5714,12545.2857,2684037.00,2829967.00,301653,897053,9526.6667,48223
2026-01-12,45447,9915,18368.0,20717.0,3613.0,4764.0,82558.00,-54428.00,821067.00,2945165.00,67986.0667,17356.6333,57319.2857,14144.5714,1515670.00,1652656.00,297513,881947,8292.6667,42668
2026-01-09,46339,10758,15292.0,24055.0,4047.0,5083.0,-554550.00,-46896.00,766767.00,3626260.00,70968.7,17768.0667,55484.7143,14216.8571,2020331.00,1512677.00,308242,914546,8870.6667,45430.3333
2026-01-08,52883,7907,22960.0,21004.0,2468.0,4260.0,684239.00,-85521.00,571218.00,3824752.00,72079.4667,18172.5667,53583,15453.2857,1521030.00,2290790.00,307824,901863,13227.6667,52457
2026-01-07,28782,6213,13775.0,12392.0,2002.0,3033.0,-32366.00,-91142.00,562187.00,2738958.00,73325,18585.2667,58919.7143,15984.8571,1473715.00,1532491.00,305798,899566,17674.6667,72874.3333
2026-01-06,54626,12492,21919.0,23495.0,5002.0,5328.0,-549767.00,-94976.00,931565.00,5436143.00,73878.4333,18656.7,54817.1429,15069.2857,2926739.00,2471948.00,299625,886694,20547.3333,72868.3333
2026-01-05,73963,20978,30048.0,35296.0,4848.0,14305.0,-855156.00,-181320.00,950643.00,7118575.00,73317.5667,18653.2,50880.5714,13316.1429,3922066.00,3248230.00,289854,870835,17309.3333,59379.6667
2026-01-02,90034,19554,43392.0,30574.0,5959.0,11791.0,475605.00,-572484.00,2081063.00,5757591.00,72157.3,18479.4,46178.8571,12733.1429,2902780.00,3950869.00,294855,865561,16312,42558.6667
2025-12-31,54608,21110,19445.0,26184.0,6335.0,4095.0,-82542.00,185613.00,2307426.00,2426676.00,72631.2,19313.6,47594.7143,11957.7143,1792825.00,1524670.00,290791,857033,12586.6667,46402.3333
2025-12-30,33497,11264,11650.0,18192.0,4257.0,5426.0,-289686.00,-232994.00,3064448.00,2328749.00,74776.1333,20089.5333,51595.7143,12351.5714,2442213.00,2385521.00,288348,856148,10859.6667,43872.6667
2025-12-29,39571,16562,13962.0,19170.0,6856.0,6270.0,-28562.00,-246094.00,1686192.00,2126289.00,76659.3,20468.0667,52050.5714,11836.2857,1576706.00,1794238.00,278454,847288,8241,46151.3333
2025-12-26,66139,9934,34076.0,26986.0,3653.0,4105.0,192999.00,-306104.00,1331780.00,4295141.00,77054.8,21222.7,52804.8571,12439.1429,2172865.00,2671968.00,297530,879936,10087.3333,43145.6667
2025-12-24,25908,6083,9130.0,14432.0,1940.0,2940.0,94375.00,-625620.00,1408520.00,2808848.00,79182.4667,21783.1667,68118.8571,16156.1429,1336822.00,2056817.00,296994,878029,13287,56016
2025-12-23,46407,8706,19904.0,20495.0,3692.0,3332.0,-415053.00,131646.00,836314.00,2861319.00,79805.7,21969.0667,77876.5714,18892.5714,1919571.00,1372872.00,295454,865111,15058.6667,61048.3333
2025-12-22,57122,15473,24065.0,27015.0,4959.0,8687.0,-254239.00,-21096.00,1010545.00,5948638.00,80337.5667,22379.2667,80009.2857,17857.7143,3202229.00,2969086.00,287509,851606,14219.3333,56259.3333
2025-12-19,64519,15682,27361.0,29966.0,6632.0,5969.0,429886.00,-203923.00,1400780.00,3997106.00,80468.5667,22301.7333,78615.7143,16984.5714,1997217.00,2631026.00,341664,1013224,13710,58559.3333
2025-12-18,61504,14021,18025.0,31372.0,5853.0,6739.0,-468948.00,-203017.00,1820953.00,3204608.00,80570.1,22263.9667,78230.7143,17281.4286,2303623.00,2037692.00,338077,1003132,19737,82426.6667
2025-12-17,42755,12955,19873.0,17941.0,5506.0,4364.0,-79691.00,167280.00,1347347.00,3750578.00,80797.5,22452.9,77174.4286,16618.8571,2161467.00,1914496.00,337708,1003703,24705.6667,106412
2025-12-16,71419,14154,19245.0,39921.0,3802.0,5848.0,-453880.00,-199466.00,1778785.00,3979505.00,80632.9,22541.4,79075.2857,17120.5714,2366428.00,2112014.00,333994,1008217,22730.6667,106622.6667
2025-12-15,133106,32102,49765.0,70383.0,13652.0,13815.0,-1879071.00,7076.00,3128938.00,13105482.00,78256.1333,21969.0667,68042.8571,14799,8016508.00,6130361.00,324867,981543,15220,80508.6667
2025-12-12,114711,27861,49248.0,55799.0,11013.0,14912.0,-528345.00,-254219.00,2072154.00,9480732.00,75754.3667,21406.1,58552.4286,12051.2857,5450517.00,5176391.00,340240,1021040,11299.3333,61874.6667
2025-12-11,72051,8229,23715.0,40852.0,2856.0,4473.0,-1730413.00,-241059.00,846012.00,9033672.00,75131.4,21559.5333,56181.7143,13038,5211937.00,3722583.00,338622,983538,11328.6667,49644.6667
2025-12-10,54764,9570,22240.0,22801.0,2964.0,5149.0,228482.00,-106048.00,854204.00,5139279.00,75110.5333,21660.6333,59002.5714,16967,2358591.00,2693121.00,336448,971297,14027.3333,59631.6667
2025-12-09,58809,16099,25855.0,24369.0,5326.0,9373.0,-153808.00,-179938.00,1216345.00,6816375.00,74959.4667,21665.4667,75109.1429,22575.4286,3575427.00,3601557.00,331703,960036,13944.6667,58655
2025-12-08,35361,8317,14484.0,18367.0,2318.0,4726.0,287322.00,-295463.00,938850.00,4315088.00,75942.2333,21935.1333,94386.2857,27810.7143,2126940.00,2709725.00,328380,949484,14048,62960.6667
2025-12-05,84725,17666,42107.0,35474.0,8221.0,7112.0,127724.00,76281.00,1524045.00,6972897.00,75716.2,21868.1333,101685.2857,28587.1429,3772201.00,3823644.00,344378,981817,13204.6667,53204.3333
2025-12-04,55879,15851,26596.0,22781.0,5531.0,8192.0,211526.00,-149354.00,1504022.00,6973724.00,77801.6667,22035.8333,106017.7143,29185.8571,3644908.00,4005788.00,341400,976232,20278.6667,59414.6667
2025-12-03,48278,8627,18098.0,21664.0,3036.0,3713.0,-511614.00,-284737.00,840273.00,5444781.00,79082.0333,22458.1333,108570.5714,30609.7143,2875968.00,2649091.00,338953,977727,35855.6667,100507
2025-12-02,55456,15136,26399.0,23123.0,8548.0,4934.0,79713.00,606243.00,1720331.00,6115706.00,80781.4667,22983.0667,110823.8571,30538.1429,3771466.00,3244936.00,334063,964075,45798.3333,138788.6667
2025-12-01,74510,37073,31827.0,34545.0,20255.0,13675.0,-421313.00,1111739.00,3842502.00,11011799.00,82271.5,22724.5,108342,28223.8571,7502153.00,5972822.00,325512,947634,41141,159224.6667
2025-11-28,171555,55358,82549.0,61991.0,21361.0,27464.0,4390121.00,-311889.00,3534889.00,26692360.00,81647.9333,22270.7,91723.5714,22364.1429,10740052.00,15442062.00,341221,973293,29369,130775
2025-11-26,170301,44964,81478.0,69062.0,16589.0,22980.0,1327550.00,-401657.00,3337717.00,18189601.00,81771.9,22123.4,77227,22531.5714,8590365.00,10319572.00,323811,937937,20579,96057.3333
2025-11-25,135818,23101,67013.0,52360.0,6858.0,10591.0,1230823.00,-20075.00,2085178.00,12628707.00,83058.6667,22397.4333,71802.2857,24166,5775675.00,7026573.00,311247,872781,17757,74527.6667
2025-11-24,86206,20042,41103.0,36280.0,6998.0,6333.0,890361.00,-258495.00,2458615.00,7852771.00,84729.7,22157.7667,73210.8571,25291.1429,3922826.00,5071682.00,302674,838713,18034,64838
2025-11-21,66148,18594,26092.0,34079.0,8909.0,8372.0,-1088963.00,-184006.00,3396772.00,4533695.00,90488.6,23154.9667,74904.5714,27288.1429,4121748.00,3216791.00,367861,1027330,16616,61197.3333
2025-11-20,71229,14635,22119.0,38944.0,6144.0,6935.0,-1538754.00,-499659.00,3727880.00,5980331.00,92983.0667,24195.6,77548.7143,28468.4286,4853226.00,3814131.00,373918,1015724,27116.3333,60396
2025-11-19,57137,20873,17669.0,20901.0,10595.0,5336.0,-730512.00,356452.00,3775579.00,4344511.00,96784.2,24660.8667,78686.8571,27527,4072718.00,2985754.00,366252,993221,31672.6667,73965.3333
2025-11-18,55226,14340,20722.0,29094.0,3810.0,6319.0,43787.00,-419407.00,2309047.00,4426777.00,101841.5333,25253.5,81237.1429,29446.8571,2757223.00,3220417.00,363573,980061,36198.6667,87578.6667
2025-11-17,68825,46136,27598.0,34630.0,30165.0,10759.0,144358.00,2042458.00,7358641.00,6581564.00,104884.7,24957.6,81183.4286,24764,6916182.00,5018082.00,333440,966226,31677.6667,90638.3333
2025-11-14,97845,34542,41354.0,45973.0,15171.0,16770.0,-802517.00,-381433.00,4618903.00,11413478.00,107697.2,25091.1,76427,21670.5714,7303221.00,6882137.00,337920,999734,27796,87936
2025-11-13,96066,27918,42521.0,44950.0,15055.0,10939.0,-1340537.00,-280065.00,3984837.00,9679839.00,108281.2667,24696.8,69785.7143,20342.7143,6761536.00,5701064.00,333504,993733,23251,77615.3333
2025-11-12,78004,32573,33426.0,37441.0,12978.0,14323.0,-258824.00,-474160.00,5163915.00,7461501.00,108898.6333,24577.7333,68139.5714,18090.7143,5576773.00,5792109.00,323113,983709,21653,75973.3333
2025-11-11,89738,22897,45206.0,36985.0,11279.0,8568.0,-1095739.00,5131061.00,8642061.00,9313518.00,107639.4667,24585.9333,64148.8571,16952.8571,11508207.00,5281407.00,315091,968022,18472.6667,68877
2025-11-10,65104,14283,25178.0,33873.0,5851.0,6237.0,-874259.00,163953.00,1553391.00,8168188.00,110301.4667,25313.4667,60513.7143,16479.8571,4965918.00,3927706.00,309523,938539,18007.6667,68692.3333
2025-11-07,73078,27779,31408.0,33687.0,12407.0,12596.0,421682.00,4532854.00,12042503.00,7666915.00,112292.2333,25542.7333,57697.1429,14344.5714,11221122.00,7109962.00,333797,972186,14955.6667,60858.6667
2025-11-06,68449,13356,25112.0,37918.0,5788.0,5225.0,-560174.00,-146433.00,2690654.00,7707444.00,113488.1,26030.9333,55652.7143,14237,4872281.00,4458540.00,330856,963987,16106.6667,60202.6667
2025-11-05,64550,12888,23262.0,36845.0,5043.0,5831.0,-552740.00,-188658.00,1913671.00,7155529.00,115587.8333,26530.5667,54185.1429,14716.4286,4275755.00,3911673.00,327465,954313,16788,59287
2025-11-04,49577,18623,18509.0,26478.0,9528.0,7700.0,-1310249.00,1016063.00,3172013.00,9352098.00,119994.8667,27548.7333,56366.1429,14399.8571,6973083.00,4646771.00,322474,951426,14237.6667,55980.6667
2025-11-03,66481,16809,29737.0,29380.0,7334.0,5474.0,-207886.00,257448.00,2487762.00,11319265.00,121580.7,27819.4333,58003.7143,14235.1429,6484927.00,6019593.00,312455,934879,12912,51607.6667
2025-10-31,61803,14932,23243.0,33679.0,5098.0,6967.0,-182046.00,-186693.00,1933851.00,6434398.00,124963.8667,28791.5,66095.1429,15085.1429,3774941.00,3779588.00,349478,1011877,12135.6667,49052.6667
2025-10-30,39658,10972,15686.0,19926.0,4430.0,5418.0,-34344.00,-263787.00,1093201.00,6726764.00,137053.2333,29951.4667,72813.8571,16560,3427178.00,3656621.00,346309,1013036,13893,53925.6667
2025-10-29,53362,12832,24000.0,25833.0,6101.0,5833.0,-426761.00,185690.00,909527.00,9351304.00,138409.5,30252.0333,80396.2857,19138.8571,4986717.00,4374266.00,343841,999258,15084.6667,57753
2025-10-28,54138,12603,21666.0,25737.0,7430.0,4498.0,656.00,2631551.00,3522671.00,13291585.00,140684.7667,30590.8333,89692.4286,21526.4286,8830615.00,6199720.00,339449,997932,16102.3333,65688.3333
2025-10-27,54277,16244,22278.0,26141.0,5338.0,8330.0,-236656.00,693603.00,3283186.00,12217356.00,141234.1,30849.9667,103774,25169.2857,7358265.00,6428006.00,331603,985925,17648.3333,87077
2025-10-24,64844,16407,32935.0,24793.0,6329.0,8308.0,997532.00,396091.00,2174209.00,11653136.00,142867.3333,30717.6667,119370.5714,28617.5714,5791331.00,6392772.00,371894,1061372,19278,94358.6667
2025-10-23,77944,15656,24206.0,34618.0,5751.0,8347.0,-406080.00,-595048.00,2774176.00,8636750.00,143059.3333,30812.5333,133153,30855.5714,4936624.00,5125592.00,364875,1039318,24354,103857
2025-10-22,118443,20882,43142.0,60703.0,9513.0,8506.0,-1720628.00,-89736.00,3632732.00,21713030.00,143138.7,30651.5,135709.2857,29708.4286,11883561.00,10252669.00,360311,1029627,27165.3333,104113
2025-10-21,86689,21296,34811.0,37781.0,11567.0,7882.0,-1007936.00,904725.00,3389475.00,18921821.00,142966.2,30181.1667,157455.8571,33596.1429,10463966.00,8551305.00,352224,1008087,33981.3333,126166
2025-10-20,106439,30884,52877.0,42212.0,15804.0,12027.0,6516905.00,805245.00,3940093.00,33152799.00,140986.8333,29448.7,163116.4286,35734.7143,13504162.00,19615822.00,336818,987113,37201.6667,148693
2025-10-17,119211,29316,43731.0,56639.0,9324.0,16227.0,467692.00,-1027981.00,4452914.00,23902567.00,139002.2333,29053.3667,170539.2857,36522.5714,11587959.00,13083632.00,369437,1083859,37870.3333,167096.3333
2025-10-16,152848,41744,58623.0,76101.0,23173.0,14288.0,-7281008.00,1261712.00,5447997.00,48511446.00,135957.1333,27920.7333,178267.5714,35147.5714,27865886.00,19323166.00,370956,1064486,28239.6667,161592.6667
2025-10-15,174020,40545,84381.0,69734.0,13972.0,22892.0,8813521.00,164649.00,5252774.00,63597975.00,132143.1333,26779.2333,176281.8571,34678.1429,25741217.00,34632394.00,352192,1037457,30894.6667,183224.3333
2025-10-14,174421,31322,90291.0,63599.0,13414.0,13418.0,11267786.00,1186602.00,8166486.00,59488784.00,128345.3333,26074.1,177396,35710.2857,25014897.00,35096081.00,347485,1024411,35738.6667,173771.6667
2025-10-13,136337,12852,57907.0,57094.0,4664.0,6467.0,1472541.00,1150938.00,2594380.00,34893327.00,126052.5,26095.1333,174146.1429,36172.7143,15636490.00,15958093.00,342873,1002375,43065,185383
2025-10-10,238915,48510,93808.0,112920.0,26143.0,17281.0,-3760582.00,2651036.00,7894487.00,71084744.00,119341.6333,24848.0333,153804.7143,33385.7143,37510417.00,31130999.00,367493,1041586,37601.3333,174726.6667
2025-10-09,146063,45854,64773.0,62036.0,15378.0,27046.0,1311758.00,-1042059.00,8539365.00,46552131.00,115248.5667,23537.1667,140361.8571,30141.2857,22992424.00,25346241.00,344128,1020842,34736.3333,179412.3333
2025-10-08,171171,34831,86311.0,62528.0,16571.0,15977.0,5654332.00,-363662.00,4942718.00,48635958.00,110864.5667,22922.7333,136618,30323.8571,20243790.00,26261784.00,335452,992931,35975,183095.3333
2025-10-07,206946,32119,88407.0,89524.0,14205.0,14654.0,-1726250.00,-258814.00,3953468.00,48714903.00,105621.8,22116.9333,126025.8571,30686.4286,22880334.00,21412898.00,323781,938672,30631.6667,151976
2025-10-06,160120,37259,76919.0,61372.0,14342.0,19979.0,2634019.00,-518239.00,2326778.00,34557760.00,102572.5,21844.3,118055.1429,29364,14011565.00,17163823.00,314166,906715,27879,130777.6667
2025-10-03,182220,38547,88826.0,71035.0,18922.0,14200.0,3119653.00,217774.00,3531489.00,31587049.00,98038.8,20819.2,110244,27839.7143,13415095.00,16316974.00,334633,948948,22744.3333,87358.6667
2025-10-02,113588,16089,43854.0,54001.0,7560.0,7244.0,-948275.00,26964.00,940625.00,14214047.00,95544.7,20615,119986.8571,32565.2857,7085259.00,6110020.00,328183,932479,29417.6667,97817.3333
2025-10-01,96525,29001,38621.0,47444.0,18290.0,9216.0,869360.00,261959.00,1726704.00,13077066.00,94131.0333,20161.2,122491.2857,31983.7143,6113893.00,6721294.00,325116,915457,31303,109909.3333
2025-09-30,51963,23143,25229.0,21713.0,11763.0,8173.0,520085.00,401673.00,1781732.00,8048353.00,94535.6667,19884.1667,138396.2857,34976.7143,4296336.00,4414748.00,316537,906316,32922.6667,127363.3333
2025-09-29,144964,36109,70297.0,52364.0,11359.0,21328.0,1287893.00,-1170406.00,2740712.00,22374421.00,91349.6,19254.7,175164.1429,36357,8785101.00,11243400.00,298678,872536,30178.6667,121556
2025-09-26,132801,34657,54582.0,64325.0,20532.0,10685.0,-870168.00,394637.00,2183451.00,13555272.00,89904.1333,18745.7667,169628.2857,34527.2857,7435866.00,6171061.00,313180,920925,35015.6667,137885
2025-09-25,104325,28002,34867.0,57647.0,11597.0,13822.0,-1360746.00,-139223.00,3398485.00,14996626.00,87768.6333,18604.3333,172209.8571,33779.4286,8688625.00,7467102.00,305842,926052,33991.6667,141128.6667
2025-09-24,127542,27877,61673.0,49211.0,15483.0,10846.0,1489048.00,1507733.00,3018696.00,18854151.00,85087.5,17926.2667,164097.7143,33228.1429,9517456.00,9498771.00,299469,900997,39397.3333,153047.3333
2025-09-23,181788,49168,86323.0,81894.0,17974.0,22887.0,-915183.00,78817.00,5667082.00,28734391.00,81097.3333,17134.0333,154391,27981,16202048.00,15208048.00,277662,874615,38265,226564.3333
2025-09-22,114056,24930,53951.0,41266.0,12952.0,9682.0,1066500.00,895866.00,3255515.00,17525719.00,81957.9,17325.9,150055,27062.7143,8515047.00,8685681.00,269020,848708,37238,219895.6667
2025-09-19,163298,44094,71169.0,73510.0,26793.0,14316.0,1034392.00,862130.00,2682341.00,20521654.00,78237.0667,16382.2,143987.2857,23056.5714,10113868.00,10286130.00,325018,996604,30129,206261.6667
2025-09-18,402339,45771,203968.0,155075.0,22992.0,19035.0,3855391.00,-90894.00,2483608.00,50799264.00,66115.0333,15025.7333,98155.1429,17544.4286,21314384.00,25260669.00,308292,951777,22878,95734.3333
2025-09-17,94050,21849,47078.0,39843.0,9010.0,11106.0,246058.00,-261875.00,1329375.00,8693549.00,64000.1333,14637.0333,91442,15696,4315758.00,4823691.00,308425,944709,19741,102331.3333
2025-09-16,122396,22767,73945.0,39260.0,6689.0,14454.0,2363581.00,-390630.00,1348852.00,8494117.00,61416.7667,14148.3667,82481.5714,14937.2857,3060011.00,5814222.00,303240,924587,18319.3333,89434
2025-09-15,70757,24018,25114.0,38963.0,10259.0,11384.0,-589508.00,250134.00,1607720.00,4601840.00,61740.7,14070.6667,81158.4286,12615.4286,3155007.00,2315365.00,290079,894243,15663.6667,106123
2025-09-12,113841,12438,50629.0,43277.0,2999.0,8438.0,-92988.00,-266173.00,741510.00,5110508.00,59069.9667,14005.8667,73409.7143,11738.5714,2349259.00,2522444.00,300023,920023,13913,95347.3333
2025-09-11,83704,18502,33085.0,35326.0,5614.0,11189.0,304387.00,-330949.00,1712205.00,4216502.00,57544.6667,13694,70093,10548,2031916.00,2667252.00,293125,906127,10715.6667,83132
2025-09-10,120824,16051,57620.0,50855.0,7532.0,7060.0,-914698.00,-48697.00,1152898.00,6742324.00,55037.8667,13465.2333,62482.7143,10181.1429,4010688.00,3144687.00,291071,871859,11184,62748.3333
2025-09-09,81514,7186,42289.0,32542.0,4141.0,2390.0,216139.00,63821.00,685820.00,4076264.00,54206.8,13555.6667,56207.7143,10739.8571,2087557.00,2239875.00,289609,837922,11377,56075.3333
2025-09-08,47058,8910,20486.0,22597.0,3899.0,4013.0,-42058.00,-341766.00,971057.00,1636163.00,55950.2333,13985.3,52809.5714,10399.5714,996558.00,1296266.00,285390,813751,10507,60256
2025-09-05,59673,17456,23258.0,32899.0,5040.0,10539.0,-167101.00,-818762.00,1899186.00,1509229.00,56982.9667,13568.9333,49949.2857,10248.4286,1175985.00,1827646.00,285487,844948,8077.6667,60527.3333
2025-09-04,61495,7765,17905.0,38895.0,3133.0,2986.0,-703054.00,-157566.00,620097.00,2081385.00,56604.4,13589.2667,48259,10274.1429,1425367.00,879879.00,283656,829315,9983.6667,62546.3333
2025-09-03,59600,6300,23989.0,31464.0,3206.0,2113.0,78027.00,89416.00,584208.00,2772064.00,56640.2667,13767.2333,49550.5714,13528.4286,1539009.00,1527620.00,281516,816974,11582.6667,55209.3333
2025-09-02,60487,10168,26910.0,24554.0,3289.0,5264.0,226544.00,-194919.00,873914.00,2692711.00,56861.1,14071.2,47510.8571,13189.2857,1308828.00,1730511.00,277276,793891,10369.3333,42804
2025-08-29,67552,13483,16871.0,44506.0,4207.0,7122.0,-345532.00,-62787.00,661692.00,1908455.00,57734.3333,14376.1667,43398.4286,12686.4286,1239905.00,957160.00,289058,818973,11341,33503.6667
2025-08-28,37589,11097,14374.0,18573.0,2942.0,7102.0,-193043.00,-113816.00,466907.00,1913150.00,59907.4,14556.0333,45759.2857,13299.2857,1033962.00,954735.00,282733,806191,10290.3333,37528.3333
2025-08-27,23271,6528,11693.0,8554.0,3861.0,1924.0,244310.00,131516.00,412812.00,1134759.00,60837.5667,14586.5,51592.2857,14485.5714,602517.00,715311.00,284000,798280,17807.6667,52651.6667
2025-08-26,39651,16398,17567.0,18786.0,4413.0,9323.0,178999.00,-146259.00,1577676.00,1577476.00,61704.2,14534.7667,52982.4286,14603.7143,1215970.00,1541228.00,274318,788329,14939.6667,54837.6667
2025-08-25,49663,7945,22030.0,23182.0,2762.0,3697.0,-170611.00,-78720.00,388283.00,1630968.00,63498.9667,15157.4333,58664.4286,16238.5714,940550.00,848659.00,271347,772480,15612.3333,51205
2025-08-22,68641,29080,33876.0,28523.0,4372.0,20305.0,161710.00,-516914.00,1217609.00,3513868.00,66341.6667,14885.5333,54610,15478.4286,1678061.00,2356685.00,271426,803601,11048,46363
2025-08-21,46209,7794,19082.0,24348.0,2917.0,3959.0,63397.00,-251728.00,921248.00,1245459.00,68690.7333,15434.3667,54738.4286,15441.4286,772827.00,1087952.00,269704,796989,13394,52327.3333
2025-08-20,38765,9963,20372.0,14661.0,4788.0,3183.0,196724.00,57260.00,870282.00,1757959.00,70384.3,15626.0333,58069.5714,17646.8571,1067753.00,1207217.00,270750,785781,15814.6667,55866.3333
2025-08-19,54115,15387,22310.0,25367.0,9856.0,4088.0,416178.00,453708.00,1858272.00,3149320.00,70128.9667,15629.2,70320.7143,19832.4286,2249690.00,2212160.00,266473,769661,17148.6667,67640.3333
2025-08-18,64102,14832,28203.0,28620.0,8989.0,3907.0,-176890.00,282326.00,1207805.00,3097347.00,70081.0667,16145.8,68545.1429,19968.2857,2135189.00,1675973.00,267039,746051,20124.3333,59693
2025-08-15,49382,17225,25015.0,19009.0,7393.0,7981.0,62523.00,-81786.00,976790.00,2971852.00,70660.7333,15986.6333,67016,18232.8571,1689438.00,1833747.00,293458,826334,16894.3333,58935
2025-08-14,89437,19389,44202.0,36975.0,7420.0,10110.0,514138.00,-12048.00,1537722.00,3445212.00,73595.4333,16730.7667,58611.1429,16918.4286,1986368.00,2512554.00,297567,804899,18898.3333,49817
2025-08-13,40260,23759,19724.0,16261.0,12978.0,9491.0,455908.00,198249.00,1499837.00,2455764.00,73789.2,16744.9,59273.2857,14682.4286,1652452.00,1910111.00,286910,788530,21207.3333,83021.3333
2025-08-12,47108,7535,21098.0,21959.0,2579.0,3659.0,117642.00,-285931.00,799639.00,2184717.00,74335.4667,17391.8333,64040,16704.1429,1098408.00,1501981.00,285222,772637,23956.6667,84543
2025-08-11,62083,25401,31240.0,26128.0,16392.0,7213.0,923197.00,784033.00,1756780.00,4843034.00,74341.8,17542.6,59988,14574.5714,2938740.00,3077904.00,275537,753403,17182,76741.3333
2025-08-08,139873,30686,60983.0,64800.0,12573.0,13987.0,359365.00,-131596.00,2075371.00,5621042.00,71336.7333,17169.8,45426.8571,11497.4286,3128588.00,3619549.00,290957,771007,10349.3333,40318
2025-08-07,51673,15783,21584.0,24018.0,7477.0,6991.0,-473834.00,-159414.00,927341.00,3549225.00,72905.1333,17599.8,44562.1429,10555.2857,2174381.00,1859961.00,285150,758407,7790.6667,38058.6667
2025-08-06,38678,5077,19931.0,14959.0,2236.0,2163.0,-123616.00,-56897.00,467184.00,2619806.00,75087.4,18424.9,47119.8571,11244.1429,1383446.00,1316727.00,283989,750479,13327.3333,51991
2025-08-05,30603,10188,13939.0,13443.0,3692.0,2353.0,-163975.00,78278.00,744650.00,2191456.00,76159.6333,19214.1333,56942.4286,12902.8571,1253761.00,1011508.00,277991,742789,13429.3333,53029.6667
2025-08-04,44895,8107,17001.0,24145.0,4559.0,2412.0,-552963.00,44678.00,615351.00,2754536.00,76386.8333,19528.7,63479.5714,12454,1820522.00,1222881.00,273853,725921,13775.6667,50713
2025-08-01,80475,21687,28615.0,40600.0,10479.0,8302.0,-656426.00,104351.00,2249938.00,3746281.00,75828.1333,19546.1667,59145.7143,10552.2857,3060497.00,2299720.00,289986,761020,9609.3333,39094.6667
2025-07-31,33719,10494,12147.0,19609.0,4776.0,3850.0,-406850.00,208507.00,780377.00,1867930.00,77167.4,19908.3667,62996.7143,10715.8571,1490288.00,874931.00,288233,751130,9411,46715.6667
2025-07-30,37945,9146,14672.0,20746.0,5332.0,3250.0,-263097.00,-128859.00,671541.00,2903800.00,77441.6,20024.6,67163.4286,12164.5714,1731166.00,1596928.00,284525,747530,13628.6667,67187.6667
2025-07-29,45620,9188,19518.0,23229.0,4623.0,3368.0,-502210.00,-33765.00,737175.00,2765566.00,78203.1333,20260.5,74039,14085.1429,1844940.00,1376495.00,281595,728489,12221,82199.3333
2025-07-28,56582,9899,19361.0,34181.0,5644.0,3506.0,-245878.00,113417.00,833448.00,3335931.00,78497.8,20313.5,80638.8571,15027.1429,2157059.00,1797764.00,275477,709438,11713,80051.3333
2025-07-25,99361,21799,46987.0,44891.0,9270.0,9135.0,-1664061.00,82976.00,1545363.00,6339743.00,76462.1667,20144.8,73755.2857,12976.1429,4372607.00,2625570.00,289217,777182,8326.3333,67156.3333
2025-07-24,90655,4965,48232.0,37430.0,2343.0,2255.0,-29470.00,-40641.00,257781.00,3839047.00,74639.9,20316.1667,70183.1429,14387.7143,1768045.00,1779216.00,288423,744449,13100.3333,59308.6667
2025-07-23,50138,8375,23257.0,22090.0,4217.0,3406.0,-463230.00,97810.00,524380.00,3180791.00,74970.8667,20702.3,77807.1429,16994.8571,1973358.00,1412318.00,285941,733504,17852.6667,73845.6667
2025-07-22,60676,11639,33868.0,20899.0,5476.0,4937.0,669731.00,60550.00,1039294.00,5281947.00,76442.6667,21171.7,91128,18321.1429,2552811.00,3161992.00,281484,712428,19470.6667,87880.6667
2025-07-21,67112,19287,26601.0,30598.0,8497.0,8912.0,211416.00,239961.00,1185734.00,8849154.00,75856.4333,21016.5667,98209.2857,19031.4286,4055658.00,4027113.00,271170,689012,15522.3333,82568.6667
2025-07-18,93749,22632,45550.0,38584.0,13001.0,7266.0,553674.00,98756.00,1205693.00,10186928.00,74367.0667,20790.2,97612.5714,18043,4619626.00,5074544.00,324884,1074388,12927,73202.3333
2025-07-17,102781,16493,45408.0,40417.0,8184.0,6970.0,209150.00,157096.00,713854.00,6094569.00,74496.7667,20627.7333,89566,17898.5714,2658919.00,2710973.00,325941,1066209,16304.3333,73444
2025-07-16,51176,7442,23155.0,22921.0,3122.0,3389.0,171990.00,354841.00,930073.00,5339132.00,74509.8333,20739.9333,91207.2857,21168.2857,2926151.00,2743300.00,326648,1064648,20798,107692.6667
2025-07-15,65650,14846,30064.0,30134.0,8492.0,4846.0,-346305.00,-371278.00,3940498.00,5631628.00,74055.5,20875.7333,91367.5714,20826,4355842.00,4380815.00,319966,1056881,23935.6667,124703
2025-07-14,103506,26625,49893.0,44904.0,14873.0,10106.0,860129.00,985263.00,1985357.00,13045761.00,73928.8,20524.7667,101935,22981.4286,6464499.00,6559365.00,309228,1037498,20298.3333,120058.3333
2025-07-11,153922,20923,70433.0,64754.0,10534.0,8566.0,1485439.00,405512.00,1936926.00,12304526.00,70690.0333,20188.9,86528,23447.1429,5677914.00,6757841.00,333748,1063605,18484.6667,84236
2025-07-10,116681,24259,56280.0,52149.0,8587.0,13704.0,203719.00,-154323.00,1344242.00,9291448.00,69095.0667,19757.8333,78930.1429,23830.5714,4654750.00,5012792.00,323904,1047887,20508.3333,66230.6667
2025-07-09,89572,15713,45028.0,31240.0,8159.0,6023.0,333250.00,-126949.00,1024735.00,7410475.00,69476.9333,20373.0333,75030.2857,25860.7143,3469367.00,3929566.00,321451,1025829,19420.6667,58630.6667
2025-07-08,46455,15482,21018.0,19603.0,8957.0,5765.0,87476.00,-132665.00,1184475.00,4301009.00,71768.1,20753.4,75496.8571,26435,2258946.00,2479087.00,314892,1019824,28164.3333,102305
2025-07-07,62665,30330,25376.0,30412.0,10917.0,17626.0,-366919.00,-324106.00,1773656.00,4976402.00,77131.3,21318.5333,80648.2857,26199.7143,3010877.00,2968108.00,311414,1000294,26115.3333,96774.3333
2025-07-03,66772,12450,28403.0,31621.0,6332.0,4886.0,-252683.00,243199.00,1111804.00,6427384.00,76302.0333,21237.8,85987.4286,28682.5714,3619708.00,3123827.00,329737,1038561,30946.3333,95682.3333
2025-07-02,177478,41713,103839.0,59098.0,13238.0,26096.0,1426311.00,-604974.00,2590240.00,17923901.00,71901.2,20622.6667,69600.5714,27561.4286,8261918.00,10293203.00,318523,1020947,27016.6667,57280.6667
2025-07-01,46073,24183,21569.0,20291.0,10882.0,11265.0,-175961.00,-259878.00,2020956.00,3302471.00,74274.4667,20829.6333,70406,26613,2410082.00,2493999.00,309357,1016622,25456.3333,58496.6667
2025-06-30,63496,26943,34383.0,23729.0,10695.0,13329.0,715447.00,-327262.00,1452326.00,4927365.00,74080.9,20375.5667,70437.1429,25937,2356016.00,3398725.00,300840,999283,26036.3333,70239.6667
2025-06-27,62273,29924,30385.0,26556.0,11279.0,16148.0,128788.00,-275827.00,1488418.00,4208873.00,73485.2667,20134.0333,72097.7143,24713.5714,2399277.00,2803892.00,313831,1029776,26005,84197.3333
2025-06-26,49721,19502,22326.0,18627.0,10196.0,7358.0,-279045.00,-131214.00,1465646.00,3508293.00,74507.8667,20156.1,71590.5714,23732.2857,2216977.00,2069146.00,307317,1019883,30792.6667,88547
2025-06-25,98725,28683,54630.0,23941.0,12884.0,13895.0,1447919.00,10417.00,1435840.00,5954066.00,73747.5,20201.3333,67267.8571,21958.2857,2474786.00,3912288.00,296295,995432,27079.6667,72875.6667
2025-06-24,104146,29830,63264.0,32300.0,11290.0,15585.0,946368.00,34950.00,1601373.00,4925423.00,77563.8333,21054.8333,61735.8571,19338.1429,2470814.00,3382232.00,290247,953292,24540,59398.3333
2025-06-23,62770,33865,25527.0,33446.0,16277.0,15663.0,-230857.00,-768335.00,2730107.00,2552116.00,79133.9,20911.7,58239,16891.4286,2231247.00,2768725.00,266303,925577,20371.6667,63107.3333
2025-06-20,51711,17544,20196.0,26347.0,7885.0,6972.0,18056.00,2400.00,1086497.00,2170630.00,78538.9667,20940,55992.7143,15828.8571,1457853.00,1473509.00,325381,1070094,18734.6667,61260.6667
2025-06-18,63714,22211,21943.0,32660.0,5621.0,14903.0,103604.00,-802580.00,1533972.00,1983352.00,77471,20548.9333,55471.7143,15507.1429,1115300.00,2021484.00,316713,1064823,16752.6667,62844.6667
2025-06-17,73897,21360,24941.0,43341.0,10197.0,7166.0,-582261.00,-127158.00,1829757.00,3592558.00,76105.6,20352.4333,59890.7143,16130.1429,2588161.00,2133058.00,307792,1048326,13462.3333,60019.6667
2025-06-16,46171,12633,19215.0,23768.0,3840.0,7613.0,-99250.00,-616680.00,1395640.00,1864780.00,77099.8,20550.9667,60369.8571,16415.8571,1191144.00,1708574.00,302709,1032011,14830.6667,57393.3333
2025-06-13,68466,16265,34437.0,30582.0,8519.0,6077.0,-202025.00,18421.00,1006967.00,2314047.00,76586.9,20478.6,57598.7143,16355.2857,1626094.00,1405648.00,317276,1073451,12777.6667,46567
2025-06-12,65422,11489,30792.0,30587.0,7491.0,3238.0,72520.00,-13119.00,728757.00,2276146.00,77978.2,20390.1667,63491.5714,16373.8571,1346272.00,1431911.00,314855,1067432,15601,44782
2025-06-11,38292,16738,16370.0,18162.0,8718.0,6877.0,-83903.00,51630.00,795533.00,2493687.00,77682.8,20044.2667,65388.1429,15526.7143,1524659.00,1389126.00,311191,1064442,18595.3333,66961.3333
2025-06-10,35987,10106,16721.0,16016.0,5858.0,3459.0,121100.00,154795.00,472608.00,2532918.00,77807.8,20217.9,67678.5714,16785.8571,1388809.00,1355114.00,310840,1053763,20104.3333,71474
2025-06-09,60067,19959,27608.0,27513.0,7802.0,10382.0,-151471.00,39208.00,1074358.00,2866291.00,77867.8,20133.7333,73341.1429,16234,1863578.00,1672899.00,300365,1037021,18731.6667,67807.6667
2025-06-06,104830,25721,42743.0,37280.0,13034.0,11031.0,175699.00,-296793.00,1490987.00,4192497.00,75210.4,19715.1,66473.8571,14109.1429,2129177.00,2601669.00,312546,1073829,14031,68421.6667
2025-06-05,49525,14633,20210.0,25795.0,9135.0,3684.0,-204898.00,88982.00,715691.00,1810021.00,77247,20365.1667,69232,13636.8571,1161403.00,867523.00,311684,1073696,12756,69102.6667
2025-06-04,49068,15841,20685.0,24544.0,4726.0,10107.0,-496844.00,-25770.00,1208817.00,2676961.00,78974.7,21258.2,76654.8571,16255.1429,2007357.00,1536283.00,304637,1067414,13782.3333,70086.6667
2025-06-03,106672,11619,61707.0,40474.0,6527.0,3903.0,419671.00,54922.00,791898.00,2846491.00,77415.4667,22076.8,77871.7143,18437.1429,1498695.00,1867529.00,302743,1041648,15274.6667,67764.3333
2025-06-02,51568,10808,17440.0,30489.0,5404.0,4455.0,-294663.00,-100917.00,762144.00,2188086.00,77238.5,22495.2,102442.1429,23648,1421516.00,1227770.00,297593,1022132,15287.6667,69494.6667
2025-05-30,52020,18920,23319.0,24188.0,8353.0,8435.0,-169953.00,-783061.00,2023278.00,2475184.00,78081.1667,22804.7333,100995.5714,22377.7143,1698062.00,2311170.00,312912,1106872,12756.6667,75098.6667
2025-05-29,99705,16096,29974.0,48221.0,6719.0,7985.0,-538481.00,-53973.00,1002721.00,3188571.00,76475.1333,22836,93245.2857,23401,2018854.00,1534346.00,307516,1060954,18781,75539.6667
2025-05-28,56759,10847,17955.0,35053.0,4879.0,4101.0,-479652.00,93346.00,837917.00,2542381.00,76309.1667,23024.2333,101889.8571,26193.1429,1769827.00,1196829.00,302808,1043394,24129.6667,95016.6667
2025-05-27,68832,11327,29113.0,33938.0,4543.0,5357.0,28913.00,-71977.00,796759.00,3693568.00,76564.7333,23559.9,100298,26478,1984097.00,2084987.00,298859,1028035,36115.3333,146593
2025-05-23,101028,34169,51050.0,37310.0,17439.0,14223.0,212667.00,-186981.00,2470016.00,5462959.00,74566.7,23042.9667,92208.8571,24836.4286,3182207.00,3582329.00,315429,1064533,28068.3333,126881.6667
2025-05-22,115190,26893,51951.0,54199.0,13053.0,11877.0,482167.00,134009.00,1579600.00,7527877.00,73293.2667,22807.1,87238.7143,23875.1429,4048806.00,4396964.00,303345,1036799,26857,103636
2025-05-21,223561,47284,119313.0,88695.0,20801.0,23360.0,394646.00,149447.00,2122149.00,12833507.00,67874.4333,21990.7667,66146.2857,21411.7143,6711012.00,6956211.00,290732,1015184,21226.3333,68206
2025-05-20,41894,10028,18815.0,18859.0,3850.0,5071.0,250866.00,-135766.00,597113.00,2512407.00,69572.6667,22314.9,91395.1429,27898.4286,1210262.00,1596894.00,286127,1001363,22324,73471
2025-05-19,45453,23259,20158.0,20601.0,6902.0,14661.0,113649.00,-358916.00,941825.00,2742899.00,70742.4,22551.3667,100597.8571,28800.1429,1370162.00,1842727.00,271820,985197,22130.3333,73121.3333
2025-05-16,117271,30392,58875.0,47697.0,12593.0,14607.0,374973.00,231603.00,1736616.00,5602100.00,69218.2,22067.6,88682.4286,27086,3090464.00,3233834.00,303843,1051717,18721,60830.6667
2025-05-15,57689,13321,27926.0,20384.0,5713.0,6009.0,-523345.00,-14629.00,667324.00,3812814.00,69271.3667,22179.4333,84966.1429,26680,2229509.00,1720793.00,301480,1042552,24294,66905.6667
2025-05-14,44404,22678,19056.0,21743.0,7206.0,14230.0,147471.00,-475008.00,1504232.00,3059203.00,72237.3667,21973.3667,83327.7143,25649.5714,1728402.00,2350881.00,300483,1033123,35213,124983
2025-05-13,80399,20164,39269.0,31862.0,7219.0,12069.0,365568.00,-83310.00,1001142.00,6615830.00,71281,21735.4,82698.8571,25424.5714,3084320.00,3533198.00,296366,1015456,38348.6667,134807.3333
2025-05-12,75914,30040,33577.0,33762.0,13629.0,14768.0,253135.00,-287047.00,1706136.00,6286403.00,72042.8333,21738.1667,79436.7143,23146.5714,3074174.00,3614356.00,293038,999096,34466.3333,120790.3333
2025-05-09,218636,55435,104143.0,87810.0,26776.0,23947.0,1220587.00,433776.00,2582906.00,10479269.00,66065.1667,20357.0333,63511.7143,16489.5714,5435903.00,6222714.00,322602,1010434,19481,58470
2025-05-08,109872,29571,65607.0,36453.0,12042.0,16216.0,2199147.00,-155262.00,1096841.00,6303703.00,63441.5667,20069.3333,52020,13173.8571,2253312.00,4607721.00,316294,974858,14779,32824.3333
2025-05-07,33863,18393,15903.0,15642.0,14359.0,3040.0,318835.00,-2966.00,644056.00,1430139.00,63566.8,20141.6333,52859.1429,12734.1429,786919.00,1108720.00,307386,961585,14844.3333,46869
2025-05-06,31675,10479,16429.0,13493.0,5615.0,4052.0,340341.00,-162235.00,768069.00,1526236.00,67092.3,21174.9667,57172.2857,13727.7143,806564.00,1309140.00,301803,951309,16049.3333,54003.6667
2025-05-05,32935,15465,13451.0,15771.0,5674.0,8030.0,-42779.00,-41735.00,887216.00,2226455.00,69209.3667,21443.3333,56054.1429,13398.7143,1374625.00,1373581.00,293060,940489,13839.6667,78745.6667
2025-05-02,75997,18589,36189.0,31773.0,6681.0,9750.0,1721062.00,-129421.00,1363627.00,4993207.00,68158.1667,21255.0667,61000.7143,15619.5714,1921868.00,3772351.00,303661,991903,9763.6667,63223.3333
2025-05-01,53079,14094,28406.0,19750.0,7773.0,5514.0,368678.00,100351.00,867068.00,3168112.00,68095.7667,21265.0667,67832.1429,19696.4286,1737671.00,2005998.00,301250,982218,10170.6667,58776
2025-04-30,107161,8836,31389.0,67072.0,4719.0,3235.0,-246283.00,-14548.00,709753.00,2635252.00,65717.8,21540.5333,61079.8571,23602.2857,1542765.00,1311030.00,297638,952045,13036.6667,43678
2025-04-29,29430,6361,11295.0,13813.0,3229.0,2630.0,215384.00,-43178.00,660216.00,2094937.00,67182.8333,21978.1,63484,26030.7143,1061787.00,1320349.00,294501,942432,15303.6667,42237.3333
2025-04-28,39737,15315,18418.0,17821.0,8418.0,4987.0,244613.00,309617.00,1093002.00,3046685.00,68563.5667,21902.1,68850.1429,27872.2857,1853901.00,1788897.00,287748,931918,21577,65866
2025-04-25,61867,17434,29200.0,25639.0,6696.0,9766.0,-167243.00,-339673.00,1178446.00,4289446.00,67919.5,21637.5333,67372.5714,27815.1429,2316517.00,2488947.00,316018,1000118,29976.3333,78876.6667
2025-04-24,25108,13162,10291.0,11683.0,5788.0,6404.0,-168312.00,100746.00,501457.00,1841646.00,68691.5667,21598.9667,71182.8571,28291.1429,1165195.00,896137.00,315307,992345,37648,90472.3333
2025-04-23,110623,34135,42941.0,44779.0,12911.0,18028.0,-673526.00,-238712.00,1828769.00,5477778.00,67543.8333,21369.5333,66308,27328.5714,3424231.00,2989417.00,303310,956399,34056.3333,69017.6667
2025-04-22,100899,42632,54937.0,36964.0,16420.0,22647.0,558363.00,-525911.00,2215573.00,5585121.00,67246.1333,20688.7,57763.4286,23904.1429,2979318.00,4063592.00,286231,934642,29247.6667,61151.3333
2025-04-21,59895,36177,25335.0,30694.0,16026.0,16997.0,-129783.00,-176648.00,1543062.00,2366600.00,68743.8,20460.0333,60205.1429,21567,1753189.00,1800054.00,269044,909038,22866.6667,58361
2025-04-17,46259,23360,22577.0,18483.0,6555.0,13358.0,101591.00,-395155.00,2634950.00,1647966.00,68765.4,20068.9333,62310.4286,21486.1429,1415706.00,1912452.00,294215,1010485,20578,60201.3333
2025-04-16,77300,28206,39434.0,34867.0,13423.0,13479.0,-34428.00,-353056.00,1886656.00,1878547.00,68135.1,19539.8333,64530.5714,20278.4286,1586348.00,1904976.00,281861,997310,20308.3333,59934.3333
2025-04-15,51524,17034,27090.0,20122.0,10233.0,5480.0,193527.00,219232.00,813216.00,2172731.00,69333.7333,19564.6667,68676.4286,22181.1429,1354052.00,1328347.00,278992,977116,20850.6667,56455.3333
2025-04-14,51780,16494,26770.0,19456.0,11033.0,4440.0,173545.00,35282.00,903575.00,2121035.00,71132.5,19639.7333,71500,22093.2857,1283141.00,1421404.00,274900,959439,21958.3333,64857.6667
2025-04-11,76499,27397,39426.0,33815.0,13495.0,12445.0,430605.00,275338.00,1559966.00,2352619.00,72341.3333,19445.7667,69040.7143,20561.7143,1755680.00,1910947.00,288794,994201,20424,59690
2025-04-10,41087,18661,21100.0,17503.0,11481.0,5438.0,694104.00,120170.00,1274251.00,2051795.00,73475.9333,19415.0333,82226,20252.4286,1213136.00,1787070.00,289874,983638,20787.6667,76941.3333
2025-04-09,76987,19817,36203.0,34186.0,6814.0,10768.0,58531.00,-145494.00,1364672.00,3503495.00,72805.7667,19620,78614.7143,19282.1429,2095668.00,2299693.00,284253,966821,24299.6667,78127.3333
2025-04-08,60996,22794,27280.0,30273.0,13911.0,5908.0,38206.00,1579594.00,2986477.00,2000258.00,75408.266666666667,20096.700000000000,84010.857142857143,20329.142857142857,3079829.00,1538441.00,276487,962121,21994.666666666667,81643.666666666667
2025-04-07,92841,19752,43612.0,42981.0,9797.0,8155.0,105654.00,1084680.00,3490275.00,3568990.00,76059.233333333333,20187.766666666667,76363.000000000000,19507.571428571429,3718343.00,2739317.00,270944,937148,20969.333333333333,70458.000000000000
2025-04-04,80545,30353,36009.0,39407.0,16982.0,11117.0,108668.00,630342.00,2609844.00,3352453.00,77204.233333333333,20722.400000000000,69308.571428571429,18162.857142857143,2921954.00,2400280.00,284324,1006666,16350.333333333333,88071.000000000000
2025-04-03,71545,15879,40427.0,26969.0,7718.0,6693.0,274409.00,766.00,1612349.00,1824349.00,77378.200000000000,20790.333333333333,64462.142857142857,18831.857142857143,1359366.00,1633009.00,282901,997723,15399.000000000000,81458.666666666667
2025-04-02,59284,16676,35261.0,19677.0,8792.0,6611.0,348420.00,185052.00,856406.00,2412838.00,78287.833333333333,20716.866666666667,75627.285714285714,22375.142857142857,1427264.00,1590632.00,276188,984740,19881.333333333333,94620.333333333333
2025-04-01,133384,16496,71289.0,56243.0,6068.0,6303.0,1335373.00,65565.00,2129635.00,4275342.00,77171.100000000000,21056.633333333333,70350.571428571429,23378.000000000000,2127462.00,3397270.00,268759,955442,19049.666666666667,63261.000000000000
2025-03-31,51708,13025,18255.0,29185.0,3935.0,5133.0,97855.00,-266144.00,1739742.00,2489360.00,78305.600000000000,21754.933333333333,69315.285714285714,23366.000000000000,1572081.00,1936080.00,271672,933163,21688.000000000000,56413.000000000000
2025-03-28,98769,30123,43726.0,50782.0,14228.0,11060.0,1104390.00,-441774.00,3689436.00,4062826.00,76766.800000000000,21157.300000000000,62520.714285714286,21119.000000000000,2732653.00,4278817.00,282831,981019,18501.000000000000,36030.000000000000
2025-03-27,39306,14001,16948.0,18423.0,5470.0,6280.0,-18449.00,189408.00,2006909.00,2141744.00,77692.400000000000,21098.900000000000,62023.000000000000,21561.714285714286,1903450.00,1695593.00,283897,975771,27660.333333333333,68741.333333333333
2025-03-26,31164,20940,11733.0,16472.0,9759.0,8772.0,-99001.00,127403.00,1200391.00,1347345.00,79696.000000000000,21169.633333333333,68054.000000000000,21354.285714285714,1182051.00,955647.00,280598,972698,28519.000000000000,90502.333333333333
2025-03-25,37620,20562,14478.0,17972.0,5849.0,12128.0,-79334.00,-300573.00,761007.00,1726189.00,80956.000000000000,21284.233333333333,74273.857142857143,20279.000000000000,972066.00,1193305.00,277382,970075,25978.666666666667,92782.666666666667
2025-03-24,137440,41479,76633.0,48040.0,17132.0,20609.0,794304.00,-372833.00,1835977.00,5561650.00,83597.866666666667,22072.733333333333,60717.428571428571,15710.142857142857,2526485.00,3693622.00,269396,922228,16950.333333333333,64038.333333333333
2025-03-21,96447,23516,47554.0,39719.0,10355.0,10993.0,-148496.00,-224685.00,1568345.00,6275850.00,83305.533333333333,22169.066666666667,53835.000000000000,14065.714285714286,3321391.00,3397580.00,308421,1160863,14811.666666666667,43830.000000000000
2025-03-20,44461,12941,22541.0,19269.0,7681.0,3722.0,-80454.00,1781716.00,2639471.00,1726771.00,83595.433333333333,22199.466666666667,58367.857142857143,16110.142857142857,2987685.00,1125515.00,316178,1143734,16994.000000000000,53470.000000000000
2025-03-19,51207,14394,22467.0,20639.0,4776.0,7750.0,153274.00,65416.00,1287655.00,2165683.00,84104.033333333333,22438.933333333333,64190.857142857143,17226.285714285714,1452855.00,1540713.00,313990,1129860,16541.000000000000,63454.000000000000
2025-03-18,35822,17100,13664.0,20019.0,6388.0,7225.0,-77283.00,-85688.00,1843544.00,1538260.00,85874.466666666667,22457.433333333333,74048.428571428571,18971.571428571429,1506562.00,1514967.00,312590,1119466,14006.666666666667,65695.000000000000
2025-03-17,73381,19488,33066.0,37073.0,7768.0,9770.0,240760.00,-123742.00,1396771.00,3452427.00,86090.700000000000,22488.066666666667,70266.428571428571,17848.571428571429,2049504.00,2414006.00,308839,1084965,11512.3333333333333333,57324.666666666667
2025-03-14,81159,13035,38519.0,36309.0,4797.0,6104.0,198520.00,-156405.00,1418421.00,2801307.00,85594.000000000000,22701.100000000000,67013.857142857143,17748.285714285714,1627439.00,1982364.00,323941,1099426,16251.333333333333,55668.666666666667
2025-03-13,42545,9497,13181.0,27115.0,4260.0,3889.0,-76607.00,215560.00,1277874.00,1901511.00,85547.100000000000,22734.200000000000,73433.571428571429,18931.428571428571,1592481.00,1300314.00,323438,1085224,20488.000000000000,72143.000000000000
2025-03-12,48270,12005,22301.0,21578.0,5722.0,4595.0,12025.00,120625.00,1426543.00,2801041.00,85935.433333333333,22857.466666666667,81644.000000000000,19894.428571428571,1936871.00,1828271.00,320137,1077831,26258.666666666667,90994.666666666667
2025-03-11,76191,27252,33417.0,38583.0,11538.0,11525.0,-102605.00,-382149.00,5487460.00,3592607.00,87827.200000000000,23117.333333333333,86868.714285714286,19083.857142857143,3548047.00,3827591.00,314641,1055329,21050.333333333333,81233.333333333333
2025-03-10,91968,22207,32941.0,53860.0,9540.0,9907.0,396238.00,417718.00,2846699.00,5498834.00,88622.633333333333,23505.333333333333,84462.571428571429,18445.571428571429,3674498.00,3653018.00,310685,1035035,17759.000000000000,70041.000000000000
2025-03-07,104825,29317,48142.0,45682.0,10581.0,14775.0,987689.00,-312258.00,2607470.00,5802308.00,88499.033333333333,23117.933333333333,77613.571428571429,17966.857142857143,2912717.00,4212664.00,320635,1088331,13913.000000000000,64260.333333333333
2025-03-06,46907,11627,22525.0,18013.0,6167.0,4671.0,-156142.00,24202.00,1034208.00,3140323.00,88802.233333333333,23353.800000000000,90779.857142857143,21605.142857142857,1879089.00,1698745.00,317719,1074456,16286.000000000000,83872.333333333333
2025-03-05,58391,12333,33394.0,19630.0,4762.0,5526.0,635239.00,58273.00,1134943.00,3180785.00,90280.333333333333,23910.900000000000,98491.142857142857,23055.285714285714,1625582.00,2202548.00,315434,1063827,19367.666666666667,101996.666666666667
2025-03-04,87483,17779,39387.0,39644.0,6939.0,7751.0,152637.00,-600754.00,3244241.00,4232729.00,93385.133333333333,24776.633333333333,102407.142857142857,27142.857142857143,2859645.00,3613036.00,313136,1046654,19354.333333333333,97877.333333333333
2025-03-03,105743,18746,42018.0,55540.0,7798.0,7305.0,-634494.00,167220.00,2548380.00,8034349.00,91432.000000000000,24794.900000000000,98267.285714285714,27024.428571428571,4931326.00,4129612.00,308312,1021760,21761.000000000000,81590.333333333333
2025-02-28,112764,21578,64739.0,38996.0,9569.0,8998.0,1503779.00,1990.00,2552352.00,6846828.00,91202.500000000000,25371.900000000000,94525.714285714286,26009.285714285714,3344949.00,4846738.00,327944,1059134,26933.333333333333,90359.333333333333
2025-02-27,75125,17739,30544.0,36193.0,6638.0,6677.0,546695.00,21965.00,1856517.00,4792452.00,91656.600000000000,25801.700000000000,98062.428571428571,27287.857142857143,2605128.00,3129858.00,322967,1039636,28515.000000000000,102774.333333333333
2025-02-26,56882,25966,28527.0,24546.0,13353.0,7664.0,58716.00,113732.00,3014716.00,3984139.00,91985.533333333333,25536.600000000000,102185.428571428571,28431.857142857143,3011180.00,2956164.00,311179,1022643,35323.666666666667,122112.000000000000
2025-02-25,139071,37095,65828.0,60813.0,21244.0,11480.0,609685.00,613145.00,5011703.00,7014602.00,89523.633333333333,25044.933333333333,89833.142857142857,24874.571428571429,5313891.00,5310431.00,294021,980874,28931.000000000000,101343.000000000000
2025-02-24,112370,22484,56269.0,48950.0,10147.0,9282.0,219133.00,61755.00,3092445.00,6040409.00,88553.966666666667,25203.566666666667,83362.285714285714,23412.428571428571,4015993.00,4173371.00,288576,949153,26260.333333333333,92744.000000000000
2025-02-21,114895,46392,49507.0,55376.0,26112.0,14738.0,-1145571.00,308366.00,3118026.00,7488969.00,88194.533333333333,24253.566666666667,79987.571428571429,20079.571428571429,5413642.00,3959705.00,305811,1049627,19692.666666666667,87739.666666666667
2025-02-20,76764,17917,35471.0,35563.0,7883.0,7983.0,-264732.00,-850752.00,2015550.00,3757293.00,90684.233333333333,24459.733333333333,79795.571428571429,20948.571428571429,2329398.00,2915418.00,301000,1029111,25045.000000000000,90732.666666666667
2025-02-19,86573,14472,26031.0,55059.0,5428.0,6805.0,-1093060.00,-220798.00,1876805.00,5015666.00,93146.300000000000,25211.800000000000,98384.571428571429,28186.000000000000,3510618.00,2638356.00,295704,1013919,24285.666666666667,79410.000000000000
2025-02-18,99882,26689,38472.0,54423.0,11671.0,12246.0,-1157032.00,-296868.00,3306008.00,5950570.00,92192.833333333333,25107.833333333333,96641.000000000000,28145.571428571429,4466271.00,3606107.00,287914,980222,19472.333333333333,68474.000000000000
2025-02-14,85743,33974,33018.0,47337.0,11054.0,20550.0,-1187215.00,-1057985.00,3370701.00,5243114.00,91977.000000000000,24444.300000000000,91986.000000000000,25271.142857142857,4037305.00,3908075.00,302517,1027969,15835.000000000000,70317.000000000000
2025-02-13,52605,12194,21981.0,25636.0,4231.0,4246.0,-1207829.00,69661.00,1557986.00,5190900.00,94505.433333333333,25266.266666666667,93966.000000000000,26611.714285714286,3502318.00,2224828.00,299331,1013112,19770.333333333333,77922.000000000000
2025-02-12,67074,12249,30334.0,28556.0,4535.0,5614.0,113822.00,95254.00,1604513.00,4454780.00,95608.166666666667,26197.433333333333,97089.000000000000,27384.000000000000,2646984.00,2665552.00,296414,995784,37398.666666666667,127796.000000000000
2025-02-11,91272,23062,47897.0,37439.0,11656.0,8472.0,375378.00,196302.00,2107674.00,5632774.00,95326.033333333333,26030.200000000000,95459.857142857143,27004.714285714286,3436334.00,3615410.00,289956,977274,38513.333333333333,126597.666666666667
2025-02-10,75420,24000,30862.0,37478.0,9662.0,12211.0,-71976.00,37052.00,2198708.00,4213229.00,95165.633333333333,25662.766666666667,94151.000000000000,26351.285714285714,2970349.00,2861321.00,283254,955062,35131.000000000000,119177.000000000000
2025-02-07,216696,65134,109573.0,90236.0,27327.0,31264.0,2479096.00,-663272.00,3524343.00,13880515.00,92521.666666666667,24805.500000000000,69071.285714285714,18545.000000000000,6361036.00,9503404.00,293602,1005586,20612.333333333333,69100.000000000000
2025-02-06,87677,26406,47957.0,31002.0,11854.0,12063.0,1363438.00,-123517.00,2689640.00,4942393.00,93611.600000000000,25371.533333333333,65106.000000000000,17016.000000000000,2703658.00,4190613.00,282231,979319,17695.333333333333,69519.333333333333
2025-02-05,53158,13853,17602.0,29667.0,4263.0,7914.0,-365644.00,10360.00,1241114.00,3561735.00,97190.200000000000,26339.066666666667,76504.000000000000,20043.857142857143,2241062.00,1865058.00,276237,957796,19880.000000000000,78422.666666666667
2025-02-04,66465,21578,26672.0,30198.0,7682.0,11627.0,-828613.00,-66117.00,3572751.00,5262226.00,102019.866666666667,27252.500000000000,83556.285714285714,21796.571428571429,3939473.00,3176977.00,264193,928456,19162.666666666667,78353.666666666667
2025-02-03,88935,17655,37207.0,43217.0,6153.0,8296.0,-266075.00,-402640.00,2397623.00,7637341.00,101996.400000000000,27439.966666666667,85296.571428571429,21802.285714285714,3977644.00,4114209.00,258168,890501,16774.333333333333,62421.333333333333
2025-01-31,79868,20407,35009.0,39842.0,9933.0,8571.0,97305.00,-3200.00,1922431.00,3884505.00,105165.833333333333,28170.033333333333,81887.285714285714,21558.857142857143,2640652.00,2741157.00,297814,951655,15206.333333333333,55772.000000000000
2025-01-30,66258,19426,33989.0,24815.0,6083.0,11992.0,2333303.00,-220434.00,1395048.00,6123877.00,111435.300000000000,29789.966666666667,87098.142857142857,22933.142857142857,2145194.00,4698931.00,294239,939021,20413.666666666667,78000.666666666667
2025-01-29,41138,10490,21423.0,16408.0,3218.0,6256.0,26353.00,-103392.00,750433.00,3253178.00,113052.900000000000,30355.633333333333,107025.142857142857,27684.714285714286,1761027.00,1890772.00,289972,922906,28199.333333333333,102898.333333333333
2025-01-28,59920,15703,23350.0,30258.0,7466.0,5029.0,-294845.00,-501.00,1461872.00,5936150.00,114899.866666666667,30467.500000000000,105200.714285714286,28197.714285714286,3273083.00,2978739.00,285569,899544,28863.333333333333,116630.666666666667
2025-01-27,132944,35048,57122.0,58244.0,18502.0,11216.0,-213689.00,773018.00,4485079.00,11227065.00,113504.766666666667,29987.866666666667,101334.285714285714,28746.285714285714,7119603.00,6132896.00,266356,846777,23415.000000000000,90983.666666666667
2025-01-24,115831,33847,48163.0,56324.0,12990.0,16858.0,-528884.00,-799564.00,3202530.00,7439848.00,114038.866666666667,29927.800000000000,97465.285714285714,28287.142857142857,4471114.00,4741794.00,301551,908175,21814.666666666667,86618.000000000000
2025-01-23,101117,17695,54549.0,37153.0,7839.0,7856.0,2105674.00,-135322.00,1821688.00,8566135.00,116788.033333333333,30819.166666666667,92555.714285714286,28332.571428571429,3594680.00,5835676.00,298779,886833,30500.000000000000,113121.333333333333
2025-01-22,56003,18703,24202.0,26134.0,7330.0,8102.0,-389597.00,-154898.00,2560812.00,4857925.00,120199.533333333333,31586.566666666667,93871.571428571429,28852.857142857143,3310048.00,3075349.00,289879,874562,30697.000000000000,110170.000000000000
2025-01-21,102734,29046,47125.0,43754.0,13054.0,12024.0,453107.00,49066.00,2392517.00,8259193.00,121356.533333333333,31709.000000000000,91092.428571428571,28595.285714285714,4472702.00,4876743.00,273425,837090,33977.666666666667,111218.333333333333
2025-01-17,180627,43751,94854.0,66821.0,11408.0,29257.0,2083059.00,-1215382.00,3135335.00,16591854.00,121142.600000000000,31636.966666666667,80161.714285714286,24901.142857142857,6949220.00,10247661.00,332631,1101262,29605.000000000000,80592.000000000000
2025-01-16,47149,19294,22048.0,19640.0,5807.0,11004.0,2092.00,-549157.00,2207204.00,5108531.00,123574.200000000000,32243.066666666667,95062.571428571429,25588.000000000000,2973285.00,3524534.00,327055,1089581,29178.000000000000,87125.666666666667
2025-01-15,105879,38888,58713.0,37978.0,12988.0,23178.0,1043850.00,-652661.00,6128042.00,8726346.00,123726.033333333333,32091.666666666667,102856.285714285714,25323.142857142857,5590446.00,7286957.00,307306,1060211,23663.666666666667,73570.666666666667
2025-01-14,88748,30633,37634.0,45411.0,15066.0,13675.0,-1363541.00,215516.00,2364693.00,8358988.00,123705.433333333333,31754.000000000000,100360.571428571429,24314.142857142857,5685653.00,4106596.00,289162,1021668,22533.666666666667,71748.000000000000
2025-01-13,66750,18013,31676.0,29525.0,8016.0,7552.0,760517.00,-600163.00,2261270.00,6358835.00,125236.333333333333,32352.300000000000,102148.857142857143,23750.571428571429,3068852.00,4429532.00,287357,999763,22493.333333333333,84202.000000000000
2025-01-10,65214,22345,32832.0,23435.0,8503.0,10243.0,608013.00,-1142998.00,3242779.00,4799322.00,126173.533333333333,33199.766666666667,111183.714285714286,25823.142857142857,2624246.00,4375257.00,302919,1054475,23079.000000000000,112949.000000000000
2025-01-08,83280,27243,36050.0,40466.0,14911.0,9649.0,-678637.00,-670439.00,4119177.00,5072535.00,129965.600000000000,35039.800000000000,113594.571428571429,27671.857142857143,4027900.00,4019702.00,293716,1023900,26342.666666666667,138667.333333333333
2025-01-07,104112,17892,30398.0,64902.0,7945.0,8350.0,-1584924.00,552695.00,2674169.00,8939780.00,132328.000000000000,35638.333333333333,110551.142857142857,27693.714285714286,6161647.00,4024028.00,286357,1005909,28235.333333333333,127722.666666666667
2025-01-06,151455,24102,72570.0,66325.0,11264.0,10592.0,1624807.00,-455425.00,2152098.00,12379219.00,131391.666666666667,35722.600000000000,99001.571428571429,26104.428571428571,5545823.00,7626055.00,279748,973108,24890.666666666667,103660.333333333333
2025-01-03,160435,37034,83507.0,64333.0,16094.0,15177.0,358653.00,-364278.00,3632212.00,9470053.00,129374.566666666667,35573.466666666667,95707.571428571429,26444.714285714286,5443224.00,6166155.00,289667,984961,24830.333333333333,93001.333333333333
2025-01-02,71278,23570,35064.0,29345.0,6422.0,12876.0,62406.00,-3970418.00,7138855.00,5218740.00,130004.666666666667,35562.766666666667,102721.428571428571,29275.714285714286,3268892.00,7301716.00,283664,966643,30368.333333333333,102627.333333333333
2024-12-31,79268,14068,30996.0,40454.0,6751.0,5195.0,-643467.00,520417.00,2596448.00,7828610.00,130962.600000000000,36234.300000000000,114328.285714285714,33391.571428571429,5110974.00,3947090.00,280880,945541,31694.000000000000,103807.333333333333
2024-12-30,128458,36853,54723.0,64444.0,13986.0,19110.0,827309.00,-1818229.00,6967011.00,11695520.00,130805.866666666667,35983.600000000000,126170.714285714286,35124.142857142857,7094893.00,9740431.00,270247,909348,23735.333333333333,84524.000000000000
2024-12-27,100156,40184,41789.0,46999.0,19808.0,15823.0,-421193.00,-3026035.00,8484578.00,8067240.00,133642.766666666667,36325.200000000000,124467.142857142857,32709.142857142857,6176662.00,8781504.00,279651,990639,23479.333333333333,96931.000000000000
2024-12-26,82808,18045,33411.0,42986.0,8043.0,7834.0,1469565.00,-115264.00,1756172.00,7343709.00,135585.833333333333,36750.533333333333,137630.428571428571,36175.428571428571,3354232.00,4939061.00,277521,964825,31926.666666666667,109453.333333333333
2024-12-24,70608,12977,36400.0,29619.0,4189.0,6454.0,736174.00,-94612.00,1274248.00,5822979.00,145424.700000000000,37913.266666666667,163878.142857142857,44039.285714285714,2854379.00,3685165.00,274478,949546,41894.000000000000,139422.666666666667
2024-12-23,137377,39416,59884.0,65077.0,17091.0,17594.0,28447.00,-12084288.00,16888592.00,12285091.00,140845.466666666667,36599.400000000000,157062.285714285714,42331.285714285714,7683000.00,19795735.00,260657,906864,45082.333333333333,164082.000000000000
2024-12-20,120375,43387,53645.0,55264.0,16014.0,21727.0,469799.00,-2949459.00,7409205.00,11551409.00,140707.533333333333,36052.933333333333,156341.428571428571,38855.857142857143,6834237.00,10253495.00,311808,1074669,38379.666666666667,153367.333333333333
2024-12-19,160516,42879,68391.0,79809.0,16722.0,21176.0,-2254993.00,-2801278.00,9916932.00,19221403.00,140228.933333333333,35618.333333333333,146423.571428571429,35681.571428571429,12917173.00,13463458.00,307403,1035145,38189.666666666667,158179.000000000000
2024-12-18,211355,48981,97421.0,98348.0,23320.0,21176.0,-6770887.00,-2734521.00,9314263.00,26610210.00,135328.066666666667,34527.400000000000,135066.285714285714,33262.142857142857,18921783.00,14885417.00,298225,994717,44537.333333333333,172508.000000000000
2024-12-17,88231,23279,35879.0,45568.0,9150.0,12013.0,266729.00,-340501.00,2496113.00,9337443.00,134914.466666666667,34741.966666666667,148689.285714285714,36284.571428571429,5059058.00,5666288.00,287214,976371,45931.000000000000,172986.333333333333
2024-12-16,174951,42309,74602.0,84097.0,19863.0,14514.0,-1230921.00,127199.00,5154911.00,21153818.00,131384.933333333333,34043.366666666667,146317.428571428571,36201.142857142857,11655459.00,10297339.00,272451,931322,38181.000000000000,153112.333333333333
2024-12-13,254342,68024,111071.0,125109.0,25930.0,35093.0,-4785567.00,-17759353.00,35193854.00,45163835.00,126983.600000000000,32737.933333333333,129617.714285714286,31157.571428571429,31348184.00,44321970.00,278955,931454,22392.666666666667,98695.333333333333
2024-12-12,89666,27460,41844.0,38218.0,10035.0,13822.0,1264240.00,-331224.00,3103101.00,9730455.00,125656.466666666667,32327.133333333333,141695.285714285714,33176.142857142857,4965190.00,6560654.00,272918,910277,23921.000000000000,112758.000000000000
2024-12-11,115329,19059,51702.0,52944.0,7658.0,8568.0,1641203.00,-472553.00,1860522.00,12796106.00,125949.033333333333,32661.700000000000,142376.428571428571,35807.285714285714,5516558.00,7630314.00,265351,875621,32380.000000000000,135512.333333333333
2024-12-10,91091,20659,46767.0,36431.0,9021.0,8818.0,465983.00,80730.00,2644764.00,9114358.00,126691.533333333333,32981.900000000000,145139.714285714286,37762.571428571429,5181403.00,5566656.00,257752,861477,39402.000000000000,157931.333333333333
2024-12-09,131854,32045,61792.0,61187.0,14280.0,14209.0,-531754.00,-68213.00,2328126.00,15889244.00,125454.766666666667,33027.033333333333,138893.428571428571,36113.714285714286,8657662.00,8194121.00,242398,835460,39626.666666666667,159794.666666666667
2024-12-06,183592,44436,95684.0,66658.0,22835.0,16697.0,2032649.00,293233.00,3543073.00,22250495.00,121978.466666666667,32039.566666666667,128762.714285714286,34903.142857142857,10702230.00,11706646.00,269966,895536,38678.000000000000,156667.000000000000
2024-12-05,158348,41725,70179.0,71800.0,22504.0,15732.0,41267,700076,3464925,23378516,119649.233333333333,31885.100000000000,119474.428571428571,35766.571428571429,11805916,11147107,258487,884724,37262.000000000000,143916.666666666667
2024-12-04,137444,32719,66867.0,52440.0,14413.0,11386.0,1053951,321336,3714558,15999531,116903.466666666667,31297.500000000000,127988.428571428571,42870.142857142857,7789197,8521812,249155,862988,37804.333333333333,134913.333333333333
2024-12-03,174209,41590,75872.0,80078.0,17272.0,18779.0,407789,-82159,8537810,23337528,113455.133333333333,30745.933333333333,128099.142857142857,42049.857142857143,13531087,14021035,239843,832332,30775.333333333333,106220.333333333333
2024-12-02,120097,37477,55302.0,53342.0,19704.0,13035.0,3203257,1721026,5024678,21902483,114805.866666666667,30725.200000000000,128566.000000000000,40500.285714285714,11481266,12963497,222162,792180,30270.333333333333,103747.000000000000
2024-11-29,110434,34346,51739.0,47194.0,14333.0,17528.0,2008462,-186507,2168395,17259676,114228.433333333333,30593.000000000000,127064.285714285714,40245.142857142857,7564408,9759377,249380,847936,34744.666666666667,98045.666666666667
2024-11-27,88130,20503,39978.0,38455.0,9476.0,8196.0,795386,-18808,2135746,11925979,116111.966666666667,30677.466666666667,127357.285714285714,40637.428571428571,5803112,6617306,246228,831345,55391.666666666667,134349.666666666667
2024-11-26,112677,35962,43917.0,57012.0,14950.0,16541.0,-3293674,-397473,3990891,18101986,117200.633333333333,30264.266666666667,126690.000000000000,40387.714285714286,11515898,8619697,229396,803501,55353.666666666667,155118.666666666667
2024-11-25,93330,47769,40433.0,43268.0,18320.0,25390.0,611652,-574261,5081529,18528978,119131.433333333333,29288.633333333333,131036.571428571429,37753.857142857143,10098108,11284021,210044,786925,48307.333333333333,165130.333333333333
2024-11-22,197042,82444,105323.0,72535.0,33754.0,40424.0,4839826,-673069,4022458,30512979,116215.666666666667,27166.300000000000,129353.857142857143,33180.714285714286,12688606,18201501,233427,870549,31679.333333333333,132757.000000000000
2024-11-21,174984,35848,73702.0,84617.0,18564.0,13959.0,2187948,190856,3506399,30113169,112178.100000000000,26209.466666666667,124513.285714285714,32460.285714285714,14376028,16373120,222225,842603,27479.666666666667,104489.333333333333
2024-11-20,123365,26630,59591.0,51786.0,11849.0,12305.0,2378623,-345649,3071162,23659134,109521.366666666667,25736.633333333333,159143.142857142857,35493.000000000000,10711825,13436097,214936,823340,30007.666666666667,99369.666666666667
2024-11-19,99922,32560,50585.0,41593.0,12986.0,16564.0,2917451,-2756768,6109211,14566407,107660.200000000000,24924.200000000000,144868.571428571429,30841.571428571429,6675607,12349826,201932,807681,28931.666666666667,107314.333333333333
2024-11-18,90181,23249,41599.0,40859.0,12699.0,8138.0,-883458,225617,1924879,15968125,106525.666666666667,24773.766666666667,148590.857142857143,31376.428571428571,8824998,7715923,190128,786292,37992.666666666667,139008.333333333333
2024-11-15,108006,34214,51174.0,46974.0,15824.0,14278.0,182332,188818,3781543,14713625,105214.600000000000,24189.900000000000,154041.142857142857,30751.714285714286,8387560,8381074,243338,857839,36856.333333333333,150039.666666666667
2024-11-14,123756,29332,44849.0,69220.0,14722.0,11061.0,-74085,231558,4041145,18899459,102532.733333333333,23462.566666666667,145551.571428571429,28883.285714285714,10635888,10330245,238256,833209,43032.000000000000,230712.333333333333
2024-11-13,185263,50432,76450.0,88939.0,24302.0,21653.0,-1139884,591245,5677736,37039304,97933.900000000000,22119.600000000000,129917.285714285714,25923.857142857143,20129397,18398268,221157,793751,26221.333333333333,168958.000000000000
2024-11-12,141100,30805,62619.0,64932.0,9778.0,17774.0,-391155,-696126,2944335,33015359,96014.100000000000,21766.166666666667,119626.571428571429,24573.285714285714,16096941,16401912,210008,777455,24950.666666666667,160670.333333333333
2024-11-11,365774,47859,188464.0,135126.0,18549.0,23630.0,14410266,-781315,4269352,91108372,86045.400000000000,20702.766666666667,84844.857142857143,21859.285714285714,34646117,49837698,196254,771842,18944.666666666667,87465.000000000000
2024-11-08,0,0,,,,,,,0,0,88395.900000000000,21637.600000000000,91966.571428571429,24021.571428571429,0,0,233925,842234,24362.333333333333,108908.000000000000
2024-11-07,116237,26993,57021.0,47801.0,9125.0,14312.0,2505909,-437844,1794550,16391043,88663.933333333333,21326.533333333333,93090.714285714286,24322.000000000000,6585612,9529365,226649,834474,25270.000000000000,95436.666666666667
2024-11-06,146158,29841,77864.0,55585.0,10537.0,15787.0,971632,-256242,2125665,18321173,85441.300000000000,20593.466666666667,88406.142857142857,24382.571428571429,8646980,9874854,225642,820455,22440.000000000000,69739.000000000000
2024-11-05,64329,16253,31904.0,26613.0,7412.0,6058.0,704495,-151061,1715578,5613454,85007.433333333333,20311.266666666667,92752.142857142857,26832.000000000000,2806895,3662451,220977,803027,26642.666666666667,89063.333333333333
2024-11-04,75823,29716,32520.0,34410.0,15251.0,11697.0,-278471,89146,2792286,5651813,84118.033333333333,19626.700000000000,93249.285714285714,24702.857142857143,3925041,3557424,211527,768758,21782.666666666667,80406.333333333333
2024-11-01,69065,21351,28016.0,34086.0,11758.0,7511.0,-802449,77137,1708713,6611452,84200.366666666667,19264.966666666667,96021.571428571429,26951.428571428571,4210003,3330417,225746,839304,24364.333333333333,98753.333333333333
2024-10-31,122302,28861,51144.0,58341.0,11606.0,13323.0,-832726,-285800,2508304,10576460,83103.400000000000,18661.533333333333,86417.142857142857,24984.285714285714,6020802,5473876,221035,802738,24832.333333333333,95774.666666666667
2024-10-30,49852,15136,19593.0,24740.0,8011.0,6245.0,-183788,113733,962743,5015738,82915.366666666667,18430.066666666667,89403.857142857143,26399.571428571429,2793488,2495967,215921,793020,30920.000000000000,110741.000000000000
2024-10-29,124106,29096,63262.0,48794.0,14988.0,11880.0,2053037,187859,1894485,15286225,80428.700000000000,17707.533333333333,94620.000000000000,27508.000000000000,6854430,8719608,207639,761913,26158.666666666667,95806.666666666667
2024-10-28,113366,30265,59450.0,40000.0,10524.0,18013.0,1560733,-479830,2023401,12692087,77346.266666666667,16940.566666666667,91726.428571428571,27524.428571428571,4794296,6834859,200734,728934,28434.000000000000,87508.333333333333
2024-10-25,94751,33399,34269.0,44591.0,20781.0,9750.0,-1441780,212891,1617632,9441634,76059.900000000000,16250.300000000000,98852.857142857143,26044.142857142857,5557188,3902517,226133,783497,22331.333333333333,74281.666666666667
2024-10-24,79303,14812,37960.0,34573.0,5986.0,7337.0,284144,-63124,1231643,7653864,74493.733333333333,16000.166666666667,108286.285714285714,27294.714285714286,3896461,4243729,222009,764241,25741.666666666667,71433.666666666667
2024-10-23,88471,37091,31079.0,40703.0,14084.0,10337.0,-495752,269946,4327290,10717980,72791.766666666667,15065.600000000000,117255.285714285714,24638.857142857143,4937048,4171350,206071,747872,25663.000000000000,95483.000000000000
2024-10-22,55071,15091,20975.0,29109.0,6066.0,8042.0,-587116,-395297,1358925,7110053,73350.833333333333,14866.366666666667,125040.714285714286,25165.000000000000,3899348,3707529,196447,728100,30759.333333333333,108163.000000000000
2024-10-21,70759,25043,29577.0,34987.0,11985.0,11087.0,-765807,150817,1759614,8296028,73223.466666666667,14339.500000000000,122626.142857142857,22607.857142857143,4908880,3992256,187108,703938,30090.666666666667,132788.666666666667
2024-10-18,160619,36855,84041.0,63541.0,19430.0,14766.0,1913971,806555,3900330,18134002,69590.700000000000,13775.066666666667,105918.142857142857,19120.714285714286,9496869,10604285,205965,829569,25661.000000000000,127694.666666666667
2024-10-17,93111,30380,38696.0,45484.0,8217.0,20337.0,-813427,-946009,2078266,9226389,68060.466666666667,13214.600000000000,98914.714285714286,15950.285714285714,4981230,5113812,190182,809266,21701.000000000000,147075.666666666667
2024-10-16,144636,23037,70953.0,60792.0,9615.0,10339.0,711289,-41597,1779479,15127811,64970.733333333333,13010.166666666667,86273.142857142857,15335.857142857143,7331543,8084429,185625,789838,20280.000000000000,135386.666666666667
2024-10-15,145337,23566,66815.0,66098.0,11246.0,10940.0,285221,-89332,1451456,13936350,63726.800000000000,13135.033333333333,75321.285714285714,14354.714285714286,6911053,7285606,181700,784520,14805.666666666667,104893.333333333333
2024-10-14,151254,18500,72862.0,66471.0,8288.0,8652.0,-233532,-268170,1678240,13529990,59927.166666666667,12878.266666666667,59899.285714285714,12785.000000000000,7007101,7041739,176502,753799,12787.3333333333333333,69029.666666666667
2024-10-11,109569,18774,60107.0,39049.0,7498.0,7641.0,668746,-34711,1383648,6692168,57610.800000000000,12735.500000000000,51003.428571428571,11552.000000000000,3078304,3781761,190690,779432,9258.3333333333333333,47202.333333333333
2024-10-10,53857,7143,17732.0,32248.0,3161.0,2832.0,-135497,-36925,1757712,3377339,57593.866666666667,13164.333333333333,55239.000000000000,13417.571428571429,2305161,2206589,189634,755905,13122.6666666666666667,47965.000000000000
2024-10-09,43663,12445,21587.0,19605.0,7126.0,4212.0,241728,133523,662803,3203065,58232.733333333333,13293.866666666667,58531.857142857143,13919.285714285714,1738222,1846427,185034,738326,14540.333333333333,56302.000000000000
2024-10-08,44087,8187,22961.0,18147.0,3736.0,3162.0,885061,-297711,2320386,4463870,58418.366666666667,13462.000000000000,62307.285714285714,16756.142857142857,2553969,3736741,180236,728540,14315.333333333333,56039.666666666667
2024-10-07,56145,18736,24699.0,27659.0,10147.0,7511.0,-29184,15541,1324911,4265299,60518.233333333333,13491.600000000000,72040.571428571429,16602.571428571429,2619847,2575122,170496,710104,11451.0000000000000000,53090.666666666667
2024-10-04,68674,16698,35773.0,26543.0,6573.0,7261.0,763921,-80527,945711,3717806,59564.000000000000,13395.400000000000,69298.428571428571,15338.428571428571,1636672,2481120,183239,741969,12619.0000000000000000,58034.666666666667
2024-10-03,43300,7512,20747.0,19361.0,2070.0,4421.0,567994,-62421,656949,2593121,61115.566666666667,13513.600000000000,70443.142857142857,15377.714285714286,1147587,1778002,182125,724447,15434.000000000000,65839.000000000000
2024-10-02,47298,10143,28056.0,16389.0,4316.0,5014.0,148476,395430,994246,2481024,61791.966666666667,13605.200000000000,70706.428571428571,15240.000000000000,1718181,1471227,180883,702538,21401.333333333333,73578.000000000000
2024-10-01,83506,20202,30096.0,43773.0,10110.0,7864.0,-249006,-254555,2360403,6910828,60467.500000000000,13333.000000000000,68996.285714285714,13853.857142857143,4195910,4201459,171695,667886,20554.333333333333,87168.666666666667
2024-09-30,66713,15957,24150.0,37154.0,7433.0,6966.0,-337443,189603,2052362,4961627,60526.200000000000,13380.600000000000,72236.285714285714,13111.142857142857,3472724,2945678,162115,640191,17851.666666666667,81424.000000000000
2024-09-27,70515,28045,32468.0,32053.0,12391.0,13589.0,58599,-40491,4368105,5534104,59667.400000000000,13050.966666666667,68478.571428571429,10275.0000000000000000,4457454,4556544,157819,673099,11099.0000000000000000,75023.333333333333
