date,call_volume,put_volume,call_volume_ask_side,call_volume_bid_side,put_volume_ask_side,put_volume_bid_side,net_call_premium,net_put_premium,put_premium,call_premium,avg_30_day_call_volume,avg_30_day_put_volume,avg_7_day_call_volume,avg_7_day_put_volume,bearish_premium,bullish_premium,put_open_interest,call_open_interest,avg_3_day_put_volume,avg_3_day_call_volume
2026-09-25,162902,52188,58292,80480,24504,23507,-12263363.00,-2858345.00,24394135.00,74809414.00,124797.6333,68052.6,132412.1429,80755.8571,52015309.00,40235341.00,496158,581233,40062.6667,69614
2026-09-24,78744,39665,33519,37933,17036,17694,-2505119.00,-3808955.00,22291489.00,37602404.00,123470.4667,67487.7333,141172.8571,97051.4286,27495497.00,28799333.00,490404,570987,46977,86694
2026-09-23,51505,35812,22426,25016,15666,17360,-3151326.00,-4359517.00,27010284.00,36658114.00,123281.4,67411.3667,150061,103281.1429,30696593.00,29615184.00,485137,568537,113671.6667,202858.3333
2026-09-22,78593,44711,37496,35189,20940,19663,-2005189.00,17390276.0000,50391647.0000,50227362.00,122780.4333,67092.4667,154232.1429,106913.4286,57079807.0000,37439242.0000,468050,556586,119365.6667,207641.6667
2026-09-21,129984,60408,54730,62509,26854,27101,-5239565.00,-1825854.0000,34736758.0000,100170356.00,123998,67399.3667,149644.1429,102679.5714,64497740.0000,61084029.0000,455518,528701,128231.6667,196019.6667
2026-09-18,399998,235896,182378,178063,110960,104431,4785949.00,-6907227.0000,65592155.0000,191684901.00,112729.5667,60882.4333,106432.1429,73396.7143,115685995.0000,121413621.0000,514031,693694,100844.3333,109376.6667
2026-09-17,92943,61793,43851,37801,27210,30275,728751.00,2132726.0000,111149581.0000,34180817.00,111238.3,59864.3,99253.4286,67944.5714,75093812.0000,62674660.0000,511316,680237,106720,116303
2026-09-16,95118,87006,33319,47997,40128,39946,-5532928.00,1215391.0000,58990108.0000,38019033.00,110140.1333,57760.2667,102334.7143,65315.4286,49128668.0000,42165585.0000,511500,670288,101097,120527.3333
2026-09-15,140069,153734,54829,75481,80918,59422,-17538087.00,11519272.0000,70353324.0000,76578953.00,107365.6,53740.3667,105318.8571,53165.7143,83469645.0000,54445766.0000,492139,654591,60109.3333,106460.3333
2026-09-14,113722,79420,54741,47412,25688,45639,10571113.00,-5742644.00,35518030.00,88853027.00,111500.3667,55957.3667,101159.4286,44885.1429,49079786.00,65393543.00,467240,635320,43941.3333,101057.6667
2026-09-11,107791,70137,47055,50320,31300,30225,-1252942.00,5500577.0000,39987438.0000,36508138.00,110204.3333,55621.4,95933,41895.2857,35032515.0000,28278996.0000,486594,671310,28438.3333,79358
2026-09-10,97868,30771,35842,50318,11774,15053,-9589220.00,-10423620.0000,64772679.0000,45082486.00,107769.9,55212.5667,94635.4286,42737.4286,39671534.00,40785934.0000,483284,666826,41048.6667,85631
2026-09-09,97514,30916,35748,51693,10745,10257,-6220866.00,-274106.00,29379512.00,73400020.00,105694.1667,54947.7,103282.8571,51216.8571,36801944.00,46040634.00,467873,643638,53638.6667,106779
2026-09-08,42692,23628,17461,21342,11558,9969,-1822755.00,1253430.00,20503635.00,32099279.00,105744,55000.0667,119434.2857,56370.7143,23070764.00,19994579.00,460621,634039,52914.6667,120750.3333
2026-09-04,116687,68602,42275,59617,29064,30744,-5399135.00,1605573.0000,35393939.0000,54091421.00,106904.5,54238.9,111478.4286,51872.8571,37278423.0000,30273715.00,487369,690906,46450,105590
2026-09-03,160958,68686,79251,65980,27490,33810,7176808.00,492215.00,47490234.00,99765361.00,103351.4333,53031.3333,101246.8571,49512.2857,56417683.00,61283776.00,475803,671415,35776.6667,81532.3333
2026-09-02,84606,21456,36481,38546,9280,10187,-999509.00,-968451.0000,14999662.0000,38022953.00,102673.9,53448.1667,102241.1429,54400.4286,23481824.00,23450766.0000,472158,663081,58715.3333,106012.3333
2026-09-01,71206,49208,24486,40512,22073,22757,-6773216.00,-376422.0000,29747505.0000,48680662.00,104572.5,53797.4333,136128.1429,71450.4286,39177257.0000,33492463.0000,460884,652812,62214.3333,134194.3333
2026-08-31,88785,36666,45601,34880,15223,18547,12218185.00,-3251175.0000,18721981.0000,64331315.00,103391.0333,53449.4667,155876.4286,80919.8571,30957179.00,46426539.0000,448560,634388,62364.6667,124931.3333
2026-08-28,158046,90272,51949,82607,43190,38037,-21739754.00,40763.00,37009355.00,81172389.00,102789.9333,52202.1667,165399.8571,82578.7143,64367861.00,42587344.00,491233,697703,49661.3333,102028.3333
2026-08-27,155752,59705,75769,68919,25137,29039,4432394.00,-2459358.00,32518579.00,105959082.00,99043.3333,51374.2333,154406.4286,77378,58043442.00,67525988.00,484799,666127,48317.3333,80633
2026-08-26,60996,37117,25116,29265,15706,18091,-3841690.00,-131005.00,20815061.00,44098738.00,99495.9667,51160.4333,153376.2857,76095.1429,30867724.00,27157039.00,481642,657011,92131,163106
2026-08-25,89337,52162,43460,37433,21032,26400,2692697.00,-1294.00,35208296.00,64477109.00,99574.5,50390.9667,156564.4286,79313.1429,45105195.00,47071891.00,467138,641357,109061,209001.3333
2026-08-24,91566,55673,35144,49125,28864,22933,-7483884.00,2817784.00,34045710.00,74172389.00,98027,49790,162778.4286,78304.8571,55879875.00,45578207.00,449336,628479,124464.6667,253382.6667
2026-08-21,308415,168558,136522,145015,69669,78179,4596543.00,-12038004.00,78255297.0000,325966957.00,92428.4,46237.1,124280.4286,57470.7143,180264083.00,196753630.00,496134,748691,76045.3333,176843.6667
2026-08-20,227023,102952,111986,98919,37739,49298,4507370.00,-5963693.0000,73584529.0000,127548669.00,87913.3667,43699.2,98396.1429,47552,75139894.0000,85610957.00,471752,694988,51107,119097.6667
2026-08-19,224710,101884,113423,93683,40652,51392,6737080.00,-5930665.0000,39095089.0000,99254378.00,81550.6333,41426,75375.2857,38017.7143,57903597.0000,70571342.00,454187,674932,42041.6667,81412.3333
2026-08-18,78798,23300,39727,34401,11601,9841,11349673.00,-1258409.00,13136533.00,37180097.00,80082.5667,41909.5333,87905.7143,44634.1429,17601686.00,30209768.00,451460,661415,50480,100167.6667
2026-08-17,53785,28137,25259,24050,12236,12429,683242.00,-2883186.00,39090990.00,19172340.00,80916.1333,42199.4667,89071.4286,46384.2857,18475944.00,22042372.00,446383,642592,48674,95215.6667
2026-08-14,111654,74688,42729,57061,33725,30502,-7000566.00,6092310.00,60407626.00,32823839.00,82487.8667,42016.1,80007.2857,40178.7143,36829264.00,23555944.00,456782,677385,34951.6667,73275.3333
2026-08-13,135064,48615,54111,56428,18003,18019,-369881.00,-9110554.00,114840147.00,37056805.00,81974.2333,42555.5667,69594.2857,36645.8571,31804067.00,41191350.00,452192,658676,30461.3333,49442
2026-08-12,38929,22719,14624,18798,8583,12224,-474492.00,-3456251.00,18781947.00,16827004.00,82802.1667,43259.4,72152,38134.1429,14324388.00,17306147.00,446790,651097,46093.3333,91969.3333
2026-08-11,45833,33521,18063,23523,14865,13793,111548.00,3012082.00,18882618.00,15798818.00,82948.2667,43756.3333,99570.8571,54192.5714,17121397.00,14220863.00,430381,643733,48382.3333,97340
2026-08-10,63564,35144,35518,22805,16649,13395,1699199.00,3128360.00,24508170.00,39967967.00,83096.7,45171.9667,100334.5714,57751.7143,20302322.00,34571411.00,417957,622186,47084,92220.3333
2026-08-07,166511,69615,62117,85439,27477,36314,-4959945.00,-2534959.0000,37630684.0000,58812992.00,79520.9,45834.8667,80095.1429,50450.4286,37318890.00,34823904.0000,445932,632544,31840.6667,57441
2026-08-06,61945,40388,18891,34350,18178,16775,-1616407.00,4075958.00,50440120.00,17290455.00,80768.5,47672.6667,76280.4286,47962.1429,22721515.00,17029150.00,440414,618070,29423.6667,55737
2026-08-05,48205,31249,17043,26205,10430,17619,-1728499.00,-3089149.00,16529182.00,17165384.00,81306.4333,47619.1333,75706.4286,47097.8571,14814261.00,16174911.00,432558,604972,67650.6667,118923.6667
2026-08-04,62173,23885,25768,30324,8846,12162,70515.00,-1269886.00,17480171.00,25067458.00,81626.8333,47896.8333,88467.7143,50223.8571,18555572.00,19895973.00,426422,591601,79708.3333,121169.3333
2026-08-03,56833,33137,25446,25758,14077,16137,5873566.00,4641383.00,32087004.00,35512437.00,83494.2667,49856.4,88115.2857,50127,33396395.00,29174568.00,422285,574045,74831.3333,110503.3333
2026-07-31,237765,145930,103126,113256,60364,72758,-6878765.00,-4171494.0000,88515130.0000,73643898.00,79265.2333,48095.3667,63331.7143,34131.4286,76570779.0000,71559963.0000,449743,593311,33844.6667,42995.6667
2026-07-30,68910,60058,26098,35324,28347,27278,-1153797.00,2078903.00,49505579.00,36152189.00,79125.4667,47808.4,71796.5714,34078.2857,36653106.00,33877751.00,424309,574140,22225,34754.6667
2026-07-29,24835,18506,11671,10061,8971,8136,1001246.00,2653898.0000,13608424.0000,14976322.00,81786.8,48705.5667,75868.8571,35181.2857,14164006.0000,12511354.0000,417894,568137,31312,76977
2026-07-28,35242,22970,15752,17133,10468,10601,-2062739.00,-285044.0000,14231168.0000,19274950.00,85017.8667,50442.0333,90836.1429,39450.2857,16689725.00,14912030.0000,412731,556999,34475,83351.6667
2026-07-27,44187,25199,20144,19824,11381,11559,-1035464.00,1076758.00,19679959.00,35798362.00,86756.8333,51629.3667,90717.1429,40831.4286,27223679.00,25111457.00,405430,544143,37395.6667,90049.3333
2026-07-24,151502,45767,48339,81863,20587,20582,-11915883.00,-3151091.00,28739585.00,45299879.00,84398.6333,51398.4333,79727.5714,38679.4286,38144507.00,28394915.00,450839,581227,42035.3333,82270
2026-07-23,54366,32459,20834,28227,12962,15270,-644240.00,-1656295.00,30394551.00,24045096.00,85048.6,52199.1667,85060,38196.4286,21940735.00,22952790.00,443523,572638,39958,81928.3333
2026-07-22,64280,33961,24742,33658,15276,14339,94546.00,2772892.0000,23671056.0000,30074974.00,86718.7667,52515.0667,82325.8571,38722.5714,26053502.0000,23375156.00,436802,559673,46255.3333,107172.6667
2026-07-21,128164,59686,61685,54480,22589,27213,6117836.00,-4428259.0000,32017040.0000,88703672.00,87338.4,56169.1667,84082,39049,49400663.0000,59946573.0000,416976,538034,37982.3333,78902.6667
2026-07-20,53341,26227,26431,21664,11442,11896,4139593.00,1952062.00,14644763.00,38942520.00,90018.3667,56981.9333,89543.5714,39133,23016214.00,25203745.00,407069,517488,39474.3333,85980.6667
2026-07-17,140013,52853,47535,69425,22718,25782,-2600831.00,-507863.00,23118961.00,39554146.00,89095.8667,57541.3667,74374.2857,36395.1429,30130819.00,28037851.00,559328,629663,31549.3333,69874
2026-07-16,43354,34867,16471,22751,11549,21298,-494043.00,-15251814.00,45836105.00,22119712.00,90011.6333,58189.3667,73146,36815,21468009.00,43618778.00,557905,624765,32475,70469.6667
2026-07-15,74575,30703,35648,31914,11797,15008,3308567.00,-354043.0000,11750607.0000,33651525.00,89782.8667,58541.3,73748.4286,37691,18916425.0000,22579035.00,553095,616541,42897.6667,92430.3333
2026-07-14,91693,29078,37293,46571,11606,15000,945404.00,-1376791.00,21406333.00,33628429.00,92012.0333,60236.0333,83336,43420.8571,23811839.00,26134034.00,547395,601668,42143.3333,92390
2026-07-13,45141,37644,18767,22317,19559,15602,431548.00,6002805.00,17809089.00,22905458.00,94244.1667,61436.4667,93980.8571,47300.1429,21793059.00,16221802.00,527953,587687,40824.6667,88619
2026-07-10,140457,61971,48701,71992,21062,34983,-7083079.00,-5869602.00,26803325.00,44353806.00,93845.7333,61060.4333,83025.1429,44709.1429,30990334.00,31950857.00,560671,624490,32769.6667,53385.3333
2026-07-09,91572,26815,31869,47281,8601,13994,-3486615.00,-3597732.00,30176442.00,25836520.00,92888.2333,61122.4333,77117.1429,47796.8571,18077862.00,18188979.00,553843,602166,36109.6667,49125.3333
2026-07-08,33828,33688,14062,15648,14308,16358,-432657.00,-1508472.0000,15005621.0000,13741395.00,96569.5,62161.5333,82001.2857,54071.8571,12679029.0000,13561889.0000,538509,596847,47942.6667,90784.6667
2026-07-07,34756,37806,14761,16958,15660,18148,619943.00,1062705.00,26295272.00,21906350.00,98504.0667,61959.6,85498.5714,61457,22301644.00,23375282.00,523444,592151,56940.3333,119084.3333
2026-07-06,78792,36835,49626,23366,17189,15100,3154693.00,1763402.00,18614773.00,58655190.00,97961.5667,62118.6,88438.7143,69840.8571,23333108.00,50086259.00,507238,575297,59273.3333,114076
2026-07-02,158806,69187,73313,73306,35320,27849,1373415.00,1248185.00,25381092.00,81179617.00,95260.9,60966.9333,74944,64191.7143,50282306.00,49507067.00,525136,610597,52354,77879.3333
2026-07-01,119655,64799,56860,49176,24616,28136,8304804.00,-5009255.00,33192677.00,66347169.00,94851.3667,60541.3,68105.4286,59537,37366841.00,50680900.00,509443,583025,56625.3333,60666.6667
2026-06-30,63767,43834,26158,32076,16926,21714,-1050290.00,-10042.00,28531999.00,33973979.00,99803.8333,62094.5667,75118.1429,66407,28887180.00,27846932.00,492359,566774,71848,59156.6667
2026-06-29,50216,48429,20751,22522,20140,18133,2996999.00,-4563738.00,33900937.00,37357379.00,111938.1667,63479.8333,83786.4286,72788.4286,26278712.00,34209449.00,483695,549919,87545.6667,75542.3333
2026-06-26,68017,77613,30861,31210,32133,37731,-278377.00,-5077183.0000,43008289.0000,31577528.00,112559.8667,62404.1,83315,69050.7143,29101134.0000,35481940.00,510679,610444,71555.6667,74317.6667
2026-06-25,59237,89502,21613,32146,43083,37941,-3805027.00,10411722.0000,115537173.0000,24205301.00,114339.6667,61088.2333,89806.1429,62753.4286,67725062.0000,46674659.0000,512679,592276,52460.3333,78500.3333
2026-06-24,99373,95522,30895,50314,41691,42518,-1292462.00,-1004828.0000,50814456.0000,34763831.00,118214,59959.8667,94492,59830.8571,38678375.0000,38390741.0000,488511,572636,51261,82994.6667
2026-06-23,64343,29643,18856,36483,11954,14985,-7676369.00,2513984.0000,29824703.0000,34456108.00,124511.1333,62718.8333,99065.2857,64284.5714,37528008.0000,22445466.0000,485549,558849,72413,98511.6667
2026-06-22,71785,32216,28827,37318,13631,15239,-7384629.00,-198248.0000,18324191.0000,46040186.00,125841.8333,64162.3,100346.8571,65230.7143,33266325.0000,26079944.0000,477468,535025,78824,96155.6667
2026-06-18,112856,91924,45822,54911,38949,42691,-2482498.00,-4402939.00,32672486.00,38751499.00,123784,62375.6,94776.7143,60167.4286,31761873.00,33682314.00,545226,740637,63323,93428.6667
2026-06-17,110894,93099,44358,58649,48958,33847,-8063523.00,9282896.0000,218420620.0000,62620906.00,122096.4333,60756.2,95275.4286,53073,163287994.0000,82138446.0000,542033,717827,57311.3333,100522
2026-06-16,64717,51449,27083,31684,17269,17878,-1215810.00,-5041978.00,43480075.00,34221897.00,122541.5667,60478.4333,106994.8571,69910.1429,30249637.00,36895684.00,523359,702635,60434.6667,111068.3333
2026-06-15,104675,45421,44520,45591,16483,22128,4918235.00,-1209743.00,70972571.00,83247837.00,122119.9667,60376.6,111147,70651.4286,61731232.00,62700460.00,512674,667614,58240.6667,103095.3333
2026-06-12,132174,75064,54735,62835,29642,37697,-1184607.00,-10940474.00,87875223.00,37121857.00,120651.8333,59127.6333,108313.2857,69876,51552545.00,66799088.00,544369,725063,52046.3333,83659
2026-06-11,96356,60819,35220,46769,21090,25887,-1487908.00,379944.00,157643701.00,29466104.00,122539.6667,58911.3667,104666.2857,68945.7143,30907034.00,29039182.00,537647,708706,46252.6667,89668.6667
2026-06-10,80756,38839,28785,44234,16341,17126,-6020117.00,-956275.0000,51079139.0000,32267539.00,121765.7,59005.5,102802.8571,69291.7143,31937685.0000,26873843.00,529027,696005,89742.6667,111667.6667
2026-06-09,73865,56481,27619,39509,22860,26195,-6704241.00,-3081398.00,63494115.00,48172923.00,122488.0667,58349.7667,114903.2857,72640.1429,41062598.00,37440211.00,521087,684947,87785.6667,131626
2026-06-08,114385,43438,58449,44756,14332,23198,7179800.00,-8032721.00,67203616.00,77979798.00,123103,58800.8333,114577.5714,76957.1429,34194432.00,70178053.00,513049,654919,96518.3333,130943.6667
2026-06-05,146753,169309,55767,74073,73241,78427,-4809628.00,2676023.00,161641081.00,57396060.00,123576.2,55178.1,111970.5714,60011.5714,78698036.00,71212385.00,521675,705020,58184.3333,105635
2026-06-04,133740,50610,48186,58862,18982,19889,-6717842.00,5332777.00,142882596.00,46183243.00,123932.6667,54781.7667,101843,56878,44709848.00,32629553.00,523303,670884,55068,83625.6667
2026-06-03,112338,69636,32996,58861,29093,29444,-11027568.00,-3001071.00,57307541.00,48932753.00,124395.1,54524.5333,106404.1429,56195.8571,50314836.00,42288339.00,502495,640617,58496,99035.6667
2026-06-02,70827,54307,23355,40202,21548,28668,-9009172.00,-5889872.0000,35999593.0000,41856911.00,128108.3,54035,109542.1429,52973.1429,37303099.0000,35403799.0000,486627,626971,64946,112795
2026-06-01,67712,41261,25673,36474,16145,19605,421375.00,-1278880.0000,26033853.0000,38477851.00,139375.7,55549,108800,53022.2857,28753893.0000,30454148.0000,472532,609292,68089,133059
2026-05-29,158568,79920,72629,71662,31490,38570,-1320133.00,-5979093.00,48700280.00,69635520.00,140285.6333,55425.9333,97259.7143,46553.2857,45963944.00,50622904.00,500620,660293,51007.3333,101152
2026-05-28,112105,73657,54938,44956,26818,34718,785507.00,-4353163.00,100652818.00,45920174.00,142472.5667,54820.6333,96583.1429,43463.7143,36393843.00,41532513.00,486968,628418,48075.3333,111872.3333
2026-05-27,128504,50690,34919,61467,19949,25482,-12794262.00,1002936.00,45728303.00,47511610.00,141900.3333,54797.8667,108559.8571,49141.1429,46391520.00,32588972.00,473107,606112,41761.3333,99968.6667
2026-05-26,62847,28675,22652,34121,14381,11515,-2067315.00,4403250.00,22062376.00,28223090.00,142129.9333,54952.4667,158759.7143,57900,26131634.00,19661069.00,466333,587051,46071.3333,99858.6667
2026-05-22,144266,64861,53729,69184,32791,26177,-9360426.00,7955859.00,38810163.00,46615096.00,143056.2333,55456.9,150531.4286,55111.4286,48156114.00,30839829.00,495557,669555,35996.6667,77698.6667
2026-05-21,92793,31748,34259,44196,12336,14996,-3921659.00,-2898002.00,50317778.00,36837062.00,144085.3667,56975.5667,153365.4286,57722.5714,27925900.00,26902243.00,492305,652725,42757.3333,82557.3333
2026-05-20,62517,41605,23240,33500,15149,22169,-6029529.00,-551374.00,21103646.00,36136103.00,144511.3,56981.2667,175234.8571,60589.1429,29891818.00,23875963.00,483355,636396,59033,132498.6667
2026-05-19,77786,34637,35663,33686,14277,18534,-2815599.00,718929.00,25525699.00,41224986.00,143691.6667,56966.9333,200302.1429,71699.8571,33658533.00,29436419.00,468064,621208,77483,244652
2026-05-18,107369,52030,35036,55191,17865,30307,-2795590.00,-3685771.00,35511604.00,52463519.00,142420.2333,56059.1333,200921.7143,75055.5714,40187203.00,41077384.00,455444,595835,75253.3333,237751.6667
2026-05-15,212341,90432,67850,112032,41070,41556,-13337546.00,-7067147.00,53125874.00,83002654.00,139415.7,55202.9333,177890.2857,67611.4286,65187337.00,58585938.00,563378,788153,61784.6667,204515
2026-05-14,414246,89987,195013,187334,35445,45401,18962742.00,-3426594.0000,51828279.0000,275843896.00,127614.5,55390.1667,127321.8571,61115.7143,145534833.00,165148082.0000,543553,730452,52346,138300.6667
2026-05-13,86668,45341,36759,42940,16428,25006,458382.00,-1984818.0000,25233553.0000,60635087.00,127603.3333,56017.2333,126093.7143,60797.8571,38461106.0000,40904306.0000,529429,716516,74703,193830.3333
2026-05-12,112631,50026,41432,61610,21681,24968,-11958327.00,4031068.00,29563316.00,88160502.00,126753.7333,56007.8333,123150.2857,59703.5714,62300154.00,47224283.00,511261,696683,83201,193522
2026-05-11,215603,61671,103242,93744,24970,31467,19493767.00,-5603897.00,53326121.00,153155348.00,123073.5,58098.5333,104939.8571,56264.1429,82319341.00,109137771.00,492732,660522,75418.3333,138694.6667
2026-05-08,253257,112412,118320,111892,49360,51625,7999030.00,-2310493.00,48233680.00,99564441.00,117619.9667,57019.9,90616.1429,47966.8571,60848194.00,71157717.00,540215,689452,52786.6667,74364.6667
2026-05-07,111706,75520,36547,44363,29767,36755,-7317255.00,-5519074.00,38812833.00,114639253.00,118622.7,56314.5667,82877.7143,43130.1429,50505431.00,48707250.00,509739,664438,41985.3333,63153
2026-05-06,51121,38323,20706,25182,15014,19122,-2465087.00,-3719976.00,26692446.00,39897498.00,121630.9,57604.8,89222.7143,42913.8571,28508397.00,29763286.00,492626,654732,43333,76788.3333
2026-05-05,60267,44517,22628,31161,21829,17128,-3496653.00,-2529231.0000,28601983.0000,61834685.00,122038.4,57607.5333,99589.2857,44692.8571,40376392.00,42168645.0000,471278,646475,41025.6667,86076
2026-05-04,78071,43116,35793,34442,15883,18059,-221634.00,-3224512.00,29836627.00,75638426.00,125592.1667,59291.8,111429,47194.4286,42282837.00,45298299.00,453760,633003,44764,111049.3333
2026-05-01,92027,42366,37428,44030,22340,16274,-1360558.00,108047.00,19541243.00,39058488.00,125546,65353.9667,118915.7143,46673.5714,27504789.00,26036184.00,485361,712127,44529.6667,99552.6667
2026-04-30,88130,37595,35143,41711,13593,18588,-4037444.00,-3798456.00,25890190.00,41675268.00,125506.1667,66877.7667,124355.8571,50148.4286,29721508.00,29482520.00,480600,697660,44267.6667,102021.3333
2026-04-29,152991,54331,51427,81859,23441,25457,-6261498.00,784339.0000,39856960.0000,60620484.00,123655.9667,67865.3333,128531.8571,48047,49246390.0000,42432793.0000,471630,673062,45147.3333,95302
2026-04-28,57537,41663,19639,32088,15141,20733,-643797.00,-778432.00,25715932.00,31003046.00,124640.3333,68507.5,178274.2857,54478.1429,26299460.00,26434095.00,458619,666147,51468.6667,129772.6667
2026-04-27,95536,36809,38448,48727,16910,14019,-439640.00,2813522.0000,33166204.0000,63556525.00,128386.3,71004.8333,191178.5714,60109.4286,46717279.0000,43464117.0000,448532,644226,52105.6667,146072
2026-04-24,132833,56970,54397,61427,26477,23577,-4505951.00,-2128696.00,20388971.00,59371167.00,126661.2667,71543.4,197590,59899.1429,37510724.00,34893469.00,476217,723162,53755.3333,143864.6667
2026-04-23,160949,60627,59218,80222,27345,26646,-7637310.00,-1571158.0000,57148368.0000,76122193.00,125125.7333,71053.5667,190502.5714,58382,56910214.0000,55973812.0000,466811,705009,46753.3333,150956
2026-04-22,144434,38720,61974,69197,15191,17683,575850.00,-1236404.00,28103176.00,85009618.00,123058.1333,71585.6667,179831.2857,57609.5714,50669121.00,52453615.00,459793,688404,62740.3333,238056
2026-04-21,126211,61919,43553,68334,28728,24672,-5741574.00,6257436.0000,50179736.0000,76093732.00,121501.5,71489.8667,186380.4286,60191.7143,60938979.0000,48343219.00,440723,676308,67510,257941
2026-04-20,182223,39621,78968,78692,19205,16030,10615225.00,692279.00,31426169.00,121854267.00,120703.3,73960.6,178015.2857,65575.5714,64468679.00,73955370.00,429659,643751,72802.3333,256437.6667
2026-04-17,405734,86681,188092,178125,40511,38671,5864071.00,1906599.00,56078519.00,335852542.00,110876.5667,74471.9333,130809.7143,59160.5714,163550680.00,191464077.00,500997,769863,60577.6667,158305.3333
2026-04-16,185866,76228,76611,90870,25769,37497,-9370157.00,-8544719.0000,147140232.0000,106824081.00,113138.9333,76592,111857,53157.5714,78529542.0000,79523704.0000,485856,731102,46272.6667,119595
2026-04-15,177713,55498,82181,76615,21299,25307,6408213.00,621538.00,32550981.00,95440215.00,110060.2667,77076.4667,96358.8571,48771.5714,55593516.00,60785891.00,472136,687988,54438,117709
2026-04-14,111337,50007,53925,47084,18590,25209,6060662.00,-3528186.0000,45476541.0000,78368445.00,110269.6,77506.7,97911.4286,50877.1429,48181858.0000,57088706.00,459613,667975,63538.3333,121819
2026-04-13,69735,33313,30125,31988,12398,14365,-1384863.00,3141847.00,100894846.00,39331093.00,112379.1333,80100.4667,96550.7143,59775.8571,42630336.00,31131201.00,455303,648752,66359.3333,123672.3333
2026-04-10,172055,79994,66623,81497,31784,35588,-5017699.00,274022.00,107926293.00,52432676.00,110869.7333,82635.3333,84304.7143,57512.8571,44551868.00,38848147.00,480192,678369,51097,84053
2026-04-09,123667,77308,52135,57310,25949,33885,-837784.00,-3217593.0000,217356032.0000,67338538.00,114360.3333,84106.1667,79087,53575.1429,50409225.0000,52793218.0000,473380,642346,33593,65906
2026-04-08,75295,41776,28755,39950,18383,18820,-7564394.00,-1229426.00,30080263.00,60783218.00,114448.3667,84705.6,83358.5714,65377.4286,44432226.00,38097258.00,468444,629052,41249.6667,81542.6667
2026-04-07,53197,34207,20811,26504,15049,15551,-2297100.00,1907780.00,39173535.00,29777611.00,114640.8333,86165.0667,88566.2857,71926.8571,26606924.00,22402044.00,461812,617011,61715.3333,83880.3333
2026-04-06,69226,24796,20180,43416,11306,10639,-4530637.00,1068227.00,27063492.00,80663986.00,118805.6667,89752.2333,98932.2857,76150.2857,71154010.00,20759906.00,455514,596626,74834.3333,89582.6667
2026-04-02,122205,64746,53870,55610,27761,28205,-1577204.00,5616.00,79060745.00,43376723.00,116965.1667,97134.0667,101669.7143,77905.1429,34452181.00,32869361.00,483801,635026,69833.6667,77895.3333
2026-04-01,60210,95604,22370,31932,24877,27333,-4248646.00,6070572.00,752823126.00,29500787.00,118232.5,97332.8,103424.2857,70618.7143,35538054.00,25218836.00,474819,619398,79429.6667,92890.6667
2026-03-31,86333,64153,41245,37027,23145,32331,5991506.00,91641.00,110869176.00,49187404.00,118922.5,99951.6667,117474.4286,74831.7143,41133431.00,47033296.00,465460,595673,84729.6667,93996.6667
2026-03-30,87143,49744,33991,40208,20106,18085,-1097121.00,-823424.0000,185966663.0000,30166498.00,128091.2,113255.7667,117974.2857,99758.4286,31816874.00,31540730.0000,456684,586365,86268.3333,112211.6667
2026-03-27,105196,124392,40585,53840,49992,48619,33771.00,6743613.0000,439629849.0000,45357847.00,130425.2667,127295,115365.5714,93889.4286,63665443.0000,58461851.0000,484857,650226,70481,124268.6667
2026-03-26,89651,80053,33936,47651,21592,27645,-9561924.00,-4772755.00,485255280.00,39652313.00,130404.9,131408.6667,116484.7143,94447.2857,45786358.00,41329289.00,483602,626977,58663,118549
2026-03-25,141788,54360,59326,67910,26650,23788,-5257497.00,9234021.00,48292594.00,73564448.00,127677.1,133022.1667,108667.5714,95385.5714,64817288.00,50944991.00,469746,605758,71757.6667,132847.6667
2026-03-24,141367,77030,50340,78817,36484,33045,-6714852.00,-20977.00,62584768.00,80198093.00,126516.0333,135818.3,118174.4286,100342.5714,67710584.00,62212869.00,451424,579900,120824.6667,115939.3333
2026-03-23,72492,44599,38356,26901,18393,15453,5423940.00,2863677.00,107345465.00,52691675.00,131308.2667,140471.0333,119401.5714,104418,70020469.00,38670732.00,435979,560262,133728,120753.6667
2026-03-20,184684,93644,62585,93474,40069,41703,-9214272.00,-2744211.00,111918580.00,59815086.00,132187.8,154922.8333,109430,97602,47135913.00,73533846.00,556295,750163,130499.3333,91687.3333
2026-03-19,90642,224231,34091,48204,80669,124220,-5198126.00,-8146970.00,1330177777.00,67843343.00,134047.7333,152654.4333,108253.4286,73380.8571,463963485.00,683558751.00,541752,738402,76065,90496
2026-03-18,86935,83309,33024,46847,47635,31305,-1852358.00,-8768360.00,338377246.00,73307175.00,135616.3,155066.9,107193,69914.5714,289746000.00,115714362.00,534277,720844,85538.3333,130822.6667
2026-03-17,97485,83958,43294,44589,33073,45090,1371090.00,-11708767.00,300347543.00,75551106.00,135184.5667,156223.5333,115877.5714,74169.5714,139561833.00,227810950.00,520046,711813,81928,125355
2026-03-16,87068,60928,39404,39060,21442,33609,-539472.00,-32425627.00,313073968.00,55023306.00,138721.1667,158115.0667,119286.7143,80040,139668924.00,208408209.00,511677,691559,76929.3333,134626.6667
2026-03-13,207915,111729,89226,96813,39226,40727,1548435.00,937623.00,324277590.00,75862132.00,137176.8,162329.7,125832.7143,84054.4286,50381604.00,50992416.00,541165,751406,57914,92790.3333
2026-03-12,81082,73127,25065,47732,14817,15254,-10747456.00,1335561.00,609927183.00,49586026.00,138787.3,161825.6667,126442.8571,83612.2857,39814354.00,27731337.00,534016,731747,53220,92267
2026-03-11,114883,45932,47052,48282,11655,13230,-4094677.00,570229.00,272536249.00,56834254.00,138046.1333,162536.4667,126833.4286,86038.2857,36151270.00,31486364.00,528213,721066,75823.6667,106731.6667
2026-03-10,82406,54683,31333,43656,15632,18572,-7369416.00,-767603.00,267092798.00,47691111.00,137787.2667,162491.2333,134064.1429,94101.5714,34864301.00,28262488.00,518918,708464,91603,116240.3333
2026-03-09,79512,59045,30393,42082,18898,16824,-7300398.00,2304612.00,344040198.00,56449301.00,139995.0667,163300.4,140815.7143,107958,45263913.00,35658903.00,513424,698345,118531.3333,174315.3333
2026-03-06,158277,113743,61642,84550,46351,43550,-7994609.00,6734126.00,302396222.00,99237006.00,138248.4667,161654.0333,150831.1429,109056.5714,79173788.00,60202553.00,559139,774156,103961,150007.3333
2026-03-05,110932,102021,42715,57912,36587,37458,-5961096.00,-1184196.00,376081293.00,76567158.00,138426.7,159852.5667,146117.4286,103019.1429,59482409.00,54757509.00,549563,751306,90925.3333,152235.6667
2026-03-04,253737,139830,112721,119730,54303,67232,-16260805.00,485448.00,166395372.00,264218272.00,133350.9333,156677.1,118293.7143,94185,175598858.00,155826574.00,516032,704675,81357.3333,111997
2026-03-03,85353,70032,38204,40603,22832,20025,-13194682.00,5463354.00,374366330.00,71568294.00,134710.0333,156434.2667,133839.1429,103096.2857,62756305.00,40213063.00,505898,691618,110026.6667,125803.6667
2026-03-02,117617,62914,54853,54202,16987,22112,-21611210.00,-6447952.00,364230868.00,137682306.00,135701.4333,166179.0333,126606.7143,134994.4286,95999229.00,66362394.00,494569,665693,129533,162726.3333
2026-02-27,133021,111126,60029,59339,39026,33027,12233246.00,2452282.00,601733565.00,53780378.00,136597.8333,165854.0333,121636.5714,133628.7143,33055702.00,42836666.00,546869,724908,112410.6667,144364.6667
2026-02-26,126773,156040,52698,60763,38581,38015,-3724167.00,5852785.00,1313879887.00,61728941.00,136171.4667,164457.8,118816.5714,131725.7143,52978945.00,43401993.00,534176,708738,86394.3333,121764
2026-02-25,228385,121433,112425,94686,38753,49560,15832759.00,-4590285.0000,422025972.0000,137850888.00,130779.3,163935.6333,137933.5714,178502,80089687.0000,101402956.00,507000,662982,90053.6667,110359.3333
2026-02-24,77936,59759,37011,35800,15395,18054,6579092.00,6136559.0000,503193704.0000,34611832.00,134058,165312.8,151831,247903.4286,36938881.0000,32286414.0000,497599,652738,165534.3333,106710.6667
2026-02-23,58971,77991,22029,30977,19570,18438,-2997547.00,3204628.0000,713921095.0000,44683619.00,135237,166349.0667,156126.5714,265828,37316037.00,31113862.0000,484941,642867,173392.6667,119797
2026-02-20,194171,132411,86779,85907,45880,49744,-4753698.00,-5948328.00,571253773.00,104599767.00,132677.4333,163883.6667,136952.7143,261592.8571,77572068.00,72764078.00,553788,818404,176828.6667,90751
2026-02-19,66990,286201,28052,30709,92469,127750,-793291.00,-24975809.00,2189404471.00,24276567.00,134527.1333,156143.1,142602,243694.7143,462811219.00,654065737.00,557397,811812,231050.6667,189155.6667
2026-02-18,98230,101566,37370,48918,42630,32881,-3546231.00,-1682012.0000,525871419.0000,48013438.00,137092.9667,155740.3667,159463.2857,255496.8571,174550954.00,62033985.0000,552029,793585,379051.6667,214818.3333
2026-02-17,107033,142719,44068,54139,62901,54190,-1012784.00,7553249.00,652659884.00,58021294.00,138088.4333,154132.6667,174325.7143,310422.4286,259478842.00,124211204.00,530745,771188,399299.6667,208820.6667
2026-02-13,362204,448867,176044,157347,102414,123685,21805266.00,-14262928.00,3249847021.00,155777332.00,131030.8333,144831.8667,143502.2857,268609.8571,107087766.00,179658065.00,570843,815646,283932.3333,108070.6667
2026-02-12,175218,545569,68483,87298,101498,62352,-1076505.00,34430933.0000,6312119145.0000,79104588.00,128610.2,130178.1,137612.8571,212911.8571,333464854.0000,94683301.00,541707,761654,155714,85176.3333
2026-02-11,89040,203463,31899,46611,40964,39260,-6564923.00,-17229041.0000,2091349953.0000,46136913.00,127803.5667,125501.8,136969,200796.7143,106515087.0000,92233919.00,516353,740450,149286.6667,127582.6667
2026-02-10,59954,102765,24979,27179,14980,13788,270890.00,-56361.00,1120831021.00,34719478.00,130113.2,124997.4,155999.2857,202926.5714,33522848.00,33850099.00,509671,730696,290764.3333,177954.6667
2026-02-09,106535,160914,59817,39309,14040,18235,6998568.00,3057806.00,1965794743.00,65190852.00,129541.2667,122507.9,163863.4286,213962.8571,42373916.00,67902178.00,497966,706806,289186,191256.3333
2026-02-06,216259,184181,96727,99401,38692,49089,3928826.00,-7535238.00,1537463559.00,84112115.00,126073.7333,119089.3,151454.5714,195937.8571,74084909.00,116735680.00,518471,782763,279686.6667,163834
2026-02-05,211070,527198,80846,109003,109111,121118,-12107733.00,3086953.0000,5681300372.0000,102586235.00,121398.8333,103118.5667,134537.1429,130231.8571,379881748.0000,447525447.0000,494793,707239,143506.3333,121655
2026-02-04,146440,156179,60160,69660,36330,40602,-1804628.00,-768638.0000,1372422935.0000,59678989.00,120692.4,100711.9667,124280,115538.5714,87435686.0000,106585606.00,493479,676267,130671.3333,137230.3333
2026-02-03,133992,155683,53332,60335,39559,36621,-4390428.00,10031986.00,1228230538.00,55484928.00,120625.0667,101558.2,125959.1429,105201,96573691.00,94655582.00,479677,649150,158166.3333,146427.6667
2026-02-02,84533,118657,39311,35130,31508,29724,8662639.00,-899471.0000,886139746.0000,53695570.00,123886.9,100444.2333,129008.5714,97443.1429,74275158.0000,83665744.00,459629,624917,137949.3333,161382.3333
2026-01-30,193166,117674,110808,66590,37423,29969,6890840.00,3520358.0000,680252312.0000,88468572.00,119941.5333,98626.4333,118024.7143,87486.4286,72565992.0000,105167874.0000,472817,653226,121143.3333,127876.3333
2026-01-29,161584,238168,57788,81933,59865,63007,-5249913.00,-7432663.00,1785826536.00,67691536.00,117674.1333,93583.1667,109436.1429,59829,160153547.00,172461832.00,468437,617085,59529.3333,98895
2026-01-28,129397,58006,44983,69348,15516,14290,-5348694.00,12822719.00,373306150.00,48443277.00,121165.2,94134.7,108968.8571,60506.2857,50736753.00,32565340.00,462187,594805,67967.3333,104344.6667
2026-01-27,92648,67256,36969,42997,16042,18589,-7259186.00,-2772811.00,408554916.00,56980896.00,122186.1,94984.9667,116784.7143,101649.2857,50394950.00,45908575.00,453717,573237,66999.3333,108755
2026-01-26,74640,53326,31013,35031,14736,20486,-9216511.00,-6594942.00,211065652.00,53320831.00,122028.1333,94278.7,128966.5714,108513.5714,44363672.00,44128351.00,446653,551427,65216.3333,122634.6667
2026-01-23,145746,83320,58743,72565,32049,38991,401467.00,6095863.00,130047926.00,68806460.00,120668.4,92949.7,124428.8571,112918.2857,63543513.00,59909117.00,456503,603879,52298.3333,107874
2026-01-22,105879,64352,39434,54363,15676,22218,-931255.00,-14771543.00,339244379.00,68724442.00,119897.7667,91992.4667,118820.4286,118834.8571,53829069.00,69503437.00,453029,569383,51763.3333,114623
2026-01-21,116279,47977,38905,60467,20765,22089,12242097.00,1584145.00,38941916.00,57398356.00,123808.7333,93438.2,127394.4286,126420.1429,39020904.00,49678856.00,445614,538779,154190,124983
2026-01-20,101464,44566,42613,48910,20216,19131,-1945707.00,5105851.00,45644096.00,51887247.00,123427.9,93651.0333,126376.8571,135636.2857,47103309.00,40051751.00,432251,524851,173126.6667,144466
2026-01-16,126126,62747,48691,65164,25154,31291,1565256.00,-3489485.0000,32456651.0000,56936872.00,123390.9,93315.6333,125128,135022.2857,38650445.0000,44048306.0000,557497,760262,190262,140418
2026-01-15,147359,355257,52345,75066,146069,202826,-11160972.00,-9094206.00,2198932035.00,102069004.00,122170.6333,83209.8333,121574,91983.2857,940326776.00,1353055099.00,549714,739412,107099,113505
2026-01-14,159913,101376,71442,73325,41772,47333,2998327.00,-14170634.00,426825498.00,115648631.00,119712.5,82872.4,123758.5714,90284.4286,249624109.00,258804990.00,544216,723167,106998.3333,118966.3333
2026-01-13,113982,114153,52236,51625,70236,40080,3899533.00,11395106.0000,618995945.0000,71107126.00,123818.1333,81021.0667,127032.1429,87475.1429,413784340.0000,268220667.0000,533955,705849,105307,112419.3333
2026-01-12,66620,105768,28634,30290,55934,44619,4503410.00,2409172.00,567290510.00,59093495.00,129549.5,79650.7667,139011.5714,96628.7143,346672915.00,271511178.00,523171,689819,89534,129340.6667
2026-01-09,176297,101074,71053,78708,32090,29110,-8031636.00,-1395914.0000,370026527.0000,65448870.00,126602.3667,78700.2,128483.2857,97326.1429,50164593.00,43528871.0000,546953,743915,73837.3333,111402
2026-01-08,94341,109079,38335,47541,18496,24304,1206597.00,-3497315.0000,677972080.0000,50284245.00,128091.3667,77302.9667,124269,90768.2857,29719634.0000,34423546.00,537316,731244,67305.6667,138356.6667
2026-01-07,117384,58449,51296,51408,18993,21879,-5475400.00,899660.0000,167689711.0000,82323855.00,129097.3333,79396.4,125963.1429,94937.4286,54027998.00,47652938.0000,524868,713945,79318.6667,144861
2026-01-06,122481,53984,66576,44798,17765,20056,-9588191.00,-3445772.0000,167402981.0000,130068428.00,130379.3667,89649.2,121234,99543.8571,68454150.0000,95605281.00,515516,689459,117938.3333,154192.6667
2026-01-05,175205,89484,81339,64053,33350,36989,997688.00,2609494.00,156409720.00,163907136.00,130626.7667,93874.7667,112238,98420.8571,84718156.00,113061350.00,496587,665448,123429,129990.6667
2026-01-02,136897,94488,58545,62125,27939,41837,-1378148.00,-3184709.00,205842676.00,58234775.00,129282.0333,95954.4667,102798.8571,91790.5714,39505689.00,41321740.00,514573,696859,112991,105972
2025-12-31,150476,169843,50649,76084,29926,25469,1057395.00,8720023.00,1272060669.00,52220044.00,129117.2,99278.1333,99194.7143,79524.5714,62675970.00,53322685.00,509234,668983,85587.6667,98894.3333
2025-12-30,102599,105956,37619,45902,16339,16328,-9332624.00,2526640.0000,738164632.0000,52130054.00,131463.7,102907.3333,103390.8571,90255.1429,62009280.0000,42567566.0000,500858,659025,79012,94487
2025-12-29,64841,63174,21669,33367,18636,18273,-8600985.00,2194044.00,305675944.00,55863329.00,136545.8,110486,120183.2857,93407.1429,48740169.00,36007640.00,494067,639359,85161.6667,110284.3333
2025-12-26,129243,87633,50622,67279,32385,32609,-2718791.00,797837.0000,210761260.0000,36913525.00,135652.1,110104.9333,112406.4286,89908.1429,36515041.0000,32998413.00,513928,686920,71976,90811
2025-12-24,89377,86229,40102,39724,15448,15126,-1097878.00,1634709.0000,683362619.0000,26738013.00,134726.3,110491.1667,113004.2857,89999.7143,34014548.0000,28204886.0000,506140,668290,71226.6667,102767.6667
2025-12-23,112233,81623,34292,63480,28660,27535,-9495360.00,9385893.0000,344001730.0000,73385635.00,135051.3,109668.1667,130418,88989.5714,101760999.0000,78034734.0000,492514,655227,104375.6667,109347.3333
2025-12-22,70823,48076,30421,32137,18207,22041,7554613.00,-5385157.0000,63585823.0000,62622433.00,138281.4667,116740.9,137911.1429,95373.5714,36990489.0000,49912359.00,483670,642983,116763,146535.6667
2025-12-19,125247,83981,55488,55242,36397,36343,4569832.00,7456658.0000,141202987.0000,70246316.00,139377.8333,123286.4333,130004.5714,87967.4286,71499865.0000,66049275.00,584283,882231,109816,129721.6667
2025-12-18,131972,181070,54349,64170,75057,87945,10130135.00,11288736.00,986439813.00,117695473.00,139325.1667,120435.3333,126144.8571,68307.4286,460290569.00,496792117.00,586702,853278,78416,116918.3333
2025-12-17,182388,85238,62309,82796,43288,36913,-20267319.00,26865601.00,374725022.00,112040278.00,140457.3,122489.1,111912.2857,61221.2857,294952315.00,178541640.00,582369,845294,74854,134165.3333
2025-12-16,74805,63140,30720,34361,27544,29367,-5682960.00,-1580962.0000,319510445.0000,86323447.00,140486.1,122294.8,134598.4286,65251.1429,205322254.0000,178484336.0000,575664,831285,84728.6667,150322
2025-12-15,93562,86870,38564,44678,32735,39948,2337227.00,3389591.0000,222915769.0000,86934407.00,149380.4333,124563.6667,134095.1429,60119.8571,116031954.0000,179726585.00,562612,813251,66484.6667,142435
2025-12-12,234129,74552,76838,118354,30454,31984,-15944159.00,-1440755.0000,78645984.0000,111084883.00,145884,125105.6,118507.5714,56996,74001287.0000,59497883.00,586314,854247,56117.3333,99376.6667
2025-12-11,123275,92764,47910,58902,20243,42217,-9730018.00,-13633944.00,358300241.00,95765303.00,143496.6333,123359.1,116718.4286,51184.4286,65160174.00,161902955.00,572526,827477,37074.3333,85871.6667
2025-12-10,69901,32138,29728,33720,13603,14638,-11145147.00,2288619.0000,29485619.0000,69099934.00,143132.4333,123559.6,119042.4286,59629.4286,48385962.0000,34952196.00,564373,819227,56811.3333,140440.6667
2025-12-09,104954,43450,46589,43993,16231,21501,-25316387.00,364114.00,32738806.00,120957742.00,142833.2,124015.8,137927.7143,61795.5714,85420072.00,57367171.00,555643,805861,59311.6667,135469
2025-12-08,82760,35635,38331,39212,14118,17194,-13030810.00,-1352350.0000,22725087.0000,143409907.00,152178.5,128470.4333,160185,65941.8571,82433312.0000,78172377.00,543990,787148,64995,149554.3333
2025-12-05,233608,91349,90362,106646,42950,42430,-5737145.00,2228094.00,34146627.00,114300808.00,150195.7,126809.0333,139367.1429,63257.2857,73190603.00,65907164.00,571614,828659,51906.3333,108602
2025-12-04,90039,50951,38726,41708,23458,23461,-8373093.00,1707589.00,29989035.00,65042125.00,152975.6333,127609.4333,146363.1429,65573.1429,48902448.00,38821766.00,563150,823284,65340.3333,107312
2025-12-03,125016,52685,75449,42129,19859,27210,3694076.00,-7684336.0000,51295720.0000,112995161.00,151072.3333,126861.2667,149584.1429,75368.4286,52608805.0000,102725601.0000,556078,807391,67316.3333,144690.3333
2025-12-02,110751,52083,47625,54096,22663,24744,-1657295.00,-1121251.0000,46156595.0000,84564164.00,150939.2667,126626.9,156754.2857,119580.5714,58311784.0000,62453660.00,542916,794685,71508.3333,187293.6667
2025-12-01,86169,91253,34569,44860,43366,40534,-2222775.00,9816401.00,70889699.00,66889332.00,152851.8,126997.5667,170534,137437.4286,71893495.00,56389319.00,502782,783558,65276.3333,187865
2025-11-28,237151,58613,107048,107096,27215,25537,15265160.00,-2702373.0000,39377957.0000,135496992.00,150236.7,127017.4,150448.8571,151475.4286,71929491.0000,90195035.00,535234,835340,68126,155151.6667
2025-11-26,238561,64659,120202,100333,27671,29202,2030433.00,-429178.00,97892926.00,140046900.00,146399.2333,126489.2667,137158.8571,180746,98438917.00,91530278.00,525395,779553,86990.3333,124819
2025-11-25,87883,72557,41576,40684,34605,27170,300338.00,5837977.0000,225769035.0000,65777814.00,146321.2667,125780.2,149317.5714,201071,117344296.0000,79682752.00,520647,760747,183327.3333,149172
2025-11-24,139011,67162,66441,62640,29050,31431,8802873.00,860937.0000,100041153.0000,125207376.00,147039.4,125491.0667,160502.2857,232981.2857,86575647.0000,110191733.00,508832,729045,233023.6667,163710.6667
2025-11-21,147563,121252,63551,70148,54855,56819,-5012104.00,-25075.0000,163880507.0000,83085396.00,154466.6667,126162.6667,154055,226545.4286,112698641.0000,110015652.0000,554856,874477,244899.3333,146708
2025-11-20,160942,361568,64984,78579,192092,141757,-4375839.00,28918828.0000,2649468152.0000,94582429.00,153499.0333,115824.7667,139863.7143,188866.5714,1452204821.0000,993537674.0000,564707,830263,214227.6667,141571
2025-11-19,182627,216251,60136,99138,116504,90557,-4110078.00,7354794.0000,2938880236.0000,87991183.00,151493.7333,110472.9667,131200.2857,166106.8571,1869117810.0000,1135923688.00,566034,826659,213754.6667,138360
2025-11-18,96555,156879,43740,42776,56178,92631,1464102.00,-8142282.0000,2497920534.0000,73039045.00,151847.3,107147.6667,141367.8571,180875.2857,720444179.0000,1750915523.0000,566753,813829,258306.3333,178609.6667
2025-11-17,145531,269553,54105,68169,127314,126875,-6570167.00,-25198415.0000,3390810059.0000,117746912.00,152024.6667,100008.3667,143168.8571,182417.2857,2028010748.0000,1436741106.0000,538944,777528,193855.6667,164243.3333
2025-11-14,172994,214832,78235,82157,51964,53705,2326777.00,3676741.00,2218770557.0000,95040581.00,155927.9667,97208.4,137082.8571,165375.1429,183276022.0000,95735458.00,583204,851060,154850.3333,127113
2025-11-13,217304,290534,83168,107886,59471,50764,-3494009.00,6091902.0000,3670582489.0000,112041747.00,164639.3333,91685.4,136946.8571,144849,118039504.0000,111570998.0000,571708,815136,76983.3333,95339.3333
2025-11-12,102432,76201,37718,51986,21286,22394,-3041245.00,5451965.0000,556835071.0000,67544477.00,169500.8667,91460.5667,133123.5714,142150.4286,55667579.0000,46974369.0000,563666,786878,138335.6667,117104.6667
2025-11-11,61603,97816,26134,29875,18653,21276,-5640965.00,1163700.0000,1148454477.0000,55648001.00,171603.1,89571.1667,175807.7143,150310.4286,48471775.00,42314735.0000,553984,778407,199179.3333,149283
2025-11-10,121983,56933,57342,58311,24910,27492,3334563.00,588282.00,37491048.00,187834790.00,174614.9333,90063.6333,176843.8571,155150,101321211.00,115821032.00,541183,759306,212047.3333,152086
2025-11-07,167728,260258,84062,71557,56725,66763,12250525.0000,-4743596.0000,2681311192.0000,130995579.0000,174398.0667,83973.5667,160261.8571,123737.2857,98837779.0000,133382319.00,573210,844958,174245,168294
2025-11-06,158138,280347,50475,82006,55409,73972,-38979394.00,-24149568.0000,3259932622.0000,143755306.00,174952.3,78072.5667,146095.7143,89138.1429,187863608.0000,264808537.00,563077,805565,99899.6667,140804.3333
2025-11-05,130392,95537,59751,54991,24276,27999,7498167.00,3741177.0000,783349023.0000,106020699.00,175928.2667,75965.3,141179.2857,83652.2857,76549642.0000,80306632.0000,551303,751788,119699.3333,217471
2025-11-04,216352,146851,76043,103604,51632,29599,-17785796.00,32274229.0000,1349311581.0000,158344129.00,173709.6667,73160.4,162146,86855.5714,169011140.0000,99607955.00,534701,735717,101019,188432.3333
2025-11-03,75669,57311,30242,39550,27501,24302,1678620.0000,4105889.0000,134354196.0000,93431317.0000,174385.1667,73033.2333,176211,84597.8571,108365503.0000,73152850.0000,514757,721322,95371.6667,180427.3333
2025-10-31,360392,154936,142385,168590,65712,72875,5856280.0000,7581598.0000,141765696.0000,218287953.0000,174151.8333,71970.8667,149503.1429,73173.1429,174413952.0000,137625290.0000,565927,813491,56444,79955
2025-10-30,129236,90810,53596,65068,37160,45812,-9223658.0000,-674600.0000,85330852.0000,127640902.0000,184765.8333,73943.1,140743.2857,64520.2857,102968402.0000,95019900.0000,539938,789500,45219.3333,68868.6667
2025-10-29,51654,40369,22328,25518,19409,16217,-2108956.0000,11347819.0000,42455420.0000,90396949.0000,186662.8,74136.8333,148615.4286,65189.2857,69299778.0000,55843003.0000,528123,777382,88187.6667,172690.3333
2025-10-28,58975,38153,24282,29676,16481,17880,-8904173.0000,5499285.0000,36698819.0000,127147699.0000,188662.9,74099.5667,160696.8571,74363.5714,80314920.0000,65911462.0000,516428,762857,89305.6667,211073.3333
2025-10-27,95977,57136,42411,46839,25339,27585,-14881270.0000,-29022916.0000,276499657.0000,209459994.0000,189095.1667,73547.8,169657,74659.5714,227035302.0000,233442108.0000,498238,753785,95248,236893.3333
2025-10-24,363119,169274,183270,166500,75882,82110,22078263.0000,2403047.0000,150228901.0000,437771493.0000,186437.0333,70391.1,135416.7143,57451.1429,268934937.0000,303228153.0000,521981,811500,48903.3333,138492.6667
2025-10-23,174124,41507,66744,81765,18061,20335,6609146.00,2304039.0000,59824752.0000,136126095.00,186636.5667,70708.8667,122762.4286,58848,88406791.0000,94933513.0000,515950,745496,50085,116037.6667
2025-10-22,173437,74963,64196,92573,36176,30900,-13325145.00,12906912.0000,91193625.0000,182181023.00,188302.1333,70416.1,120922.1429,56494.4286,138343847.0000,113734431.0000,494274,744639,59221.6667,106073.6667
2025-10-21,67917,30240,26428,35842,13056,13736,-13889431.0000,1709633.0000,20071994.0000,116663940.0000,192198.3333,71860.4333,164131.2857,72374.4286,69428164.0000,57424020.0000,486651,733512,68877.6667,136334
2025-10-20,106759,45052,51576,47563,17027,22129,6941125.0000,-20853866.0000,81031651.0000,144913755.0000,192945.8,71910.7333,167724.7143,73285.7143,96330833.0000,113913611.0000,471573,699807,70132,141893.3333
2025-10-17,143545,102373,66420,59206,46407,48733,7752034.5000,5533989.0000,89063829.0000,139552545.5000,198911.7667,72099.6333,164713.7143,66617.7143,107322395.5000,105854691.0000,543333,843350,53102.6667,122559.6667
2025-10-16,158698,59208,64734,73294,27131,29208,5561759.0000,-5548007.0000,83714062.0000,209988683.0000,197729.3667,72305.0667,157351.4286,66319.4286,136069180.0000,145060014.0000,533061,788700,52862.6667,123178.6667
2025-10-15,123437,48815,39940,75078,22881,21771,-19753903.0000,-287413.0000,56108206.0000,125797620.0000,196357.8667,71894.7333,161267.8571,67256.4286,93576690.0000,78174585.0000,524203,748652,83724.3333,205493.3333
2025-10-14,85544,51285,35612,43612,23267,24196,-12309734.0000,1048886.0000,56370985.0000,129783691.0000,196276,71607.7333,190489.1429,78620.4286,95003815.0000,79215253.0000,514602,731699,83773,220949.6667
2025-10-13,160555,58488,63420,71583,31244,23275,-4342011.0000,6665303.0000,77717971.0000,171057204.0000,198284.7667,72813.4,235930.5714,88099.8571,125944914.0000,109578810.0000,500852,718513,82842.6667,208254
2025-10-10,370381,141400,151391,183557,71357,59663,-5289587.0000,18599411.0000,110993473.0000,373632759.0000,190845.7333,71079.7667,218487.2857,77822.1429,249489986.0000,207858878.0000,535951,776521,54749.3333,120514.3333
2025-10-09,131913,51431,56118,69049,19839,25640,-3629995.0000,-2380002.0000,72697688.0000,165076071.0000,190061.6667,70683.1,217452.5714,76351.1429,103798528.0000,104273335.0000,527618,763406,56063.6667,126827.3333
2025-10-08,122468,55697,58813,51233,20742,30100,24566024.0000,7892612.0000,87183567.0000,263205286.0000,189632.8333,70806.7,230291.1429,78638.2857,154286574.0000,180216162.0000,519866,746946,81109,182702.3333
2025-10-07,107162,57120,46511,53108,28136,24661,26199270.0000,7008503.0000,56545488.0000,185274156.0000,188999.2,71002.8,238014,81557.7143,103856946.0000,123047713.0000,510039,739271,103683.6667,306530
2025-10-06,150852,55374,90575,52474,25248,24981,-47537380.0000,20453048.0000,145232533.0000,551260512.0000,193181.9333,73180.5333,241430.1429,88406.7143,244680871.0000,429346693.0000,500218,718992,108377.6667,339005.3333
2025-10-03,290093,130833,133390,137315,60118,61137,15557332.0000,5369265.0000,92252831.0000,378373492.0000,188547.0667,71038.3333,222798.4286,74333.2857,214617217.0000,229832453.0000,542263,858594,78478,283864.3333
2025-10-02,478645,124844,213179,218655,50637,63500,25319621.0000,-7409828.0000,107956774.0000,657517489.0000,178150.4667,69892.3667,175819.7143,65456.1429,338942920.0000,361416822.0000,514817,797358,60765.6667,195095.3333
2025-10-01,248278,69456,105935,123909,26611,37173,-9008381.00,19865.0000,37829629.0000,261369712.00,174199.7667,70215.7,154056.2857,63176.1429,152670742.0000,129384503.0000,499101,769087,63465.6667,166076.6667
2025-09-30,124670,41134,51792,53386,14938,22147,2257521.0000,-7551144.0000,36124529.0000,109310437.0000,173622.7333,70990.7333,186730.8571,74880.5714,60407112.0000,70622437.0000,491488,734275,84193.3333,182775
2025-09-29,212338,71707,100269,90093,28743,34716,22682617.0000,-11964917.0000,63340801.0000,240462026.0000,175284,71127.1,220347.7143,86062,117296340.0000,157977160.0000,472602,708479,71064,165219.3333
2025-09-26,161222,77556,76499,75521,32479,37507,-1404418.00,-4517017.0000,48907198.0000,89835075.00,175034.2667,72166.8333,212825,81579.8571,63201072.0000,66749971.0000,506804,778166,66113.3333,161410
2025-09-25,174765,103317,67459,88696,48878,47950,-7535091.00,2789284.0000,115997769.0000,107527850.00,178271.3333,72397.9667,204855.4286,72111,110357925.0000,99617393.0000,489985,776548,49506.3333,135133
2025-09-24,159671,32319,49915,73433,12989,17007,-8824894.00,-4979636.0000,32538523.0000,87935860.00,177377.2667,73075.0667,197608.8571,73291.5714,56508133.0000,53838115.00,482741,744110,79755,199706.6667
2025-09-23,149794,62704,58454,77902,29307,26851,-9195990.00,-1449368.0000,58684466.0000,99168108.00,180973.4333,74122.9667,216691.8571,74987.1429,78289236.0000,70992919.0000,468705,716517,108846,298994
2025-09-22,95934,53496,39929,47954,23978,23689,-4991348.0000,7469058.0000,43851188.0000,104189129.0000,185330.5,75324.2333,228717,74636.2857,74961653.0000,62501247.0000,448799,696593,106407.6667,303203.6667
2025-09-19,353392,123065,135681,175500,59085,53677,-6855245.0000,8587782.0000,48686073.0000,214666104.0000,180788.4667,73810.4333,210147.2857,66509.8571,132658904.0000,117790665.0000,565699,848996,77731,225065.6667
2025-09-18,447656,149977,199822,209330,58489,70800,10809523.0000,-16320806.0000,90328904.0000,420225031.0000,172986.2333,71769.8333,172596.8571,55594.5714,227259606.0000,244198592.0000,528368,808010,41266.3333,112162
2025-09-17,108563,46181,45759,54754,21518,20674,-4571501.00,3548174.0000,46696591.0000,91566604.00,175376.7,73773.1667,175542.5714,55648.8571,69242293.0000,61122618.0000,523710,797807,50730.3333,170432.6667
2025-09-16,118978,37035,48513,62346,16444,18189,-5374654.00,239462.0000,51111808.0000,153332347.00,176063.4333,74761.7667,204620.5714,65792.4286,95270656.0000,101286760.00,516771,783074,55398.6667,190810
2025-09-15,108945,40583,48813,52931,15704,21662,1841628.00,-5772859.0000,55224571.0000,114723905.00,187454.3,81987.9333,206660.7143,69333.5714,70448784.0000,91800941.00,504763,775915,63931,228963
2025-09-12,283375,74573,115860,137642,31874,34035,-5612208.00,8590441.0000,52987041.0000,140623942.00,183885.8,81645.5,177934.5714,63895.2857,99518042.0000,80754913.0000,539253,868926,63596.6667,196105.6667
2025-09-11,180110,51040,90882,78370,21054,25342,7452242.00,403226.0000,52188362.0000,132062852.00,180861.0333,81421.4333,164074.2857,62700.2857,79483353.0000,90641869.0000,532374,849824,62103.6667,179130
2025-09-10,223404,66180,91325,119012,26707,33233,-3167613.00,-3215779.0000,39083705.0000,161973814.00,176207.9,80868.7,163704.8571,66768.5714,99573728.0000,89571553.00,521427,819033,76057,212170
2025-09-09,184803,73570,81257,71747,30057,38062,39709198.00,-12391467.0000,66742010.0000,173413751.00,173723.3333,81100.1667,158334.4286,69028.7143,83210548.0000,136067278.00,507889,791188,73324,191644.3333
2025-09-08,129183,46561,63544,56312,16961,25299,3455955.00,-6902222.0000,51072575.0000,141503962.00,176128.7333,83639.0667,155364.1429,68024.4286,58567603.0000,127677880.0000,495452,764773,69972,176014
2025-09-05,322524,108040,132980,161045,50595,47202,-27408375.00,4557065.0000,64187189.0000,133298381.00,171371.4333,82441.4333,124946.8571,61076.5714,105490285.0000,71810335.0000,523041,803552,48183.6667,96202
2025-09-04,123226,65371,44402,59739,27822,32142,-4603626.00,6607442.0000,51717918.0000,67393967.00,173488.1667,83789.1333,119936.4286,60738.2857,61717541.00,49375983.0000,513551,781531,57946,128732.6667
2025-09-03,82292,36505,37427,37173,16288,17127,-2386818.00,2431338.0000,33728393.0000,73821893.00,175399.8,85615.6,147656.7143,72767,53414004.0000,48595848.0000,506214,766057,75574.6667,150372
2025-09-02,83088,42675,34203,40302,19485,19630,-8973018.00,185187.00,38165103.00,66467415.00,177583.7333,88821.3333,157365.1429,76180.1429,53524061.00,44389056.00,495094,747093,74526.6667,158806.3333
2025-08-29,220818,94658,89001,111767,37797,48121,-5410694.00,4345222.0000,47578284.0000,86869271.00,190100.5,97524.1333,149640.7143,75581.1429,65985605.0000,56273389.0000,529193,825552,62775.6667,121734.6667
2025-08-28,147210,89391,58717,68241,35393,44855,-3937263.00,59286.0000,229685475.0000,65230395.00,197117.3,98976.1,147147.4286,74119,118453542.0000,133923693.00,518356,802042,53979.6667,102049
2025-08-27,108391,39531,45897,53068,14649,20108,-7358221.00,414080.0000,33536761.0000,105554398.00,201517.5333,101028.8,147000,77669.5714,64320773.0000,66333472.0000,511586,767644,81038,158030
2025-08-26,109603,59405,46236,55756,20053,25338,-3520743.00,-632152.0000,48122603.0000,85488018.00,203757.7333,102704.2,168796.1429,80011.4286,63065519.0000,60801928.0000,495300,737453,83425.3333,171844.6667
2025-08-25,88153,63003,34981,46348,27394,31339,-4857279.00,-8556526.0000,54882284.0000,87937422.00,205196.6,103273.7,178164.2857,86546.4286,65716226.0000,70046608.0000,476771,713410,92579.3333,198042.6667
2025-08-22,276334,120706,137885,119832,54594,56922,35312900.00,-28630781.0000,88206638.0000,196959236.00,207436.2667,104860.3333,177527.5714,85052.8571,103833520.0000,167508451.0000,502974,794270,78729.3333,149183.6667
2025-08-21,151047,66567,57613,75365,19655,37044,4484300.00,-23456874.00,189738180.00,82857602.00,214362.1667,107169.7667,174927.8571,83062.1429,58248202.00,149199776.00,494615,766719,78002,134621
2025-08-20,166747,90465,63783,87642,39434,42785,-6126935.00,-10882000.0000,101917717.0000,118948192.00,218174.3667,108028.1333,187918.1429,83587.2857,102988778.0000,106838222.00,482299,724275,73113,166430.6667
2025-08-19,129757,79156,41114,75371,40636,32403,-19082670.00,11171396.0000,95471254.0000,120097642.00,217590.1,106911.8,201759.4286,85069.8571,115903051.0000,85648985.0000,460680,692624,82977,174421.6667
2025-08-18,107359,64385,47884,50950,26010,32041,5739783.00,-560132.0000,49335879.0000,102562056.00,217310.9667,106590.8333,217441.1429,86965,67404889.0000,73614804.00,445830,675734,98265.6667,229261
2025-08-15,262176,75798,94109,121581,32892,34142,-7619880.00,-1051287.0000,41074697.0000,153763234.00,212156.8,106668.2667,210500.1429,88816.5714,88741668.0000,90384907.00,562555,886268,90543.6667,186152
2025-08-14,153730,108748,64653,78349,48582,51897,-2994613.00,8951462.0000,199212494.0000,103250552.00,214152.2333,105417.4333,214292.5714,88464.1429,143633193.0000,142997308.00,552346,865733,85674.6667,220801.6667
2025-08-13,271877,110251,117860,134349,51764,50066,-7190132.0000,971922.0000,67894809.0000,266202195.0000,213972.5667,104739.3,195393,82241.5714,160728109.0000,156943931.0000,540016,843083,78769,205724.6667
2025-08-12,132849,52632,54528,67787,24815,23161,-3644207.00,5381784.0000,42442199.0000,121048235.00,212912.8667,105481.5667,240796.1429,111489.5714,82371328.0000,71309692.00,531466,816045,87108.6667,233818.6667
2025-08-11,257679,94141,115824,111495,45953,39068,4018094.00,-2493893.0000,71529623.0000,257986737.00,218821.9333,112264.5,229173.4286,107226.5714,135903508.0000,161904596.0000,510568,774676,85314.6667,219122
2025-08-08,226646,89534,82090,113873,40794,38676,-6867304.00,3962754.0000,58703129.0000,114020975.00,230186.1667,117257.3667,209562.1429,100767.1429,84896958.0000,74660160.0000,540535,844880,90897,203665.6667
2025-08-07,217131,77651,90591,100706,30017,38751,49116928.00,508164.0000,70415104.0000,198345302.00,235164.1,119578.3333,190516.2857,96759.5714,96019696.0000,145258340.0000,533553,826391,87244.3333,177815.3333
2025-08-06,213589,88759,92328,97668,41535,41964,-7191866.00,-3052654.0000,141490331.0000,141917368.00,247318.7333,122635.5333,175755.8571,95581.7143,128752494.0000,135868640.0000,516462,783250,143447.3333,256842.6667
2025-08-05,180277,106281,86422,68216,50856,45649,-3147211.00,5443931.0000,140879247.0000,168146413.00,247424.5667,121828.2333,178765.5714,97931.2857,127835938.0000,161913721.0000,499590,747644,129453.6667,255523.6667
2025-08-04,139580,66693,63206,66675,29713,30387,-3764545.00,-4773114.0000,93794402.0000,158302937.00,260852.9667,127076.2333,184512,98705.2857,96049665.0000,139731364.0000,487625,715591,121995.3333,238786
2025-08-01,450671,257368,212013,208759,113347,118866,-32184392.00,-8863407.0000,411296585.0000,293136781.00,269189.1,126562.8667,146805.8571,77053,306057715.0000,283137069.0000,519322,737237,52738.6667,116499
2025-07-31,176320,64300,82970,78249,31243,26982,-3463465.0000,3719172.0000,51565023.0000,147169731.0000,265876.2333,126236.6667,141566,80910,96098331.0000,88915694.0000,502123,694987,58143.3333,94481
2025-07-30,89367,44318,42203,40413,18927,20259,21443490.0000,-1975400.0000,59541079.0000,306680160.0000,271748.2667,127033.4667,150028.7143,94414.1429,153603963.00,177167633.0000,495051,688038,84280,131807
2025-07-29,83810,49598,37206,40772,22484,23206,2149847.00,-1805838.0000,70487860.0000,131264724.00,274555.4333,127621.6,223244.5714,138149,93296484.0000,97251079.0000,487896,677918,91784.3333,163805.3333
2025-07-28,110266,80514,46889,47960,37079,36703,-1137302.00,2170993.00,84547337.00,191568516.00,277293,127001.7333,258594.2857,145639.8571,118400395.00,114101900.00,476917,651845,100213.6667,189292.6667
2025-07-25,201345,122728,93622,92787,57930,55746,41375243.0000,7806.0000,67464336.0000,315641958.0000,274150.1667,124244.9,264173.2857,142551.8571,148161722.0000,190593835.0000,554838,786982,89737.3333,168724.6667
2025-07-24,179805,72111,79492,87907,28329,37298,16279812.0000,3222834.0000,80442897.0000,156457607.0000,273319.6,122677.9333,263745.2857,147917,102899388.0000,115131131.0000,550224,728811,111982.6667,158325
2025-07-23,186728,105802,79907,86785,51148,47324,-7774729.0000,8292972.0000,101985227.0000,167236567.0000,269016.7333,120126.9,255829.7143,144243.5714,136052092.0000,118552291.0000,539903,713246,195296,294856
2025-07-22,139641,91299,59641,69527,42260,42496,4496858.0000,5419786.0000,90883310.0000,192073114.0000,270950.5333,118796.3333,284955.8571,155244.4286,132390148.0000,135606140.0000,526567,689670,209179.6667,367547
2025-07-21,148606,138847,65909,73441,71294,55901,-8470263.0000,7731978.0000,103924383.0000,273190931.0000,272370.7667,116575.1667,314987,154816.2857,173917923.0000,182134932.0000,476923,671820,196601.3333,398144.3333
2025-07-18,596321,355742,274640,286431,166226,168389,18764312.0000,605564.0000,209669929.0000,960771256.0000,255011.0333,105719.4667,269957.2857,120598.2857,526981695.0000,579658576.0000,607844,824373,114576.3333,258307
2025-07-17,357714,132950,195843,139183,59402,62003,20196606.0000,-2899779.00,81604101.00,674691865.0000,247278.0667,102783.5,234888,108129.1429,206834349.0000,526279659.00,578773,804683,96955.6667,182842
2025-07-16,240398,101112,116472,100418,42045,51277,13567041.0000,-1464922.0000,68717546.0000,457421928.0000,241497.7,100510.7667,214686.1429,101506.8571,252217173.0000,233886136.00,560686,777466,119353.3333,217217.3333
2025-07-15,176809,109667,79124,86363,55585,45479,-5647235.0000,12598782.0000,81900627.0000,269840650.0000,239516.6,98721.1667,204792.1429,97000.2857,172250765.0000,153884435.0000,537576,759786,128081,277889
2025-07-14,131319,80088,65139,58107,37501,37215,9098337.0000,3597886.0000,76216494.0000,327118963.0000,241183.2,98365.9333,216545.5714,95733.8571,146658958.0000,238529409.0000,512624,742599,140123.6667,327820.3333
2025-07-11,343524,168305,148876,163194,75773,73460,-9651123.0000,12926940.0000,89147766.0000,396035336.0000,233022.6667,94550.0667,205540.2857,84534.1429,203874412.0000,181292204.0000,570777,847626,99244,250722
2025-07-10,358824,135850,151846,170192,61812,63250,-1352339.0000,4830211.0000,85214161.0000,430438014.0000,223430.3,91251.9,168716.5714,75827,243471789.0000,233691167.0000,535573,794730,72212.6667,164109
2025-07-09,281113,116216,129671,138244,51506,56571,2615165.0000,-9478905.00,65702674.00,258565245.0000,220682.4667,90339.3333,190693.4286,101743.1429,153630546.00,155898996.0000,499823,745530,59514.3333,106255
2025-07-08,112229,45666,48409,56371,20988,21133,-7921668.0000,-620896.0000,31439364.0000,158488788.0000,224711.6667,91536.8333,255742.5714,129408,91986192.0000,84424530.0000,487251,725259,68033.3333,140043
2025-07-07,98985,54756,42819,49419,23506,25826,-2620054.00,111754.0000,34388272.0000,141623335.00,226170.6,91726.4,293954.5714,142625.7143,81265186.0000,80861568.0000,469662,710086,79750.3333,195877
2025-07-03,107551,78121,46038,50216,32808,35343,-3576019.0000,1436973.0000,48113818.0000,157894712.0000,225434.3333,90780.9333,361194.1429,157247.7143,67480858.0000,62432179.0000,522947,820730,78676.6667,193712.6667
2025-07-02,213593,71223,107435,78206,28508,36856,10775938.0000,-2845342.0000,49823768.0000,169391029.0000,221476.3,90158.4333,356888.2857,158796.1429,97321798.0000,109945308.0000,515002,802429,154145.3333,267498.6667
2025-07-01,266487,89907,108089,119854,42608,41195,-854120.0000,3616985.0000,81973592.0000,190173142.0000,229248.1333,94933.4333,396309,177971.2857,128759255.0000,128768299.0000,503469,746951,203949.6667,367860.6667
2025-06-30,101058,74900,44230,50990,35066,34001,-7519737.0000,3013801.00,76418465.00,193314423.0000,236081.3667,99470.7333,481980,201838,134478085.0000,123948707.0000,487568,729476,228076.3333,456331
2025-06-27,434951,297629,185314,217305,151203,127195,-8522429.0000,11224698.0000,169935394.0000,395848376.0000,229384.2667,92716.6,430834.7143,167107.2857,263379831.0000,245412261.0000,574131,890803,189025,504090
2025-06-26,567573,239320,280936,248003,103610,112289,15328894.0000,-1824011.0000,158443346.0000,1001594115.0000,234684.8667,92139.3667,387685.4286,142664.7143,403540713.0000,673035878.0000,524054,821621,136605.6667,376049.6667
2025-06-25,366469,147280,162257,184209,67477,69822,7104910.0000,7226137.00,122910406.00,549732758.0000,226702.5667,89086.8,359336.2857,131230.7143,305578813.0000,327885145.0000,495188,784182,162223.3333,434704
2025-06-24,578228,180475,246825,306311,74699,90890,36737930.0000,-13365862.0000,117797703.0000,1124614242.0000,222123.7,86733.8333,304217,114294,781120623.0000,423920596.0000,441010,691329,182720.6667,475546.3333
2025-06-23,183452,82062,77205,93807,36533,38817,-627125.00,919336.0000,63791541.0000,218264204.00,222983.6333,87341.6,293303.8571,108288.4286,131234173.0000,135294799.0000,420614,677168,173538,440040.3333
2025-06-20,542432,224133,224778,287448,100476,103863,16632450.00,-3142289.0000,93466862.0000,981106016.00,206153.9,80605.3333,237940.4286,79855.4286,652425324.0000,364158005.0000,517358,881925,121567.6667,347739
2025-06-18,700755,241967,332468,327761,100254,125001,38029603.00,-2377471.0000,128336496.0000,694835945.00,183936.7333,73250.5667,146067.1429,49470.2857,353225986.0000,429979483.0000,466662,802137,63326,170162.3333
2025-06-17,76934,54514,30811,40381,27124,22871,-2925089.00,1400117.00,33518612.00,77254668.00,182797.8667,72219.7667,163313,49022.8571,58623359.00,44753778.00,455259,792392,65794,208648.6667
2025-06-16,265528,68222,119411,126852,31494,30955,6831800.00,-2620712.0000,36335321.0000,169829327.00,181729.4667,71432.4333,152696.5714,49592.8571,89105694.0000,108863974.0000,441216,755732,56394.3333,155826
2025-06-13,168025,67242,78352,69649,30524,32229,1515033.00,3457942.0000,43362691.0000,59215732.00,182859.8333,70506.2333,139482.8571,44282.7143,52652906.0000,44461997.0000,460023,833803,42347.6667,151447
2025-06-12,192393,61918,69599,109231,30091,26974,-6599796.00,1542628.0000,43155171.0000,74674944.00,178339.4,69269.5,129958.8571,41847.4286,59670053.0000,51090129.0000,453957,790790,31465.3333,106530
2025-06-11,107060,40023,38480,62279,20047,17251,-10780482.00,3435013.0000,21641093.0000,62612079.00,176064.4333,68570.2,124234.1429,40834.1429,48102028.00,32860283.0000,443453,765904,35251.6667,136728.3333
2025-06-10,154888,25102,42197,107647,11015,11591,-8877469.00,2201620.0000,19430348.0000,230876647.00,173489.1,68903.6,118875.2857,45245.1429,167248420.0000,73137271.0000,438165,733691,50955,148836.6667
2025-06-09,57642,29271,26089,27426,13101,13758,-1962331.00,1224965.00,24368054.00,57865796.00,181709.1667,69632.2667,136543.1429,50982.2857,37635661.00,41175390.00,428662,720007,51221.6667,154799
2025-06-06,197655,51382,56442,109134,25237,22111,-6781922.00,345328.00,21823402.00,69178206.00,180663.5333,69571.8667,122407.8571,51331.8571,47851054.00,38401304.00,457718,803252,49051.3333,130822.3333
2025-06-05,191213,72212,69767,97863,30442,34523,-9639134.00,2432814.0000,63432751.0000,92297690.00,182598.9333,68986.5,105242.1429,46288,66625125.0000,53985177.0000,445170,769672,35957.3333,89413.6667
2025-06-04,75529,30071,31312,39556,11641,14543,-12253233.00,3018671.0000,17015238.0000,63241550.00,189038.9667,70144.1,122834.8571,54683.4286,46085412.0000,29955236.00,438004,758178,44593.3333,103362.6667
2025-06-03,125725,44871,64248,51596,19420,22126,1625423.00,3360247.0000,27145696.0000,108278557.00,186356.1333,69552.8,138174.8571,59929.1429,63938483.0000,60859125.0000,431446,729423,52780,121893.3333
2025-06-02,66987,32930,27059,34939,15888,14700,-11481599.00,5812256.0000,25375963.0000,53847013.00,191419.7667,69841.9333,148998.5714,63859.5714,46382307.0000,28407202.0000,424618,708167,59746.3333,132467
2025-05-30,117376,55979,53441,47747,27851,23661,-6332360.00,-313687.0000,42536778.0000,61422830.00,190071.4667,69367.5,144439.5714,62970.7143,51429936.0000,45411263.0000,456914,786512,53388.3333,117026
2025-05-29,181317,69431,58129,92119,30950,30181,-12928026.00,1361680.0000,59148379.0000,85825792.00,185641.4667,68003.1667,132087.4286,60558.8571,72630321.0000,55898335.0000,440375,725169,59857.6667,122813
2025-05-28,98708,53829,37996,54805,27671,22881,-21332200.00,1076482.0000,39851371.0000,83591957.00,184201.1667,67519.0333,189363.7143,86177.1429,72529830.0000,46027398.0000,423311,703796,69111.6667,167612
2025-05-27,71053,36905,29728,36126,15428,17123,-9478406.00,2157548.0000,21818865.0000,85842422.00,191207.1667,67756.9667,222935.4286,111050.5714,55981389.0000,44485435.0000,413047,691563,76957.6667,191512
2025-05-23,198678,88839,80124,87080,41309,35808,-17322.00,-5344363.0000,45379412.0000,126258292.00,187972.3667,67014.1,227986.8571,111931.4286,71679409.0000,78647179.0000,466099,757104,63930.3333,153773.6667
2025-05-22,233105,81591,106814,101641,33409,38087,7787146.00,3047591.0000,54234473.0000,199646230.00,188887.5667,66063.3,298484.8571,131990.2857,104716516.0000,113544117.0000,448064,729145,54249.3333,107689.3333
2025-05-21,142753,60443,65682,67837,28420,26035,-4729452.00,2456337.0000,40097095.0000,165780166.00,186683.8,66120.3333,296234.4286,131313.1429,104285784.0000,92411995.0000,442243,713624,111820.6667,226652.3333
2025-05-20,85463,49757,36781,42672,24439,21005,-8506505.00,-677135.0000,38644714.0000,85693957.00,187183.9333,66844.1667,347005.7143,139903,63148399.0000,55319029.0000,431156,698490,165574.6667,300183
2025-05-19,94852,52548,39239,46525,21804,24121,2908449.00,1067012.0000,136629222.0000,104266809.00,193761.2,68595.9333,363348.2857,146724,111893426.0000,113885513.0000,421587,678725,179727,346578.3333
2025-05-16,499642,233157,232304,240270,96094,115740,27266950.00,-16456212.0000,463222646.0000,350676707.00,181426.5333,63394.4,297333.7143,116565.1429,374276954.0000,409605978.0000,493006,896244,176009,422228
2025-05-15,306055,211019,123855,159411,103420,93530,-12176371.00,5429773.0000,167647703.0000,209586072.00,173969.9333,57389.4333,258503,89465.8571,183507973.0000,171745739.0000,470051,887465,124237,362543
2025-05-14,234038,95005,80170,141059,43537,42403,3547166.00,4407964.00,67054817.00,461990220.00,170051.8333,55138.9667,231178.7143,79263.7143,388233085.00,122901487.00,453922,857552,129197.3333,431484.3333
2025-05-13,726591,222003,307368,388379,92449,107812,25904020.00,1492187.0000,158639001.0000,991603438.00,147837.2,49359.9667,160733.7143,53920.7143,568338654.0000,540291388.0000,392071,738577,88628,259037.3333
2025-05-12,127000,55703,59670,58576,25165,27172,-318081.00,2088160.00,35766084.00,81451815.00,151271.3667,50348.2667,171438.8571,51599.7143,56716554.00,55059423.00,382722,722702,77408.6667,229217.3333
2025-05-09,440862,109886,224371,194440,55633,46761,-10366053.00,6753459.0000,40546498.0000,126163022.00,141074.4667,47905.6667,116570,39446.8571,89902596.0000,69467976.0000,423814,745518,47888,93676.6667
2025-05-08,209250,100295,78650,114141,39420,48209,-11901100.00,403920.0000,48555557.0000,187712002.00,136335.2333,45505.4,92221.5714,27839.5714,147293938.0000,77086418.00,396454,696833,22319.6667,38182.6667
2025-05-07,37540,22045,15233,18048,9740,10729,-3960236.00,-528866.00,15134380.00,27018690.00,141050.2,46092.2333,97948.4286,29705.1429,20491955.00,17060585.00,390268,688105,29838.6667,103494.6667
2025-05-06,34240,21324,13834,17331,9638,10208,-2210555.00,-453928.00,21418496.00,32049922.00,145071.3667,46935.8667,136520.4286,33963.2857,26182101.00,24425474.00,385164,683672,35882.6667,159393.3333
2025-05-05,42768,23590,17058,22638,10213,11414,-5195824.00,-2650019.0000,17845000.0000,38732330.00,152406.0333,47731.6,154165.8571,37674.7143,28008590.0000,25462785.00,376226,674912,36291.3333,164064
2025-05-02,233476,44602,132472,77388,21658,20073,-6260964.00,7597857.00,25686754.00,77877139.00,146633.6333,49317.0667,156422.8571,39110.2857,55418449.00,40569238.00,397811,733707,27772,99175.6667
2025-05-01,201936,39456,91161,90526,18269,18179,-6981951.00,-1282582.0000,19077706.0000,223060949.00,141904.3667,49137.8667,165964.8571,42730.7143,120348295.0000,112642926.0000,386683,688673,26321.3333,57739.6667
2025-04-30,56780,24816,24776,29030,11440,11765,-3913167.00,597159.00,16070340.00,37879364.00,141722.3667,49513.2333,164316.2857,43061.5714,30732222.00,20696896.00,382663,690210,35093,140227.6667
2025-04-29,38811,19044,16616,16961,8291,8947,-1537645.00,654897.00,10464153.00,43291504.00,142519.4333,50314.3667,190042.7143,46284.4286,25943359.00,23750817.00,377831,678940,45268.3333,182719.3333
2025-04-28,77628,35104,31586,39509,16336,15559,-9803261.00,1624221.00,27468259.00,62581800.00,148581.7333,52246.7333,189942.5714,47233.2857,47775780.00,36348298.00,365736,667878,51784,239935
2025-04-25,304244,51131,131516,145783,23949,22947,6569152.00,-1710142.00,26055962.00,131485309.00,143113.0333,53897.5,153395.8571,44000.4286,66944136.00,78627604.00,409094,771461,56340,228097
2025-04-24,166286,49570,68067,70430,17605,25279,-957796.00,-1010982.00,20191563.00,81265202.00,139987.5667,53994.5667,137569.1429,42534,42354814.00,51626058.00,396293,759539,48860.6667,187748.3333
2025-04-23,249275,54651,105363,114076,24061,23983,3700772.00,1882964.00,30070909.00,195093686.00,136956.3667,54452.9,142134.5714,41018.5714,138274117.00,76297458.00,383050,709568,44511.6667,177622
2025-04-22,268730,64799,98860,158748,24982,34959,3356545.00,-2757871.00,34662208.00,171645667.00,133421.3333,56049.8667,118263.7143,41269.1429,113952197.00,84775313.00,363036,660866,36827.3333,113687.6667
2025-04-21,45240,27132,20107,20860,12329,12405,-11706173.00,3934547.0000,23868418.0000,39952457.00,143359.7333,57833.4,149023.8571,44974.1429,38009065.0000,22368345.0000,354212,648608,37283.6667,114746.6667
2025-04-17,218896,41604,109853,104515,20155,18958,-7940555.00,8415892.00,24563424.00,42709992.00,139776.4667,57968.4,128701.5714,47909.8571,41259180.00,23514133.00,396594,740773,36517.3333,60281
2025-04-16,76927,41746,33359,39933,17877,21407,-14889636.00,-6453374.00,48367450.00,45763805.00,140777.5333,58030.7,132064.4286,52156.4286,46803631.00,41022129.00,391687,728146,37283,128383
2025-04-15,48417,28501,17876,25514,13243,13709,-5696131.00,1360662.00,21787175.00,39164375.00,143857.0667,59321.4,166886.2857,63099.2857,32302926.00,25246133.00,385376,719008,49967,146122
2025-04-14,55499,39305,23090,28228,17905,18801,-12980375.00,2429976.00,27491917.00,58765946.00,147790.7333,60524.4667,177472.4286,68500.1429,48582112.00,32356761.00,375128,706899,54554.3333,214476
2025-04-11,281233,44043,77412,127889,16989,23156,-2771869.00,-1941302.0000,38453898.0000,69646560.00,144542.4,62034,149061.5714,66618.2857,51410301.00,45766019.0000,400135,780072,60591.3333,146278.3333
2025-04-10,101634,66553,55375,42759,36104,26694,-1314565.00,3840047.00,76445299.00,41786335.00,149302.2333,62242.2667,151184.5714,61038,50693096.00,47618484.00,394445,775042,62231,145889.3333
2025-04-09,260561,53067,101381,154729,25527,24945,2090179.00,-32836.00,62654837.00,157990994.00,144309.2,62096.5667,122554.7143,60404.5714,96167447.00,118238161.00,385013,717122,79575.6667,156425.6667
2025-04-08,76640,62154,33726,38233,28572,30729,2127222.00,-3181365.0000,77722374.0000,70023195.00,147559.400000000000,64839.900000000000,144466.857142857143,63718.571428571429,68665624.0000,73974211.0000,373401,702358,84561.333333333333,174079.666666666667
2025-04-07,100467,71472,59765,36698,27753,34258,2301971.00,-4157149.0000,192344076.0000,90364979.00,148324.066666666667,65284.733333333333,149393.714285714286,58738.000000000000,81491406.00,121091551.0000,359508,673322,71027.333333333333,168043.000000000000
2025-04-04,292170,105101,142541,124399,48006,49347,-1665701.00,-8068435.0000,152582061.0000,105021114.00,151395.733333333333,66643.500000000000,117237.000000000000,47764.571428571429,103581522.0000,117391968.0000,380423,716596,45157.333333333333,109484.666666666667
2025-04-03,129602,77111,59212,64782,28285,21177,-2889738.00,4462373.00,294454369.00,56744252.00,152863.500000000000,66171.500000000000,124292.285714285714,42413.000000000000,67635367.00,53613136.00,375025,682212,35664.666666666667,86334.666666666667
2025-04-02,82357,30870,42642,35144,14178,14757,8872938.00,-1632149.00,26711348.00,69164301.00,153573.300000000000,66575.000000000000,134652.000000000000,44664.857142857143,40175370.00,50680457.00,370187,669409,53825.333333333333,135557.333333333333
2025-04-01,116495,27491,72508,39725,12132,13368,12573609.00,-2216567.0000,35262669.0000,41531463.00,155780.033333333333,68131.966666666667,155553.857142857143,47517.857142857143,28625766.0000,43435695.0000,368063,654988,56864.333333333333,141710.666666666667
2025-03-31,60152,48633,23312,31783,23204,20457,2891382.00,1321602.0000,65724521.0000,52399140.00,171436.166666666667,72077.433333333333,155575.571428571429,53736.857142857143,47447020.0000,49016800.0000,361441,639909,50082.333333333333,144017.666666666667
2025-03-28,230025,85352,122725,84265,43722,34018,-7482292.00,7824896.00,67556664.00,65199461.00,173245.100000000000,73645.433333333333,131294.571428571429,46412.285714285714,71627952.00,53627704.00,381393,717681,34848.333333333333,127005.666666666667
2025-03-27,134955,36608,45766,83406,17785,16258,4425151.00,2631056.00,31073311.00,50077583.00,170731.100000000000,73377.566666666667,119346.714285714286,46336.428571428571,37269932.00,35645667.00,377033,697151,38190.000000000000,133645.666666666667
2025-03-26,67073,28287,30171,32008,14458,11184,4555514.00,918347.0000,18876112.0000,46135004.00,171415.033333333333,74349.633333333333,118725.285714285714,48449.428571428571,28051685.0000,33483852.00,371575,683410,44581.666666666667,198890.666666666667
2025-03-25,178989,39650,44339,128657,17477,17716,-6322724.00,86442.0000,33307649.0000,98363405.00,167155.400000000000,74177.066666666667,130226.428571428571,56081.571428571429,67154672.0000,58288806.00,361170,657999,62087.000000000000,159329.000000000000
2025-03-24,154875,46633,61351,73449,22284,20705,5040450.00,-1046295.00,39826029.00,91771971.00,167106.433333333333,75337.066666666667,128127.571428571429,63798.857142857143,59691080.00,64056575.00,348496,609288,57902.666666666667,127723.333333333333
2025-03-21,262808,47462,106036,109133,24082,20459,-11637712.00,3691739.0000,40669107.0000,63011634.00,162889.066666666667,75118.566666666667,100943.857142857143,64516.000000000000,55608511.0000,40119880.00,438622,781945,54107.666666666667,57227.333333333333
2025-03-20,60304,92166,25228,30943,47117,36297,-248680.00,9238397.0000,326944390.0000,39684436.00,166045.900000000000,72991.900000000000,114948.857142857143,61121.000000000000,201512794.0000,141162267.00,439210,770782,37745.000000000000,58033.666666666667
2025-03-19,60058,34080,32472,22976,13490,17693,7152478.00,-3443880.00,28140673.00,36576032.00,169430.466666666667,72915.733333333333,129609.000000000000,72353.571428571429,25199047.00,35795405.00,434966,761725,57410.000000000000,124513.333333333333
2025-03-18,51320,36077,21916,26067,17303,15791,-2053900.00,-1246893.0000,44403854.0000,36401530.00,171799.100000000000,74423.600000000000,171333.571428571429,78719.428571428571,38114946.0000,38042539.0000,436462,754458,78935.666666666667,154134.333333333333
2025-03-17,62723,43078,29394,28148,15782,23798,-1758311.00,-1605733.00,107075231.00,54673358.00,178324.566666666667,75406.966666666667,178287.142857142857,79087.428571428571,65793240.00,83332492.00,428904,745725,82070.333333333333,157400.666666666667
2025-03-14,259497,93075,101741,125418,42755,39353,1658921.00,6697722.00,140291808.00,65880810.00,174825.433333333333,75626.800000000000,156496.000000000000,72021.714285714286,73900570.00,62395209.00,462155,816658,73845.666666666667,123681.333333333333
2025-03-13,140183,100654,51097,70136,29881,29658,-3711592.00,-5228322.00,546196785.0000,55115265.00,174877.933333333333,73641.866666666667,156584.571428571429,67245.714285714286,78518540.00,83967001.00,473587,789368,77863.666666666667,131180.000000000000
2025-03-12,72522,52482,31433,33033,21421,26088,2751631.00,-4537829.00,63304856.00,47206971.00,175375.833333333333,72967.233333333333,171011.285714285714,70519.285714285714,46887211.00,54195051.00,465754,775410,87249.000000000000,221470.000000000000
2025-03-11,158339,68401,81106,66237,28733,33933,4887117.00,-13434680.0000,119461926.0000,127278133.00,176081.833333333333,73431.866666666667,174646.142857142857,73509.000000000000,66139949.0000,162485396.0000,453555,745710,79666.666666666667,205823.000000000000
2025-03-10,162679,112708,70321,72945,50635,55421,-5957074.00,-4650485.0000,189284010.0000,112112741.00,180807.533333333333,73481.566666666667,186324.714285714286,67808.000000000000,134300767.00,137103948.0000,444751,714398,56635.666666666667,187249.666666666667
2025-03-07,343392,80638,113655,152322,37627,37319,-11069531.00,-1239443.0000,45313576.0000,93326892.00,178307.700000000000,73425.266666666667,153093.000000000000,63244.857142857143,74753248.0000,56418775.0000,477714,765918,52163.666666666667,119720.000000000000
2025-03-06,111398,45654,48181,56354,23332,19241,-1790152.00,3534257.0000,40771631.0000,82083403.00,177775.566666666667,73597.333333333333,162057.000000000000,77359.142857142857,60975544.0000,55651135.0000,473661,750040,62078.000000000000,140423.666666666667
2025-03-05,106959,43615,52636,46164,19106,20655,3869743.00,4482617.0000,48131151.0000,77745529.00,180340.733333333333,74607.000000000000,164406.714285714286,83245.142857142857,59690732.0000,56514108.0000,465741,734951,77316.000000000000,166031.666666666667
2025-03-04,140803,67222,67944,62898,30916,31153,-2820791.00,5253971.0000,94272209.0000,102133832.00,187261.100000000000,75940.433333333333,199194.857142857143,94479.714285714286,96297234.0000,88222472.00,455640,706077,79175.666666666667,200573.666666666667
2025-03-03,173509,75397,80258,81891,36331,34671,5120626.00,970297.0000,65689734.0000,123323587.00,187311.600000000000,75660.700000000000,199212.857142857143,92701.714285714286,87556027.0000,91706356.00,439465,671026,70275.333333333333,179660.666666666667
2025-02-28,183783,89329,83435,76629,41007,42534,2659222.00,2410082.0000,68453888.0000,92046405.00,188116.400000000000,74852.933333333333,187765.428571428571,86079.714285714286,66474712.0000,85613852.00,473826,767260,88650.333333333333,176448.333333333333
2025-02-27,244429,72801,94304,110595,34335,30634,-4843756.00,12827696.0000,130877133.0000,133880409.00,182058.133333333333,73413.633333333333,178946.571428571429,86279.571428571429,99490420.0000,118619502.0000,471179,729387,92655.666666666667,136107.666666666667
2025-02-26,110770,48696,47962,50681,23242,21984,530199.00,-2548887.0000,53417947.0000,85002356.00,183696.066666666667,73482.300000000000,238813.142857142857,103179.714285714286,55854763.0000,70805349.0000,467994,714816,125045.000000000000,227291.000000000000
2025-02-25,174146,144454,64203,95721,61692,73098,-6253811.00,-5861042.0000,208803897.0000,85359499.00,181121.533333333333,70959.300000000000,254548.428571428571,101456.571428571429,126126769.0000,150416400.0000,446789,672028,97877.333333333333,227120.666666666667
2025-02-24,123407,84817,53144,54451,36317,36504,-2292206.00,7199432.0000,78921652.0000,104710074.00,181910.100000000000,69979.300000000000,245423.857142857143,93421.571428571429,79117305.0000,73153167.0000,430595,637614,83930.000000000000,220535.333333333333
2025-02-21,384320,145864,202087,163638,75293,59776,-5226487.00,9024600.0000,96948060.0000,172822741.00,175242.333333333333,66851.566666666667,203034.000000000000,80790.857142857143,134892835.0000,117643448.0000,469065,786951,60042.000000000000,153327.666666666667
2025-02-20,173635,62951,76681,88094,32113,26136,-5595634.00,20795280.0000,105354225.0000,89104009.00,180600.033333333333,67119.233333333333,185543.285714285714,76722.571428571429,113762347.0000,73011846.0000,460154,745106,94724.000000000000,272061.333333333333
2025-02-19,103651,42975,41495,53252,18452,20891,-11612963.00,1484491.0000,49017220.0000,86234734.00,181347.066666666667,68077.966666666667,192651.142857142857,82216.571428571429,70842856.0000,58698282.0000,451271,727024,124529.666666666667,332275.333333333333
2025-02-18,182697,74200,73958,91882,35422,33192,-5780562.00,5429831.0000,76462591.0000,143943562.00,177836.666666666667,67129.466666666667,186021.142857142857,77460.428571428571,108390161.0000,96600393.0000,426450,698964,109320.333333333333,291221.333333333333
2025-02-14,529836,166997,262345,222354,76916,75131,-15530336.00,5334789.0000,88591654.0000,279227688.00,164295.566666666667,62801.166666666667,132474.428571428571,57656.000000000000,179976949.0000,162180998.0000,471178,737194,72804.333333333333,143806.333333333333
2025-02-13,284293,132392,131939,126876,60461,57741,17721914.00,2668280.0000,97397171.0000,307048430.00,161163.766666666667,60238.833333333333,114946.142857142857,43285.000000000000,181158694.0000,197457728.0000,424700,671809,40164.666666666667,66108.666666666667
2025-02-12,59535,28572,25163,28548,11919,13085,-8309617.00,5097569.0000,38510933.0000,70020251.00,161606.766666666667,61448.400000000000,123923.857142857143,50819.428571428571,57249302.0000,43842116.0000,417055,659455,57785.000000000000,97399.000000000000
2025-02-11,87591,57449,35147,47794,30149,23595,-25008734.00,9332116.0000,75446395.0000,137125903.00,160700.933333333333,61045.666666666667,148337.571428571429,52980.857142857143,106523554.0000,98227104.0000,402425,636959,52271.000000000000,113631.000000000000
2025-02-10,51200,34473,21996,25468,14487,16843,-12912814.00,-86983.0000,31996114.0000,72112755.00,161770.166666666667,61061.933333333333,163098.000000000000,62294.714285714286,55383424.0000,42557593.0000,388252,623396,50235.333333333333,148234.000000000000
2025-02-07,153406,81433,62834,80871,41773,34498,3251653.00,4306742.0000,43555120.0000,119577182.00,164290.233333333333,60170.466666666667,161434.000000000000,56533.714285714286,75631213.0000,75719964.0000,420986,735187,33689.333333333333,150963.666666666667
2025-02-06,136287,40907,60480,60455,17975,19381,-11208675.00,-3468921.0000,39243666.0000,75235885.00,163164.000000000000,61745.333333333333,154458.571428571429,55296.000000000000,56919014.0000,51698160.0000,411397,713051,47158.000000000000,146327.666666666667
2025-02-05,155009,28366,52417,69032,13947,11973,-2684535.00,6024502.0000,33564974.0000,106869478.00,164157.833333333333,65019.300000000000,157960.000000000000,63006.571428571429,80314206.0000,53264529.0000,405467,672669,61895.666666666667,180820.333333333333
2025-02-04,161595,31795,88377,42579,14531,14624,304723.00,2211232.0000,30602726.0000,216301809.00,167328.266666666667,66121.600000000000,178367.857142857143,74778.571428571429,62816363.0000,167954454.0000,399211,633232,84520.666666666667,178463.000000000000
2025-02-03,122379,81313,46234,46741,28974,28844,-445776.00,2809594.0000,85915377.0000,157631412.00,166153.933333333333,64730.933333333333,199227.571428571429,74440.857142857143,96462989.0000,100183139.0000,381024,651557,71118.333333333333,184922.666666666667
2025-01-31,258487,72579,114575,125918,37598,29625,-5094176.00,4575000.0000,36925355.0000,146166641.00,162378.066666666667,64844.166666666667,175934.285714285714,71331.857142857143,90780498.0000,74269907.0000,434435,721662,57673.000000000000,127913.333333333333
2025-01-30,154523,99670,68910,68999,35261,36127,1396404.00,546917.0000,47530379.0000,187140814.00,161895.133333333333,63952.500000000000,180133.000000000000,67651.142857142857,104738178.0000,108029781.0000,415730,692882,51896.333333333333,136245.333333333333
2025-01-29,141758,41106,66965,64948,18978,19585,-4411235.00,6777873.0000,39017270.0000,108642470.00,162503.366666666667,64616.833333333333,209655.285714285714,77096.714285714286,77451087.0000,65354979.0000,406542,675984,76260.666666666667,190476.000000000000
2025-01-28,87459,32243,38916,43237,13766,15481,-2714217.00,-1423410.0000,37596078.0000,74382268.00,163430.266666666667,65733.033333333333,222164.571428571429,82062.714285714286,52829666.0000,51538859.0000,400325,659333,91829.333333333333,250788.666666666667
2025-01-27,179519,82340,72781,89823,40433,35456,-8047623.00,6430276.0000,74909789.0000,157314626.00,163824.333333333333,64754.066666666667,226222.857142857143,79599.285714285714,115943176.0000,101465277.0000,382659,627738,81321.333333333333,222760.333333333333
2025-01-24,304450,114199,128177,151454,53810,50709,9859248.00,645572.0000,51072980.0000,246585213.00,160435.400000000000,63574.966666666667,191684.428571428571,67516.857142857143,135290622.0000,143876948.0000,432198,704327,67890.000000000000,182581.666666666667
2025-01-23,268397,78949,135432,119692,35706,36759,2409985.00,-1788516.0000,53246993.0000,177631181.00,162897.233333333333,66223.333333333333,176186.000000000000,63489.285714285714,109714206.0000,107922645.0000,411180,670488,77315.333333333333,209254.000000000000
2025-01-22,95434,50816,40194,47631,23007,23399,-7809016.00,-3118386.0000,41182088.0000,86934190.00,169202.233333333333,68917.400000000000,176396.857142857143,66053.285714285714,61507505.0000,56816875.0000,401262,660544,82711.666666666667,235784.000000000000
2025-01-21,183914,73905,83090,89304,31893,34852,-14054447.00,-3736190.0000,79562742.0000,235178933.00,168219.000000000000,69665.400000000000,171132.571428571429,63412.142857142857,151808972.0000,142245635.0000,379030,634640,79775.333333333333,243788.333333333333
2025-01-17,348414,107225,142823,174093,53506,46189,7264508.00,-4903044.0000,109986739.0000,351021928.00,159381.866666666667,67871.700000000000,147685.857142857143,55527.428571428571,207992210.0000,216185127.0000,511521,824516,53907.666666666667,148544.000000000000
2025-01-16,175024,67005,78203,87468,31646,30130,12705882.00,-7821319.0000,44622769.0000,121572253.00,156648.033333333333,67266.366666666667,170449.000000000000,56095.428571428571,66108838.0000,91589414.0000,493603,805481,48491.333333333333,143505.333333333333
2025-01-15,207927,65096,76005,88072,25363,34462,4498644.00,-3864438.0000,40163228.0000,178111405.00,156741.766666666667,67988.333333333333,158754.000000000000,57044.142857142857,96252014.0000,97863773.0000,481099,752114,49714.000000000000,106499.666666666667
2025-01-14,62681,29622,29651,27117,13202,13292,9623926.00,1324912.0000,27992196.0000,65774494.00,162084.166666666667,70204.866666666667,160854.571428571429,59347.428571428571,39798273.0000,48097287.0000,474527,740384,58312.333333333333,134627.333333333333
2025-01-13,159908,50756,74458,78899,21984,25037,-10219844.00,-617783.0000,55198256.0000,101250330.00,159915.533333333333,71079.266666666667,155668.142857142857,57403.428571428571,78520449.0000,67651328.0000,461449,684549,58737.666666666667,142753.666666666667
2025-01-10,96910,68764,42263,47933,30664,33064,-1776167.00,-5057445.0000,58526830.0000,67243079.00,160141.300000000000,71117.400000000000,169015.142857142857,55511.714285714286,58653518.0000,61934796.0000,492512,822565,59476.666666666667,221905.666666666667
2025-01-08,147064,55417,67074,55096,25617,26283,-14709084.00,-5606922.0000,56832208.0000,92823564.00,165962.000000000000,73532.300000000000,158409.571428571429,56860.571428571429,76168295.0000,64463748.0000,482390,782334,64916.666666666667,214905.000000000000
2025-01-07,184287,52032,65777,111393,24471,23032,-14328003.00,3490604.0000,51182155.0000,112309392.00,167522.166666666667,75653.333333333333,140713.714285714286,55908.428571428571,88526795.0000,64602058.0000,469164,734298,62821.000000000000,179271.000000000000
2025-01-06,334366,70981,190742,101957,30646,32954,12204228.00,514038.0000,53822003.0000,315402886.00,163548.100000000000,76458.266666666667,104843.857142857143,50762.714285714286,137904779.0000,209092655.0000,452353,667475,51543.333333333333,109016.666666666667
2025-01-03,126062,71737,66330,51160,32997,31485,3671703.00,93084.0000,40716744.0000,89343978.00,164178.400000000000,76099.466666666667,119550.428571428571,48327.285714285714,57858355.0000,64075118.0000,480733,736853,46138.333333333333,130442.333333333333
2025-01-02,77385,45745,36052,36060,21098,20983,-2416768.00,-420989.0000,47772138.0000,79332554.00,170314.533333333333,78016.933333333333,123138.285714285714,54385.571428571429,59553945.0000,58463666.0000,470172,719249,52509.666666666667,128922.333333333333
2024-12-31,123603,37148,41939,47230,18237,15343,5098536.00,1102515.0000,56147048.0000,80764233.00,174831.166666666667,82382.600000000000,131884.142857142857,67162.285714285714,59196382.0000,67693299.0000,463932,691241,55249.333333333333,107860.000000000000
2024-12-30,190339,55522,58390,100262,22362,26958,-7905429.00,-183632.0000,95504415.0000,176780452.00,178777.633333333333,85019.800000000000,141365.428571428571,68496.857142857143,133909438.0000,118535718.0000,453764,643180,48395.666666666667,72172.666666666667
2024-12-27,72825,64859,32519,34710,29210,28472,655213.00,-7279178.0000,73998030.0000,57431671.00,186682.433333333333,88370.200000000000,143411.714285714286,64887.428571428571,57607168.0000,65541559.0000,482403,728761,45005.666666666667,124233.666666666667
2024-12-26,60416,45367,22921,32653,19814,20754,154458.00,-6302881.0000,49815028.0000,68348323.00,192512.633333333333,90146.500000000000,155525.285714285714,69260.142857142857,50669876.0000,57113465.0000,472865,714534,59267.666666666667,138261.666666666667
2024-12-24,83277,34961,41988,36400,14983,16209,2475259.00,372925.0000,30107418.0000,71658001.00,210525.700000000000,95821.900000000000,163633.571428571429,74682.857142857143,46079362.0000,50961434.0000,464860,702944,89809.000000000000,172110.666666666667
2024-12-23,229008,54689,73483,113308,23892,26238,-8273452.00,-3696532.0000,64320224.0000,114631368.00,213724.233333333333,99686.233333333333,153776.000000000000,75589.571428571429,84445896.0000,83018077.0000,450016,645615,93200.666666666667,181344.000000000000
2024-12-20,102500,88153,47844,47797,38667,41720,-10609417.00,-836097.0000,67020100.0000,98670453.00,220038.800000000000,100956.200000000000,155599.714285714286,72386.142857142857,84153108.0000,74379788.0000,558921,834563,77014.000000000000,176227.000000000000
2024-12-19,184824,126585,90897,63801,51207,46690,6239375.00,1957362.0000,142564118.0000,256662138.00,234507.400000000000,104476.000000000000,156530.714285714286,61869.857142857143,121484607.0000,207068402.0000,530940,785834,60144.333333333333,163022.666666666667
2024-12-18,256708,64864,93018,147694,34713,25746,-18642705.00,13158221.0000,76803700.0000,164763841.00,231402.933333333333,103916.600000000000,148827.000000000000,63864.428571428571,133062500.0000,94186090.0000,543607,760200,62829.666666666667,124131.666666666667
2024-12-17,87149,39593,35988,45453,17135,18853,-5482628.00,1941146.0000,41772712.0000,102863132.00,231236.733333333333,104414.566666666667,185270.285714285714,80836.857142857143,70496162.0000,63072388.0000,516185,738790,69977.333333333333,148417.000000000000
2024-12-16,145211,75976,58998,59095,25902,24440,10669000.00,-1373005.0000,72397674.0000,196245198.00,233376.533333333333,105251.366666666667,205180.714285714286,88788.571428571429,84705974.0000,100524229.0000,486124,691350,66561.666666666667,138435.333333333333
2024-12-13,140035,72920,54312,73666,31790,35077,-5576127.00,1244753.0000,46795153.0000,84469562.00,238984.766666666667,106303.266666666667,207235.285714285714,92135.000000000000,65546788.0000,58355108.0000,540078,793748,59912.000000000000,155537.333333333333
2024-12-12,160005,61036,89786,49471,26728,26594,7057327.00,496121.0000,41656827.0000,98778232.00,240015.633333333333,106184.466666666667,196277.428571428571,91046.142857142857,58543477.0000,74722958.0000,531585,777231,65842.000000000000,169796.333333333333
2024-12-11,115266,65729,56506,51844,26502,30699,7399718.00,-1064848.0000,53767934.0000,140647573.00,242288.566666666667,105591.300000000000,193097.857142857143,88634.142857142857,87894448.0000,96890734.0000,525007,762326,96732.333333333333,245458.333333333333
2024-12-10,191341,52971,80984,93194,22668,23899,-3512838.00,-325794.0000,60537290.0000,152299826.00,239172.166666666667,105168.033333333333,195869.000000000000,93460.428571428571,93176578.0000,105568433.0000,515958,729725,122954.666666666667,276539.333333333333
2024-12-09,202782,78826,85570,101028,38341,33343,-28000653.0000,7170565.0000,91713723.0000,210047528.0000,237659.533333333333,105447.366666666667,198750.571428571429,95930.714285714286,156686688.0000,128809471.0000,494437,685255,128794.333333333333,260417.666666666667
2024-12-06,342252,158400,161712,154181,68827,75898,15003479.0000,-1277549.0000,103790065.0000,441740714.0000,233589.966666666667,102022.400000000000,163407.285714285714,84300.428571428571,254473424.0000,261914520.0000,534426,728176,93799.000000000000,174100.333333333333
2024-12-05,284584,131638,124464,145497,63026,53533,-8460131,7701841,103458918,436015049,230909.900000000000,99815.466666666667,137564.285714285714,75481.857142857143,262666841,248900414,510481,700769,66201.333333333333,110242.000000000000
2024-12-04,154417,96345,78696,64382,39619,46309,30439908,-5145712,72373493,218675820,228406.000000000000,98045.966666666667,161459.714285714286,79984.571428571429,117419224,154509844,493481,682152,63004.666666666667,129016.000000000000
2024-12-03,83300,53414,41435,35923,22945,24980,11197318,1987151,42386545,120153275,230222.400000000000,97995.100000000000,182572.857142857143,88877.285714285714,71182526,79976193,482350,667622,77239.333333333333,175567.000000000000
2024-12-02,93009,48845,45061,41085,21342,22291,-287868,5538938,48918039,171142449,236107.633333333333,100087.733333333333,200020.714285714286,95489.285714285714,103363062,99837356,468529,656516,86620.333333333333,176180.333333333333
2024-11-29,210739,86755,80524,119669,43846,35505,-7128678,3347921,46642742,146518673,233175.533333333333,99232.333333333333,190625.285714285714,91806.142857142857,99779361,82074260,526553,725721,81004.666666666667,140495.000000000000
2024-11-27,222953,96118,104889,94885,41358,46031,-5677097,-12543477,75702674,196268609,238084.900000000000,98918.733333333333,196127.571428571429,92827.714285714286,125323320,128371859,510073,703591,91586.666666666667,173405.666666666667
2024-11-26,94849,76988,37331,48562,39315,31441,-13380071,7385028,57806639,116214351,242016.133333333333,98793.566666666667,219592.285714285714,105846.285714285714,91213116,70448017,492106,691423,104478.333333333333,218820.000000000000
2024-11-25,103683,69908,49571,46482,31284,31613,6453421,-343399,66190354,161336373,254868.033333333333,99477.666666666667,248885.142857142857,115093.428571428571,103125483,107402053,475658,679604,112885.333333333333,255973.666666666667
2024-11-22,321685,127864,153558,150004,59760,58147,2772632,448624,78081510,230136561,251479.166666666667,97814.066666666667,247211.428571428571,120451.571428571429,145383589,144288962,539288,758531,90588.333333333333,197069.000000000000
2024-11-21,231092,115663,95630,121554,58052,48826,-21322159,13619641,106225755,273699381,250993.433333333333,95162.533333333333,247815.714285714286,118022.000000000000,199453885,160296473,514223,731886,86457.000000000000,207194.666666666667
2024-11-20,215144,95129,97499,104826,47233,39969,-12745441,2526340,90212366,397788038,246187.666666666667,92871.866666666667,306176.428571428571,133749.714285714286,235808013,224952527,494982,716688,110786.666666666667,221847.333333333333
2024-11-19,144971,60973,73115,62469,27712,26739,-11872034,6300563,82260970,259428491,243418.333333333333,91518.233333333333,331889.714285714286,149413.428571428571,167436167,155959982,479700,701067,135341.666666666667,276434.666666666667
2024-11-18,261469,103269,134608,106419,48220,45840,42862703,-9245677,102455889,564532916,237803.200000000000,89184.700000000000,336242.285714285714,152696.714285714286,245616825,379456625,447505,664728,156042.333333333333,292601.333333333333
2024-11-15,259102,168118,126531,113963,72206,81043,3639919,-10512706,127754154,288838937,233930.400000000000,85404.900000000000,387639.428571428571,161848.285714285714,186484176,207279351,568657,853983,132888.333333333333,284674.666666666667
2024-11-14,308733,134638,150398,125495,62509,60693,-22726000,12361776,153214886,359951278,227939.966666666667,81930.066666666667,366902.428571428571,149483.142857142857,254172563,233039132,554427,838755,156416.666666666667,389653.333333333333
2024-11-13,309969,165371,149734,141317,82481,69833,-32047772,38240990,246918487,524392439,223109.466666666667,77487.933333333333,334358.714285714286,133649.000000000000,388114429,343418253,511185,808656,158166.000000000000,394651.666666666667
2024-11-12,235322,98656,131592,90792,46865,43948,-8885034,7601808,142216127,748540618,222528.900000000000,76352.533333333333,330656.285714285714,133995.285714285714,275839656,583945974,488074,808902,167364.666666666667,413523.333333333333
2024-11-11,623669,205223,340650,234863,95405,87631,71572823,-211076,152936774,1645246723,205882.900000000000,71094.866666666667,285601.000000000000,119603.000000000000,648075060,1037971272,414837,713660,176350.000000000000,411927.666666666667
2024-11-08,324964,170619,153801,149942,67152,87641,15590295,-6817554,71684661,382271037,205537.733333333333,68197.066666666667,266453.428571428571,103439.142857142857,207729773,219457270,486230,804740,135504.333333333333,358131.000000000000
2024-11-07,291937,126252,165879,108136,52176,62368,21800458,-3728879,71137892,335043697,204946.400000000000,66278.466666666667,250955.857142857143,92250.857142857143,138158266,239423669,464924,804949,111597.666666666667,288206.333333333333
2024-11-06,618882,232179,304736,261858,106316,103679,45306163,-9760833,115684006,1152331212,186438.133333333333,59553.433333333333,176522.571428571429,64835.714285714286,753109386,453797628,405654,702493,67898.000000000000,151714.000000000000
2024-11-05,163574,48082,69978,86414,21346,21838,591628,1471410,41318444,242565892,183106.166666666667,58911.800000000000,175641.000000000000,70424.857142857143,125614965,150942583,392764,674100,86696.333333333333,199950.000000000000
2024-11-04,82163,54532,37548,37488,23843,25070,-5281693,-1481448,41420250,71200351,182383.466666666667,57859.666666666667,195355.571428571429,70584.714285714286,54631580,50831335,374191,650704,87676.333333333333,236206.000000000000
2024-11-01,209405,101080,105672,88626,42218,49769,-372410,-4308829,57907082,103738624,182531.233333333333,55970.233333333333,194609.428571428571,65491.857142857143,71932887,78072306,409692,723960,69961.000000000000,227555.666666666667
2024-10-31,308282,104477,119999,162135,51390,45488,-25506296,-3308786,94878749,210346320,177683.600000000000,54159.433333333333,161897.714285714286,56746.571428571429,152685270,138606960,397801,666661,48559.666666666667,157411.333333333333
2024-10-30,190931,57472,73719,80112,27601,22977,6749335,2118511,42499077,273740370,173121.166666666667,53074.966666666667,154306.428571428571,55948.857142857143,121423054,115848978,375974,625985,58471.000000000000,146235.333333333333
2024-10-29,183454,47934,52308,123447,26453,18009,-978322,7132276,48656193,397644045,169038.333333333333,52254.066666666667,166608.142857142857,65047.428571428571,348423502,86823429,362111,610155,61043.333333333333,158472.333333333333
2024-10-28,97849,40273,47886,41545,19402,18142,7460901,-1552010,30590410,102705785,167162.666666666667,51641.866666666667,170169.142857142857,68021.714285714286,57980331,66993242,347321,595891,69429.000000000000,193916.666666666667
2024-10-25,157403,87206,66466,78734,46837,34839,-2193718,3607785,33003427,110917167,168752.633333333333,50034.566666666667,200573.571428571429,67950.857142857143,70068824,64267321,385356,672884,54780.333333333333,167882.333333333333
2024-10-24,220165,55651,97636,96461,27450,23978,6377796,2652467,25828006,113813536,166969.666666666667,49393.500000000000,199519.428571428571,70462.571428571429,66617104,65777493,374621,656274,53526.000000000000,140424.666666666667
2024-10-23,204182,65430,89966,104316,35198,25096,-10495406,3552977,44326912,89568233,162555.433333333333,48253.300000000000,240242.000000000000,74034.142857142857,66746419,58665536,361877,638605,68924.000000000000,162219.333333333333
2024-10-22,79300,43260,33708,40388,18258,18542,-3211726,-3417467,21618279,73835079,163404.200000000000,47669.866666666667,260344.714285714286,78990.714285714286,44754406,44960147,351095,630426,74868.333333333333,176711.333333333333
2024-10-21,137792,51888,60788,69458,24342,23183,-37948087,2802025,33823240,205706930,161499.000000000000,46995.166666666667,271591.571428571429,76737.714285714286,137496169,92529807,338662,612193,86475.666666666667,254192.000000000000
2024-10-18,269566,111624,133113,118947,47811,55702,6745599,-4673246,41223891,216064259,159805.666666666667,45999.600000000000,243220.857142857143,64564.142857142857,115807819,126669056,397801,775103,73678.666666666667,235265.333333333333
2024-10-17,122776,61093,50969,63378,28244,28578,-11865954,-310225,30241610,116860882,158052.500000000000,45260.433333333333,234523.000000000000,58745.714285714286,75672297,64116568,391115,763828,83458.000000000000,357420.000000000000
2024-10-16,370234,86710,237202,118414,35949,44242,16110696,-9119566,52904544,321293527,148960.000000000000,43663.533333333333,194920.285714285714,51110.428571428571,146928061,212870748,367590,719991,80540.000000000000,307348.333333333333
2024-10-15,212786,73233,95840,105385,36986,31533,-11631625,139471,50003215,244564601,147908.333333333333,42929.333333333333,184939.142857142857,48466.285714285714,148038177,135792386,354419,695653,68168.000000000000,308593.000000000000
2024-10-14,489240,90431,209456,259148,36123,45509,9820939,-1179726,50491982,604812138,134603.466666666667,42318.566666666667,133479.142857142857,39889.428571428571,443575801,197179960,329509,642299,46827.333333333333,169170.000000000000
2024-10-11,220019,77956,112237,93021,32735,39479,9347837,-1765424,28374626,95469075,130333.433333333333,40724.833333333333,125627.000000000000,33339.571428571429,52537481,63650742,353390,699430,27630.000000000000,116460.666666666667
2024-10-10,216520,36117,75796,92442,13920,16184,-1868258,-702371,38666035,50331969,127474.500000000000,40836.166666666667,125824.857142857143,37407.714285714286,30729325,29931598,345207,641470,26678.666666666667,75292.333333333333
2024-10-09,70971,26409,30693,34693,11468,12761,-9002820,137325,13604435,57252252,127539.600000000000,40901.400000000000,133441.714285714286,40419.714285714286,36764418,27610393,340937,627200,36117.000000000000,99274.666666666667
2024-10-08,61891,20364,23748,31438,9391,9171,3571599,-140932,11874886,48103906,127451.866666666667,41149.566666666667,169544.285714285714,49465.571428571429,24159199,27875730,335195,610147,39460.000000000000,121651.000000000000
2024-10-07,93015,33263,34844,52161,16613,14380,-10479091,1727650,20862335,69844779,130769.533333333333,42585.366666666667,195427.428571428571,54527.142857142857,47910152,35703411,323306,584272,39074.666666666667,145664.000000000000
2024-10-04,142918,54724,69070,65317,21557,28204,-7243965,-1641822,19477276,64787282,129616.166666666667,41999.233333333333,184101.142857142857,51056.285714285714,42853389,37251246,349333,695260,42364.666666666667,170659.666666666667
2024-10-03,129020,30393,36586,76971,15973,12107,1234227,4821513,21486265,103738363,129833.066666666667,42307.133333333333,174757.571428571429,50833.428571428571,93268602,29271981,347936,673146,48064.666666666667,169082.666666666667
2024-10-02,165054,32107,54290,82118,14774,15220,-1512815,258638,19271916,98148653,128070.666666666667,42912.466666666667,159818.714285714286,49527.857142857143,75858404,35444826,342020,649421,65257.333333333333,218934.333333333333
2024-10-01,217905,64594,90544,115236,32314,27433,-33585410,1147287,42148307,146924981,122992.233333333333,41793.700000000000,159237.714285714286,46642.571428571429,108995704,73806207,323325,579541,66624.000000000000,237698.333333333333
2024-09-30,124289,47493,49959,64869,22108,19203,-10191264,4356635,26237546,92184437,124446.333333333333,42111.766666666667,164746.857142857143,47022.571428571429,55798604,41250705,306871,555499,60935.666666666667,217480.000000000000
2024-09-27,314609,83685,115431,184943,35115,42127,-3510979,-1743521,29069509,253918122,116526.666666666667,40896.033333333333,127525.285714285714,38630.142857142857,187227304,86181906,325873,580084,42651.666666666667,133815.333333333333
