date,call_volume,put_volume,call_volume_ask_side,call_volume_bid_side,put_volume_ask_side,put_volume_bid_side,net_call_premium,net_put_premium,put_premium,call_premium,avg_30_day_call_volume,avg_30_day_put_volume,avg_7_day_call_volume,avg_7_day_put_volume,bearish_premium,bullish_premium,put_open_interest,call_open_interest,avg_3_day_put_volume,avg_3_day_call_volume
2026-09-25,27299,19021,10637,11672,7655,7729,-850577.00,1615976.00,13208102.00,18017591.00,62409.8333,46610.6667,69018.4286,24721.8571,11957017.00,9490464.00,346589,360812,18748,40392.6667
2026-09-24,33574,13387,13889,14809,4098,8316,2110695.00,-5278013.00,9942779.00,22342505.00,61921,46980.4,68435.8571,25918.5714,9701138.00,17089846.00,346215,356487,20548.3333,39637.6667
2026-09-23,41313,14075,18807,19730,5875,6979,-1426251.00,95139.00,7526104.00,23367167.00,61256.5333,47360.4333,68088.5714,27776.2857,14912935.00,13391545.00,344231,350262,29466,38305.3333
2026-09-22,46291,28782,20039,22892,12734,13288,-2199448.00,385525.00,14102709.00,20977906.00,60596.2,47020.9667,64941.4286,28397.4286,17419061.00,14834088.00,340068,341454,33076.6667,35979.3333
2026-09-21,31309,18788,15300,13774,7778,8567,-1675906.00,1306630.00,7915916.00,17255906.00,60847.4333,47235.3333,64065.5714,29699.4286,13214246.00,10231710.00,332068,331777,32673.6667,110214
2026-09-18,37316,40828,13986,20512,20013,17662,-6324236.00,1380227.00,13961621.00,21524961.00,61041.7333,47133.4667,63008.1429,29243.7143,20772513.00,13068050.00,476506,401898,26319,107607.3333
2026-09-17,39313,39614,17467,18363,17950,15532,295541.00,2437657.00,31241232.00,22030519.00,60488.5667,46470.2333,63498.7143,29856,25615152.00,23516810.00,472319,395213,22140.6667,107463.6667
2026-09-16,254013,17579,11436,13384,7785,8879,-2078832.00,351461.00,7524550.00,1366692489.00,53146.7,46433.0667,32217.4286,34238.4286,16140271.00,13709978.00,469383,462892,27324.3333,30879.6667
2026-09-15,29496,21764,12286,14485,9444,10037,-4061501.00,5007905.00,14963091.00,31357255.00,53374.9667,46337.9333,35651.2857,40227.7143,25880215.00,15070809.00,463691,458978,29370.3333,29440.3333
2026-09-14,38882,27079,19981,14410,10920,12365,6569273.00,-497294.00,9745513.00,31657996.00,53510.2667,46057.7667,35802.5714,43883.8571,15216776.00,22283343.00,457515,448097,32890,26451
2026-09-11,24261,33130,11445,11317,13780,13764,-323556.00,1683154.00,10152781.00,14164946.00,54020.1333,45959.1,38381.5714,47749.8571,11666699.00,9659989.00,481561,474175,36480,32613
2026-09-10,25178,27902,8397,11031,13417,12073,-677345.00,-341307.00,14866939.00,15745789.00,54834.5667,45744.5667,43059.8571,52281.1429,13753723.00,14359435.00,479509,472316,43264.6667,35901.6667
2026-09-09,29914,37638,10593,17679,16089,19169,-142502.00,546150.00,16207065.00,18213162.00,55618.4333,45484.1,67007.7143,69093.2857,15988060.00,15299408.00,474817,463940,51948.3333,43774.6667
2026-09-08,42747,43900,16605,20717,20188,18535,1037742.00,3387393.00,24873193.00,40272892.00,55677.0333,45056.0667,110001.7143,91713.2857,30403296.00,28053645.00,468997,456149,54872.3333,42839.3333
2026-09-04,35044,48256,13074,15224,25771,18589,-1091761.00,1958005.00,16278795.00,40633840.00,55649.9667,43980.3,114359.5714,96487.4286,23744756.00,20694990.00,513866,494689,58851,45262.6667
2026-09-03,53533,63689,26942,22453,25800,31993,3864221.00,2826574.00,25918683.00,61372762.00,55117.6,43143.7,111089.2857,91630.5714,39076682.00,40114329.00,498250,485473,57495,46727
2026-09-02,39941,52672,20088,16398,25024,22698,11533869.00,4111099.00,33173844.00,47593397.00,55006.5667,42673.5,110318.5714,88865.2857,30647281.00,38070051.00,484973,477043,91712,99263
2026-09-01,42314,60192,18636,18895,26291,25250,2028904.00,5771739.00,32214532.00,63851064.00,54327.8333,41527.8667,109664.7143,84358,37613084.00,33870249.00,463655,469410,139061.3333,199726.6667
2026-08-31,57926,59621,24568,25522,26158,24998,7397733.00,-1625910.00,27296130.00,80146968.00,53664.5,40100.6667,105240,79914.4286,42823116.00,51046759.00,442065,452052,146412.6667,202267.6667
2026-08-28,197549,155323,93359,88629,68006,74224,1250161.00,2269167.00,45544004.00,148856933.00,48413.5333,35521.1667,88944,68761.4286,91994145.00,90975053.00,492021,493882,104535.3333,146631.6667
2026-08-27,343705,202240,179399,135849,81690,101548,60535025.00,-9860633.00,74751941.00,375289574.00,38280.4,29535.1667,45067.8571,43785,173413652.00,243925378.00,417683,454217,48227,43578.6667
2026-08-26,65549,81675,25583,33903,33474,39274,-607058.00,-1922820.00,27832627.00,34319450.00,38638,28975.2667,38924.2857,36389.8571,27779932.00,29095694.00,378293,430140,30549,34308
2026-08-25,30641,29691,12624,13538,13595,12462,-291166.00,2424030.00,14792189.00,26476003.00,39033.2,28932.5667,38827.5714,35919.4286,19442265.00,16727069.00,366376,417628,30157.3333,33078.6667
2026-08-24,34546,33315,14205,12522,11058,18102,4789269.00,-2185078.00,13409746.00,33217673.00,39777.9333,29284.1333,42562.8571,35311.4286,17195848.00,24170195.00,355467,402115,44803,49389
2026-08-21,37737,28641,17406,15130,10919,13685,1647651.00,543627.00,10386181.00,41209838.00,39563,28891.1333,39873.1429,34716.8571,20240911.00,21344935.00,428987,518755,44391,49000.6667
2026-08-20,26953,28516,12224,13393,10956,15686,-269875.00,-3014569.00,16933301.00,24165402.00,39947.7333,28682.8,39076.8571,34282.5714,18136949.00,20881643.00,424007,511362,44855.3333,47531
2026-08-19,83477,77252,22645,19661,16046,19025,7882976.00,338837.00,20766411.00,144276960.00,38096.8667,26367.4667,30934.5714,25903.4286,21160439.00,28704578.00,452318,547530,27904,29693.3333
2026-08-18,36572,27405,15650,13377,11779,12899,1382492.00,-266063.00,11008223.00,24095435.00,38549.5333,26102.1333,31259.4286,25591.1429,15538142.00,16276697.00,441549,544498,28455.3333,37733.6667
2026-08-17,22544,29909,8394,11610,14663,13325,-1801096.00,-3803006.00,11731075.00,13860991.00,38872.7333,25556.4667,34202.4286,26714.4286,11052987.00,13054897.00,430539,539990,26645.3333,36522
2026-08-14,29964,26398,10916,15911,10278,13616,-2343677.00,-2414202.00,17701963.00,20459267.00,39860.7667,25220.6,33167.2857,25760,17993438.00,18063963.00,441345,555480,26338,33660.3333
2026-08-13,60693,29059,28881,26838,13115,13733,825607.00,1189805.00,18464365.00,32975509.00,40202.8,24989.5,29319.2857,23960.7143,23552893.00,22733695.00,437814,546515,22851,22256.3333
2026-08-12,18909,24479,6795,9710,8982,11773,-1891258.00,-1253164.00,7446404.00,12182604.00,41112.4333,24635.4,31810,23165.1429,8745115.00,8107021.00,430792,544858,23097.6667,28902
2026-08-11,21379,25476,9560,10622,7300,12894,-1271145.00,753772.00,13425960.00,20674508.00,41657.4333,24415.0333,34890.2857,22193.4286,14944084.00,14476167.00,424126,538911,27196.3333,36157.3333
2026-08-10,26481,18598,12860,10935,6684,9432,2147057.00,-95448.00,12140800.00,18391731.00,42849.7667,24635.5333,36758.2857,23846.5714,12728739.00,14971244.00,417408,530905,27569.3333,34903
2026-08-07,38846,25219,18009,17395,10225,12668,487597.00,-457087.00,9268990.00,18721182.00,42887.5333,24634.3,38296.1429,23310.4286,12295092.00,13239776.00,434468,549265,24651,33206.6667
2026-08-06,43145,37772,12268,22016,16780,16297,-2479020.00,-3013037.00,29821150.00,27956320.00,42754.7667,23783.6333,39765.4286,22175,22758844.00,19922186.00,422852,536259,18363.6667,30939.6667
2026-08-05,22718,19717,10084,10226,9041,8760,48652.00,3827616.00,14110735.00,17212939.00,44061.3,23710.1333,42877.8571,23795.2857,16558427.00,12208213.00,416928,532929,18016,37680.6667
2026-08-04,33757,16464,18477,12479,6112,8659,3134786.00,100798.00,9344874.00,23712152.00,45267.5,24231,42945.7143,23726.5714,13911395.00,16945383.00,410804,522732,22584.6667,39614
2026-08-03,36344,18910,14510,14612,7375,9575,-223887.00,-217182.00,8702672.00,25852923.00,46383.4,25173.8,43119.7143,26538.1429,15398314.00,15391609.00,405651,514393,23436.6667,44036.3333
2026-07-31,42941,18674,19102,20429,6537,10439,564898.00,-259772.00,5624314.00,18250068.00,47249.9333,29500.9333,42215.2857,29379.8571,10438085.00,11262755.00,425775,538471,27153.3333,47532.6667
2026-07-30,39557,30170,17639,17913,13082,13161,-1324052.00,-438318.00,20009920.00,16924765.00,47705.7333,30401.8667,39700.2857,28758.8571,15264965.00,14379231.00,417682,529220,27449.6667,49182
2026-07-29,49611,21466,23737,21328,6815,11851,3005615.00,-3745959.00,10027370.00,37273050.00,48034,31513.6,38045.2857,28093,18269343.00,25020917.00,411006,522237,25622,44055.6667
2026-07-28,53430,29824,26513,23362,11848,14660,3126077.00,-1174600.00,12371350.00,36248144.00,47671.3667,32153.6667,36129.5714,26395,20220330.00,24521007.00,405788,516227,28544.3333,38766.3333
2026-07-27,44505,31059,20437,19134,13411,14504,3093138.00,4215030.00,22266652.00,26902731.00,47989.7,34169.2667,35444.7143,25195.1429,23383954.00,22262062.00,397510,506962,31046.6667,36134.6667
2026-07-24,34232,15983,14916,12247,6211,7557,759297.00,-483760.00,9900587.00,15676953.00,48268.8333,34314.9667,41451.1429,32180.1429,8010073.00,9253130.00,423319,529466,34326.6667,32041.3333
2026-07-23,37562,38591,12412,21186,12761,15735,-4885569.00,-1417457.00,65296905.00,12301013.00,48858.9,34158.5333,42156.1429,30725.7143,17346503.00,13878391.00,419850,523018,27064.6667,32196
2026-07-22,36610,38566,13700,20082,17139,18707,-2161861.00,-1925213.00,17638114.00,14101633.00,49204.7333,33639.1,45053,31482.2857,14757840.00,14521192.00,407247,514554,20188.6667,33332.6667
2026-07-21,21952,25823,8584,10896,9203,7437,29438.00,2310533.00,13879066.00,10278151.00,50165.1333,33738.7,46386.8571,30200.5714,9402635.00,7121540.00,392304,509628,19134.3333,39252.3333
2026-07-20,38026,16805,17656,14182,7310,7695,1571597.00,1189750.00,11985536.00,19113286.00,50578.6,33957.5333,46453.8571,30980.7143,13138515.00,13520362.00,386327,498193,35158.6667,52002.6667
2026-07-17,40020,17938,16991,18131,8360,7904,-75547.00,431251.00,6210117.00,13756341.00,51269.3667,34367.6,44729.7143,29531.2857,9499507.00,8992709.00,441708,614671,38649.3333,52828.3333
2026-07-16,39711,22660,19186,16851,8004,11640,614684.00,-1775381.00,18633849.00,18983224.00,53100.6667,34892.7667,46221.2857,29072,13063153.00,16069218.00,438070,609964,45716.6667,58554
2026-07-15,76277,64878,19729,16342,10425,12858,2856803.00,-2687127.00,67905173.00,62325754.00,57787.0333,34317.2,39930.2857,21737.8571,16193435.00,26637365.00,392679,562981,29707.6667,43558
2026-07-14,42497,28410,16790,22380,11509,14688,-2351138.00,-2565981.00,11463748.00,18216335.00,63752.5667,35106.6667,42374.2857,20011,13826905.00,14041748.00,385415,556644,27659.6667,42224
2026-07-13,56888,43862,27657,23667,19003,17679,2137011.00,565756.00,30523323.00,27263137.00,65668.0667,36144.9667,44383.7143,16905.8571,18865421.00,20436626.00,373150,548360,15636.3333,32578.3333
2026-07-10,31289,16851,14064,13351,7751,7205,-501260.00,244744.00,7848966.00,9998880.00,68724.1,38703.3333,46513.5714,16478,7691949.00,6945945.00,383213,565948,16501,38866
2026-07-09,38495,22266,15572,18986,6964,12638,-1245621.00,-2788082.00,19068647.00,10173046.00,69158.0333,38933,46404.1429,15992.1429,9171928.00,10714389.00,375143,559436,13592,36781
2026-07-08,27951,7792,9257,15623,3505,3578,-4577668.00,-281401.00,4221592.00,15219799.00,69511.0667,39326.6333,51304.1429,18480.8571,10968940.00,6672673.00,373607,550583,16435.3333,47332.3333
2026-07-07,50152,19445,20955,23851,7439,9847,-933674.00,-117116.00,9824371.00,27431666.00,68987.4,39832.4667,49850.8571,19300.4286,17068183.00,16251625.00,368453,541303,17329,54266.3333
2026-07-06,32240,13539,14001,14516,4802,7636,-843397.00,-598242.00,5197938.00,12621998.00,69187.3667,40384.9333,50839.7143,19116.5714,8302056.00,8056901.00,363832,533156,17434.6667,58919
2026-07-02,59605,16322,27525,24890,5819,8580,242501.00,-1663584.00,10120796.00,21412777.00,68824.8,40592.6667,51169.5714,19286.5714,11260364.00,13166449.00,373549,554506,18282.3333,51627
2026-07-01,70954,22126,35359,27382,7669,10353,2246998.00,-1336831.00,25870428.00,32041752.00,68189.6667,40431.1667,51025.1429,20710,18045104.00,21628933.00,370892,548298,19311.3333,48726
2026-06-30,46198,13856,19573,21064,6429,6091,-707732.00,-1138461.00,8930511.00,10179576.00,69265.3333,40821,54399.8571,25472.5714,8521508.00,8952237.00,365738,545285,23086.6667,46653
2026-06-29,37729,18865,15592,17444,8523,9307,-1753936.00,-1325122.00,23409953.00,17857170.00,69791.4,41842.5667,58858.1429,43990.1429,15748542.00,23043228.00,358406,537804,20882.3333,47130.6667
2026-06-26,62251,25213,28486,25545,7553,14633,709878.00,-2268416.00,23526279.00,17903189.00,69471.8,42202.2,57569.5714,48559.4286,12932642.00,15910936.00,368758,550460,18315.3333,47018.3333
2026-06-25,39979,25182,14654,19738,10955,10730,-1753409.00,2727593.00,51652530.00,14056129.00,69459.7333,42418.1333,60352.4286,52793.1429,30279334.00,13707222.00,374673,542212,20618,57006.3333
2026-06-24,39162,12252,14739,20963,4254,6478,380292.00,-928521.00,7971477.00,19840526.00,69262.3,42778.1,60836.5714,58046.5714,9871115.00,9584328.00,371918,532982,32265.3333,67226
2026-06-23,61914,17512,25081,27571,6572,9570,-2121946.00,154506.00,11620303.00,26055135.00,68687.8667,43491.9,59713.8571,68620.1429,17263633.00,14987181.00,364865,511413,75924,69567
2026-06-22,69943,32090,31030,30748,15239,12785,1807332.00,-679563.00,37618447.00,29173755.00,67552.7,43273.0667,55808.5714,66943.5714,26404930.00,28891825.00,355587,481395,84293.3333,63996.3333
2026-06-18,69821,47194,28121,33991,19313,22213,177989.00,-4054550.00,45515936.00,26346403.00,66601.1667,42397.6333,53729,65044.1429,25998295.00,32024234.00,408801,662617,86834.6667,60542.3333
2026-06-17,68937,148488,25641,37336,72703,67638,-3690871.00,16121882.00,685954773.00,28299420.00,66033.7333,39064.5667,50593,47114.8571,379700005.00,301680820.00,425877,643062,53680.6667,51747
2026-06-16,53231,57198,17392,29880,15559,37704,-5403380.00,-37081041.00,194892577.00,19716680.00,65428.1333,37826.7667,50240.5714,43059.5714,60290190.00,149609906.00,425258,628287,65123.6667,52021.6667
2026-06-15,59459,54818,29360,25075,27568,24656,-841274.00,-21114838.00,187059804.00,25154824.00,64884.3333,36745.8,48950.7143,38567,86781898.00,121860496.00,413895,607243,53635.6667,46404
2026-06-12,42551,49026,18517,20344,19062,27588,-2063384.00,-23282915.00,217284947.00,14865765.00,64410.6333,36361.6,51549.5714,35883.2857,97704635.00,132100666.00,423929,632391,48593,50641.6667
2026-06-11,54055,91527,23711,25333,13265,19909,-1082038.00,-6997309.00,400426773.00,23215201.00,63146.7333,33850.2,57348.8571,28295.8571,29052217.00,36489183.00,433863,618889,25745,48285
2026-06-10,42606,20354,16338,23559,7622,11477,-1420509.00,-133588.00,13396509.00,44431318.00,62680.6333,33473.7,82243.4286,32189.7143,28591890.00,27304969.00,426766,614202,28564,51004.3333
2026-06-09,55264,33898,18610,30112,12993,16986,-5660473.00,-3284774.00,25133323.00,27557442.00,62550.1333,33021.9,105986.1429,34789.1429,24155970.00,21462771.00,413984,604257,25054.6667,49393
2026-06-08,46985,22983,16561,24097,9657,10593,-3352119.00,-65064.00,27342001.00,18359986.00,62300.1667,33201.4,115610.1429,42221.7143,21697004.00,18409949.00,408880,589530,27473.6667,53979
2026-06-05,50764,28811,20205,26675,12924,13918,-2635696.00,-2552747.00,21020108.00,26638212.00,63072.0333,34914.9333,125925.2857,51477.5714,21736490.00,23016041.00,426321,655749,30675,68607.6667
2026-06-04,50430,23370,18040,25833,7181,12092,-3290041.00,1134589.00,29024983.00,19434357.00,62742.6,34700.8,126080,52304.1429,16110973.00,11686343.00,424744,646390,38755.3333,124087
2026-06-03,60743,30240,24779,29232,14152,13184,-2666957.00,1196511.00,20618896.00,27314293.00,62628.1,34313.6333,122908.4286,50784.2857,21861898.00,17998430.00,415308,633642,46040,177660.3333
2026-06-02,94650,38415,39705,44792,18025,17461,228080.00,-56285.00,26791982.00,56426752.00,61174.6333,34133.4,114307.2857,50242.1429,37048367.00,37509664.00,401832,614904,58238.6667,184228
2026-06-01,216868,47611,97363,85768,15564,20555,12475505.00,-5758959.5000,35354590.5000,184363551.00,55988.7667,33463.0333,88788.8571,47742.4286,83478096.5000,100697561.0000,389681,554821,73569,152928.6667
2026-05-29,221463,52094,104899,96442,21369,25113,6511657.00,-370380.00,24964710.00,94532495.00,50355.5,32629.7333,64112.4286,43522.4286,51308366.00,58190403.00,436281,568820,65923,96278.6667
2026-05-28,114353,75011,48643,51003,29977,30828,-3264478.00,-67730.00,84218904.00,43152962.00,48143.8333,30745.9333,55190.5714,35275.2857,35518218.00,32321470.00,435685,559904,47453,71008.3333
2026-05-27,122970,93602,51326,58568,42441,38747,-3103226.00,1011172.00,47515603.00,64602708.00,45315.4333,28360.1,48833.1429,25553.7143,51647525.00,47372844.00,394791,511147,27792.3333,41499
2026-05-26,51513,29156,22553,18635,12334,11459,2129988.00,1045338.00,17352140.00,28314050.00,45257.1667,28180.0333,49118.5714,28461.7143,18518074.00,19602724.00,382137,489143,28111.3333,37074.3333
2026-05-22,38542,19601,17645,17212,8712,9249,988873.00,-1504642.00,19227341.00,19003675.00,46344.7,29277.6333,51135.8571,30804.7143,16418744.00,18912259.00,399312,515728,29095.6667,40469.6667
2026-05-21,34442,34620,16475,15808,14309,12303,346989.00,3248574.00,78688658.00,14400075.00,47007.0333,30250,51875.1429,30381.8571,15611772.00,12710187.00,387285,506383,23316,46289
2026-05-20,38239,30113,15223,20380,11151,8033,-1064734.00,2318428.00,36368625.00,25748128.00,46981.3333,30155.9667,51160.8571,29373,22646464.00,19196302.00,370489,491347,21795.3333,59698.6667
2026-05-19,48728,22554,21550,21665,11814,6867,-1590393.00,3690376.00,28229695.00,32197525.00,45796.0333,29747.5333,50582.7143,31711.8571,22913389.00,17632620.00,365331,483338,30781.3333,61293
2026-05-18,51900,17281,23000,22730,8145,7404,796322.00,-556315.00,13229710.00,36077221.00,44891.1333,29706.1667,48295.2857,32889.5714,21080779.00,22433416.00,362241,469919,37021.6667,61547.3333
2026-05-15,78468,25551,33865,36881,11188,11715,107257.00,-1304560.00,16780776.00,29965274.00,43148.0667,29518.8667,42982,32229.5714,20334404.00,21746221.00,409960,552227,39058,48597
2026-05-14,53511,49512,22893,25541,25752,16669,-2393003.00,-2617474.00,163035621.00,25055598.00,43043.8667,29461.1333,42753.8571,32084.4286,72366892.00,58890073.00,409103,531626,30237.6667,41839.6667
2026-05-13,52663,36002,25925,23209,14487,18316,-1635382.00,741104.00,28017530.00,24444283.00,42064.1333,28752.8667,40239.5714,29807.5714,24315738.00,21919252.00,400802,513431,31212.3333,39179
2026-05-12,39617,31660,16338,20295,15017,12958,-3398579.00,2137209.00,31991785.00,20298176.00,41476.3333,28199.8667,40743.5714,28483.1429,26609464.00,21073676.00,394359,503132,29167.3333,37936
2026-05-11,33239,23051,14825,15255,11979,8987,-5224858.00,8737.00,20795465.00,19559516.00,41332.7333,28489.5333,40043.7143,30547.2857,21182006.00,15948411.00,388679,496145,28460.6667,40614.6667
2026-05-08,44681,38926,16829,23639,11314,14024,-2866113.00,-2677249.00,30677529.00,21945633.00,40898.0333,28047.6667,35966.1429,27298.5714,17367181.00,17178317.00,398456,516835,31650.6667,43025.6667
2026-05-07,35888,25525,17307,15791,10856,10946,-168951.00,-1571130.00,25297531.00,18384225.00,40883.1667,28410.3333,34928.2857,24946.2857,15416328.00,16838507.00,392199,514509,29830.3333,42750.6667
2026-05-06,41275,20931,16006,21873,10222,9039,-2175322.00,-2085239.00,13147131.00,20693505.00,41290.6667,28917.2333,36367.4286,24862.4286,15426976.00,15336893.00,386144,502284,30316.3333,43374
2026-05-05,51914,48496,11398,11754,5720,7576,241557.00,-1793914.00,23714184.00,28822278.00,40942.2333,28004.6333,34592,21987,13102205.00,15137676.00,415984,519292,26651,35516
2026-05-04,35063,20064,16249,15367,7711,7957,375223.00,475864.00,11722716.00,20221359.00,41431.8333,28665.1,40143,30580.2857,14185887.00,14085246.00,409191,509760,25358,29207.6667
2026-05-01,43145,22389,20530,18772,9384,10879,-371119.00,1434676.00,14283183.00,20233937.00,40903.6,30650.8667,39771.8571,29802.7143,14923517.00,13117722.00,423570,525144,20914.6667,24367
2026-04-30,28340,37500,11332,14185,13877,14772,-3291680.00,7324133.00,78810131.00,13315092.00,40728.6,30799.3,43910.1429,27106.2857,23970140.00,10528627.00,409713,516176,15196,32036.6667
2026-04-29,16138,16185,6571,7491,8014,9200,605040.00,749502.00,12693546.00,8647080.00,41069.8333,31447.7667,48897,29509.5714,10000081.00,10105819.00,402525,514665,19257,39819.3333
2026-04-28,28623,9059,8332,14879,3142,4863,-2839029.00,-1354173.00,6375730.00,18774863.00,41209.4,32209.8333,53564,32144,11584811.00,10099955.00,400330,507850,42976.3333,54918.3333
2026-04-27,51349,20344,23934,21617,5591,8828,853341.00,-1115434.00,17094896.00,39953958.00,41056.1667,33090.3,53723.4286,33108.4286,20778318.00,22747253.00,391598,490387,41843.6667,51317.6667
2026-04-24,39486,28368,16015,15765,8866,17607,510111.00,-1895420.00,11765742.00,19512364.00,42050.3667,35343.7333,54940.1429,31698.2857,11846702.00,14252233.00,418323,516356,38596,57258.3333
2026-04-23,73920,80217,26787,40995,30769,37905,-4240508.00,3452813.00,64163415.00,44371327.00,40972.5667,34062.7,49825.5714,23385.4286,42071681.00,34380825.00,382371,499320,22859.6667,49633.6667
2026-04-22,40547,16946,17473,18585,8531,7021,-1632656.00,1057085.00,8000804.00,20887365.00,41202.1333,34755.8333,51142.4286,24358,14472497.00,11782756.00,375181,487789,26377.6667,56548.6667
2026-04-21,57308,18625,25136,25918,8388,8727,-2651476.00,-1469020.00,12630904.00,36564251.00,39968.1333,34783.0333,53122.4286,29201.4286,22921787.00,21739331.00,369798,476244,29201,54934.3333
2026-04-20,51046,33008,23597,22758,11253,9335,-884106.00,1384383.00,22412536.00,30639455.00,39636.8667,34481.6667,53589,33599,20990738.00,18722249.00,352455,459352,24364,53920
2026-04-17,61292,27500,26389,27609,12236,12868,-1884553.00,-856354.00,13768418.00,38207628.00,39569.0667,34992.6667,50185.5714,33569.2857,22954320.00,21926121.00,403969,536766,22539.6667,46195.3333
2026-04-16,52465,27095,20574,22968,11958,11603,-3114327.00,2812312.00,53528629.00,23671839.00,39057.4,34742.5667,44571.8571,31170.1429,34725160.00,23414771.00,399943,522515,21426,45295.3333
2026-04-15,48003,18497,24171,19828,8078,8895,2022654.00,76452.00,9710956.00,22083803.00,38494.7,34875.3,41250.4286,30819.1429,13877454.00,15823656.00,397017,512793,32770,53017
2026-04-14,38118,22027,16791,16186,8058,10827,-1675552.00,2800358.00,22420400.00,19280629.00,38095.0667,35112.5667,39544.4286,30519.8571,18474517.00,13342107.00,391459,503246,46691.3333,58415
2026-04-13,49765,23754,21670,24828,9860,11347,-1719475.00,-2554604.00,26228177.00,28846835.00,38611.3667,35795.1667,39633,33952.1429,24865826.00,25630995.00,386270,495486,47870.6667,54316
2026-04-10,71168,52529,25243,30238,25068,20821,-7804642.00,10776621.00,62591066.00,49462773.00,40125.8,37012.1333,32790.5714,28555.7143,44877868.00,26296605.00,388931,485037,33794.6667,34983
2026-04-09,54312,63791,20677,26047,19231,30306,-1788467.00,-2827072.00,141277909.00,24884505.00,41477.0667,37029.5333,28172.1429,21595.5714,32473726.00,66303491.00,395304,463603,17877.6667,25130
2026-04-08,37468,27292,14295,15519,11726,12851,340440.00,45749.00,17571504.00,23181956.00,41569.3667,36973.7333,26952.5714,22231.1429,15094292.00,15388983.00,390002,449584,15424.3333,21366
2026-04-07,13169,10301,5982,5702,4044,3994,-551722.00,1312886.00,8795909.00,6163621.00,42409.2667,37731.4667,29591.2857,24426.7143,7555293.00,5690685.00,387325,445390,27917.3333,33771.3333
2026-04-06,24753,16040,6538,6591,6945,5831,-772622.00,-151571.00,9056834.00,38202255.00,42509.4,37816.1,31118.2857,27336,6968390.00,6347339.00,378535,430008,27488.6667,33277.3333
2026-04-02,26176,19932,9411,14840,9822,8908,-1400630.00,1160758.00,12669345.00,9418125.00,42236.2333,41551.5,35021.7143,29651.1429,11648269.00,9086881.00,389996,439494,25868,31879.6667
2026-04-01,50385,47780,8700,39389,39524,7093,-9340220.00,3439395.00,37069243.00,33371391.00,41474.9,41909.6,33746.8571,25842.2857,59488139.00,9409326.00,352558,406467,20521.6667,24728.3333
2026-03-31,23271,14754,10221,10776,5398,7014,-2143818.00,-574046.00,10882970.00,14834789.00,41854.7,43470.9667,37529.7143,29431.4286,11500908.00,9931136.00,348697,400239,24160.3333,27518
2026-03-30,21983,15070,11261,8918,6902,7021,733534.00,-843371.00,13552790.00,8585215.00,42711.5333,44268.8667,38289,38987.4286,9546525.00,11123430.00,345701,394477,31272,32004.3333
2026-03-27,28931,31741,10344,16238,12447,16063,-3746733.00,-2599723.00,28685924.00,17691162.00,42851.6333,48416.1333,37454.5714,40446.2857,21475373.00,20328363.00,354550,407620,32737.6667,40194
2026-03-26,31640,25670,15550,13626,9067,13068,-2825143.00,-4173729.00,17848135.00,20196991.00,43779.4333,49466.7,36702.4286,41870.4286,16046778.00,17395364.00,348424,402405,31220.3333,43467.6667
2026-03-25,35442,36405,13921,17868,14649,19209,-4356198.00,-4284321.00,30534707.00,20900354.00,44316.7333,48926.7667,36326.4286,41229.8571,23676747.00,23604870.00,332739,391699,32378,48237.3333
2026-03-24,53500,36138,19058,28666,14175,15857,-5096825.00,-4707567.00,29480800.00,29048398.00,43600.7333,48777.4,35362.4286,42747,27278706.00,25709448.00,320641,372603,47652.6667,39503.3333
2026-03-23,41461,21118,17386,20663,9726,9378,-2406038.00,860541.00,15878985.00,26898804.00,43628.2667,49600.7667,39341.1429,53440.2857,21201900.00,17935321.00,312288,353859,54597.6667,33379.6667
2026-03-20,49751,39878,21413,25383,14223,21318,886141.00,-7335581.00,28806787.00,21195409.00,43517.6,51074.2667,38174.7143,53712.8571,16374427.00,24596149.00,365063,456018,53184.6667,25587.6667
2026-03-19,27298,81962,11248,13775,25723,41987,-2396738.00,5436780.00,328345097.00,15897091.00,44271.4667,49767.9667,41051.2857,47395.4286,92169853.00,124802110.00,350905,450598,36504.3333,27425
2026-03-18,23090,41953,7416,10176,16238,20371,-2253714.00,1513049.00,127797540.00,19261097.00,45518.1333,50902.6667,40651,44179.4286,49192566.00,56616743.00,343723,443151,38106,35312.3333
2026-03-17,26375,35639,9355,14516,18322,14169,-2329980.00,-1572273.00,87095126.00,12835052.00,45234.8667,50179.6667,42755.7143,42512,52911612.00,36500475.00,339808,440276,58216.6667,49624.6667
2026-03-16,32810,31921,15036,14717,10647,18443,-2183621.00,-8988679.00,91558977.00,19546495.00,45034,49849.6667,46534,44070.4286,39822711.00,55549929.00,336943,430160,61505,52550
2026-03-13,46752,46758,19069,24260,16961,17965,-4861638.00,2205340.00,101495518.00,16261403.00,45318.2,50610.2,45157.2857,40189.5714,48247334.00,34653866.00,342038,452461,58499,52777.3333
2026-03-12,69312,95971,33002,30718,29296,46608,487405.00,-16144972.00,226083042.00,44492649.00,43499.6,47736.4333,39701.5714,29690.7143,75660919.00,109392346.00,311939,432665,32989,36436
2026-03-11,41586,41786,15935,19470,11156,22040,2301192.00,-17229171.00,99338074.00,27590857.00,42979.3,46760.6667,37493.4286,27884.8571,25580350.00,64756533.00,298841,417556,27049.3333,36276.6667
2026-03-10,47434,37740,19873,22185,12719,15582,-2922517.00,-5775433.00,70066359.00,26035809.00,42153.5333,45902.9,40039.1429,28812.2857,27641491.00,36563582.00,285614,398854,28746,40218
2026-03-09,20288,19441,7456,8946,7941,7225,-841371.00,-162372.00,37809281.00,11652368.00,42814.4333,45896.6,53798.1429,38754.7143,14758998.00,14289999.00,283890,394338,28796.3333,45827
2026-03-06,41108,23967,15055,19823,11784,7640,-3034855.00,10019238.00,49120660.00,18186588.00,42501.4333,46031.6,61475.5714,44518.4286,31271311.00,9636918.00,295615,413082,28300.3333,42498.3333
2026-03-05,59258,42830,30440,24767,15037,21768,3905572.00,-7519973.00,110468032.00,33697255.00,41413.2,45342,58758.2857,42059.5714,48529983.00,70211578.00,291013,404433,23738.6667,31455.3333
2026-03-04,37115,19592,17655,12500,5490,9384,32705.00,-7496714.00,53482246.00,20044473.00,41243.1333,45812.5,58937,43979.7143,11005432.00,31818511.00,289458,396857,31952,40835
2026-03-03,31122,22479,14017,14630,7455,8910,-444623.00,-1598497.00,51789958.00,15975151.00,42003.8667,46482.5,58456.2857,43422.5714,16114164.00,19755050.00,288179,389942,54138.3333,69328
2026-03-02,26129,29145,11457,10936,10266,12075,515877.00,52139.00,90068139.00,15430439.00,42436.8333,54369.6667,57292.2857,58115.2857,35213413.00,23099451.00,284038,383423,65861,92235
2026-02-27,65254,44232,28018,32566,17725,19091,61451.00,6260157.00,69747012.00,23151699.00,41166.5667,54550.4667,51905.2857,60156.8571,34207906.00,20706760.00,318433,439490,59656.3333,83896
2026-02-26,116601,89038,48828,57444,28137,45482,-3903527.00,-6893972.00,193498901.00,63199607.00,39008.1667,53419.4667,40200.1429,56236.4286,66209060.00,113577605.00,317743,425629,40988,57817.6667
2026-02-25,94850,64313,40113,43298,24422,31713,-1164133.00,-4106267.00,34681854.00,44329014.00,36306,51730.7333,33462.7143,52621.2857,33465659.00,36407793.00,284891,388677,25743.3333,35453.3333
2026-02-24,40237,25618,18413,18098,12978,10752,3156969.00,1726246.00,20360890.00,30732283.00,35583.4333,51431.9667,32448,71270,22234704.00,24729252.00,277027,375442,61202,28034.6667
2026-02-23,38366,33033,16684,17348,16212,14678,-562044.00,5288961.00,40610600.00,24453571.00,34652.8,50854.6667,35463.4286,74720.5714,32852081.00,27015154.00,263734,360509,69698.6667,24427.6667
2026-02-20,27757,18579,12515,13276,8952,7921,-1087881.00,2035924.00,19575267.00,14132965.00,34492.5667,50917.3667,38864,74953.1429,14188754.00,11187623.00,286456,421746,84037.3333,26730.3333
2026-02-19,17981,131994,7088,9169,45617,71649,-2191955.00,-8380311.00,551786818.00,11524527.00,34520.5,46979.1667,40869.5714,60619.2857,193188333.00,263868139.00,284626,418156,53041.6667,36632.6667
2026-02-18,27545,58523,11496,12773,24938,32077,523670.00,-2448181.00,209514467.00,14143167.00,34154.3,45394.4,42975.5714,58804.4286,103035381.00,114051832.00,282011,416764,85587,38495.6667
2026-02-17,34665,61595,14342,17483,31995,27844,-1611988.00,1274954.00,238196393.00,21484598.00,34023.5,44475.8667,44656.4286,62017,123963593.00,132725931.00,273363,403770,84117.6667,46765.3333
2026-02-13,47688,39007,20019,20408,12997,10919,-2252217.00,3573703.00,135551769.00,33685269.00,32757.5,44226.5667,44974.4286,62555,48106281.00,27937427.00,285322,414108,77851,48056.3333
2026-02-12,33134,156159,13112,17610,26512,59012,-731829.00,-22299265.00,772081650.00,15801390.00,32098.4,39795.5,48882.4286,51102.8571,70153165.00,203369856.00,285377,406055,36350.3333,47685
2026-02-11,59474,57187,19413,35900,20944,19377,-4044121.00,-403867.00,138896454.00,26575478.00,30606.6,38461.9667,42940,44926,33959760.00,30319506.00,283591,393589,32561,41956
2026-02-10,51561,20207,19284,25536,6291,10155,-2293924.00,-1748759.00,44398743.00,21294867.00,29414.8,38523.7333,39400.4286,45185.1429,16653636.00,28070971.00,279370,373962,53853,40246
2026-02-09,32020,31657,14741,13582,10376,14040,733606.00,-4555357.00,78106353.00,17577859.00,28737.9333,38501.0667,42723,50601.8571,28703515.00,27593058.00,266900,363753,57558.3333,46210.6667
2026-02-06,42287,45819,19366,19339,14452,18870,1715343.00,1408043.00,99222748.00,19106308.00,27782.1667,37603.0667,38789.7143,45450.2857,23375841.00,24603641.00,277444,377163,67616.6667,52278.3333
2026-02-05,46431,84083,16954,25551,20794,22236,-1245569.00,-8929493.00,351535640.00,27651275.00,27120.1333,35527.2,35867.7143,35226,44536532.00,60405488.00,269235,357433,44238.6667,42760.3333
2026-02-04,49914,42773,22674,22885,15135,21517,167721.00,-5015268.00,78202782.00,25550436.00,26054.5,34800.2667,31974.4286,30830.8571,27711792.00,49200321.00,263465,343392,37321.3333,35050.3333
2026-02-03,60490,75994,20461,31754,37729,31442,-5332438.00,-1092529.00,84001370.00,31821167.00,24446.9,33430.2667,29063.7143,22724.8571,46848418.00,41997513.00,239849,317172,35181.3333,33313
2026-02-02,17877,13949,7557,8109,5664,6725,-40073.00,-2614707.00,14275070.00,8911229.00,26202.9667,33460.7667,31041,24734.5714,8755697.00,11330331.00,235203,312107,33784.3333,32272
2026-01-30,26784,22021,9970,12851,9041,10210,-614189.00,-731040.00,20335622.00,15791140.00,25729.3333,33182.4333,31016.2857,24751.8571,14920617.00,15037468.00,246961,328304,30615,32003
2026-01-29,55278,69574,22852,24893,25613,38636,107232.00,-9887631.00,147065751.00,27992501.00,24602.2333,31472.0333,27692.7143,19628,57292258.00,105169400.00,238086,308208,11426,21130.6667
2026-01-28,14754,9758,6994,6551,4239,4677,-172933.00,181548.00,5671501.00,10206306.00,24919.6333,31598.6,33291.2857,24316.7143,7594172.00,7239691.00,234528,306208,14590.6667,29584.3333
2026-01-27,25977,12513,10831,12568,5993,5327,-1810222.00,-1502468.00,10634643.00,15563925.00,24945,31556.9333,35168.5714,60494.8571,12321771.00,12014017.00,231101,297373,19758.6667,31498
2026-01-26,22661,12007,10798,9643,3562,4741,-383160.00,1727.00,8508259.00,12723912.00,24998.4,31461.8333,35809.2857,65873.2857,9295144.00,8910257.00,227440,288886,23137,32814.6667
2026-01-23,40115,19252,14467,17638,7465,10254,-1994646.00,813586.00,12848195.00,16535273.00,24260.8333,31135,37485.5714,70995.5714,13487596.00,10679364.00,237642,299480,27955.3333,30114
2026-01-22,31718,28017,14294,13510,16487,9801,1828929.00,7233308.00,37385705.00,15538144.00,24305.1,30878.2,34923.7143,68943.2857,33504554.00,15091685.00,236309,291646,32809.3333,37522.6667
2026-01-21,26611,22142,11473,12895,7314,9174,1058251.00,-2038150.00,29024650.00,13324020.00,27541.2667,31481.8333,33773.5714,68159.4286,13333092.00,16429493.00,231769,284110,114015.3333,41691.6667
2026-01-20,32013,33707,12881,16118,16015,15562,-1580922.00,-1426331.00,23725129.00,14274233.00,32826.7667,32939.2,30692.7143,65589,17361518.00,17206927.00,223463,274658,119331.6667,40069.3333
2026-01-16,53944,42579,22454,25255,18675,17495,-1481649.00,1890568.00,31510142.00,22732950.00,35362.0333,34439.8333,26265,62429.1429,26028136.00,22655919.00,266973,366698,123508,39371
2026-01-15,39118,265760,15462,19265,55624,185554,-3589516.00,-55209378.00,775495027.00,21667019.00,35014.8,26354.7,23365.1429,26441.7143,182284988.00,540833215.00,267620,355889,39471.6667,30926.6667
2026-01-14,27146,49656,11290,12536,22293,19391,-693221.00,7600678.00,101597803.00,15662600.00,35039.5667,25283.5667,21852.7143,20916.5714,51499230.00,35449047.00,259515,350318,28471.3333,28064.6667
2026-01-13,51849,55108,16480,30899,27353,21483,-8298669.00,-2312300.00,83208319.00,31928764.00,34040.2,23787.6333,18837.2857,17906.7143,54417200.00,40795291.00,247221,342826,15340,14264
2026-01-12,13785,13651,6356,5898,5540,6295,1093487.00,166431.00,21212223.00,8808131.00,34658.6667,24254.7667,18254.8571,20460.5714,13803806.00,14781762.00,242757,338963,17609.6667,17319
2026-01-09,18560,16655,6965,9691,7802,6290,-1198632.00,138791.00,17370471.00,7005766.00,35087.8,24470.1333,17512.1429,21399.4286,11955678.00,10041555.00,248899,347010,16674,17405.3333
2026-01-08,10447,15714,4870,4435,8079,5619,879038.00,3089978.00,43356490.00,8899634.00,35625,24709.6,18122.5714,21609,20845569.00,24619124.00,245433,344275,15096,19442.6667
2026-01-07,22950,20460,9388,11107,7524,8486,-2945658.00,-133359.00,17661447.00,16692009.00,35720.1667,24670.1333,17102.1429,21837.5714,16315725.00,13198576.00,243791,342304,19622.3333,22039.6667
2026-01-06,18819,13848,8459,8491,5788,6899,1649694.00,567936.00,23741978.00,11201017.00,35939.0667,26026.3,16087.1429,24284.5714,15406299.00,16317937.00,242453,338394,25515.6667,19002.6667
2026-01-05,16559,10980,7398,7257,4296,4729,-225884.00,292200.00,27482805.00,8835574.00,36373.3667,26301.2333,15666.4286,25413,13973362.00,13243128.00,240203,336085,29598,17936.6667
2026-01-02,30741,34039,12630,15225,16109,10463,-1402021.00,2559902.00,33481547.00,16872089.00,37733.7667,26120.2667,15070.5714,23665.5714,23092813.00,15115690.00,249966,340296,23978.6667,12596.3333
2025-12-31,9708,31528,3940,4701,15764,14489,272433.00,-2646210.00,123649291.00,7236641.00,38095.0667,25543,16247.2857,22156.5714,59925871.00,65462174.00,248827,340010,20822.6667,14629.3333
2025-12-30,13361,23227,6250,5537,9271,13014,1470217.00,-7675494.00,68389985.00,10475367.00,38372.3667,25390.5667,16090.2857,23823.2857,27588415.00,49846186.00,245380,337400,23406,14080.3333
2025-12-29,14720,17181,6123,6334,6711,8897,-120617.00,-7685491.00,29920202.00,10694739.00,38516,25896.0667,24067.2857,23492.2857,14108318.00,24920967.00,243264,334070,23972,13711.6667
2025-12-26,15807,22060,6313,7193,9821,9902,-1086669.00,9834039.00,42048819.00,8859208.00,38469.5667,25555.1667,23605.5714,22293.8571,35319089.00,13810991.00,248532,344560,23887.6667,17299.3333
2025-12-24,11714,30977,5225,5160,22453,7143,480642.00,11328384.00,105490978.00,7080918.00,38735.5333,24957.0333,24998.5714,20477.4286,93415022.00,17682880.00,245774,341805,20550.3333,19376.3333
2025-12-23,13614,18879,5776,6012,12667,5188,-934384.00,12034465.00,48795655.00,17488380.00,41244.5333,24818.9333,26521.7143,19716.8571,51845290.00,11622991.00,239138,338224,25888.6667,18925.6667
2025-12-22,26570,21807,12775,9658,7003,10808,-3448495.00,-3319917.00,24466228.00,42185837.00,41362.5667,24708.3333,26545.7143,18210.5714,22669085.00,25438707.00,229480,330936,23574.3333,33588.6667
2025-12-19,17945,20965,7599,8250,10246,7503,292874.00,4888686.00,41943577.00,18911413.00,42720.7333,25363.2,27448.2857,16523.2857,27055282.00,18293820.00,270236,417007,21143,31798.6667
2025-12-18,12262,34894,5573,5523,24832,7936,-782472.00,14639935.00,113114405.00,11626409.00,43084.0667,24622.5333,28266.2857,12888,96772240.00,16640383.00,273132,416231,15599,34866.3333
2025-12-17,70559,14864,7251,7475,4971,7940,1702133.00,-1463192.00,7530500.00,177818465.00,41445.6667,24644.8,22907.2857,13666.4286,6806629.00,9971954.00,269468,423678,15162.6667,19438.6667
2025-12-16,12575,13671,4709,6304,5932,5917,-743497.00,-2506551.00,8966883.00,6673301.00,41946.3333,24635.9,38781.7143,17463.5714,6344560.00,8107614.00,266501,421872,14360,24159.6667
2025-12-15,21465,18262,9110,9673,8008,8301,-213031.00,-33306.00,8960279.00,11573377.00,42443.8333,24683.9333,62940.7143,25915.8571,9242716.00,9062991.00,261737,420677,11324,25092.3333
2025-12-12,24276,13555,10066,11505,5507,6434,-1939433.00,621959.00,4264940.00,15706687.00,42819.4667,24856,78044.4286,36493.4286,10738735.00,7788343.00,272290,440170,9954.6667,22996.3333
2025-12-11,26738,11263,11115,12524,4725,4856,347449.00,68211.00,5701891.00,17762823.00,42819.7333,24841.4333,78324.8571,38199.5714,10717387.00,10996625.00,269929,438748,12971.3333,25099
2025-12-10,24263,9154,10697,8595,3551,4626,1752844.00,82903.00,5818109.00,15120297.00,42911.7667,24941.9667,78842.8571,39395,8468024.00,10137965.00,268945,435461,23337,58243.3333
2025-12-09,17988,9447,9812,6661,4346,4405,3300590.00,744763.00,4978046.00,13101916.00,43337.2,24984.3,79397.1429,39506.8571,7148980.00,9704807.00,266413,431018,45997.3333,115773.3333
2025-12-08,33046,20313,15510,14683,9330,8934,175767.00,1695648.00,6865312.00,35574266.00,43381.8333,25137.8,79296.1429,40557.1429,20862294.00,19112413.00,262429,425791,68425.6667,148092
2025-12-05,123696,40251,61640,51796,16610,19875,-4070520.00,-1785552.00,12979413.00,133719128.00,40196.3333,24250.2333,66115.8571,38109.2857,70158700.00,67873732.00,316175,472409,62744,116427
2025-12-04,190578,77428,67885,81318,30537,38206,4335418.00,3014124.00,27869017.00,82963442.00,34856.2,22297.7,42685.1429,30319.2857,45191363.00,45822667.00,316334,487113,42775.3333,62197.3333
2025-12-03,130002,87598,53438,60946,40327,36806,-3583948.00,-1515304.00,34950142.00,68317339.00,33980.5,20687.9333,27799.8571,20559,48019696.00,46051052.00,270116,435712,16986,26152.6667
2025-12-02,28701,23206,13629,12556,10174,10597,-498504.00,-988169.00,18930952.00,19110898.00,35198.4,20748.6333,27326.2857,25034.2857,17429752.00,17919417.00,259705,425810,18472.3333,27365.3333
2025-12-01,27889,17522,12264,12162,7758,8438,-21280.00,-1367454.00,11040413.00,20977249.00,36771.6667,21301.2,27569,25278,14218218.00,15564392.00,251060,415220,20337,28547
2025-11-28,21868,10230,10625,9285,4561,4485,1206909.00,-33769.00,7244689.00,12150970.00,43724.4333,23371.0333,34666.8571,27903.7143,8485488.00,9726166.00,267369,430490,24559.6667,30112
2025-11-26,32339,27665,14311,15242,12543,9404,3542319.00,2204077.00,58137505.00,34430429.00,44960.1,23270.4,32982.2857,25981.5714,24675689.00,26321831.00,265136,419145,21763.3333,27934
2025-11-25,31434,23116,15807,12994,7903,11546,955538.00,-1682007.00,25707165.00,26967855.00,46638.0667,23280.2333,31588.8571,25344.1429,18526183.00,21163728.00,256641,410027,32235.6667,25918
2025-11-24,26563,22898,10584,11592,7830,9430,645896.00,-821833.00,55027811.00,27783368.00,47731.8667,23063.6667,30512.5714,26693.8571,21572273.00,23758502.00,250114,400805,31012.3333,26926.3333
2025-11-21,25805,19276,11311,11592,6939,9802,-361253.00,-1633504.00,29833831.00,13657201.00,48348.1667,22971.9333,28885.2857,25630.5714,12962054.00,14234305.00,277614,457619,34123.6667,42175.6667
2025-11-20,25386,54533,10928,12110,27736,19518,-2651486.00,18822921.00,204714374.00,17911990.00,49346.1667,21647.0667,28072,19702,102420497.00,44040235.00,273497,454434,20682.6667,40562.6667
2025-11-19,29588,19228,12995,14155,8166,9550,-3194847.00,-1947799.00,17674149.00,24286509.00,49637.8,21443.2,36542.8571,19060.2857,20223648.00,18976600.00,271481,446278,20491.3333,37926.6667
2025-11-18,71553,28610,13110,10761,10745,15334,-1063528.00,-870999.00,31759539.00,26590811.00,49048.2,21120.3,30622.5714,17614.4286,16298390.00,17759631.00,278549,456962,21736.6667,20418.6667
2025-11-17,20547,14210,8010,10459,5836,6889,155214.00,-99334.00,9539910.00,21810217.00,52758.8667,21897.9,36071.5714,21386,14946384.00,15200932.00,275176,451466,20944.3333,18374.3333
2025-11-14,21680,18654,9286,10269,6555,10552,563865.00,-1771987.00,17450997.00,15287884.00,53086.2,22031.7333,36283.2857,20531.7143,13654657.00,15990509.00,285435,467963,19070.6667,17712
2025-11-13,19029,32346,6390,10981,8120,19972,-525618.00,-955291.00,67195835.00,14144348.00,53481,21425.2,36623,18129.7143,21926662.00,29934055.00,275175,463832,13200.6667,40997
2025-11-12,14414,11833,7305,5992,4473,6658,977016.00,14809.00,6044678.00,8061829.00,54375.8333,21611.1667,38506,18354.1429,6184298.00,7146505.00,273350,463877,15419.3333,46229.3333
2025-11-11,19693,13033,7756,10149,4534,7323,-1444936.00,-1654263.00,9574121.00,12302291.00,55033.9667,22012.2,40891.2857,19307,10091368.00,10300695.00,269405,462072,24612,59228.3333
2025-11-10,88884,14736,11920,27095,6403,6617,-3947344.00,861926.00,9554101.00,22980166.00,52763.7333,21994.0667,33271.4286,19875.7143,15585519.00,9290249.00,264596,431870,23924.6667,37321
2025-11-07,30111,18489,10415,16422,7268,8903,-5329733.00,-2592762.00,16491781.00,21994199.00,52634.2667,21923.2333,32790.7143,18781,19807047.00,16164339.00,273715,451521,22939,34419.6667
2025-11-06,58690,40611,19618,32531,19703,15878,-7263132.00,12067814.00,60691553.00,30672539.00,51629.1667,21241.1333,28267,14718,51603646.00,31320500.00,267921,435824,13870,24054.6667
2025-11-05,23162,12674,8486,13026,5221,6207,-4507798.00,-1274398.00,8540652.00,15752270.00,51664.9333,21239.6333,29351.1429,14438.4286,13101506.00,9888606.00,266117,433052,16213,28464
2025-11-04,21407,15532,7198,11857,4865,9583,-2043285.00,-813777.00,8740137.00,16472891.00,52085,21296.2333,31205.1429,15779.2857,12346827.00,11117319.00,262782,429796,17274.6667,33176.6667
2025-11-03,27595,13404,11830,12947,5893,5260,55803.00,1032266.00,4441373.00,16827857.00,52661.5,21415.9,31281.7143,15810.7143,10034888.00,9058425.00,257469,423183,16415.3333,32893.6667
2025-10-31,36390,19703,16010,17036,7202,9782,421412.00,-1507156.00,9723695.00,18928390.00,52661.0333,21283.5333,30422.2857,15689.1429,12044325.00,13972893.00,270691,444182,13904.3333,29771.6667
2025-10-30,35545,18717,18209,14534,6727,8075,1657996.00,-1819137.00,10439435.00,29014229.00,52796.1333,23554.2,40163.1429,18630.2857,15939987.00,19417120.00,270816,442572,11237.6667,28173.6667
2025-10-29,26746,10826,10941,14054,4355,5306,-1408061.00,-2218909.00,7380192.00,26492819.00,52863.3,23891.2,45662,20659,15419471.00,16230319.00,268495,439951,15935,30720
2025-10-28,27024,12170,12082,12226,5354,5813,-1205802.00,-881076.00,8179622.00,18696183.00,53348.4,23891.0667,52528.1429,23791.7143,12505291.00,12180565.00,264958,436535,16419.6667,31089
2025-10-27,30751,10717,12798,15364,4106,5343,-684062.00,-525266.00,4886245.00,31320669.00,53287.2667,23914.2667,81056.7143,32592.8571,16741637.00,16582841.00,261781,427932,19131.3333,30963.3333
2025-10-24,34385,24918,13384,17396,8903,13555,-2497715.00,-1757475.00,11070395.00,16019582.00,53635.0667,23885.7333,86060.1429,32554,12557701.00,11817461.00,273486,450855,23927,54078.6667
2025-10-23,28131,13624,9503,16292,5049,6860,3491708.00,-1558908.00,9421088.00,27611768.00,53714.3333,23994.4,93723.2857,33952.1429,15043479.00,20094095.00,271401,445884,27728,66447.6667
2025-10-22,30374,18852,11155,16294,7594,8624,-2052999.00,30358.00,7979376.00,18471114.00,54290.8333,24115.9333,97866.5714,33602,13234350.00,11150993.00,269976,440581,32810.3333,81352
2025-10-21,103731,39305,48498,46033,14086,19022,4929535.00,409559.00,25726383.00,86845422.00,51790.9667,23271.7333,89375.5714,30347.5714,48960110.00,53397668.00,260767,443940,43817,123592
2025-10-20,65238,25027,37268,23511,8920,13193,3735898.00,-2053915.00,13834700.00,51695764.00,52083.8667,23176.4333,87959.5714,28884.7143,28329072.00,34118885.00,256999,435429,43690,124982.3333
2025-10-17,75087,34099,28857,40664,14410,16215,-518460.00,-741334.00,14952855.00,26808084.00,52410.9667,24112.6333,82709.5714,25886.5714,19174185.00,19397059.00,297476,520147,40127.3333,127211
2025-10-16,230451,72325,101174,112755,30714,36300,3384225.00,-8904850.00,38126877.00,129880218.00,52116.0333,27643.9,57483,18257.7143,72977997.00,85267072.00,284558,542363,21486,70186.3333
2025-10-15,69409,24646,28396,32261,11496,11019,-612926.00,1021267.00,13894416.00,37963961.00,56082.9667,30284.2333,66405.5714,20099.4286,24254741.00,22604065.00,272375,526217,18778.6667,61814.6667
2025-10-14,81773,23411,35635,40580,10462,10309,-254631.00,-1291441.00,14433312.00,45006281.00,54701.0333,30527.9333,59223.7143,19993.4286,26957068.00,27994248.00,263840,503533,15904,52999
2025-10-13,59377,16401,31255,23138,7263,7367,6944347.00,-851298.00,10104587.00,30249973.00,54194.1333,30790.4667,55151.7143,19671.8571,15053625.00,22849270.00,260133,479361,14807.6667,45985.6667
2025-10-10,44294,16524,19943,20964,6722,8070,867332.00,-808925.00,8603987.00,25152548.00,54637.5667,30945.2333,54718.1429,19798.7143,14948214.00,16624471.00,274516,497647,15607.3333,49176
2025-10-09,55326,14787,25232,25460,4699,7622,1053642.00,-2288238.00,12182138.00,31829019.00,53894.5,30883,52448.2857,21266.8571,18850010.00,22191890.00,273609,503872,23191,74689.6667
2025-10-08,38337,13112,15134,15578,5591,5911,1041548.00,-284104.00,7091346.00,24111104.00,53468.6,30995.8333,49939.7143,21421.1429,12315619.00,13641271.00,270634,493210,26376.6667,72410.6667
2025-10-07,53865,18923,20429,28019,8749,7937,-7359082.00,302628.00,10846856.00,36835354.00,52388.5,30738.6,45991.4286,21055.5714,25147815.00,17486105.00,266749,481475,24785.6667,64746.6667
2025-10-06,131867,37538,73262,55009,17746,14256,192784.00,2398508.00,19032184.00,74069159.00,48957.6667,30121.0333,31230,18571.2857,43335717.00,42161493.00,253462,414567,18077,34544
2025-10-03,31500,22669,13309,14319,7951,12868,1158096.00,-2082218.00,12822610.00,17009070.00,48693.4,30337.3333,30192.1429,17137,12288700.00,15529014.00,260016,428312,18875.3333,37189.6667
2025-10-02,30873,14150,12941,15156,6381,5710,-24528.00,-435298.00,10248335.00,21664408.00,48521.7333,30519.1,30640.1429,17577,13832402.00,14243172.00,255929,421340,18889.3333,33824.3333
2025-10-01,41259,17412,17891,19542,7350,8371,450896.00,-686262.00,11744444.00,30477263.00,48542.3,30332.4,31158.8571,17517.2857,19147792.00,20284950.00,250090,411380,18540,28813.6667
2025-09-30,39437,25064,16849,19553,10561,11273,-3863842.00,-228660.00,17837882.00,23055498.00,48336.4333,30008.1333,30721.5714,16184.1429,20373385.00,16128203.00,243060,397861,16901.3333,25180.3333
2025-09-29,20777,14192,9041,9688,5538,6647,330283.00,-696295.00,6772790.00,11530406.00,51734.6333,30708.8333,33410.2857,26562,7891900.00,8918478.00,237259,390728,16380.3333,26333
2025-09-26,26227,16364,9944,13691,6246,8518,294000.00,-701336.00,8394408.00,10279192.00,52191.1667,32935.7,33772.2857,27215.1429,8084761.00,9080097.00,247346,403210,16669,28927
2025-09-25,28537,20148,9840,14558,6779,9762,-1249861.00,-4129390.00,44225358.00,15282774.00,52732.7333,33656.9333,35635.1429,26074.8571,11942339.00,16897368.00,244249,397328,15617.6667,34378
2025-09-24,24235,12629,10458,11419,6228,5127,135112.00,1019429.00,6851123.00,14187728.00,53745.4333,35026.8667,36304,25901.1429,10184266.00,9299949.00,241003,394327,16652,38425
2025-09-23,34009,17230,14444,16613,7936,7965,-1063634.00,243708.00,9154194.00,19220530.00,53958.1,35897.7,37848.2857,26877.1429,13864760.00,12557418.00,233271,384357,39854.3333,40288
2025-09-22,44890,16994,22485,19588,5915,8854,-447859.00,-2479911.00,9871179.00,27330307.00,53443.1,36435.2667,35793.8571,26861.4286,16377284.00,18409804.00,225513,376679,41168.3333,34911.6667
2025-09-19,36376,15732,16997,15768,7321,7128,-2072435.00,-375331.00,7454428.00,16957748.00,53614.2,38630.5,37407.1429,27828,11913997.00,10216893.00,273925,458445,39979.6667,36645.3333
2025-09-18,39598,86837,18192,18133,30099,52011,-249881.00,-16836928.00,336382760.00,20261010.00,52897.7333,36576.7,35855.2857,17419.7143,140993095.00,173202392.00,273632,446893,14838.3333,33085
2025-09-17,28761,20936,13252,13887,9215,10015,966333.00,6728960.00,55871050.00,16209180.00,52533.8333,36561.3,42321.5714,17595.7143,37969860.00,28531733.00,275695,442707,15880.3333,38437.6667
2025-09-16,41577,12166,14310,21987,5414,5312,-1392465.00,481942.00,8020656.00,27723537.00,51712.1667,37014.8333,48510.5714,24741.2857,13588324.00,11713917.00,272936,436727,17453,34748.3333
2025-09-15,28917,11413,12869,13527,4757,5342,-1291743.00,614035.00,5795407.00,14040199.00,51721.0333,38063.2667,76037.1429,48577,10275113.00,8369335.00,269912,427795,21148,40999
2025-09-12,44819,24062,18456,21045,9687,12566,-1132994.00,-2474616.00,13710052.00,15601948.00,50985.5,38133.8333,96551.1429,59976.1429,12663820.00,14617198.00,283547,450611,17787,35637.6667
2025-09-11,30509,16884,12931,15037,11731,8934,-766948.00,5381851.00,7386818.00,13283939.00,50529.5333,37908.2,97952,61953,9444597.00,9295798.00,279999,446744,19548.3333,50143
2025-09-10,47669,22498,15029,27746,10714,9712,-3012535.00,591844.00,9151610.00,19730582.00,49519.0333,37468.9667,97452.1429,62207.1429,15289098.00,11684719.00,272589,432737,32777.3333,62553.3333
2025-09-09,28735,13979,13436,12151,4493,6619,581815.00,-1351560.00,8476023.00,15099822.00,48983.6333,37477.9333,101575.2857,63234,8856875.00,10790250.00,270845,429903,87538.6667,126842.6667
2025-09-08,74025,22168,14341,28654,10605,9228,-3539481.00,495663.00,13620808.00,49118392.00,47535.6667,37444.0667,95719.4286,61912.8571,22073235.00,15673091.00,268579,417051,114768,164973.3333
2025-09-05,84900,62185,42900,35995,25746,29384,6010245.00,-1269747.00,20982150.00,34998267.00,45392.2,35844.1333,87242.2857,55386,19813515.00,27093507.00,330924,485901,104280.3333,150111.6667
2025-09-04,221603,178263,102239,103531,74503,75979,-734008.00,13104406.00,285471363.00,82980221.00,39185.9,30448.0667,58650.7143,31520.7143,137235820.00,121467240.00,320987,446355,52951.6667,90967.3333
2025-09-03,188417,103856,85461,85357,43324,45872,6628994.00,-1228388.00,46265863.00,123178231.00,33452,27267.7333,35868.5714,19400,71261937.00,83664264.00,270319,380794,25388.6667,47360.6667
2025-09-02,40315,30722,17278,19351,12574,13587,-601211.00,-362459.00,15491787.00,31080625.00,33001.1667,27075.3667,33476.7143,19176.5714,21559820.00,21321068.00,255711,366652,19454.6667,44933.6667
2025-08-29,44170,24277,19172,20494,10697,11432,-927506.00,-708821.00,12706429.00,28789894.00,32641.1333,26721.6667,30841.4286,18508.8571,19035681.00,18816996.00,265450,379247,16861.3333,38730.3333
2025-08-28,57597,21167,24026,28222,8521,9646,-67701.00,-487951.00,17033738.00,42305150.00,31622.7667,26403.7667,28595.5714,17172.2857,23986956.00,24407206.00,261753,364788,13541,26685.3333
2025-08-27,33034,12920,16428,13009,5498,5555,57468.00,200779.00,7681270.00,24252465.00,31385.1667,26566.2,28628,17517.4286,14487342.00,14344031.00,259051,356559,15571.3333,25321.3333
2025-08-26,25560,16497,9663,12880,7873,6997,-1908821.00,473368.00,11455013.00,17074396.00,31241.3667,26384.7,42508.4286,20191.1429,13877567.00,11495378.00,253396,350630,19791.6667,24658.6667
2025-08-25,21462,11206,9231,10027,4577,5065,-621484.00,-745208.00,15485235.00,13054178.00,31145.8333,26310.9333,45145.7143,30471.7143,9954812.00,10078536.00,250042,343760,22590.6667,26079
2025-08-22,28942,19011,11870,14332,7753,8619,-1882787.00,516006.00,14783283.00,17639090.00,31756.2,26622.6667,47408.8571,33725.1429,13402435.00,11003642.00,276069,364468,20190.6667,30390.3333
2025-08-21,23572,29158,10013,11500,11873,12906,-58955.00,-551132.00,32355167.00,13795047.00,32333.6,26238.1,51843.7143,37235,11284439.00,11776616.00,261914,362189,15583.3333,33620
2025-08-20,25723,19603,11438,11438,8589,10175,-1432358.00,-2010038.00,9658039.00,18172774.00,32213.3,25888.8,53938.8571,40628.1429,12928575.00,12966255.00,252978,357764,20786.6667,65953.3333
2025-08-19,41876,11811,18262,19575,4380,5744,-2587228.00,-388905.00,6502893.00,25440446.00,31846.9667,25890.9667,52162.2857,43672.4286,15819565.00,13621242.00,250027,355867,44573,65302.3333
2025-08-18,33261,15336,14541,16041,6609,6871,-652437.00,2245247.00,14213025.00,19132318.00,31387.3667,25724.2667,53340.5714,53137.1429,16701432.00,13348748.00,245075,345359,53389.3333,69143.3333
2025-08-15,122723,35213,46183,39783,12296,17219,11304318.00,-1959345.00,20733443.00,102140644.00,28049.6333,24782.2,38395,51710,42031286.00,55294949.00,268999,380988,59560.6667,46441
2025-08-14,39923,83170,13387,23498,35378,39586,-1951587.00,-11042919.00,259931772.00,31838602.00,27574.2333,22347.3667,35240.8571,42753.4286,107633013.00,139364491.00,269320,368457,46289,46596.3333
2025-08-13,44784,41785,19725,21193,10742,28141,-2545642.00,-14782442.00,126662356.00,22970401.00,26793.1667,21182.1667,31261.2857,40465.8571,33120991.00,99790406.00,267648,361447,43401,41481.6667
2025-08-12,54616,53727,21109,27847,24913,24405,-2022647.00,10322014.00,98058227.00,28148671.00,25731.5667,19771.1,27628,38914.2857,63916840.00,50145299.00,255260,344208,52688.3333,37112.6667
2025-08-11,40389,43355,14029,22320,17658,19502,-3080894.00,-6612876.00,67033609.00,20469991.00,25601.6333,18775.8333,25108.5714,36460.5714,34033173.00,36295705.00,240626,327870,46644.3333,29684.3333
2025-08-08,29440,33121,11936,14778,15461,11516,1017347.00,9898707.00,65607623.00,14386599.00,25354.4,17974.1,23307.1429,33174,28445434.00,18111444.00,248965,338459,42428.6667,25819
2025-08-07,41509,81589,14336,20700,41077,27487,-2473672.00,17011001.00,223626986.00,22879418.00,24864.2333,15726.1,19856.4286,22850,113935210.00,55637437.00,238710,324677,23823,17625
2025-08-06,18104,25223,7418,9363,7353,15102,-1648723.00,-14548354.00,51470527.00,9416041.00,25114.6333,15346.4667,19080.5714,21282.1429,14711292.00,40878283.00,230985,318757,29704,21318
2025-08-05,17844,20474,7784,8788,9964,8320,-2016009.00,5663896.00,48045809.00,10854861.00,25124.4,15043.7,20900.8571,21379,33020450.00,17713265.00,228475,313479,31605.6667,22954.3333
2025-08-04,16927,25772,6140,8899,10299,11181,-889751.00,2064210.00,59141193.00,7306588.00,25385.2,14825.5,21425,19724,25104438.00,26268822.00,221445,308547,26386.6667,22922
2025-08-01,29183,42866,11554,13691,12756,15515,-2341475.00,-6892034.00,71054349.00,19997098.00,25187.9667,16195.5333,22315.1429,15940.4286,30368044.00,36021553.00,235635,313469,15205,18979
2025-07-31,22753,26179,7880,11420,9151,14154,-2392938.00,-5462372.00,70156198.00,11714680.00,25721.7,15745.3,21407.5714,13407.1429,27921529.00,38352423.00,234001,310166,11228,15619
2025-07-30,16830,10115,6310,8548,3719,5376,-644474.00,-1172825.00,5531037.00,7544681.00,25619.3,15724.6667,22830.4286,15526.5714,5782461.00,6310812.00,230867,307009,14907,20204.3333
2025-07-29,17354,9321,8292,8178,3803,4272,328507.00,4069823.00,7738389.00,9262657.00,25914.9333,16200.2667,25118.2857,16147.2857,10042665.00,6301349.00,228818,304067,16529,21285
2025-07-28,12673,14248,5912,6012,5382,7669,-235578.00,-3040087.00,16046854.00,7532734.00,25902.9,16141.1333,27171.5714,15773.2857,10093269.00,12897778.00,222997,299588,17240,28865.3333
2025-07-25,30586,21152,14484,14195,5038,11347,4176913.00,-421337.00,12282622.00,19233029.00,25434.7667,15708.2333,26503,15293.4286,11565235.00,16825241.00,227989,307992,13004.6667,24136.6667
2025-07-24,20596,14187,6480,12782,5910,6405,-1192702.00,7978137.00,15305931.00,9820104.00,25510.8333,15636.8667,26595.8571,14845.5714,16897395.00,7287556.00,227315,302965,16592.6667,26201.3333
2025-07-23,35414,16381,16702,10715,5300,6635,5761427.00,-537897.00,8276389.00,23988529.00,24916.7,15509.5333,24193.2857,13790.1429,8190624.00,14489948.00,224050,294776,15687.6667,25519.6667
2025-07-22,16400,8446,7994,6917,4093,3300,728264.00,681643.00,4748390.00,7868258.00,25601.3667,15968.9333,28600.8571,16635.4286,5618073.00,5664694.00,222186,291207,16749,29068.3333
2025-07-21,26790,24951,11517,13564,6115,5501,383679.00,-1845836.00,16806271.00,12048062.00,25841.6667,16188.7,30615.7143,15588.2857,7910869.00,10140384.00,205091,284426,14363,28773.6667
2025-07-18,33369,13666,15242,15685,4714,6905,-626494.00,-1395688.00,7059834.00,12726686.00,25459.2333,16188.9667,29007.8571,14939.4286,8438673.00,9207867.00,236538,320670,13491.6667,24732.6667
2025-07-17,27046,11630,10661,12532,5295,5033,324712.00,3105860.00,12889106.00,12879956.00,25629.4333,16323.8,29556.4286,14974.5714,12165156.00,9384008.00,235652,312869,12612.6667,21916
2025-07-16,25906,17793,8656,14078,9364,6880,-2976987.00,5913989.00,14716818.00,11785489.00,26010.9667,16639.9,28637.4286,13909.1429,16527941.00,7481705.00,231008,308866,16136,29031.6667
2025-07-15,21246,11052,7872,11515,4662,5501,-1289243.00,850365.00,6564212.00,10716754.00,27965.0333,17607.6333,28829.5714,13323.2857,8990167.00,6850559.00,228933,303229,18325.6667,35581
2025-07-14,18596,8993,8905,8553,3272,4955,-601302.00,-1980419.00,6736453.00,13465486.00,31772.9,21482.8667,29838.8571,13485,8944648.00,10323765.00,225973,299201,18369.3333,36753.6667
2025-07-11,47253,28363,17118,26081,11759,14250,-2618247.00,-2301709.00,17064314.00,17575454.00,32848.9,23147.4333,26138.7143,10408.7143,16187423.00,15870885.00,221122,300420,12873.6667,31298
2025-07-10,40894,17621,13584,21152,7774,8258,-3773527.00,-13018.00,10179268.00,24752052.00,32535.1,23762.5,23549.2857,9519.2857,15411473.00,11650964.00,214536,291547,10445,24157.6667
2025-07-09,22114,9124,7554,12143,4172,4227,-7470564.00,486430.00,4778418.00,20633231.00,32461.6667,24156.3333,25603.1429,10144,16466350.00,7534356.00,210522,288149,9720.6667,24316.6667
2025-07-08,30886,11876,15455,13383,4844,5862,974486.00,-1213843.00,5413905.00,13391887.00,31903.7667,23992.3333,24337,9743,7645971.00,9834300.00,207939,280651,9137,22575
2025-07-07,19473,10335,7793,10467,3851,4380,-19633.00,171769.00,6559227.00,10616582.00,31664.7333,23945.2,25384.2857,10287.8571,7740186.00,7548784.00,203469,277303,7968.3333,23201.3333
2025-07-03,22591,6951,11347,9550,2894,3323,502466.00,421788.00,3359739.00,17502608.00,31285.2667,23973.1667,25816.4286,11271.1429,9734430.00,9815108.00,209453,286571,9449.6667,23260.3333
2025-07-02,25661,10125,8991,12150,4977,4023,-1983489.00,202257.00,7538387.00,21362331.00,30977.9667,23931.9333,24741.5714,11452,13070830.00,10885084.00,207436,282936,10573.6667,26870.3333
2025-07-01,21352,6829,10460,9122,3116,3182,1218550.00,-605941.00,5511214.00,9816892.00,30742.3,24024.3667,25227.1429,13223,6298318.00,8122809.00,204947,280769,11320.3333,27094
2025-06-30,22768,11395,10780,10061,5223,4813,1014122.00,583421.00,5054148.00,14554732.00,30451.6333,23984.9667,25298.2857,23590.4286,8821244.00,9251945.00,200292,274338,12238.3333,28439.3333
2025-06-27,36491,13497,14140,19956,5745,6439,-897792.00,851053.00,11410870.00,37834159.00,29900.1333,23946.5,25623.1429,23472.5714,29531559.00,17840884.00,207146,281113,12350.6667,24814.3333
2025-06-26,22023,9069,7302,12934,3148,5384,-14746473.00,-4903296.00,17523257.00,30475588.00,30125.6667,24027.3333,24442.4286,23533.5714,27264151.00,19436374.00,205365,276030,13124.6667,23519
2025-06-25,26804,14149,7581,17503,6647,6342,-9139698.00,1093498.00,11809106.00,53886233.00,30091.8667,24081.4333,24359.4286,24882.1429,51013723.00,11572787.00,200815,273512,14817,22834.6667
2025-06-24,25616,13834,12556,10831,6039,6247,1564199.00,927522.00,5981707.00,14927762.00,29727.2,24042.3333,22458.8571,24687.8571,9404772.00,10041449.00,198304,272211,38194.6667,22051.3333
2025-06-23,18137,11391,8649,7493,4475,6271,-964778.00,-749231.00,17033457.00,8392663.00,29833.7,23996.5667,22231,24227,11618155.00,11402608.00,195311,265029,38621.6667,28927.3333
2025-06-20,24751,19226,8040,14939,8819,8571,634962.00,4158401.00,30637082.00,7646384.00,29419.8333,23666.9667,21963.4286,23201.2857,19675266.00,14509282.00,252941,357119,35378.3333,25263
2025-06-18,23266,83967,8641,11789,41692,31467,-1144403.00,-1168084.00,309845354.00,13392822.00,28983.7667,21133.4333,21152.5714,13000.4286,164948309.00,111195070.00,266694,351799,15252.3333,26248.6667
2025-06-17,38765,12672,13754,12319,5343,5853,717295.00,348145.00,8749286.00,59280367.00,28234.4667,21087.7333,20891.8571,14365.5714,9344761.00,9713911.00,263977,349321,15186.3333,17431
2025-06-16,13758,9496,6756,5819,3814,5016,626739.00,-352169.00,6124065.00,6765523.00,28314.1667,21100.6667,23783.4286,17515.2857,5450459.00,6429367.00,259841,346349,14742.6667,18359
2025-06-13,26223,23589,9840,13646,10128,10553,-503449.00,-191255.00,16717035.00,16207669.00,28267.5667,20732.2,23165.2857,16098.8571,15154222.00,14842028.00,260930,358572,10895,17244
2025-06-12,12312,12474,4784,6385,3579,6559,-464606.00,-3724706.00,27915304.00,5416908.00,28113.1667,20672.1667,25999.5714,16556.1429,7874244.00,18226844.00,259178,357615,10924,19003.3333
2025-06-11,16542,8165,5944,9364,3943,3694,-15802.00,451977.00,4324181.00,8113084.00,27799.8667,20544.3333,28972.4286,19286.2857,5987941.00,5520162.00,257327,355368,15611.6667,25802.6667
2025-06-10,22878,12046,7551,12221,5447,5766,-3371404.00,-1392310.00,8332446.00,13840184.00,27435.0333,20791.6333,37113.8571,23291.7143,10885013.00,9056021.00,252186,348614,22111,29509.6667
2025-06-09,17590,12561,6551,9641,5284,5829,-636149.00,-149086.00,8072465.00,9781537.00,28472.8333,20701.6333,53577,39390.1429,8636523.00,8149460.00,248403,344044,22482,30945
2025-06-06,36940,22228,16193,17904,9926,9827,-136033.00,950126.00,13283510.00,17105554.00,28647.6667,20653.7667,59661.7143,47400.4286,13184976.00,12098817.00,258691,363691,20297.6667,29349
2025-06-05,33999,31544,16552,12029,15981,12531,2236668.00,9250049.00,100065811.00,17352812.00,28317.8667,20155.3667,59301.8571,48047.4286,52050046.00,43594245.00,253319,360325,18875,30466.6667
2025-06-04,21896,13674,8358,11456,5986,6554,-3062746.00,134854.00,18590963.00,16515278.00,28145.0667,20214.4,59018.2857,49085.2857,16088648.00,15985298.00,249982,355387,27678.3333,49790.6667
2025-06-03,32152,15675,16449,13928,8414,5553,242896.00,6594369.00,41809062.00,19855747.00,27634.7333,20620.7333,56446.4286,47839.7143,31708520.00,19539943.00,246991,342765,64203.3333,83350.6667
2025-06-02,37352,27276,16928,17137,12574,11578,-2398064.00,3841380.00,67226551.00,20837756.00,27100.6667,20134.6333,52867.8571,45217.5714,42823043.00,30470729.00,245082,330764,81211.3333,97411
2025-05-30,79868,40084,22041,49983,15693,19642,-9205505.00,-2178567.00,58450999.00,41061166.00,24952.8667,19727.9333,43059.1429,40604.1429,48898644.00,29746206.00,283980,352645,79874.3333,81281.6667
2025-05-29,132832,125250,56159,65917,60749,45652,-4465453.00,30455482.00,176417408.00,62564726.00,21209.0667,15925.1,26432,23981,140547709.00,67880854.00,271115,319930,45104,43641.3333
2025-05-28,79533,78300,30075,38960,35281,34375,-3682758.00,2480783.00,41347524.00,49318683.00,19018.4333,13640.7667,17110.4286,14167,43933947.00,37344156.00,230723,286229,21322.6667,21846.6667
2025-05-27,31480,36073,13908,14362,12822,11646,-154452.00,393156.00,30612621.00,30148235.00,18397.7667,12852.3,14620.1429,10472.7143,23541336.00,22455728.00,207193,273865,12272,15454
2025-05-23,19911,20939,7966,10610,9930,9786,-1413063.00,1201349.00,15546541.00,14303219.00,18233.8667,13078.9,14625.1429,9244.7143,15430532.00,12816120.00,221414,284335,7889,12552.6667
2025-05-22,14149,6956,6254,7087,3930,2468,236379.00,1993492.00,6053339.00,8476687.00,18528.4,13324.9333,16716.5714,9893,7820692.00,6063579.00,219712,280662,8533,13317
2025-05-21,12302,8921,4241,6333,5159,3126,-1503028.00,1427489.00,6095173.00,10835192.00,18903.9,13543.7,18643.4286,10871.7143,8506706.00,6037789.00,217536,276850,8760,13977
2025-05-20,11207,7790,5117,5155,3727,3403,-142854.00,-297490.00,4894387.00,8828595.00,19383.2,13932.0333,19139,11567.5714,6397793.00,6552429.00,214519,273120,9567.6667,14924
2025-05-19,16442,8888,6350,8058,3575,4679,-879345.00,-1691264.00,6639966.00,12805521.00,19817.5,14688.7667,19837.5714,11729,8368694.00,9180613.00,210537,265223,10719.3333,16092
2025-05-16,14282,9602,6394,6787,2710,6085,731151.00,-858076.00,5723504.00,15061123.00,20316.3,15290.5,19559.4286,11691.2857,8676499.00,10265726.00,236203,304624,11350,20927.6667
2025-05-15,14048,10213,6116,7060,4677,4716,-2918144.00,5286438.00,17971622.00,21912659.00,20168.7667,15241,19007.4286,11369.5714,24690039.00,14281865.00,234126,302103,13203,24841.6667
2025-05-14,19946,12343,10001,8905,5633,6008,967112.00,171961.00,12433706.00,18489592.00,19758.6333,14992.4667,18484.5714,11220.7143,14278185.00,15073336.00,230797,297506,13309,23085
2025-05-13,28789,11494,11563,15493,6036,4543,-228855.00,359063.00,5860739.00,25428674.00,19679.8667,15145.8,16678.8571,10990.7143,15160037.00,14572119.00,228894,294419,12817,20599.3333
2025-05-12,25790,15772,13006,11092,5461,8094,424600.00,-1854665.00,10632902.00,16455256.00,19381.0667,15248.6,16541,10528.2857,11389883.00,13669148.00,222836,288685,10672.3333,16114.3333
2025-05-09,14676,12661,5220,8576,4808,5845,-1209584.00,-324288.00,12013991.00,9777676.00,19251.9667,15049.4333,15541.5714,10244.2857,10105066.00,9219770.00,225542,303858,9105.6667,14617
2025-05-08,21332,10018,8301,12094,4421,4759,-2298603.00,-1180441.00,14610003.00,19691808.00,18931.1667,14969.2333,13514.5714,9431.7143,15988228.00,14870066.00,221813,300870,9533.3333,12935
2025-05-07,12335,9338,4919,6320,4062,4561,-1792800.00,212812.00,12567299.00,10775448.00,19024.7667,14898.6333,13457.1429,10878.4286,11634389.00,9628777.00,219249,298493,9715.3333,14206.3333
2025-05-06,10184,7961,4571,4778,3258,4288,-1469179.00,1527669.00,7436705.00,7374348.00,19262.8667,14886.7333,18962.8571,11149.8571,8190613.00,5193765.00,216131,296291,11240,19086.6667
2025-05-05,16286,11301,9662,5751,4388,5457,-67256.00,-1647611.00,14021671.00,8782677.00,19306.8333,14907.3,22662.7143,12505.7143,7197608.00,8777963.00,212586,288459,11030.6667,16218
2025-05-02,16149,9884,8149,7021,3471,5149,-667334.00,-1348808.00,12667509.00,11187787.00,19125.9,15854.4667,23799.2857,13464,8669211.00,9350685.00,217054,307992,9179.3333,13216
2025-05-01,24825,12535,7179,16394,4043,5981,-1182177.00,-2700551.00,32266455.00,10677342.00,18633.4,15760.8,22640.2857,13879.7143,11710776.00,13229150.00,213833,300472,11489.3333,8918.6667
2025-04-30,7680,10673,3161,3973,4404,5313,-350926.00,-817713.00,16468987.00,5102274.00,18760.1667,15583.7333,23949.1429,16335.7143,7989105.00,8455892.00,209577,298777,11218.6667,22600
2025-04-29,7143,4330,2669,3627,1451,1969,164397.00,-125365.00,8812057.00,4717391.00,18824.5333,15663.9333,25975.8571,17530.4286,4116498.00,4406260.00,208461,297034,16706,34280.6667
2025-04-28,11933,19465,4892,6180,3556,4814,-191017.00,-1326213.00,27702584.00,5571487.00,19054.1333,15354.9,26476,18733,7184030.00,8319226.00,194872,295510,15748.3333,38338
2025-04-25,48724,9861,19908,25500,3481,4881,-757033.00,-1083032.00,15950812.00,17214869.00,18156.2667,15624.9667,22446.5714,18919.2857,12627776.00,12953775.00,207276,288695,17609.6667,27667.3333
2025-04-24,42185,20792,18884,20879,5985,9499,-1697583.00,-9240900.00,46908100.00,23360261.00,17090.0667,15300.5,18393.5714,17344.7143,19690014.00,29167051.00,203713,278443,19967.3333,19219.6667
2025-04-23,24105,16592,10753,12015,6092,7817,-59507.00,-426136.00,19532541.00,14213317.00,16761.0667,15190.7667,16787.1429,16748.5714,11704436.00,12071065.00,198963,267977,18667.6667,18294.6667
2025-04-22,16712,15445,8425,5950,5106,6136,827840.00,-3645264.00,53699462.00,16530280.00,17320.5667,15430.3333,16541.7143,18504.5714,18672337.00,24707341.00,193991,262074,22813.6667,17868.6667
2025-04-21,16842,27865,8038,7419,9600,11149,1089296.00,-3932410.00,99412011.00,15983061.00,17452.5,15394.9667,17419.2857,16572,24453250.00,32292836.00,191439,256981,17247,19094
2025-04-17,21330,12693,7849,11708,5267,5111,-6076972.00,9940673.00,40794397.00,13804755.00,18095.7667,15624.4333,17738.8571,16970.7143,26792688.00,10014043.00,203765,294768,16272.6667,16588.6667
2025-04-16,15434,27883,6180,7450,9748,10281,4054419.00,1211119.00,127027618.00,20928606.00,18189.7333,15183.3667,19189.1429,15764.5714,41281702.00,42069704.00,204986,291934,11118,15730.6667
2025-04-15,20518,11165,10001,8948,4096,5935,-2692048.00,-900255.00,30546836.00,16571325.00,18320.4333,15561.5333,20468.1429,18682.4286,20485118.00,18693325.00,205550,282282,16642,13889.3333
2025-04-14,13814,9770,7236,5609,3577,4862,-953910.00,-1398663.00,26276407.00,8679085.00,18556.5,15649.8333,22672.7143,21237.2857,11735665.00,12180418.00,207683,276122,18164.3333,16946.3333
2025-04-11,12860,12419,5315,6549,4654,5630,1350283.00,-2607356.00,43690667.00,9237595.00,19298.4,16412.5,22210.1429,20710,16976144.00,20933783.00,215835,285199,19186,20515.3333
2025-04-10,14994,27737,5263,8331,9615,11746,242559.00,-1461560.00,102567189.00,9659183.00,21922.6333,18294.7,21159.8571,17445.7143,32604182.00,31700501.00,214991,279943,16420.3333,24046
2025-04-09,22985,14337,12146,10136,5179,8446,1045695.00,-1423338.00,18177706.00,13878046.00,24556.4,20211.8,21651.4286,17696.7143,14152322.00,16621355.00,210543,276382,22171.3333,26208
2025-04-08,23567,15484,13783,8671,7624,6973,1033187.00,3053375.00,26941453.00,14528280.00,25077.600000000000,20786.633333333333,20688.428571428571,18178.428571428571,20744250.00,18724062.00,205660,272202,26228.000000000000,28101.000000000000
2025-04-07,25586,19440,7505,16316,5896,12954,-14881419.00,-10640516.0000,38340771.0000,25947552.00,25439.833333333333,20761.933333333333,18576.571428571429,16356.428571428571,33226459.00,28052891.0000,199104,270090,22657.333333333333,22779.666666666667
2025-04-04,29471,31590,10849,15266,15046,14941,-2613875.00,-1540961.00,47848751.00,15434869.00,25728.500000000000,20836.933333333333,16039.000000000000,12931.000000000000,30095068.00,29022154.00,204224,275546,13756.333333333333,15503.333333333333
2025-04-03,29246,27654,9292,16644,9873,15069,-3932221.00,-3257249.00,32993298.00,17725984.00,25949.733333333333,20798.166666666667,14024.285714285714,10011.8571428571428571,22728868.00,22053896.00,197116,263469,9903.0000000000000000,14563.333333333333
2025-04-02,9622,8728,3728,5149,5035,3375,-1176550.00,471246.00,6723184.00,5557642.00,26445.366666666667,20942.866666666667,15125.000000000000,9851.2857142857142857,6691943.00,5044147.00,193578,259358,13279.0000000000000000,16964.666666666667
2025-04-01,7642,4887,3277,3851,2240,2132,-636713.00,528591.00,7537995.00,6215608.00,27106.333333333333,21191.433333333333,16548.285714285714,10855.7142857142857143,6927900.00,5762596.00,192455,256433,13878.666666666667,18018.333333333333
2025-03-31,26426,16094,10119,13155,6316,8033,1472273.00,-925653.00,14512423.00,27255651.00,27397.533333333333,21255.533333333333,14304.714285714286,14027.857142857143,17251436.00,21753362.00,187101,243104,11051.3333333333333333,13112.3333333333333333
2025-03-28,16826,18856,5533,9107,7606,8852,-1232042.00,298590.00,20732169.00,8429260.00,27606.133333333333,21093.266666666667,13336.714285714286,12723.428571428571,12863285.00,11332653.00,189968,248192,7172.6666666666666667,12551.3333333333333333
2025-03-27,10803,6686,3827,5348,2473,3740,-135675.00,287542.00,8375679.00,5285803.00,28095.733333333333,21264.866666666667,13433.857142857143,12534.142857142857,6679502.00,6256285.00,188632,246790,7478.6666666666666667,14726.000000000000
2025-03-26,11708,7612,5002,5839,3431,3418,849120.00,-8952.00,5408748.00,7369695.00,28615.266666666667,21450.266666666667,13057.571428571429,12409.000000000000,5592759.00,6450831.00,187177,243762,8914.0000000000000000,16691.666666666667
2025-03-25,15143,7220,6863,7079,2123,4389,-601084.00,-1633146.00,5913377.00,9190828.00,28837.666666666667,21538.333333333333,13583.000000000000,12833.857142857143,6513044.00,7545106.00,184622,240809,19273.666666666667,15217.666666666667
2025-03-24,17327,7604,9999,6036,2863,3877,6845382.00,1878555.00,9241306.00,23443246.00,29808.666666666667,22210.766666666667,14220.285714285714,14313.714285714286,12865535.00,17832362.00,182203,231822,19980.666666666667,12792.0000000000000000
2025-03-21,17605,11918,6144,10070,4388,6239,-829699.00,-3313345.00,18257919.00,24052675.00,31724.700000000000,22791.000000000000,13162.285714285714,14190.857142857143,18722790.00,21362386.00,218185,302822,17795.000000000000,10751.3333333333333333
2025-03-20,10721,38299,3881,4318,14511,22949,-44407.00,-5884180.00,166115271.00,5791107.00,31961.933333333333,21920.700000000000,13664.285714285714,10619.5714285714285714,65582187.00,102933565.00,219642,299548,7274.0000000000000000,10202.3333333333333333
2025-03-19,10050,9725,4679,4736,4125,4437,268178.00,-2030950.00,7615390.00,5673680.00,32240.933333333333,21899.800000000000,17013.857142857143,12463.428571428571,5105240.00,7404368.00,221037,296568,7430.3333333333333333,13126.0000000000000000
2025-03-18,11483,5361,4496,5445,2137,2885,-1916383.00,507511.00,9718394.00,6354833.00,32592.333333333333,22144.533333333333,18344.857142857143,15526.714285714286,9148616.00,6322322.00,219930,293931,11631.0000000000000000,16561.000000000000
2025-03-17,9074,6736,4574,3661,2195,3012,-2134955.00,-427426.00,5489356.00,9652241.00,33120.266666666667,22645.733333333333,22852.571428571429,17361.142857142857,8047525.00,6339996.00,218899,292438,13071.6666666666666667,16936.000000000000
2025-03-14,18821,10194,8615,8905,3936,5458,-499992.00,-829497.00,12628009.00,15708134.00,33698.200000000000,22953.333333333333,22771.428571428571,17997.857142857143,13296900.00,13626405.00,225806,307843,14107.000000000000,15407.333333333333
2025-03-13,21788,17963,6834,9391,6360,10509,-2646078.00,-2071232.00,18138350.00,16717938.00,33791.800000000000,23039.466666666667,23150.142857142857,18647.428571428571,15095703.00,14520857.00,229209,297125,15663.333333333333,19310.333333333333
2025-03-12,10199,11058,4946,4231,5023,4526,760797.00,830105.00,10008798.00,8487485.00,36524.200000000000,23746.933333333333,24678.285714285714,18841.857142857143,8628409.00,8559101.00,228799,295299,20912.000000000000,22844.000000000000
2025-03-11,14235,13300,6746,5886,4804,5500,552517.00,-874388.00,11336759.00,9494324.00,38450.133333333333,24590.866666666667,27661.428571428571,21984.571428571429,8786767.00,10213672.00,225669,290550,23004.333333333333,31641.666666666667
2025-03-10,33497,22632,12998,11860,9703,10034,-1156875.00,-1554433.00,27502611.00,15639859.00,38282.733333333333,24302.500000000000,36264.857142857143,30780.428571428571,19714797.00,20112355.00,223918,278587,20344.000000000000,26560.333333333333
2025-03-07,20800,26804,8001,11523,13748,11105,-3617745.00,2017102.00,23843625.00,16507327.00,38121.300000000000,23653.933333333333,47864.571428571429,37215.571428571429,21267404.00,15632557.00,228772,303346,18912.666666666667,27773.333333333333
2025-03-06,40628,19577,13957,15434,9591,8990,6769792.00,3422154.00,27186063.00,61416680.00,38190.733333333333,23437.433333333333,47661.000000000000,39094.428571428571,25569354.00,27131222.00,228491,286947,16526.666666666667,21196.000000000000
2025-03-05,18253,14651,8195,7902,6121,6744,-501562.00,-1656987.00,19086376.00,10369609.00,38234.166666666667,23333.266666666667,50261.000000000000,39672.714285714286,12398493.00,13553918.00,226004,282610,23409.333333333333,26817.333333333333
2025-03-04,24439,22510,10379,11588,10039,10747,-67332.00,-2521463.00,24016283.00,15448945.00,38306.000000000000,23205.533333333333,52217.000000000000,41291.285714285714,17301691.00,19755822.00,222633,275654,43973.666666666667,49911.333333333333
2025-03-03,20896,12419,9296,8902,7377,4286,1255992.00,3628156.00,11328150.00,12799295.00,38492.300000000000,23282.833333333333,54358.000000000000,43301.571428571429,12645388.00,10273224.00,220212,270860,63784.000000000000,76945.333333333333
2025-02-28,35117,35299,13578,18083,15749,16196,-5166585.00,-675157.00,18467819.00,29900196.00,38107.233333333333,22514.700000000000,52840.000000000000,40125.857142857143,29580622.00,16019264.00,255353,321967,62927.333333333333,78307.333333333333
2025-02-27,93721,84203,42568,43171,38547,38185,-1708675.00,547084.00,71740265.00,41392273.00,35758.533333333333,20212.000000000000,43375.714285714286,29860.285714285714,53509375.00,51253616.00,251463,305166,41092.666666666667,59218.000000000000
2025-02-26,101998,71850,45624,46647,34527,28993,198143.00,3639200.00,53018164.00,77369249.00,32922.233333333333,18140.666666666667,33827.714285714286,22169.857142857143,60322998.00,56881941.00,220944,262357,28422.666666666667,37929.000000000000
2025-02-25,39203,32729,17814,17221,15215,16017,501431.00,279165.00,31660994.00,26981317.00,32250.033333333333,17712.066666666667,31525.000000000000,19492.571428571429,27255062.00,27477328.00,207077,249714,26343.333333333333,36822.333333333333
2025-02-24,36453,18699,15373,17988,9090,7959,-219803.00,452663.00,24184003.00,31453925.00,31576.500000000000,17381.566666666667,29959.000000000000,18511.857142857143,26130316.00,25457850.00,201994,237437,24466.666666666667,32835.000000000000
2025-02-21,38131,33840,16594,18991,15328,15836,-933919.00,5059031.00,40789679.00,36025796.00,30825.266666666667,16524.333333333333,28410.857142857143,15559.571428571429,39208030.00,33215080.00,226989,295458,17301.333333333333,29281.666666666667
2025-02-20,35883,26491,14168,19765,13997,10532,-2085179.00,-557290.00,46098959.00,25067746.00,30356.400000000000,16064.900000000000,26401.142857142857,13184.000000000000,34256286.00,32728397.00,220264,288832,14476.666666666667,29041.333333333333
2025-02-19,24491,13069,9686,13299,5925,5392,-1398905.00,-399731.00,13457242.00,21106163.00,30032.333333333333,15954.633333333333,29539.142857142857,15285.142857142857,16653843.00,15654669.00,215382,278465,14783.000000000000,28572.333333333333
2025-02-18,27471,12344,12551,12935,4437,4781,-1034412.00,-442336.00,9716054.00,20314081.00,29986.466666666667,15863.166666666667,36341.285714285714,17711.000000000000,14109188.00,13517112.00,209555,268398,14613.000000000000,27912.333333333333
2025-02-14,35162,18017,13622,19075,7442,8276,-3046156.00,-561433.00,12772277.00,28299196.00,29198.666666666667,15515.033333333333,33866.428571428571,16878.571428571429,20470622.00,17985899.00,213590,271010,12998.6666666666666667,25289.666666666667
2025-02-13,23084,13988,9786,11258,5095,7209,728043.00,-2642153.00,25500034.00,30354865.00,28877.666666666667,15294.933333333333,33200.142857142857,16180.000000000000,22753452.00,28514168.00,211614,264441,11623.3333333333333333,24866.666666666667
2025-02-12,25491,11834,10599,12774,5685,4901,-197377.00,-110544.00,10051663.00,17989051.00,28455.033333333333,15368.266666666667,32705.000000000000,16304.142857142857,12939034.00,12852201.00,209083,259539,16937.666666666667,31855.333333333333
2025-02-11,27294,13174,9534,15842,6804,5142,-3971201.00,1503549.00,12909246.00,15703128.00,27827.800000000000,15150.666666666667,32364.714285714286,17532.428571428571,16133301.00,10658551.00,205390,252543,22321.333333333333,47786.000000000000
2025-02-10,21815,9862,8931,10779,3572,5234,-5651885.00,-2592045.00,7760047.00,25765445.00,27537.033333333333,14979.766666666667,34413.857142857143,18898.142857142857,17080670.00,14020830.00,202059,245181,23097.333333333333,46460.333333333333
2025-02-07,46457,27777,20346,22765,12070,13361,-825372.00,-2321644.00,17896203.00,33034661.00,26459.700000000000,14310.366666666667,31290.857142857143,17865.285714285714,23189122.00,24685394.00,210105,255124,16871.000000000000,37114.666666666667
2025-02-06,75086,29325,31025,39190,13874,13091,-6408373.00,2346858.00,27687104.00,42354515.00,25102.000000000000,14067.733333333333,33731.571428571429,18287.714285714286,37307286.00,28552055.00,201942,239997,11330.3333333333333333,19427.666666666667
2025-02-05,17838,12190,8427,5829,5202,5603,2660108.00,537900.00,9423867.00,15126445.00,25733.566666666667,14397.000000000000,41470.857142857143,22063.142857142857,9403406.00,11525614.00,197396,235932,14524.333333333333,21785.666666666667
2025-02-04,18420,9098,9113,8327,4255,4131,-58140.00,204326.00,8442854.00,18040073.00,26257.333333333333,14860.900000000000,42907.285714285714,22760.714285714286,12875649.00,12613183.00,195010,233970,17965.666666666667,27698.666666666667
2025-02-03,22025,12703,8037,11023,4687,7168,-4417219.00,-2131921.00,9526741.00,24111403.00,28300.266666666667,14853.833333333333,42040.428571428571,21995.571428571429,16236516.00,13951218.00,189535,227088,20580.333333333333,28555.666666666667
2025-01-31,24912,21772,10237,12806,7310,13064,-292396.00,-490351.00,10123412.00,17803510.00,28106.000000000000,14392.866666666667,44583.142857142857,20754.142857142857,13000358.00,13198313.00,199972,250639,24083.666666666667,50975.333333333333
2025-01-30,36159,19422,14950,18541,8186,9143,-733101.00,-347021.00,13054573.00,26228171.00,28001.100000000000,14144.233333333333,42211.285714285714,19626.142857142857,18835549.00,18449469.00,197676,250448,30482.333333333333,62926.666666666667
2025-01-29,24596,20547,10462,12028,8646,9241,4383856.00,226888.00,13501909.00,35892685.00,27940.333333333333,13830.800000000000,42496.714285714286,19359.142857142857,20786788.00,24943756.00,196148,248080,28293.666666666667,64219.666666666667
2025-01-28,92171,32282,44696,39902,13526,14486,-5951135.00,1504073.00,18291936.00,149840327.00,26147.200000000000,13082.866666666667,33113.000000000000,16852.857142857143,91309652.00,63834444.00,187751,229506,19982.000000000000,38815.000000000000
2025-01-27,72013,38618,36700,30650,18285,17522,3152239.00,-749004.00,23505569.00,69656888.00,24668.500000000000,12191.100000000000,26191.857142857143,13086.714285714286,42337542.00,46238785.00,178466,212567,11470.0000000000000000,29047.666666666667
2025-01-24,28475,13981,11022,14967,5595,7010,-2095536.00,-1350288.00,7326602.00,17885980.00,24993.300000000000,12324.733333333333,25446.857142857143,13249.714285714286,12190570.00,11445322.00,183849,222011,10651.6666666666666667,26074.666666666667
2025-01-23,15957,7347,6206,8257,3146,3228,-380025.00,35395.00,3469671.00,11926999.00,26087.633333333333,13077.400000000000,25582.857142857143,13587.285714285714,7353319.00,6937899.00,181641,218133,14428.666666666667,29620.333333333333
2025-01-22,42711,13082,18710,19632,5877,5902,1689298.00,-44665.00,8619019.00,41164639.00,26855.166666666667,13785.633333333333,22200.857142857143,14557.142857142857,17956916.00,19738379.00,179119,203443,14980.666666666667,24211.666666666667
2025-01-21,19556,11526,8931,9572,4465,5934,-1186725.00,-860671.00,5908393.00,39101849.00,32562.800000000000,16845.066666666667,21728.142857142857,14165.428571428571,32664683.00,10913549.00,174580,197467,15223.666666666667,25548.000000000000
2025-01-17,26594,18678,12323,12224,7715,8969,-10657.00,579105.00,10899282.00,21874594.00,35155.466666666667,19382.433333333333,20156.714285714286,12657.571428571429,15776625.00,15186863.00,248016,270440,14038.333333333333,24436.666666666667
2025-01-16,26485,14738,12160,12538,5647,7983,-74820.00,-2493112.00,15693585.00,12446304.00,35062.866666666667,19668.266666666667,19489.857142857143,12367.571428571429,11885503.00,14303795.00,244673,265194,12362.3333333333333333,21244.666666666667
2025-01-15,23565,12255,9420,12474,6127,5402,-2132462.00,-2285206.00,13520824.00,12959146.00,34635.233333333333,19797.333333333333,18233.285714285714,12011.285714285714,12493396.00,12646140.00,240884,262620,14901.000000000000,19735.333333333333
2025-01-14,23260,15122,11217,10117,7244,6540,440369.00,1541487.00,10401513.00,16224984.00,34787.600000000000,20399.833333333333,18638.285714285714,11222.4285714285714286,13175335.00,12074217.00,235832,255597,12788.3333333333333333,17397.666666666667
2025-01-13,16909,9710,5423,10189,4367,4689,-1785725.00,416317.00,9821808.00,9934751.00,35071.066666666667,20944.000000000000,17869.571428571429,10917.1428571428571429,10514971.00,8312929.00,234272,246428,12259.3333333333333333,16959.333333333333
2025-01-10,19037,19871,8305,9537,9110,9454,-1273355.00,-394568.00,12923905.00,21588626.00,35341.966666666667,20782.266666666667,17072.000000000000,9133.4285714285714286,17124853.00,16246066.00,235544,262215,9871.6666666666666667,17886.000000000000
2025-01-08,16247,8784,7734,6576,3307,4695,621805.00,-2141031.00,8298938.00,18205809.00,35709.833333333333,21265.300000000000,16581.285714285714,9883.4285714285714286,10799775.00,13562611.00,234209,258513,10197.3333333333333333,17393.333333333333
2025-01-07,15594,8123,4454,9691,3543,3779,-5821595.00,161717.00,5994138.00,14832487.00,36621.300000000000,21997.033333333333,15564.571428571429,9672.4285714285714286,12294307.00,6310995.00,232586,257362,10689.6666666666666667,20893.666666666667
2025-01-06,21817,12708,9665,10056,5837,5620,-1841764.00,597322.00,7274497.00,15040963.00,36409.700000000000,21850.366666666667,14318.142857142857,8533.4285714285714286,11517399.00,9078313.00,228543,250807,8978.0000000000000000,17464.000000000000
2025-01-03,14769,9761,5780,6460,4075,4797,-80956.00,604089.00,7595019.00,10634880.00,36352.933333333333,21911.300000000000,14227.857142857143,8238.2857142857142857,9004705.00,8319660.00,231442,258023,8186.0000000000000000,17025.666666666667
2025-01-02,26095,9600,11323,11802,4446,4032,-1883466.00,882457.00,8944803.00,17827736.00,35918.033333333333,22067.833333333333,15407.857142857143,10016.2857142857142857,14003867.00,11237944.00,229911,247481,9664.0000000000000000,12598.0000000000000000
2024-12-31,11528,7573,4756,4802,3537,3306,1253507.00,-425481.00,4660417.00,11984535.00,36418.400000000000,22505.700000000000,19016.000000000000,12087.000000000000,5783279.00,7462267.00,228278,243555,9355.0000000000000000,11581.0000000000000000
2024-12-30,13454,7385,6359,6141,3847,2892,-1550193.00,402804.00,5414059.00,10318122.00,37054.366666666667,22838.533333333333,21970.142857142857,14319.857142857143,8358035.00,6405038.00,226077,238750,8471.6666666666666667,11460.3333333333333333
2024-12-27,12812,14034,5436,6114,6486,6251,-815830.00,1589059.00,7884426.00,9115112.00,37218.800000000000,22876.300000000000,32041.714285714286,14099.428571428571,8977458.00,6572569.00,233714,251728,6358.6666666666666667,11902.0000000000000000
2024-12-26,8477,6646,3986,3960,3053,2947,65906.00,-9178.00,6092745.00,6540248.00,37831.900000000000,23190.500000000000,33557.000000000000,14284.714285714286,5932816.00,6007900.00,232492,250437,11492.0000000000000000,20528.000000000000
2024-12-24,13092,4735,6940,5172,1648,1745,-39101.00,410837.00,3252985.00,5597211.00,39363.533333333333,24072.233333333333,36402.714285714286,15317.285714285714,4025281.00,3575343.00,230680,246367,17269.666666666667,28425.666666666667
2024-12-23,14137,7695,5773,6198,2862,4184,-347630.00,-2078459.00,6113268.00,8696026.00,40274.600000000000,24393.133333333333,37636.428571428571,15810.000000000000,6082485.00,7813314.00,227811,239699,22376.333333333333,35091.000000000000
2024-12-20,34355,22046,18106,13602,11302,9615,1739503.00,-1393883.00,13987975.00,17338474.00,39697.633333333333,24176.466666666667,38211.000000000000,14066.857142857143,13274167.00,16407553.00,266012,288381,19191.333333333333,51410.333333333333
2024-12-19,36785,22068,12385,18620,10244,10696,78692.00,-2550281.00,19998449.00,20206082.00,38918.200000000000,24127.300000000000,36906.285714285714,12609.285714285714,17014837.00,19643810.00,266131,283801,14483.000000000000,45510.000000000000
2024-12-18,34133,23015,14826,17029,11477,10416,-1651284.00,861774.00,13799672.00,28500358.00,38066.966666666667,23716.900000000000,37490.000000000000,11891.428571428571,21522662.00,19009604.00,259304,280649,10799.0000000000000000,45136.333333333333
2024-12-17,83313,12491,13376,13851,6831,4174,420890.00,28838.00,9331861.00,447383766.00,35627.033333333333,23696.533333333333,32557.714285714286,14382.285714285714,15799976.00,16192028.00,253906,300836,10350.0000000000000000,24956.333333333333
2024-12-16,19084,7943,9161,8543,2568,4352,-218962.00,-816081.00,4110340.00,24755277.00,35371.466666666667,23879.500000000000,39222.428571428571,18151.714285714286,12777660.00,13374779.00,250544,297511,10983.6666666666666667,31387.333333333333
2024-12-13,33012,11963,14287,15413,5239,5646,410783.00,224760.00,4127827.00,21261646.00,34699.433333333333,23943.433333333333,61761.428571428571,31201.142857142857,11688213.00,11874236.00,264807,315379,10951.0000000000000000,29600.666666666667
2024-12-12,22773,11144,8414,10751,4258,5876,973542.00,221097.00,5552753.00,14911321.00,34130.266666666667,24012.000000000000,73418.714285714286,43151.857142857143,8650970.00,9403415.00,262699,311511,13233.0000000000000000,34749.333333333333
2024-12-11,38377,9844,19490,15938,4452,4367,-167336.00,813293.00,4779119.00,28476753.00,33622.866666666667,24032.133333333333,71323.000000000000,45076.000000000000,15722378.00,14741749.00,260331,311549,19927.333333333333,38219.333333333333
2024-12-10,27652,11865,11750,13751,4703,6269,-1604081.00,-988225.00,8938902.00,21083731.00,33386.900000000000,23888.766666666667,68906.428571428571,45684.857142857143,14438362.00,13822506.00,256298,304810,27415.333333333333,50914.333333333333
2024-12-09,38219,17990,16373,18300,8832,7275,1225257.00,111756.00,9428324.00,36827887.00,32656.966666666667,23549.966666666667,67422.428571428571,47857.285714285714,21290549.00,22404050.00,251966,294922,55855.000000000000,101769.666666666667
2024-12-06,48787,29927,19597,25414,13332,13626,-1026744.00,462646.00,6523292.00,38052866.00,31456.466666666667,23038.033333333333,64083.285714285714,47301.285714285714,21530639.00,20171949.00,309221,347708,77479.000000000000,120298.666666666667
2024-12-05,65737,34329,28341,32328,17411,14122,-20637023,1533174,13271478,73646803,29762.700000000000,22296.500000000000,58572.857142857143,44542.714285714286,52575256,30405059,303245,335213,73807.000000000000,106288.666666666667
2024-12-04,190785,103309,85821,89816,45774,47192,12179398,-135042,31437870,188323192,23654.233333333333,19083.933333333333,35215.428571428571,33109.285714285714,95217246,107531686,275303,312956,44746.333333333333,46272.333333333333
2024-12-03,104374,94799,44535,47882,42489,41129,-876997,-1349351,42800667,79553921,20500.933333333333,16229.500000000000,26438.857142857143,23863.000000000000,55659720,56132074,232954,269447,24212.333333333333,20758.000000000000
2024-12-02,23707,23313,9935,11449,8665,12010,992566,-773622,13596715,24741178,20511.966666666667,15798.666666666667,25262.000000000000,21719.428571428571,16830550,18596738,222957,259974,25119.666666666667,21326.666666666667
2024-11-29,10736,16127,5041,4703,7534,7433,54241,-653838,7718314,9894953,20475.500000000000,15519.666666666667,25594.857142857143,21071.142857142857,7899351,8607430,237986,281447,24750.333333333333,26802.666666666667
2024-11-27,27831,33197,12285,13684,17002,13802,-1126693,1943009,18225006,29944293,19877.866666666667,14630.133333333333,23483.000000000000,18371.000000000000,24331272,21261570,241211,273666,21443.000000000000,26620.000000000000
2024-11-26,25413,26035,8652,8695,8332,7626,364909,-980150,7831347,15194858,19327.466666666667,13919.700000000000,23643.857142857143,17610.142857142857,9760877,11105936,228580,263492,22789.666666666667,32461.666666666667
2024-11-25,27164,15019,12941,11960,6225,7770,-198583,-1511198,11355055,32434302,19033.600000000000,13757.133333333333,24410.857142857143,17946.000000000000,19537062,20849677,221949,255974,20552.666666666667,28563.333333333333
2024-11-22,27283,23275,11380,11086,10657,10695,-591766,581669,7393942,26509337,18516.433333333333,13732.133333333333,23048.285714285714,16787.714285714286,14804529,13631094,234176,267077,16657.333333333333,23824.333333333333
2024-11-21,42938,30075,19989,20131,11944,13854,288579,290132,9843843,46575607,17495.233333333333,12979.666666666667,20752.857142857143,14787.285714285714,26498110,26496557,225556,256787,11397.6666666666666667,13861.000000000000
2024-11-20,15469,8308,7686,6477,3528,3988,-889804,378540,5708251,11504829,17425.466666666667,13234.366666666667,26977.428571428571,18055.714285714286,8479079,7210735,223010,250180,15531.333333333333,17551.000000000000
2024-11-19,13066,11589,6480,5258,6121,4935,819725,501565,8661407,11963547,17630.933333333333,13326.666666666667,31035.000000000000,18874.714285714286,9563874,9882034,217717,245748,17458.333333333333,24040.000000000000
2024-11-18,13048,14296,5987,5793,5728,7078,922704,-405075,9088166,13755749,17533.233333333333,13221.300000000000,31606.142857142857,19053.285714285714,9876696,11204475,210188,240576,17748.666666666667,25605.666666666667
2024-11-15,26539,20709,11499,11179,7211,8830,123139,363492,10534443,32830097,17833.966666666667,13325.966666666667,29729.428571428571,19036.714285714286,18895557,18655204,240619,268803,16203.000000000000,25716.000000000000
2024-11-14,32533,17370,16025,14158,8154,7881,1952049,-475342,10412128,27178868,17233.966666666667,13124.800000000000,26309.857142857143,18084.285714285714,16446901,18874292,236754,259952,20808.666666666667,34552.000000000000
2024-11-13,17745,15167,8686,7629,7199,6553,-793865,949372,6821650,21221667,18236.533333333333,13558.266666666667,25219.857142857143,17614.714285714286,14235983,12492746,231332,256353,21527.000000000000,42460.000000000000
2024-11-12,26870,16072,13180,12281,6649,8514,2860986,676946,8950853,41185240,17742.300000000000,13273.033333333333,23012.285714285714,17237.571428571429,22770019,24954059,224886,250730,21351.666666666667,39185.333333333333
2024-11-11,59041,31187,26190,28682,12005,14784,-4948221,1110197,18880963,76511031,16286.866666666667,12783.166666666667,16413.714285714286,14765.285714285714,47336848,41278430,210430,231990,17820.333333333333,23972.333333333333
2024-11-08,41469,17322,20838,17889,6141,9588,1012420,-1302713,8575505,33654334,15613.766666666667,12532.166666666667,11303.5714285714285714,14176.571428571429,18265468,20580601,216354,228666,15614.000000000000,13014.6666666666666667
2024-11-07,17046,15546,7428,8274,5976,7294,595872,-64303,3982980,17894583,15655.633333333333,12501.533333333333,12176.285714285714,13448.285714285714,9779666,10439841,214991,226224,14392.000000000000,10704.3333333333333333
2024-11-06,13402,20593,5838,6587,7202,10917,1178706,-908205,6793636,15918707,16514.900000000000,12480.966666666667,13200.714285714286,11587.000000000000,9654404,11741315,210080,223751,12005.0000000000000000,10042.6666666666666667
2024-11-05,8596,10703,3667,4436,4256,5402,-773037,100304,4038538,9892794,17274.700000000000,12675.600000000000,14304.285714285714,11176.0000000000000000,6930862,6057521,204569,221784,13064.3333333333333333,11461.0000000000000000
2024-11-04,10115,11880,4675,4597,4028,7012,-480813,69154,7052627,13097817,17332.666666666667,12576.633333333333,14683.857142857143,11560.142857142857,9610139,9060172,201114,219934,13504.666666666667,9988.6666666666666667
2024-11-01,11417,13432,4816,5562,5883,6793,955079,1230832,9946372,8627785,18096.400000000000,12757.866666666667,15184.857142857143,11367.4285714285714286,8925070,8649317,207805,231892,12510.0000000000000000,13901.333333333333
2024-10-31,12851,13881,5532,6215,6880,5599,-767244,81860,5715264,8377302,19756.133333333333,13537.900000000000,14424.857142857143,10374.7142857142857143,7117530,6268426,211633,229165,10404.3333333333333333,16475.333333333333
2024-10-30,5698,13201,2611,2543,6890,4483,-235620,647939,3625048,5506079,20081.833333333333,13394.133333333333,15007.285714285714,9798.2857142857142857,4680039,3796480,203395,228862,8612.6666666666666667,20016.333333333333
2024-10-29,23155,10448,11590,9036,4061,5245,880628,-192303,4571414,14002645,20183.133333333333,13429.466666666667,15133.428571428571,9789.7142857142857143,7801327,8874258,200203,222737,9986.3333333333333333,16555.333333333333
2024-10-28,20573,7564,9434,5993,3298,3371,1893830,151489,3697194,10423700,20010.100000000000,13398.433333333333,13571.857142857143,9817.2857142857142857,5401015,7143356,197281,211460,11492.6666666666666667,14672.333333333333
2024-10-25,16321,7826,7286,7655,3348,3593,-1008045,388316,3848503,9880588,20135.200000000000,13594.800000000000,12654.857142857143,9629.4285714285714286,7102441,5706080,214788,221397,11194.6666666666666667,11742.3333333333333333
2024-10-24,12772,14569,5421,6666,6109,7708,-1036761,-689944,4130376,6871537,20328.366666666667,13626.866666666667,12101.857142857143,8222.7142857142857143,5459443,5112626,211443,221108,9393.6666666666666667,10743.3333333333333333
2024-10-23,14924,12083,5967,7475,5818,4989,-1338372,834633,4118694,9138570,20296.866666666667,13555.533333333333,12591.000000000000,7945.4285714285714286,7232161,5059156,208336,214947,8828.6666666666666667,13781.333333333333
2024-10-22,7531,6932,2879,3899,4203,2322,-711376,2214177,3915930,5752593,20300.400000000000,13495.200000000000,13196.285714285714,10173.0000000000000000,6075006,3149453,205669,212140,9103.6666666666666667,14485.000000000000
2024-10-21,9775,9166,2709,6217,3722,4311,-1114393,501332,3691841,5473985,20379.100000000000,13485.200000000000,13557.285714285714,9935.1428571428571429,5034842,3419117,201761,210298,8218.6666666666666667,14527.333333333333
2024-10-18,24038,10388,11922,9286,4212,5056,1396075,32010,4621703,23974920,20081.133333333333,13769.166666666667,12034.142857142857,10729.5714285714285714,11553165,12917230,227114,241559,6330.0000000000000000,9481.6666666666666667
2024-10-17,9642,7757,4857,4178,3921,3163,-813889,514971,3001031,7781173,20232.000000000000,13892.366666666667,13403.857142857143,11672.571428571429,5770287,4441427,226098,242072,7125.0000000000000000,12383.6666666666666667
2024-10-16,9902,6511,4556,4791,3200,3011,1270135,445210,2928323,7325712,20316.933333333333,14007.800000000000,13434.571428571429,12333.142857142857,4517632,5342557,224434,239242,12463.0000000000000000,13005.6666666666666667
2024-10-15,8901,4722,3642,4579,2466,1884,708774,304611,1880152,9266909,20653.600000000000,14397.233333333333,17243.142857142857,15065.571428571429,5171632,5575795,223545,238739,13389.333333333333,14139.333333333333
2024-10-14,18348,10142,8351,8573,4429,4706,191343,1306105,3824631,10275436,21484.400000000000,15413.933333333333,16698.142857142857,15236.000000000000,7130013,6015251,218245,235229,15325.000000000000,12482.0000000000000000
2024-10-11,11768,22525,4975,5650,9659,10473,752305,2439372,5690666,6597166,23822.233333333333,16727.433333333333,21848.714285714286,16042.571428571429,6542930,4855863,226754,242089,12602.6666666666666667,14969.333333333333
2024-10-10,12302,7501,5728,5566,3399,3274,-1082732,587136,3651784,6651158,25431.533333333333,19078.733333333333,21811.714285714286,16044.571428571429,5666277,3996409,224569,240219,13814.000000000000,14241.000000000000
2024-10-09,13376,15949,6247,6051,5908,8983,1473332,637375,4192132,9256302,25650.166666666667,19266.700000000000,22097.714285714286,16122.000000000000,5978058,6814015,220863,235843,16447.333333333333,21636.000000000000
2024-10-08,19230,14358,8481,9413,6294,6713,-928299,1497971,6323854,16641930,25775.866666666667,19681.733333333333,22390.000000000000,15469.714285714286,11922158,9495888,218125,231835,15439.666666666667,20070.333333333333
2024-10-07,10117,11135,5220,4181,4819,5251,918586,711804,3615635,8011411,26128.833333333333,20031.366666666667,23559.285714285714,15968.571428571429,5408306,5615088,215652,229670,21118.333333333333,32638.666666666667
2024-10-04,35561,23849,16802,15260,10092,11369,2320833,888386,4822921,21212399,25602.500000000000,19873.400000000000,24076.285714285714,15415.285714285714,11201887,12634334,222815,237387,15673.666666666667,24799.333333333333
2024-10-03,14533,11335,6795,6069,5354,4747,181987,30830,3698850,7764956,25404.966666666667,19783.433333333333,26484.428571428571,16159.142857142857,5275492,5426649,219362,236176,17392.333333333333,25081.000000000000
2024-10-02,47822,28171,20702,23565,11239,13775,-2902368,-311387,7415511,25955582,24166.833333333333,19350.766666666667,21346.142857142857,13407.714285714286,16817078,14226097,212564,231067,11266.0000000000000000,16232.333333333333
2024-10-01,12043,7515,4629,6947,4476,2381,451193,1334589,3433992,6567728,24256.833333333333,19380.366666666667,24529.857142857143,15029.714285714286,5273404,4390008,209443,227239,13636.666666666667,18318.666666666667
2024-09-30,15378,16491,6664,7543,6556,7593,354548,296805,4725973,7210750,24185.033333333333,19065.566666666667,31282.000000000000,17999.857142857143,5479491,5537234,203450,222822,14798.333333333333,26252.666666666667
2024-09-27,21276,9792,9380,8990,4765,4064,1154123,150929,3912655,15348178,24112.800000000000,19267.566666666667,30452.428571428571,17870.714285714286,6859221,7862415,218329,230412,17048.333333333333,29624.000000000000
