date,call_volume,put_volume,call_volume_ask_side,call_volume_bid_side,put_volume_ask_side,put_volume_bid_side,net_call_premium,net_put_premium,put_premium,call_premium,avg_30_day_call_volume,avg_30_day_put_volume,avg_7_day_call_volume,avg_7_day_put_volume,bearish_premium,bullish_premium,put_open_interest,call_open_interest,avg_3_day_put_volume,avg_3_day_call_volume
2026-09-25,173619,92573,85269,77414,39660,46412,10604381.0000,-3014401.0000,75124136.0000,156469753.0000,84183.0333,77910,78620.4286,69475.5714,103484112.0000,117102894.0000,455614,316137,40557.3333,68364
2026-09-24,76120,36900,31560,39809,16186,17753,-22854646.0000,315915.0000,72295443.0000,113362128.0000,83772.4333,78482.2667,79426.2857,73783.7143,103591077.0000,75219346.0000,449987,303174,42437,58292.3333
2026-09-23,65525,32106,29155,32096,13870,15718,-10641854.0000,-7647681.0000,58457057.0000,148795645.0000,82741.3667,78670.5,79336.4286,80722.1429,102008644.0000,95189521.0000,443055,289877,69550,65579.3333
2026-09-22,63447,52666,25514,33764,25558,23278,-13750564.0000,6695158.0000,73903941.0000,141706408.0000,82267.8667,78348.8,101236.5714,105019.8571,111089060.0000,90643338.0000,427960,277002,92567.6667,82600.3333
2026-09-21,45905,42539,21605,21550,16701,22802,-2257103.0000,8403556.0000,58870853.0000,104940524.0000,82664.9,78439.3333,104407.5714,108660.4286,82409642.0000,70696983.0000,414003,266120,107372.6667,99782
2026-09-18,87386,113445,34750,44905,50281,55439,-34404719.0000,3942789.0000,76928069.0000,218793278.0000,80918.9,76266.4667,102774.4286,104508.7143,155761225.0000,117379565.0000,542608,359435,91910,97907
2026-09-17,114510,121719,52812,51931,47278,64378,3862412.0000,-11575706.0000,122670178.0000,216845889.0000,78622.3333,73830.7,94600.4286,97043.8571,149209978.0000,165659146.0000,510911,343111,78228.6667,81369
2026-09-16,97450,86954,46883,44382,36848,43533,4445623.0000,-4090301.0000,87607501.0000,207879099.0000,77152.5667,72409.8333,106394.8571,107116.7143,137414103.0000,145718877.0000,495025,332785,123494,121135
2026-09-15,81761,67057,37480,39578,27839,33621,-7537287.0000,-4070120.00,78387215.00,160524460.0000,75356.8333,70994.3333,125918.4286,122745.7143,112131529.0000,109151722.0000,479625,322233,123816,116582
2026-09-14,64896,80675,29020,30768,32363,43430,-5365109.0000,9707328.00,78058740.00,154473111.0000,74120.6333,69243.4333,172248.1429,146178.1429,114459368.0000,102220711.0000,459751,314405,125052,120268
2026-09-11,216748,222750,102478,98670,96626,109854,10488291.0000,-15649134.0000,147355934.0000,279067046.0000,67908.6333,62968.3333,160733.7143,134382.5714,189111545.0000,212573970.0000,485104,335196,73957,67116
2026-09-10,68102,68023,28914,34628,30130,32149,-3570545.0000,-967576.0000,75263339.0000,77447285.0000,66364.4333,61660.8333,155879.5714,131723.7143,73627845.0000,71045076.0000,477068,322159,103770.6667,104419
2026-09-09,75954,84383,33062,37366,35319,42133,-6347936.0000,-3617314.00,86896480.0000,162449378.0000,65246.3,60346.9667,150842.1429,126729.8571,119260384.0000,117226865.0000,458624,310866,134463,151909.6667
2026-09-08,57292,69465,26498,26493,27357,36805,1332539.0000,-8233973.0000,88890301.0000,145044152.0000,64009.8333,58828.1333,147113.2857,122707.2857,105180779.0000,118475791.0000,432668,299352,192875.3333,262547
2026-09-04,180011,157464,83911,83463,66445,80385,7256778.0000,2203579.0000,89590185.0000,218000205.0000,59209.3333,55590.5333,125300.7143,105432.7143,144106429.0000,146419878.0000,528638,363032,187114.3333,247925.6667
2026-09-03,218426,176460,104038,100379,72555,89089,18745756.0000,-7392606.0000,141655675.0000,346457572.0000,52839.6,50842.5,98309.8571,84075.1429,217311829.0000,247145191.0000,492022,341124,144764.6667,186491.3333
2026-09-02,389204,244702,187279,175235,97603,128134,11979676.0000,-1386344.0000,201521085.0000,605599737.0000,41571.7667,44311.7667,46304,52914.2857,379442640.0000,390445398.0000,451943,321920,79672.6667,70320.6667
2026-09-01,136147,140181,57335,69048,67182,60436,-35313902.0000,12333096.0000,196015186.0000,336579671.0000,37606.9333,40339.0333,31650.8571,37957.5714,251385748.0000,198128845.0000,385037,303272,46714.6667,35335
2026-08-31,34123,49411,14809,16797,16631,27299,3099816.0000,997270.0000,44220443.0000,67686056.0000,37174.6333,39491.2,30745.4286,35168.8571,51721035.0000,53823581.0000,363514,288768,42425,33068.3333
2026-08-28,40692,49426,15976,22179,19532,24654,-2862534.0000,-3351959.0000,49335999.0000,60662950.0000,37680.2333,39926.3,32233.8571,34553.7143,50716682.0000,54509357.0000,386386,317778,34935.3333,29334.3333
2026-08-27,31190,41307,13690,15214,13177,22584,-4709936.0000,-5621988.0000,50156739.0000,59747792.0000,37700.7,39510.6667,32149.5714,35552.4286,51606613.0000,52958665.0000,376049,310258,30025,27325.3333
2026-08-26,27323,36542,13431,12153,11905,19605,5207329.0000,-2210489.0000,28779738.0000,49837621.0000,39033.9333,39974.8,34288.2857,36816.7143,33373617.0000,41037280.0000,367945,303809,29672.3333,29409.3333
2026-08-25,29490,26957,12617,14346,9335,14192,-1740315.0000,-2019136.0000,29328317.0000,51537915.0000,39459.2667,40316.8,35561.2857,38681.5714,38613477.0000,38892298.0000,361631,296986,30650,28841
2026-08-24,25163,26576,10369,13213,8936,13828,-6004411.0000,1009375.0000,40919989.0000,48905664.0000,39319.9,40104.5667,42660.8571,44227.4286,47023351.0000,40009565.0000,354110,290180,36831.3333,37490.3333
2026-08-21,33575,35484,13808,16424,13767,18352,98773.0000,2925113.0000,25051792.0000,40170067.0000,39445.9333,39940.5667,46979,46882.2857,32003123.0000,29176783.0000,414047,340758,41102.6667,36498.6667
2026-08-20,27785,29890,10280,15068,10733,16434,-8027770.0000,-6078009.0000,52986102.0000,54899653.0000,40917.5,40451.1667,47951.5714,48005.5714,52752154.0000,51175393.0000,408601,332994,46270,41335
2026-08-19,51111,45120,19600,27026,17107,23126,613132.0000,1723407.0000,59155359.0000,88092089.0000,42215.2333,39901.2333,47684.5714,47704.8571,70944982.0000,69834707.0000,400819,319683,44567,37098.3333
2026-08-18,30600,48298,14407,14175,17652,24438,-1137212.0000,7097223.0000,84143598.0000,91343239.0000,42717.0333,39028.6,51572.5714,47270.1429,88423434.0000,80059999.0000,387063,315042,50266.6667,51851.6667
2026-08-17,42294,45392,20170,19520,16527,23633,-4162336.0000,-7188017.0000,55227091.0000,86324538.0000,43663.7333,38457.6667,50531.4286,47679.7143,65307039.0000,70513605.0000,372578,310664,53158.6667,59021
2026-08-14,38401,40011,15039,20658,14543,20927,-1378875.0000,-627781.0000,41241151.0000,64788292.0000,44315.8333,38378.9333,51561.7143,48913.2857,50930238.0000,50179144.0000,410500,340612,52406,57751.6667
2026-08-13,74860,65397,37441,33487,27253,30190,2226424.0000,6456557.0000,70847519.0000,184894366.0000,44447.0667,37077.7667,48489.8571,45903.4286,132056667.0000,115306174.0000,391282,334248,44945.3333,49212.3333
2026-08-12,63802,54068,30775,26374,17067,28570,10549990.0000,1236506.0000,53858070.0000,100003420.0000,45188.6,35965.1667,43359.4286,41692.5714,65734148.0000,75047632.0000,376148,313234,42007.6667,47217
2026-08-11,34593,37753,13620,17120,12720,19617,14917512.0000,-890793.0000,51747030.0000,91843883.0000,45108.3,35509.3667,42390.4286,40320.4286,57664387.0000,75440092.0000,362785,305933,45509.6667,47354.6667
2026-08-10,49242,43015,21136,24761,14858,22635,7191713.0000,13354521.0000,69242373.0000,126570575.0000,44336.4667,35361.5,39697,39103.5714,95832334.0000,92704526.0000,348024,296187,47386.6667,46145
2026-08-07,57816,45255,27294,26272,17460,21925,2238032.0000,8760041.0000,45415619.0000,115766458.0000,43380.3,34803.7,34548.4286,36752.5714,80497640.0000,73888231.0000,375081,308978,47077.6667,44658.6667
2026-08-06,35006,48259,14597,17779,17667,25380,3693810.0000,27234770.0000,92074186.0000,82671817.0000,42994.2667,33903.8,35606.1429,36282.2857,92529961.0000,74669001.0000,363056,300299,39188.6667,42286.3333
2026-08-05,45613,48646,21311,21565,14982,25132,7744846.0000,9956194.0000,60397715.0000,132583937.0000,42498.2,33046.7333,31975.4286,32747.1429,94573665.0000,88282317.0000,344349,293495,32356,36352
2026-08-04,53357,44328,27876,21826,15869,20995,17905470.0000,-6029215.0000,92018179.0000,141859827.0000,41531.8333,32506.5667,29495.2857,35034,93726821.0000,116382932.0000,329916,281241,29079,28695.6667
2026-08-03,27889,24592,14034,11630,8523,12809,2994221.0000,-1290001.0000,28998576.0000,51149987.0000,42105.7,33053.3,29416,36380.7143,34962265.0000,39246487.0000,320300,270640,30481,26658
2026-07-31,27810,28148,11282,14914,12609,13245,1435915.0000,2865853.0000,48573764.0000,52009091.0000,42494.7667,32999.0333,32753,39328.1429,47940099.0000,48275036.0000,349662,294818,36087.3333,31524.6667
2026-07-30,30388,34497,15373,12955,14221,16690,5404514.0000,1367278.0000,85325130.0000,76569829.0000,42365.2333,32628.5667,30869.2857,37399.8571,77804993.0000,78691029.0000,342330,288583,32555,28128
2026-07-29,21776,28798,9218,11148,12202,15089,-1019521.00,-2384982.0000,52815873.0000,41438453.00,42742.0667,32620.2667,30780.4286,36711,42344263.0000,46646124.0000,333894,285776,43067.6667,32868
2026-07-28,42410,44967,17854,19756,17624,22042,-3288268.0000,-4092850.0000,83756847.0000,89940167.0000,42865.6667,32338.9333,32701.8571,39212.7143,79152975.0000,79957557.00,323830,275062,39418.3333,27842.6667
2026-07-27,20198,23900,8713,9540,9481,11417,1975408.0000,-2545478.0000,28941664.0000,49887160.0000,43206.7333,32792.6333,34359.8571,39918.1429,33143371.0000,41003357.0000,315722,269008,47711.6667,38166.3333
2026-07-24,35996,60336,16009,17138,28663,26773,4277355.0000,11083654.00,44277898.00,63649441.0000,43149.4333,31827.7333,38834.7143,38508.1429,55292932.0000,48486633.0000,343132,296804,34599.3333,31901.6667
2026-07-23,27334,34019,12226,11874,12834,17816,8991935.0000,-831559.00,29004752.00,82731190.0000,43799.3333,32153.0667,40965.5714,38965,37243434.0000,70867428.0000,331306,287926,31251.6667,29841.6667
2026-07-22,51169,48780,24981,22278,17171,25632,6100431.0000,-5455195.0000,43706962.0000,114497764.0000,43197.9,31782.8667,36653.1429,34883.4286,67862929.0000,79677555.0000,314277,274921,35818,31405.3333
2026-07-21,17202,20999,7847,7908,7661,7563,2254993.0000,3126052.00,61593293.00,33048694.0000,44558.1,33436.4,39532.2857,36249.8571,33096216.0000,26585157.0000,307113,269008,38431,36272.6667
2026-07-20,21154,23976,7977,10633,12217,10247,-6000268.0000,4483717.00,46299995.00,61753769.0000,45673.5333,34504.2333,46786.2857,39283,46525990.0000,35839005.0000,297001,263603,47261,51661.3333
2026-07-17,55860,62479,25692,25935,29347,26966,424719.0000,2348440.0000,48544921.0000,66796593.0000,45873.8667,34342.5333,51669.5714,34446.2857,54479641.00,52555920.0000,362725,335002,38840.3333,47124.6667
2026-07-16,31804,28838,12588,16569,13452,12606,-3261993.0000,7977674.0000,65889289.0000,65118370.0000,46801.7333,35705.6,53648.1429,33486.4286,66981160.0000,55358943.0000,360464,330646,35964,43517.3333
2026-07-15,67320,50466,27347,34161,24229,22095,-24815565.0000,10738671.0000,77083768.0000,149789924.0000,47759.8,36790.8667,54130.2857,30314.7143,125122310.0000,88118074.0000,351008,318900,29330,33529.3333
2026-07-14,42250,37217,21342,17916,14862,16973,14233014.0000,8886641.0000,59649503.0000,140430065.0000,56280.4333,42574.9,56375.1429,30376.4286,88459613.0000,97679186.0000,336039,310066,31993.6667,43423.3333
2026-07-13,20982,20209,8761,10602,8475,10124,-149544.0000,-221358.0000,36272216.0000,60834950.0000,59203.7333,44786.8,64634.4286,31255.4286,45667695.0000,45739509.0000,329464,306907,34798,66443.6667
2026-07-10,37356,30564,14064,19663,13280,13846,-6497125.0000,-1462159.00,20083683.00,57713390.0000,58947.8,44559.9,71590.4286,29844.8571,41524608.0000,32294642.0000,359596,339514,31983,69209.6667
2026-07-09,71932,45208,33876,32599,16188,23333,16563738.0000,-16200731.0000,58874335.0000,142832067.0000,57906.3,44035.7,65912.1429,26826.4286,76833928.0000,112966397.0000,347231,327476,26335,68797.3333
2026-07-08,90043,28622,46212,38657,12530,13309,15859654.0000,372586.0000,33720965.0000,162399020.0000,61098.0667,45674.3333,56775.5714,28248.8571,77815262.0000,110059665.0000,340086,316445,29344,58104.3333
2026-07-07,45654,22119,20817,21167,8741,10950,5471770.0000,-2534264.00,24919038.00,72763089.0000,61159.2667,45637.6333,54415.1429,29163.4286,41164978.0000,49441847.0000,333032,305533,30758.3333,69152
2026-07-06,70695,28264,32883,32584,11055,14056,4969328.0000,-6134169.0000,78010967.0000,146501278.0000,60143.5,45156.1667,47662.2857,28163.1429,99484703.00,112943200.0000,320032,285024,28233.6667,74269.6667
2026-07-02,57964,37649,22206,31586,16363,17777,-3035616.0000,795861.00,40527642.00,76987301.0000,58749.9,44432.5,43771.8571,26061,57696601.0000,53865124.0000,336926,302250,23710.3333,65676.3333
2026-07-01,78797,26362,33926,37456,10205,13098,-10981322.0000,644115.0000,20377267.0000,204695544.0000,56788.9667,44069.7,35996,26312.5714,108061836.0000,96436399.0000,328520,278126,27782.6667,48106.3333
2026-06-30,86048,20690,40341,40803,9181,9962,25129353.0000,1180080.0000,38619654.0000,198381266.0000,54702.8,43901.4667,30147,29213.1429,101363574.0000,127070472.0000,322248,241777,30393,29134
2026-06-29,32184,24079,15480,14774,7930,12866,-156073.0000,-2166521.0000,25747832.0000,63045690.0000,55513.3,43897.4667,31189.5714,29561.8571,40970002.0000,42980450.0000,314275,232047,29454,26214.3333
2026-06-26,26087,38579,10646,13118,15315,19111,-1923482.0000,551059.0000,39602198.0000,44682339.0000,55592.2333,43183.0333,31248.8571,27391,41140804.0000,38666263.0000,340315,254471,24239,27762.3333
2026-06-25,29131,28521,12207,14195,10729,14566,61559.0000,-3457105.00,40402664.00,70343317.0000,55804.2333,43081.7667,31813.1429,27395,50283818.0000,55240250.0000,332275,250051,24106.3333,26174
2026-06-24,23425,21262,10466,11117,7777,10295,1407581.0000,1446507.00,22399721.00,100429283.0000,57194.3667,43312.4,35055,29575.7143,57689005.0000,52656411.0000,326894,244722,30683.6667,33400.6667
2026-06-23,30731,22934,14155,13695,8792,10611,10419935.0000,3313476.00,19509605.00,79064674.0000,60423.0667,44180.1667,35012,31658.1429,41337631.00,49474490.0000,320876,239934,31879,36317.6667
2026-06-22,24366,28123,11126,11116,11266,12688,3791463.0000,2302301.0000,29230900.0000,76769768.0000,60474.1333,43903.7333,36427.8571,32124.7143,46537982.0000,51461144.0000,308169,231700,30299,37029.6667
2026-06-18,45105,40994,20260,21262,20213,17216,-4041199.0000,2868413.0000,28455823.0000,112694042.0000,61714.3333,43390.6667,36674.4286,32522.5714,69653399.0000,60157133.0000,428996,297661,26150.6667,33021.6667
2026-06-17,39482,26520,18705,17721,9683,13291,649040.0000,-2154268.0000,27719332.0000,81548351.0000,60918.6667,43001.6667,35766.4286,34116,49313810.0000,52117118.0000,421028,291630,29486.3333,35233.6667
2026-06-16,26502,23383,11960,12791,8227,11427,-893591.0000,-2143899.0000,29122352.0000,61762846.0000,60388.4667,42500.6333,40267.2857,40862,39437823.0000,45575489.0000,411255,286074,34195.6667,36543
2026-06-15,33081,28549,15496,15316,10577,12589,-6097362.0000,4842101.0000,36371560.0000,87873664.0000,59783.9667,41979.6667,43343.8571,44785.1429,66668461.0000,51645558.0000,399102,276098,35142.3333,36941.6667
2026-06-12,46118,36527,18071,20920,13636,19590,-706530.0000,1606624.00,27696871.00,143197686.0000,58635.5333,41254.5667,45594.1429,47799.5714,44062158.0000,41749004.0000,438875,307242,37559.6667,37179.3333
2026-06-11,30430,37511,12074,15237,14715,18679,-478340.0000,4238818.0000,35084687.0000,45070416.0000,57877.8,40361.4,49767,52402.2857,39750169.0000,35033011.0000,429043,302767,37614,38078
2026-06-10,34277,31389,13958,17563,12257,15995,258346.0000,1884212.0000,46999662.0000,108395989.0000,57236.0333,39919.4667,58593.4286,59778.7143,73901914.0000,71894128.0000,419776,291516,50686,45988.3333
2026-06-09,46831,43779,18409,25413,17825,21001,-4997986.0000,-864901.0000,61365582.0000,83835284.0000,56084.5,38785.3,94456,83630,66975538.0000,68424953.0000,409075,279991,54763.3333,48583.6667
2026-06-08,33126,37674,14840,15701,12264,18798,3887376.0000,-4130870.0000,66261567.0000,82188277.0000,56019.6333,37877.5667,105249.5714,90614.5714,55578800.0000,63597046.0000,390829,272039,61414.6667,58165
2026-06-05,58008,70605,24409,27126,33665,30084,4525744.0000,3714252.0000,63496085.0000,112010749.0000,54861.9333,36099.3333,101202.4286,83922,79447753.0000,80269245.0000,440785,313391,61123,58709
2026-06-04,54617,56011,26004,23994,21842,28343,13194426.0000,1203876.0000,41991766.0000,117411160.0000,53785.5,34855.9,99212.4286,80132.1429,67536929.00,82877479.0000,425471,302680,70127.3333,72524
2026-06-03,61870,57628,27694,29698,22631,28253,506818.0000,-3826908.0000,48067295.0000,134388924.0000,53209.0667,33843.5333,116916.1429,83011.1429,82417545.0000,88636931.0000,406501,290826,121164,151190.3333
2026-06-02,59640,69730,22861,31036,31535,29855,-26411759.0000,3401838.0000,67660942.0000,209637487.0000,53463.1333,32097.7333,115180.4286,76052.2857,143879554.0000,108769137.0000,377437,275993,126776,167537.3333
2026-06-01,96062,83024,47317,43126,33142,42399,39199803.0000,3732166.00,95026139.00,441355091.0000,51547.9667,29895.0333,107203.2857,66166,226952474.0000,276310183.0000,343627,250255,107020.3333,145409.3333
2026-05-29,297869,210738,143899,136866,91432,103304,104756027.0000,613882.00,143971654.00,885528230.0000,44076.4667,23876.7333,66958.5714,38337.5714,420762112.0000,542790277.0000,356744,290983,46601.6667,59682
2026-05-28,108681,86566,47184,52652,36512,40609,-5631706.00,234515.00,59961976.00,202135545.00,41091.7333,21354.9,54285.4286,28182.1429,124472443.00,118606222.00,318656,247688,43673.3333,85387
2026-05-27,29678,23757,13034,14335,9092,11048,2734413.00,2024259.00,17300520.00,102156169.00,40720.3667,21191.4333,53397.5714,27023,53233043.00,57889197.00,310009,239469,42760.3333,91324.3333
2026-05-26,40687,29482,19606,17688,11449,12445,16620623.00,1646206.00,31431650.00,129569166.00,40873.9667,20977.9,55656.4286,26234,60764175.00,75738592.00,298368,230037,37539.6667,91169.3333
2026-05-22,185796,77781,93712,79279,30059,39616,30654390.00,-2545084.00,55524209.00,276907425.00,35097.8333,18759.2333,33179.1429,17571.8571,133805767.00,166468876.00,307661,249195,16925.6667,34622.6667
2026-05-21,47490,21018,20749,22061,7995,10665,3452636.00,176800.00,11285165.00,48301657.00,33831.7667,18403,31465,18209.7143,23906274.00,28923310.00,301069,240442,15079,25449
2026-05-20,40222,13820,17300,19881,4489,5578,-2157798.00,386042.00,17022680.00,32082773.00,33274.2667,18700.2667,35023.1429,20261.2857,19621615.00,16715275.00,295421,231173,15686.6667,19862.6667
2026-05-19,16156,15939,8867,6209,8321,6334,4016992.00,3536513.00,13893578.00,15669722.00,33377.2667,18760.4333,50942.5714,24979.5714,13928138.00,14113367.00,288947,227247,18360,33310.3333
2026-05-18,19969,15478,8473,9442,8026,6082,-2349273.00,523031.00,11706524.00,22282480.00,33115.8667,18557.1,51789.5714,25601.2857,16924582.00,14052278.00,282494,222231,18916,36139
2026-05-15,23463,15643,9049,12575,5127,8407,-3238174.00,-1174243.00,7491678.00,25079317.00,34409.6333,18573.4667,60196.4286,27024,15867671.00,13803740.00,344573,281485,22196,40148.3333
2026-05-14,56499,23959,24374,27592,10522,11086,920710.00,1174739.00,15561604.00,41297461.00,33430.4,18286.3,54355.4286,25722.7143,26223608.00,25969579.00,338305,272336,23603.3333,43025
2026-05-13,28455,17146,13489,12962,4886,9863,3968144.00,-1215862.00,8694705.00,36620479.00,33583.8333,18799.8,51804.1429,24466.4286,21024501.00,21948507.00,330973,269056,34210.3333,76070.6667
2026-05-12,35491,25483,15855,16555,10601,12044,-1707975.00,-1952808.00,16927093.00,36426976.00,33122.4667,18808.2,48869.1429,22671.7143,24466077.00,24710910.00,325366,262557,32326,72873
2026-05-11,65129,28181,26231,31916,10896,13340,-5970843.00,-852899.00,24027607.00,84715210.00,31875.9333,18993.4667,41231.4286,20756.4286,45889142.00,40771198.00,313035,239148,31466.3333,78600.3333
2026-05-08,127592,48967,60296,58895,20126,25393,12787306.00,-519723.00,20474279.00,122264695.00,29187.9333,18570.6,24103.7143,15292,59383137.00,72690166.00,317377,240280,20094,41273.6667
2026-05-07,25898,19830,11314,11982,10747,7822,1994000.00,900875.00,9275511.00,31478171.00,30219.5667,19218.9667,22550.2857,15049.2857,17280410.00,18868010.00,310002,233921,16268,36173
2026-05-06,82311,25602,38623,38135,10706,12324,3153457.00,1025717.00,17186093.00,86358497.00,29860.7,19815.9,12546.5714,12785.2857,46701982.00,48829722.00,299976,212703,12040.6667,13718
2026-05-05,15612,14850,7377,6950,6212,5469,1361922.00,-586745.00,7977118.00,16647290.00,30203.1,19979.0667,14770.5714,12155.5714,9429790.00,11378457.00,294798,206022,12015.3333,12402.3333
2026-05-04,10596,8352,3749,5920,3648,3627,-2934517.00,-797812.00,3851422.00,14755308.00,32795.1,21625.4667,16582.1429,13427.8571,9582147.00,7445442.00,290245,202501,12803.3333,11436.3333
2026-05-01,14946,12920,6295,7405,5096,6753,1028656.00,-876727.00,5330758.00,13420763.00,33137.6667,21803.4,17636.1429,14254.7143,7414991.00,9771374.00,304311,215336,14540.3333,11462.3333
2026-04-30,11665,14774,4270,5703,4401,9210,-4965366.00,-1403296.00,6848005.00,20321565.00,33064.9,21747.4,22337.8571,16038,15451279.00,9982009.00,299864,213798,12867,11669
2026-04-29,7698,10716,2709,4336,2576,5853,-647923.00,-1650924.00,5563591.00,9670657.00,33237.7,21811.2667,30847,16986.5714,6209456.00,7212457.00,295362,212154,12775.6667,19496.3333
2026-04-28,15024,18131,5053,8482,6059,9439,-2843021.00,-1292728.00,12039801.00,18562456.00,33590.4,21760.3667,34216,16816.8571,14221853.00,11554680.00,286164,209536,12484.6667,22247.3333
2026-04-27,12285,9754,4437,5874,2901,6042,-688796.00,-1139916.00,3828367.00,20226361.00,33920.3667,21899.0333,42993,19736.1429,9572508.00,10023628.00,282603,206735,15469.3333,25593.6667
2026-04-24,31180,10442,13407,14425,4077,5396,-1105159.00,-584430.00,5164608.00,20848203.00,33580.7,22058.5,41272.8571,19803.1429,11785697.00,11264968.00,298850,216864,21074.3333,30059.3333
2026-04-23,23277,17258,8951,12787,7713,7686,1581263.00,680046.00,8265267.00,27912407.00,33254.2,21928.2333,40595.7143,20031,16444698.00,17345915.00,293686,212489,21107,44721
2026-04-22,22324,18708,8136,12329,7367,8957,-1901765.00,127421.00,7136661.00,28541011.00,33378.4,21604.8,43877.2857,20655,17369199.00,15340013.00,286819,207532,20518.6667,50148.6667
2026-04-21,44577,27257,21096,19529,10743,13710,-131336.00,-307347.00,13323686.00,50764583.00,32251.6667,21061.0667,39296.5714,18364.1429,29654533.00,29698044.00,277608,200505,21496,59864.3333
2026-04-20,67262,17356,18049,19201,6639,8687,252698.00,-592130.00,8101710.00,218553641.00,30604.6667,21146.1333,31046,17360.5714,20956331.00,21809936.00,270637,202035,19347.6667,43823.3333
2026-04-17,38607,16943,16557,17519,6786,8199,3273144.00,-763971.00,6744955.00,39807378.00,29795.9,21015.7,28887.4286,18188.4286,18620149.00,22657264.00,335137,259085,19984.3333,37133.3333
2026-04-16,73724,30189,33569,30798,9477,17718,8115177.00,-1875000.00,13271436.00,58763005.00,27970.3333,20345.5333,21104.8571,16410.5714,25930206.00,35920383.00,326318,243695,17613.3333,27657
2026-04-15,19139,10911,8612,8759,5266,4417,-817228.00,-365234.00,5129836.00,12961975.00,28717.0667,21113.6667,20103.1429,16191.5714,8389120.00,7937126.00,322613,241541,17716.6667,25448
2026-04-14,18537,18853,8383,7326,7662,9202,-199630.00,-407772.00,10853471.00,23557314.00,29252.6,21369.0667,26351.5714,15803.1429,15381390.00,15458182.00,314589,240391,14876,22438.3333
2026-04-13,45295,23076,20645,22018,10799,10975,-473855.00,-1572045.00,15257682.00,46064850.00,33032.2667,24618.4,23755.4286,14698.5714,28639473.00,29737663.00,308223,223861,14763.3333,15172.3333
2026-04-10,12512,11221,4931,6735,4721,5273,-1572895.00,-1373571.00,6088970.00,13418620.00,34018.2667,25559.3,26690.5714,17745.7143,9026327.00,9212003.00,321640,237569,16937.6667,17417
2026-04-09,9508,10331,4338,4477,5466,3518,359680.00,699549.00,4485854.00,11323684.00,34609.5667,25897.4333,28425.1429,19946.2857,7441713.00,7101844.00,317093,237094,16620,18290
2026-04-08,23497,22738,10097,11308,12933,8424,-2497061.00,5351551.00,12742482.00,30533948.00,34177.3667,25632.7667,29030.2857,21517.8571,24355170.00,16042558.00,310281,233685,14418.6667,31216.3333
2026-04-07,19246,17744,7778,8945,10088,3479,-1285233.00,1943691.00,8233959.00,13452914.00,34169.4,25445.7667,32988.2857,24166,9736122.00,6507198.00,302791,228163,13618.6667,33841.6667
2026-04-06,12127,9378,5885,5216,3911,4532,4276924.00,524276.00,3481930.00,14907132.00,34337.4333,25503.5667,39376.8571,28437.8571,6411241.00,10245139.00,298275,223850,21343,40818.6667
2026-04-02,62276,16134,36679,21159,7304,6177,331842.00,269698.00,4454084.00,21760111.00,32564.9667,25371.5667,40701,32348.7143,8499540.00,8561684.00,313446,236165,24543.3333,27276.6667
2026-04-01,27122,15344,13104,11664,5145,8968,986767.00,1275724.00,14726582.00,14262907.00,32037.5667,25287.1333,40524.1429,32977.4286,9794040.00,16081083.00,305889,230738,30675,27480.3333
2026-03-31,33058,32551,12137,13829,12867,12637,-772966.00,-563368.00,48726514.00,24580343.00,31220.6333,24596.1667,48423.8571,36576.4286,15398762.00,15189164.00,295309,219883,31918.3333,32111.6667
2026-03-30,21650,25735,8328,8531,12273,7975,-1835822.00,-703020.00,14116466.00,13923758.00,31092.7,24564.9,48934.2857,35508.2857,11517771.00,10384969.00,285422,211478,36433.6667,43844
2026-03-27,27733,33739,9992,15527,16106,14642,-3701246.00,1047321.00,15133414.00,24393468.00,30760.9,24696.3333,46327,32559,20333377.00,15584810.00,306728,233002,39690.6667,58448
2026-03-26,46952,36281,22643,21076,18071,15362,-418213.00,2688080.00,13416761.00,46991316.00,29539.7,23655.1667,41459.8571,29180.5714,29803502.00,26697209.00,299193,222912,34178.6667,51425.3333
2026-03-25,56847,39281,31164,20783,17399,17791,9976653.00,645813.00,20638329.00,64990547.00,28372,22759.1333,36996.7143,25941,34691224.00,43644564.00,281122,214349,40333,61928.3333
2026-03-24,71545,43510,41472,24669,20186,20331,10032331.00,-672696.00,16877782.00,61257226.00,26437.8667,21564.4333,29945.1429,21713,30189122.00,40894149.00,266936,187805,31915.6667,46487.6667
2026-03-23,25884,19745,13676,9971,10059,8279,-1532444.00,706688.00,8856552.00,22061343.00,26227.4,21273.9333,29246,21067.4286,15338823.00,13099691.00,259343,180789,29698.6667,41020.3333
2026-03-20,88356,57744,39106,42409,32938,21689,704752.00,3653445.00,15601478.00,54458985.00,23909.6667,19705.7667,18549.7143,14725.4286,33404814.00,30453403.00,339913,231342,14661.3333,15862.3333
2026-03-19,25223,18258,10501,12522,9010,7442,-5050558.00,994273.00,5996038.00,23081399.00,24087.7333,19337.2,18667.8571,13403.5714,16552658.00,10355327.00,332913,224663,14110,15989.6667
2026-03-18,9482,13094,4126,4244,7219,4870,-971509.00,1219091.00,4846807.00,11350707.00,24185.1667,19145.2333,18852.5714,13096.5714,8473815.00,6283215.00,326048,224586,14383.3333,20223.6667
2026-03-17,12882,12632,6082,5655,6025,5697,-1891805.00,657105.00,4020778.00,9076080.00,24288.9667,18965,19562.5714,14136,7147683.00,4598773.00,323811,220927,15248,22926.3333
2026-03-16,25605,16604,11706,11513,7385,7979,-849778.00,721918.00,5860434.00,21277391.00,24054.6,19348.3,17953.8571,13625.4286,13470307.00,11898611.00,317572,215820,14163.3333,18885.3333
2026-03-13,22184,13914,10135,10456,5969,6697,-1896957.00,-26063.00,5567806.00,14946493.00,23686.1333,19407.6333,17492.8571,13078.2857,10460942.00,8590048.00,327880,225320,12527,20174
2026-03-12,20990,15226,10750,9038,5557,8194,2399586.00,-626946.00,4537622.00,14346778.00,23503.0667,19244.0667,20428.7143,15753.8571,7099193.00,10125725.00,324189,222278,11100,16769
2026-03-11,13482,13350,5659,5625,6568,4793,-481006.00,673292.00,6219240.00,11699643.00,24123.7333,19078.6333,23446,17634.5714,7623741.00,6469443.00,319662,218686,13286,18225.6667
2026-03-10,26050,9005,11751,11778,4519,3403,-696723.00,548957.00,3486754.00,12426176.00,23742.3,19073.1333,42393.8571,33570.4286,7652159.00,6406479.00,316356,215733,14627.6667,14323.6667
2026-03-09,10775,10945,4021,5566,5521,4650,-564496.00,511609.00,3530015.00,6886248.00,23840.0333,19458.1333,46867.7143,37642.2857,5266604.00,4190499.00,315602,213200,14340.6667,17051
2026-03-06,17852,19908,8438,8389,8652,9351,-606217.00,1004740.00,5856921.00,11085149.00,24211.6667,19580.3667,48209.8571,37723.2857,8685759.00,7074802.00,331115,226819,19023,24947.3333
2026-03-05,14344,13030,7154,6237,7169,5019,992657.00,2232103.00,7931532.00,11309234.00,24482.5333,19781.3,47665.1429,37975.8571,9669317.00,8429871.00,327002,226521,23518,31700.3333
2026-03-04,18957,10084,9544,7980,4375,4501,-2677115.00,-311618.00,5258798.00,16446036.00,24944.0667,21237.6,47672.2857,38268.7143,10990880.00,8625383.00,325335,225139,60342,78276.3333
2026-03-03,41541,33955,14645,24718,20309,11345,-12325891.00,4663289.00,15812690.00,36845632.00,24247.3667,20779.7667,44190.4286,35005.4286,33496127.00,16506947.00,328862,226659,62173,78460
2026-03-02,34603,26515,17589,14353,10014,14643,3575773.00,-607352.00,10698210.00,34914805.00,23870.7333,21399.5333,40547.4286,32956.7143,19066469.00,23249594.00,317883,216806,60159.6667,76008
2026-02-27,158685,120556,77626,64707,48367,61274,15945491.00,-2049060.00,37697321.00,134655121.00,18921.5667,17785.0333,19492.4286,17564.5714,67429578.00,85424129.00,317949,232161,24907,26623.3333
2026-02-26,42092,39448,15518,21203,17289,17439,-2483709.00,-1490605.00,9927323.00,18528543.00,17891.3333,16867.6667,14700.7143,13618,12925820.00,11932716.00,304260,213471,15802.3333,18928.3333
2026-02-25,27247,20475,8804,16902,7742,7931,-3406276.00,1492388.00,9776473.00,12143642.00,17451.0333,16800.6667,13352.8571,14235.4286,12011893.00,7117709.00,298191,205851,12681.3333,15568.6667
2026-02-24,10531,14798,4354,5207,6337,7217,-574885.00,377766.00,4735820.00,7400242.00,17660.5667,16885,14388.2857,17504.5714,6066646.00,5113995.00,289414,200914,11806.6667,15092.3333
2026-02-23,19007,12134,7375,9849,5281,6008,-346544.00,183788.00,4202762.00,10478144.00,17889.4667,18506.7,13146.7143,16492,7169930.00,6639598.00,282702,191896,12032.3333,12523.3333
2026-02-20,17168,11112,7620,7944,4349,6016,-64576.00,-1533598.00,4229143.00,8407780.00,18063.9333,19041.3333,13810.7143,16676,5102951.00,6571973.00,320882,229359,12269,9650.6667
2026-02-19,9102,12174,3697,4575,3923,7796,-426999.00,-12480516.00,19134553.00,4189815.00,18260.6333,19179.2333,14442,16032.4286,4369325.00,18566302.00,321121,227338,16476.6667,12554
2026-02-18,11300,12811,5457,4641,5632,4737,455837.00,-795354.00,6527950.00,7499543.00,18534.4333,19466.9333,15623.4286,15778,5472864.00,6724055.00,317101,224926,24767,14713.6667
2026-02-17,8550,11822,3840,3968,4571,3850,-346294.00,1142747.00,3851865.00,4354753.00,18665.8667,19490.7,17091.1429,15617.5714,4409006.00,2919965.00,319062,221777,22508.3333,15302.3333
2026-02-13,17812,24797,7682,8601,11608,11201,-190893.00,75270.00,9153228.00,5779398.00,18343.7667,19090.1333,18913,13103.8571,6891936.00,6622974.00,323015,229115,18376,16637
2026-02-12,17779,37682,5600,9926,16093,13352,-449414.00,1259712.00,45619489.00,7864468.00,17995.8333,18028.9,18145.2857,8768.5714,14758829.00,16427678.00,314237,224412,8371.6667,15217.6667
2026-02-11,10316,5046,4067,5437,2209,2414,-846308.00,-479766.00,3027041.00,5890185.00,18016.1333,18372.4,18956.7143,9079.8571,4265524.00,3898982.00,312756,222550,10366.3333,18302.3333
2026-02-10,21816,12400,10807,9566,5620,4718,1240822.00,118247.00,4711250.00,12983113.00,17673.3,18231.5667,18493.5714,11323.1429,7547717.00,8670292.00,313879,219130,9799.3333,17305
2026-02-09,13521,7669,5172,7325,3800,2776,-504548.00,254345.00,1857783.00,8048234.00,17389.3,18182,18152,12469.5714,4993396.00,4234503.00,309762,213834,9643.3333,22986.3333
2026-02-06,19570,11030,9055,8793,4197,5980,720133.00,203261.00,2999451.00,6308898.00,17080.3,18295.7,17570.2857,12368,4032881.00,4549753.00,325029,225735,8411.6667,20598
2026-02-05,18824,10699,8264,9349,3554,6321,-967718.00,-847470.00,4447620.00,6273333.00,16779.8333,18278,19467.1429,12037.7143,4937020.00,4816772.00,321587,220169,7253.6667,19655.3333
2026-02-04,30565,7201,14782,13511,2804,3659,1187824.00,64145.00,3121706.00,15498016.00,16306.8333,18557.5667,17187.4286,12271.8571,7550346.00,8674025.00,320996,213920,14221,15658.3333
2026-02-03,12405,7335,5249,6337,4117,2704,-546847.00,291705.00,2882564.00,9607235.00,16586.5667,19561.7667,17373.4286,14437.5714,6415633.00,5576801.00,320529,211193,17007.3333,15233.3333
2026-02-02,15996,7225,8141,5890,2419,4249,672923.00,-510952.00,2405976.00,5957493.00,17280.5667,20225.9333,19231.2857,16773.2857,3160043.00,4343918.00,319962,205163,18038.6667,15067.3333
2026-01-30,18574,28103,8311,8013,11222,14195,63396.00,-1581215.00,15270943.00,6142935.00,17012.7,19591.7,19787.8571,15481.1429,7577746.00,9222357.00,330645,221123,11466.6667,19576.6667
2026-01-29,11130,15694,4344,5285,5035,8470,356011.00,-161019.00,9920771.00,6153963.00,17015.1667,19389.9,22884,20921,4619920.00,5136950.00,332035,218840,9182,20735.6667
2026-01-28,15498,10319,7349,6644,4508,4700,364155.00,-926659.00,5867260.00,4965843.00,17383.0667,19615.1667,23618.5714,22335.4286,4452198.00,5743012.00,328986,223510,13240.6667,20138.6667
2026-01-27,32102,8387,15466,15282,4069,3576,-2192887.00,809265.00,5406981.00,11371667.00,16966.9333,19663.4,22361.7143,27581.2857,9205459.00,6203307.00,325377,210953,18303.3333,19105
2026-01-26,14607,8840,5570,7414,3368,4406,-1551358.00,-87032.00,3324934.00,9388274.00,16946.3,19585.9333,21733.5714,28050,6260507.00,4795743.00,323203,207630,21709.3333,21726
2026-01-23,13707,22495,5896,6249,10860,9814,-16638.00,141482.00,10960186.00,4292945.00,16913,19181.2,21373.2857,26540.2857,6205181.00,6047061.00,334938,217376,32135.3333,28091.3333
2026-01-22,29001,23575,12166,14121,8328,10605,-437351.00,-1504324.00,18040260.00,12583580.00,16601.6,18770.6333,19235.7143,25810.2857,8592912.00,10181385.00,327917,208023,31017,25304.3333
2026-01-21,22470,19058,8877,9554,6677,7909,-741401.00,636372.00,13463667.00,10207492.00,16346,18531.4667,18428.1429,25563.1429,10159125.00,8781508.00,318883,199306,39700.3333,25582.3333
2026-01-20,32803,53773,10690,17443,27159,20374,-2756932.00,1397806.00,25899265.00,11257226.00,15980.6,17759.1667,17438.2857,26564.8571,17572520.00,13417782.00,300884,188787,25816.3333,18051.3333
2026-01-16,20640,20220,9847,8844,7145,8840,1120155.00,68788.00,5673761.00,8915176.00,16046.4667,17460.1667,17690,27555,5633741.00,6685108.00,391180,268750,23052,14899.6667
2026-01-15,23304,45108,10752,10698,19490,22602,-19102.00,4483364.00,54543720.00,9178664.00,16710.7,16421.8667,16504.1429,23441.1429,29196648.00,32735302.00,382348,263778,14171,11811
2026-01-14,10210,12121,3745,5408,6744,4844,-863168.00,3972937.00,12614703.00,4293249.00,17040.7667,16395.9,17833.2857,24772.7143,10741689.00,5672872.00,384190,261206,15906.6667,14013.3333
2026-01-13,11185,11927,5482,4035,5894,5249,-313171.00,-2884594.00,10607468.00,6585546.00,17489.1667,16401.8,18020.1429,24859.5714,6840577.00,9412000.00,383207,257574,32192.6667,18909.6667
2026-01-12,14038,18465,5966,6970,6535,7897,-949583.00,428802.00,7796527.00,6310652.00,19835.6333,17576.4333,17178.8571,24047.4286,6873258.00,5494873.00,379517,254113,35088,21697.6667
2026-01-09,16817,17328,7086,7811,6505,8916,-695455.00,498529.00,5609360.00,6187286.00,21592.9333,19267.7333,15825.1429,22407,5698990.00,4505006.00,389034,264108,34749,21093
2026-01-08,25874,60785,10540,11916,24468,23512,-642102.00,-912044.00,40195036.00,8925876.00,21827.6,17961.6667,13689.5714,15916.4286,21295272.00,19474504.00,383940,258031,21634.6667,18973
2026-01-07,22402,27151,9312,9379,12887,10127,-860167.00,231484.00,10559918.00,10229863.00,21973.5333,17671.1667,12136.5714,13205.5714,9373441.00,8281790.00,374438,252367,16762.6667,15670
2026-01-06,15003,16311,5776,4783,4130,4976,327904.00,9122.00,8081847.00,5597352.00,22285.6667,19635.4,10707.7143,11758.5714,4393945.00,4712727.00,366530,247868,15585.6667,13385.3333
2026-01-05,19514,21442,7606,8828,10915,8658,539431.00,395116.00,9326794.00,10408719.00,22136.5333,19528.0667,9391.4286,10758.4286,8811112.00,8955427.00,352345,241223,10386.6667,9327.6667
2026-01-02,12493,12535,6723,4710,4701,6704,1088030.00,695380.00,3163802.00,5089251.00,22505.3667,19926.9,9008.1429,10420.2857,3586673.00,3979323.00,356573,244573,11325.3333,8805
2025-12-31,8149,12780,2918,4058,4033,5041,-774433.00,-735472.00,4840586.00,5728841.00,23728.2667,21151.6,10183.2857,10821.4286,4280205.00,4241244.00,350545,243197,9790.3333,9932.3333
2025-12-30,7341,5845,2947,3610,1542,2839,351992.00,-1853757.00,4374656.00,5301783.00,24313.2667,21840.9667,12105.5714,15338,3008772.00,5214521.00,347794,241023,9902.6667,9152.3333
2025-12-29,10925,15351,4333,4950,7078,7006,1098782.00,346568.00,5374083.00,4850515.00,24946.5,21887.3333,15804.2857,17023.5714,4156633.00,4908847.00,339746,239489,9599.3333,8944
2025-12-26,11531,8175,5468,4591,3756,3471,558446.00,-4489.00,1890162.00,4944404.00,25058.5667,21855.5667,15662.4286,17152.2857,2565306.00,3128241.00,350630,251079,10263.6667,8370.3333
2025-12-24,5001,6182,1880,2011,2519,2313,-268309.00,2451270.00,7477751.00,2359746.00,25648.1667,22472.3667,16548.5714,17646.2857,5061172.00,2341593.00,349072,249859,13399,12161.6667
2025-12-23,10300,14441,4318,4880,6816,6350,-164165.00,3369747.00,7832555.00,4212165.00,26223.1333,22626.6667,18867.8571,18022.8571,7142141.00,3608229.00,342378,245606,21072.3333,15660.6667
2025-12-22,9810,10168,3868,4892,4855,4359,-969329.00,-1276270.00,4591223.00,3811856.00,26589.2,23112.9333,20269,17975.1429,3779576.00,4086517.00,338155,242867,26733,24662.6667
2025-12-19,16375,15588,7866,6772,4778,8459,110978.00,-2265682.00,8587399.00,8424190.00,26413.2667,23087.4333,19928,16679.1429,5896265.00,8272925.00,367756,290630,24562.3333,22717
2025-12-18,20797,37461,8301,10235,16370,15030,-216016.00,-1201262.00,36894194.00,6960271.00,26441.2333,22286.1667,18772.4286,12806.5714,16070543.00,12492179.00,368442,295920,15288.6667,19519.3333
2025-12-17,36816,27150,18693,17528,9005,17527,-3025776.00,-1604837.00,10325761.00,10169135.00,25810.4667,21888.1,16321.4286,10536.2857,7833434.00,6372495.00,355102,276459,11931,16092.3333
2025-12-16,10538,9076,4878,3831,3591,4277,-5902.00,215227.00,8289288.00,4464872.00,25864.3,21946.4333,16930.5714,10937.2857,5184766.00,4963637.00,352114,274541,12183.6667,19119
2025-12-15,11204,9640,5013,5025,4483,4639,-166230.00,-1175885.00,5974149.00,6124947.00,26057.0667,22114.5667,18450.1429,13932.1429,5414569.00,5906224.00,348125,272440,11142.3333,20047
2025-12-12,26535,17077,12496,11854,7862,8087,-710367.00,-649998.00,6195336.00,6738959.00,25486.7333,21743.8667,17890.2857,13099.7143,6059582.00,5999213.00,352315,282607,8901,15438
2025-12-11,19618,9834,8820,7806,2994,5102,-753892.00,-783238.00,3639818.00,6991402.00,25526.6,21765.0333,21263.5714,13689,3705648.00,3734994.00,351645,279919,9375.6667,15451.6667
2025-12-10,13988,6516,7081,5961,2730,3280,-716008.00,-116134.00,2334758.00,8111415.00,26158.6333,21918.1667,22138.4286,14378.4286,5211701.00,4611827.00,350049,277684,11164.6667,15723
2025-12-09,12708,10353,4438,7234,2729,6857,40642.00,-1810323.00,3534322.00,7712723.00,26220.3,21930.1,23842.5714,14628.5714,4234973.00,6085938.00,343321,272168,17915,18767.3333
2025-12-08,19659,11258,9130,8793,6018,4520,991435.00,634260.00,3543848.00,13914081.00,26522.4333,22207.5667,33095.8571,20692.2857,7996549.00,8353724.00,342396,267559,17912.3333,19753
2025-12-05,14802,11883,7850,5722,5333,5680,444486.00,249466.00,3060711.00,5980960.00,27167.9667,22336.5333,40915,28718.5714,3823689.00,4018709.00,373698,282319,18604.3333,29229.3333
2025-12-04,21841,30604,11810,7213,9688,14207,1522351.00,-163568.00,3346392.00,11611382.00,26999.9667,21480.4,42496.8571,27432.7143,5031904.00,6717823.00,351707,281291,12183.6667,28653
2025-12-03,22616,11250,8288,12474,5015,5141,-288403.00,-416138.00,4770840.00,10042002.00,26828.8667,21424.6333,43091.7143,28459.2857,6772099.00,6899834.00,346187,277861,12468.3333,29326.6667
2025-12-02,43231,13959,21936,18299,5008,5836,2673348.00,1419672.00,6238323.00,17936783.00,26219,21280.9333,40396.8571,37213.4286,9681423.00,10935099.00,340934,270036,25716.6667,43060.3333
2025-12-01,20112,11342,9245,9173,5329,4975,-976989.00,99136.00,3566340.00,9863308.00,26140.4667,21430,39672.2857,38196.2857,6761744.00,5685619.00,334265,265047,44625,59535
2025-11-28,24637,12104,10337,11845,6625,4509,82494.00,163839.00,2832186.00,7580757.00,26222.9333,21623.7,39518.1429,39967.1429,4730725.00,4649380.00,373098,303153,47791.3333,62294
2025-11-26,84432,53704,40062,37118,18887,27667,3387043.00,-4082323.00,23265492.00,29073031.00,24347.8333,20180.6667,33861.5714,39369.5714,19911048.00,26052844.00,372710,300134,36035.3333,43076.6667
2025-11-25,69536,68067,32719,31244,31911,27301,-884557.00,-510301.00,18411383.00,22451004.00,22694.7667,18450.4,27483.7143,33435.1429,18646521.00,18272265.00,337250,279273,38425.6667,28020.3333
2025-11-24,32914,21603,15665,14669,7992,9542,-918572.00,-1562558.00,8922022.00,15342476.00,22110.1333,18169.7667,27056.2857,32740.7143,10549484.00,11193470.00,327924,266621,37298.6667,22062.3333
2025-11-21,26780,18436,13074,11292,8231,8491,676837.00,-1184619.00,10564717.00,13941574.00,22738.9,18529.7,25358.1429,31138.7143,10255745.00,12117201.00,368785,326730,39320,20988.3333
2025-11-20,24367,75238,8233,9413,30852,39050,-1078855.00,8600499.00,168771660.00,9184190.00,23912.4,16945.3667,25118.4286,23917,71540086.00,101879742.00,373666,324191,30747.6667,27811.3333
2025-11-19,15040,18222,6666,6895,7611,7386,-11895.00,-304280.00,18026655.00,6881541.00,27065.1,18503.8333,26905.4286,24038.1429,10839907.00,11132292.00,369460,318885,33515.6667,31095
2025-11-18,23558,24500,10403,7992,9016,12926,854179.00,-745483.00,22812526.00,8968507.00,28513.4667,18474.8333,26510.2857,24074.7143,13477890.00,15077552.00,363061,314875,30929.6667,33216.3333
2025-11-17,44836,49521,18465,22831,22373,21391,-267232.00,1185111.00,33230108.00,20472040.00,28350.6333,17532.2,21690.4286,19117.8571,25195531.00,23743188.00,356760,301489,16830,23235.3333
2025-11-14,24891,26526,10173,9747,9864,14604,1037493.00,903066.00,10594936.00,10672881.00,28543.6667,17383.3667,21225.4286,17246,9486590.00,9621017.00,365991,305837,16216.6667,22501.3333
2025-11-13,29922,16742,8591,14974,7743,7820,-2145569.00,562816.00,14780826.00,11172395.00,28518.2333,17296,19507,17026.8571,13478827.00,10770442.00,365257,298133,16992.6667,21710.3333
2025-11-12,14893,7222,6686,6558,3128,3609,838086.00,-1043282.00,4359677.00,10478202.00,30110.1667,18002.6667,19115.5714,17541.7143,5960886.00,7842254.00,363308,296794,22837.3333,23676.6667
2025-11-11,22689,24686,8763,11740,12982,9542,-1085733.00,2899594.00,14005393.00,11506934.00,30462.2667,17779.6333,18301,16112.8571,14056907.00,10071580.00,354959,291948,19549.6667,19812.6667
2025-11-10,27549,19070,11359,13904,7850,8319,-843928.00,-285912.00,8067903.00,21525218.00,30051.4,17527.0667,15711.8571,14239.4286,13922508.00,13364492.00,343945,280271,17667.3333,17841.6667
2025-11-07,20792,24756,9510,10031,7506,15482,-256751.00,-1686466.00,10139800.00,10141122.00,29842.9,17303.4333,15715,12198.4286,8896269.00,9925984.00,347402,294658,14484.6667,16875.3333
2025-11-06,11097,14823,4197,6014,5897,7934,-656418.00,-1514598.00,7361458.00,6998220.00,30118.7333,17526.0333,18836.7143,11668,6260755.00,7118935.00,344152,292766,13152.3333,17227.3333
2025-11-05,21636,13423,9568,9969,6109,6357,-356664.00,-429773.00,5388660.00,11229509.00,30837.5,17426.4667,17825.5714,11280.5714,7791359.00,7864468.00,340080,285962,13572.6667,15677.6667
2025-11-04,17893,15208,8598,8224,6018,7819,603665.00,-2695958.00,8872494.00,11161275.00,30861.2,17249.7333,19372.7143,11905.4286,7970734.00,11270357.00,332943,283974,10488.6667,12855
2025-11-03,12153,10826,4240,7170,5472,4581,-2101774.00,1152613.00,6744266.00,12542997.00,31898.6,17790.6667,22517.7143,12609.1429,10675263.00,7420516.00,328461,280249,10369.6667,15742
2025-10-31,16987,14684,7008,8501,8664,5129,17641.00,-330372.00,4853461.00,9977687.00,32199.5667,17716.5,22491.1429,11214.2857,6725485.00,7073498.00,339089,292157,9178.3333,21062.6667
2025-10-30,9425,5956,4064,4252,3073,2597,-988955.00,-56339.00,2524072.00,10226140.00,32856.8,17897.4667,23642.2857,11731.5714,6364979.00,5432363.00,338149,291197,10763.3333,22773.6667
2025-10-29,20814,10469,9065,9284,4915,3994,1034298.00,442724.00,4732078.00,14835696.00,33758.1667,18086.6667,24231,11614.2857,8194935.00,8786509.00,334799,286960,13801,25410
2025-10-28,32949,11110,17386,12880,4575,5900,2915774.00,-1403265.00,6138855.00,27214287.00,33021.5,17952.5667,22060.5714,12286.2857,13244279.00,17563318.00,331503,278052,15348.3333,25816.3333
2025-10-27,14558,10711,7681,5417,4565,5173,2939672.00,-871560.00,5018795.00,14926515.00,33286.4333,17987.3667,23853.8571,13315.4286,7404826.00,11216058.00,327374,275282,13418,26564
2025-10-24,28723,19582,13696,12207,8237,10012,1341837.00,37712.00,4150777.00,18933924.00,33110.8333,17915.2333,23776.1429,12005.5714,9870838.00,11174963.00,347314,290566,10083,22817.3333
2025-10-23,34168,15752,17150,15172,5319,9230,6408636.00,-617504.00,5090399.00,27095037.00,32596.5333,17767.1667,21744.1429,12063.7143,12121904.00,18629109.00,341688,288975,8048.3333,19739.6667
2025-10-22,16801,4920,7783,7515,2277,2094,1738491.00,242621.00,2293214.00,9886531.00,32951.4333,17998.9333,21540.4286,13244.2857,4790113.00,6285983.00,339564,286848,11679.6667,20058
2025-10-21,17483,9577,7131,7759,2984,5721,489133.00,247335.00,2472384.00,11238588.00,33426.3333,18444.4667,25563.2857,16052.4286,6169796.00,6411594.00,338343,280288,14459,23267.3333
2025-10-20,24935,9648,8293,8263,6085,2978,-1015283.00,509233.00,2904626.00,35015352.00,33234.9,18411.3667,30511.4286,18632.4286,7249146.00,5724630.00,331591,276112,14714,24348.6667
2025-10-17,17756,15814,6794,9376,6728,8382,227702.00,1178627.00,7367431.00,11277792.00,33424.2,18378.4667,43635,25655.5714,9089491.00,8138566.00,386390,348075,14829,25078
2025-10-16,27111,17915,13266,12039,7990,11177,2612031.00,-1287577.00,5146076.00,22238803.00,33309.6333,18360.3667,49334.7143,26472,11378091.00,14579592.00,382848,346906,13252,21166
2025-10-15,28179,10413,13739,11198,6058,3724,1009166.00,2596193.00,6743559.00,16565999.00,33113.4667,18636.7,51016.4286,28019,11262338.00,9672566.00,379144,340755,19525.6667,26987.3333
2025-10-14,19944,16159,7463,9682,7541,6291,1278298.00,404128.00,7570869.00,23100910.00,33348.3333,18943.3667,52550.4286,28862.1429,10140053.00,11016953.00,370558,335557,23375.3333,40196.6667
2025-10-13,15375,13184,7477,6419,6540,5813,1085451.00,209531.00,6043238.00,12329268.00,35660.2667,21866.9,54519.5714,28996,7948057.00,8823977.00,364654,330762,40639.3333,71612
2025-10-10,45643,29234,19401,22504,16749,10972,449984.00,603277.00,10818925.00,25737195.00,36315.8667,23828.7,56949.2857,28880,16945016.00,16791723.00,379897,364090,38771.3333,78734
2025-10-09,59572,27708,20999,33546,14636,11469,-7243094.00,1739289.00,11075082.00,37693915.00,34692.3333,23766.5667,53189.2857,27492.4286,27440957.00,18458574.00,373462,350260,36616,72193.6667
2025-10-08,109621,64976,55816,43517,25308,35231,11096012.00,-766901.00,29250638.00,87348694.00,31397.9,22044.9333,39703.8571,19852,46692961.00,58555874.00,348368,330963,22311,45880.6667
2025-10-07,67009,23630,32285,28760,11582,10123,579579.00,1461667.00,8433242.00,40837634.00,29607.4667,22072.7667,32207.8571,19054.4286,23284614.00,22402526.00,342211,316812,19141.3333,33264
2025-10-06,39951,21242,19944,16612,10291,7838,196520.00,756503.00,6278788.00,27390354.00,28825.8667,21808.5333,29268,19091.4286,15578655.00,15018672.00,334095,301959,21534.6667,40830.6667
2025-10-03,30682,22061,14682,13711,11186,7873,-666050.00,953691.00,9823326.00,19092168.00,28158.6333,21433.9,31056.1429,17430.7143,12891115.00,11271374.00,340861,320771,20179.3333,41687.3333
2025-10-02,29159,14121,11692,15337,7060,6089,1116096.00,1101649.00,5644250.00,19542607.00,27940.7333,21653.4667,29548.2857,16828.5714,11645776.00,11660223.00,336267,314481,19303.3333,37042
2025-10-01,62651,28422,28936,28493,11344,14334,2099765.00,-1355260.00,10850084.00,39330668.00,26191.1333,21000.4667,26780.2857,16633.1429,20860916.00,24315941.00,327202,295049,15845,21004
2025-09-30,33252,17995,17179,13205,6706,7359,2139143.00,406832.00,9485253.00,19558161.00,25510.4333,20675.2667,25746.5714,15842.2857,11065932.00,12798243.00,321637,286242,17013.6667,16377.3333
2025-09-29,15223,11493,7489,6355,4432,4675,286012.00,182954.00,3940008.00,5981741.00,25521.1,20659.0333,27735,15826.8571,4401663.00,4504721.00,317673,279674,16661.3333,25702.6667
2025-09-26,14537,18047,5285,7662,7794,8450,-183214.00,889440.00,7042132.00,5226100.00,25332.0333,20229.1,32494.7143,15555.1429,6166668.00,5094014.00,323284,302789,13947.6667,27058.3333
2025-09-25,19372,21501,8201,8882,7546,11713,-1253660.00,-59383.00,8355798.00,7799808.00,25173.8,20064.7,31277.1429,13496,8009465.00,6815188.00,315865,300150,15798.6667,35026
2025-09-24,43199,10436,19763,19404,3931,4297,-366018.00,-773300.00,5093591.00,7614836.00,24390.1333,19984.8,28321,13684.4286,4438600.00,4845882.00,309873,284029,16473,29298.3333
2025-09-23,18604,9906,7718,9129,3699,4524,146241.00,-819256.00,4199587.00,10940852.00,24535.2,20022.8,29014,14757.5714,6079182.00,7044679.00,305331,281061,16966,32811
2025-09-22,43275,27054,25088,15566,11278,10984,5244572.00,1891990.00,10417720.00,20531591.00,23967.6333,19505.1333,25508.8571,12508.4286,12049630.00,15402212.00,294356,267099,13329.6667,34337.6667
2025-09-19,26016,12459,10375,13599,5237,6340,-1558482.00,60055.00,2914857.00,12598743.00,23664.4333,19536.5667,25713.4286,12424.7143,7990145.00,6371608.00,384835,353580,11539,29282
2025-09-18,29142,11385,12326,15281,5662,4151,137451.00,780975.00,3717011.00,13787417.00,23186.2667,19524.3667,26083.1429,14075.8571,8457389.00,7813865.00,382666,342774,11662.3333,27070
2025-09-17,47855,16145,19150,25648,6803,8176,-1694437.00,-468269.00,5699728.00,16553907.00,22153.2667,19202.4667,21988.4286,13005.8571,11048495.00,9822327.00,380471,332700,12086.6667,18936.6667
2025-09-16,10849,7087,4750,5151,3396,3078,-331931.00,-225247.00,2384812.00,6447868.00,22130.3667,19361.4,23786.4286,14111.5714,4163357.00,4056673.00,378888,326002,13494.3333,21566.6667
2025-09-15,22506,11755,10077,12378,4586,6411,-3349562.00,-106158.00,3736773.00,12359064.00,21981.2333,19456.7,23953.2857,14914,8759122.00,5840718.00,374431,320776,13533.6667,23214
2025-09-12,23455,17418,8313,9650,10905,5055,-246179.00,643284.00,3446442.00,10823377.00,21696.8333,19235.4333,23787.4286,15097.5714,5719420.00,4829957.00,382430,327545,15375.3333,25972.3333
2025-09-11,18739,11310,8227,8584,2867,6905,-52953.00,-721733.00,2544614.00,7257826.00,21712.5,19443.3333,24966.1429,17104.5714,3977059.00,4645839.00,378965,324885,14490.3333,26123.3333
2025-09-10,27448,11873,14561,10570,4944,4763,662305.00,-584003.00,4920459.00,11718411.00,21324.0667,19630.5333,33149.7143,29821.2857,6006473.00,7252781.00,377276,317514,15475,24785.6667
2025-09-09,31730,22943,10019,13704,9522,8840,-334757.00,-225847.00,8335559.00,12790246.00,21120.5333,19242.6,37947,39127.7143,8382882.00,8273972.00,365049,306750,13618,22100.3333
2025-09-08,19192,8655,6294,11686,3334,4473,-2338270.00,-476947.00,3181310.00,7274549.00,21374.0667,19513.3333,36757.5714,41583.2857,5776487.00,3915164.00,362003,296206,16967.3333,23134.3333
2025-09-05,23435,14827,9271,11081,5503,7540,-572487.00,-452305.00,3551163.00,9118968.00,21015.0333,19398.3667,34950.8571,41369,5689443.00,5569261.00,374675,312954,20478,24319.3333
2025-09-04,23674,17372,11154,10302,7345,8413,-589816.00,42097.00,4964350.00,9571054.00,20846.3,19290.3333,33468.2857,42382.2857,7041926.00,6410013.00,368227,308295,48317.3333,44672.3333
2025-09-03,22294,18703,11033,9400,9217,8289,422611.00,2219466.00,7215579.00,8117939.00,20881.4,19094.5,32641,41612.5714,8152235.00,6355380.00,359371,302110,71445.6667,59011.3333
2025-09-02,26990,25359,11990,11096,10135,13791,-831907.00,-769348.00,9414128.00,11509238.00,21095.1,18672.4333,30308.8571,39535.8571,9648183.00,9585624.00,348933,292881,71607.3333,53636.6667
2025-08-29,84733,100890,38791,39508,42976,42557,-3010345.00,1206050.00,31603266.00,27799026.00,20610.2,16476.7333,21435.8571,28081.2857,27134255.00,22974860.00,414416,310707,42419.6667,28988.3333
2025-08-28,65311,88088,26635,30668,37758,42131,87953.00,-1354466.00,18113079.00,28408181.00,18875.4333,13870.3,13557.5714,16759,20122444.00,21564863.00,367741,281074,21212,11650
2025-08-27,10866,25844,5135,4739,12375,10701,861841.00,879748.00,4311968.00,6715454.00,19147.8667,13260.9,13838.2857,14244,5015644.00,4997737.00,350139,275593,17035.6667,13529
2025-08-26,10788,13327,5645,4074,4794,7247,498242.00,191796.00,3403435.00,6092324.00,19805.6,13116.6667,14517.5714,13912.4286,4210652.00,4517098.00,341554,271132,16200.6667,13488
2025-08-25,13296,24465,6021,5962,10488,12227,322997.00,215446.00,6274483.00,9381032.00,19645.1,12592.6667,13884.5714,11153,7161619.00,7269170.00,324675,265848,14948.3333,16596.6667
2025-08-22,16503,13315,8258,7401,6095,4999,542159.00,527829.00,6912656.00,6856090.00,19439.1,12434.4667,13616.2857,11617.8571,5510931.00,5525261.00,329148,274731,13454,14483.3333
2025-08-21,10665,10822,4539,5058,5720,4352,5989.00,1062936.00,6080125.00,6735902.00,19821.1333,12453.8,14905.4286,11220.2857,6263886.00,5206939.00,327292,271141,12593,15205.3333
2025-08-20,22622,20708,7983,12211,9707,8795,-1203377.00,-182333.00,10439322.00,10428210.00,19751.9667,12317.9667,14953.1429,9840,9901345.00,8880301.00,324937,264721,9359,12845.6667
2025-08-19,10163,8832,4463,4596,4995,3272,621213.00,959738.00,3809945.00,7052760.00,19706.2333,12201.7,17251,10224.5714,5095521.00,4756996.00,321959,260925,8131.3333,12413
2025-08-18,12831,8239,5926,5352,3904,3714,-118428.00,217488.00,2842908.00,6939610.00,19938.5667,12180.9333,17835.1429,10962.1429,4565843.00,4229927.00,319571,254417,10908,13011
2025-08-15,15543,11006,7688,6878,4427,5838,1204995.00,680159.00,4692572.00,8314925.00,20783.2,12011.2333,17728.5714,10964,5841959.00,6366795.00,350289,276017,9919,14393
2025-08-14,8865,5149,2757,5469,2418,2278,-2723069.00,-242998.00,1734435.00,7367637.00,20846.3,12063.4333,18871.4286,11155.2857,5529034.00,3048963.00,348974,276764,11884.6667,19090
2025-08-13,14625,16569,6353,7506,9173,5290,-148773.00,1159292.00,4209500.00,8729295.00,20811.0333,11815.9667,18233.8571,10481.8571,6584872.00,5276807.00,340655,277209,10203,22964.3333
2025-08-12,19689,8039,10483,7398,3155,3948,2444839.00,-298451.00,2850228.00,14545176.00,20451.8667,11766.8,17997.1429,11421.1429,6549184.00,9293749.00,337882,272639,11990.6667,22041.3333
2025-08-11,22956,11046,11122,10025,4778,5530,-79646.00,-937167.00,4214266.00,16884275.00,20404.9667,11836.6,16849.5714,11383.1429,9422587.00,10280903.00,333485,267363,11981.6667,19321.6667
2025-08-08,26248,11524,13821,10063,4929,5504,1980976.00,5491.00,3546990.00,13785177.00,21150.8333,11990.8,15844,12243.5714,6943725.00,8919210.00,343521,275019,10303,16194
2025-08-07,16920,13402,8851,6715,6567,6180,1620005.00,-108225.00,3103268.00,8660439.00,21205.2333,11762.8333,15683.2857,12827.4286,4672242.00,6400472.00,338719,272282,9787.3333,13941.3333
2025-08-06,14797,11019,6194,7446,6688,3449,-252638.00,206010.00,3847527.00,5007662.00,21401.7333,11717.7667,17230,12868.2857,4339134.00,3880486.00,336689,272742,10985.6667,15019.6667
2025-08-05,16865,6488,3718,11864,2975,2713,-1296731.00,-202979.00,2047997.00,5504520.00,21404.9333,12024.5667,18649,14338.1429,4017458.00,2923706.00,334229,269683,12416.3333,14372.3333
2025-08-04,10162,11855,5018,4358,5837,5578,-298411.00,-24911.00,3596357.00,4752820.00,22110.0333,12267.8,19006.4286,14270,4075441.00,3801941.00,327391,265420,14313.6667,17388
2025-08-01,18032,14614,7962,8609,6201,5591,-855556.00,325102.00,6006177.00,6873248.00,22397,12088.3333,19089.2857,14201,5883777.00,4703119.00,340594,279774,15272,16642.3333
2025-07-31,14923,10780,6469,6579,4609,4579,70331.00,-808837.00,3722084.00,10108597.00,23278.3667,12099.2,20292.7143,14493.5714,5499215.00,6378383.00,338742,276353,15447,20209.3333
2025-07-30,19209,17547,8612,9128,9262,6658,16986.00,732182.00,3697331.00,7912089.00,23366.5333,11800.3667,22320.1429,13800.7143,5743964.00,5028768.00,334049,274172,15190.3333,22739
2025-07-29,15795,17489,7586,7151,8364,7595,318492.00,-659544.00,4204473.00,9268866.00,23384.8667,11630.7,30090.2857,16305,5882152.00,6860188.00,330871,271666,13153.3333,21695.3333
2025-07-28,25624,11305,14431,8687,4168,5649,963600.00,-523551.00,2853667.00,12648570.00,23028.7667,11635.8667,28325.1429,16103.5714,6231268.00,7718419.00,326190,261739,14095.3333,19358
2025-07-25,26798,16777,12501,11402,7346,8462,917663.00,-1010319.00,3655654.00,9785278.00,22559.5333,11253,27216.7143,14787.1429,5379286.00,7307268.00,330261,270171,12779,18207.6667
2025-07-24,12664,11378,6445,5381,3567,6989,261344.00,-809640.00,1802276.00,5132307.00,22507.3667,11126.4667,29767.5714,14447.4286,2743563.00,3814547.00,327577,268588,13218.6667,25120
2025-07-23,18612,14131,6642,6826,5685,4063,-1569741.00,-379601.00,4706514.00,12935596.00,22442.8,10940.1333,28320.2857,13678,5871947.00,4681807.00,320674,262472,20181.3333,42311.3333
2025-07-22,23347,12828,12169,9310,6574,4868,-302759.00,496697.00,3468215.00,11275370.00,22414.5,10929.7,26459.7143,13069.5714,7246004.00,6446548.00,316338,251970,19203.6667,38951.6667
2025-07-21,33401,12697,8920,11186,5164,5026,-591730.00,515587.00,5482267.00,45811355.00,21902.1,11095,24849,12884.5714,7987753.00,6880436.00,311789,246934,17492,34164.3333
2025-07-18,70186,35019,36042,29209,15365,17427,1607023.00,-1189197.00,8345855.00,29009180.00,20086.6,10210.7667,17757.7143,10258,15956692.00,18752912.00,346820,283705,8819,20942.3333
2025-07-17,13268,9895,5204,5532,3850,4939,4044.00,256323.00,2208028.00,5117965.00,20800.2667,10413.5667,17118.1429,9607.8571,3450950.00,3198671.00,341264,283472,8435.6667,19346.6667
2025-07-16,19039,7562,7214,10603,3813,3019,-137210.00,-116522.00,2707258.00,5230918.00,21116.5,10975.4667,17227,9615.5714,3690811.00,3670123.00,338517,284684,8771.3333,16441.3333
2025-07-15,30520,9000,14502,14187,3614,4700,-3615.00,-371562.00,2973883.00,5651398.00,23068.6333,12817.3333,18707.2857,9174.8571,3777282.00,4145229.00,333280,275849,9572,13643.3333
2025-07-14,8481,8745,3808,3565,2997,4584,-15027.00,-106944.00,2651921.00,3554476.00,25192.5333,14423.7667,19032.5714,8884.8571,2766815.00,2858732.00,327468,274497,12201.3333,17665.3333
2025-07-11,10323,8569,3921,4944,3087,4675,-207269.00,185340.00,1608823.00,3784977.00,25425.4667,14523.9,19496,8967.1429,2642688.00,2250079.00,334299,284362,11126.3333,17154.6667
2025-07-10,22126,11402,9091,11502,3255,5344,-17437034.00,-873679.00,2673334.00,35299587.00,25481.8,14570.9,17608.5714,8276,26259378.00,9696023.00,332484,284511,9864.3333,16379.6667
2025-07-09,20547,16633,9850,8807,2323,4523,-739528.00,-482233.00,3912018.00,22153737.00,25490.6333,14480.7,17751.7143,7777,11310588.00,11053293.00,325712,283946,6291.6667,23158
2025-07-08,8791,5344,2874,5238,2255,2449,-1046233.00,99608.00,1482006.00,5999040.00,25670.0667,14561.2,23442.1429,9320.7143,4082313.00,2936472.00,323727,284614,6748.6667,23813.6667
2025-07-07,19801,7616,7365,9755,3485,3240,-2022061.00,88274.00,2211556.00,11002157.00,25617.5667,14680.7,23263.7143,9170.2857,6429295.00,4318960.00,320621,280577,7258.3333,21735.6667
2025-07-03,40882,5915,21170,16585,2148,2919,342936.00,-150389.00,1576840.00,5686689.00,24856.6667,14925.3333,20379.4286,9706.2857,3082896.00,3578861.00,324921,287138,7474.6667,11079.6667
2025-07-02,10758,6715,5373,4394,2285,3106,118323.00,-299806.00,1516175.00,3977734.00,25390.1333,15398.4333,21265.5714,10988.7143,2168263.00,2586392.00,324929,286181,9616.3333,14676.6667
2025-07-01,13567,9145,5521,6420,4874,3375,53028.00,-614469.00,2543123.00,4384144.00,26127.4667,15671,23801,12418.2857,2884892.00,3552389.00,320955,282546,11951.3333,26362.3333
2025-06-30,8914,6564,3111,4839,2218,3504,-850830.00,-125391.00,1206299.00,4125785.00,26500.8667,15799.6667,26333.4286,12799.1429,2791051.00,2065719.00,318030,280214,11951,29575
2025-06-27,21549,13140,10384,9721,6474,5271,355498.00,-497241.00,3852985.00,11062467.00,27291.4,16070.2333,29164.1429,12508.5714,6644874.00,7497613.00,327344,290576,10793.3333,29289.3333
2025-06-26,48624,16150,22664,19971,6391,8681,-55344.00,-479634.00,5921151.00,26900662.00,26865.3667,16208.7333,25339.8571,11427.4286,14460912.00,14885202.00,319995,280880,10640.6667,18735
2025-06-25,18552,6563,8911,7063,3075,2850,360547.00,161630.00,2198948.00,8471747.00,27296,16813.7,25024.5714,12261.1429,4282279.00,4481196.00,316861,275758,14837,22989.3333
2025-06-24,20692,9667,10232,7709,3606,4795,288120.00,-8820.00,3844218.00,10438089.00,27212.3,17025.8,24203,12517.2857,6294478.00,6591418.00,312485,271933,14691.3333,24972.3333
2025-06-23,16961,15692,6897,6789,7821,6112,-1294263.00,-603672.00,4479844.00,7778043.00,27096,16803.9667,23597.2857,11031.4286,5311811.00,4621220.00,302526,266849,13162.6667,33106.6667
2025-06-20,31315,19152,15271,12818,8974,9206,216010.00,-877124.00,3476969.00,14177223.00,26423.9,16425.1667,20709.2857,9378.5714,7616543.00,8709677.00,373389,352814,9639.3333,29953
2025-06-18,26641,9230,12475,11659,3601,4679,459939.00,-513482.00,2358269.00,9406760.00,25884.8,16547.7,19285.5714,9280.1429,4906981.00,5880402.00,370872,348752,10695.6667,26521
2025-06-17,41364,11106,19746,17625,4824,5088,899534.00,-205425.00,2868200.00,15046967.00,24806.5667,16447.3,16590.4286,9481.4286,7765440.00,8870399.00,367675,342020,10813.6667,17713.3333
2025-06-16,21854,8582,10891,8428,2367,6317,877598.00,-1265580.00,2822052.00,6714216.00,24790.3333,16608.8667,16044,10777.7143,3338003.00,5477181.00,365534,333960,9716.6667,14669
2025-06-13,16345,12399,6012,8596,5579,5621,-1516451.00,-737705.00,4206168.00,5631771.00,24705.1,16737.0333,15954.8571,10219.5714,4955699.00,4176953.00,369691,345516,8111,12920.3333
2025-06-12,14941,11460,4701,5185,3535,4495,-351162.00,1075914.00,7187388.00,4258041.00,24700.6333,16758.9667,18774.4286,10865.1429,5095006.00,3667930.00,371032,339331,7138,13498.3333
2025-06-11,12721,5291,4541,7266,2650,2268,-582101.00,-51982.00,1487947.00,4649789.00,24588.4667,16829.4333,21032.2857,13597.7143,3135558.00,2605439.00,370032,337993,9546,16757.3333
2025-06-10,11099,7582,3728,5051,3665,3220,-985568.00,-359601.00,2848793.00,7652121.00,24568.7,17252.4,32173,21694,3888961.00,3262994.00,368451,335385,12904,19067.3333
2025-06-09,16675,8541,7597,7703,4022,3364,275022.00,-191971.00,2784277.00,6437806.00,24681.5333,17455.9,40104.8571,28607.8571,4022483.00,4489476.00,365773,330654,12887.6667,18749.3333
2025-06-06,22498,12515,10428,9402,6288,5062,262201.00,-687723.00,3572618.00,8289662.00,24591.6,17577.0667,39363.8571,28473.2857,4995781.00,5945705.00,376836,349520,14042.3333,22809.3333
2025-06-05,18029,17656,8597,7886,8666,6827,3372694.00,-658109.00,3302685.00,9712461.00,24881.4333,17575.9667,40190.5714,27781.2857,4072335.00,8103138.00,373645,345830,16296.6667,26308.3333
2025-06-04,15721,8492,6504,7656,4862,3074,-23588.00,23330.00,1733965.00,8116040.00,24922.5667,17708.6333,40917.8571,28557.7143,4421785.00,4374867.00,371859,341988,34884.6667,50762.6667
2025-06-03,34678,15979,18938,12516,5621,9515,4491209.00,-1943773.00,6287187.00,16272905.00,24176.9333,17623.1667,37988.7143,27383.4286,7275816.00,13726883.00,365764,334022,48537.6667,63269.3333
2025-06-02,28526,24419,11961,13198,9937,12097,-823938.00,-1419580.00,9516501.00,9590512.00,23636.3667,17220.8667,36517.2857,25495.1429,8516211.00,9111853.00,362837,329897,44255.6667,59531
2025-05-30,89084,64256,34745,45494,30823,24660,-2318102.00,1824849.00,14400579.00,25286651.00,21148.3333,15645.7667,26370.2857,18209.1429,20033814.00,15890863.00,388244,370931,27107.6667,37775
2025-05-29,72198,56938,30257,33796,23023,25553,-504072.00,-1444461.00,13794184.00,28934674.00,19481.1,14070.9667,19879.4286,13062,19184521.00,20124910.00,363639,341974,12770.6667,20646.3333
2025-05-28,17311,11573,8106,7787,5962,4494,412369.00,645998.00,3503605.00,9196978.00,20277.9,14314.1,22504.5714,13883.2857,6058690.00,5825061.00,359815,335718,11499.3333,19600.6667
2025-05-27,23816,12812,9418,12115,5422,5555,-2458884.00,-77651.00,5098272.00,13747881.00,20201.9667,14294.4,21976,13542.1429,9878766.00,7497533.00,355465,329705,10962.3333,17737.3333
2025-05-23,20812,13927,7789,10876,6798,5310,26752.00,590653.00,6090597.00,8928468.00,20636.8667,14502.3333,25469.2857,14589.2857,7201703.00,6637802.00,365484,347397,10738,16818.3333
2025-05-22,14174,7759,5998,6967,3874,3493,-679625.00,9011.00,2750204.00,9075204.00,21781.1333,15123.1,28564.8571,16381.5714,5961300.00,5272664.00,365593,343215,15121,21014.3333
2025-05-21,18226,11201,8044,8312,3967,5449,-254984.00,-777740.00,3701983.00,11359275.00,22078.0333,15573.1667,30457,18311.7143,6681452.00,7204208.00,361671,337360,17161.3333,26834.6667
2025-05-20,18055,13254,7745,8244,7376,5207,-1366983.00,733080.00,5520096.00,12160857.00,22646.2667,15972.1333,30475,18708.2857,9264336.00,7164273.00,354176,331661,16218,27521.6667
2025-05-19,26762,20908,10212,13029,10132,9135,-1338693.00,-1032093.00,7596061.00,11728125.00,23262.0333,17369.9667,28576.4286,17012.4286,9034153.00,8727553.00,348975,330799,16334.3333,33689.3333
2025-05-16,35687,17322,14151,16698,7159,7998,-1032258.00,1416152.00,7120777.00,20828324.00,24780.4333,18875.2,25071.4286,15650.4286,13947165.00,11498755.00,387215,394143,17328.6667,33741.3333
2025-05-15,20116,10424,7884,8983,4383,5032,200230.00,117612.00,2501146.00,9502177.00,25146.9667,18803.2667,23693.1429,16005,5487663.00,5570281.00,387537,386373,22091.3333,37526.3333
2025-05-14,45265,21257,23301,19212,9770,9119,3189995.00,545997.00,8924889.00,20358438.00,24757.6,18552.8333,18514.8571,14124.5714,12492020.00,15136018.00,377544,372639,20349,28498.3333
2025-05-13,35843,20305,19983,13946,8062,9024,2934261.00,-1410716.00,9476558.00,22135681.00,24221.0333,18487.2,16446.8571,13142.2857,12428620.00,16773597.00,373487,368638,16593,21041.3333
2025-05-12,31471,24712,15520,13502,11021,11501,512233.00,108806.00,10648527.00,13047265.00,24046.4333,18474,13920.7143,11932.5714,10933210.00,11336637.00,370198,361730,10951.6667,14268.3333
2025-05-09,18181,16030,8572,7676,7089,8129,542170.00,207284.00,8325823.00,11099330.00,24098.5333,18554.3,13438.7143,11373.7143,9351098.00,9045984.00,371552,365879,9910.3333,11697.3333
2025-05-08,13472,9037,5191,7046,3887,4440,-935857.00,752705.00,3506931.00,6138677.00,24241.2667,18850.9,12850.7143,11140.5714,5320978.00,3632416.00,369357,362184,9596,10212.3333
2025-05-07,11152,7788,5369,4832,4061,3375,481993.00,1509798.00,5453557.00,3067931.00,24720.8,19223.3,12758.4286,12923.8571,4522452.00,3494647.00,365018,360302,11476.3333,13617.3333
2025-05-06,10468,12906,4730,4910,7180,4960,-112261.00,-168892.00,5266399.00,3888150.00,25137.0333,19290.5667,14128.7143,13172.4286,4320797.00,4377428.00,358056,358345,12589,14724
2025-05-05,9017,8094,4022,3894,3976,3374,-175126.00,141192.00,3959268.00,2978186.00,25425.8333,19559.5667,15669.1429,14323.2857,3244470.00,2928152.00,354032,354759,13930.3333,16654
2025-05-02,21367,13429,9959,9869,5026,7089,130546.00,-26787.00,4498404.00,6719940.00,25207.8333,19493.7667,16434.4286,14922.4286,5107734.00,5265067.00,363998,363470,11922.3333,12650.3333
2025-05-01,13788,16244,7491,5395,8223,5569,1278297.00,1809200.00,9231560.00,5596753.00,25278.3,19283.5,16886.8571,14383.5714,6326163.00,5795260.00,356417,358736,13264.6667,11556.3333
2025-04-30,14807,12118,6891,6654,4242,6969,-816628.00,-1295147.00,4970195.00,4317306.00,25182.5667,19347.7,16530,14568.8571,4123171.00,4601690.00,352661,354243,14107.3333,13307.3333
2025-04-29,9356,7405,4535,4111,2635,4214,26865.00,-311433.00,3649708.00,3605833.00,25466.3333,19415.3,16951.8571,15275.2857,3000030.00,3338328.00,349795,350135,17022.3333,16788.6667
2025-04-28,10506,20271,3619,6031,4627,5816,-1139728.00,325023.00,11163993.00,5031344.00,25893.0667,19109.6,17514.2857,14808.4286,5120313.00,3655562.00,338016,347799,16139.6667,22194.6667
2025-04-25,20060,14646,8531,9099,6363,5840,-281486.00,-73815.00,12493847.00,9061606.00,25745.4333,19252.2667,17817.2857,14101,6755095.00,6547424.00,347611,359082,15415,21159.6667
2025-04-24,19800,16150,10030,7302,4360,5677,1349782.00,-517823.00,24998733.00,10322803.00,25947.0333,19373.5,20876.5714,14489.1429,4462145.00,6329750.00,346372,355107,14503.3333,18662.6667
2025-04-23,26724,17623,13159,10290,7175,8278,1966733.00,-166102.00,10090400.00,9897831.00,25617.4,19068,20135.7143,13717.4286,6918709.00,9051544.00,338231,346672,12745.6667,13857.6667
2025-04-22,16955,12472,7405,7907,2515,7248,181856.00,-1909344.00,15501830.00,5824366.00,25615.1333,19448.8333,22550.5714,14816.4286,4748591.00,6839791.00,342918,338311,14256,13020.3333
2025-04-21,12309,13415,4790,5034,4809,7811,-382056.00,-2420632.00,9066688.00,4773819.00,26348.2,19992.9333,27721,16668.8571,4383477.00,6422053.00,337262,335140,13015.6667,16311
2025-04-17,12309,12350,6106,4835,5129,6376,99279.00,-302808.00,6470931.00,3578950.00,26572.6,20699.2667,29838.7143,18433.5714,4470929.00,4873016.00,381032,397995,15188,25946.3333
2025-04-16,14443,17003,6972,6402,11032,4974,-290055.00,11431300.00,21633554.00,3688467.00,26799.8,20472.3667,32790,19607.8571,19965545.00,4791190.00,379599,396493,13594,28311.3333
2025-04-15,22181,9694,11352,8196,3682,4557,684424.00,-671815.00,4950695.00,6443100.00,26996.3333,21107.8333,36083.4286,27200.5714,4512797.00,5869036.00,376085,385672,17084.3333,32204
2025-04-14,41215,18867,17360,16295,9435,8124,-1650853.00,762237.00,7897228.00,19700681.00,27079.3333,22104.6667,41801.1429,33430.8571,11183743.00,8770653.00,371677,372255,19589.3333,34633
2025-04-11,21538,12221,11669,8504,5535,5668,577103.00,2061447.00,8455391.00,7071647.00,29797.3333,24695.7667,43168.8571,32865.8571,7269550.00,5785206.00,383600,392028,23750,36498
2025-04-10,33859,20165,14049,16710,9421,7880,491297.00,23404.00,17143319.00,16872555.00,33256.4333,26674.1667,43129.5714,31948.5714,11402191.00,11870084.00,379091,379931,25436,36912.3333
2025-04-09,48502,26382,25920,19555,12363,10556,727203.00,1540333.00,20317072.00,21839941.00,33313.2333,26566.4667,39021.5714,30799.1429,17807542.00,18556032.00,369357,366262,37589.6667,35823.3333
2025-04-08,27133,24703,11564,14148,11102,12769,364740.00,-3421343.00,20196446.00,9794972.00,33131.000000000000,26317.000000000000,38893.000000000000,30743.857142857143,12005363.00,15791446.00,358508,357571,50181.666666666667,53858.666666666667
2025-04-07,35102,25223,13709,19115,10678,12613,-4253941.00,-3698291.00,29434953.00,16295164.00,32998.400000000000,26175.166666666667,36699.000000000000,29774.714285714286,20326387.00,19770737.00,351222,345139,44529.333333333333,52528.666666666667
2025-04-04,45235,62843,17660,25285,32019,27496,-1901544.00,8723039.00,86142091.00,15462578.00,32655.833333333333,24573.766666666667,32773.142857142857,23359.285714285714,52544714.00,40742825.00,350358,358621,28163.000000000000,48645.000000000000
2025-04-03,81239,62479,35306,41278,26624,22585,-1576180.00,3879492.00,71339898.00,27903407.00,30905.366666666667,22915.200000000000,24815.857142857143,17142.285714285714,35968511.00,30512839.00,334208,317871,13448.666666666667,28147.333333333333
2025-04-02,31112,8266,13189,15101,3616,4218,-2010765.00,575382.00,5463892.00,8959464.00,31669.233333333333,23226.333333333333,23650.571428571429,18093.428571428571,8160424.00,5574277.00,331939,312595,18798.666666666667,26521.000000000000
2025-04-01,33584,13744,15589,15456,5187,7800,-1615990.00,-1141645.00,6582215.00,8569320.00,33896.000000000000,23818.433333333333,21378.714285714286,18439.142857142857,7099138.00,6624793.00,325222,292356,20363.666666666667,21907.666666666667
2025-03-31,19746,18336,7765,10481,7875,9174,-1185253.00,4015096.00,17871205.00,6557076.00,37294.466666666667,24267.533333333333,20676.000000000000,17456.142857142857,13880809.00,8547460.00,318418,286673,20230.000000000000,21243.666666666667
2025-03-28,26233,24316,10097,13722,9371,12643,-1165600.00,-2141372.00,12788060.00,8399268.00,37397.566666666667,24058.566666666667,19200.142857142857,15401.857142857143,8857517.00,9833289.00,324860,299694,18444.666666666667,21012.000000000000
2025-03-27,19744,18439,8454,10004,6040,11125,-282355.00,-4149406.00,13536334.00,4628301.00,37654.633333333333,23935.733333333333,18084.571428571429,14774.000000000000,6723983.00,10591034.00,322458,295319,17273.000000000000,22082.333333333333
2025-03-26,17754,17935,5799,10322,7935,7894,-754801.00,-565536.00,5974640.00,5988808.00,37619.500000000000,24027.333333333333,18101.000000000000,13559.428571428571,5661298.00,5472033.00,317928,289986,16682.666666666667,22058.000000000000
2025-03-25,25538,18960,10092,9259,7430,7955,-386458.00,-2273196.00,7303626.00,6426028.00,38496.366666666667,24125.100000000000,17782.428571428571,12436.571428571429,4628133.00,6514871.00,311285,279151,14181.000000000000,18487.666666666667
2025-03-24,22955,14924,11265,9480,5882,7388,1296138.00,-997406.00,4881188.00,8662753.00,39065.066666666667,24281.733333333333,16736.142857142857,13008.285714285714,5056578.00,7350122.00,304068,271750,12518.3333333333333333,16136.666666666667
2025-03-21,17681,16164,8068,8192,7233,7101,135203.00,-857137.00,8324644.00,4947628.00,39390.200000000000,24229.900000000000,17902.857142857143,13525.857142857143,5805021.00,6797361.00,333185,354830,11811.6666666666666667,14221.333333333333
2025-03-20,14827,11455,7132,6579,4241,5504,-3960.00,-251930.00,5017036.00,5395546.00,39745.866666666667,24669.700000000000,18189.714285714286,13097.714285714286,4666271.00,4914241.00,331620,352623,11137.6666666666666667,15235.333333333333
2025-03-19,15902,9936,7448,6990,3827,5069,428795.00,312468.00,5759247.00,5997108.00,40066.100000000000,25244.700000000000,18330.428571428571,15092.142857142857,5275147.00,5391474.00,331406,349830,11525.6666666666666667,17704.000000000000
2025-03-18,11935,14044,5413,5727,4634,7534,-745752.00,-1056130.00,4735925.00,3035926.00,41306.833333333333,25619.266666666667,21525.571428571429,17334.142857142857,3413717.00,3724095.00,326735,346262,13153.0000000000000000,18936.000000000000
2025-03-17,17869,9433,7503,8995,4722,4266,-293058.00,-425433.00,3541603.00,4392377.00,41931.200000000000,26234.066666666667,21693.000000000000,20778.000000000000,3643347.00,3775722.00,324368,342192,16604.333333333333,21595.666666666667
2025-03-14,23308,11100,10266,10984,3464,6943,-27717.00,-3028848.00,7077762.00,7803050.00,42240.033333333333,26426.566666666667,21400.285714285714,20648.857142857143,5375442.00,8376573.00,338691,353993,15723.666666666667,19438.000000000000
2025-03-13,15631,18926,5260,8790,4593,9326,-1052731.00,-3043977.00,28508106.00,5184322.00,42812.833333333333,26313.833333333333,23178.285714285714,22053.428571428571,7338095.00,11808101.00,339328,349677,17380.666666666667,19856.666666666667
2025-03-12,25848,19787,14697,8705,8928,8942,1341843.00,-623124.00,8766457.00,9054468.00,43555.300000000000,26678.233333333333,25729.285714285714,26194.142857142857,6246925.00,8211892.00,330601,343324,20697.666666666667,22674.333333333333
2025-03-11,16835,8458,8449,7460,3421,4442,1035312.00,-820300.00,6846790.00,4883860.00,45378.966666666667,29501.900000000000,38049.714285714286,37836.428571428571,4415431.00,6271043.00,331580,337968,29058.333333333333,23409.666666666667
2025-03-10,16887,23897,7459,8041,10617,9263,-579641.00,-407059.00,18676278.00,4736285.00,46301.833333333333,29573.600000000000,55299.000000000000,45782.142857142857,9519908.00,9347326.00,325968,334664,24491.333333333333,24867.000000000000
2025-03-07,34301,29738,14175,17723,15947,10174,-1023681.00,3241075.00,18940667.00,9055339.00,46248.666666666667,29762.666666666667,57571.142857142857,44841.142857142857,13085792.00,8821036.00,341987,356566,24164.666666666667,22792.333333333333
2025-03-06,19041,33540,8274,9368,11072,10768,-275399.00,2838347.00,54270005.00,5800057.00,48687.366666666667,29682.966666666667,57946.142857142857,42509.571428571429,16459089.00,10954643.00,338344,350451,29242.000000000000,31013.666666666667
2025-03-05,21259,10196,9741,8777,4249,5048,-882498.00,-1650120.00,7996087.00,6788321.00,49569.766666666667,29840.466666666667,59355.428571428571,44048.428571428571,6140927.00,6908549.00,335314,348250,55828.000000000000,58286.666666666667
2025-03-04,28077,28758,11468,13683,13872,12148,-996495.00,-890704.00,20153893.00,9002362.00,49531.000000000000,29720.433333333333,60338.428571428571,42054.571428571429,13162591.00,13056800.00,330082,339483,72747.666666666667,94805.000000000000
2025-03-03,43705,48772,15802,22168,22598,20441,-4339969.00,1557533.00,25624794.00,15850406.00,48860.733333333333,28885.566666666667,58198.428571428571,36904.571428571429,20563609.00,14666107.00,309573,322465,64207.333333333333,96972.000000000000
2025-02-28,103078,89954,50902,44227,36233,45204,-2153935.00,-5655430.00,46890384.00,20987003.00,46439.233333333333,26446.400000000000,51191.285714285714,26568.285714285714,29001254.00,32502749.00,350891,389749,39962.333333333333,69834.666666666667
2025-02-27,137632,79517,48355,74676,37109,34156,-3870991.00,759409.00,22458215.00,38323564.00,42588.900000000000,24507.733333333333,45870.571428571429,19709.714285714286,30087939.00,25457539.00,316604,327728,20446.000000000000,34332.000000000000
2025-02-26,50206,23151,23951,23951,10430,10198,640954.00,869690.00,10563932.00,27329549.00,42117.433333333333,25011.200000000000,56084.000000000000,20946.571428571429,18273783.00,18045047.00,308230,315181,17662.666666666667,29249.333333333333
2025-02-25,21666,17219,9383,10103,6158,9853,-67237.00,-1358525.00,9455271.00,11734321.00,42169.333333333333,25448.700000000000,57178.285714285714,21064.857142857143,9207814.00,10499102.00,303201,307963,16163.666666666667,31602.333333333333
2025-02-24,31124,20968,13099,15266,7384,11884,-2596261.00,-2370549.00,8857784.00,17986060.00,41667.933333333333,25130.333333333333,56654.285714285714,20177.142857142857,12700561.00,12474849.00,294378,295328,15041.000000000000,39237.000000000000
2025-02-21,34958,14801,17145,15372,8874,4912,2543360.00,2244223.00,6638561.00,20415055.00,41203.700000000000,25099.200000000000,54046.000000000000,21017.428571428571,12562785.00,12861922.00,351418,360905,20609.666666666667,61046.666666666667
2025-02-20,28725,12722,11939,14274,5492,4745,181226.00,7692.00,6621768.00,14292083.00,41797.166666666667,25317.400000000000,57348.714285714286,22327.571428571429,8859816.00,9033350.00,349004,360654,26972.000000000000,92038.333333333333
2025-02-19,54028,17600,27408,22195,7151,7857,3957524.00,-472952.00,4400166.00,24545907.00,41509.200000000000,25384.933333333333,55347.000000000000,22616.571428571429,11096561.00,15527037.00,348149,352377,27121.000000000000,83804.333333333333
2025-02-18,100387,31507,51482,39749,13593,14246,10719142.00,-1295985.00,12466210.00,58308751.00,38786.166666666667,24636.966666666667,44925.285714285714,20202.571428571429,25908927.00,37924054.00,343278,341253,21536.666666666667,59494.000000000000
2025-02-14,121700,31809,55662,58264,12566,17365,2818937.00,-582917.00,9732932.00,46369356.00,35215.500000000000,23808.866666666667,31182.000000000000,19179.714285714286,24698258.00,28100112.00,370099,353778,17828.000000000000,24494.000000000000
2025-02-13,29326,18047,12248,14787,6926,8889,278286.00,-136094.00,4692727.00,14144925.00,35371.833333333333,23795.866666666667,30636.714285714286,20485.285714285714,8678389.00,9092769.00,367977,350150,19110.000000000000,32000.000000000000
2025-02-12,27456,14754,12951,12583,5290,8268,2026258.00,-1642644.00,4445658.00,13862825.00,35141.266666666667,23811.766666666667,33736.857142857143,21989.142857142857,6829504.00,10498406.00,365382,344754,20733.000000000000,36186.666666666667
2025-02-11,16700,20683,6647,8707,10196,9272,-1807329.00,1037347.00,4374569.00,10061811.00,35215.333333333333,23419.533333333333,36579.714285714286,23016.857142857143,8177888.00,5333212.00,354483,339035,18708.333333333333,39765.000000000000
2025-02-10,51844,21893,25718,21434,8345,10613,164716.00,-916163.00,6206313.00,27276982.00,33854.900000000000,22849.633333333333,33826.714285714286,22300.000000000000,15139072.00,16219951.00,348761,325441,19627.000000000000,30982.666666666667
2025-02-07,40016,19623,18826,18242,7445,8119,1197610.00,255052.00,6781907.00,22961345.00,33625.700000000000,22740.666666666667,32798.000000000000,21717.285714285714,13378520.00,14321078.00,362685,345707,22148.000000000000,26147.000000000000
2025-02-06,27435,14609,9771,10162,4331,8181,88708.00,-1771119.00,6591942.00,8112886.00,34353.233333333333,23110.100000000000,35753.285714285714,24018.714285714286,5396441.00,7256268.00,361039,335483,25705.333333333333,33387.666666666667
2025-02-05,25497,24649,10920,11739,8915,13083,-3331.00,-2377534.00,11914664.00,8600995.00,34469.566666666667,23585.333333333333,42331.571428571429,33807.142857142857,7827967.00,11042170.00,349934,332793,26781.333333333333,37088.666666666667
2025-02-04,25509,27186,11847,11104,7644,16150,186049.00,-4026768.00,18814973.00,7465742.00,34581.633333333333,23107.900000000000,45055.000000000000,33644.571428571429,9196974.00,13409791.00,331202,324873,23344.333333333333,39443.333333333333
2025-02-03,49157,25281,18945,27072,7093,13842,193312.00,-6237666.00,17032887.00,13905109.00,33571.733333333333,22651.200000000000,42704.857142857143,35091.571428571429,11132640.00,17563618.00,320574,313727,20098.666666666667,33996.000000000000
2025-01-31,36600,27877,15895,17538,10496,15137,3057506.00,-3105690.00,10787318.00,15132338.00,33482.933333333333,22222.233333333333,50648.000000000000,35559.000000000000,9313077.00,15476273.00,332298,333551,21046.000000000000,37836.666666666667
2025-01-30,32573,16875,14136,14905,6336,8880,-370497.00,-2057101.00,8383283.00,12043713.00,33748.033333333333,22429.300000000000,52813.428571428571,35279.857142857143,8586871.00,10273475.00,330488,324732,46477.000000000000,50827.333333333333
2025-01-29,32815,15544,15650,13853,6163,7050,-375985.00,-1630209.00,12491411.00,12437387.00,33662.966666666667,22473.833333333333,51970.428571428571,36653.142857142857,9795462.00,11049686.00,324848,314710,49978.333333333333,54746.666666666667
2025-01-28,48122,30719,24348,20573,11128,14342,1109138.00,-2067859.00,24373356.00,19086377.00,34231.300000000000,22057.466666666667,48466.857142857143,35654.142857142857,16535889.00,19712886.00,315875,291555,51542.000000000000,49608.000000000000
2025-01-27,71545,93168,33214,31660,44689,36832,-315415.00,457700.00,46164465.00,23653887.00,34541.833333333333,20286.733333333333,42593.714285714286,24741.428571428571,31994502.00,31221387.00,280514,264706,30869.000000000000,56493.666666666667
2025-01-24,44573,26048,18331,21548,11996,12252,-249294.00,-1866262.00,7216015.00,22829039.00,34559.733333333333,20259.166666666667,39386.428571428571,24071.285714285714,13059033.00,14676001.00,289202,269563,27160.000000000000,57546.333333333333
2025-01-23,32706,35410,12584,16470,16634,17027,-2444188.00,-3998129.00,17785628.00,12805042.00,35271.866666666667,20036.100000000000,39865.857142857143,24477.714285714286,13173186.00,15532377.00,281430,257665,23742.333333333333,55615.666666666667
2025-01-22,92202,31149,43058,42724,15304,12822,-29235.00,526332.00,9078184.00,39796430.00,33561.100000000000,19697.533333333333,30011.714285714286,24362.714285714286,23129369.00,22573802.00,272056,234769,21268.000000000000,32747.333333333333
2025-01-21,47731,14921,18581,23648,6127,6383,-2276358.00,124594.00,7446319.00,14466828.00,33713.733333333333,19844.733333333333,25490.428571428571,23862.142857142857,10905994.00,8505042.00,263454,217353,21887.333333333333,26981.333333333333
2025-01-17,26914,25157,10822,12983,7897,13645,-1913849.00,-1103810.00,7048469.00,9729349.00,33970.766666666667,19462.233333333333,24650.000000000000,22249.285714285714,7785780.00,6975741.00,333746,367648,20620.666666666667,25384.000000000000
2025-01-16,23597,23726,11348,9671,14787,7918,-15550.00,1728272.00,19403886.00,10397909.00,35301.100000000000,19957.966666666667,27926.000000000000,21612.428571428571,17379536.00,11167714.00,329062,364030,25463.666666666667,29539.000000000000
2025-01-15,30433,16779,12716,14535,7212,8010,14392.00,18737.00,9639191.00,9704233.00,36511.900000000000,21006.166666666667,30062.571428571429,22019.142857142857,8848420.00,8844075.00,327019,352843,29985.333333333333,27135.666666666667
2025-01-14,22122,21357,8167,10984,7542,12729,-623766.00,282902.00,12037331.00,7670014.00,41995.133333333333,25195.566666666667,29573.142857142857,20263.571428571429,9731184.00,8824516.00,324111,346608,26672.000000000000,25122.333333333333
2025-01-13,36062,38255,12041,18695,15291,19094,-2211046.00,-287234.00,16244993.00,11836173.00,44036.533333333333,26513.066666666667,26504.285714285714,15793.714285714286,13292982.00,11369170.00,312583,334376,18542.666666666667,20112.000000000000
2025-01-10,23223,30344,8840,11969,14584,12673,-2025621.00,2391880.00,12728965.00,9927420.00,45248.300000000000,26671.666666666667,28046.142857142857,13981.285714285714,12789399.00,8371898.00,324440,349244,14850.666666666667,27880.666666666667
2025-01-08,16082,11417,7032,6496,6307,4303,365837.00,-373592.00,3726256.00,6134236.00,46532.033333333333,27432.000000000000,28682.857142857143,14526.142857142857,4163178.00,4902607.00,321759,346619,17587.000000000000,37649.666666666667
2025-01-07,21031,13867,9161,10040,7593,5042,-315579.00,1752499.00,4486297.00,8124029.00,47339.500000000000,27712.600000000000,28381.571428571429,13818.857142857143,6797871.00,4729793.00,316145,342241,15987.333333333333,36871.333333333333
2025-01-06,46529,19268,23783,18528,7911,7708,2047029.00,-540608.00,5516654.00,18861472.00,46632.966666666667,27703.866666666667,23310.428571428571,11751.428571428571,9431259.00,12018896.00,312466,335021,11886.6666666666666667,26221.666666666667
2025-01-03,45389,19626,20691,20095,6792,10690,-1340217.00,-965126.00,4660211.00,15183436.00,45919.800000000000,27376.166666666667,21560.571428571429,11284.0000000000000000,9324654.00,8949563.00,315782,341321,11230.3333333333333333,22430.666666666667
2025-01-02,18696,9068,8088,9357,2756,5458,-1176533.00,-1649370.00,3964357.00,8519778.00,46469.000000000000,27581.400000000000,25927.000000000000,13658.857142857143,5740212.00,6213049.00,315581,335897,13284.6666666666666667,23045.000000000000
2024-12-31,14580,6966,6642,6328,2770,3438,1418087.00,-49145.00,6146678.00,6103841.00,47020.466666666667,28004.800000000000,27985.142857142857,18221.714285714286,5048842.00,6516074.00,313174,335782,13934.666666666667,24492.333333333333
2024-12-30,34016,17657,9921,16858,8175,8207,-313202.00,-426164.00,9915006.00,7872233.00,46463.966666666667,27809.966666666667,27250.142857142857,17536.857142857143,7962893.00,8075855.00,310861,323211,9647.6666666666666667,16830.666666666667
2024-12-27,20539,15231,6714,12069,4581,9413,-1395979.00,-2759566.00,6090430.00,4869365.00,46455.500000000000,27673.333333333333,27010.285714285714,17015.285714285714,4438298.00,5801885.00,317019,342447,10022.0000000000000000,21031.000000000000
2024-12-26,18922,8916,6369,10033,2708,5056,-2806456.00,-1813097.00,5231506.00,6704940.00,46662.033333333333,27725.300000000000,29155.142857142857,17885.571428571429,5978979.00,4985620.00,313657,337911,15614.000000000000,31144.000000000000
2024-12-24,11031,4796,4277,5351,1620,2670,-299365.00,-444814.00,1671261.00,3106561.00,47427.033333333333,28112.500000000000,33368.714285714286,20498.571428571429,1982186.00,2127635.00,312705,335809,26984.000000000000,37129.333333333333
2024-12-23,33140,16354,17156,12146,3652,9861,-566767.00,-3090972.00,8498497.00,7780620.00,47423.966666666667,28324.233333333333,32957.714285714286,20573.714285714286,6282763.00,8806968.00,305860,333046,25820.333333333333,35706.333333333333
2024-12-20,49261,25692,21180,21313,10177,13478,-117615.00,-1444148.00,18792291.00,10151839.00,46507.666666666667,27934.133333333333,35230.714285714286,19507.428571428571,13019379.00,14344872.00,333239,406793,21116.333333333333,25572.666666666667
2024-12-19,28987,38906,11929,14738,12537,22022,-231636.00,-11501791.00,35993444.00,8522108.00,46778.600000000000,27240.366666666667,42641.285714285714,19670.285714285714,13054368.00,28624863.00,335546,403219,13150.3333333333333333,27222.333333333333
2024-12-18,28871,12863,12438,13778,5639,6332,-405720.00,250389.00,5820803.00,7960011.00,47555.166666666667,27635.866666666667,44961.142857142857,21435.714285714286,6818019.00,6161910.00,337633,400104,16558.333333333333,31107.333333333333
2024-12-17,18860,11580,7635,9442,3076,6622,-427602.00,-1629015.00,6734077.00,5367719.00,48502.533333333333,27937.033333333333,49991.142857142857,23884.000000000000,4527547.00,5728960.00,335065,397964,18325.000000000000,34908.333333333333
2024-12-16,33936,15008,15103,15474,5566,8350,159824.00,-1531270.00,6568261.00,10125489.00,50097.066666666667,28617.333333333333,50983.000000000000,24738.857142857143,6708626.00,8399720.00,331879,392896,19398.333333333333,45320.333333333333
2024-12-13,40526,23087,14608,22601,9721,11365,178517.00,-918390.00,12096561.00,8864918.00,49884.266666666667,28310.866666666667,52666.428571428571,24203.142857142857,9240081.00,10336988.00,350933,440103,25051.333333333333,58765.333333333333
2024-12-12,30263,16880,14939,13062,7412,8464,-149117.00,1391222.00,19222966.00,7194436.00,52827.666666666667,29275.000000000000,53289.571428571429,23746.285714285714,13499843.00,12075364.00,350740,435346,27831.666666666667,63714.333333333333
2024-12-11,65172,18228,30169,30714,6665,7608,-1799323.00,915257.00,11544061.00,12886794.00,51030.000000000000,28934.166666666667,53051.714285714286,26656.285714285714,11524298.00,8809718.00,346147,404080,31328.333333333333,60013.666666666667
2024-12-10,80861,40046,35588,37391,17959,17033,-273035.00,29598.00,20206629.00,20964530.00,49089.166666666667,28046.366666666667,51036.857142857143,27824.714285714286,18989648.00,18687015.00,339160,375411,24977.000000000000,46686.333333333333
2024-12-09,45110,25221,18722,19570,9487,11068,-174145.00,-2005764.00,10640595.00,16026846.00,48818.833333333333,27677.166666666667,71252.428571428571,45227.285714285714,9127373.00,10958992.00,328557,364352,23015.666666666667,49086.333333333333
2024-12-06,54070,28718,20644,28210,10672,15236,-2411632.00,-1851014.00,7422398.00,16709714.00,47576.700000000000,27002.600000000000,77428.714285714286,52236.142857142857,11116184.00,10555566.00,341115,381596,18003.666666666667,42604.666666666667
2024-12-05,40879,20992,17132,20275,11749,7664,-2523973,-1144186,10130640,17389177,46972.300000000000,26706.666666666667,80099.714285714286,54251.857142857143,13486461,12106674,334227,373789,23872.333333333333,50147.333333333333
2024-12-04,52310,19337,24056,22260,10452,7068,1289128,-109854,4270859,20620481,46340.066666666667,26926.600000000000,80426.000000000000,56379.000000000000,10791304,12190286,334351,368620,33501.666666666667,54963.000000000000
2024-12-03,34625,13682,14427,14469,5462,6267,1758099,-682814,5375699,12266043,45764.333333333333,26853.933333333333,81944.571428571429,57608.000000000000,6269969,8710882,330766,357476,77954.000000000000,105627.666666666667
2024-12-02,63507,38598,25223,33093,16384,16917,-2168790,2586022,16078662,24555337,44964.700000000000,26518.333333333333,76491.142857142857,54809.142857142857,20696780,15941968,314678,344963,91014.666666666667,116893.333333333333
2024-11-29,66757,48225,33359,27063,23483,20607,1242888,-94126,13840390,19499562,44325.633333333333,25816.066666666667,70382.142857142857,49319.142857142857,14136425,15473439,348796,413123,86640.333333333333,114499.666666666667
2024-11-27,186619,147039,80006,88542,64815,62367,-2657946,4306831,77222075,49860808,38592.566666666667,21571.900000000000,48746.857142857143,30488.571428571429,57428247,50375470,328767,362199,49036.333333333333,70491.333333333333
2024-11-26,97304,77780,38910,46654,37676,31897,-3252994,3326519,24230691,46032232,36145.733333333333,19749.366666666667,39292.571428571429,22186.857142857143,35105636,28526123,294050,331317,30538.000000000000,53141.666666666667
2024-11-25,59576,35102,26131,26494,16515,14337,-1737782,1413480,10756312,40741137,34919.466666666667,19151.766666666667,33256.142857142857,18859.714285714286,24568308,21417046,278278,311035,25172.666666666667,41727.333333333333
2024-11-22,54594,34227,26341,22585,15248,13000,99995,1007992,14417945,34218733,34898.800000000000,18669.800000000000,28354.857142857143,15560.428571428571,20839962,19931965,287905,324585,17028.666666666667,31527.333333333333
2024-11-21,45255,22285,23475,18083,9422,9792,3731636,-210013,5884152,22390360,34369.266666666667,18599.366666666667,25478.142857142857,13873.285714285714,10550748,14492397,280684,314520,14675.333333333333,28166.333333333333
2024-11-20,25333,19006,9465,12755,11414,6550,-2054089,50219,8163747,11052871,34181.933333333333,18719.033333333333,26713.571428571429,13502.714285714286,10014239,7909931,275634,305516,14896.000000000000,30096.666666666667
2024-11-19,23994,9795,7606,8780,4838,3943,-835087,-1078873,4771254,11381568,34166.133333333333,18777.766666666667,28007.000000000000,15347.142857142857,5831638,6075424,271792,297519,15568.333333333333,27872.333333333333
2024-11-18,35172,15225,17150,14259,6314,7489,3378793,313844,4969238,18584332,33591.733333333333,19016.066666666667,26092.714285714286,15170.571428571429,9159379,12224328,265475,288151,14204.000000000000,22910.000000000000
2024-11-15,31124,19668,12699,15085,9835,8010,-1287321,-242751,6117754,12983534,34251.766666666667,19167.400000000000,26948.571428571429,14945.571428571429,9445633,8401063,296492,327518,11139.6666666666666667,20908.000000000000
2024-11-14,17321,11812,8202,7667,5983,4827,1606789,-5628,3152131,8435897,34782.633333333333,19283.000000000000,31926.714285714286,16790.714285714286,4558071,6170488,292097,323726,12673.0000000000000000,26461.333333333333
2024-11-13,20285,11132,8533,9931,3684,6788,-240991,-2040720,4330094,10205297,34953.500000000000,19417.433333333333,35783.285714285714,18145.428571428571,5830206,7629935,288258,318610,16531.000000000000,30715.666666666667
2024-11-12,25118,10475,10690,11008,4635,4934,87021,-277495,3217177,13645097,35479.100000000000,20020.533333333333,43876.714285714286,21708.571428571429,7363564,7728080,284802,312473,17702.333333333333,29600.333333333333
2024-11-11,33981,16412,16168,14146,6119,7911,1499111,168417,6206314,19800826,35694.700000000000,20267.466666666667,43899.714285714286,21348.714285714286,10903142,12233836,279593,307324,18262.666666666667,30645.000000000000
2024-11-08,33048,22706,11509,18112,8839,11427,-1467134,1287743,6870353,15580982,36411.566666666667,20646.733333333333,56116.428571428571,24648.428571428571,11542711,8787834,290356,326966,18936.666666666667,37018.333333333333
2024-11-07,21772,13989,9226,10640,6103,6502,1354700,-728014,3753609,14643611,38786.700000000000,21229.166666666667,54612.142857142857,23793.285714285714,7397919,9480633,283997,323935,21145.333333333333,45521.333333333333
2024-11-06,37115,18093,17359,16361,7889,8034,1382237,-241222,5298378,27101819,38679.933333333333,21152.833333333333,52543.714285714286,23124.571428571429,14078842,15702301,281051,321822,26920.000000000000,60407.000000000000
2024-11-05,52168,24728,27775,18592,6357,15269,7717685,-1911233,7555780,30132910,37683.866666666667,20744.500000000000,50376.857142857143,21612.714285714286,12006629,21635547,264311,296667,23308.333333333333,54398.333333333333
2024-11-04,47281,20615,21176,21415,9102,9296,1728987,1191578,8003064,26044220,36668.333333333333,20488.400000000000,46023.285714285714,19879.285714285714,15268920,15806329,259089,285615,31704.666666666667,78159.666666666667
2024-11-01,81772,35417,38408,35557,16071,16101,2422405,-654833,8470156,28115129,35466.000000000000,20008.800000000000,37591.142857142857,16550.285714285714,15379340,18456578,271964,309815,22566.666666666667,54649.666666666667
2024-10-31,34142,13893,13662,16737,6617,5909,-2307077,757019,4884185,16067575,35559.766666666667,20165.433333333333,37477.000000000000,18270.571428571429,10842806,7778710,268080,303360,22406.333333333333,50814.333333333333
2024-10-30,118565,45804,60493,49421,20163,20154,5535642,-2915,13845703,60169406,32861.500000000000,19103.533333333333,23018.142857142857,13370.285714285714,31539508,37078065,256488,277847,11853.3333333333333333,23626.000000000000
2024-10-29,11242,8003,5737,4356,3703,3600,630311,570009,3176622,4482833,33775.933333333333,19200.833333333333,27057.571428571429,16302.714285714286,3513919,3574221,254792,273704,12012.6666666666666667,25480.666666666667
2024-10-28,22636,13412,6033,14470,4804,6628,-473558,-47614,3797129,5899274,34138.700000000000,19118.733333333333,30621.714285714286,18266.285714285714,4636880,4210936,247551,270016,11580.0000000000000000,25517.666666666667
2024-10-25,37000,14145,17729,16689,5200,6625,426586,73079,3051636,9802993,34205.033333333333,19228.566666666667,27425.571428571429,19061.857142857143,5785264,6138771,262888,279381,15510.000000000000,24298.666666666667
2024-10-24,16806,8481,7655,6945,2398,5169,1206854,-1262834,3490547,5135529,35446.966666666667,19719.200000000000,28438.857142857143,21150.857142857143,2402598,4872286,261532,276225,16517.000000000000,24481.000000000000
2024-10-23,22747,12114,10802,9965,5669,5822,-571393,-757678,4527114,6951574,35734.466666666667,19878.200000000000,28444.714285714286,21873.714285714286,5310818,5497103,258269,268310,21989.000000000000,30071.333333333333
2024-10-22,33343,25935,14055,15617,11351,11654,-1051612,61305,8359556,13325579,35563.100000000000,19598.366666666667,31392.000000000000,20992.714285714286,10287961,9175044,247684,258662,22396.333333333333,34818.666666666667
2024-10-21,17353,11502,7067,8930,5274,5156,-610601,1072440,3720578,11665082,36593.833333333333,19937.733333333333,33108.571428571429,22231.285714285714,8099770,6416729,241711,255595,25133.666666666667,33910.000000000000
2024-10-18,39518,28530,14135,20024,11369,13572,-1539380,270792,5511807,12547782,37348.333333333333,20229.300000000000,30279.285714285714,21383.571428571429,8785628,6975456,312448,322717,23325.000000000000,28703.666666666667
2024-10-17,47585,27157,20580,19387,13670,11138,1854843,1413036,6290230,21723690,36951.966666666667,19970.033333333333,26841.428571428571,19155.000000000000,12566987,13008794,306487,316916,19997.333333333333,20438.000000000000
2024-10-16,14627,19714,7170,5513,10283,8296,390919,-415190,2930013,6418701,37652.133333333333,19979.466666666667,27314.714285714286,19535.000000000000,3846656,4652765,297217,313690,20015.333333333333,33553.666666666667
2024-10-15,23899,23104,10924,11063,10565,11266,-1290948,-47336,4006202,14906651,38649.433333333333,20278.500000000000,31175.571428571429,19692.714285714286,9595844,8352232,295363,312338,19038.000000000000,35377.000000000000
2024-10-14,22788,17174,9637,11151,4845,4653,-865098,16358,3891408,12708689,43684.366666666667,22168.233333333333,32669.714285714286,19422.142857142857,7344773,6463317,288305,307907,20845.333333333333,34352.000000000000
2024-10-11,53974,19768,26740,22562,7652,9897,14958,-246796,3426066,29834738,46128.133333333333,24498.266666666667,28589.285714285714,18764.571428571429,15109030,15370784,311370,321351,18108.333333333333,24200.666666666667
2024-10-10,29369,20172,14433,11912,8109,8093,2297833,233660,3852500,15079715,46878.166666666667,24812.233333333333,30234.571428571429,19964.000000000000,7522593,9586766,300204,316480,18842.333333333333,20391.000000000000
2024-10-09,19713,22596,7917,9744,8020,11417,-922268,64919,2815939,10511853,46978.400000000000,24364.666666666667,33196.857142857143,20138.857142857143,6447443,5460256,294710,313057,19379.666666666667,30795.000000000000
2024-10-08,23520,11557,12265,8915,4979,5386,2287585,638756,3501409,9332881,47213.266666666667,24555.066666666667,37630.285714285714,23357.000000000000,4986451,6635280,291145,308362,20620.666666666667,34037.333333333333
2024-10-07,17940,22374,7331,9079,9718,10101,-883422,866922,4485856,5471353,47566.600000000000,24308.266666666667,48356.857142857143,24655.285714285714,5511154,3760810,281858,303025,18217.666666666667,36527.666666666667
2024-10-04,50925,24208,24977,20802,8366,12938,1352258,-738513,4620006,15912320,47079.400000000000,24053.533333333333,45926.428571428571,23454.571428571429,8448734,10539505,302717,329138,19671.000000000000,33181.333333333333
2024-10-03,33247,15280,17305,13927,6041,7234,3312523,1243154,8977450,16325404,46820.100000000000,23880.466666666667,44360.571428571429,23054.285714285714,10913632,12727901,298445,330650,22517.666666666667,35582.000000000000
2024-10-02,25411,15165,9593,11600,6158,7638,-897992,413550,4964708,7160880,46870.000000000000,23802.733333333333,43132.571428571429,22735.285714285714,5849441,4537899,299397,325410,28824.000000000000,45296.333333333333
2024-10-01,40886,28568,15804,19917,12929,12210,-1335634,581070,8275954,15505640,46980.733333333333,23358.966666666667,43820.571428571429,21658.285714285714,10998607,9081903,296242,317366,29788.666666666667,62676.333333333333
2024-09-30,40449,23820,16038,19677,9150,11192,-1533751,-89407,7071952,9786330,48007.500000000000,23255.700000000000,43321.428571428571,20911.428571428571,7646190,6201846,286198,301393,27116.333333333333,60497.333333333333
2024-09-27,54554,34084,21234,28796,18721,12714,-1342711,3908718,9901830,19120690,49590.066666666667,23494.900000000000,40901.857142857143,18034.714285714286,16124252,10872823,298221,316329,19914.333333333333,49741.333333333333
