date,call_volume,put_volume,call_volume_ask_side,call_volume_bid_side,put_volume_ask_side,put_volume_bid_side,net_call_premium,net_put_premium,put_premium,call_premium,avg_30_day_call_volume,avg_30_day_put_volume,avg_7_day_call_volume,avg_7_day_put_volume,bearish_premium,bullish_premium,put_open_interest,call_open_interest,avg_3_day_put_volume,avg_3_day_call_volume
2026-09-25,420324,85297,170727.0,205119.0,38888.0,33932.0,-4752408.00,859113.00,6130262.00,43102404.00,170758.6333,23125.5333,281764.4286,30765.2857,24754754.00,19143233.00,363914,1469509,35191.6667,321167
2026-09-24,324152,45020,155379.0,135043.0,18092.0,20758.0,3149729.00,-12303.00,2391219.00,36519637.00,162197.2667,22192.3667,257749.4286,26547.4286,15518709.00,18680741.00,354871,1450975,29308,284185.6667
2026-09-23,257846,28835,110304.0,119811.0,10067.0,15119.0,-43163.00,210761.00,2096825.00,32138287.00,155866.7333,21779.3333,255683,26014.8571,15364023.00,15110099.00,344608,1422723,31009,291960.3333
2026-09-22,381503,31720,187121.0,151943.0,13116.0,15532.0,7244482.00,-70125.00,2436844.00,47524722.00,146828.4,21421.2333,247693.5714,27499.4286,18704490.00,26019097.00,335796,1380392,29786.6667,281111
2026-09-21,213208,27369,100233.0,89381.0,13208.0,11040.0,193388.00,424471.00,1895167.00,20226727.00,142375.0333,20970.7333,245062.2857,27528.2857,9895327.00,9664244.00,328315,1329239,27471,265214
2026-09-18,281170,33938,111856.0,136228.0,14271.0,16749.0,-2746470.00,-200382.00,1885975.00,33316421.00,135703.5,20809.4333,240038,28124.7143,16015101.00,13469013.00,382685,1482411,21323.3333,223506.3333
2026-09-17,348955,28053,158240.0,156563.0,9477.0,15483.0,2905732.00,-7923.00,1652701.00,26363140.00,126923.5,20996.2,211401.8571,28928.5714,10949391.00,13863046.00,375687,1446629,20341.3333,188315
2026-09-16,165517,20422,70655.0,80690.0,9026.0,9166.0,1108757.00,63903.00,761943.00,10802843.00,125975.0667,21791.1333,211443,29394.4286,4658645.00,5703499.00,371250,1430521,27571.3333,241668.3333
2026-09-15,156047,15495,55837.0,87419.0,5871.0,7515.0,-359819.00,-190657.00,1035591.00,8935790.00,130362.8,23729.8667,208197.7143,30875.7143,4439467.00,4270305.00,369281,1396983,31596.6667,254582.3333
2026-09-14,243381,25107,106846.0,113014.0,10758.0,11127.0,2207560.00,103757.00,1525005.00,18475334.00,125501.7667,23200.4667,187735.7143,29442.7143,7757178.00,9860981.00,365035,1341261,35932,255455.3333
2026-09-11,325577,42112,149677.0,134897.0,17402.0,21110.0,1592560.00,-371570.00,1728242.00,25898837.00,117107.6667,22155.1333,157143.4286,25565.8571,10878890.00,12843020.00,383336,1390576,33121.3333,196430.3333
2026-09-10,194789,27571,72999.0,100277.0,11407.0,13426.0,518017.00,25016.00,1113721.00,12184452.00,112583.2,21432.5333,154111.2857,25043,5562774.00,6055775.00,380467,1365909,31825.3333,186769
2026-09-09,246000,38113,112486.0,107257.0,15233.0,19340.0,194242.00,250287.00,2277204.00,15104759.00,108887.8,20619.1667,136256.1429,23428.5714,7629727.00,7573682.00,380278,1324804,27742.3333,149212.3333
2026-09-08,148502,33680,63725.0,70954.0,16134.0,14709.0,-711837.00,377886.00,1871792.00,9013451.00,106755.8333,19835.3667,138626.4286,20929.1429,5344695.00,4254972.00,371658,1278650,21541,133094
2026-09-04,165805,23683,76318.0,73313.0,9494.0,12127.0,-496698.00,-300142.00,4201285.00,10547866.00,103848.9,19599.5333,123576.2857,19110.8571,6635354.00,6438798.00,385687,1333037,18638,114969.3333
2026-09-03,133330,25864,59682.0,58561.0,9321.0,13558.0,284.00,-4312900.00,8638443.00,9372880.00,101730.1333,19199.4,114576.4286,16576.4286,6059522.00,10372706.00,376916,1304552,17987,128380.6667
2026-09-02,100147,15076,44435.0,44038.0,6789.0,5946.0,-227439.00,-1864043.00,4902016.00,7701413.00,100338.6,19044.3,113921.8571,16045.7143,4763561.00,6400165.00,372603,1283033,21899,135336.3333
2026-09-01,111431,14974,51986.0,49439.0,6295.0,7188.0,-57276.00,-2840221.00,6847914.00,7765440.00,99318.2333,18838.1667,113376,16221.8571,5290328.00,8073273.00,368303,1252532,22302.3333,153224
2026-08-31,173564,23911,73934.0,84217.0,9269.0,12007.0,-1462059.00,-913218.00,4742073.00,11161601.00,96700.3333,18404.3,103009.4286,16076.8571,7417428.00,6868587.00,363612,1205403,17983.6667,115520.6667
2026-08-28,121014,26812,40492.0,64472.0,9406.0,15376.0,-1525328.00,-1109160.00,2588469.00,6963902.00,96825.5333,18291.3,97989,14262,4455879.00,4039711.00,364419,1259901,11754,98626.3333
2026-08-27,165094,16184,80056.0,70668.0,7153.0,6914.0,506431.00,-186853.00,1443179.00,9285696.00,94324.3667,18555,88849.8571,14755.2857,4433393.00,5126677.00,360267,1216688,10146.3333,75450
2026-08-26,60454,10955,23393.0,31616.0,4744.0,3927.0,-546782.00,164548.00,1114799.00,4730013.00,94711.4333,18601.0667,94200,15175.8571,2897479.00,2186149.00,358034,1200992,11897,91168.6667
2026-08-25,70331,8123,31282.0,32108.0,3177.0,3956.0,220106.00,38530.00,771757.00,5960114.00,95306.1,18702.3667,95591,16537.8571,2821722.00,3003298.00,355645,1175056,16821.3333,101391
2026-08-24,95565,11361,35815.0,52063.0,5294.0,4829.0,-1282346.00,219820.00,836498.00,7505421.00,95076.9667,18923.9333,91339.5714,17055.4286,4446237.00,2944071.00,349781,1129286,17737,98159.6667
2026-08-21,107610,16207,47067.0,48769.0,4375.0,8246.0,-1193633.00,72623.00,1342583.00,8132306.00,94165.3667,19048.2333,85582.5714,17172.2857,4747874.00,3481618.00,368488,1239478,18880.3333,95996.3333
2026-08-20,100998,22896,46793.0,45122.0,7418.0,14288.0,-244543.00,-1267556.00,3533404.00,6717092.00,93619.1667,18761.9667,80858.5714,16250.5714,4191462.00,5214475.00,370726,1204541,15881.3333,94965.3333
2026-08-19,85871,14108,33422.0,37320.0,6071.0,5694.0,-416718.00,-43253.00,1509987.00,4957385.00,93724.7667,18713.5333,84356,17231.8571,2803994.00,2430529.00,371769,1183427,17064.3333,93031
2026-08-18,101120,19637,37699.0,45183.0,9717.0,7833.0,-795542.00,172313.00,1922678.00,6808658.00,95580.0333,19014.7333,81282.7143,16405.7143,4150567.00,3182712.00,374583,1153670,15513.3333,81259.3333
2026-08-17,97905,13899,36912.0,44962.0,6472.0,5326.0,-1379755.00,148081.00,1366568.00,6745548.00,95558.6,19107.7333,78871.1429,18577.1429,4063621.00,2535785.00,370509,1128833,16555.3333,71061.3333
2026-08-14,80068,17657,34892.0,32067.0,6552.0,7894.0,183479.00,-62894.00,1464673.00,4580287.00,99059.6667,19287.2667,79655,20862.7143,2470203.00,2716576.00,379184,1175888,16151,67015.3333
2026-08-13,65805,14984,27406.0,31097.0,6442.0,6301.0,-267445.00,312982.00,2260134.00,4802953.00,101737.2667,19899.3667,89834.8571,25046.4286,3408652.00,2828225.00,378004,1164178,18148.6667,81864.6667
2026-08-12,67311,17025,24525.0,34725.0,7147.0,7849.0,-577017.00,-253721.00,1999667.00,5177996.00,102176.8667,19726.9667,121316,33136.7143,3122680.00,2799384.00,373362,1145422,17091.6667,85963.3333
2026-08-11,67930,16444,28300.0,29448.0,11723.0,3210.0,-173755.00,2342598.00,3289702.00,4300638.00,103388.9333,19706.2667,125547.4286,32105.4286,4612602.00,2096249.00,366720,1126042,21310,90328
2026-08-10,110353,20977,42996.0,54497.0,12579.0,5172.0,-1716803.00,334201.00,2554783.00,7784112.00,104817.0333,19918.1333,120319,30644.7143,5521810.00,3470806.00,356768,1084064,25536.3333,82062
2026-08-07,79607,13854,35347.0,36944.0,5834.0,6120.0,-105152.00,1043.00,1053423.00,4113366.00,105448.4,20073.0667,117383,29507.4286,2330325.00,2224130.00,380808,1159118,35675,101214.3333
2026-08-06,81024,29099,37577.0,35418.0,13860.0,13086.0,242142.00,749703.00,3441810.00,5354234.00,106279.7333,19623.9,125113.5714,27309.2857,4084737.00,3577176.00,388515,1136707,50527.6667,170099.3333
2026-08-05,85555,33656,34174.0,41126.0,8441.0,21610.0,-760097.00,-514619.00,2187049.00,6046136.00,106340.7333,18956.3333,124969,23953.5714,3737097.00,3491619.00,370409,1115888,42384,174097.6667
2026-08-04,137064,44270,52608.0,67556.0,10161.0,29253.0,-1110690.00,-1665870.00,4302548.00,10756140.00,105540.7667,18001.9,116616.5714,20001.8571,6331967.00,6887147.00,356403,1116763,31211.3333,152994.3333
2026-08-03,287679,73657,89546.0,127769.0,33287.0,29887.0,-3985516.00,747101.00,7497729.00,24740208.00,100801.9667,16438.2,85486.2857,11459.4286,15509388.00,10776771.00,323770,991828,8623.3333,76786.3333
2026-07-31,97550,9225,38648.0,44569.0,3205.0,3777.0,-1318317.00,76298.00,501163.00,5588851.00,101563.3,16841.9333,79893.5714,11630.5714,3187978.00,1793363.00,332785,1054963,10119,89315.6667
2026-07-30,73754,10752,32560.0,31984.0,4191.0,5623.0,-838783.00,-199404.00,856766.00,5143153.00,102980.1333,16991.7667,80903,11350.2857,2915751.00,2276372.00,332276,1040100,9923.6667,92912
2026-07-29,59055,5893,24328.0,27655.0,2287.0,2841.0,-649424.00,-15732.00,456520.00,3817724.00,105152.8,17264.8667,86041.8571,12064.8571,2174600.00,1540908.00,331461,1025818,13495.3333,99426
2026-07-28,135138,13712,55765.0,36448.0,4778.0,6929.0,421512.00,-44091.00,1190369.00,19767679.00,105896.2,18680.3667,84560.7143,13452,3043827.00,3509430.00,330399,983086,13544.6667,77635.6667
2026-07-27,84543,10166,34233.0,38786.0,4187.0,4636.0,-685219.00,-42913.00,876212.00,7450608.00,106900.4333,18881.6,85348.7143,15441.8571,3002602.00,2360296.00,326058,940892,13630.3333,68921.6667
2026-07-24,78597,16608,31577.0,32532.0,5925.0,6855.0,-814483.00,-140107.00,1428258.00,8675579.00,108528.9,18873.5,84415.7143,14831.7143,3015158.00,2340782.00,331517,998187,11024.3333,69662.6667
2026-07-23,69767,13860,25655.0,33790.0,5373.0,7103.0,-82134.00,-279436.00,1113984.00,4440098.00,109480.8667,19140.1333,87044.8571,14446.2857,2243034.00,2440336.00,326789,983233,10036,78082.6667
2026-07-22,58401,10423,24419.0,27525.0,3671.0,5191.0,-85552.00,-19468.00,619265.00,3680127.00,110936.4667,19415.1667,91372,15529.8571,1841591.00,1775507.00,323249,971946,14369,100205.6667
2026-07-21,80820,8790,26541.0,43930.0,3560.0,4454.0,-3141588.00,49541.00,736157.00,7327204.00,114650.9333,20512.9,91292.2857,17122.1429,5231762.00,2040633.00,318699,953498,19470.6667,103285.3333
2026-07-20,95027,10895,36305.0,46175.0,4306.0,5193.0,-900245.00,-58307.00,666563.00,6874639.00,116426.3667,20905.0333,89804.4286,17609.7143,3368612.00,2526674.00,314940,919639,19951.3333,95631.6667
2026-07-17,124770,23422,51706.0,57617.0,10112.0,8430.0,-1928017.00,-99640.00,1106936.00,15055801.00,119386.2,21829.6667,84700,16071.5714,7741889.00,5913512.00,350238,1089993,15864.6667,83432
2026-07-16,90059,24095,34467.0,39333.0,12573.0,7961.0,-513800.00,771582.00,2404491.00,7578415.00,118674.2667,21596.0333,94231.2857,16725.5714,4398960.00,3113578.00,347747,1074285,13835.6667,82976
2026-07-15,72066,12337,28650.0,33204.0,4893.0,4987.0,-517149.00,-81173.00,1027455.00,6878660.00,119987.8333,21665.4,97830.7143,17347.2857,3500523.00,3064547.00,344138,1057241,16368.6667,85708
2026-07-14,88171,11162,41395.0,35199.0,5346.0,4540.0,-501931.00,76799.00,757615.00,7304249.00,121746.9,22477.1333,111677.7143,19044.5714,3595283.00,3016553.00,341130,1035846,17417.3333,84521.6667
2026-07-13,88691,18008,37729.0,40180.0,7788.0,7261.0,-294562.00,-39155.00,1643654.00,5339335.00,120962.8667,22366.5333,119883.7143,21235.8571,3119549.00,2864142.00,337404,1010371,15633,84637.6667
2026-07-10,80262,19936,34858.0,36413.0,8137.0,8081.0,-1082666.00,-117150.00,1857757.00,4874062.00,121045,22258.6333,119917.5714,20081.1429,3350287.00,2384771.00,353244,1098354,18545.3333,110143
2026-07-09,84612,14308,32809.0,41016.0,4629.0,6727.0,-916508.00,-208772.00,1215645.00,4351610.00,121874.2333,22259.8333,122729,20297.5714,2641836.00,1934100.00,349733,1086929,19339,114359.6667
2026-07-08,89039,12655,29456.0,47184.0,5895.0,5038.0,-825326.00,30630.00,804592.00,4911037.00,123419.6,23081.7667,131894.2857,22394.4286,2764172.00,1908216.00,345491,1076082,22801.6667,146380
2026-07-07,156778,28673,59500.0,78685.0,11083.0,14811.0,-641276.00,-474926.00,1878032.00,9472569.00,120579.5667,22507.6,123575.7143,20941.4286,4986168.00,4819818.00,337138,1058986,24359.6667,142831.6667
2026-07-06,97262,16689,39695.0,45081.0,7319.0,7001.0,-949973.00,-327.00,912311.00,7868905.00,120777.7,22509.4667,124818.8571,20789.2857,4208358.00,3258712.00,330187,1025625,22747.6667,137244
2026-07-02,185100,23043,73326.0,89359.0,9549.0,9984.0,-1913829.00,-24571.00,1026240.00,10745574.00,117395.0667,22191.3667,110859.5714,19444.4286,6042522.00,4153264.00,343473,1095590,20341,110308
2026-07-01,146133,33347,73436.0,57516.0,13908.0,13649.0,452544.00,239368.00,1967918.00,7847964.00,116608.3333,21992.8333,106135.5714,16914.4286,4046555.00,4259731.00,334821,1058335,18336.3333,112662.3333
2026-06-30,80499,11853,36648.0,35327.0,4389.0,5939.0,94964.00,-100320.00,636735.00,4005026.00,118502.7,22946.5333,115423.5714,19042,1853032.00,2048316.00,330397,1037268,20552.6667,118678.6667
2026-06-29,104292,15823,47306.0,46185.0,5554.0,8165.0,248954.00,27024.00,978592.00,5527938.00,120212.1333,23367.1,117723.2857,19829.7143,2681928.00,2903858.00,327329,1002682,20486.3333,119236
2026-06-26,153196,27333,67151.0,70491.0,12000.0,11003.0,405059.00,179966.00,1552587.00,8844587.00,121127.5333,23557.5,112446.5714,18103.1429,4052908.00,4278001.00,339476,1071079,15918.3333,97299
2026-06-25,98548,18502,30130.0,57096.0,9909.0,6175.0,-2547666.00,-899198.00,2752238.00,7865659.00,123199.3,24291.4667,116116.1429,17472.2857,5193765.00,3545297.00,333696,1044679,14963.3333,102138
2026-06-24,105964,15624,40864.0,47573.0,5975.0,7470.0,-1298547.00,-45702.00,1508844.00,5843576.00,126176.3667,25171.5667,123469.8571,23265.5714,3639650.00,2386805.00,331154,1011860,18670.6667,115321.6667
2026-06-23,87385,13629,33506.0,44704.0,5905.0,5626.0,-1156322.00,290560.00,1006714.00,4859291.00,130183.9333,26149,127367.7143,23633.2857,3246551.00,1799669.00,325432,979538,21240,126323.3333
2026-06-22,113065,15637,42480.0,58245.0,7244.0,6515.0,-1029963.00,-52490.00,1048868.00,5298286.00,132718.1333,27667.7333,129422.8571,23737.2857,3250581.00,2273108.00,318886,940746,21110,127388
2026-06-18,145515,26746,61218.0,60431.0,10405.0,10780.0,-1162970.00,-13101.00,1868374.00,7266974.00,135855.9333,28500.4,122681.5714,23039.1429,4409725.00,3259856.00,378651,1213018,16890,120294.6667
2026-06-17,120390,21337,49230.0,52784.0,7957.0,10650.0,-582088.00,-774899.00,2168851.00,5311202.00,142779.1,30976.0333,120064.2857,22658.7143,3102316.00,3295127.00,379110,1186776,28503.3333,132644.6667
2026-06-16,116259,15247,40944.0,53744.0,6281.0,6488.0,-1487758.00,-64763.00,1752243.00,7559151.00,156379.5333,34830.6,130920.7143,26440.8571,4712096.00,3289118.00,379231,1168403,28822,132115
2026-06-15,124235,14086,44981.0,58995.0,5918.0,6384.0,24314.00,60980.00,946230.00,8244904.00,171028.6333,36309.6667,134357.1429,27665.5714,3992207.00,3955541.00,375567,1125465,29581.6667,133187
2026-06-12,157440,56177,60475.0,67451.0,38397.0,12404.0,-1300123.00,574475.00,3477778.00,8831187.00,171126.6667,35208.6333,142375,26949,5847626.00,3973028.00,393550,1184259,18142.3333,113482.3333
2026-06-11,114670,16203,41809.0,49868.0,7151.0,6597.0,-676319.00,-80837.00,1123696.00,5329155.00,172182.6333,35843.3667,135808,27075.1429,3040033.00,2444551.00,391630,1163941,18966,109282
2026-06-10,127451,16365,48838.0,53466.0,7177.0,6271.0,-420270.00,25818.00,840457.00,7322092.00,171701.2,35730.0333,133525.4286,26797,3804781.00,3358693.00,388719,1143212,27418.3333,130883
2026-06-09,98326,21859,37531.0,42433.0,10836.0,8126.0,-633602.00,-18098.00,1014028.00,5102972.00,173215.5,35803.5,139613.5714,28747.7143,2961973.00,2346469.00,385203,1126309,27685,147537.6667
2026-06-08,102069,18674,37418.0,43856.0,8382.0,7350.0,-390082.00,310966.00,1419105.00,6126611.00,176574.5333,36122.3667,134342.2857,28178.5714,3047797.00,2346749.00,380232,1100982,38514,184703
2026-06-05,192254,41722,83480.0,79765.0,21192.0,15108.0,-29310.00,-359874.00,3153154.00,10507035.00,177135.5333,35795.6,118695.4286,24603.8571,5864906.00,6195470.00,398756,1176042,30302,143518.6667
2026-06-04,148290,22659,69609.0,58617.0,9781.0,9835.0,717168.00,-107751.00,1657110.00,8419230.00,180365.7,36156.1333,113152.4286,23416,3881010.00,4705929.00,394592,1148210,27555,131246.3333
2026-06-03,213565,51161,86580.0,95984.0,21593.0,18521.0,576867.00,991313.00,6550494.00,15463901.00,178070.9333,35139.4667,101986,21437.7143,8963713.00,8549267.00,384307,1119434,22339.3333,107039
2026-06-02,68701,17086,25290.0,34165.0,7563.0,5704.0,-869033.00,-106962.00,1876035.00,5982024.00,181923.4667,35330.7667,102396.8571,20632.2857,3741398.00,2979327.00,378896,1100556,21540.6667,105862
2026-06-01,111473,14418,40679.0,51733.0,5359.0,6198.0,-1548681.00,-84210.00,1310989.00,9158173.00,190500.6,36659.0333,101215.8571,20964.7143,4585464.00,3120993.00,372449,1065319,22301,96279.6667
2026-05-29,140943,35514,60193.0,63461.0,15630.0,12993.0,-1124591.00,93564.00,2679820.00,7597611.00,197011.2,36932.9333,93027,17819.8571,4888340.00,3670185.00,378048,1145071,15244.3333,85795
2026-05-28,65170,14690,25955.0,30691.0,4972.0,7224.0,-1070979.00,-1051442.00,2007935.00,5680964.00,204753.5667,37608.3,101221.4286,19634.2857,3428271.00,3408734.00,378435,1125918,22785.3333,109205
2026-05-27,82726,16699,25102.0,41852.0,5143.0,8785.0,-1532305.00,-717132.00,2396960.00,7343789.00,210969.7667,38754.4,109022,23029.2857,3972578.00,3154931.00,373827,1096954,21035,105488.6667
2026-05-26,109489,14344,36759.0,44053.0,7036.0,6130.0,-784771.00,55433.00,827284.00,12305765.00,211342.2333,39091.9,115605.7143,25043,3429863.00,2589659.00,367852,1047392,21835.3333,103394.3333
2026-05-22,135400,37313,54837.0,66853.0,18295.0,13905.0,-1268704.00,-151512.00,2033754.00,7394003.00,212296.7667,38558.2,122071.1429,24433.2857,4664890.00,3547698.00,386708,1137961,13897.6667,86134.6667
2026-05-21,71577,11448,27178.0,34379.0,4082.0,5501.0,-301514.00,-242212.00,937673.00,4844833.00,212272.6,38660.4333,134803.1429,28586.5714,2501243.00,2441941.00,385465,1122840,19212,103119.3333
2026-05-20,103206,16745,43253.0,47125.0,6890.0,7538.0,-343916.00,150133.00,1775985.00,7455267.00,211489.3,38626.5333,147956,32198.2857,4325255.00,3831206.00,381619,1107076,27118.3333,114494
2026-05-19,83621,13500,30595.0,41669.0,4877.0,6973.0,-530627.00,207935.00,1622360.00,4099116.00,212434.8667,38827.7333,165669,36405.7143,2824985.00,2086423.00,378502,1082421,32098.3333,138478.6667
2026-05-18,122531,27391,42833.0,64218.0,14860.0,10767.0,-1567042.00,1267732.00,3129600.00,7999524.00,210753.7667,38701.9333,175177.5714,41235.4286,4472047.00,3277033.00,364775,1038207,33983,157854.3333
2026-05-15,137330,40464,48990.0,70136.0,17029.0,16776.0,-2125873.00,-218467.00,4024190.00,12201513.00,210726.8667,38303.8,189794.5714,42844.2857,8102536.00,6195130.00,410630,1240595,34002,165644.6667
2026-05-14,155575,28440,48651.0,91801.0,12203.0,11321.0,-1464786.00,-570059.00,3106915.00,10111032.00,207707.6333,37930.9333,214438.8571,52439.4286,6306687.00,5411960.00,408556,1203575,38531,178878.3333
2026-05-13,180658,33045,56074.0,103965.0,15473.0,11402.0,-2838734.00,97752.00,3417232.00,13254130.00,205579.8,37712.8,263526.5714,66416.4286,7885275.00,4948789.00,401502,1196185,41833.3333,187863
2026-05-12,160701,40521,66892.0,75718.0,16755.0,17703.0,-1418742.00,-409550.00,3227387.00,10299940.00,203834.2333,37067.2333,321099,68978.8571,6446578.00,5437386.00,389112,1156368,48726,197326.3333
2026-05-11,195276,42027,74492.0,100909.0,21926.0,14974.0,-1640606.00,638110.00,3975709.00,13446326.00,201211.4667,36784.7667,316114,66281.5714,8838345.00,6559629.00,371540,1107116,51959,212117.3333
2026-05-08,207612,42952,93319.0,91601.0,18985.0,17015.0,-1295444.00,474566.00,7250964.00,13432757.00,199028.0667,36352.8333,307362.1429,65180.5714,9924233.00,8154223.00,407681,1232483,69510.3333,252275
2026-05-07,189091,61199,60432.0,102221.0,29459.0,20261.0,-3525527.00,601209.00,36997588.00,14498585.00,198727.0667,35956.9,296493.1429,58290,25132600.00,9755864.00,387427,1192339,92738.6667,364002
2026-05-06,239649,51726,92686.0,104976.0,20225.0,25632.0,-1608084.00,305521.00,4199946.00,24440520.00,195800.3333,35697.1667,282794,54338.1429,11871738.00,9958133.00,378999,1160699,94982.6667,472021.6667
2026-05-05,328085,95606,136308.0,144828.0,35110.0,44987.0,-1783680.00,-441432.00,15591210.00,34243644.00,188193.5,33498.1,264901.8571,44714.4286,22066674.00,20724426.00,353342,1097000,70829.3333,416120.3333
2026-05-04,524272,130884,189746.0,274376.0,63553.0,51676.0,-6889309.00,739278.00,13628736.00,58587728.00,174494.3,30677.6,219875,30576.5714,35946192.00,28317605.00,307804,1021720,38949.6667,290146
2026-05-01,563708,58458,280207.0,220236.0,24746.0,28124.0,6537632.00,-33933.00,3724627.00,61662371.00,159571.3,29601.7,174373.1429,27007.5714,25497300.00,32068865.00,323362,1072919,23785.3333,139912.6667
2026-04-30,160381,23146,71678.0,71543.0,8559.0,11906.0,536789.00,-8261.00,1246391.00,9566455.00,157139,29348.4667,172136.1429,26652.5714,4396682.00,4941732.00,318369,1037039,24091,134370.6667
2026-04-29,146349,35245,49364.0,77363.0,14181.0,15869.0,-1798363.00,-157275.00,3106818.00,12229086.00,155170.6,28608.1,177554.4286,24878.2857,7136373.00,5495285.00,308630,1020684,21756,153201
2026-04-28,113008,12965,39909.0,61197.0,6462.0,5190.0,-676354.00,20702.00,858507.00,10903954.00,155634.5,29099.1667,214094.2857,30778.4286,5521461.00,4824405.00,304627,1006491,28074,185226.3333
2026-04-27,143755,24063,62556.0,64092.0,11000.0,10940.0,1118289.00,-146387.00,1677088.00,14358787.00,157540.3333,29749.1667,241595.1429,33588.1429,6398889.00,7663565.00,295164,967023,31211.3333,219039.6667
2026-04-24,202840,28240,75464.0,100835.0,14158.0,10355.0,-2439789.00,600005.00,2107108.00,17417558.00,153915.6333,29289.8333,255109.5714,34546.8571,9818221.00,6778427.00,319336,1081701,28685,199667
2026-04-23,209084,31919,69164.0,115252.0,16460.0,10520.0,-4082582.00,231130.00,2273626.00,20092449.00,150373.8,28804.0333,263699.2857,37284.4286,11927070.00,7613358.00,315064,1048607,25653.6667,191398
2026-04-22,245195,33475,118616.0,96672.0,13064.0,14620.0,2937349.00,-143689.00,2258568.00,21287109.00,145379.6333,28305.0333,245909,35997.8571,8558695.00,11639733.00,305809,1007430,32584,232595.3333
2026-04-21,144722,20661,46511.0,80791.0,10457.0,7403.0,-1623602.00,212055.00,1190087.00,13788555.00,145632.3333,28507.9667,248668.1429,36089.4286,7172811.00,5337154.00,299620,982660,40274,296441.6667
2026-04-20,184277,22825,79009.0,88366.0,10382.0,9103.0,771000.00,-18511.00,1347633.00,14717808.00,146331.4333,29144.0667,232464.5714,34902.2857,6899530.00,7689041.00,292735,920135,44316,334163
2026-04-17,368787,54266,129573.0,193531.0,27298.0,19565.0,-3598668.00,65045.00,2567374.00,29398861.00,138132.0667,28088,191167.4286,29396.8571,15558293.00,11894580.00,369311,1133093,43254.6667,300971.3333
2026-04-16,336261,43731,154211.0,143123.0,18513.0,20397.0,1453602.00,-40982.00,1881350.00,25502698.00,129452.8333,26902.9667,159128.4286,25940.4286,11117185.00,12611159.00,357352,1077828,36834,229105.3333
2026-04-15,297441,34951,147485.0,119153.0,12490.0,17259.0,1868092.00,-714401.00,3142999.00,24246602.00,122522.8333,26364.6,126936.5714,24321.2857,10816723.00,13399216.00,347938,1001699,32284.3333,184637
2026-04-14,269212,51082,130649.0,100477.0,12679.0,24910.0,2033234.00,-758736.00,15845911.00,24914856.00,117471.1667,25594.1,107981,21098.1429,9972116.00,12764086.00,316357,918466,20095.3333,118517
2026-04-13,120663,24469,57022.0,46734.0,9350.0,12257.0,112442.00,-194834.00,1131196.00,6974531.00,119946.4667,25755.9667,100028.8571,20067.4286,3222003.00,3529279.00,308091,868042,17181.6667,104865
2026-04-10,164036,21302,78481.0,65607.0,10060.0,7371.0,595386.00,157817.00,1147168.00,8260402.00,117994.4667,25919.7667,93284.1429,20810.1429,3723971.00,4161540.00,324178,913123,16593,87515.6667
2026-04-09,70852,14515,26107.0,32961.0,4720.0,4233.0,-597416.00,-9131.00,1428496.00,5605452.00,118855.9,26023.3667,98638.7143,21758.5714,2550074.00,1961789.00,319169,902227,19627,87931
2026-04-08,79707,15728,23651.0,44070.0,7142.0,6362.0,-711245.00,97470.00,958144.00,4337651.00,120107,26356.3,103908.1429,24305,2547378.00,1738663.00,315213,890360,23891,106869.6667
2026-04-07,111988,19536,53170.0,45659.0,7878.0,8112.0,85910.00,-149476.00,1641336.00,6845703.00,120917.9333,26515.0667,108211.2857,25799,3366007.00,3601393.00,308519,861886,23130.3333,91206.3333
2026-04-06,72098,23617,27178.0,37271.0,12342.0,8383.0,-240917.00,62352.00,854902.00,4115762.00,124500.0333,26875.8333,123634.5714,29471,2311752.00,2008483.00,297560,838192,24091.6667,106114.6667
2026-04-02,136523,28520,65491.0,51072.0,11288.0,13910.0,1068687.00,-270921.00,1290952.00,8074164.00,123235.5,26954.0333,125823.7143,31673,3295437.00,4635045.00,312526,880690,21636.3333,96718.3333
2026-04-01,64998,17254,23561.0,31422.0,6862.0,7640.0,-425582.00,-276167.00,1155668.00,5493231.00,125639.2333,27213.1333,130806.8571,33441.5714,2778389.00,2628974.00,308908,866967,27069.3333,113916.6667
2026-03-31,116823,26501,58677.0,45078.0,10010.0,14806.0,577782.00,-397947.00,1432632.00,6612065.00,125721.1,27149.4667,130303,36265.5714,2979793.00,3955522.00,304907,828427,28233.6667,122345.6667
2026-03-30,108334,21154,42867.0,51576.0,10052.0,9616.0,-243625.00,-166480.00,1319690.00,7000556.00,127054.7,27332.1667,131400.7143,36983.7143,3237265.00,3160120.00,296691,788127,37622.6667,146254.6667
2026-03-27,116593,33553,49416.0,53020.0,15951.0,13597.0,-612090.00,407068.00,2301826.00,8238831.00,129671.7,27022.1333,127232,34411.7143,5227961.00,4208803.00,328941,897895,41083,158006
2026-03-26,142110,29994,47843.0,79212.0,16196.0,9606.0,-2856670.00,119518.00,2921860.00,18632560.00,128250.8333,26733.6333,119401.5714,31988.8571,14300893.00,5729705.00,323661,863732,40963,143929.3333
2026-03-25,180061,49321,70049.0,88910.0,19022.0,25161.0,-1958865.00,-240332.00,2320347.00,11959569.00,126788.8667,25726.7,111810.7143,28899.7143,7321786.00,5603253.00,313226,829252,39945.6667,121674.3333
2026-03-24,151847,43934,61429.0,73567.0,19377.0,18493.0,225106.00,86087.00,2529420.00,10941574.00,125643.6667,25215.8,118822.5714,28846.7143,5722147.00,5861166.00,298175,776820,34028,109731.3333
2026-03-23,99880,29634,39791.0,49494.0,12443.0,12178.0,117680.00,-266597.00,2289762.00,7065226.00,130984.7,25549.3,117996.7143,26679,3865952.00,4250229.00,290785,740089,29333,105575.3333
2026-03-20,113296,46269,46090.0,54181.0,25159.0,15912.0,-1735321.00,378182.00,2662243.00,8790648.00,133736.2333,25400.3333,116501.4286,22547,5983232.00,3869729.00,321577,891615,18254.6667,96909
2026-03-19,116018,26181,44142.0,58089.0,10114.0,10697.0,158263.00,-917266.00,3434438.00,7469705.00,135308,25333.5667,113551.7143,21450.4286,4155252.00,5230781.00,317028,879362,18760,100544.6667
2026-03-18,87412,15549,40523.0,37140.0,7295.0,6244.0,263704.00,77102.00,1100784.00,5798907.00,140610.0333,26534.0333,122821.8571,23050.4286,2898675.00,3085277.00,312949,868673,28098,138384
2026-03-17,87297,13034,37750.0,39793.0,5067.0,6328.0,-129316.00,-120247.00,775633.00,5414204.00,153382.6667,28388.1,139672.2857,27175.2857,2723519.00,2714450.00,310212,847561,28573.3333,140651.3333
2026-03-16,126925,27697,53779.0,58645.0,13777.0,10661.0,-1325574.00,-807749.00,3446999.00,12854657.00,161533.3667,28832.1667,139083.8571,26444.8571,7678239.00,7160414.00,299248,806939,25122.6667,132619.3333
2026-03-13,200930,43563,76429.0,102366.0,15244.0,21219.0,-1705884.00,-772462.00,3073461.00,13129051.00,162093.2,28155.3333,121220.1429,21390.1429,7518078.00,6584656.00,321762,882905,16770,97432.6667
2026-03-12,94099,14460,37522.0,44429.0,4096.0,8039.0,38794.00,-489653.00,3056664.00,6819507.00,165490.2333,28428.5,120569,22010.1429,4101916.00,4630363.00,318855,865444,20866.3333,116834
2026-03-11,102829,17345,37321.0,52295.0,7832.0,7289.0,-924548.00,265180.00,1277995.00,8417616.00,171331.8333,28931.0667,122688,23527.5714,4826736.00,3637008.00,314546,854738,29054,150974.3333
2026-03-10,95370,18505,35683.0,47633.0,7719.0,7596.0,-869489.00,98349.00,1004993.00,7319839.00,191253.6,30769,136909.7143,25073.2857,4067677.00,3099839.00,307396,836352,30413.6667,160119.6667
2026-03-09,152303,26749,73977.0,61068.0,10507.0,12150.0,1436275.00,-97129.00,1197085.00,12007966.00,196655.8,31312.0333,130220.1429,24997.1429,4974894.00,6508298.00,295485,796288,24224,134646.6667
2026-03-06,205250,41908,103239.0,77707.0,13423.0,14321.0,823991.00,-109954.00,1628353.00,13029597.00,204785.4,31732.8667,114712.2857,21527.8571,5716072.00,6650017.00,303353,883939,16521.3333,96077
2026-03-05,122806,22584,50904.0,58594.0,10997.0,9212.0,-1268712.00,109463.00,1006527.00,9781514.00,206256.5667,31602.0667,113917.1429,21975.2857,5192184.00,3814009.00,298113,860872,18315.6667,94362.3333
2026-03-04,75884,8180,29128.0,38042.0,2348.0,4988.0,-1452129.00,-123811.00,392688.00,6953755.00,208285.9333,32034.8,122550.2857,24278,4028741.00,2700423.00,296923,845370,25364,134041.6667
2026-03-03,89541,18800,37647.0,40622.0,10164.0,6002.0,-80731.00,384565.00,1510450.00,6731513.00,212924.7,32315,135410.2857,26512.2857,3854113.00,3388817.00,287886,828091,27836,139353.3333
2026-03-02,117662,27967,47073.0,59346.0,14028.0,9715.0,-541057.00,18440.00,1540160.00,8235001.00,212690.4333,32513.8,132685.2857,26926.4286,4594563.00,4035066.00,275422,804151,24388,132364.3333
2026-02-27,194922,29325,85394.0,85942.0,12763.0,13100.0,-629757.00,-22423.00,1234747.00,11278290.00,208601.6333,31836.8,124426.4286,26312.4286,5781419.00,5174085.00,299879,905172,23185,106470.3333
2026-02-26,105476,26216,42332.0,51480.0,11798.0,11248.0,-676116.00,-47148.00,1061460.00,7460628.00,207649.2333,31595.5667,126398.2857,26080.2857,4084946.00,3455978.00,294209,887836,22546,116750.3333
2026-02-25,96695,17623,39373.0,45808.0,4091.0,10592.0,-510809.00,-159815.00,675016.00,7671292.00,207472.5333,31692.6333,133776.4286,27367.7143,3765764.00,3414770.00,286020,864024,28151.6667,144372.3333
2026-02-24,117240,25716,53123.0,50843.0,11027.0,11689.0,1371769.00,-8485.00,1458770.00,9373758.00,209557.5667,31528.8,144899.7143,27158.5714,4119535.00,5499789.00,277764,841260,29868.3333,138154.6667
2026-02-23,136316,24299,63147.0,57813.0,10281.0,9842.0,280593.00,-489911.00,3755383.00,9991052.00,208302.7333,31052.7667,139638,26735.7143,5768294.00,6538798.00,264758,789671,30111,138419.3333
2026-02-20,179561,34440,69724.0,88332.0,12581.0,16292.0,-1200469.00,-164362.00,2559981.00,10156831.00,209893.0667,30975.7667,133443.8571,24546.1429,5916142.00,4880035.00,300178,934718,26828,118325.3333
2026-02-19,98587,30866,38451.0,47808.0,11496.0,14276.0,-287926.00,62843.00,1904935.00,6828070.00,210149.7667,30251.4667,136144.4286,24223.4286,3951606.00,3600837.00,295318,910364,25417.6667,134910.3333
2026-02-18,137110,25027,65016.0,56116.0,9560.0,11855.0,-216206.00,-125028.00,2387358.00,7879308.00,209087.9,30026.3333,153716,26310.8571,4578823.00,4487645.00,287294,880128,25159.3333,154241.3333
2026-02-17,119279,24591,43318.0,61867.0,9730.0,11097.0,-1687442.00,155442.00,1866472.00,7885215.00,209861.7,30333.6667,164653.5714,28769.2857,5241350.00,3398466.00,280923,864872,24075.3333,147643
2026-02-13,148342,26635,59145.0,68666.0,10717.0,12268.0,-1288438.00,115320.00,1521963.00,10289530.00,209180.6333,30238.8,166772,28418.2857,5545493.00,4141735.00,304949,970355,21568,143596.3333
2026-02-12,195103,24252,70880.0,105199.0,12932.0,8838.0,-2385304.00,306040.00,6059069.00,14878847.00,205728.0667,29971.6,174110.5714,32319.8571,11076958.00,8385614.00,299444,946832,23019.6667,117725.6667
2026-02-11,99484,21339,35487.0,51590.0,10842.0,7825.0,-365326.00,295914.00,1808701.00,8685573.00,206056.0667,29909.0333,227109.4286,39079.4286,4911392.00,4250152.00,295364,927711,29119.6667,171268
2026-02-10,136202,19113,63463.0,59235.0,6753.0,9719.0,426866.00,122010.00,1500604.00,11216151.00,205168.8333,30118.5333,260715.7143,42208.8571,5518780.00,5823636.00,291632,899374,36682,191148
2026-02-09,117491,28607,43977.0,57566.0,14568.0,10591.0,-535124.00,829316.00,3208945.00,11046966.00,202411.6667,29331.5333,275034.8571,41444.7143,6764119.00,5399679.00,279709,875796,35205.6667,206374.6667
2026-02-06,260111,39639,109763.0,120631.0,16455.0,17944.0,-839474.00,-307811.00,2405981.00,20298724.00,197556.5,28968.5667,265877.5714,39018.4286,10014689.00,9483026.00,305892,990503,39180.3333,201828.6667
2026-02-05,195842,41800,79824.0,92859.0,17456.0,18288.0,-699244.00,156351.00,2242363.00,20260471.00,195528.8,28514.9333,277625.4286,37678.7143,9980783.00,9541188.00,301762,968299,48132.3333,293373.3333
2026-02-04,163171,24178,69674.0,72779.0,7610.0,12460.0,227401.00,-237338.00,2217484.00,14616102.00,194890.5333,28471.0333,353318.5714,44745.1429,6763211.00,7227950.00,298327,950960,53746,362798.3333
2026-02-03,246473,51563,88355.0,122597.0,25319.0,19764.0,-2841091.00,349077.00,4534610.00,29264998.00,190295.9667,27433,363018,43527.5714,16100236.00,12910068.00,285211,912166,44311,353215.6667
2026-02-02,470476,68656,218821.0,193230.0,22548.0,37290.0,6352587.00,-103379.00,6221628.00,62196587.00,180663.2333,26162.7,359969.7143,41510,25920639.00,32376605.00,252701,819234,28977.3333,261727
2026-01-30,371446,41019,170525.0,157995.0,17732.0,18036.0,1141621.00,159863.00,2134697.00,25802667.00,171660,25337.3,330754.7143,38315.8571,11782525.00,12764283.00,276745,965052,26111.6667,230604
2026-01-29,217725,23258,76557.0,116906.0,9995.0,10429.0,-2053167.00,-678646.00,2506937.00,14621332.00,171851.9,25456.3667,319189,38016.4286,8125413.00,6750892.00,272445,949455,42906.6667,389036.6667
2026-01-28,196010,22655,66842.0,105027.0,10055.0,8973.0,-2504513.00,196029.00,1281169.00,15975699.00,170849.8667,26309.4,323859.5714,38666.5714,8878216.00,6177674.00,268196,932561,49701.6667,428489.6667
2026-01-27,278077,32422,116462.0,125431.0,15262.0,13060.0,-6824.00,473873.00,2816589.00,25330767.00,166643.6667,25942.2667,299939.1429,38882.1429,12165444.00,11684747.00,258328,882712,57072,485510
2026-01-26,693023,73643,322608.0,290055.0,32216.0,32402.0,3668563.00,545944.00,5785056.00,78658104.00,152273.1667,25424.5,211258.4286,29649.5714,33627139.00,36749758.00,237715,744434,38744.3333,310149.3333
2026-01-23,314369,43040,136860.0,143831.0,17954.0,18026.0,914471.00,106211.00,2076017.00,18747155.00,146916.2,25504.5667,177334.8571,26212.2857,8531658.00,9339918.00,246824,797395,31451.6667,250948
2026-01-22,449138,54533,215644.0,175542.0,22714.0,25627.0,5890852.00,637230.00,3801993.00,37073707.00,135377.2,24409.9333,126228.5714,21355.4286,15161246.00,20414868.00,229771,708442,22342.6667,177470
2026-01-21,166941,18660,73894.0,74691.0,6078.0,9776.0,-159241.00,-263736.00,1507273.00,10490396.00,137738.1,24558.8333,128064.2857,21661.2857,5139676.00,5244171.00,225854,665237,27433,158701
2026-01-20,136765,21162,61900.0,59670.0,9207.0,8130.0,-385381.00,251670.00,1706763.00,8069714.00,137961.3333,24813.6333,122622.2857,20069.2857,4697746.00,4060695.00,214234,616976,23384,137198.6667
2026-01-16,228704,27206,97585.0,107948.0,11281.0,11752.0,-2213365.00,-2396.00,2121053.00,12863367.00,135027.7667,24807.6667,122417.5714,20772.7143,6867856.00,4656887.00,272198,845518,20641.6667,86598.6667
2026-01-15,110634,33931,51627.0,49469.0,6656.0,8205.0,104026.00,-171429.00,1917989.00,5884614.00,138115.5333,24384.7667,121796.7143,17230.7143,3053882.00,3329337.00,260573,827906,16176.3333,80185.3333
2026-01-14,72258,9015,29453.0,35159.0,4133.0,3723.0,-1480922.00,9945.00,1889254.00,5369908.00,141785.6667,24811.9333,126510.4286,18553.2857,3974706.00,2483839.00,258970,815268,20105,116029.6667
2026-01-13,76904,18979,31831.0,37619.0,8900.0,6068.0,-180873.00,1706824.00,4383416.00,4672002.00,149295.6333,24944.1667,135880.2857,20672.1429,4821428.00,2933731.00,252084,799840,17118,123285.3333
2026-01-12,91394,20535,38590.0,44961.0,8225.0,9158.0,516701.00,95095.00,1519267.00,8888764.00,151378.7667,25171.8667,141096.8571,21137,4539524.00,4961130.00,237987,773642,20983,168577.6667
2026-01-09,179791,20801,72191.0,89623.0,9004.0,8569.0,-901470.00,35963.00,1418701.00,6870707.00,150480.6667,25300.4333,128487.5714,20484.8571,4084786.00,3147353.00,248826,831057,17095,144076.6667
2026-01-08,98671,10018,37394.0,48706.0,3025.0,5556.0,-37894.00,-72499.00,744218.00,5273993.00,151010.0333,25861.1333,130009.4286,21834,2657408.00,2692013.00,246218,816007,19846.6667,146271
2026-01-07,227271,32130,104056.0,101995.0,10605.0,13801.0,628416.00,56503.00,2275560.00,15416456.00,148571.3333,26718.5,113197.1429,20872.2857,7573868.00,8145781.00,238752,766179,20407,118011.6667
2026-01-06,106288,9137,37959.0,50554.0,4317.0,3384.0,-733320.00,62631.00,867557.00,5998370.00,149539.5667,27640.1667,102981.1429,20280.8571,3332321.00,2536370.00,235326,730654,25291,125219
2026-01-05,105254,18273,43200.0,54125.0,7859.0,8433.0,306984.00,-4442475.00,17262108.00,4598330.00,148285.3333,27421.1,104295.7143,21777.5714,7707145.00,12456604.00,225771,691250,24612,120643
2026-01-02,142493,33811,66811.0,62390.0,13446.0,14707.0,1511500.00,-168174.00,5532466.00,10317322.00,146340.1333,26724.7333,103226.8571,20974.7143,6133491.00,7813165.00,229499,738419,19829,109586.6667
2025-12-31,127910,23789,47101.0,69468.0,10565.0,8811.0,-59472.00,-2975803.00,14544957.00,9466182.00,145498.3,26587.4,105528.7143,20842.1429,8830933.00,11747264.00,222400,706267,20365.3333,103478.3333
2025-12-30,91526,16236,41534.0,43286.0,6398.0,8387.0,420348.00,-2928169.00,11107118.00,4820958.00,146525.9,27061.4,107973,21440.1429,5779770.00,9128287.00,215660,686986,16619,84561.6667
2025-12-29,109324,19462,38603.0,58916.0,10189.0,7112.0,-1575763.00,328284.00,5399526.00,6735298.00,147547.8,27468.9333,118283,23023.7143,6454613.00,4550566.00,207890,657388,19715,86272.3333
2025-12-26,109585,25398,45753.0,52975.0,10796.0,10725.0,-1533019.00,-437618.00,2472490.00,5106807.00,147076.7333,27035.5,117106.4286,21717.8571,3914018.00,2818617.00,216589,734115,20646,94747.6667
2025-12-24,34776,4997,15226.0,16091.0,1890.0,2412.0,97025.00,-177515.00,655736.00,1691732.00,149771.3,27441.5333,144064.4286,24836.8571,889401.00,1163941.00,215894,723758,26600.6667,131163.3333
2025-12-23,114456,28750,37618.0,62721.0,13608.0,13475.0,-1612873.00,-434722.00,3008137.00,6381592.00,149932.7667,26908.7333,151420.5714,27622,4905161.00,3727010.00,195874,706628,23824.6667,129223.3333
2025-12-22,135011,28191,52100.0,65947.0,13215.0,11985.0,-367058.00,271777.00,1785443.00,11228374.00,149605.3333,27641.3333,153832,26653,4726184.00,4087349.00,178282,676245,24610,144717.6667
2025-12-19,144023,22861,57611.0,73537.0,8456.0,10623.0,-19482.00,-108194.00,1345631.00,6524622.00,150494.6333,27316.1,170672.7143,31688.5714,3383851.00,3472563.00,209785,803835,22408.6667,130493
2025-12-18,108636,20422,43511.0,51709.0,6190.0,11843.0,376993.00,-293444.00,1179823.00,6563587.00,149289.0667,27140.2,177104.7143,35262.8571,2973527.00,3643964.00,202668,789248,24544.6667,168775
2025-12-17,181494,30547,79705.0,78305.0,16613.0,11257.0,542287.00,1384532.00,4053681.00,10492284.00,146923.9,26836.1333,165886.7143,33998.1429,6713363.00,5870103.00,193733,766013,30444.3333,163593.3333
2025-12-16,101349,16257,40716.0,50912.0,5007.0,9866.0,34341.00,-354439.00,1008872.00,4635167.00,147222.3,27008.9333,185375.1429,34979.5714,2267435.00,2656215.00,190317,740030,32161.3333,180440.6667
2025-12-15,223482,26830,106847.0,91528.0,10750.0,12720.0,958530.00,-312964.00,2339331.00,11299545.00,145556.3,27961.6667,173943.7143,35261.8571,5133609.00,6404768.00,185427,676151,42588,193249.3333
2025-12-12,165949,48246,74500.0,74454.0,22880.0,19694.0,433625.00,40225.00,4647800.00,8227558.00,144044.2,26991.4333,170336.2857,32230.5714,5524188.00,5917588.00,216327,787299,41653.3333,189153
2025-12-11,151891,21408,54331.0,77551.0,8197.0,9047.0,-889667.00,-45327.00,1520217.00,7051212.00,142609.1333,26695.8667,177675.7143,32207.1429,4204406.00,3360066.00,216967,758395,41748.6667,172845.3333
2025-12-10,261908,58110,96220.0,131409.0,23170.0,27281.0,-891996.00,-130055.00,3906487.00,14735432.00,136556.1667,25521.7667,166312,27024.2857,8449132.00,7687191.00,208520,727612,30087.6667,164798.6667
2025-12-09,153660,45442,68698.0,69907.0,14604.0,24867.0,-142669.00,-676164.00,2732195.00,13506225.00,137662.6,24833.4333,187532.4286,23810.5714,6827558.00,7361053.00,186337,679622,24542.3333,161399.3333
2025-12-08,102968,21694,42948.0,49642.0,9845.0,9296.0,-2217880.00,-18280.00,2624972.00,10899815.00,141552.0333,25048.7,194806.7143,24620.8571,7332111.00,4774111.00,175833,644536,26320,173975.6667
2025-12-05,237768,23127,99126.0,123217.0,9839.0,9893.0,-2432977.00,1959472.00,3884124.00,17191625.00,144455.8,25359,182675.2857,24839.5714,11550757.00,7158308.00,188157,716396,25692.3333,162475.3333
2025-12-04,143462,28806,57595.0,71428.0,10629.0,15589.0,-1837035.00,394297.00,6533146.00,12837557.00,145769.0667,25543.6667,178545.2857,24558.5714,9908464.00,7677132.00,173827,690173,23367,175442
2025-12-03,140697,27027,63660.0,63917.0,8626.0,10121.0,-806941.00,395161.00,3929887.00,15475462.00,145442.2333,25172.8,180461.4286,28962,8371552.00,7169450.00,166392,667138,22006.6667,229277.3333
2025-12-02,203267,21244,88597.0,95235.0,8531.0,9905.0,-243274.00,-105918.00,4799002.00,16570330.00,142104.4,25274.1,170756.8571,31182.4286,9765078.00,9627722.00,159065,627967,24047.3333,212817.6667
2025-12-01,182362,21830,84262.0,82766.0,8782.0,9960.0,6296.00,131228.00,6462767.00,16793116.00,139531.9333,25578.4,154366.1429,29735.4286,10835032.00,10710100.00,150897,588939,24990,202979.6667
2025-11-28,302203,22946,132619.0,132971.0,9781.0,10469.0,-139987.00,-490686.00,2929533.00,22890391.00,133466.4,25400.1333,123213.8571,28303.1429,11160917.00,11511616.00,163289,606054,26287.6667,140429.3333
2025-11-26,153888,27366,71866.0,62430.0,10544.0,14867.0,-145903.00,-866191.00,3799684.00,10221972.00,131319.7333,25296,115894.8571,27203.5714,5905606.00,6625894.00,153003,575006,36449.3333,140503.3333
2025-11-25,152848,24658,63778.0,77669.0,8640.0,10773.0,-860749.00,-813285.00,2740441.00,8575701.00,128127.5333,24934.3667,111538.5714,28031.8571,5163652.00,5116188.00,144451,541438,40492.3333,134665.6667
2025-11-24,114552,26839,45226.0,59197.0,9873.0,12810.0,-2671953.00,-313394.00,2455620.00,10321868.00,127209.8667,24492.0333,115171.2857,28724.5714,6900771.00,4542212.00,134401,492905,35446.3333,119024
2025-11-21,154110,57851,61005.0,75060.0,28557.0,23673.0,-876730.00,2737308.00,7830492.00,7882035.00,124761.9333,23351.6333,106791.7143,22230.8571,8995038.00,5381000.00,170854,614611,20469.3333,95699.6667
2025-11-20,135335,36787,51420.0,74623.0,10643.0,14194.0,-1112415.00,-808647.00,8912267.00,7691769.00,122718.1333,22778.6667,103974.2857,19429.5714,6214152.00,5910384.00,167073,590447,14763.3333,84806.3333
2025-11-19,67627,11701,28798.0,32064.0,5216.0,4484.0,-560987.00,-95235.00,2557884.00,6200032.00,122755.1,23011.6333,111356.1429,19581.7143,4082645.00,3616893.00,165429,575162,21015,103048.6667
2025-11-18,84137,12920,34304.0,40473.0,4170.0,5952.0,-272687.00,-400972.00,2662696.00,5637334.00,121849.7667,23137.9333,117220.5714,24903,3461297.00,3589582.00,163467,553370,27271,121663.3333
2025-11-17,102655,19669,42162.0,50638.0,9295.0,7950.0,-1367364.00,-202856.00,4902555.00,7195157.00,120389.8667,23095.4667,126941.5714,23965.1429,6171115.00,5006607.00,159074,523984,24846.3333,119262.6667
2025-11-14,122354,30456,43631.0,66580.0,12709.0,12461.0,-978981.00,-2211099.00,7189115.00,7350345.00,116311.4,22080.2667,119815.1429,21777.8571,6083645.00,7315763.00,168693,612322,20420.3333,117015.6667
2025-11-13,139981,31688,53386.0,71487.0,9713.0,15136.0,-2787212.00,-1419588.00,6744033.00,8803947.00,120417.7333,23176.5667,115609.1429,20311.7143,7048123.00,5680499.00,168189,595601,14113,110122
2025-11-12,95453,12395,33433.0,53048.0,5962.0,4980.0,-1392680.00,-20008.00,1512464.00,7406670.00,123197.5,23869.5333,117730.2857,21604,4634515.00,3261843.00,164098,574922,26704.3333,120033.6667
2025-11-11,115613,17178,37283.0,70130.0,6781.0,7297.0,-1622570.00,-412360.00,1848798.00,8991507.00,122845,24057.6667,126000.1429,27066,5705619.00,4126409.00,156027,549696,25346.3333,138396.6667
2025-11-10,119300,12766,52400.0,54294.0,5016.0,5581.0,-1128842.00,41724.00,1141097.00,7977800.00,123677.7667,24867,126183.8571,27976.4286,4641020.00,3470454.00,151251,518937,26139.3333,122786.3333
2025-11-07,125188,50169,54320.0,59857.0,21548.0,21665.0,-764966.00,-640481.00,5567064.00,8718138.00,127801.7333,25141.7,123848.2857,22601,6564259.00,6439774.00,166391,589279,16558,117903.3333
2025-11-06,170702,13104,55539.0,100591.0,6199.0,4941.0,-2720519.00,96450.00,1880961.00,8227715.00,127160.9,26133.8333,110936.4286,23998.5714,5937082.00,3120113.00,165677,582575,19337,97769.6667
2025-11-05,72469,15145,29263.0,34742.0,3973.0,6308.0,987.00,-490389.00,2362480.00,5398881.00,128999.9667,26499.6667,127277,25376.7143,2673890.00,3165266.00,161261,562008,32759.3333,131447.3333
2025-11-04,110539,21425,46102.0,54426.0,11258.0,8067.0,329249.00,2156340.00,4421999.00,9327050.00,130976.5,26820.1,142864.4286,26337.7143,7287464.00,5460373.00,152243,531725,31997.3333,134796.3333
2025-11-03,110301,21441,44977.0,54654.0,8016.0,9716.0,-146992.00,-1863015.00,4964787.00,9127660.00,136348.0667,28060.0333,173518.7143,27908.4286,5553043.00,7269066.00,144280,483148,29030.6667,134309
2025-10-31,173502,55412,70645.0,88933.0,28723.0,19752.0,-1249970.00,-769947.00,6411035.00,11147567.00,139060.2,27630.2667,174855.5714,24899,8079255.00,7599232.00,153177,583583,18189,103248
2025-10-30,120586,19139,36336.0,70731.0,8553.0,8139.0,-1735858.00,470093.00,6224099.00,8117964.00,139908.6,27941.7,176327.8571,24436.4286,7308952.00,5103001.00,146689,572540,20073.3333,125337
2025-10-29,108839,12541,43702.0,52161.0,4892.0,5270.0,-656394.00,95094.00,1240211.00,7113473.00,141418.2,28602.8,175512.5714,26113.8571,4026139.00,3274651.00,141193,541093,25277,162274.3333
2025-10-28,80319,22887,32278.0,41109.0,14571.0,6660.0,-2050478.00,655123.00,1655238.00,6585532.00,147008.6667,29416.0333,179065.2857,27267,5183563.00,2477962.00,125933,519250,28460,243795
2025-10-27,186853,24792,84213.0,84854.0,10976.0,11373.0,-1369316.00,102551.00,2336613.00,14380356.00,148560.1667,30159.6333,169548.7143,26239.2857,8241924.00,6770057.00,115556,459551,31644.6667,242464
2025-10-24,219651,28152,85876.0,110937.0,15655.0,9924.0,-1044154.00,498669.00,2302211.00,12447349.00,149422.3667,30995.1667,150954,25680.7143,6677854.00,5135031.00,123372,490419,27561,212877.6667
2025-10-23,324881,32436,165841.0,126015.0,11506.0,16088.0,3616933.00,-203718.00,2296340.00,22764856.00,145202.1,32432.6667,112697,23019.7143,7854129.00,11674780.00,120696,402307,24843.3333,138961.3333
2025-10-22,182860,34346,86643.0,79358.0,13728.0,15808.0,-105395.00,170639.00,2327611.00,14101321.00,155893.9333,39670.4333,99005.8571,20051.5714,6544872.00,6268838.00,103957,346828,23714.3333,113070.6667
2025-10-21,130892,15901,55287.0,62323.0,6316.0,8082.0,142294.00,319497.00,1227041.00,8147560.00,158778.1333,42427.0667,91831.5714,21157,4300997.00,4123794.00,95844,273071,24280,109519
2025-10-20,103132,24283,48135.0,46832.0,10509.0,12728.0,909168.00,-715310.00,1570485.00,6005224.00,160305.9333,43897.8667,87672.8571,20487.7143,2440164.00,4064642.00,79431,228025,24266.3333,104971
2025-10-17,105188,30959,48913.0,42821.0,9860.0,13724.0,1493419.00,-158019.00,2387149.00,7350825.00,163225.4,44615.9667,82465.4286,18735,3031614.00,4683052.00,95001,321265,18549.6667,88935.6667
2025-10-16,120237,17598,57122.0,55297.0,8331.0,5913.0,-1101614.00,872415.00,2520468.00,11660858.00,162590.3333,45042.0333,73428.2857,18608,7283698.00,5309669.00,89742,289106,17206.6667,77864
2025-10-15,89488,24242,44454.0,36235.0,16881.0,5355.0,-2222121.00,1281794.00,3182764.00,10302224.00,164900.1667,45767.5333,69052.5714,17772.7143,8084725.00,4511781.00,74351,250621,17005.6667,74925.3333
2025-10-14,57082,13809,25989.0,25729.0,5171.0,6103.0,708881.00,-237236.00,1348221.00,3735525.00,170290,47580.4667,60898,15800,1809933.00,2756050.00,68320,230546,18935.3333,80571.6667
2025-10-13,87022,13569,37859.0,41216.0,5496.0,6542.0,-356653.00,52258.00,1286386.00,6643883.00,172806.8333,48723.2333,86062.1429,23086.8571,3879549.00,3470638.00,62090,191476,20642.3333,74476.3333
2025-10-10,80672,23639,30442.0,41522.0,10341.0,8719.0,-1308469.00,397316.00,2506748.00,7676518.00,174670.7667,48650.8333,100087,24450.4286,5361884.00,3656099.00,48419,156109,18332.3333,66578
2025-10-09,74021,19598,23222.0,43940.0,10014.0,7547.0,-6823558.00,471127.00,2319527.00,16966385.00,176156.2667,48832.1333,104518,24911,12698986.00,5404301.00,34836,109908,17931.3333,61523.6667
2025-10-08,68736,18690,25952.0,35615.0,7279.0,9302.0,-90861.00,-424424.00,8632164.00,7726130.00,177012.8667,51545.8,115310.4286,27533.2857,7380554.00,7712242.00,23091,72664,11701.3333,38611.6667
2025-10-07,56977,16709,22014.0,28363.0,8336.0,6527.0,55520.00,-140533.00,3219188.00,9881848.00,178659.3667,51949.0333,142729,33490.5714,5907227.00,6103280.00,13673,41139,27657.3333,107343
2025-10-06,58858,18395,23628.0,27334.0,9648.0,5713.0,-256696.00,685516.00,2435786.00,6907789.00,182235.6667,53088.2,155960.2857,36986.7143,4555082.00,3612870.00,0,0,32587,147339
2025-10-03,0,0,,,,,,,0,0,184892.8,53571.9333,174194.7143,40718.1429,0,0,728231,1231081,40194.3333,182351.6667
2025-10-02,263171,64577,120558.0,107347.0,32128.0,23392.0,-313662.00,169887.00,6170194.00,35464476.00,178976.0667,54343.6667,160861,35926.8571,17449796.00,16966247.00,708324,1205159,31017.3333,142722.3333
2025-10-01,178846,33184,91728.0,66761.0,12504.0,16774.0,11195762.00,-239297.00,2289496.00,41718609.00,175856.4667,53776.5667,174089.8571,39563.2857,13536106.00,24971165.00,703594,1199069,39426,166076
2025-09-30,105038,22822,40710.0,52271.0,8647.0,11281.0,-750840.00,-541070.00,4120236.00,13440479.00,176260.4667,53834.4333,195493.8571,42377.1429,7676755.00,7466985.00,700326,1192376,46108,181555.6667
2025-09-29,144283,37046,62312.0,67009.0,13700.0,18936.0,771468.00,2457173.00,6205018.00,16499496.00,177480.8667,53760.4333,195744.5714,41153.7143,11054599.00,9368894.00,691959,1154474,42466,176008.3333
2025-09-26,248907,58410,119829.0,105643.0,24834.0,26320.0,2499384.00,-220075.00,4435093.00,20285018.00,172368.0667,52526.6,182204.5714,37434.2857,9790184.00,12509643.00,726043,1257173,33342,149651
2025-09-25,151477,42868,55597.0,80146.0,21623.0,16101.0,-1051164.00,631017.00,4170159.00,15500274.00,170403,52030.5667,195998.2857,38065.1429,9284715.00,7602534.00,713920,1243913,38599,189641.3333
2025-09-24,127641,26120,46248.0,63843.0,11465.0,10832.0,-1329350.00,366384.00,3557833.00,11816595.00,169558.5,51826.5333,211106.4286,41062.2857,7636677.00,5940943.00,706658,1223668,44065.3333,232049.6667
2025-09-23,169835,31038,71164.0,80509.0,12675.0,11659.0,324796.00,1544989.00,6631495.00,20298317.00,167425.2333,51616.4333,221918.1429,44230.8571,12624197.00,11404004.00,695616,1189210,43213.3333,224117.3333
2025-09-22,271448,58639,125263.0,113017.0,21825.0,29861.0,5886382.00,-563102.00,4606859.00,34021921.00,162643.6667,50671.7667,211464.5714,46648.2857,13968337.00,20419586.00,672922,1119060,34458.3333,185010.3333
2025-09-19,254866,42519,125181.0,108068.0,18182.0,18984.0,103121.00,-121835.00,3044801.00,20692383.00,156910.5333,49815.1333,247000.1429,76499.7143,10612631.00,10837587.00,728819,1279085,36046.6667,182732.6667
2025-09-18,146038,28482,62359.0,63984.0,10528.0,12092.0,849294.00,253513.00,2446544.00,15429570.00,154879.9667,49442.3667,257197.2857,86516.5714,6657915.00,7253696.00,721116,1260875,42252.6667,211852.6667
2025-09-17,154127,32374,65605.0,72154.0,13566.0,15085.0,-8180.00,629660.00,4959432.00,14487231.00,152778.8,48889.5333,256460,91664.1429,9094453.00,8456613.00,711730,1240504,49200.6667,242316
2025-09-16,248033,47284,116020.0,108432.0,17424.0,22312.0,4293409.00,-953078.00,3830272.00,26728812.00,148364.7667,47852.0333,248565.5714,92409.5714,11138778.00,16384522.00,701205,1180053,58626.3333,225729.3333
2025-09-15,233398,47100,116009.0,93574.0,20094.0,20728.0,1874987.00,-250660.00,4146051.00,22518193.00,146530.3,47995.6667,229678,90021,10554126.00,12679773.00,688782,1120966,126752.6667,315801.6667
2025-09-12,245517,53218,116824.0,108769.0,18198.0,30649.0,408267.00,-10642.00,2542148.00,18272852.00,142649.9667,47835.3333,217287.4286,88990.8571,9102749.00,9521658.00,774129,1254698,141880,306435.3333
2025-09-11,198273,75561,97365.0,82635.0,26517.0,37824.0,1180319.00,-3714.00,5186242.00,16813824.00,138853.9667,46098.9667,220216.5714,87938.8571,8535363.00,9719420.00,776720,1218309,139495.3333,289999.6667
2025-09-10,503615,251479,228608.0,224597.0,108334.0,109601.0,-140851.00,2774864.00,29161585.00,57947392.00,125625.3333,38559.4667,171489.7143,58849.2857,38657825.00,35742110.00,727098,1193997,73169.6667,186385.3333
2025-09-09,217418,98600,90796.0,106993.0,48337.0,37615.0,-1314405.00,527391.00,8518474.00,24343545.00,123167.9667,36348.4667,159942.8571,47830.2857,15482206.00,13640410.00,682474,1107177,50429.6667,147641
2025-09-08,148966,68407,70863.0,64657.0,27109.0,27530.0,-1174305.00,-1433052.00,9949705.00,17965736.00,123514.7333,35329.1,155602.8571,41634.5714,12237005.00,12495752.00,645438,1055547,42963,150913.3333
2025-09-05,192772,52502,76489.0,90790.0,21811.0,25532.0,-5713136.00,-503542.00,5562528.00,29979931.00,121041.5333,34488.2667,141554.5714,48434.2857,14822797.00,9613203.00,648746,1128878,48194.6667,159581.6667
2025-09-04,101185,30380,39270.0,52375.0,13872.0,12926.0,276275.00,14374.00,6819474.00,8643375.00,123061.3333,34309.6333,142295.5714,48209.4286,6517022.00,6778923.00,639438,1107125,54018.6667,180029
2025-09-03,158783,46007,58663.0,85166.0,15807.0,20798.0,-3942349.00,-411754.00,8934075.00,16286952.00,124380.4667,33601.6667,143347.5714,49147,13138035.00,9607440.00,618820,1067047,45838.6667,172631.3333
2025-09-02,218777,68197,104040.0,94850.0,19801.0,43633.0,-1650940.00,-2753016.00,12964480.00,17757698.00,130798.2,32682.4333,123481.4286,41477.7143,13478150.00,14580226.00,588008,983875,31452,139234.3333
2025-08-29,162527,47852,63841.0,78358.0,20281.0,23336.0,-4155704.00,-102933.00,2897683.00,14636765.00,131617.7333,32417.1,112501.7143,47174.4286,9717250.00,5664479.00,607529,1048675,48868,116536.6667
2025-08-28,136590,21467,61191.0,55591.0,7581.0,10613.0,169958.00,-1410467.00,5743859.00,17673501.00,131656.8333,32440.5667,105168.5714,46417.8571,7119212.00,8699637.00,606337,1002698,51314.3333,106464
2025-08-27,118586,25037,44750.0,60652.0,6493.0,16409.0,-2699019.00,-2406563.00,5687115.00,14401376.00,132497.7333,32252.5333,104964.5714,46349.4286,7936396.00,7643940.00,594802,966129,60492,122317.6667
2025-08-26,94434,100100,34412.0,44927.0,23671.0,62226.0,-1226272.00,-1832819.00,8185420.00,11252790.00,133225.4667,29728.0333,117316.1429,37024.5714,6348327.00,6954874.00,552910,933221,31962.6667,117411
2025-08-25,106372,28806,41877.0,54697.0,12501.0,13420.0,-1299722.00,-128455.00,2359896.00,7727068.00,133798.0333,29786.5333,115766.2857,35965.8571,5101729.00,3930462.00,538308,899063,51603.6667,110510
2025-08-22,166147,52570,86932.0,64011.0,16766.0,30674.0,676638.00,-900579.00,4233629.00,9433738.00,137404.9333,30032.7333,105248.8571,32454,5210707.00,6787924.00,535671,973231,39470.6667,83547
2025-08-21,79714,14512,32754.0,41064.0,5668.0,6323.0,-2720785.00,-50300.00,1815115.00,8675929.00,138641.1,30292.2,108476.2857,33237.8571,6880991.00,2910506.00,531704,955196,42819.3333,96028.3333
2025-08-20,85669,87729,33087.0,41582.0,29108.0,54612.0,-668496.00,-910117.00,9818329.00,7269182.00,143058.4333,28556.6667,111357.4286,24238.7143,7411905.00,7653526.00,501402,932777,25185,127770.3333
2025-08-19,85258,16171,36056.0,40662.0,7011.0,6850.0,-85058.00,-69381.00,2153260.00,7634133.00,144919.4333,28882.7,117463.5714,26257,4381942.00,4366265.00,495674,902661,26926.3333,131192
2025-08-18,117158,24558,50867.0,52248.0,14092.0,8458.0,-556277.00,707951.00,3622834.00,8491802.00,146449.7,29760.8,112565.5714,25151.5714,5565015.00,4300787.00,483688,856513,28069.3333,122981
2025-08-15,180895,34826,78575.0,86961.0,12407.0,17160.0,-2550482.00,-15377.00,4865670.00,12670432.00,146010.0333,29629,98883.5714,22647.7143,9243777.00,6599672.00,520851,1030655,23127,96784.6667
2025-08-14,95523,21395,38054.0,44393.0,8200.0,10047.0,-29903.00,-254015.00,2481850.00,8486574.00,146795.3,29635.6667,98250.5714,21846.8571,3605163.00,3829275.00,518262,1011097,24240.3333,100222.6667
2025-08-13,92525,27987,41363.0,40121.0,9002.0,13900.0,-750795.00,-4777938.00,13407800.00,7053127.00,147184.4,29838.5667,101548.7143,20157.1429,7086762.00,11113905.00,514452,992777,25011,112048
2025-08-12,102306,19999,48756.0,44161.0,7538.0,9483.0,-553450.00,-1257316.00,5470098.00,8314746.00,149446.1667,30164.3,112414.1429,24644.2857,5559043.00,6262909.00,512909,967112,23951.3333,105570
2025-08-11,105837,24735,44726.0,50623.0,8825.0,12283.0,-1001012.00,-9724867.00,21558477.00,8441166.00,152319.1667,30876.7667,115738.4286,28026.1429,9346684.00,18314069.00,507693,930687,21472.6667,98664.6667
2025-08-08,128001,30299,61273.0,57412.0,14734.0,11606.0,-740949.00,304077.00,2850148.00,6337726.00,152413.2,31195.4667,109508.7143,27050.5714,4652602.00,3607576.00,525600,1020991,16636,86361.6667
2025-08-07,82872,16820,35943.0,38432.0,6909.0,7160.0,-359436.00,-1590470.00,3992412.00,5409223.00,152944.3,31563.7667,112920.7143,28261.1429,3620652.00,4851686.00,523638,1008575,16415.6667,97275
2025-08-06,85121,17299,29203.0,44467.0,8233.0,7042.0,-849032.00,138091.00,2422719.00,8761541.00,154632.8,31948.7333,121288.7143,30399.8571,4044976.00,3057853.00,521980,986149,27785.6667,128356
2025-08-05,91092,15789,39056.0,42497.0,6546.0,7051.0,-644165.00,-476528.00,2056807.00,7030915.00,156723.6667,32525.9667,131042.5714,33548,4019718.00,3852081.00,521020,961030,38658.6667,141027.6667
2025-08-04,115612,16159,53535.0,51235.0,6216.0,8286.0,-341850.00,-498414.00,4202900.00,6367798.00,159403.0333,33968.2667,131466,35136.2857,4671760.00,4828324.00,515527,923541,41095.6667,130621.3333
2025-08-01,178364,51409,67146.0,98963.0,20813.0,22435.0,-1776729.00,-961253.00,8867593.00,9929047.00,159416.1333,33913.1333,129096.7143,31366.5714,8967611.00,8151754.00,537092,1024863,32390.6667,106752
2025-07-31,129107,48408,59449.0,58104.0,30931.0,13299.0,-68410.00,451402.00,8127517.00,7072456.00,160910.3,35183.8333,138989.5714,27989.4286,7285771.00,6765959.00,513515,1001458,27011.3333,111615.3333
2025-07-30,84393,23470,29222.0,47154.0,9309.0,9721.0,-2043836.00,-887675.00,4913070.00,7497748.00,166759.3333,36813.9667,185691.8571,30439.4286,5791856.00,4635695.00,505496,977296,31796.6667,136607.3333
2025-07-29,106756,25294,42253.0,54517.0,11636.0,10122.0,-1043666.00,-4893254.00,9988674.00,15903074.00,176022.5333,41047.8667,197171.4286,32524.8571,10063994.00,13913582.00,496449,949569,32457.6667,140547.3333
2025-07-28,143697,32270,58918.0,73916.0,14948.0,14187.0,-2449249.00,-1067620.00,9263189.00,17966196.00,201229.8667,58029.0667,196323.7143,31082.1429,13584320.00,12202691.00,482075,911408,30041.3333,146574.6667
2025-07-25,159369,37826,63680.0,82859.0,17478.0,16327.0,-1672471.00,-1019547.00,4755418.00,9377742.00,207111.7,59474.6667,194101.4286,28449.2857,6596040.00,5943116.00,496173,1061202,25688.6667,159570.6667
2025-07-24,118576,27277,43924.0,63769.0,11093.0,12544.0,-1589839.00,-1943292.00,5703693.00,8530712.00,209045.4667,60768.7333,193771.4286,28033.2857,6183972.00,6537425.00,486539,1046158,30136.3333,257148.3333
2025-07-23,161779,25021,75856.0,70670.0,10520.0,12001.0,367099.00,-8529278.00,20605415.00,12025387.00,208722.3,61035.2333,188310,28824.7143,10363706.00,19260083.00,480097,1014964,35093.3333,265593
2025-07-22,198357,24768,86208.0,92154.0,11184.0,10725.0,18993.00,-3261122.00,9109134.00,15685381.00,207170.4333,61401.4,199166.7143,33851.5714,9574197.00,12854312.00,473873,978224,34227.6667,245395
2025-07-21,411309,40620,205133.0,165490.0,17636.0,17229.0,599565.00,-1693256.00,13512316.00,26917267.00,198097.6333,61101.7,157093.8571,31233.8571,14024070.00,16316891.00,459571,861845,27153,156229.6667
2025-07-18,187113,39892,82728.0,90319.0,17190.0,17854.0,-1235650.00,-1787541.00,10703732.00,12456806.00,197199.4333,61058.7667,161533.2857,30629.7143,10337086.00,10888977.00,524605,1120247,21977.3333,132614
2025-07-17,137763,22171,54379.0,70461.0,8266.0,10650.0,-1114832.00,-1429236.00,6167454.00,11709426.00,197040.8,61249.1333,162008.2857,31169.8571,7694327.00,8008731.00,524686,1088071,24774,127876
2025-07-16,143813,19396,71007.0,59517.0,8904.0,8642.0,-103475.00,-425229.00,5724580.00,10126303.00,197386.0667,62013.9333,164758.7143,35670.5714,7042361.00,7364115.00,522948,1052597,38294,171389.6667
2025-07-15,116266,24365,46095.0,59669.0,11356.0,9080.0,-2410129.00,-1365144.00,8308893.00,9017764.00,201431.2,63541.7333,172107.1429,36600.1429,8182891.00,7137906.00,517937,1025431,37604.3333,171567.3333
2025-07-14,123549,30561,50680.0,61326.0,13552.0,13287.0,-334081.00,-2386194.00,8624854.00,8604685.00,210181.7,65144.3333,171468.8571,35319.2857,6654864.00,8706977.00,506705,986104,39305,203114
2025-07-11,274354,59956,126825.0,124809.0,21308.0,31116.0,363464.00,-1230596.00,8082068.00,18416834.00,217546.3333,67731.1667,147160.8571,31621.8571,10498090.00,12092150.00,525945,1080733,27970.3333,158692
2025-07-10,116799,22296,44099.0,60694.0,8826.0,10192.0,-1281099.00,442199.00,4782092.00,9401113.00,231144.6667,71372.8333,154783.7143,32689.7143,6927509.00,5204211.00,525333,1053842,37505.3333,174114.3333
2025-07-09,218189,35663,105786.0,94966.0,16357.0,15092.0,251508.00,2117959.00,8396543.00,16069913.00,251620.7,75763.6333,151046.2857,34182,11861872.00,9995421.00,517931,1004088,35908.3333,157286.3333
2025-07-08,141088,25952,60622.0,68288.0,10223.0,11038.0,-614333.00,-2472519.00,9246209.00,12463296.00,263726.3,78794.0333,149579.7143,36168.8571,8898080.00,10756266.00,512283,983442,34456,149950.6667
2025-07-07,163066,50901,66571.0,81723.0,25695.0,19011.0,-2254744.00,-1301800.00,9907272.00,14397185.00,263991.9667,78840.6333,140399.5714,32878.5714,11203236.00,10250065.00,505176,946928,28847,130328
2025-07-03,167705,30872,73941.0,79887.0,14344.0,13070.0,-1236824.00,-58761.00,3435242.00,9301657.00,262480.3667,78721.6333,135838.2857,32589.4286,6335654.00,5157601.00,534900,1033777,28480,131146
2025-07-02,119081,21595,51088.0,56239.0,9952.0,8660.0,-1145441.00,513334.00,2545025.00,10279928.00,262969.4,79229.5667,140800.7143,34233.8571,6580355.00,4921580.00,533136,1010089,36651.3333,155461.3333
2025-07-01,104198,34074,42795.0,50056.0,17635.0,12070.0,-1486895.00,1205239.00,3134331.00,9691906.00,269725.6,79508.4667,153914.2857,37855.8571,7078079.00,4385945.00,526013,988156,38580,164336
2025-06-30,170159,29771,81367.0,72330.0,10808.0,14750.0,-1024284.00,12002.00,2486473.00,12597014.00,270651,80422.1333,155142.5714,40710.7143,7351692.00,6315406.00,518915,936915,37946,140551.3333
2025-06-27,192027,46109,75909.0,82369.0,21930.0,17549.0,-486764.00,1066372.00,4793955.00,12966517.00,273838.3667,81007.5,152557.5714,46485,8366263.00,6813127.00,538544,1036220,32192.3333,121801
2025-06-26,130822,39860,67971.0,52364.0,16180.0,19004.0,909952.00,129263.00,4614703.00,11462627.00,275608.1333,82124.9,170992.1429,51129.8571,6934099.00,7714788.00,535743,1013588,29941,129466.3333
2025-06-25,98805,27869,39950.0,47520.0,12404.0,11229.0,-1725959.00,-209603.00,3675558.00,10080545.00,277615.1,82390.6667,211827.4286,68907.2857,6751320.00,5234964.00,530788,996503,40460.6667,161862.3333
2025-06-24,135776,28848,64339.0,57902.0,12204.0,12882.0,-751932.00,691748.00,5049638.00,13515919.00,284369.0667,83040.7,320990.4286,142172.7143,9074239.00,7623852.00,527535,946296,47429.6667,176189.3333
2025-06-23,153818,33106,58657.0,81470.0,16494.0,12257.0,-2592418.00,648034.00,3849315.00,15397574.00,284910.3,82803.1667,346991.2857,149042.4286,10374221.00,7133769.00,526033,900317,65237.3333,182894
2025-06-20,195993,59428,86882.0,90960.0,25462.0,27361.0,-920900.00,85783.00,10116253.00,18951314.00,281103.9,81325.9333,344219.2857,149995.4286,13641401.00,12634718.00,628769,1386925,69552.6667,204184.3333
2025-06-18,178757,49755,71908.0,87128.0,21584.0,21696.0,-866227.00,457507.00,9729037.00,20714632.00,278727.4667,80518.4667,340408.8571,147604.1429,14013539.00,12689805.00,623306,1367099,103738,272816
2025-06-17,173932,86529,69896.0,83346.0,34686.0,23750.0,-75269.00,2735518.00,12359820.00,27353009.00,277110.7333,78611.4667,337247.2857,140350.4286,18213301.00,15402464.00,585134,1337814,255463.6667,514811
2025-06-16,259864,72374,112350.0,120058.0,35487.0,29206.0,102786.00,5545823.00,16187890.00,40843489.00,274880.9333,77999.3,319998.8571,134529.7143,28837744.00,23394707.00,563369,1271519,258403.6667,540131
2025-06-13,384652,152311,149523.0,196725.0,61852.0,75515.0,-6993284.00,3569021.00,36979541.00,57599895.00,265785.3,73953.9,287929.5714,118285.8571,47888958.00,37317253.00,616108,1435288,229666.3333,470776.6667
2025-06-12,899917,541706,363455.0,441632.0,271690.0,221341.0,-13808506.00,10389278.00,110852687.00,176288170.00,239761.9,56607.1667,178370.5714,44882.4286,142396083.00,118196395.00,419569,1075739,60103,221499
2025-06-11,335824,81194,138144.0,161198.0,33544.0,39491.0,-2928849.00,-1188306.00,9692093.00,33513628.00,232037.3667,54818.4667,152420.1429,39331.8571,19816897.00,18076354.00,419030,1077029,44956,160158
2025-06-10,176589,66099,75395.0,81484.0,31219.0,27161.0,132036.00,-654232.00,8550097.00,27250820.00,230006.7333,53404,161138.8571,39917.5714,15367561.00,16153829.00,390144,1016376,33466,147670
2025-06-09,152084,33016,70765.0,65445.0,13105.0,15928.0,1602848.00,-70296.00,4680792.00,21150403.00,231961.7667,53823.8667,194564.5714,46435.1429,10772986.00,12446130.00,378216,959308,35328.6667,150364.3333
2025-06-06,151801,35753,64249.0,71990.0,15107.0,15834.0,-696887.00,-733604.00,8091902.00,15944810.00,231512.5333,53851.6667,243634.8571,60979.1429,10599759.00,10636476.00,407606,1063555,32705,144098.6667
2025-06-05,139125,31629,56195.0,68937.0,13868.0,13783.0,-1637165.00,-6262210.00,19445263.00,15227184.00,232469.7333,54134.4333,298724,75253,13572774.00,18197819.00,400572,1044875,36275.3333,149114
2025-06-04,160167,38604,66407.0,79375.0,17633.0,17207.0,-338278.00,-2373648.00,11282162.00,16669274.00,233547.5,54012.3333,394767.2857,93650.5714,11881469.00,13916839.00,392394,1025693,46807,174931.6667
2025-06-03,133004,27882,53283.0,66956.0,12614.0,11145.0,-2911094.00,-5118631.00,22196283.00,20118141.00,234287.1,54378.7,447803.2857,106362.2857,17316662.00,19522215.00,383380,1007676,63726,259285
2025-06-02,154171,42340,74804.0,62817.0,18515.0,18265.0,1885403.00,-20988544.00,51533185.00,19267631.00,237202.0667,55517.7667,450212.5714,107785,20733226.00,43607173.00,374162,954370,95466.3333,372992.3333
2025-05-30,237620,70199,96661.0,116623.0,25248.0,37217.0,163337.00,-9280829.00,21895917.00,27665649.00,234778.4,54549.7333,433746.4286,101656.8571,16688874.00,26133040.00,429005,1150746,115915.3333,468702
2025-05-29,386064,78639,158171.0,194461.0,34014.0,34988.0,-4192156.00,3732564.00,21572995.00,42421797.00,227561.9667,53165.8,397701.8571,95684.5714,32798997.00,24874277.00,421400,1156436,145498,617504
2025-05-28,495293,137561,201401.0,247951.0,64865.0,57971.0,-9220820.00,185247.00,20593883.00,109772428.00,218983.1667,50312.1333,370786.2857,82096,64068717.00,53716457.00,393721,1142109,138599,620491.6667
2025-05-27,524749,131546,234679.0,240674.0,53405.0,63128.0,5934466.00,625053.00,17813175.00,151188229.00,215025.3667,49338.7667,324096.5714,71472.4286,74139134.00,79448547.00,353211,1086398,112183.3333,502587.3333
2025-05-23,832470,167387,395701.0,356612.0,71774.0,79763.0,16457977.00,-20453.00,14917205.00,158399349.00,198380.1667,46020.4333,246264.8571,56655.7143,70642081.00,87120511.00,378060,1041514,65488.3333,265883
2025-05-22,504256,116864,265721.0,190553.0,48989.0,55576.0,13760545.00,-3650815.00,18184904.00,66993227.00,189589.2333,46214.9667,200501.8571,50444,30536474.00,47948234.00,345951,961298,38811.3333,142381.6667
2025-05-21,171036,52299,73980.0,80855.0,21466.0,25601.0,-1183998.00,-24853974.00,52603628.00,19191462.00,189580,46094.9667,198784.4286,48093,21646899.00,45316875.00,336233,934247,35525.3333,187664.3333
2025-05-20,122357,27302,62843.0,47851.0,12383.0,11631.0,1103099.00,-4061382.00,7518782.00,16413948.00,194402.7,47250.0333,229647,51099.7143,8597840.00,13762321.00,331353,905922,45485,212852.3333
2025-05-19,133752,36833,47953.0,72245.0,17105.0,15653.0,-3330232.00,-16182677.00,61424322.00,17175882.00,204585.7667,49261.7,234833.1429,49549.2857,28415950.00,41268395.00,315478,861931,54430.6667,264151
2025-05-16,306884,42441,117356.0,161224.0,16351.0,17346.0,-747064.00,177456.00,2639920.00,21727406.00,200668.6667,49424.0333,202678.4286,45645,11044687.00,10120167.00,358371,1078368,64744.3333,223161.3333
2025-05-15,197921,57181,80796.0,99886.0,20629.0,29840.0,-1482581.00,436079.00,9090471.00,18676511.00,198537.5,48417.8,189756,41123.5714,13274264.00,11355604.00,356544,1046259,57631.3333,210192.3333
2025-05-14,287648,63670,133436.0,125535.0,34588.0,22018.0,2046161.00,676960.00,4720980.00,31264587.00,194140.1333,47774.7667,166582,36216.2857,15463830.00,16833031.00,332024,1009832,52524.3333,227108
2025-05-13,183915,73382,83632.0,80172.0,21583.0,46756.0,125497.00,-2260154.00,6568491.00,20448907.00,195185,47544.1667,167875.5714,33448.7143,10995853.00,13381504.00,291302,975654,36723.6667,222488
2025-05-12,159014,35842,67207.0,77071.0,16098.0,15703.0,-2216015.00,-940048.00,5369382.00,19973686.00,201309.6,51194.2,161128.2857,32749.7143,12210301.00,10934334.00,276468,944413,29813.3333,196750.3333
2025-05-09,338395,48349,149110.0,145251.0,19418.0,24246.0,4408445.00,-545903.00,3342759.00,47962483.00,213857.9333,65944.2333,129816.8571,28886.1429,14367885.00,19322233.00,295919,980046,22207.3333,119773.3333
2025-05-08,170055,25980,80331.0,74333.0,10366.0,13172.0,-124059.00,-366519.00,2188415.00,14021152.00,227423.9667,73150.6,120393,29108,6899691.00,7142151.00,297076,935607,23320.3333,104898.3333
2025-05-07,81801,15111,37090.0,35389.0,5339.0,8034.0,-137210.00,-18232666.00,29558169.00,6969982.00,229887.5667,74506.9667,125231.4286,30330,8054071.00,26149527.00,292651,907557,36286.3333,141954.6667
2025-05-06,107464,25531,40231.0,56609.0,9443.0,12851.0,-1821596.00,-14197630.00,21068532.00,11888204.00,230622.5333,74943.3,139984.4286,33198.7143,8907790.00,21283824.00,284803,876928,38092.3333,143394.3333
2025-05-05,125430,29319,55057.0,58216.0,14653.0,12054.0,-967233.00,525341.00,2336979.00,11594789.00,231883.8333,75601.5333,141826.4286,34237,6837685.00,5345111.00,271266,843357,35420.6667,141322.6667
2025-05-02,192970,54009,76464.0,96913.0,19859.0,24995.0,-661323.00,45223.00,1917488.00,12519938.00,227817.3667,74686.4333,138236.5714,32251.7143,6617086.00,5910540.00,292484,913855,26595.3333,111695.3333
2025-05-01,111783,30949,44822.0,53957.0,12276.0,14475.0,-502767.00,-376994.00,2306446.00,10380501.00,227040.4667,74198.7667,149767.5714,32822,5505421.00,5379648.00,285713,903716,24167.3333,112991
2025-04-30,119215,21304,56900.0,44679.0,8447.0,10232.0,1324000.00,-153088.00,1417823.00,11327722.00,224842.1333,73805.0667,154907.1429,35331.8571,4596082.00,6073170.00,281182,875603,32270,143497.6667
2025-04-29,104088,27533,43349.0,48624.0,10955.0,12463.0,44547.00,95658.00,2104383.00,10104815.00,224508.7,73486.9667,174554.5714,42328.8571,5280834.00,5229723.00,272292,854314,35288,154909.6667
2025-04-28,115670,23665,50566.0,52545.0,10526.0,10716.0,-1190095.00,-199808.00,1797870.00,14378031.00,225283.2,73550.9,181588.8571,44827.8571,7284199.00,6293912.00,266304,819835,40770.3333,172300
2025-04-25,210735,45612,93315.0,98337.0,17949.0,19553.0,1155883.00,441902.00,2122442.00,16628142.00,221004.4,72597.0667,175708.2857,43614.8571,7894348.00,8608329.00,294509,936910,37213.3333,166221.6667
2025-04-24,138324,36587,52051.0,72330.0,13085.0,19627.0,-1104832.00,42349.00,2316365.00,13613736.00,218445.6,71784.1333,189937.5714,45809.7143,7676079.00,6528898.00,293559,921214,37975.3333,171844.3333
2025-04-23,167841,40112,69265.0,83165.0,19653.0,15568.0,-1485800.00,266709.00,2432334.00,20145787.00,215409.8,71113.1,223962.4286,54700.1429,10803814.00,9051305.00,281016,896884,50108.6667,196437.3333
2025-04-22,192500,34941,96939.0,76768.0,13136.0,17062.0,3542589.00,-58173.00,2954041.00,24026876.00,212768.1667,70766.4667,244050.1429,59399.5714,10283420.00,13884182.00,277570,862660,52181,187240.6667
2025-04-21,155192,38873,65813.0,75484.0,13609.0,15827.0,37324.00,222160.00,3911815.00,19328706.00,211369,70344.7,256241,71374.8571,9797049.00,9612213.00,265885,826288,51597,192033.6667
2025-04-17,241620,76512,109169.0,108247.0,36551.0,34713.0,2172839.00,167487.00,3945492.00,24333682.00,206121.8333,68503.4333,246118,67401.5714,11255092.00,13260444.00,338967,1051493,43410,190803.3333
2025-04-16,164910,41158,70043.0,78885.0,20023.0,16624.0,-3072021.00,621806.00,2409459.00,19088760.00,203032.5667,67699.3,260707.7143,70372.4286,11397969.00,7704142.00,337427,1033473,63805.6667,271171.6667
2025-04-15,169571,37121,78181.0,78976.0,15434.0,17874.0,-1613476.00,365145.00,3905570.00,25019427.00,200093.4333,67063.3,299232.4286,78952.7143,14410320.00,12431699.00,324736,1001715,74044.3333,325686
2025-04-14,237929,51951,103588.0,114454.0,23626.0,23828.0,-2404578.00,16314.00,4143405.00,33976802.00,195226.4,65925.8667,292295.5714,78289.8571,18632336.00,16211444.00,309465,960093,97627.3333,326552.3333
2025-04-11,406015,102345,187266.0,176588.0,44452.0,49037.0,5312918.00,262474.00,5249339.00,50300525.00,185507.1333,63196.3,253434.2857,67525.4286,22525175.00,27575619.00,349458,1071323,79745.3333,248133.6667
2025-04-10,333114,67837,162297.0,142870.0,29410.0,31835.0,3607644.00,1518219.00,7410567.00,36485012.00,177951.1667,61562.0333,228093.2857,64174.2857,19169303.00,21258728.00,342103,1014465,77784.3333,226108.3333
2025-04-09,240528,122700,124871.0,95862.0,37424.0,78212.0,3943069.00,296389.00,8819112.00,27753155.00,172701.4667,57841.8667,224483.7143,56140.5714,14554579.00,18201259.00,333598,985252,69278.6667,292347
2025-04-08,170759,48699,69870.0,83170.0,24201.0,18836.0,-960688.00,2321474.00,10270197.00,23654923.00,170802.100000000000,57076.000000000000,249054.142857142857,69946.857142857143,15949554.00,12667392.00,325185,965558,68816.000000000000,298551.000000000000
2025-04-07,267038,61954,123042.0,117957.0,24614.0,30487.0,718407.00,-2369991.00,10506158.00,36401037.00,165431.400000000000,56068.866666666667,313026.571428571429,131217.714285714286,19549670.00,22882068.00,307862,913827,57162.666666666667,254200.333333333333
2025-04-04,439244,97183,220024.0,183162.0,40155.0,46857.0,4100324.00,-2018645.00,18191507.00,36952458.00,157110.233333333333,54631.766666666667,332711.142857142857,151930.285714285714,21090554.00,27209523.00,342038,1041481,39561.333333333333,159694.666666666667
2025-04-03,189371,47311,77602.0,96820.0,22190.0,20943.0,-3703262.00,1079874.00,15450056.00,15864799.00,157167.800000000000,54329.900000000000,327902.285714285714,153143.285714285714,15371750.00,10588614.00,346465,1010159,45945.666666666667,168324.666666666667
2025-04-02,133986,26994,61488.0,61133.0,10024.0,13811.0,-943892.00,-696790.00,6362462.00,16151293.00,155805.133333333333,54232.266666666667,327263.285714285714,154804.285714285714,9343521.00,9096419.00,343300,983953,85395.333333333333,237913.333333333333
2025-04-01,155727,44379,71859.0,70299.0,16099.0,20803.0,-750147.00,-335427.00,10600421.00,14977790.00,154975.233333333333,53542.566666666667,328340.714285714286,155473.857142857143,10618876.00,10204156.00,335964,940886,234219.000000000000,424286.000000000000
2025-03-31,215261,66464,87869.0,102591.0,25838.0,30041.0,-1549779.00,-729937.00,13903233.00,20588245.00,157240.200000000000,53962.700000000000,307728.571428571429,149772.714285714286,14067111.00,13247269.00,320442,873899,292788.000000000000,544877.666666666667
2025-03-28,342752,145343,147123.0,166379.0,58889.0,71771.0,-819573.00,-1240501.00,19222097.00,35106021.00,148405.800000000000,49722.333333333333,271403.428571428571,131340.714285714286,23379656.00,23800584.00,408471,1060781,262941.000000000000,482530.000000000000
2025-03-27,714845,490850,279794.0,363441.0,247501.0,190364.0,-24712039.00,5718480.00,59514337.00,100036087.00,127580.666666666667,33981.133333333333,176892.000000000000,62575.428571428571,84689552.00,54259033.00,267276,778659,112198.000000000000,287419.333333333333
2025-03-26,577036,242171,277837.0,239900.0,102674.0,113864.0,10660717.00,-1321510.00,18041932.00,91368684.00,112190.733333333333,27056.866666666667,107899.000000000000,30549.571428571429,43395045.00,55377272.00,209791,690894,47829.666666666667,149497.000000000000
2025-03-25,155709,55802,73829.0,65626.0,22948.0,26917.0,440981.00,-133748.00,4210463.00,16096299.00,114947.600000000000,26449.266666666667,105498.428571428571,26232.571428571429,8659087.00,9233816.00,188114,643808,38081.000000000000,121252.666666666667
2025-03-24,129513,38621,64079.0,52103.0,13232.0,20901.0,1391456.00,-794916.00,3797932.00,15848621.00,114454.866666666667,25858.166666666667,98763.857142857143,23143.428571428571,7627851.00,9814223.00,170533,595420,30647.000000000000,107573.666666666667
2025-03-21,163269,49066,75186.0,72547.0,20871.0,23152.0,1000557.00,-418046.00,3252118.00,11233634.00,112522.466666666667,24948.666666666667,84234.000000000000,17876.714285714286,5754640.00,7173243.00,192333,692684,17456.000000000000,70905.666666666667
2025-03-20,70976,26556,30193.0,35604.0,9977.0,10409.0,-556907.00,-18104.00,1824861.00,5384616.00,113635.600000000000,24779.133333333333,85061.285714285714,16937.428571428571,3383719.00,2844916.00,188568,677428,14600.666666666667,78608.666666666667
2025-03-19,88476,16319,38325.0,40456.0,5641.0,8406.0,-1159530.00,-346014.00,1477979.00,8399729.00,113280.500000000000,24692.900000000000,88600.571428571429,18112.142857142857,4786477.00,3972961.00,186009,657474,17688.666666666667,95418.333333333333
2025-03-18,53265,9493,19910.0,27879.0,3270.0,4297.0,-589038.00,-120283.00,910582.00,3660035.00,115575.033333333333,25442.400000000000,97165.142857142857,20501.714285714286,2277424.00,1808669.00,183613,638789,20190.000000000000,105120.333333333333
2025-03-17,94085,17990,40194.0,43818.0,6977.0,8741.0,-251341.00,-144515.00,1976464.00,6434393.00,118161.133333333333,26281.000000000000,95753.714285714286,20970.857142857143,3818957.00,3712131.00,178906,609262,18259.666666666667,94278.666666666667
2025-03-14,138905,25583,67206.0,59483.0,9330.0,13457.0,-274737.00,-554647.00,2950667.00,9560046.00,117731.533333333333,26046.666666666667,86229.000000000000,19749.571428571429,5597925.00,5877835.00,194416,668904,16392.333333333333,73566.000000000000
2025-03-13,82371,16997,35864.0,38723.0,8447.0,5347.0,-202399.00,-717342.00,3119928.00,5890436.00,118009.100000000000,26035.166666666667,86089.857142857143,19898.714285714286,3795751.00,4310694.00,190537,647712,18907.333333333333,83859.333333333333
2025-03-12,61560,12199,26471.0,30996.0,4680.0,5609.0,-910709.00,1242.00,1328353.00,4219858.00,119682.066666666667,26212.133333333333,90426.714285714286,20702.857142857143,2951114.00,2039163.00,187658,634303,23581.000000000000,101078.333333333333
2025-03-11,76767,19981,36075.0,33244.0,9421.0,8777.0,360585.00,-1107918.00,4210147.00,6155222.00,121498.266666666667,26408.200000000000,95808.142857142857,20771.000000000000,4068568.00,5537071.00,185364,615456,24012.000000000000,103557.666666666667
2025-03-10,113251,24542,41307.0,61151.0,14227.0,8094.0,-1741858.00,1358903.00,3975053.00,10583437.00,122719.833333333333,26853.633333333333,94834.428571428571,19952.000000000000,8203979.00,5103218.00,177734,571368,21509.333333333333,89884.666666666667
2025-03-07,113217,26220,45234.0,57052.0,10387.0,12322.0,-1336536.00,15910.00,2839656.00,7999082.00,128517.333333333333,27165.366666666667,90523.000000000000,17791.285714285714,5485634.00,4133188.00,189846,650551,18783.000000000000,79278.000000000000
2025-03-06,84205,21274,31837.0,42995.0,11346.0,7250.0,-3224994.00,1072840.00,2288409.00,10602477.00,130348.366666666667,27247.666666666667,94747.714285714286,18426.857142857143,7448163.00,3150329.00,187532,629173,17634.333333333333,81849.000000000000
2025-03-05,72232,17034,37843.0,24851.0,9317.0,6567.0,1409889.00,59574.00,1512477.00,5531764.00,132943.200000000000,27651.300000000000,99559.857142857143,20527.714285714286,2348678.00,3698993.00,183455,607433,18775.666666666667,95917.333333333333
2025-03-04,81397,18041,35720.0,35418.0,9268.0,6634.0,-155802.00,224122.00,2838220.00,8407578.00,140355.000000000000,29452.300000000000,115018.714285714286,25674.714285714286,4990802.00,4610878.00,179802,587505,19031.666666666667,104263.333333333333
2025-03-03,91918,17828,38872.0,43459.0,7463.0,7619.0,-867637.00,249322.00,1426711.00,9062960.00,141235.366666666667,29754.833333333333,129187.285714285714,28592.857142857143,5299313.00,4182354.00,171810,556697,16787.333333333333,101303.000000000000
2025-02-28,114437,20458,50745.0,53749.0,9208.0,9328.0,-133515.00,-774.00,2310657.00,5879633.00,143418.766666666667,30162.033333333333,126140.000000000000,29108.142857142857,3793765.00,3661024.00,194795,650078,18542.333333333333,101083.333333333333
2025-02-27,106435,18809,48983.0,47898.0,7585.0,9109.0,-785220.00,101613.00,1943567.00,7774850.00,149423.633333333333,31435.366666666667,129625.000000000000,29805.142857142857,4802740.00,3915907.00,191258,611707,22852.666666666667,100910.666666666667
2025-02-26,83037,11095,36257.0,40531.0,4102.0,5392.0,-208898.00,30926.00,1408263.00,6506982.00,151687.666666666667,32067.466666666667,158221.142857142857,39515.571428571429,3714755.00,3474931.00,188812,586712,37177.666666666667,136434.666666666667
2025-02-25,113778,25723,45699.0,58550.0,13941.0,8059.0,-1331450.00,312741.00,3236094.00,11735932.00,156476.366666666667,32524.333333333333,153070.000000000000,38431.142857142857,7523168.00,5878977.00,184237,557222,41355.000000000000,162208.000000000000
2025-02-24,105917,31740,42569.0,54634.0,15876.0,11638.0,-2750746.00,318846.00,3133833.00,10354361.00,159445.866666666667,32246.500000000000,150809.142857142857,36556.000000000000,7722270.00,4652678.00,178222,533435,38796.666666666667,157937.666666666667
2025-02-21,189609,54070,79675.0,93238.0,25550.0,24205.0,-2764204.00,319413.00,3013254.00,15654302.00,159947.633333333333,31631.733333333333,140199.000000000000,33752.142857142857,10126546.00,7042929.00,206217,682977,28669.333333333333,138344.666666666667
2025-02-20,191098,38255,93416.0,78834.0,14093.0,19977.0,1341566.00,-1025803.00,4155898.00,16437034.00,162022.966666666667,31641.766666666667,146958.571428571429,33654.857142857143,7908244.00,10275613.00,199397,639980,42273.666666666667,169048.666666666667
2025-02-19,93106,24065,35509.0,50197.0,12221.0,9123.0,-5413063.00,657856.00,2620767.00,14391980.00,167212.000000000000,32226.866666666667,150047.857142857143,33201.000000000000,10913364.00,4842445.00,194571,624893,40296.000000000000,163920.000000000000
2025-02-18,130830,23688,54169.0,66556.0,10170.0,9767.0,-2959188.00,65170.00,1904064.00,15646299.00,168931.400000000000,32412.866666666667,146400.285714285714,32928.571428571429,9524531.00,6500173.00,189626,593194,38604.666666666667,150340.333333333333
2025-02-14,283210,79068,125060.0,130905.0,34907.0,36544.0,-203781.00,-308180.00,5283122.00,27087397.00,165319.666666666667,30386.700000000000,120851.714285714286,24700.285714285714,14635955.00,14740354.00,206105,661063,23729.666666666667,94383.000000000000
2025-02-13,77720,18132,30907.0,39170.0,6738.0,8736.0,-320285.00,25482.00,912424.00,6026089.00,168234.500000000000,30760.266666666667,120866.428571428571,24071.714285714286,3281905.00,2936138.00,201270,648165,30210.333333333333,147948.000000000000
2025-02-12,90091,18614,39712.0,43049.0,8318.0,8386.0,-155265.00,-24188.00,1603388.00,6513980.00,173469.200000000000,32010.900000000000,125439.285714285714,25980.857142857143,3774210.00,3643133.00,199748,633731,30968.333333333333,156161.333333333333
2025-02-11,115338,34443,50059.0,52635.0,14108.0,15894.0,-57363.00,-77496.00,2866719.00,11982074.00,180340.766666666667,32862.000000000000,133486.428571428571,27224.428571428571,6409321.00,6429454.00,192360,621456,26747.666666666667,152814.333333333333
2025-02-10,238415,37574,116709.0,93884.0,14860.0,17812.0,1277788.00,-181553.00,4254976.00,24273813.00,177330.333333333333,32193.633333333333,117429.571428571429,24507.142857142857,11722576.00,13181917.00,183094,540799,21379.666666666667,108132.666666666667
2025-02-07,114731,20888,45002.0,60666.0,9655.0,7562.0,-228221.00,-213695.00,2743416.00,6522566.00,180836.066666666667,32613.400000000000,113996.285714285714,23902.000000000000,3868455.00,3853929.00,197156,651919,18994.333333333333,95830.000000000000
2025-02-06,105297,21781,42434.0,52796.0,8692.0,9404.0,-864086.00,67070.00,3660425.00,8914777.00,186083.200000000000,33860.466666666667,114918.000000000000,23291.571428571429,6010814.00,5079658.00,194319,625123,22393.333333333333,101431.333333333333
2025-02-05,104370,21470,39612.0,54221.0,10094.0,8330.0,-2128472.00,390980.00,2569914.00,9641061.00,188664.666666666667,34138.500000000000,118758.428571428571,23919.142857142857,6755360.00,4235908.00,190780,606989,29619.333333333333,123864.000000000000
2025-02-04,77823,13732,32687.0,38873.0,6381.0,4722.0,-953955.00,116888.00,1405331.00,6533023.00,193938.500000000000,35213.766666666667,129054.857142857143,27372.428571428571,4029441.00,2958598.00,190343,584681,31226.333333333333,139928.666666666667
2025-02-03,122101,31978,48966.0,60311.0,14188.0,13082.0,-917821.00,273639.00,2936188.00,11644057.00,202616.933333333333,35771.266666666667,152632.142857142857,27885.857142857143,6977087.00,5785627.00,177120,550457,26117.666666666667,129461.000000000000
2025-01-31,171668,43148,69645.0,87153.0,19178.0,17293.0,-1327811.00,584641.00,3619501.00,10920529.00,205199.833333333333,35442.266666666667,147984.714285714286,25113.714285714286,7338489.00,5426037.00,196128,674373,17571.000000000000,109488.000000000000
2025-01-30,126017,18553,54554.0,59804.0,6805.0,8687.0,-309266.00,-1063622.00,3031694.00,8792917.00,207046.633333333333,36428.766666666667,151421.857142857143,26626.571428571429,4865613.00,5619969.00,194860,658193,20007.666666666667,111233.333333333333
2025-01-29,90698,16652,40472.0,42613.0,5474.0,9774.0,-547222.00,-250194.00,1619218.00,11401225.00,209360.100000000000,37296.266666666667,181858.000000000000,34543.571428571429,6147505.00,5850477.00,190722,643639,27092.000000000000,130966.666666666667
2025-01-28,111749,17508,52567.0,50424.0,6721.0,8706.0,-289629.00,-127293.00,1890097.00,10130531.00,215925.733333333333,39859.766666666667,182798.000000000000,35885.857142857143,5630016.00,5467680.00,187770,615765,33113.333333333333,189431.000000000000
2025-01-27,131253,25863,55605.0,61447.0,11529.0,11322.0,-2103986.00,-910754.00,3402453.00,13165246.00,216780.833333333333,42254.000000000000,189753.142857142857,36858.857142857143,7891428.00,6698196.00,178549,575673,32406.666666666667,192058.666666666667
2025-01-24,149898,37905,61217.0,74201.0,17580.0,16226.0,-989258.00,467907.00,3491983.00,11145384.00,216104.733333333333,42312.733333333333,209279.285714285714,39588.000000000000,7286196.00,5829031.00,191135,672498,29486.000000000000,192118.333333333333
2025-01-23,287142,35572,152628.0,106824.0,13886.0,17795.0,4307447.00,-687061.00,3405523.00,25474100.00,215553.633333333333,43096.566666666667,189824.428571428571,38800.285714285714,10305170.00,15299678.00,185639,610806,41652.333333333333,197654.666666666667
2025-01-22,139136,23743,62672.0,61852.0,9601.0,12130.0,-181719.00,324573.00,3645250.00,12933653.00,227434.800000000000,45340.733333333333,206724.857142857143,41041.142857142857,7621494.00,7115202.00,181907,574056,42706.000000000000,190719.000000000000
2025-01-21,150077,29143,64299.0,71717.0,9912.0,14687.0,-1346213.00,-805407.00,10058201.00,13732516.00,225724.066666666667,45081.000000000000,213142.714285714286,40221.428571428571,8851783.00,8310977.00,172563,523369,43883.000000000000,200673.000000000000
2025-01-17,303751,72071,131193.0,142625.0,30043.0,31937.0,-3728.00,682500.00,10348427.00,35467412.00,219433.833333333333,43417.933333333333,198987.142857142857,35015.142857142857,19452436.00,18766208.00,312840,999397,38862.333333333333,194949.666666666667
2025-01-16,118329,26904,52368.0,56061.0,14324.0,9449.0,433168.00,2400766.00,4905651.00,11596337.00,222463.600000000000,44090.700000000000,218277.000000000000,36679.714285714286,8401860.00,6434262.00,308746,971495,39913.666666666667,205826.000000000000
2025-01-15,179939,32674,70717.0,93566.0,12435.0,16150.0,-4104773.00,-363655.00,4000018.00,20048860.00,224287.866666666667,44831.800000000000,228111.000000000000,37957.428571428571,12499100.00,8757982.00,299112,951146,42165.333333333333,231659.333333333333
2025-01-14,286581,57009,111672.0,147616.0,27750.0,22504.0,-3331282.00,1225873.00,10465574.00,39737943.00,221860.500000000000,44495.200000000000,213229.714285714286,33994.428571428571,24305152.00,19747997.00,286090,917027,30964.000000000000,201133.000000000000
2025-01-13,150958,30058,59105.0,78533.0,11991.0,13894.0,-2770880.00,1146078.00,5397656.00,24617276.00,228263.600000000000,45806.433333333333,216644.000000000000,32312.285714285714,15351085.00,11434127.00,276381,883430,32820.333333333333,219034.333333333333
2025-01-10,257439,39429,116087.0,118276.0,15849.0,18778.0,-521025.00,2098555.00,7711083.00,35115341.00,226703.666666666667,45464.000000000000,203462.000000000000,30870.857142857143,20365649.00,17746069.00,296137,957948,32529.333333333333,217674.000000000000
2025-01-08,195002,23405,75972.0,102403.0,11761.0,8956.0,-2343816.00,1424620.00,5052110.00,25701611.00,227449.766666666667,45861.033333333333,210909.142857142857,35546.285714285714,15601045.00,11832609.00,288830,939246,38600.333333333333,235599.000000000000
2025-01-07,204662,35627,100054.0,85271.0,12022.0,19280.0,3513485.00,726278.00,4964028.00,37779385.00,227062.133333333333,45687.066666666667,227598.142857142857,39024.714285714286,17736070.00,20523277.00,277879,896930,36480.666666666667,228182.333333333333
2025-01-06,253358,38556,126893.0,101622.0,15611.0,18525.0,4894665.00,49733.00,3669797.00,46078820.00,230238.733333333333,46152.466666666667,212561.571428571429,36020.000000000000,20024435.00,24869367.00,265084,828715,29723.000000000000,202015.666666666667
2025-01-03,248777,41618,114925.0,109940.0,16234.0,20194.0,-472113.00,186100.00,4101448.00,27823460.00,226937.500000000000,45868.733333333333,208436.714285714286,34857.571428571429,14569457.00,13911244.00,287256,882658,25630.000000000000,174145.000000000000
2025-01-02,182412,29268,74410.0,89412.0,13211.0,11910.0,-1159325.00,827907.00,8389196.00,25959907.00,226020.366666666667,46034.033333333333,219908.000000000000,39132.571428571429,16500247.00,14513015.00,279069,853229,34585.000000000000,195718.333333333333
2024-12-31,174858,18283,62445.0,95483.0,9417.0,6286.0,-2973075.00,2153932.00,6030906.00,22766425.00,230378.466666666667,47436.766666666667,220901.714285714286,40779.428571428571,15488623.00,10361616.00,272127,834994,48482.666666666667,244594.000000000000
2024-12-30,165165,29339,74112.0,75765.0,11305.0,12635.0,-2290985.00,1264815.00,5497787.00,27383938.00,234110.800000000000,47758.433333333333,231026.428571428571,43158.142857142857,16564458.00,13008658.00,258503,780705,44544.000000000000,238906.333333333333
2024-12-27,247132,56133,105108.0,118076.0,24447.0,26199.0,-1591428.00,1657450.00,6535568.00,32997408.00,235746.266666666667,46947.600000000000,250358.142857142857,42096.714285714286,19171327.00,15922449.00,280665,892524,36993.333333333333,229830.000000000000
2024-12-26,321485,59976,151871.0,138371.0,24201.0,28030.0,4093144.00,2042241.00,10396548.00,57661284.00,235025.733333333333,46329.600000000000,240025.285714285714,38282.714285714286,29327525.00,31378428.00,264405,836994,36732.333333333333,210238.666666666667
2024-12-24,148102,17523,59205.0,75694.0,7719.0,6925.0,-690838.00,778193.00,3321078.00,16233301.00,244106.366666666667,48321.866666666667,244785.142857142857,42657.714285714286,9520850.00,8051819.00,259422,833715,40828.333333333333,221476.000000000000
2024-12-23,219903,33481,111998.0,85365.0,12985.0,16432.0,3013281.00,-124271.00,6270647.00,27423560.00,250956.866666666667,48879.600000000000,236242.142857142857,43971.428571428571,13308168.00,16445720.00,249466,749588,44998.000000000000,226854.333333333333
2024-12-20,262711,59193,126261.0,111525.0,22168.0,30330.0,869342.00,851656.00,5038081.00,30732399.00,246294.766666666667,47613.933333333333,242814.571428571429,49002.857142857143,16111971.00,16129657.00,299259,872606,41501.333333333333,266768.666666666667
2024-12-19,181814,29811,78865.0,84715.0,12311.0,13834.0,373618.00,569527.00,3339230.00,22133591.00,244611.933333333333,47354.933333333333,239256.285714285714,58699.857142857143,11577649.00,11381740.00,293903,860041,42657.000000000000,289215.666666666667
2024-12-18,236038,45990,95248.0,117234.0,23243.0,17390.0,-6045091.00,352709.00,6306837.00,43332237.00,241443.800000000000,46324.833333333333,224053.000000000000,57796.571428571429,25866574.00,19468774.00,286054,839856,43376.333333333333,271010.000000000000
2024-12-17,382454,48703,169515.0,173650.0,19668.0,23131.0,4888446.00,-304784.00,5328012.00,76226614.00,231355.100000000000,45235.333333333333,208075.142857142857,59280.000000000000,34001496.00,39194726.00,277110,815853,41367.666666666667,196892.666666666667
2024-12-16,249155,33278,139419.0,91583.0,16138.0,13480.0,3790008.00,-805817.00,3450032.00,26697435.00,228206.800000000000,45220.600000000000,243277.428571428571,67535.714285714286,11524060.00,16119885.00,266061,703979,61746.000000000000,216747.000000000000
2024-12-13,181421,48148,75297.0,88921.0,23104.0,20113.0,-1125811.00,4401230.00,9471569.00,16027793.00,226863.300000000000,44380.933333333333,231468.000000000000,63707.571428571429,13900432.00,8373391.00,315029,821540,78260.000000000000,208575.333333333333
2024-12-12,160102,42677,58785.0,82532.0,18776.0,20141.0,-4134067.00,300682.00,3845484.00,21095232.00,229495.866666666667,43986.066666666667,225031.142857142857,60779.285714285714,12742805.00,8308056.00,318832,796775,77256.666666666667,198413.000000000000
2024-12-11,308718,94413,144524.0,137922.0,36128.0,47369.0,1462838.00,-642209.00,6956819.00,43211108.00,225486.500000000000,41953.133333333333,210817.428571428571,54018.428571428571,21834350.00,23939397.00,313948,746364,65481.333333333333,185710.000000000000
2024-12-10,156906,97690,68092.0,71913.0,46703.0,39893.0,310699.00,2326312.00,13226857.00,25895837.00,230656.733333333333,40260.433333333333,221926.142857142857,47906.571428571429,18299458.00,16283845.00,279088,709564,63274.000000000000,298598.333333333333
2024-12-09,129615,39667,55959.0,56978.0,20246.0,14714.0,-126953.00,468880.00,4597680.00,28383920.00,232442.000000000000,39919.866666666667,233946.857142857143,48941.428571428571,14421582.00,13825749.00,264300,679514,57168.666666666667,288311.666666666667
2024-12-06,270609,59087,112576.0,130442.0,21699.0,31121.0,-2374712.00,-1005635.00,5212618.00,36434920.00,226029.033333333333,38342.866666666667,244295.714285714286,50414.000000000000,19417388.00,18048311.00,295256,794600,44866.000000000000,236456.666666666667
2024-12-05,495571,91068,227934.0,227294.0,38833.0,43443.0,-1375416,362468,11504124,81545994,211621.533333333333,35748.466666666667,203591.428571428571,41569.428571428571,43540181,41802297,276662,704993,30205.666666666667,141007.000000000000
2024-12-04,98755,21351,42894.0,46381.0,7669.0,10379.0,-693499,-245830,5077554,12363827,211439.833333333333,35623.533333333333,220538.571428571429,43564.428571428571,8030353,7582684,270567,692508,41391.000000000000,186311.000000000000
2024-12-03,115044,22179,47130.0,56570.0,8641.0,10735.0,-918283,617445,9198274,15828776,211284.700000000000,35503.500000000000,231679.857142857143,44740.000000000000,12108730,10573002,267338,671786,49635.000000000000,219216.333333333333
2024-12-02,209222,47087,88081.0,100829.0,22168.0,19783.0,-3020199,127945,10868029,35633092,209521.266666666667,34880.166666666667,251599.000000000000,45515.857142857143,22602037,19453893,253308,625892,57071.000000000000,263826.000000000000
2024-11-29,234667,54907,87669.0,124566.0,29422.0,20480.0,-6937473,642669,5618294,40284447,204419.266666666667,33610.333333333333,239466.571428571429,42401.428571428571,23509249,15929107,288190,751022,48487.333333333333,255817.333333333333
2024-11-27,213760,46911,99189.0,95752.0,18057.0,23395.0,2428577,-164384,7063465,38862209,200693.333333333333,32583.333333333333,231057.714285714286,40589.428571428571,19646461,22239422,275236,736033,44622.333333333333,257025.666666666667
2024-11-26,343051,69395,165701.0,149936.0,30485.0,32334.0,3721007,-254662,7492970,77311439,192278.800000000000,30648.433333333333,225707.714285714286,39299.428571428571,36975978,40951647,256137,693891,31626.666666666667,207019.666666666667
2024-11-25,210641,29156,107382.0,84975.0,11452.0,14762.0,4232303,-155121,3859399,39499098,190048.433333333333,30488.966666666667,235206.857142857143,40704.142857142857,17388272,21775696,249886,646818,39414.000000000000,253024.666666666667
2024-11-22,217385,35316,94292.0,106462.0,16196.0,15891.0,-523584,-20299,2569955,27655236,186983.166666666667,30343.433333333333,246465.571428571429,40203.000000000000,14018858,13515573,276357,744005,38677.333333333333,230476.333333333333
2024-11-21,193033,30408,80481.0,95076.0,14954.0,12342.0,-411711,509075,4503712,29135407,183452.433333333333,29812.066666666667,261727.857142857143,41778.428571428571,15882096,14961310,270821,721711,39950.333333333333,217764.666666666667
2024-11-20,348656,52518,174707.0,144297.0,23751.0,23417.0,8298169,-181890,4883657,64266021,174231.166666666667,28593.933333333333,271994.285714285714,45317.428571428571,27551756,36031815,259900,683747,42566.000000000000,203413.000000000000
2024-11-19,149740,33106,75708.0,57979.0,12747.0,16609.0,1658464,43787,7716515,22238386,172168.200000000000,27975.333333333333,311376.857142857143,47761.285714285714,12262643,13877320,253861,653282,44527.000000000000,245878.000000000000
2024-11-18,154898,34227,63320.0,77895.0,14142.0,16511.0,-2814664,-125218,2846429,26688564,170304.633333333333,27429.700000000000,306798.285714285714,45903.571428571429,14679563,11990117,242264,617695,43720.666666666667,292977.333333333333
2024-11-15,305601,60365,128077.0,150021.0,27511.0,26907.0,-1866136,381421,5545794,49806576,164588.300000000000,26441.900000000000,281902.285714285714,40428.714285714286,26040691,23793134,283376,769714,37411.000000000000,291066.666666666667
2024-11-14,277135,38989,134256.0,120722.0,16411.0,18807.0,1936834,-354857,3398083,45879523,157961.300000000000,25646.866666666667,262453.571428571429,37014.142857142857,21574585,23866276,273963,733519,50178.333333333333,338862.000000000000
2024-11-13,296196,31808,135175.0,135609.0,14220.0,14401.0,1038605,539587,3275628,63719122,151114.133333333333,25563.500000000000,231538.857142857143,34758.428571428571,30509891,31008909,266580,713083,56313.333333333333,381936.000000000000
2024-11-12,299869,41436,142453.0,130867.0,18837.0,17423.0,6081387,38428,4073741,63706961,144782.433333333333,24958.766666666667,210801.285714285714,33529.857142857143,27808187,33851146,254230,677519,49575.666666666667,322929.000000000000
2024-11-11,420521,77291,203860.0,177564.0,31482.0,37308.0,7160866,267266,7837196,93628027,138536.533333333333,23663.433333333333,170886.285714285714,25768.000000000000,42595637,49489237,226496,612101,31159.000000000000,226531.666666666667
2024-11-08,425418,50213,212265.0,175742.0,21134.0,23374.0,4586043,-277717,3831771,48770532,132414.566666666667,23114.100000000000,144266.428571428571,22999.142857142857,21370814,26234574,242763,687700,19450.333333333333,131723.666666666667
2024-11-07,122848,21223,53029.0,58676.0,7716.0,11795.0,-350777,-124455,1179646,15416510,132051.933333333333,23004.533333333333,153636.285714285714,24742.285714285714,7562645,7336323,238503,664753,17715.333333333333,117372.000000000000
2024-11-06,131329,22041,61903.0,57847.0,9198.0,10739.0,1594320,24636,1307916,13831592,130808.066666666667,22855.566666666667,179448.285714285714,28294.857142857143,6101042,7670726,233421,638774,21313.666666666667,125164.333333333333
2024-11-05,140994,15087,75049.0,53912.0,5250.0,7597.0,1676341,-92984,1141522,13207358,130979.733333333333,23583.533333333333,185473.857142857143,30346.714285714286,5555486,7324811,231193,589182,23937.333333333333,125205.000000000000
2024-11-04,79793,16018,32595.0,40074.0,6367.0,6303.0,-346215,210,1051583,7172179,134082.566666666667,24319.900000000000,185249.142857142857,29740.857142857143,3796310,3449885,223781,563649,28875.000000000000,178300.333333333333
2024-11-01,154706,32836,64245.0,75637.0,13527.0,16317.0,-734534,-102912,2017027,11511796,146140.733333333333,26823.000000000000,172197.714285714286,26940.857142857143,6137245,5505623,244066,670764,29071.333333333333,189544.000000000000
2024-10-31,141116,22958,56665.0,73950.0,11211.0,9837.0,-773860,193894,1568688,11463966,145416.666666666667,27147.900000000000,165367.428571428571,26175.857142857143,6407655,5439901,240048,660372,37055.000000000000,246509.666666666667
2024-10-30,239079,30831,109501.0,103747.0,12536.0,15010.0,542294,-125964,2758641,31609621,141132.533333333333,27105.200000000000,146983.285714285714,24425.428571428571,14748092,15416350,234500,644175,36594.666666666667,227874.333333333333
2024-10-29,188437,33425,85023.0,86113.0,13163.0,17192.0,427869,261061,2942282,23816363,137816.533333333333,26451.000000000000,142395.000000000000,23705.714285714286,11936941,12103749,226921,623194,29378.666666666667,191135.333333333333
2024-10-28,312013,46909,171517.0,114124.0,19420.0,22731.0,4927661,-271176,3772592,30422267,130795.200000000000,25632.966666666667,109479.857142857143,19406.142857142857,13022856,18221693,217829,526878,18154.333333333333,108246.333333333333
2024-10-25,183173,29450,85396.0,83681.0,13169.0,13326.0,511278,87620,1945767,9560179,130434.100000000000,26300.266666666667,97881.142857142857,17499.142857142857,5052553,5476211,230950,582003,14205.333333333333,78290.000000000000
2024-10-24,78220,11777,37455.0,36068.0,4353.0,6380.0,-145329,-12714,1264784,3773148,131811.966666666667,27712.333333333333,99651.857142857143,17437.857142857143,2301686,2169071,228576,556092,16472.333333333333,89013.333333333333
2024-10-23,63346,13236,25407.0,33790.0,7016.0,4729.0,-429185,288839,1189219,4043192,138635.100000000000,31328.133333333333,111135.285714285714,19028.714285714286,2735413,2017389,225060,538714,21522.666666666667,120004.333333333333
2024-10-22,93304,17603,42119.0,43924.0,6922.0,9244.0,-632875,89275,1073338,6976343,140904.266666666667,34366.600000000000,115724.285714285714,20935.428571428571,3984410,3262260,217887,508386,21259.000000000000,116105.333333333333
2024-10-21,110390,18578,42002.0,59073.0,8358.0,7732.0,-104021,438412,1624088,9034717,142854.466666666667,35502.000000000000,112398.714285714286,20348.142857142857,5002411,4459978,208990,458356,20433.333333333333,113302.666666666667
2024-10-18,156319,28387,62794.0,81456.0,12904.0,12659.0,-273868,-5429,2850963,11094613,152338.166666666667,36993.633333333333,100355.714285714286,18574.857142857143,6527755,6259316,297230,758167,14753.666666666667,91401.333333333333
2024-10-17,81607,16812,28400.0,45447.0,7950.0,7142.0,-870428,-62844,1209637,5119001,152912.833333333333,37096.400000000000,101247.714285714286,18251.428571428571,3264537,2456953,294378,751985,17273.666666666667,112109.000000000000
2024-10-16,101982,16101,52650.0,41404.0,6866.0,7690.0,903123,-82306,1288892,7649202,153115.766666666667,37498.400000000000,100820.428571428571,18502.428571428571,3624480,4609909,293830,739122,22223.333333333333,119924.000000000000
2024-10-15,90615,11348,40146.0,42128.0,4820.0,5184.0,835606,-88644,982839,7616435,156841.466666666667,38241.366666666667,107034.142857142857,21271.428571428571,3447590,4371840,290363,712956,23263.000000000000,118756.000000000000
2024-10-14,143730,24372,75240.0,57520.0,11479.0,10724.0,894921,457261,3134397,10259507,162589.433333333333,39254.633333333333,97690.571428571429,19952.285714285714,6014385,6452045,285805,662136,20463.666666666667,94852.000000000000
2024-10-11,125427,30950,59739.0,56761.0,11852.0,15792.0,-556965,109954,2519311,6624704,165471.133333333333,39806.400000000000,92741.142857142857,19717.571428571429,4531307,3864388,300450,733316,14996.333333333333,82326.666666666667
2024-10-10,87111,14467,43745.0,36165.0,5788.0,7002.0,451562,-29474,1058350,4875297,165508.266666666667,40140.966666666667,95999.285714285714,20978.571428571429,2447606,2928642,297666,711507,16126.666666666667,86286.666666666667
2024-10-09,72018,15974,27691.0,38113.0,5152.0,9599.0,-905402,-376951,1934042,5580176,165953.933333333333,40490.733333333333,119017.285714285714,24186.714285714286,3494802,2966351,295301,694784,21045.666666666667,106984.333333333333
2024-10-08,87851,14548,35718.0,46052.0,7880.0,5560.0,-3090599,214854,1319763,8823179,167137.533333333333,40820.633333333333,141004.142857142857,26927.428571428571,6442487,3137034,290838,685436,21242.333333333333,103809.000000000000
2024-10-07,98991,17858,39627.0,50997.0,8952.0,6925.0,-1383181,34989,1800301,8312686,167660.700000000000,40945.900000000000,142858.142857142857,26938.571428571429,5334842,3916672,284069,650466,25058.666666666667,101072.333333333333
2024-10-04,134111,30731,53328.0,70268.0,12789.0,15684.0,136737,-92743,2404348,8181237,165369.600000000000,40421.066666666667,137129.857142857143,25058.714285714286,4665630,4895110,302869,750759,22579.666666666667,93008.000000000000
2024-10-03,78325,15138,33366.0,39229.0,6853.0,6580.0,-444636,107556,1249656,5181661,164863.566666666667,40492.533333333333,146818.285714285714,28171.285714285714,3187917,2635725,303094,738639,30344.000000000000,144614.333333333333
2024-10-02,90781,29307,37788.0,45620.0,14269.0,12816.0,-1272276,-97810,2194262,7362112,164762.766666666667,40073.000000000000,158546.428571428571,29428.714285714286,4903837,3729371,291416,728131,31819.333333333333,194940.333333333333
2024-10-01,109918,23294,41527.0,58106.0,12007.0,8869.0,-1916018,426145,2100532,12154733,165122.066666666667,39994.933333333333,216622.571428571429,41519.428571428571,7630451,5288288,284220,714863,30033.333333333333,195624.000000000000
2024-09-30,233144,38431,114358.0,99456.0,14948.0,19312.0,2086563,501077,4478461,27288935,161124.600000000000,39661.833333333333,200372.571428571429,40701.428571428571,13612794,15198280,272912,656551,23080.333333333333,149247.000000000000
2024-09-27,241759,33733,124666.0,97552.0,16743.0,14211.0,6174637,182187,2422884,21228574,156531.866666666667,39509.866666666667,181629.142857142857,40103.857142857143,7798477,13790927,296604,723429,24144.666666666667,117375.333333333333
