date,call_volume,put_volume,call_volume_ask_side,call_volume_bid_side,put_volume_ask_side,put_volume_bid_side,net_call_premium,net_put_premium,call_premium,put_premium,avg_30_day_call_volume,avg_30_day_put_volume,avg_7_day_call_volume,avg_7_day_put_volume,bearish_premium,bullish_premium,put_open_interest,call_open_interest,avg_3_day_put_volume,avg_3_day_call_volume
2026-09-25,141824,71523,67667,61785,30877,35177,-652834.00,-4059076.00,67238588.00,54906218.00,125582.3,54308.3,168816,77904.1429,56589480.00,58570772.00,733442,1081373,90467,180578.6667
2026-09-24,138637,60569,61132,62121,25133,26781,-5281890.00,-1205589.00,90694800.00,62112150.00,125331.3667,53961.9667,158971.1429,73929,58507101.00,54430800.00,723510,1063451,91515,183732.6667
2026-09-23,208695,123042,73523,114132,60263,46648,-31875814.00,4518867.00,150707352.00,69736828.00,121803.4,53087.6333,152109,64429.7143,118594446.00,82190965.00,685568,1009856,87089.6667,213358.3333
2026-09-22,194404,87790,92271,85650,45279,35581,526244.00,5891891.00,159990722.00,40453159.00,118379.3,52055.6333,150872.5714,63051.8571,93801706.00,91561809.00,665436,977828,81659.6667,189695.3333
2026-09-21,148099,63713,71967,61234,26583,31890,8748130.00,1040009.00,106133649.00,27524547.00,117573.5333,52079.1,147718,61307.8571,58085904.00,65794025.00,656807,942992,70071.6667,163959
2026-09-18,297572,109766,117309,129206,47783,49364,2348233.00,7367246.00,178738758.00,55975554.00,110949.0333,50096.8,128876.7143,54497.2857,96933830.00,104088043.00,788696,1112930,44397.3333,88009.3333
2026-09-17,123415,71500,55203,48433,32972,33036,-2814283.00,18313606.00,73364685.00,170030696.00,113820.1,51321.1667,127499.2857,50301.2857,149340022.00,76936503.00,780263,1089521,39413,100424.3333
2026-09-16,70890,28949,31574,33050,13702,12865,-6207249.00,703916.00,62805716.00,20159678.00,116131.0667,52452,134773.8571,54193.7143,41547918.00,34636753.00,782279,1077907,55811.6667,138710.6667
2026-09-15,69723,32743,27097,35980,15981,13584,-6393720.00,1549550.00,47712613.00,17889112.00,120914.9333,53843.4,143656.4286,54802.1429,34255892.00,26312622.00,776846,1067824,62065.6667,157475.3333
2026-09-14,160660,56547,79884,68508,22556,28646,20594068.00,-8164204.00,130683414.00,47646405.00,125777.9,55638.5,135838.1429,51062.2857,69468545.00,99226817.00,775291,1052429,63914,159149.6667
2026-09-11,185749,78145,94203,76024,32321,38884,9642093.00,-5899632.00,104249049.00,34464653.00,122806.2,54994.8667,126157,45314.5714,54713229.00,75074984.00,803608,1110818,51908.3333,135157.6667
2026-09-10,126017,51505,53570,61001,25702,20532,-8686200.00,11662505.00,75929669.00,76835780.00,122681.4667,55191.4333,124341.2857,45301,88185616.00,51010190.00,788753,1082294,53472,133756
2026-09-09,165683,62092,62961,88059,29755,26405,-22826365.00,2801012.00,133751654.00,56584827.00,120932.8667,55019.1,124219.7143,43583.5714,100234143.00,74286766.00,767864,1033398,45108.6667,122495.3333
2026-09-08,113773,42128,44970,58980,20030,18277,-12324103.00,2302261.00,90934510.00,27158335.00,122253.1667,55742.2667,117506.2857,43959.4286,61195528.00,46569164.00,754130,1011390,41188.6667,119881.6667
2026-09-04,121812,56196,48031,62372,27028,22577,-10018576.00,362617.00,61820426.00,28647496.00,124856.2333,56839.9,113142.5714,44099,45453926.00,35072733.00,771186,1049028,35093.6667,118604.6667
2026-09-03,131901,37002,62011,55936,15074,18460,482690.00,-4438663.00,89199378.00,24740058.00,131373.0667,63383.5333,102061,42772.2857,49373322.00,54414427.00,766583,1028894,39896.3333,112406.6667
2026-09-02,105932,30368,50109,44410,14813,13478,-433390.00,3466696.00,65413460.00,17760194.00,133573.8333,66299.8,101264.2857,43168,40587658.00,36687572.00,757678,1011035,46463.6667,132040
2026-09-01,117981,37911,46463,56880,16854,18095,-10702324.00,-5062561.00,82830080.00,31151114.00,132302.5333,66473.5667,102335.4286,44290.2857,53574219.00,50889906.00,743517,990441,48746.3333,114972.6667
2026-08-31,113307,51410,38827,53613,25570,20139,-13243125.00,4226967.00,87935728.00,31931917.00,131768.9,65840.6667,100865.1429,48463.1429,62710071.00,45239979.00,724773,964872,50667.3333,107625.6667
2026-08-28,164832,50070,77040,70311,22273,22740,2445018.00,-3581432.00,83081372.00,27290070.00,130663.4333,66814.4667,87680,46479.5714,47065761.00,53092211.00,759658,1013707,43215.6667,70791.6667
2026-08-27,66779,44759,26364,34262,22746,17847,-6618386.00,6600984.00,41171793.00,79906789.00,133668.9667,68632.1667,88085.8571,44130,83899682.00,30143112.00,751918,1000746,39342,81983.6667
2026-08-26,91266,57173,31608,41941,24529,18418,-2805330.00,301062.00,65857545.00,30027774.00,135162.7333,68385.6333,90623.4286,42477.7143,40498248.00,36148856.00,738428,978097,35540,93388
2026-08-25,54330,27715,23434,25759,11464,13432,4313034.00,-640142.00,54115682.00,17643515.00,136037.5333,68541.2667,99434.5714,45754.1429,29655162.00,37703838.00,727772,967102,53175,109616.3333
2026-08-24,100355,33138,47627,42282,10187,13650,9804553.00,-1645183.00,61385043.00,19815253.00,135154.0667,68405.1667,99379.5714,47859.7143,29814029.00,41263765.00,725139,942864,54190.6667,100343.3333
2026-08-21,125479,45767,52635,48366,20075,20869,657539.00,-191032.00,80583851.00,35941572.00,134750.8,68231.5667,100183.8571,48490,51795890.00,52948461.00,810002,1086810,48372.3333,81723.6667
2026-08-20,103015,80620,39928,48659,35340,39993,-7263619.00,4350565.00,59365267.00,194587671.00,134718.0333,66923.6667,100161.1429,50803.1429,116189749.00,129734050.00,810932,1078785,36701.3333,83728.3333
2026-08-19,72536,36185,32372,34105,19773,14669,-278303.00,8592603.00,54499624.00,30672296.00,134417.9,66825.3,102896.1429,53752.4286,45189632.00,35124106.00,810825,1063240,41523,98219
2026-08-18,69620,28312,28477,32368,12456,13734,-8416444.00,2354413.00,223126320.00,32063571.00,134639.7333,66950.1,110654.1429,58910.2857,113256738.00,101392756.00,806970,1052295,48044.6667,108335.6667
2026-08-17,109029,45607,38305,59493,21330,19582,-11611895.00,3286956.00,161876574.00,54119518.00,134355.7333,66445.8333,109198.1429,59580.2857,97324313.00,80924602.00,792497,1030828,49568.6667,115695.6667
2026-08-14,116008,50650,46927,58520,19800,26310,-11024692.00,-2179688.00,66381194.00,36099241.00,134501.0333,66348.5333,122560.8571,67806.1429,51764378.00,45096944.00,824243,1098311,64956,111311.6667
2026-08-13,99970,47877,38745,44266,22260,19510,-8378979.00,10312958.00,72047043.00,52546603.00,134011.8333,65814.5,128310.7143,69948.5714,66378355.00,44604793.00,812719,1079242,67940.3333,108548.6667
2026-08-12,131109,50179,47350,64767,21050,23250,-1906461.00,-2038271.00,91192375.00,29508394.00,131787.5667,65232.6,140043.5714,73420.8571,53167960.00,53299770.00,814517,1041711,72686.3333,106154.3333
2026-08-11,102856,96812,34999,53888,57020,29430,-20115251.00,11507247.00,99150431.00,49038524.00,133239.3333,63262.2,169142.5714,75362,83981556.00,51655608.00,809187,1018064,57181.3333,104814.6667
2026-08-10,91681,56830,36968,40697,23639,26767,-8086349.00,-2414842.00,76072761.00,25902847.00,135383.4667,63992.3,169845,75648.5714,48706068.00,43034561.00,777733,983658,74315,144103.3333
2026-08-07,123926,64417,50935,55421,27999,27076,-7862328.00,398586.00,98959793.00,23309453.00,134745.9,63756.9667,169609.1429,74646.4286,59144958.00,49739044.00,814655,1065529,73800.6667,149534.3333
2026-08-06,98837,50297,36421,51044,21808,23419,-6343267.00,-3790851.00,100426135.00,28150170.00,134565.3667,63829.8333,171664.5714,75592.8571,61582039.00,59029623.00,810619,1055187,81863.3333,187668.3333
2026-08-05,209547,108231,80962,93934,50727,47239,-12639553.00,13375811.00,216420633.00,60022055.00,131359.2667,61937.4,163641,69248.8571,131391571.00,105376207.00,777964,1007290,82586.3333,220002.3333
2026-08-04,140219,62874,67751,55192,21455,29766,20684200.00,-6402739.00,181518758.00,46577409.00,134469.1,62861.8333,172167.4286,72999,88642625.00,115729564.00,770172,991204,81240.3333,205462
2026-08-03,213239,74485,100771,93554,28256,37391,23511265.00,-3426653.00,292497530.00,44102311.00,132621.3,62659.1,188477,95688.4286,141829342.00,165444321.00,750172,946434,75546,175140.6667
2026-07-31,306549,110400,152055,126367,43899,56477,25018700.00,-4027455.00,241461438.00,46909833.00,125446.5667,61357.9,169249.2857,96753.5714,111561633.00,152386828.00,777747,1014208,57720,110699.3333
2026-07-30,96598,58836,37296,51956,24580,31225,-10281893.00,-6858444.00,82923284.00,154219580.00,125770.5333,60698.4333,166855.5714,94509,121599665.00,108509758.00,767639,994310,59382.3333,129627.3333
2026-07-29,122275,57402,62249,49177,23552,29542,1036952.00,-2435345.00,95335015.00,35517792.00,126625.2333,60347.6667,163287.4286,90940.5714,58769623.00,62241920.00,758630,987743,69956.6667,155503.6667
2026-07-28,113225,56922,54819,38266,24041,24950,2527860.00,1469858.00,85023811.00,41649856.00,128899,61271.5667,165922.1429,94135.1429,52120132.00,53178134.00,751846,963693,128753,226897.3333
2026-07-27,153382,63823,74523,58315,20263,33528,18650311.00,-4952685.00,111540706.00,41124402.00,128579.1333,62886.7667,166431.1429,99201.8571,56453089.00,81412623.00,739181,927802,146764,233088.3333
2026-07-24,199904,89125,91016,84922,38959,38356,6527694.00,10761497.00,92085050.00,88276165.00,124936.1667,61352.2667,157313.2857,93580.7143,75018459.00,70784656.00,781047,1011970,131430.3333,193067.6667
2026-07-23,327406,233311,129569,159292,112843,96017,-28670156.00,28811334.00,215914945.00,406598853.00,117577.4333,55688.4333,122051.5714,64876.8571,308046171.00,258662281.00,749258,930448,64467.6667,116365
2026-07-22,171955,117856,58814,71186,50332,48015,-8817399.00,-5578628.00,129290139.00,86328320.00,115429.8,53944.9,108036.7143,52191,87328579.00,84089808.00,707561,879291,51610.3333,102936
2026-07-21,79842,43124,28951,41263,21927,15026,-13986835.00,5711570.00,98760147.00,29796858.00,118469.3,55840.2667,112828,51824.5714,65696624.00,45998219.00,688376,862480,70332.3333,128637
2026-07-20,97298,32423,43125,45282,15571,13503,1360942.00,646385.00,128128250.00,34637148.00,122013.6667,57444,113504.2857,53104.5714,72008185.00,79832742.00,679369,833459,76117,141564
2026-07-17,131668,79284,57371,62027,34276,32920,-7765009.00,-2010010.00,138934673.00,84742727.00,122819.7667,57693.2,103770.5714,46526,104786595.00,95331266.00,744940,990630,60483.6667,124532.6667
2026-07-16,156945,99290,67924,74581,50533,41112,-32966289.00,11048299.00,248749016.00,80095661.00,126243.6333,58732.0667,92246.2857,36921.1429,176438926.00,133256923.00,742047,971144,37072,96834.6667
2026-07-15,136079,49777,69751,54600,19047,22232,10340433.00,950213.00,163017406.00,33808092.00,125081.7333,58354.4,87164.8571,34164.2857,85531024.00,94921244.00,734614,965940,33999.3333,89268.6667
2026-07-14,80574,32384,43088,30584,11891,17577,3269724.00,-6434349.00,79934298.00,34007995.00,127217.7333,59688.1667,92849.5714,36356.7143,49723598.00,57504071.00,726987,948064,36999,96421.3333
2026-07-13,73851,29055,29410,36906,13144,13369,-4037727.00,9756846.00,73553998.00,28203086.00,127146.9,59913.2,94484.2857,36756.8571,55172888.00,40738315.00,720930,927796,38392,92981.6667
2026-07-10,113381,40559,50406,53553,16365,20159,1180726.00,220709.00,79182943.00,16299611.00,126064.0667,59731,87484.2857,35637.2857,43401163.00,45601580.00,736813,975764,35557.6667,80613
2026-07-09,102032,41383,42137,47407,20146,17589,-3239549.00,6249846.00,84328868.00,39978204.00,126006.6333,59784.8,93823.8571,35111.1429,61630973.00,51976927.00,731132,956985,31923,80105.3333
2026-07-08,63532,33234,23634,32685,13618,15398,-7795453.00,3954007.00,56147112.00,16196755.00,128141.2333,60987.0333,107034.2857,41611,38410787.00,26661327.00,724080,947619,36755.3333,99050.3333
2026-07-07,76275,32056,36034,31073,12560,16117,381225.00,-6051396.00,76160784.00,32955994.00,129509.8,61496.3,111109.1429,45225.4286,46757071.00,53189692.00,716015,942229,36688.6667,102056.6667
2026-07-06,100509,30479,48926,41474,11115,14962,4111502.00,-64632.00,88499695.00,24556675.00,130545.7,62546,110096.5714,48368.8571,49872657.00,53942201.00,711670,914339,37436.3333,90014
2026-07-02,120367,47731,65614,45879,22308,21600,-571157.00,2989255.00,83247301.00,23646798.00,130514.6,63857.1667,109096.1429,48901.2857,50570386.00,49374974.00,742154,981721,34092.6667,98694.6667
2026-07-01,85294,31856,42499,35379,11142,18046,5901270.00,-867516.00,86065878.00,14678389.00,132335.8333,66267.9,130270.4286,57294.2857,42606155.00,49374941.00,733872,968980,49718.3333,122265
2026-06-30,64381,32722,31441,26314,12179,17393,2553845.00,-1099463.00,54671968.00,17056794.00,135066.6,68260.6333,143616.7143,62391.5714,31238707.00,34892015.00,727125,962172,57930,135737.6667
2026-06-29,146409,37700,68946,66460,13940,20029,11775481.00,-3338428.00,117317004.00,27993306.00,134692.3333,68684.8,135745,67200.7143,58582189.00,75839653.00,716613,927302,62857.6667,118075
2026-06-26,156005,78733,68357,70086,34426,37884,-3073860.00,-642814.00,106816360.00,43120022.00,135304.2333,67952.3667,128646.7143,61532,68535841.00,66104801.00,743398,995969,53766,103861.3333
2026-06-25,104799,57357,48648,48007,27782,22353,-3335927.00,5201848.00,72601181.00,81546210.00,134470.9667,67732.1,134806.2857,60035.1429,78182499.00,62570904.00,760229,1017100,64849.3333,146766.3333
2026-06-24,93421,52483,41419,43466,25721,21398,-298726.00,10977636.00,70782376.00,41128522.00,134590.9333,68507.2,147380.1429,64628.8571,56865543.00,45742681.00,738250,987598,70156,168227.6667
2026-06-23,113364,51458,47948,54145,23752,21709,-4658680.00,577012.00,92624304.00,49680239.00,135633.3333,69319.5,151726.1429,73317.5714,68126124.00,62771072.00,719627,948996,76791.3333,160875.3333
2026-06-22,233514,90607,85982,124948,42148,38654,-36196435.00,-5255577.00,335642414.00,83632936.00,131609.3,68485.7667,131312,66529.4286,205241688.00,182200830.00,701594,900024,59606.3333,118476.3333
2026-06-18,157805,68403,73662,67669,30231,32555,5656225.00,275572.00,132717282.00,30014008.00,132879.5,69821.3667,124003.2857,65814.1429,70160932.00,76373125.00,904906,1126465,52431.6667,115180
2026-06-17,91307,71364,37293,46447,33719,33370,-8609839.00,6317425.00,94631158.00,69326617.00,133675.4667,69051.0333,126320.2857,64983.5714,68641807.00,85696698.00,900266,1114774,56856.6667,145223.6667
2026-06-16,106317,39052,48343,49302,18004,17098,-1130034.00,1420023.00,85151653.00,24447690.00,133189.9333,69869.5333,135564.5714,73688.2857,51680762.00,49133155.00,896349,1105355,81265.6667,157713.3333
2026-06-15,147916,46879,72686,61430,18076,23639,2396635.00,-4299208.00,130955034.00,30625894.00,135443.1333,72130.9333,143523.5714,78496.2857,70578167.00,77966010.00,887816,1080976,80002.6667,138613
2026-06-12,181438,84639,75887,85909,43020,34833,-125211.00,1921445.00,97185935.00,30533359.00,143057.2,78193.4333,139868.2857,78799.2857,57881874.00,55835218.00,909295,1122550,72921.6667,113681.6667
2026-06-11,143786,112279,59848,70536,40996,70473,-7778327.00,-38597922.00,127305688.00,97872418.00,144190.0667,77716.3333,156421.8571,81396,90467460.00,118435207.00,913709,1102317,57345.3333,101595
2026-06-10,90615,43090,36385,44885,21859,18236,-8370607.00,-2315833.00,82605549.00,37772107.00,143910.9667,77869.2,157937.1429,80732.7143,58720746.00,52665972.00,909897,1087816,76310.3333,128399
2026-06-09,106644,63396,46573,50097,32393,26857,-3130159.00,6303729.00,103667096.00,56944467.00,145102.1333,78209.5,163367.1429,82018.5714,78837074.00,69911936.00,910965,1081147,82023.3333,160727.3333
2026-06-08,107526,65550,39714,54063,26964,29008,-7618833.00,-2273512.00,125757162.00,41435973.00,147183.5,78675.2667,158252.8571,77769.4286,77254080.00,71908759.00,880189,1047028,89093.3333,176835.6667
2026-06-05,171027,99985,72618,79255,42095,48692,-7146911.00,-7602445.00,213918268.00,42476852.00,145699.4667,78313.6667,145377,68499.1429,108901923.00,109720557.00,910129,1109378,99250.3333,206380.3333
2026-06-04,203629,80535,99357,85775,31511,41816,4623393.00,-226900.00,168042808.00,49751522.00,142566.2667,78341.9333,130617,63136.5714,94865862.00,98879695.00,893093,1089595,85221,172244.6667
2026-06-03,155851,86760,59560,76663,46851,34922,-19692766.00,7322683.00,163005937.00,76076252.00,140329.3333,77735.6,126576.8571,60642.4286,111843601.00,84828152.00,864831,1046552,80433.3333,168512.3333
2026-06-02,259661,130456,99652,129024,56984,61331,-55466144.00,7300535.00,255310099.00,119219451.00,134931.9667,75472.4667,106244.1429,48767.8571,194377693.00,142489959.00,817822,990320,48883.3333,105867.3333
2026-06-01,101222,38447,39947,52228,19655,15593,-11711210.00,2930644.00,100203839.00,23677589.00,138340.9667,77708.9,110581.8571,52128.2857,64850151.00,49843297.00,805655,964508,47765.3333,99092
2026-05-29,144654,72397,58454,74162,35309,30420,-23462864.00,4741058.00,148269724.00,45979817.00,137753.6,77348.3667,106979,54223.8571,110731997.00,70190741.00,819701,1016651,37965.3333,84310.3333
2026-05-28,71726,35806,31123,32996,14694,17083,-3360871.00,221440.00,96779836.00,30763903.00,139936,78370,116722.5714,63991.2857,61069503.00,57487192.00,816450,1007410,49130.3333,102925
2026-05-27,80896,35093,36744,35094,14312,17578,-8780170.00,-136190.00,98877850.00,23218794.00,144635.5,80479.3,126066.5714,72192.8571,61240520.00,52213821.00,810634,998050,53210.6667,115070.3333
2026-05-26,100309,42997,43001,47921,20047,17702,-17418456.00,7439405.00,143089900.00,30804019.00,144200.6333,80484.4667,131048.2857,73254,86683856.00,61825995.00,796998,965370,59535,125496
2026-05-22,127570,69301,50609,66449,28783,33968,-17219186.00,-452487.00,97268061.00,35188627.00,143883.5667,80207.8,137732.8571,71462.4286,70586382.00,53438474.00,834193,1041699,65456.6667,122784
2026-05-21,117332,47334,52848,54365,20691,21372,4147617.00,1452132.00,100436088.00,25344799.00,143748.5,81669.1667,132371.2857,71950.2857,55937953.00,58633438.00,835093,1023408,84404.6667,130317
2026-05-20,131586,61970,53508,66804,31630,25599,-5336526.00,7471084.00,109729430.00,39526814.00,145198.2333,83009.2,127433.2857,73916.8571,77026456.00,62069372.00,814687,987338,94582.6667,135223
2026-05-19,119434,87066,50403,58229,44811,36057,-10639957.00,21100085.00,156974924.00,68362539.00,144329.3667,81874.6667,131033.5714,72311.2857,122063985.00,89437943.00,784309,963791,82369,140472
2026-05-18,139931,104178,65224,62487,45264,47805,1167651.00,-2921398.00,183491417.00,94002357.00,142146,80283.2,127156.7143,66799.4286,114039245.00,130038318.00,758063,942277,66563,151949
2026-05-15,146304,92504,56611,55160,37217,48599,-5787522.00,-3069099.00,190692205.00,83265230.00,140866.1667,79631.0667,134243.4286,69080.4286,119705730.00,118378707.00,890317,1072518,52644.6667,129781.3333
2026-05-14,135181,50425,62165,62887,21354,24591,-959440.00,-5393306.00,187394365.00,34417885.00,141608.4,81154.2,131387,68770.2857,100843530.00,104783005.00,881331,1049025,61081.6667,117061
2026-05-13,174362,56760,86755,75720,21315,28772,22696246.00,-4341608.00,263541182.00,42623558.00,140237.4333,81153.1333,119585.4286,69748.4286,127582613.00,154620467.00,870013,1030534,67437.3333,107152.3333
2026-05-12,79801,50749,34231,37778,24980,22313,8051.00,-3858456.00,147918640.00,45137657.00,141362.1667,82213,138972.7143,78887.2857,88337767.00,92275906.00,862123,1023212,72386,118149.6667
2026-05-11,97020,75736,39872,46959,42169,27715,-10440625.00,7248238.00,170107010.00,59299183.00,142664.6,83663.7333,183664.1429,106141.2857,113543818.00,100788805.00,834984,998054,83297.6667,151113.3333
2026-05-08,144636,75827,64857,66636,33473,35827,14990131.00,-4363791.00,234243522.00,30896032.00,143194.7667,85272.6333,188397.8571,109304,113441340.00,132672662.00,873016,1050896,74106.6667,141296.6667
2026-05-07,112793,65595,51894,51416,28377,31723,9987846.00,-1831762.00,224472357.00,34030699.00,144884.6,85447.7333,184033.4286,106744.1429,111769364.00,128174036.00,853795,1025250,73444,134282.6667
2026-05-06,195911,108471,85272,75460,26090,44131,35637192.00,-9539558.00,352799612.00,126950257.00,143425.0667,84215.6667,176386,101763.2857,149346985.00,228522845.00,816495,984707,75527.3333,140816.3333
2026-05-05,115186,48254,53069,50888,19751,24697,7641590.00,550325.00,153741215.00,27220802.00,143999.7333,84602.1667,184211.8571,106230.2857,80496007.00,87587272.00,808670,963421,148280.6667,239041
2026-05-04,91751,63607,39550,42799,25636,32697,-5977530.00,-1647381.00,177830968.00,40379247.00,145317.6333,85730.2667,189176.8571,109877.4286,103117422.00,97363093.00,784861,946130,159733.6667,267714.6667
2026-05-01,215512,114721,99327,99332,38281,60620,14045537.00,-11318862.00,290670694.00,87417140.00,140883.2333,87859.6333,174051.2857,105114.8571,144041476.00,203889355.00,838770,1038159,137385.3333,223291.3333
2026-04-30,409860,266514,199225,176694,107385,134203,66352824.00,-7390364.00,585697151.00,146489100.00,129308.4,80573.5,128177.4286,76837.1429,300484824.00,383650492.00,778115,1026204,73082.3333,134131
2026-04-29,177772,97966,82412,78104,36750,53095,4958296.00,-2438367.00,185160073.00,54691671.00,126535.1667,79616.3333,116744.2857,71779.4286,108097229.00,115493892.00,747988,979305,66934.6667,131529.3333
2026-04-28,82242,47676,36738,39556,19030,23911,20279637.00,273119.00,171838194.00,34081436.00,126891.1333,80544.1,134065.7143,80045.7143,87285829.00,107292347.00,737700,960670,80755,146284
2026-04-27,142379,73605,65820,64398,29929,35505,15908988.00,-1949265.00,238523126.00,70374844.00,126123.2333,80952.6,131873.4286,78328,131867356.00,150047614.00,713274,933964,83347.6667,135368.6667
2026-04-24,169967,79523,78233,76919,33720,39285,-439658.00,-9413945.00,154370734.00,52949712.00,124332.8333,81598.0667,127192.1429,76461.1429,91927429.00,100901716.00,747559,993908,79696.6667,108294
2026-04-23,126506,89137,56544,61379,42260,39289,-6591716.00,2696770.00,135171149.00,53985939.00,123037.9,80803.4667,140817.1429,77780.4286,93849862.00,84561376.00,722263,972513,70838.3333,98705.3333
2026-04-22,109633,81383,56104,44929,25285,51081,10454026.00,-12428409.00,94146905.00,46458918.00,123735.9333,79859.3333,137621.4286,72318.8571,53446714.00,78726909.00,708766,964835,78890.6667,129991.6667
2026-04-21,88743,68570,37987,41679,30039,34277,6064021.00,-2245096.00,99829439.00,36630037.00,124772.1333,79933.9333,141809.2857,71237.5714,59518541.00,68437543.00,694257,939540,76561,142755
2026-04-20,97740,62562,36168,53329,28215,29264,-7566941.00,2775647.00,109166390.00,27691402.00,125650.6,80627.0333,144029.2857,75325.1429,67838022.00,57467149.00,673612,901742,77858.6667,155907.6667
2026-04-17,203492,105540,95273,89381,40888,49993,9329862.00,-4531522.00,209116059.00,73220348.00,123064.1,79712.1,139970.1429,74843.8571,124502544.00,133459781.00,764757,1091347,75469.3333,162037.3333
2026-04-16,127033,61581,54000,58703,26019,27918,-5208698.00,2664718.00,145303734.00,27283290.00,122141.6,79118.2667,135160.8571,73622.2857,82263818.00,74390402.00,750607,1069204,69326.3333,148780.6667
2026-04-15,137198,66455,62658,58622,24360,34354,7475481.00,-2338478.00,161230584.00,26397151.00,122153.2667,79443.6667,126194,72190.7143,80589351.00,90403310.00,740987,1044649,67508.3333,142400.6667
2026-04-14,221881,98372,107041,93989,31372,58277,28308792.00,-12246008.00,218407165.00,64284277.00,118227.5333,77791.2333,109912.2857,68557.5714,103086524.00,153840204.00,702830,995202,65109.3333,106200.3333
2026-04-13,87263,43152,43080,32332,19120,20057,5767324.00,2022306.00,75377265.00,19470693.00,120484.5333,78672.5,119938.7143,76124.2857,38528143.00,42273161.00,693169,983309,84782.3333,135472
2026-04-10,118058,61001,47862,58253,29572,27300,-16867876.00,-1881961.00,118663113.00,26675945.00,121807.5,80498.1,122106.5714,75513.8571,73895110.00,61748255.00,735817,1021847,82125.3333,127242
2026-04-09,113280,91175,56393,45069,33705,41514,21250612.00,-1620156.00,98614299.00,34286392.00,121865.8667,79504.6,122144.1429,74281,48393043.00,71263811.00,716238,1006225,70545,114292
2026-04-08,175078,102171,89970,66832,38197,52632,6521173.00,-175384.00,159937566.00,37440297.00,119396.5667,77796.2667,116574.8571,76722,85940879.00,92637436.00,697366,979974,60801.3333,91902.3333
2026-04-07,93368,53030,42597,41760,24372,23459,-3783915.00,-415683.00,74565911.00,19633353.00,119954.9333,78318.3,126171,86874,45454979.00,42507347.00,686890,956279,75164.3333,113262.3333
2026-04-06,74430,56434,37245,27123,23918,24537,6970446.00,-977104.00,48100842.00,23158067.00,126808.2667,82137.4333,138893.5714,88933.1429,27998154.00,35945704.00,663894,932965,75262.3333,132863.3333
2026-04-02,107909,72940,46391,50614,32452,33882,2501544.00,115071.00,53142127.00,32112873.00,126668.3333,84379.8,145210.1429,88728.7143,37996481.00,40382954.00,683522,982320,78464,134741.3333
2026-04-01,157448,96119,69547,68989,41690,44468,5637781.00,-770396.00,93624991.00,88104809.00,125341.6,83265.1333,141635.5714,83547.2857,83413540.00,82273577.00,671613,954121,86177,127623
2026-03-31,133233,56728,68455,52525,20101,30139,4214775.00,-108267.00,74858796.00,38746369.00,127686.7333,85719.0333,141357.7143,89364.7143,48142229.00,52319671.00,660646,926953,108632.3333,136725.6667
2026-03-30,113543,82545,49297,51256,36749,39741,3715007.00,3413718.00,91489684.00,133573663.00,128940.4,86512.7,136920.1429,103087.1429,117818487.00,93186737.00,650368,894666,104733.3333,153374
2026-03-27,136093,119258,49188,72473,56307,49474,-6068997.00,9467273.00,82374723.00,159166594.00,131147.8667,87879.9333,126423.2857,92897.4286,116685536.00,96369580.00,662238,983771,88817,158718
2026-03-26,160541,124094,60761,80894,52752,61537,-6374137.00,-4197413.00,74576086.00,165550688.00,132199.7667,86934.3,116999.5714,85062.7143,120114463.00,106920289.00,670386,960200,67402,149346.3333
2026-03-25,163488,70848,72520,77992,33670,29079,-6016110.00,3250657.00,69963642.00,59067580.00,131624.6333,87093.7667,106918.5714,85728.5714,67349824.00,50498392.00,662947,925677,76269.3333,138613
2026-03-24,152125,71509,64779,70413,31774,31243,-12787291.00,-3471415.00,95328941.00,54624083.00,131314.1667,87421.2333,102235.2857,87778.7143,71994579.00,62678703.00,642914,884085,111967,115398
2026-03-23,132426,59849,64670,52885,22079,30581,-3679961.00,-3920889.00,91305333.00,51090985.00,137318.9,92231.7333,99925.1429,93355.5714,63674811.00,69327809.00,641908,845103,107994,92127.6667
2026-03-20,131288,97450,55303,63614,45690,40475,-8227699.00,4747379.00,91702966.00,56669529.00,147410.5,98088.0333,93692.2857,88762.5714,73641785.00,62926207.00,771892,1057734,98594.3333,79890
2026-03-19,82480,178602,34218,38022,51362,120874,2381964.00,-13606832.00,55579307.00,302248961.00,151624.5333,97014.8,100562.8571,70827.8571,134370404.00,214417010.00,763014,1050047,64230,83370.3333
2026-03-18,62615,47930,27558,24450,21473,21315,2906834.00,-1667219.00,50809303.00,47238326.00,154596.5667,98569.6667,108736.2857,74096.1429,40554096.00,51514669.00,757151,1038062,76873.3333,102279.3333
2026-03-17,94575,69251,46935,38315,30555,32523,4893082.00,9448527.00,61105050.00,84527180.00,155554.9,98152.2333,112953.2857,76111,71396406.00,66209856.00,745920,1023692,86752,109506
2026-03-16,92921,75509,40340,41144,34973,33564,7735633.00,-8566560.00,59467903.00,116623953.00,156831.7,98080.3667,117664.1429,76480,78280868.00,87224015.00,745396,995748,83348.6667,107751.6667
2026-03-13,119342,85860,50714,51290,38100,37678,-4132100.00,-6743851.00,55079874.00,65939235.00,159030.5667,98735.5,114809.2857,70466.5714,50823323.00,57651324.00,781413,1050004,72415,111495.6667
2026-03-12,116255,98887,56263,46046,29879,63918,11403087.00,-24880055.00,78804232.00,156667415.00,157944.8333,97391.8667,117851.1429,67228,48371402.00,178226203.00,779181,1029622,63055.3333,112687
2026-03-11,87658,65299,43349,32697,28659,30843,12741999.00,-2270211.00,63716102.00,38897597.00,159837.6,98077.2333,120201.2857,64870.8571,34558861.00,56145167.00,768949,1015311,69074,124832.3333
2026-03-10,130574,53059,59960,52188,20922,24434,5065795.00,-5049532.00,82590270.00,30612561.00,159423,98399.6333,123686.8571,67232.4286,44942620.00,55569047.00,763299,986390,77418.3333,123273.3333
2026-03-09,119829,70808,50809,48706,28002,36642,6191477.00,-9160447.00,88715275.00,74405533.00,160286.5333,98587.8667,129103.7143,73655.4286,75855811.00,71239969.00,757918,964450,68404.3333,116449.6667
2026-03-06,124094,83355,49417,58142,39016,37207,-9421987.00,-420510.00,100413216.00,39455208.00,159404.0667,98028.5,127809,70514.7143,70564377.00,56781790.00,784699,1034270,66025,120934.3333
2026-03-05,125897,78092,54104,58770,36029,32921,-5452694.00,-2218590.00,77508765.00,50495385.00,160260.1667,98334.3,124252.1429,66633.1429,58304213.00,56195852.00,766698,1011552,56260.6667,113671.6667
2026-03-04,99358,43766,40861,44983,17552,21752,-3175244.00,-6196422.00,64812134.00,30510818.00,161373.5667,100671.1,125789.4286,70193.8571,41782643.00,44803821.00,757003,990842,64868.6667,132210
2026-03-03,137548,76217,59467,62702,35908,33482,-12478853.00,5959049.00,117601012.00,56088952.00,163012.4333,101907.3,146144,83735.4286,90861954.00,70385749.00,742257,968764,78052.6667,138943
2026-03-02,104109,48799,47064,47319,20356,22655,66409.00,-1664324.00,84141785.00,24540425.00,165093.5333,103101.4,146087.1429,96794.2857,45071432.00,55384325.00,729818,937748,82243,142583.6667
2026-02-27,154973,69590,73891,66277,31509,31781,6411864.00,-2098728.00,66863426.00,27946529.00,164118.2667,103378.9,140754.7143,95807,39049220.00,47559812.00,761483,1000880,76020,124592.3333
2026-02-26,157747,115769,68943,73185,30283,54942,-10934379.00,-13712621.00,78327305.00,146180717.00,166799.5,104070.0333,147303.2857,97889.2857,58436358.00,95546020.00,756393,985628,60327.3333,108716.3333
2026-02-25,115031,61370,50184,52443,22039,30369,-5462590.00,-7589182.00,66076018.00,41183271.00,169409.1,105046.3333,152463.5714,104315.7143,44423779.00,47335871.00,738178,968489,96873.3333,163716
2026-02-24,100999,50921,40603,46769,22282,23014,-137044.00,-549320.00,67679811.00,24412896.00,172629.2,107379.8333,166937.5714,119937.7143,41574766.00,41987042.00,728762,944722,126636.6667,164620
2026-02-23,110119,68691,52293,46903,29641,31112,8768187.00,-1864064.00,123960776.00,38877537.00,176006.5,109323.0333,178648.8571,123799.7143,66286960.00,84596411.00,715531,913377,124632.6667,167129
2026-02-20,280030,171008,141326,115252,76368,81006,28730458.00,-6908645.00,172093231.00,52225965.00,174177.1667,106939.0333,159535.1429,110174.5714,86063554.00,122104212.00,814761,1059304,111078.3333,141648
2026-02-19,103711,140211,45787,42701,92867,42196,977076.00,26911740.00,84011102.00,313701249.00,174397.8,104549.8,165120.8571,101763.4286,291901592.00,95660504.00,814855,1047118,99793,157462
2026-02-18,117646,62679,51040,55353,25556,31041,-13546887.00,-4715958.00,79509930.00,77360125.00,174395.8333,104190.3333,192966.8571,121975.5714,74341792.00,73578003.00,809296,1025425,132325,185685.6667
2026-02-17,203587,130345,90816,89648,52354,67678,-5942282.00,-16005264.00,122132632.00,137651341.00,173238.5,102704.0333,225888.1429,142374.7143,105033327.00,133936811.00,797010,976202,120785,181856
2026-02-13,151153,106355,64181,71707,48901,46831,-9747692.00,7386057.00,88327924.00,52851058.00,170301.5,100298.1333,234137.8571,148096.1429,73321885.00,56188136.00,820517,1051858,110544,180216.3333
2026-02-12,202317,160275,90976,89211,102159,48229,5382705.00,10910885.00,102891178.00,197266430.00,166696.6333,96369,226917.7143,138710.5714,208862458.00,72916587.00,822574,1031647,84230,160381
2026-02-11,192098,95725,75253,95403,39339,46088,10126441.00,7006125.00,157774750.00,77087652.00,162479.5667,94901.1,217093,133139.5714,102040889.00,106371755.00,804912,995974,120376.3333,200537.6667
2026-02-10,146234,75632,57662,71869,34114,33895,-14208221.00,6362105.00,112785034.00,47483542.00,160941.7333,94242.6,214948.8571,132814,82745134.00,62668158.00,789444,967801,186212,296471.6667
2026-02-09,142811,81333,64074,62776,30180,41942,-1498344.00,-10981591.00,104941865.00,89124637.00,157922.8667,92639.1667,221019.8571,136268.4286,80411632.00,90468070.00,767105,940307,207902.6667,318501.6667
2026-02-06,312568,204164,137080,145969,82295,100318,-2516303.00,6829106.00,160908254.00,114231141.00,152201.2,88280.9333,188322,115470.4286,130111726.00,122930717.00,813785,1004177,171373.3333,264904.3333
2026-02-05,434036,273139,211328,187096,102205,148483,20811412.00,-39499879.00,298356700.00,264092800.00,142510.7,80959.0667,146951.2857,88716.2857,203871776.00,324001820.00,779124,988959,99236.3333,161334
2026-02-04,208901,146405,83980,99333,61427,67479,-23611126.00,-6695204.00,235352077.00,118906375.00,140916.4333,78679.4,133984.8571,76762.8571,165922617.00,149794405.00,737259,919704,74885.6667,135442
2026-02-03,151776,94576,56190,81648,41057,40327,-45127663.00,9163799.00,284482148.00,57681790.00,141140.8,77913.0667,133121.8571,74174.1429,183947193.00,128852731.00,698595,876801,78531.6667,146619.3333
2026-02-02,123325,56728,50038,58260,21256,25743,-20198829.00,363732.00,205349892.00,35337132.00,143122.7,79460.0667,129449.7143,75580.7143,120403142.00,99840581.00,680376,839400,79148.3333,133405.3333
2026-01-30,131225,73353,55829,60526,31960,34324,5552884.00,-7103156.00,110057464.00,43155818.00,143734.6667,79226.3,132357.5714,77568.2857,66629217.00,71937257.00,732099,914622,83317.3333,137810.6667
2026-01-29,185308,105514,77923,87894,49312,47190,-9348916.00,2459112.00,177690625.00,60092650.00,141887.0333,77941.9333,124850.7143,78762,115866476.00,94312848.00,713385,895344,69056.3333,115420
2026-01-28,83683,58578,38418,35612,21460,30941,6817394.00,-2644686.00,78353718.00,49241459.00,145798.7,79343.5667,139569.4286,86579.8571,47453220.00,69709800.00,695223,888211,75015.3333,136104
2026-01-27,144441,85860,68744,56421,23460,51547,4826593.00,-7055943.00,116972011.00,43967614.00,145954.0333,79359.8,142726.7143,86403,59207898.00,81889519.00,660987,846966,68586.6667,120497
2026-01-26,118136,62731,52670,46039,24249,28747,8100105.00,-1078208.00,113400375.00,27546961.00,145085.3,79213.3667,143809.4286,88572.1429,56694083.00,65884906.00,641704,826644,76765,131645
2026-01-23,145735,76455,64896,62009,32935,35502,30471770.00,-829648.00,174000729.00,25872366.00,144008.5,78319.8,157016.4286,97150.4286,76561322.00,107862740.00,687412,889946,89236.6667,127320
2026-01-22,97620,66574,42670,43367,29846,28732,-3437845.00,-216052.00,78954063.00,24047673.00,146120.2667,79397.2333,170687.7143,100591.1429,48106138.00,44884345.00,676878,878951,104813,157018
2026-01-21,151580,87266,72427,67172,37194,41927,6537137.00,-1710330.00,120920897.00,39363964.00,146457.7333,79739.3,177262.2857,105399.7143,71903537.00,76310274.00,661918,852131,103931.6667,162005.3333
2026-01-20,132760,113870,52871,64991,50992,45317,-1312101.00,-5194681.00,126599666.00,95574866.00,146976.5,78994.8667,188502,107273.5714,100094674.00,91691754.00,609665,818048,91946.6667,159657
2026-01-16,186714,113303,76092,88936,52437,46603,5689242.00,4085543.00,289785641.00,37451815.00,146639.6333,77897.4667,193992.8571,105300,142918020.00,156217374.00,907983,1109451,99680,176813.6667
2026-01-15,166542,84622,65260,83487,40143,35407,-13554949.00,2564659.00,160508186.00,31640285.00,145507.0333,77617.0667,185962.5714,103001.7143,96067548.00,79947940.00,900856,1093046,101692.3333,185739.3333
2026-01-14,125715,77915,53299,56868,35017,35055,-479732.00,651697.00,133935381.00,37535083.00,145775.6667,78929.6333,184801.4286,99284.5714,76804631.00,75673202.00,885353,1075362,116029.3333,209701.6667
2026-01-13,238184,136503,110280,99690,54801,64561,-3084292.00,-6014149.00,318866886.00,72738976.00,146265.9,78436.8667,174899,92035,171194113.00,178235000.00,848336,1049097,112857.3333,200786.3333
2026-01-12,193319,90659,82572,87738,42824,38041,29848072.00,-1951206.00,383188617.00,55228789.00,147590.3333,81179.7333,156288.1429,83966.2857,187750597.00,214375375.00,822488,1018808,115800.3333,211396.6667
2026-01-09,197602,120926,93584,82054,56758,53012,9591959.00,1174314.00,173507140.00,41026217.00,156873.4667,86309.6333,141512.2857,72748.4286,95093818.00,100048243.00,842794,1065414,98336.3333,182306
2026-01-08,211438,126987,93906,93604,60989,52840,9702535.00,31019297.00,171478397.00,138717307.00,162548.4667,89839.9333,120676.2857,61991.4286,143487466.00,142996234.00,803101,1043954,73305.6667,151022.3333
2026-01-07,225150,99488,111461,81372,41620,46985,39450319.00,-639067.00,178355574.00,42986459.00,168592.5667,93132.3,102811.8571,55761.2857,81153285.00,116682851.00,783156,1009520,68728.3333,132261.3333
2026-01-06,110330,68534,46132,49629,34664,24477,4591535.00,4557144.00,121591071.00,46945886.00,174651.8333,97332.6667,94514,50717.8571,76229146.00,73204657.00,754191,984785,57276.3333,116499
2026-01-05,117587,51895,49468,47528,25900,18574,10598265.00,2221708.00,81575506.00,20443790.00,181400.8667,103094.4667,97847,53792.4286,40104368.00,48480925.00,740182,940512,54111.6667,108693.6667
2026-01-02,168867,85756,73826,74487,37758,38424,2626035.00,3786004.00,142718471.00,27799736.00,181734.5667,103054.5,94197.5714,49182,76854800.00,75694831.00,762986,1005644,42755.6667,74266.6667
2025-12-31,63043,34178,26178,25995,13655,15779,-6893424.00,-428157.00,74926597.00,13455247.00,187989.1667,105631.5,108201.8571,55444.4286,41886116.00,35420849.00,755305,1001019,49988.6667,86618.6667
2025-12-30,94171,42401,42979,39544,18388,18997,-4452599.00,233851.00,69388726.00,17137007.00,189174.3667,106403.7,117392.7143,59613.7143,39657772.00,34971322.00,743563,986587,46931.6667,72643.3333
2025-12-29,65586,51688,27022,29919,22351,21706,-1292241.00,-1729314.00,81708210.00,36303519.00,191904.6,107267.4,134135,66963.7143,46043732.00,50783865.00,722982,967342,54174.6667,97754
2025-12-26,100099,55877,43687,46518,25563,25548,4731728.00,-1018011.00,84728157.00,17087510.00,192769.8333,107856.9667,141204.2857,68458.4286,43559202.00,48698941.00,760424,1028992,53376.6667,112161.3333
2025-12-24,52245,33230,21553,23529,15128,14325,295197.00,-1449812.00,41154442.00,10147930.00,193651.3333,108230.3,152294.8571,73280.2857,22111473.00,23856482.00,754286,1020957,68305,148437.3333
2025-12-23,140918,73417,69858,56135,35277,30150,8680411.00,1278790.00,92051554.00,32699673.00,193649.0333,108219.6,160882.7143,77167.4286,57408252.00,55732273.00,732201,1011916,67694.6667,154300.3333
2025-12-22,143321,53483,62149,63408,20310,26519,1134576.00,-1568175.00,91468711.00,18472376.00,194673.0667,109505.1333,161708.4286,81862.2857,46693915.00,49398668.00,717615,965396,84246.3333,167454
2025-12-19,161073,78015,78658,65797,32941,35891,4842053.00,-315340.00,134004136.00,22671214.00,194880.0667,109003.2,151851.4286,79051.2857,67357457.00,72055676.00,865242,1179252,80354.6667,163624.3333
2025-12-18,158507,71586,68024,73008,33733,27462,2371557.00,3536572.00,182269680.00,28024613.00,194255.6333,108406.9,145412,75917.2857,91621542.00,89822185.00,854446,1163769,78820.3333,154081.6667
2025-12-17,182782,103138,70850,91293,47108,44778,-19122228.00,-4146547.00,137292124.00,53947746.00,191499.8667,106300.8667,142296.4286,75311.4286,91529822.00,79276041.00,845015,1140870,77983.3333,160165.3333
2025-12-16,149584,66340,59470,66024,28907,26534,-300015.00,2063836.00,124666534.00,25139515.00,190353.7,105701.2333,144027.8571,79766.8571,66054871.00,60333836.00,827244,1126099,84652.3333,160004.3333
2025-12-15,129879,66983,50121,59746,31003,29653,-2810234.00,-6139021.00,110112827.00,35185068.00,193739.2667,106708.8667,146662.7143,83274.5714,64096248.00,65800224.00,810006,1098250,81770.6667,147402.6667
2025-12-12,201033,100627,82417,101627,47578,43086,-7216501.00,-50778.00,128554358.00,34892923.00,200401.7,110252.6,143173.4286,80382.2857,78790852.00,72141010.00,886214,1167766,64777.6667,118202
2025-12-11,149101,86347,59225,74727,38958,39576,-10738063.00,-281273.00,110531104.00,39239655.00,204708.5667,110679.9,140811,78934.1429,72210495.00,62007425.00,868148,1154779,68961,122159.3333
2025-12-10,92074,58338,41860,40090,22889,27857,-2179176.00,-1559555.00,96821603.00,21820728.00,206010.6667,110405.6333,146768.1429,87356.1429,53950879.00,52676728.00,855596,1148155,82024.3333,145369.3333
2025-12-09,113431,49648,51224,49090,18561,25555,9216232.00,-4497532.00,138224575.00,22796602.00,208068.7333,111205.3,166691,97652.1429,72283204.00,77152490.00,842790,1138620,95987.3333,157000
2025-12-08,160973,98897,61083,82372,47179,38332,-6534380.00,3913463.00,150814295.00,49561955.00,209904.4,111267.5667,176988,108230.4286,94503696.00,83870853.00,815282,1093666,89815.3333,162211.6667
2025-12-05,161704,97528,76827,68531,42761,44174,1513429.00,-1509110.00,249203971.00,33201243.00,207629.9667,109523.7,221901.1429,133558.2857,94403484.00,97426023.00,869676,1175582,82709.3333,152498.3333
2025-12-04,148323,91537,63351,70955,38991,42736,-13155932.00,-4158546.00,107861725.00,26069488.00,208170.0667,108141.1,255239,153752.4286,65745438.00,56748052.00,850678,1151332,91294.3333,147648.6667
2025-12-03,176608,80381,81941,77053,35574,35979,-7274442.00,1790683.00,167035305.00,29872418.00,209300.6,109443.1667,288076.8571,170592.1429,94231120.00,84839495.00,838216,1134327,105074,173076.3333
2025-12-02,132564,76210,53789,63628,31299,33759,-17232456.00,-2592096.00,134629602.00,45801481.00,207793.8667,108707.5333,310868.8571,187497.1429,83251047.00,68610347.00,822584,1118090,137319,206572.3333
2025-12-01,133774,117292,52110,63385,59954,44547,-12037191.00,2181283.00,153372108.00,38943558.00,207533.5667,107777.6667,337480.8571,202848.1429,91958465.00,77752071.00,795926,1088673,189829.3333,320679.6667
2025-11-28,252891,121720,89727,133138,54486,57667,-35321724.00,1058344.00,270437038.00,24133097.00,206169.6333,106841.5667,326907.5714,197539.1429,157225514.00,76026628.00,890171,1177296,226888,363612
2025-11-26,233052,172945,94327,111303,76110,79020,-1790759.00,-1984327.00,202259981.00,51676617.00,203666.6,103463.0333,329426,188759.5714,112909311.00,113100641.00,868021,1144382,235326,421419
2025-11-25,476096,274823,204887,209220,113067,125579,10301786.00,-13828423.00,639790375.00,113513554.00,191378.3,96053.9667,279944.7143,158865.8571,330146274.00,337706725.00,798209,1071532,208566.6667,360089.6667
2025-11-24,381688,232896,183483,158580,99099,107783,37283939.00,-5953224.00,528718926.00,106704216.00,182198.2333,89532.6,246488.2857,136680.5714,260464022.00,314293162.00,738431,1015344,205851,339546.3333
2025-11-21,406473,198259,198569,171754,83193,95477,27619189.00,-3977753.00,305530778.00,64031313.00,173714.8,85858.2667,206428.7143,118867,153551581.00,185363929.00,837742,1134790,167950.3333,263681.3333
2025-11-20,292108,194545,128317,135108,87557,89334,-14087845.00,-4835318.00,286065798.00,89287682.00,169911.2333,81573.3,175940.4286,97422,174193768.00,170875641.00,813011,1110802,140264.6667,249872.3333
2025-11-19,320058,224749,153110,134676,94161,108918,22227925.00,-23669234.5000,319852334.00,130428803.5000,162105.0667,75196.1,150339.1429,75757.2857,178958607.00,235730066.5000,766425,1100392,87204,186428.6667
2025-11-18,178878,84557,85479,74045,37063,36958,7868008.00,-4326164.00,149159537.00,41919803.00,158798.5,74116.0667,149648.2857,76827.5714,77641307.00,89835479.00,749607,1075260,84884.6667,175967
2025-11-17,250681,111488,110679,102909,42589,49928,14563090.00,-8327436.00,305432841.00,63369549.00,154531.8333,71825.5,137734.2857,69894.5714,131672610.00,164536216.00,728490,1035208,72243.3333,134425.3333
2025-11-14,129727,65567,54030,56027,28181,30928,-4200883.00,-889704.00,90640131.00,26991748.00,155388.1333,72831.7667,139169.5714,68198.8571,56117607.00,51753178.00,749473,1092762,65197.6667,117413
2025-11-13,147493,77599,60223,72795,38706,30539,-10617988.00,12041800.00,142973462.00,42857380.00,153862.3,72119.4667,132400.4286,62821.4286,96402784.00,72181016.00,742131,1070759,63696.6667,115198.3333
2025-11-12,126056,73564,57224,55630,36738,30077,2150273.00,-1723001.00,108593009.00,28960354.00,155005.3333,72055.2667,130849.4286,59219.5714,58943308.00,67219902.00,725890,1047743,69858.3333,131193.6667
2025-11-11,78690,44430,32895,35209,16201,23070,-3176989.00,-6844023.00,83771217.00,25388255.00,155836.1333,73997.3,152671.7143,66759.8571,47250516.00,52525140.00,711283,1035583,76034,160724.6667
2025-11-10,140849,73096,65747,56487,31483,32720,9672186.00,-5044575.00,137557640.00,41955549.00,154619.7,74541.9667,189822.7143,85880.2857,76785410.00,84740235.00,687179,1013968,69567.6667,160366.3333
2025-11-07,174042,92049,70353,84114,40019,42720,-11364117.00,-187912.00,124386692.00,34748709.00,152644.5667,73969.4667,204717.7143,86897,75632834.00,68732374.00,708776,1066561,52203.6667,135722
2025-11-06,167283,62957,67532,79444,27791,27266,-6281968.00,3983001.00,137390849.00,31386512.00,151198,74536.6333,199554,85061.7143,82270251.00,72011078.00,694322,1048285,47335,118360.6667
2025-11-05,139774,53697,68047,60279,20311,26809,8748079.00,-3668798.00,109029263.00,22487077.00,149611.8,75670.9333,204611,87910.4286,54235921.00,66998998.00,678350,1025148,61840,148918
2025-11-04,100109,39957,38587,49793,17973,16439,-29531313.00,-4463656.00,125296369.00,23708131.00,148775.3,76157.4667,221173,96597.2857,81499975.00,56432318.00,669972,1007895,117500.6667,249183.6667
2025-11-03,115199,48351,54782,48681,20869,21568,10153642.00,1275413.00,102708143.00,22945938.00,148447.3,77737.0667,218069,96148.8571,51922505.00,60800734.00,658404,988850,134439,303553
2025-10-31,231446,97212,97692,108512,40399,42251,-12853279.00,-2507315.00,213842083.00,41087210.00,146177.7667,77690.6333,208509,89412.7143,123184879.00,112836615.00,708735,1064390,118738.3333,270116.6667
2025-10-30,400906,206939,173597,186317,93305,91651,-67813313.00,631573.00,561236275.00,72267558.00,136853.1333,73047.5333,181311.5714,76913.2857,327655235.00,257775389.00,696345,1034966,74304.6667,194872.3333
2025-10-29,278307,99166,121244,123866,41858,43218,643410.00,-1653009.00,297508222.00,54209809.00,131500.6667,72813.3333,154033.7143,70481.1429,156702289.00,161436633.00,659852,986828,74837.6667,174117.6667
2025-10-28,131137,50110,41778,49505,17745,24031,-5702769.00,1872379.00,200487787.00,35379678.00,130850.2,73269.1333,153294.8571,76093.4286,101624393.00,81748175.00,642050,958513,73205,161562.3333
2025-10-27,175173,73638,68306,71055,32323,30481,4827791.00,-3008675.00,213556667.00,56454218.00,134972.4333,75564.7333,158552,78950.4286,122342784.00,116979039.00,609243,904210,65345.3333,158013.3333
2025-10-24,216043,100765,95918,95173,38987,49319,424816.00,-3248918.00,184870269.00,32920231.00,131550.2667,74761.2,150254.5714,74782.4286,96373329.00,100047063.00,648918,936890,71571.3333,156173.6667
2025-10-23,93471,45212,40187,44312,19065,20648,22420226.00,891214.00,118273024.00,21546737.00,133233.3667,76529.3667,152251.1429,75830.8571,53881231.00,75410243.00,642676,927261,74547.6667,154137.3333
2025-10-22,164526,50059,74675,67427,22322,22551,7273670.00,117052.00,130921712.00,22273482.00,131908.2,77901.3,143931.1429,74001.7143,62236807.00,71648225.00,638382,912315,87660,141283.6667
2025-10-21,210524,119443,89257,98769,57074,49891,-14004158.00,2454486.00,150133144.00,49322648.00,128981,77447.5333,135566.2857,69514,98093974.00,81635330.00,609936,890434,79058,141766.6667
2025-10-20,87362,54141,34781,41894,18716,25572,-2216182.00,-3387430.00,86269274.00,24513265.00,129556.1667,78649.0667,148514.7143,71207.5714,48630577.00,49801825.00,595582,873012,84874,165299.6667
2025-10-17,125965,89396,50745,60664,34965,44488,-420176.00,-2932979.00,118341680.00,30639541.00,133571.0667,80697.6333,142787.2857,63212.8571,67408383.00,69673066.00,722247,1005014,72592.3333,159127
2025-10-16,211973,93637,94615,93736,42693,41796,211416.00,-1307718.00,147560991.00,38089744.00,133645.6,83855.6667,123888.4286,57287,83228198.00,84747332.00,705905,1004680,53798.3333,123898
2025-10-15,157961,71589,73923,65437,29231,33498,4883536.00,1537425.00,100101179.00,20810563.00,145084.4667,92902.2667,118848.4286,53170.1429,51771201.00,55559651.00,699693,987153,59278.3333,121901
2025-10-14,107447,52551,51717,40995,21640,23447,13009654.00,80514.00,99634123.00,23319428.00,145569.5333,93138.4667,125701.1429,59342.1429,47529404.00,60458544.00,693293,982360,63760,145419
2025-10-13,106286,37255,46905,45519,16229,16364,372663.00,3130673.00,75869852.00,20765882.00,149360.2333,95618.0667,125048.5714,62052.8571,43266515.00,40508505.00,685030,958115,62486,138614.6667
2025-10-10,151970,88029,59211,76635,39738,38774,-12017053.00,1690076.00,90281901.00,30458847.00,149644.9333,95062.4667,126245.2857,59711.2857,61142042.00,47434913.00,719429,1013530,50528.3333,114518.3333
2025-10-09,178001,65996,66607,91563,29764,27796,-6921008.00,5420510.00,82736196.00,38603071.00,145933.0667,94037.8,115618.5714,64953.4286,64965237.00,43283019.00,712220,960794,42786.6667,96078.3333
2025-10-08,85873,33433,35931,40230,14661,14416,-3244703.00,1488827.00,63189034.00,16642992.00,145825.1,94158.7333,118259,72953.8571,38284150.00,33550620.00,703739,948272,63560.6667,119259.3333
2025-10-07,79681,52156,30391,40201,22592,24129,-10523586.00,-976043.00,72823024.00,14360645.00,148187.4,94725.2,123274.2857,76199.2857,44103608.00,34556065.00,693005,935624,64918.6667,126605
2025-10-06,122681,42771,55510,48571,16852,20054,5886229.00,96491.00,92743536.00,16102045.00,153058,97465.0667,123446.4286,81513.7143,44666115.00,50455853.00,683933,911399,74541,139160.3333
2025-10-03,155416,95755,60603,78229,38745,48946,-1451652.00,-1430649.00,81146305.00,22220197.00,150407.8,95706.1333,114413.8571,80366.7143,47106430.00,47085427.00,721207,963641,76853,121893
2025-10-02,101718,56230,43712,46699,24987,26288,-17171308.00,-306638.00,84015450.00,19160187.00,150509.8667,95314.3667,110599,80127.1429,56225190.00,38874120.00,713180,942906,87921.6667,122772.3333
2025-10-01,160347,71638,81277,63070,29624,33331,14202015.00,-992683.00,93207501.00,25620450.00,147708.9333,94299.1667,102743.5714,83570.1429,46098046.00,61292744.00,703434,872624,89000.3333,107586
2025-09-30,103614,102691,42836,49619,54972,36403,-91159.00,2418841.00,68947428.00,43147232.00,147019.7333,92414.9,111278.7143,82588.4286,57219987.00,45115154.00,677302,854146,81427.3333,114343.3333
2025-09-29,104356,89436,44198,46651,40970,37620,-1592191.00,-2385608.00,81222617.00,32540996.00,151586.7,93014.2667,113680.2857,79475.5714,50357074.00,51273829.00,661803,838799,80857.3333,110287.3333
2025-09-26,114788,74874,46666,55433,31022,35724,2810232.00,-373535.00,80807678.00,18423670.00,150990.9,92573.9667,114101,81942.1429,44103284.00,47287051.00,701015,888734,74083.6667,97029.3333
2025-09-25,123886,79972,56286,53194,37866,32237,-2843946.00,2504287.00,74180980.00,29699233.00,149948.5667,91498.3667,112349.1429,79629.5714,48616072.00,43267839.00,690950,869392,79339.3333,90853.6667
2025-09-24,92188,87726,37586,43390,43091,34634,-10961888.00,-622817.00,97793254.00,27202837.00,152170.6667,90714.2667,141870.8571,87455.2857,61368109.00,51031538.00,682554,856245,82037,114577.6667
2025-09-23,75014,54553,28514,36091,26221,21221,-3815856.00,3064652.00,73438295.00,17100866.00,152088.6667,90458.8667,147351.4286,90613.2857,44120348.00,37239840.00,671155,850248,86401.3333,129962
2025-09-22,105359,95739,39119,50120,48727,34423,-10627641.00,3519081.00,100088059.00,31598092.00,158108.9,91203.2,152866.4286,90973,64261086.00,50114364.00,650322,825779,85201.6667,134086.6667
2025-09-19,163360,95819,72862,66929,43637,40349,10456326.00,1278799.00,183440271.00,34594206.00,155308.3667,89475.5,147353.7143,90315.5714,89847819.00,104569266.00,790305,958105,74523.3333,116841
2025-09-18,121167,67646,48928,56828,27927,32093,-4168992.00,1004166.00,112309047.00,25071396.00,153576.8,88249.5333,147573.8571,95770.4286,64472606.00,59039448.00,783775,946297,99476.6667,176065.3333
2025-09-17,117733,92140,53494,54152,39402,40206,-2710006.00,-3583083.00,119962206.00,41815734.00,153083.4,86370,145700.1429,95491.4286,66085532.00,79780609.00,774120,927219,94316.3333,174613.6667
2025-09-16,111623,63784,40840,54626,27069,29089,-7637377.00,4539548.00,107425301.00,30593440.00,153076.1,85890.4,164955.7143,107929.8571,68216147.00,54671222.00,758075,912745,105807.3333,185394
2025-09-15,298840,142506,136305,130628,57689,67265,13616877.00,-2357481.00,295369205.00,49932467.00,147306.2333,83139.5333,152865.5714,114483,144292832.00,169368590.00,718681,875249,88711,127371
2025-09-12,113378,76659,47354,51305,28001,32371,-1014234.00,-692796.00,80230860.00,21193925.00,149223.7667,82728.5333,208258.2857,152529.8571,43552156.00,41230718.00,767487,919688,98434.6667,130481
2025-09-11,143964,98257,56562,59895,41141,47282,-10751179.00,1123343.00,137669058.00,37586363.00,148710.5333,81376.9667,205120.4286,147012.7143,77678615.00,65473623.00,755537,897099,95744.6667,117365.3333
2025-09-10,124771,91217,51121,57773,37706,41319,-2731572.00,333793.00,108046545.00,31946741.00,150384.2333,79838.7,218725.5714,149930.7143,63805487.00,60740122.00,743095,887145,115623.3333,157912.3333
2025-09-09,122708,105830,61656,47976,38165,53707,10866148.00,-5325988.00,111439117.00,29455546.00,151037.4,78611.9,224126,145006.5714,56013221.00,72205357.00,714932,877813,143139.3333,188412.6667
2025-09-08,104617,90187,43053,47921,41614,36298,7860835.00,1285550.00,106848192.00,28130160.00,155685.4333,79214.2,218701.4286,137159.2857,57616370.00,64191811.00,694367,863491,227406,320582.6667
2025-09-05,246412,150853,107210,111625,62684,65732,-2237599.00,2682755.00,190860197.00,38212931.00,162865.6,80806.2,195304.5714,120903.2857,105044963.00,100443397.00,754503,924410,197000.6667,279111.6667
2025-09-04,214209,188378,90710,83627,86699,82396,5926079.00,-580251.00,153644800.00,42909456.00,163109.9333,78584.9333,186210.4286,103870.7143,71973790.00,81690520.00,727915,881919,171422.3333,281044.3333
2025-09-03,501127,342987,231173,213004,155977,152468,22222458.0000,-72134.00,443192013.0000,84159415.00,151192.9333,69183.8333,153020.7143,72725,227688739.0000,244026457.00,641418,844761,80880.3333,167505.6667
2025-09-02,121999,59637,52111,55971,23837,25010,5364812.00,267601.00,67561847.00,23095242.00,152803.5667,70238.8333,146436.5714,70346.4286,37818078.00,42915289.00,624537,811731,72753.3333,149054.3333
2025-08-29,220007,111643,103259,92335,45076,51463,21518966.00,1219175.00,118710510.00,28151193.00,152010.0667,68824.3,129975.5714,60751.2857,56123025.00,76425760.00,679531,878497,47892.6667,103263.3333
2025-08-28,160511,71361,70573,69712,23519,38568,1724226.00,-8069908.00,85847306.00,36292054.00,150165.2333,68075.8333,117948.1429,56440,44569369.00,64235943.00,656008,845577,47155.6667,99943
2025-08-27,66645,35256,29576,28619,17191,13614,-999127.00,-125608.00,36194011.00,12486805.00,151676,68638.1667,120275.7143,57998.1429,21934302.00,21060783.00,645946,836457,77059.3333,167327.6667
2025-08-26,82634,37061,31579,41735,14566,18721,-1095969.00,-2066037.00,41443866.00,12644775.00,153855.0333,69314.3333,142951.5714,68049,23827480.00,24257548.00,637319,819936,79034.6667,165086.3333
2025-08-25,150550,69150,62853,66677,27716,27307,1425342.00,-2017916.00,89654572.00,25580182.00,153534.6667,68741.6333,135289.2857,66979.7143,48131684.00,51574942.00,617020,789150,70810.3333,149829.6667
2025-08-22,268799,124967,123234,115610,50948,60175,3497186.00,-3552125.00,99930045.00,24650913.00,151148.8667,68097.3,110120.2857,55942.1429,52618260.00,59667571.00,644578,851855,42882,85669.6667
2025-08-21,75910,42987,31606,33863,12840,17891,-503335.00,-1787954.00,31583580.00,13499158.00,153163.8333,68885.7,121969,58973,18493057.00,19777676.00,631918,841347,43940.6667,88012.3333
2025-08-20,104780,44477,48926,45003,19713,17344,2826363.00,1126353.00,40126416.00,14216215.00,155977.5667,70826.5,117365.2857,59317.8571,23078128.00,24778138.00,622301,819895,64920.6667,133540.6667
2025-08-19,76319,41182,32536,34919,18096,15855,-482200.00,-97611.00,35109840.00,13084007.00,157106.0667,70880.2,147314.8571,70301.7143,21230645.00,20846056.00,612733,811998,71748.3333,140405.6667
2025-08-18,82938,46163,35321,38081,16897,21876,177756.00,-681993.00,37448787.00,12248682.00,157577.7667,70874.8333,146801.4286,69991,20569400.00,21429149.00,589935,786090,72262,143631.6667
2025-08-15,241365,107417,105290,108184,44439,41253,-4619494.00,-1572312.00,88907041.00,27361683.00,154206.7667,68683.2,122209.2857,59055.2857,48956822.00,45909640.00,663543,941773,57857.3333,116127
2025-08-14,96914,61665,42762,42353,29900,22888,1110643.00,1686228.00,47531849.00,14886753.00,155968.9,68188.5667,123068.8571,55353.7143,27374034.00,26798449.00,643879,922957,52932.6667,108007
2025-08-13,92616,47704,36173,44395,18144,23570,1172829.00,-2341942.00,60154903.00,14055394.00,159678.0333,67914.9333,125752.8571,55595.4286,31122187.00,34740958.00,636700,912811,76387.6667,172457
2025-08-12,158851,64203,72016,63569,28996,20435,3792816.00,812441.00,77075387.00,16985583.00,163160.1667,68814.0333,121023.2857,54992.1429,38695108.00,41675483.00,622696,894634,69649.3333,145954.6667
2025-08-11,72554,46891,26817,33936,18003,22708,304660.00,-1811611.00,38697994.00,13867182.00,168107.6667,69597.7667,135073.2857,57483.2857,21185517.00,23301788.00,608743,880839,64308,144843.3333
2025-08-08,285966,118069,135805,118788,44835,57310,6552874.00,-4295647.00,125678011.00,31008668.00,163591.1,67355,112587.7143,48860.5714,61519857.00,77749428.00,620162,928649,36869.6667,83831.6667
2025-08-07,79344,43988,36393,34189,16542,20344,2473274.00,-800666.00,35700286.00,10575165.00,167237.3333,67802.5333,126250.2857,49015,19118483.00,22392423.00,607680,919284,38672.3333,94518.3333
2025-08-06,69220,30867,30354,30143,12684,14277,-1670237.00,10080.00,30893540.00,6898370.00,170087.6,68059.4,136690.7143,54466.2857,17281721.00,15601404.00,601842,909515,48376.6667,113359.6667
2025-08-05,102931,35754,48268,41269,14033,15821,1593960.00,-1005364.00,47435960.00,10442419.00,173293.9,69402.6333,156851.7143,64823.7143,23086118.00,25685442.00,596156,896865,57901.6667,136017.3333
2025-08-04,111404,49396,51448,47780,18785,23816,-230593.00,-1303475.00,53054835.00,14425172.00,177924.6333,71719.8333,206910.7143,86140.4286,29201219.00,30010110.00,586443,876238,60673,141738.3333
2025-08-01,125744,59980,55177,57160,24579,28275,-2687581.00,-1553126.00,46890294.00,16902435.00,176558.2333,71401,220595.7143,94963.2857,29111292.00,28038415.00,624751,939427,55702.6667,158151
2025-07-31,170904,64329,67924,83814,30680,26666,-6228646.00,131943.00,57687567.00,20178739.00,173112.4667,70795.3667,216697.5714,94481.1429,38793082.00,32432493.00,614404,911392,57268.3333,148617.3333
2025-07-30,128567,57710,58878,52412,24572,26247,1455.00,5225618.00,53563521.00,28876774.00,171783.4667,70250.4,222662,99277.8571,38348614.00,33124451.00,599088,897473,74117,187114.3333
2025-07-29,174982,45069,79456,67096,18780,20205,8282210.00,-812615.00,74502310.00,12601257.00,169635.5333,70982.2,225693.4286,102726.1429,28092810.00,37187635.00,594809,889671,125298.3333,282726
2025-07-28,142303,69026,55164,66183,29351,28712,-2957517.00,321358.00,65704936.00,18431301.00,168387.4667,70661.3,220388.1429,99852,36605717.00,33326842.00,580674,869507,142869.6667,309138
2025-07-25,244058,108256,106807,107434,43472,54057,2980422.00,-3425186.00,84051587.00,21415808.00,163166.0667,68256.7,201518.1429,91833.4286,41006506.00,47412114.00,648407,979918,127102.3333,275657.6667
2025-07-24,461817,198613,196969,223254,97021,80325,3076570.00,7990587.00,177294072.00,51338705.00,156092.9,64352.3667,156687.8571,71652.4286,108714634.00,98329317.00,614915,905567,91327,178491.3333
2025-07-23,221539,121740,93114,100013,53022,51650,-2832772.00,1209474.00,117325359.00,33664874.00,157886.8,61740.6667,145173.5714,61685.1429,68170042.00,64127796.00,569190,849051,73816,170045.6667
2025-07-22,143617,60954,61245,64512,29363,24027,-1355040.00,2970755.00,93983075.00,21108967.00,159282.8667,62299.0333,152831.8571,68068.4286,51092355.00,50384210.00,544314,820584,69800.3333,157228.6667
2025-07-21,170318,91287,72762,74200,35579,44649,-930749.00,3014308.00,137725333.00,34947902.00,157026.8667,60697.0333,147980.5714,64547.2857,72340919.00,81726037.00,509616,787185,56746.6667,137778.6667
2025-07-18,196202,69207,75836,100721,33081,28109,-7204416.00,1807559.00,91290244.00,15949214.00,153791.4333,59443.9667,146979.1429,69332.1429,58899663.00,38000188.00,589700,906977,52793,121713
2025-07-17,105166,48907,46488,46863,21796,21437,-310052.00,524000.00,44154383.00,12541726.00,154394.4,59872.9333,147694.5714,68458.7143,25549707.00,24715655.00,583508,900481,53813.6667,133637.3333
2025-07-16,111968,52126,45421,56689,21520,26015,-13519205.00,-1127186.00,105123593.00,12570395.00,154729.0667,59729.4667,145569,67583.8571,80181851.00,31680872.00,575594,896747,71650.6667,162056.3333
2025-07-15,148005,57346,73941,58098,21149,28440,9120696.00,2166998.00,64968933.00,15886294.00,154712.5333,60070.2667,144459,65344.1429,32359858.00,39313556.00,567398,890985,74748.3333,158174.3333
2025-07-14,140939,51969,59089,67527,18410,28856,-1262485.00,460599.00,57020864.00,14488071.00,153967.0667,59572.0333,145721.7143,64609.4286,33206017.00,31482933.00,558702,867879,91659,174258.6667
2025-07-11,197225,105637,91148,82864,41412,51776,6325901.00,-358390.00,66035524.00,19353581.00,152212.7,57473.1333,146673.8571,55160.5714,29356681.00,36040972.00,581203,916778,70711,145241.6667
2025-07-10,136359,66639,64974,55852,24799,33961,1542862.00,-6291770.00,38622795.00,17617213.00,152922.9667,56724.9667,164810.4286,58665.8571,21076238.00,28910870.00,565205,909892,63832,132151.6667
2025-07-09,189192,102701,94396,76139,35664,56906,6972699.00,-3430208.00,59386647.00,20298772.00,153275.4667,55787.5,169351.4286,54051.8571,30135870.00,40538777.00,544254,896355,43487.6667,115832.6667
2025-07-08,110174,42793,48238,50079,19883,18186,-6197537.00,54376.00,46113758.00,13757250.00,167369.2,58828.8,175107.8571,55193.7143,30016315.00,23764402.00,533520,870320,44832,129034
2025-07-07,97089,46002,34979,51059,21282,20250,-3657953.00,-1468893.00,39139330.00,12893101.00,177500.6667,62906.2333,188199.5714,56824,24290305.00,22101245.00,520416,844661,42663,164634.3333
2025-07-03,140235,41668,62742,63742,14367,23353,-5741383.00,-1660642.00,59097578.00,6531822.00,181050.5,63555.3,190270,56381.8571,32207573.00,28361232.00,547517,890050,59165.6667,205661
2025-07-02,149778,46826,76178,58499,14706,25507,2947922.00,-1817873.00,45487976.00,16422818.00,179580.5667,63069.0667,197318.8571,60556.8571,22948971.00,31443266.00,538205,891500,67024.6667,229394.6667
2025-07-01,203890,39495,64485,125894,18327,16818,-2785493.00,-258167.00,41842748.00,10439346.00,181068.2667,64043.0333,203952.5714,71902.1429,24999721.00,21872707.00,532145,956278,70788.3333,211587.6667
2025-06-30,263315,91176,108782,129470,40052,42868,-11729563.00,-897236.00,95806500.00,22698324.00,177286.2333,64300.3,178443.5714,66079.1429,57989543.00,47157216.00,513486,893798,59534.3333,186726.3333
2025-06-27,220979,70403,105240,95901,30625,33008,5438000.00,264443.00,67853586.00,13493572.00,180871.7667,65345.9667,156522.4286,62615.8571,33899728.00,39073285.00,538297,949607,48924.3333,164642.6667
2025-06-26,150469,50786,71249,63654,21323,23898,3868539.00,-742848.00,47692481.00,12903465.00,181641.5333,65525.3333,147697.8571,61269.4286,24912472.00,29523859.00,533961,938539,57346,180859.6667
2025-06-25,188731,57414,86398,83505,27563,23757,5596618.00,1519134.00,53094437.00,13984736.00,181280.2,66322.0667,136528.2857,62642.1429,27904900.00,31982384.00,523551,920587,77845.3333,201391.3333
2025-06-24,154728,38573,67271,63105,15460,19218,1373308.00,-1927116.00,53373065.00,14524553.00,182735.4,69484.7,129404.4286,65617.2857,26658834.00,29959258.00,511819,884394,81792.6667,178066
2025-06-23,199120,76051,83875,95387,31191,36325,-4161982.00,-3299623.00,66374402.00,27902983.00,185425.9333,71656.0667,113446.7143,59912.5714,42826928.00,41721741.00,493702,828960,71829,134203
2025-06-20,250326,118912,105946,117190,53397,48947,-7008231.00,-2044392.00,76693255.00,24954666.00,194046.8667,76050.8333,113346.1429,54565.5714,41747530.00,36871691.00,629306,1053369,45978.6667,80326.6667
2025-06-18,84752,50415,36667,37359,19496,25313,-15090.00,-4320903.00,30129217.00,28724523.00,192860.6667,75851.2333,140575.2857,53561.8571,24807839.00,28890652.00,621102,1045190,51514.6667,88924
2025-06-17,67531,46160,29211,30573,22069,20231,519832.00,6399111.00,26550207.00,22764027.00,192970.7,75481.0667,157427.8571,58068.2857,25558581.00,19498552.00,613616,1035973,55927.6667,101367.3333
2025-06-16,88697,41361,43927,36075,18428,18959,11050041.00,-1914334.00,43082857.00,20034114.00,194175.7667,76018.7333,159419.4286,58334.8571,21176278.00,34133993.00,609531,1007261,54180,100940.3333
2025-06-13,110544,67023,51903,47028,30895,30721,3915142.00,-1167628.00,54301873.00,13366283.00,193692.2333,75598,157790.1429,53276.5714,20722843.00,41817613.00,636453,1072178,59000,147299.6667
2025-06-12,104861,59399,46577,49090,27538,26134,6526595.00,1303715.00,38576462.00,23813048.00,193626.4333,75431.3667,160417.8571,53616.1429,26046857.00,31195837.00,625728,1065406,53663.3333,204131.3333
2025-06-11,87416,36118,36215,40175,15791,15849,1158054.00,-43939.00,38777523.00,7583817.00,193416.5,75621.3667,165359.5714,55288.1429,19781743.00,20983736.00,622680,1058444,67525.6667,236825.6667
2025-06-10,249622,81483,122717,103229,34196,38536,18427408.00,442627.00,113714986.00,19081320.00,188689.7,74592.7667,150772,53300.5714,48781545.00,71341251.00,608710,1019449,54773.6667,187831
2025-06-09,275356,43389,129014,92015,16564,20939,3195210.00,-2408939.00,69905613.00,11303430.00,191160.3667,78355.5,128374.7143,52391,28597701.00,45534970.00,598698,941629,50849,129092
2025-06-06,185499,77705,88747,72518,33463,35214,5400968.00,-807633.00,85672158.00,12092003.00,192351,79503.2667,122531.1429,47386,26851797.00,33060398.00,626528,993284,45539.3333,108344
2025-06-05,102638,43227,46301,44980,18631,19434,1503280.00,1453090.00,31492372.00,12238803.00,192005.7333,79730.3,130392.4286,47524.1429,19587800.00,19637990.00,622054,995203,47071,114800.6667
2025-06-04,99139,31615,39383,49203,10639,17394,-1376248.00,-1837733.00,25812271.00,8774402.00,191073.7667,79682.0333,144767.8571,53661.5714,15174300.00,15635785.00,618950,984395,59056,130924
2025-06-03,123255,61776,52145,55032,27037,26241,-4601065.00,-134723.00,44251181.00,14313780.00,188859.7333,78835.2667,203300.8571,63983.8571,27560960.00,22601627.00,605576,965560,50804.6667,129364
2025-06-02,122008,47822,47240,57548,19001,21182,-207542.00,-504357.00,41770582.00,10335769.00,187839.6,80157.0333,243161.5714,81198.5714,21802899.00,22099714.00,591398,936056,49087.3333,136892.6667
2025-05-30,147509,67570,62804,62799,30381,25450,-2899853.00,1053048.00,49337359.00,16587721.00,185352.6333,79912.3,257336,80280,30954800.00,27001899.00,618115,1013772,41295.3333,140278.6667
2025-05-29,118575,37022,44264,59942,16145,14241,-4466235.00,-71255.00,36575604.00,9004175.00,184359.3333,80809.6333,255493.8571,79596.7143,21652907.00,17257927.00,609072,999027,53813.6667,167342.6667
2025-05-28,144594,42670,54018,75215,17889,20453,-5705103.00,-72853.00,49611866.00,9626510.00,182294.3667,81209.1667,270340.5714,83317.2857,29779791.00,24042331.00,601935,978427,84267.6667,296806.6667
2025-05-27,157667,44194,69128,70325,18156,21463,1340116.00,-43675.00,55132603.00,10329163.00,180065.4,81866.5667,269224.4286,91131.5714,27995978.00,29379769.00,588976,954458,125644.6667,377928.6667
2025-05-23,199767,74577,85942,94743,33262,35129,-2049398.00,1216312.00,53694989.00,15372237.00,175750.4667,81682.9667,287621.2857,95016.7143,33191740.00,29926030.00,635537,1017647,121165.6667,393583
2025-05-22,532986,134032,249016,236215,61105,58980,-2605623.00,737607.00,188301975.00,32177352.00,162468.9333,79138,236275,83893.1429,100662611.00,101234233.00,611359,934496,87234.6667,251147.6667
2025-05-21,401033,168325,188584,167706,77880,74864,10710801.00,2710124.00,139914934.00,36972503.00,152568.4667,75832.1333,204397.5714,71463.2857,75898323.00,83613546.00,579766,939264,54031,200310.3333
2025-05-20,246730,61140,104602,109271,24326,24866,-42990.00,564286.00,76043020.00,17775484.00,148236.2,76544.1667,197491,81793.5714,38289125.00,37681849.00,568262,873197,66615.6667,168018.3333
2025-05-19,105680,32239,44609,50439,11798,14835,-298411.00,-409836.00,47629531.00,8910810.00,150226.1,79345.9,222370.4286,97358.2857,24742813.00,24854238.00,556719,853569,89793.6667,242306.6667
2025-05-16,248521,68714,107705,115989,29261,31303,3827184.00,1415989.00,72036115.00,15551993.00,146311.9,80852.1333,259575.1429,123364.1429,37321903.00,39733098.00,643202,982087,85611.3333,217320.3333
2025-05-15,149854,98894,64926,70094,33396,57047,329312.00,-11550688.00,52753030.00,87700221.00,143615,78509.2,245191.1429,115583.1429,47828723.00,82481283.00,633511,957948,79752,226666
2025-05-14,328545,101773,166200,126911,44552,47667,16741124.00,9385972.00,120907708.00,37412728.00,136540.4333,76149.8,208375,106052,68083363.00,75438515.00,628348,945996,90311.6667,183279
2025-05-13,173562,56167,83465,72521,23956,25416,8379056.00,596534.00,60453712.00,22964442.00,135150.5333,76282.1333,201416,106241.1429,33079778.00,40862300.00,622800,916079,118653.3333,218703.6667
2025-05-12,177891,81316,89657,72583,34003,39861,9689009.00,-1764134.00,63483179.00,40258459.00,134981.5333,76805.2667,189722.7143,102396.1429,41451093.00,52794976.00,611445,903720,175133,329058
2025-05-09,198384,133452,84511,99904,63059,59731,255248.00,3502801.00,38359178.00,59337721.00,131572.3333,74067.5667,176080.2857,91103,47414843.00,40512544.00,645685,995802,145458,279318.6667
2025-05-08,279836,141192,131556,118470,67330,59993,8025728.00,15429958.00,73404523.00,102707407.00,124700.4,70662.5667,147692,76906.7143,73057836.00,73727421.00,626712,977020,110079,209650.6667
2025-05-07,508954,250755,203218,252477,123299,102557,-17731242.00,4705511.00,148269273.00,92324217.00,110667.2667,63327.7333,90386.8571,48316.7143,117501034.00,95064281.00,566661,822397,45657.6667,81615.6667
2025-05-06,49166,44427,21717,21594,18195,21810,-1316371.00,-2173273.00,14326860.00,24430286.00,111803.9,63084.7667,133288.2857,64294.4286,16809395.00,15737167.00,547804,816662,48982.3333,97239.6667
2025-05-05,70832,35055,30444,33077,16108,16335,1365306.00,-861555.00,21633557.00,22791775.00,113066.5,63648.7,154772,75306.2857,21743605.00,18899198.00,534701,797797,55430.6667,107924.6667
2025-05-02,124849,57491,59549,55517,24962,28890,742420.00,3087112.00,34306918.00,21429621.00,111430.6667,64158.1,150119.2857,74241.5714,26760915.00,24416223.00,570696,866871,50206.3333,93347.6667
2025-05-01,96038,54401,43134,43340,29188,19793,179727.00,16370328.00,27582371.00,53610430.00,111510.7,63949.1333,146568.1429,70779.5714,49572133.00,25520932.00,570872,862834,48947.6667,97274.3333
2025-04-30,102887,54400,44993,48224,27292,22525,-748822.00,1426805.00,21148125.00,16841756.00,112345,64194.6333,139989.1429,68204.2857,17411121.00,15235494.00,552749,844240,82904.6667,179470.6667
2025-04-29,81118,41818,36786,34916,17705,18621,-829310.00,3013340.00,25639932.00,17801887.00,112225.1667,63927.1667,141458.5714,74726.7143,20955148.00,17112498.00,542547,829831,106344.6667,226170.6667
2025-04-28,107818,50625,45198,50000,19084,24523,677470.00,-2695601.00,27865160.00,26247293.00,113137.7,64307.3667,136470.2857,76098.5714,20199640.00,23572711.00,531354,806428,106149,220991.3333
2025-04-25,349476,156271,154422,162240,66829,73068,6608824.00,-2653691.00,86561513.00,33757593.00,104865.7667,61485.9333,99227.4286,62908.7143,50828300.00,57604320.00,580882,846926,64114.3333,128226
2025-04-24,221218,112138,101065,89702,44358,50649,3762233.00,-1632393.00,70479307.00,36742581.00,101901.5667,59447.5667,79431.2857,54697,43066735.00,48461361.00,540039,782651,38859.3333,73431.3333
2025-04-23,92280,50038,44128,36454,20678,24853,1097467.00,-4736300.00,36370973.00,19069470.00,102326.6667,59793.5333,79219.5714,56679.5714,20631887.00,27280654.00,519042,755220,51338.3333,73139.3333
2025-04-22,71180,30167,32999,30342,10675,15458,2756034.00,-3710640.00,29327081.00,20234425.00,104910.1,61011.2,79096.5714,62237,17653309.00,24842621.00,507109,731277,61358.6667,73712.6667
2025-04-21,56834,36373,21995,27116,13282,17506,-2107408.00,-3196261.00,24908924.00,19708080.00,106779.4,61713,90197.4286,65281.2857,17942564.00,19031417.00,498507,714039,70548.3333,84360
2025-04-17,91404,87475,43772,36323,40922,35597,-3766128.00,1695917.00,36902936.00,37518125.00,106513.3,60253.4,91999.5714,62663.2857,29529290.00,24067245.00,550938,854009,59608.6667,81440.3333
2025-04-16,72900,60228,26848,38089,25511,24926,-1685033.00,3610806.00,20092841.00,76144062.00,107326.8333,59316.0333,98265.5714,65845.1429,37599437.00,31434048.00,549011,848741,60838,87406.3333
2025-04-15,88776,63942,29227,52971,30559,27420,-7706349.00,2043969.00,88482695.00,29299512.00,110148.9333,59198.3333,109208.5714,73323.5714,88757521.00,20655870.00,542030,834887,62547,81254
2025-04-14,82645,54656,35498,38304,20820,28042,-355406.00,2008347.00,28831065.00,25209265.00,110996.4667,58934.7667,116130,81787.1429,25911260.00,23547507.00,533967,817012,63556,98552.3333
2025-04-11,90798,63916,42021,40901,32115,23818,-148463.00,2207333.00,27098934.00,27207699.00,113059.0667,59518.6333,113008.4286,76742.8571,24609158.00,22253362.00,556627,872458,65300.3333,102959.3333
2025-04-10,70319,69069,28078,36467,34593,25516,-2664875.00,11358692.00,32008021.00,55907121.00,115390.1,60298.5667,119578.2857,71303.1429,44504971.00,28624644.00,541471,867669,69777.6667,118440.3333
2025-04-09,134540,57683,64535,59504,29524,24159,3861866.00,1518665.00,51571496.00,45049478.00,116465.6,60868.9333,119196.1429,71653.7143,43293704.00,45636905.00,536464,853888,89313.6667,128719.3333
2025-04-08,104019,69149,49581,47225,33635,29537,-360624.00,659433.00,41462015.00,52245098.00,117604.900000000000,61133.833333333333,129025.000000000000,75633.857142857143,41079569.00,40059512.00,523397,833941,104231.000000000000,137744.666666666667
2025-04-07,116762,82501,58442,49662,34740,36717,5244510.00,-619503.00,50719305.00,81457166.00,116865.700000000000,60251.566666666667,126074.428571428571,71179.571428571429,52596617.00,58460630.00,504412,812660,86266.000000000000,121806.333333333333
2025-04-04,165377,116291,75888,75389,58812,49369,333303.00,-4428579.00,57376999.00,71713250.00,116573.500000000000,59176.200000000000,112974.571428571429,60144.000000000000,55735830.00,60497712.00,501340,851880,57832.666666666667,105450.000000000000
2025-04-03,131095,113901,51200,63029,31113,59000,-1613678.00,-13246514.00,41135649.00,205524679.00,114688.133333333333,56511.700000000000,106812.428571428571,48259.571428571429,47613980.00,118639536.00,490735,831214,39911.333333333333,105706.666666666667
2025-04-02,68947,28606,32088,29801,11523,13878,-2976980.00,-3115294.00,23333427.00,15309183.00,114782.633333333333,56339.866666666667,108857.857142857143,49478.428571428571,17698642.00,17836956.00,485340,820621,62712.666666666667,140331.333333333333
2025-04-01,116308,30991,57134,45360,12736,14400,-2102105.00,1137061.00,34960498.00,19333339.00,115190.466666666667,57021.133333333333,107772.428571428571,52475.857142857143,26232284.00,22993118.00,477786,808082,69489.333333333333,133598.000000000000
2025-03-31,131865,60137,53271,60161,26957,24218,-2027380.00,1266168.00,33252154.00,52686616.00,114267.233333333333,56335.666666666667,99759.428571428571,54281.000000000000,36770690.00,34569862.00,465208,784506,62457.666666666667,114202.333333333333
2025-03-28,172821,97010,65884,87603,35757,47984,-6934000.00,-4242528.00,50340797.00,54517482.00,112254.533333333333,54331.333333333333,89133.428571428571,47298.428571428571,45408853.00,42717381.00,484707,816067,40357.666666666667,85915.333333333333
2025-03-27,96108,51321,45505,40465,23217,22464,881817.00,-13775458.00,19916157.00,36212229.00,112285.666666666667,53925.800000000000,93677.428571428571,48790.428571428571,17852743.00,33431113.00,485134,798660,35630.000000000000,81634.333333333333
2025-03-26,73678,39042,27768,39028,19235,16073,-2293488.00,744973.00,22084747.00,8648548.00,113211.433333333333,53797.066666666667,94226.714285714286,48040.714285714286,15363899.00,12325438.00,474190,781647,39940.333333333333,93311.666666666667
2025-03-25,87960,30710,40522,36192,11162,15186,647339.00,-3136596.00,30386801.00,15768641.00,114190.500000000000,54147.233333333333,100974.428571428571,52515.142857142857,18503954.00,22287889.00,461708,765461,53961.333333333333,89249.666666666667
2025-03-24,83265,37138,33742,40798,15793,16384,-3006124.00,57258.00,30869722.00,18802613.00,121956.500000000000,57837.733333333333,103553.428571428571,57442.285714285714,23988466.00,20777144.00,449490,740042,57626.000000000000,94307.666666666667
2025-03-21,108710,51973,51757,40709,15986,21533,10799308.00,-7435997.00,126382848.00,28431214.00,123866.566666666667,58025.833333333333,106922.285714285714,57301.428571428571,19710469.00,86885539.00,526277,927243,60890.000000000000,100709.666666666667
2025-03-20,75774,72773,33132,35955,30252,24467,-2917008.00,1860706.00,23907952.00,78162631.00,135500.333333333333,61860.333333333333,111102.142857142857,55536.285714285714,40809678.00,32339055.00,524576,908867,47897.000000000000,101292.666666666667
2025-03-19,98439,48132,49065,40518,19894,22722,2262068.00,-2571763.00,27102469.00,17373192.00,138657.166666666667,64192.133333333333,118279.857142857143,58188.428571428571,17490093.00,22323924.00,513530,898425,52530.000000000000,113544.333333333333
2025-03-18,127916,61765,52668,62436,24234,28908,-4405848.00,-6114773.00,46137015.00,33119987.00,136559.466666666667,63689.433333333333,116136.571428571429,57568.714285714286,34681661.00,36421836.00,506921,871170,55817.666666666667,104678.333333333333
2025-03-17,77523,33794,27197,37512,11443,15375,157777.00,446321.00,36906696.00,17477926.00,139384.900000000000,65328.266666666667,116979.142857142857,58982.000000000000,18986617.00,18698073.00,497346,839179,61548.666666666667,122934.666666666667
2025-03-14,135194,62031,65005,55180,25944,29879,110181.00,-2468408.00,31053133.00,24895921.00,138325.166666666667,65026.966666666667,111566.571428571429,54707.142857142857,23566081.00,26144670.00,513454,900012,61010.666666666667,112881.000000000000
2025-03-13,101318,71628,38932,50981,26460,37109,-2505102.00,-9243749.00,27880755.00,106378724.00,137159.533333333333,63420.566666666667,121869.571428571429,53104.714285714286,48835093.00,71721460.00,518568,885575,59367.000000000000,128669.333333333333
2025-03-12,132292,50987,58747,57925,21531,24231,-540421.00,-2111904.00,36421415.00,23936388.00,135331.300000000000,62586.933333333333,118409.428571428571,52499.285714285714,23588974.00,25160457.00,523979,864077,61513.666666666667,122209.666666666667
2025-03-11,105033,60417,45026,50395,23027,26743,-926957.00,-2424081.00,38798559.00,34161843.00,135398.900000000000,63150.400000000000,125215.571428571429,55501.428571428571,31818751.00,33315875.00,512458,850985,55937.000000000000,115005.666666666667
2025-03-10,148683,66697,63168,69486,30168,29282,-4092257.00,2505057.00,54255595.00,48992742.00,134594.066666666667,62707.233333333333,124010.857142857143,59182.857142857143,50533816.00,43936502.00,504493,819721,44407.000000000000,97880.000000000000
2025-03-07,112913,57427,48900,52480,25392,26619,-3281737.00,-3945806.00,34956483.00,17351923.00,134803.033333333333,62439.266666666667,131709.714285714286,61663.857142857143,23118397.00,23782466.00,527122,888072,45401.666666666667,118055.333333333333
2025-03-06,83421,43687,36858,36103,20132,19191,-1797895.00,1499166.00,27222787.00,16522975.00,135042.233333333333,62059.000000000000,139535.000000000000,66436.571428571429,21341512.00,18044451.00,519690,884474,46422.333333333333,126272.000000000000
2025-03-05,97306,32107,39044,48533,14334,14149,1769619.00,9694.00,30176621.00,14655079.00,136040.433333333333,62411.133333333333,139146.428571428571,69854.571428571429,19140247.00,20900172.00,514730,873213,62864.000000000000,144728.666666666667
2025-03-04,173439,60411,87024,66290,24818,27106,800858.00,-1375545.00,59184172.00,38363922.00,135253.800000000000,62552.433333333333,136742.428571428571,73228.714285714286,41317395.00,43493798.00,503363,837746,73549.333333333333,133665.666666666667
2025-03-03,108071,46749,42839,54391,20158,19484,-3067471.00,1111867.00,35410999.00,24089270.00,133773.266666666667,62049.733333333333,131951.428571428571,71402.571428571429,28520496.00,24341158.00,493441,815035,82897.666666666667,153243.666666666667
2025-02-28,152676,81432,64405,70036,31803,38387,-2438551.00,-5273083.00,43683377.00,53278232.00,131813.400000000000,60500.200000000000,120395.142857142857,63119.571428571429,40984131.00,43818663.00,506992,882858,81452.333333333333,148417.666666666667
2025-02-27,140250,92467,59156,62851,33310,43971,-1964517.00,-15429698.00,42529335.00,70283981.00,129222.633333333333,58450.100000000000,118722.714285714286,57257.000000000000,36835358.00,57923539.00,508923,860832,69307.666666666667,133196.333333333333
2025-02-26,166805,74794,69180,75775,29705,30526,-9356480.00,-691360.00,54133688.00,33266147.00,126424.433333333333,57199.566666666667,109774.571428571429,52225.428571428571,43429139.00,31060269.00,490745,817361,72386.333333333333,129798.333333333333
2025-02-25,138198,77096,61925,60757,30165,38719,-2058025.00,-5331330.00,46063225.00,34377028.00,125267.800000000000,56551.933333333333,106094.857142857143,46480.285714285714,34969174.00,38242479.00,490594,783417,58009.666666666667,108577.000000000000
2025-02-24,94586,56033,35892,46737,27497,23502,-2483137.00,-391497.00,30678272.00,19447018.00,124768.733333333333,55906.300000000000,106445.714285714286,44069.142857142857,23851074.00,21759434.00,470320,763315,47149.000000000000,100975.666666666667
2025-02-21,156611,84030,61506,73995,36031,35062,-9407525.00,271565.00,51871854.00,20068876.00,123647.333333333333,54636.300000000000,98565.714285714286,37090.571428571429,36246348.00,26567258.00,534859,886140,36282.000000000000,91619.666666666667
2025-02-20,74534,33966,29941,36077,14929,15446,-2056554.00,934637.00,19421901.00,20320128.00,125210.233333333333,55088.500000000000,104679.714285714286,38126.142857142857,19876086.00,16723105.00,535129,874754,38151.000000000000,101497.666666666667
2025-02-19,71782,23451,32292,31221,8074,11620,1202096.00,-1083531.00,21769126.00,8259833.00,126038.266666666667,55315.766666666667,139603.000000000000,55897.857142857143,12062680.00,14348307.00,533215,870232,42627.333333333333,115050.333333333333
2025-02-18,128543,51429,50732,64041,24674,20416,-3821105.00,3008891.00,39193626.00,21728691.00,124007.766666666667,54935.266666666667,144955.714285714286,56781.714285714286,30566543.00,23256022.00,521943,844108,38536.000000000000,104550.000000000000
2025-02-14,104168,39573,44421,46570,15910,18859,-4307187.00,-417665.00,31379638.00,8753032.00,122595.633333333333,54380.500000000000,190758.428571428571,77958.142857142857,19500450.00,15610928.00,548792,909435,37071.666666666667,103644.333333333333
2025-02-13,112440,36880,51647,48251,14428,17179,-512622.00,-4193632.00,33796356.00,22855878.00,120391.733333333333,53946.466666666667,202287.571428571429,89559.000000000000,22660536.00,26341546.00,546929,896632,38516.666666666667,105275.000000000000
2025-02-12,97042,39155,42373,42608,15454,19211,-2387172.00,-828105.00,33606988.00,9781107.00,121272.966666666667,54317.166666666667,197708.000000000000,90634.571428571429,20021626.00,18462559.00,544428,884051,74749.333333333333,178342.666666666667
2025-02-11,101451,35180,37336,50951,14923,15320,-3678610.00,-168511.00,30184998.00,10191251.00,120043.666666666667,54031.000000000000,206398.714285714286,97460.142857142857,18936451.00,15426352.00,535409,860942,82228.000000000000,199863.000000000000
2025-02-10,117332,41215,53679,51530,16319,19998,568444.00,-626819.00,38090114.00,15105335.00,117885.400000000000,53247.500000000000,204408.714285714286,99142.571428571429,23247585.00,24442848.00,526988,839700,131092.333333333333,302348.000000000000
2025-02-07,316245,147853,124666,152810,65360,61869,-10532813.00,1935559.00,104070374.00,43436512.00,110704.333333333333,49395.666666666667,168709.285714285714,81368.714285714286,66276513.00,53808141.00,555626,882666,121170.000000000000,261314.333333333333
2025-02-06,166012,57616,65576,80674,28545,23477,-2706943.00,4569281.00,49346797.00,32698550.00,110045.433333333333,49358.166666666667,156056.857142857143,76849.000000000000,42013012.00,33139788.00,558386,861129,117526.000000000000,227638.666666666667
2025-02-05,424787,187808,186574,191970,82626,80640,-9436171.00,146900.00,159149549.00,71955412.00,99805.866666666667,45273.700000000000,110667.428571428571,61065.142857142857,106761344.00,97128283.00,524985,735088,82576.333333333333,140138.333333333333
2025-02-04,193144,118086,88585,80016,46606,56203,7499402.00,611042.00,121217724.00,37535774.00,98276.466666666667,43623.666666666667,100866.571428571429,51824.571428571429,66766368.00,73747228.00,473135,675200,60878.333333333333,110224.333333333333
2025-02-03,64985,46684,26303,27480,19149,21460,1340592.00,-107777.00,53176101.00,17197237.00,103515.633333333333,44019.166666666667,108609.000000000000,52210.857142857143,30282340.00,31730709.00,455961,659374,53129.000000000000,110679.000000000000
2025-01-31,162286,82959,69423,62586,36346,34576,7023360.00,2987939.00,90953360.00,30699343.00,106805.600000000000,43319.066666666667,98367.714285714286,44970.857142857143,50105984.00,54141405.00,481096,673621,34135.333333333333,82398.666666666667
2025-01-30,103402,52992,50187,42392,25190,21304,5666932.00,1170935.00,52527695.00,14818663.00,108611.233333333333,43379.833333333333,101774.857142857143,43496.428571428571,28232919.00,32728916.00,466897,667378,42245.000000000000,83618.333333333333
2025-01-29,66349,23436,28003,31272,10505,10190,-3629438.00,-243535.00,70339614.00,8685118.00,112981.700000000000,44838.966666666667,113702.142857142857,49384.142857142857,37907301.00,34521398.00,462628,656845,52233.666666666667,103014.666666666667
2025-01-28,77445,25978,33816,32193,9478,13085,2257952.00,-2232185.00,32978349.00,9514927.00,128607.966666666667,48665.300000000000,111732.142857142857,50197.000000000000,16250675.00,20740812.00,456737,646037,60037.000000000000,116927.000000000000
2025-01-27,107061,77321,44408,52649,42705,27063,-3497142.00,2184503.00,65673695.00,23246462.00,136917.766666666667,48754.500000000000,109849.142857142857,44143.428571428571,44490066.00,38808421.00,435964,620419,45023.000000000000,111439.000000000000
2025-01-24,124538,53402,57590,53475,22976,23850,4112951.00,-1238961.00,47404274.00,12017529.00,136981.900000000000,49633.633333333333,100990.428571428571,40938.000000000000,23554089.00,28906001.00,451243,661554,41446.000000000000,112343.666666666667
2025-01-23,119182,49388,51817,54266,22997,22023,-5621756.00,-306066.00,44529930.00,12128678.00,135937.500000000000,48622.633333333333,95801.428571428571,39208.000000000000,28427057.00,22600367.00,436227,642707,46533.333333333333,122563.000000000000
2025-01-22,90597,32279,37601,42540,13840,14486,-3386775.00,-380824.00,44047426.00,9543889.00,135653.400000000000,48252.266666666667,97644.571428571429,42834.857142857143,25640337.00,22634386.00,425213,631026,46329.666666666667,113582.333333333333
2025-01-21,127252,42671,55141,58758,17485,18301,-2198184.00,327665.00,58244424.00,11365869.00,134119.033333333333,47709.600000000000,90839.142857142857,41976.714285714286,32368979.00,29843130.00,410563,590735,43754.666666666667,102458.333333333333
2025-01-17,149840,64650,56540,59078,20591,18302,-1237901.00,439522.00,171385282.00,8570365.00,131029.400000000000,46092.866666666667,87000.428571428571,39302.428571428571,39462581.00,37785158.00,610158,833074,32526.000000000000,73354.000000000000
2025-01-16,63655,31668,28368,30007,14736,13445,-2107976.00,406708.00,38982868.00,7849121.00,132082.833333333333,45746.433333333333,95252.714285714286,41568.714285714286,22785613.00,20270929.00,605439,826109,34396.000000000000,79755.333333333333
2025-01-15,93880,34946,49696,35519,13347,17282,6130473.00,450482.00,69147794.00,11423316.00,130649.533333333333,45415.933333333333,95644.571428571429,40900.571428571429,34413377.00,39850868.00,595545,811957,41969.666666666667,82961.666666666667
2025-01-14,62527,30964,27698,29220,13776,13361,-5387391.00,-706655.00,36143938.00,10751394.00,129920.133333333333,45941.000000000000,96373.285714285714,42193.428571428571,24035627.00,19036834.00,588737,805747,43869.666666666667,88657.333333333333
2025-01-13,82859,37278,39869,35213,15098,17866,4124494.00,-1060357.00,38563272.00,11757974.00,129871.866666666667,45810.900000000000,93365.428571428571,40143.714285714286,20182594.00,25467305.00,577818,794897,46753.666666666667,102027.333333333333
2025-01-10,103499,57667,44870,50232,24558,27890,-1280322.00,-2262748.00,39624647.00,13095837.00,129721.366666666667,45047.666666666667,85197.428571428571,35314.000000000000,24143837.00,25126263.00,591770,826257,43375.333333333333,108001.333333333333
2025-01-08,79614,36664,32370,39444,14224,18823,-5026006.00,-2194843.00,37866435.00,10459459.00,131753.366666666667,45627.366666666667,91463.857142857143,37258.571428571429,23242704.00,20411541.00,583611,820607,41243.666666666667,113671.000000000000
2025-01-07,122969,45930,51705,57814,21618,20185,-5712480.00,1423165.00,60409516.00,11173380.00,135951.566666666667,47687.533333333333,83121.428571428571,34496.428571428571,35812701.00,28677056.00,574215,817938,39271.666666666667,95224.000000000000
2025-01-06,121421,47532,51690,49836,18622,16500,1809881.00,443913.00,99819969.00,17333581.00,133452.900000000000,47382.400000000000,73287.571428571429,30236.142857142857,33889737.00,35255705.00,556235,790016,31071.000000000000,75351.666666666667
2025-01-03,96623,30269,46333,41077,12380,14694,-8093073.00,-624503.00,77085275.00,4765279.00,132318.666666666667,47235.700000000000,73886.142857142857,30526.000000000000,46404464.00,31165894.00,571280,818294,28934.333333333333,58585.000000000000
2025-01-02,67628,40014,28228,31256,17906,18119,-1251685.00,707851.00,35110204.00,18694824.00,132541.066666666667,46513.433333333333,85117.142857142857,32879.857142857143,25707789.00,22365003.00,558316,805811,32355.000000000000,77202.000000000000
2024-12-31,61804,22930,21626,35266,9160,11025,-3452197.00,-973804.00,31523356.00,7563979.00,133443.266666666667,47791.000000000000,93088.000000000000,38929.000000000000,19399077.00,16920684.00,553997,802369,33576.666666666667,78124.666666666667
2024-12-30,46323,23859,17516,23745,9652,12046,-2029130.00,384211.00,21370433.00,5901020.00,134821.733333333333,48430.866666666667,107507.857142857143,45318.428571428571,13920510.00,11507169.00,545076,791939,31527.000000000000,80211.666666666667
2024-12-27,123479,50276,56003,53046,26111,19727,69724.00,233972.00,41754484.00,11078116.00,133132.800000000000,47576.833333333333,121605.142857142857,46500.285714285714,23906731.00,23742483.00,572379,841197,25534.333333333333,72656.333333333333
2024-12-26,64572,26595,28982,27541,11729,11909,-3233262.00,176165.00,26225782.00,4568504.00,134330.300000000000,47772.800000000000,149664.142857142857,51551.857142857143,15857558.00,12448131.00,564432,830753,35499.666666666667,99880.666666666667
2024-12-24,52584,17710,20835,25859,7608,8202,-59096.00,-57825.00,19323212.00,3612609.00,135039.300000000000,48020.066666666667,164662.285714285714,56852.571428571429,10320688.00,10319417.00,559202,826454,51354.333333333333,121552.666666666667
2024-12-23,100813,32298,45824,44125,14239,14411,1768338.00,681490.00,50343234.00,10798732.00,135465.600000000000,48279.633333333333,178469.428571428571,61840.000000000000,26945659.00,28032507.00,546100,808909,63450.000000000000,137035.666666666667
2024-12-20,146245,56491,69066,63058,25304,26030,3875115.00,747936.00,58004480.00,16724595.00,134694.833333333333,48164.266666666667,235610.571428571429,73879.571428571429,32694226.00,35821405.00,692875,969517,64136.000000000000,162340.666666666667
2024-12-19,117600,65274,51463,53285,30056,29510,-2484730.00,-2225392.00,45088762.00,19501038.00,135481.133333333333,47315.800000000000,269718.428571428571,75982.857142857143,29127931.00,28868593.00,683860,963944,63030.000000000000,210135.666666666667
2024-12-18,147262,68585,56047,71244,37830,22783,-4126921.00,2296155.00,62531709.00,15319408.00,132296.233333333333,45763.066666666667,266747.000000000000,77581.571428571429,37502280.00,31079204.00,668924,955579,58440.000000000000,213572.000000000000
2024-12-17,222160,58549,98311,101216,27609,25016,-2365041.00,196194.00,106287340.00,10960003.00,127626.000000000000,45051.433333333333,247559.857142857143,71940.000000000000,54040458.00,51479223.00,650935,933674,61327.000000000000,205339.666666666667
2024-12-16,260985,61956,130697,106005,24125,29861,8756827.00,-1900327.00,137269004.00,15965715.00,122466.066666666667,44632.533333333333,222001.142857142857,66113.142857142857,65808809.00,76465963.00,636797,902552,87597.666666666667,300422.333333333333
2024-12-13,157571,54815,64105,78555,25245,23386,-6296488.00,961763.00,63000312.00,10658318.00,122607.233333333333,45358.133333333333,211094.000000000000,62052.571428571429,36771766.00,29513515.00,666241,971002,95991.666666666667,366683.666666666667
2024-12-12,197463,67210,76380,99278,29019,28424,-3503128.00,-551051.00,98196857.00,18716423.00,127915.633333333333,47995.400000000000,191049.428571428571,54758.000000000000,51852060.00,49149983.00,656129,952432,100180.333333333333,343016.666666666667
2024-12-11,546233,140768,267573,226387,57414,67793,22646377.00,-2444094.00,306493529.00,39110365.00,117701.366666666667,47283.600000000000,126624.428571428571,37687.571428571429,145235332.00,173547913.00,621841,865427,59610.333333333333,190222.333333333333
2024-12-10,356355,79997,173561,146045,33498,35504,22781057.00,-1569734.00,171437852.00,19043136.00,109742.233333333333,46251.200000000000,82985.285714285714,29835.285714285714,77439638.00,98078813.00,603091,803660,40000.666666666667,98795.333333333333
2024-12-09,126462,79776,36225,40922,15439,19366,390813.00,-1222918.00,114415820.00,21245439.00,108725.166666666667,45288.666666666667,70725.714285714286,25112.428571428571,25659563.00,27273294.00,560970,756907,22205.666666666667,83715.000000000000
2024-12-06,87850,19058,40701,33566,7413,9296,1385345.00,-1545249.00,34875224.00,5112052.00,108051.933333333333,45745.066666666667,69805.857142857143,27157.714285714286,13763934.00,16694528.00,573892,807776,21235.666666666667,73482.000000000000
2024-12-05,82074,21168,32750,42157,10714,8216,-2357893,-265875,24208180,5534052,107557.466666666667,45853.766666666667,72221.571428571429,29100.857142857143,14496360,12404342,569737,800713,21271.333333333333,77876.666666666667
2024-12-04,81221,26391,38317,32257,10337,12408,861489,137213,29819436,5013267,106746.300000000000,45576.966666666667,80700.571428571429,33052.857142857143,15487772,16212048,566104,792140,20818.000000000000,67763.333333333333
2024-12-03,57151,16148,26061,24197,6411,7003,7321258,-700804,30236399,3660159,106215.333333333333,45671.933333333333,108095.428571428571,46136.714285714286,11003000,19025062,560853,779369,31007.333333333333,62261.333333333333
2024-12-02,95258,21275,43795,42227,6902,10740,4312345,-2481865,33461398,6599218,105436.466666666667,45923.833333333333,101124.428571428571,48580.000000000000,14276085,21070295,555559,755863,35040.666666666667,57645.666666666667
2024-11-29,50881,25031,23700,20240,9447,10751,-1426598,352480,11588724,3715103,106354.400000000000,46539.933333333333,102798.000000000000,48699.571428571429,7634020,5854942,583261,802252,38287.000000000000,73680.000000000000
2024-11-27,40645,46716,17583,18817,15381,17180,131323,-1545724,17162362,29547046,106457.933333333333,45753.833333333333,107605.857142857143,44646.714285714286,18481551,15918898,580720,793815,40733.333333333333,106989.666666666667
2024-11-26,81411,33375,38630,34181,13517,15708,995430,5078648,24844555,12339256,105630.433333333333,45418.100000000000,108671.428571428571,48629.857142857143,18933882,14850664,571587,781127,65520.000000000000,162824.333333333333
2024-11-25,98984,34770,43153,44940,14282,15826,889218,384605,27670110,7237485,104297.466666666667,44933.700000000000,107056.142857142857,49813.428571428571,15432608,15937221,563302,767203,66722.666666666667,145316.666666666667
2024-11-22,140574,54055,69254,57415,22890,23512,104507,291488,40082280,15649305,101759.033333333333,43986.133333333333,97375.714285714286,45613.428571428571,25023651,24836670,576674,811191,57327.000000000000,119324.000000000000
2024-11-21,248915,107735,106921,116013,53816,41353,-3589557,5773071,72486390,36919554,95380.700000000000,41634.966666666667,76173.142857142857,34861.857142857143,54518822,45112444,556171,744061,27530.666666666667,61119.000000000000
2024-11-20,46461,38378,21601,20744,22806,12143,-800054,1478436,14130303,7433968,97364.433333333333,42355.633333333333,80086.428571428571,32969.000000000000,10963343,8684853,546314,735089,35157.000000000000,75255.333333333333
2024-11-19,62596,25868,31700,25160,9112,12535,3231953,-1582572,19544587,6606935,96664.200000000000,42029.400000000000,87373.000000000000,35000.000000000000,8807638,13622163,539712,726528,40886.000000000000,83615.666666666667
2024-11-18,74300,18346,31987,35483,6422,10066,1091464,-331840,23319499,3959859,96159.166666666667,42291.400000000000,94347.571428571429,39954.857142857143,11838469,13261773,531722,694278,42989.000000000000,83119.333333333333
2024-11-15,88870,61257,39200,40233,23173,31486,-904282,-3250828,46879512,17089168,96208.633333333333,41100.900000000000,101821.714285714286,36892.428571428571,27955945,30302491,587128,795017,33394.666666666667,86995.000000000000
2024-11-14,87677,43055,34933,43072,18254,19782,-1518748,-2336041,23528264,9930263,94606.766666666667,40361.600000000000,96684.285714285714,33885.000000000000,14606801,15424094,582677,782537,27419.000000000000,82387.333333333333
2024-11-13,72811,24655,29486,35817,11874,10011,-3440227,1156312,23577849,4359655,93642.466666666667,40202.300000000000,98004.571428571429,35677.142857142857,14800751,10204212,577565,776950,32562.333333333333,95984.333333333333
2024-11-12,100497,32474,44403,44541,10790,17702,2991592,-548293,48362396,6327940,93637.700000000000,40622.833333333333,98817.428571428571,38093.571428571429,22345170,25885055,569363,763980,39414.333333333333,103526.000000000000
2024-11-11,73854,25128,34003,32226,11007,10922,1022882,-168594,31379187,6521105,92966.733333333333,40576.700000000000,111382.000000000000,45444.285714285714,15923664,17115140,560594,746014,44311.666666666667,125971.000000000000
2024-11-08,113602,40085,51774,49889,17479,15715,1798271,212370,71438915,6162365,92762.866666666667,40562.166666666667,146112.428571428571,60621.857142857143,34106570,35692471,585591,790774,38284.333333333333,105342.000000000000
2024-11-07,123122,53030,57426,52155,21245,26360,3455484,-250375,50593497,8857715,90462.900000000000,39711.400000000000,162781.428571428571,70105.285714285714,24450163,28156022,572860,783916,33007.666666666667,91652.333333333333
2024-11-06,141189,39820,71245,54789,17456,17127,3475780,153359,46369517,6395088,87146.033333333333,38930.333333333333,159408.857142857143,71420.285714285714,21829652,25152073,568937,775140,36197.333333333333,79985.000000000000
2024-11-05,51715,22003,22511,22075,9503,8545,-758787,55973,15372826,6131341,87307.233333333333,38966.300000000000,165728.142857142857,75548.428571428571,9354872,8540112,567567,763398,54390.666666666667,116682.000000000000
2024-11-04,82053,37200,35504,39439,13153,14769,-2345573,984730,25752377,11533277,86674.200000000000,38539.200000000000,163671.000000000000,74912.714285714286,17543765,14213462,552542,742084,90766.666666666667,208236.000000000000
2024-11-01,106187,49389,45120,50650,22914,22035,-1383040,1170224,33685171,12041397,85795.400000000000,37624.166666666667,158107.142857142857,71347.000000000000,22130437,19577173,618954,830690,114108.333333333333,252775.333333333333
2024-10-31,161806,76583,69857,78714,36065,32618,-11181456,2924983,56498964,17680324,83594.400000000000,37075.300000000000,143118.571428571429,62990.428571428571,41251915,27145476,612553,816620,104922.333333333333,238033.666666666667
2024-10-30,356715,146328,148604,170676,65606,61167,7319982,2077304,172293231,28239803,73939.200000000000,32977.500000000000,98048.142857142857,44800.285714285714,87675935,92918613,593842,809212,73113.000000000000,151112.000000000000
2024-10-29,239805,119414,107540,94786,49900,51470,2637507,-1618500,120746033,33467349,68439.966666666667,30149.166666666667,74060.571428571429,31860.000000000000,62816059,67072066,548655,743624,44225.000000000000,93728.000000000000
2024-10-28,117581,49025,52794,49640,21155,22272,339635,-1615768,53752760,16202838,66563.466666666667,29375.033333333333,68466.000000000000,31072.714285714286,29627255,31582658,530458,700742,36026.333333333333,76947.666666666667
2024-10-25,95950,50900,46585,37845,29727,16459,-1517829,757313,40039837,10987592,68801.133333333333,29402.366666666667,61009.000000000000,27106.000000000000,24016646,21741504,529570,728619,25088.666666666667,63926.333333333333
2024-10-24,67653,32750,32930,26588,14113,14789,7208213,-558451,37086649,10562972,70060.366666666667,30054.533333333333,59428.000000000000,25756.428571428571,17433572,25200236,518284,711824,20504.333333333333,55116.000000000000
2024-10-23,67240,24429,23923,32590,12361,9324,-487978,-1341649,22048103,11065519,70733.966666666667,30444.866666666667,58250.142857142857,25157.714285714286,13670092,14523763,511833,695135,21972.000000000000,56666.666666666667
2024-10-22,56886,18087,23399,27015,7674,7269,-6434149,257173,24512302,5202275,71037.300000000000,31183.766666666667,59326.571428571429,26235.000000000000,16211033,9519711,506823,678418,30447.666666666667,63844.333333333333
2024-10-21,41222,18997,17761,19147,6830,10128,210149,280713,12328129,4859833,73861.800000000000,32860.700000000000,61661.285714285714,28835.428571428571,7644607,7574043,500840,669036,31826.333333333333,64687.333333333333
2024-10-18,71892,28832,27048,34860,12041,11177,-2359490,-494803,27517767,5552981,74563.266666666667,33825.666666666667,66530.000000000000,33287.714285714286,12404599,10539912,560427,775594,29983.333333333333,59585.333333333333
2024-10-17,78419,43514,35000,35937,18722,18201,-51953,-1587376,20772431,25209122,73607.666666666667,33118.000000000000,61268.571428571429,29368.714285714286,18311501,19393074,557987,759531,22224.666666666667,53110.666666666667
2024-10-16,43751,23133,18407,18128,8795,8646,443530,-391610,14721101,8103343,73908.266666666667,33475.033333333333,63468.285714285714,29807.714285714286,8358912,9194052,549159,744838,23056.333333333333,60000.666666666667
2024-10-15,56586,23303,25162,24584,10037,9405,-758250,190467,18657729,6873136,74421.200000000000,33849.633333333333,68292.285714285714,30127.571428571429,11861074,10912357,546062,737453,27688.666666666667,60327.000000000000
2024-10-14,58995,20238,30096,22275,8141,8969,1416181,1617147,20216575,5860213,74256.600000000000,34455.933333333333,65524.571428571429,30218.714285714286,11484153,11283187,543761,730661,40942.000000000000,75986.333333333333
2024-10-11,64421,25628,28878,26124,9079,12577,1389769,-687028,19337991,4604017,74072.366666666667,34877.133333333333,62590.428571428571,29397.000000000000,8649673,10726470,558429,769068,37759.666666666667,68375.666666666667
2024-10-10,57565,37200,26980,24252,15424,15760,632555,3591737,12758376,32535329,73843.133333333333,35067.333333333333,68703.142857142857,30524.142857142857,19581183,16525701,553064,759512,34095.000000000000,68903.666666666667
2024-10-09,105973,59998,43781,47592,27853,25722,-5528572,2913854,35555030,18133088,71343.600000000000,33612.700000000000,61239.142857142857,25345.000000000000,27470119,19027693,541877,738202,22609.666666666667,63697.333333333333
2024-10-08,41589,16081,17199,19319,7258,6933,-402526,385930,11390621,6213003,71893.433333333333,33571.500000000000,70653.000000000000,28711.857142857143,7891922,7103466,539714,728350,24208.000000000000,63041.333333333333
2024-10-07,59149,26206,21815,29236,13326,10068,-3590217,61560,19203087,8412974,72163.933333333333,33505.133333333333,69935.000000000000,28897.714285714286,13857356,10205579,530765,716256,22098.000000000000,57952.333333333333
2024-10-04,90354,25542,41110,40157,11687,9878,1010870,420318,23990049,4617744,71760.300000000000,33588.233333333333,62982.000000000000,27590.000000000000,12399240,12989792,546265,745381,28614.000000000000,61285.666666666667
2024-10-03,39621,20876,18399,15538,11035,7475,655872,2223167,15764122,9845871,73668.433333333333,33811.833333333333,65400.571428571429,27905.142857142857,12123114,10555819,543837,740604,29570.000000000000,65987.000000000000
2024-10-02,43882,19876,17587,20280,8464,8458,-699675,546408,13007416,4275816,74981.233333333333,33959.366666666667,68140.571428571429,28549.571428571429,8092976,6846893,539691,731039,36161.000000000000,87188.333333333333
2024-10-01,100354,45090,43840,46544,17688,22393,-1342400,-695574,37774731,10043365,74916.966666666667,33380.033333333333,65207.571428571429,25242.142857142857,22145940,21499114,523806,717954,30300.000000000000,71778.000000000000
2024-09-30,53725,23744,24926,24115,13044,8927,2272743,2489818,16901822,7384559,77953.733333333333,34288.200000000000,71214.857142857143,30438.285714285714,11208834,10991759,512716,703125,27848.000000000000,67764.000000000000
2024-09-27,107486,39649,50884,42485,17639,18576,1316427,868687,28445325,6744165,79011.133333333333,35333.500000000000,65439.571428571429,28116.142857142857,14933086,15380826,523059,732102,22325.666666666667,50785.666666666667
