date,call_volume,put_volume,call_volume_ask_side,call_volume_bid_side,put_volume_ask_side,put_volume_bid_side,net_call_premium,net_put_premium,call_premium,put_premium,avg_30_day_call_volume,avg_30_day_put_volume,avg_7_day_call_volume,avg_7_day_put_volume,bearish_premium,bullish_premium,put_open_interest,call_open_interest,avg_3_day_put_volume,avg_3_day_call_volume
2026-09-25,193936,93939,79693,95689,45808,38572,-11088213.00,-2836726.00,66021063.00,23620704.00,196411.0667,92236.7,234149,115773.7143,45694793.00,37396466.00,725794,1065952,71668,132815.6667
2026-09-24,128597,75230,55046,61710,29092,38862,-4633320.00,-2601816.00,68764538.00,25789190.00,194615.3667,91001.3667,244629.7143,118902,44525672.00,42494168.00,711955,1056152,85688.6667,153507
2026-09-23,165024,86529,72135,74503,39218,41243,7914178.00,-1536049.00,95280876.00,23848615.00,190961.1,89121.9333,237799,113255.2857,48256941.00,56798418.00,693693,1037043,138061.6667,290847.6667
2026-09-22,104826,53245,47604,49398,23528,24506,-4281483.00,-2670326.00,78801626.00,16767890.00,190223.3333,88887.1333,257464,118305.5714,45519065.00,43907908.00,679736,1015827,150086,327449.6667
2026-09-21,190671,117292,89391,85026,46008,57779,4764690.00,737658.00,136626037.00,41868164.00,189520.1333,87469.3,253695.8571,113594.4286,79553359.00,83289891.00,645125,982123,159373.3333,349975
2026-09-18,577046,243648,267378,257298,100625,116280,1874447.00,-3163335.00,187967906.00,44340604.00,173848.1,81037.7667,189350,87055.5714,105050817.00,106338599.00,772664,1139514,110533.3333,224947
2026-09-17,214632,89318,99468,93020,36239,46658,571951.00,-1145367.00,69327149.00,34480979.00,170018.4,79659.9333,178584,86517.1429,47553355.00,49019948.00,758864,1099874,96428,192472.6667
2026-09-16,258247,145154,105335,128098,64091,55085,-8363582.00,765765.00,82256159.00,52870686.00,170533.5667,78435.2,178026.5714,84704,61131684.00,52002337.00,717820,1065434,77575.6667,187217.3333
2026-09-15,201962,97128,88910,94952,44705,43545,-1274358.00,729208.00,74177526.00,31408076.00,168366.0667,77124,214604.7143,102922,49251385.00,47247819.00,697624,1041500,73304.3333,174661.3333
2026-09-14,117209,47002,50657,52404,22727,18588,-2068516.00,730345.00,47971011.00,17425634.00,169636.8333,77750.0667,216917.7143,102531.8571,30212094.00,27413233.00,681532,1015143,76929,177800
2026-09-11,242481,88597,101028,116703,39204,37908,-12690984.00,-1259927.00,69837890.00,26232849.00,169398.8333,78684.9333,202014.4286,97862.5714,45823485.00,34392428.00,733829,1056433,75913,143396.3333
2026-09-10,164294,84314,69206,82451,43396,34683,-5798918.00,959312.00,49477066.00,38823395.00,167933.8667,78246.6667,193883.8571,94994.2857,43010093.00,36251863.00,715180,1042198,91962.3333,173413.3333
2026-09-09,126625,57876,50558,62009,24834,24738,-283855.00,1257450.00,73397302.00,25421670.00,166515.8,77917.9667,203948.5714,102558.7143,45242685.00,44466324.00,698758,1025747,147555,283874.6667
2026-09-08,139270,85549,55392,70964,42350,35557,-1022077.00,5712329.00,104407342.00,27876234.00,164541.2333,76290.2333,201100.8571,97072.7143,64363948.00,57829542.00,669070,1000480,133795.6667,281918
2026-09-04,254345,132462,115408,114953,62074,56142,-6800236.00,2253585.00,118119476.00,28735302.00,162717.3,75349.2,175054,85550.2857,71815382.00,59562061.00,734640,1075738,108279,243189
2026-09-03,458009,224654,234927,181801,86493,117120,38782774.00,-12113028.00,327431398.00,83668817.00,151550.2667,69465.7667,136944.4286,65879,170513557.00,213879664.00,677453,1015061,54806.3333,126312.6667
2026-09-02,133400,44271,67619,53571,18516,20935,1021727.00,-194447.00,42816338.00,12303751.00,149038.6667,69006.4333,137908,68210.2857,24567451.00,25783625.00,669561,986119,76991.6667,147538.6667
2026-09-01,138158,55912,56618,69123,24040,24865,-3966073.00,-1838200.00,45745130.00,20608437.00,149100.8,69168.3667,200787.5714,90950.5714,30745242.00,28617369.00,653803,967935,74070,141264.6667
2026-08-31,107380,64236,53317,43081,26459,27558,1816811.00,-630066.00,33936533.00,14668179.00,149348.3333,68907,209567.5714,89601.8571,21033530.00,23480407.00,633331,942687,69926.3333,129477
2026-08-28,197078,110827,74615,99962,41824,56037,-7452938.00,-3439784.00,43675626.00,19879341.00,149921.9333,68945.0333,210125.8571,83696.8571,31178834.00,27165680.00,670227,1033996,61969,127531.6667
2026-08-27,119336,47147,52881,55302,19170,23103,-675854.00,-250339.00,44856736.00,11634770.00,152967.1,70430.1,205708.2857,84181.2857,26026737.00,25601222.00,661824,1012677,66450,134468
2026-08-26,72017,51805,27966,35387,22837,24155,-2328287.00,-2170593.00,40749639.00,16190348.00,155061.8,69819.0667,206875.8571,83659.1429,25765256.00,25607562.00,658503,1005103,120879.6667,303234
2026-08-25,191242,86955,94122,80501,33959,44698,7831878.00,-1619863.00,99317104.00,26355703.00,152634,68699.4667,201113.5714,84496.7143,53004023.00,62455764.00,634231,969835,110159.6667,295766.6667
2026-08-24,140145,60590,55668,70892,30409,24568,-3802864.00,5519779.00,60545765.00,20579265.00,151290.3667,68218.9,207191.1429,88194.2857,41406917.00,32084274.00,614733,960220,113127,316047
2026-08-21,578315,215094,283765,243304,86498,99412,30429196.5000,-3920326.00,244449181.5000,38061418.00,142692.7333,64283.1333,135249.8571,62919.4286,112104313.00,148215113.5000,739774,1093398,58275,152746.3333
2026-08-20,168840,54795,77018,76505,26793,22902,-751875.00,4822883.00,39677523.00,33779503.00,144035.2,64330.4667,119043.5714,59398.1429,35983487.00,28765429.00,731010,1066736,56060,123196.3333
2026-08-19,200986,69492,101612,83967,24850,39503,4293176.00,-2849007.00,55958952.00,17351508.00,141617.7667,63153.8333,102144.5714,56070.8571,30434789.00,37576986.00,717609,1035716,63835.3333,106503
2026-08-18,88413,50538,33916,48189,20967,20743,-2489393.00,-4818109.00,23919541.00,22037042.00,142275.7667,63084.5667,113739.1429,59530.7143,19155683.00,21484399.00,702571,1027947,75813.6667,137928
2026-08-17,80190,48150,37141,35359,15930,26109,-550433.00,-754376.00,23737972.00,12510537.00,145077.3667,63689.6667,117552.7143,59895.2857,15418919.00,15622862.00,684418,1011065,72487,136106.6667
2026-08-14,150906,92818,59900,78985,34731,46522,-7520532.00,-15480367.00,48584027.00,34648657.00,155243.1333,66566.9667,110243.4286,53490.2857,33752584.00,42019369.00,702489,1050659,51596.3333,104270
2026-08-13,182688,86473,92230,68412,39290,33879,12331123.00,81674.00,63579896.00,27958459.00,158432.8,66899.3,123245.4286,56624.4286,32096596.00,44346045.00,689110,1027660,38172.3333,70938.3333
2026-08-12,74726,38170,33443,33284,13854,18318,-847764.00,-1155705.00,37060075.00,12833656.00,159351.3667,67033.2333,132132.7143,59427.5714,21828705.00,22136646.00,681990,1016425,50368,102554.6667
2026-08-11,55396,30146,23306,25440,13197,13270,-1153112.00,1035087.00,28778367.00,10362820.00,162232.0333,67672.7667,146409.2857,64518.7143,18466658.00,16278459.00,674434,1009217,57220,119717.6667
2026-08-10,82693,46201,41796,32280,17230,23985,2168155.00,-762441.00,42188645.00,12780201.00,166284.8667,68987.6667,168216.1429,74581.8571,24282849.00,27225405.00,659182,987869,57814,125400.3333
2026-08-07,169575,74757,76800,71000,35495,32397,4311873.00,-798702.00,57181767.00,15517687.00,166295.0333,68930.4333,161183.2857,74068.8571,31044644.00,36155219.00,691096,1050783,69032.3333,160109.3333
2026-08-06,106885,50702,42414,55828,26644,19536,-6924276.00,-1299928.00,38569552.00,21063272.00,168251.8333,70311.1667,157925.8571,73685,29695133.00,24070785.00,676288,1029783,71395.6667,170126.6667
2026-08-05,99741,47983,39876,49488,20036,22533,-1674430.00,-467628.00,41739033.00,19486878.00,169385.9667,70984.8667,155110.4286,72075.5714,28031890.00,26825088.00,664762,1015711,77329.3333,188657
2026-08-04,273702,108412,126584,120463,38106,61196,796244.00,-9717440.00,103277276.00,38890483.00,166885.5,69921.1667,144528.2857,71478.2857,59208811.00,69722495.00,646215,991939,80073,175870
2026-08-03,136937,57792,65086,54426,23847,27964,4223086.00,295661.00,47755223.00,20428756.00,176285,73069.5667,142537,70101,27758192.00,31685617.00,629220,960244,84531,170339.3333
2026-07-31,155332,65784,71015,68531,29706,29654,-2102434.00,2681627.00,39279955.00,27356122.00,195138.4667,80930.1667,128639.8571,65059.1429,32354065.00,27570004.00,685611,1046847,78608,146589.6667
2026-07-30,235341,116643,103223,103954,57274,48753,-6262210.00,665235.00,59299752.00,81144817.00,194372.1333,79543.9667,115022.8571,57077.2857,66714815.00,59871746.00,664537,1007885,51966,94820.3333
2026-07-29,120345,71166,49147,57011,25602,37079,-1377135.00,-3895438.00,44013284.00,31836479.00,202132.8667,81249.2,114231.5714,54967.1429,33215260.00,35733563.00,635686,969099,62987.6667,121247.6667
2026-07-28,84083,48015,31879,41297,26709,16083,1068350.00,5725297.00,39994326.00,33688138.00,216242.6333,84791.7667,132832,64103.2857,35283737.00,30626790.00,627000,950926,63033,134219.3333
2026-07-27,80033,36717,32427,33127,18170,15958,2128706.00,3388442.00,34719039.00,17935237.00,226662.3667,86404.2667,151497.4286,71957.8571,24478995.00,23219259.00,612881,925135,60957.6667,126892.3333
2026-07-24,199627,104231,89333,87857,53543,43061,266928.00,-969973.00,56318118.00,37129319.00,233638.7333,86179.4667,142244.7143,61849.7143,41679822.00,42916723.00,683071,1010097,46470.6667,107024
2026-07-23,122998,48151,54341,54821,18060,23863,4729265.00,-214457.00,42775255.00,19786746.00,237868.7667,86598.4667,141589,62594.8571,25836792.00,30780514.00,673642,989703,49218.6667,104293.3333
2026-07-22,58052,30491,22318,29104,11346,15913,-4172805.00,-1378099.00,30252737.00,10839013.00,241695.8,87249.0333,147558.1429,64835.1429,20060062.00,17265356.00,665031,979310,76377.6667,156371.3333
2026-07-21,140022,60770,69951,55964,22720,30721,3015122.00,-1994639.00,63513512.00,22347374.00,250157,90447.1667,173324.4286,70013.8571,35988309.00,40998070.00,642538,961245,86687.3333,179927.6667
2026-07-20,114806,56395,51455,51808,16396,35595,-1364563.00,1999075.00,48529477.00,22672013.00,260436.2333,90596.2,186797,69988.1429,34635749.00,31272111.00,613872,933112,79047,186611.6667
2026-07-17,214286,111968,91776,98894,53524,47497,3159102.00,4734898.00,76552039.00,38722354.00,259701.6333,89820.7,174536.5714,58877.4286,53482810.00,51907014.00,749083,1118859,59513.3333,154652.3333
2026-07-16,210691,91699,79324,104381,39024,42746,-11198368.00,3262698.00,79755124.00,37196013.00,260004.0333,88680.2333,159888.2857,52700.4286,60179713.00,45718647.00,723434,1094653,44338,117700.6667
2026-07-15,134858,33474,61479,59929,13270,16326,4604944.00,-1048557.00,69211239.00,12096627.00,265487.4667,90692.0667,164085.4286,57390.2857,33993541.00,39662992.00,717282,1082418,65520.3333,179543.3333
2026-07-14,118408,53367,55064,49449,19702,20044,2775061.00,5440129.00,59683280.00,22216694.00,287832.7,97450.4,212295.5714,75357.4286,36058249.00,33393181.00,700306,1061818,66469.6667,209778.6667
2026-07-13,99836,46173,37391,53094,22137,17858,-1002857.00,1826561.00,45217541.00,17294703.00,303983.6,100851.0333,237801.5714,82538.8571,29567426.00,26738008.00,684502,1047044,62476.3333,219321
2026-07-10,320386,97021,126979,157762,36787,43996,-21003913.00,-664003.00,148514227.00,22842785.00,298176.9,99383.5,206644,74705.5714,86673537.00,65614447.00,723402,1105749,46289.3333,148576.6667
2026-07-09,209114,56215,88962,88110,18548,29777,-2301749.00,-2201536.00,106498658.00,17283424.00,294707.1667,99066.9,197030,73722.2857,53319175.00,53218962.00,709884,1087058,49652,133618
2026-07-08,128463,34193,52753,61005,12924,17157,-2880936.00,-1211849.00,58837053.00,12112081.00,296537.9333,100416.9,207860.7143,81073,32538586.00,30869499.00,702383,1074113,97966.6667,242756.6667
2026-07-07,108153,48460,45206,49158,25072,18758,-1515693.00,4427328.00,71690877.00,20362712.00,297275.7667,101009.2333,216678.8571,84584.4286,43556934.00,37613913.00,688709,1059401,113961,299498.3333
2026-07-06,164238,66303,74799,68935,27935,29479,3936483.00,-293548.00,120017315.00,21693290.00,295657.9,100294.8,216871.8571,88273.1429,60036344.00,64266375.00,670800,1035616,105922.6667,278846.6667
2026-07-02,455879,179137,207733,201539,73294,80741,23436813.00,-1769376.00,282194561.00,43369934.00,285217.5,96734.6333,170855.5714,72424.1429,130148015.00,156077004.00,704727,1100400,62654.3333,174159
2026-07-01,278378,96443,132633,116104,34300,49965,10578365.00,-7086437.00,127038251.00,22783641.00,280228.5,95589,159471.2857,69575.2857,59509559.00,77174361.00,678831,1071582,59056,149459
2026-06-30,102283,42188,41763,48611,18272,19341,-2553981.00,-300069.00,43714205.00,12745589.00,284314.0333,98268.8333,204705.4286,85297.5714,24851224.00,22597312.00,664985,1051309,69340,171991.3333
2026-06-29,141816,49332,60933,64606,23512,20892,-48128.00,-135780.00,63423774.00,14126603.00,288924.8667,99552.8,287436.8571,121336.1429,34783115.00,34870767.00,647883,1019558,83604,179915.6667
2026-06-26,204278,85648,89480,89995,40234,37202,1151873.00,78049.00,50779832.00,19205606.00,284848,98114.6333,288590.1429,119823.1429,30407232.00,31481056.00,700382,1121261,77786,156411.3333
2026-06-25,169880,73040,59573,89826,34917,32749,-6011219.00,-4537507.00,53181895.00,31070743.00,282640.4,97049.9,314774,126863.5714,39448173.00,37974461.00,694209,1095575,78939.6667,166014
2026-06-24,165589,92124,60770,86245,45778,35684,-9550962.00,5398514.00,91975628.00,37646234.00,283708.4667,95981.3667,363600.7143,135744.7143,67943178.00,50275618.00,670652,1084486,98979.6667,250458.3333
2026-06-23,133765,68194,46637,73149,28817,33056,-13277769.00,788205.00,85006420.00,24042189.00,286012.4,96447.7667,400580.7143,138158.7143,56118006.00,42052247.00,659258,1068498,176782.3333,446182
2026-06-22,198688,76501,83885,92876,32812,32106,-1218243.00,134033.00,118553868.00,24396240.00,283292.7,96590.4,430613.5714,141156.7143,65241006.00,63152730.00,643059,1048208,176301,450736.3333
2026-06-18,418922,152244,178485,189365,61832,70384,-6120562.00,-769720.00,197719216.00,26646305.00,274551.9333,93058.2,406467.4286,128082,98941213.00,94787371.00,851903,1319711,166327.3333,428818
2026-06-17,720936,301602,364417,280890,121630,145516,59758012.00,-10983999.00,388373577.00,65120643.00,254400,84963.5,328171.2857,92140,168625330.00,240349149.00,797983,1278318,117224,357631.3333
2026-06-16,212351,75057,85193,106075,28300,37237,-5598126.00,-928149.00,90405349.00,21618444.00,253450.1333,85314.0333,354100.8571,103805.2857,51955183.00,47289284.00,783636,1254662,120569,417722.6667
2026-06-15,353167,122323,159825,153374,49230,53772,10058745.00,1383005.00,197892350.00,35225588.00,249038.6667,85107.0333,364103.1429,95025.7143,97757295.00,106433035.00,742805,1225255,112290.3333,436306.3333
2026-06-12,507376,154292,224321,232137,68055,64447,-6076557.00,-2396692.00,142051456.00,23445235.00,239514.8667,84422,319084.8571,85655.8571,75670432.00,71990567.00,787025,1327924,81100,350480.6667
2026-06-11,392625,85092,182907,167770,35433,39601,12510173.00,-896133.00,136551886.00,21510267.00,241511.3667,90387.4,294390.2857,81712,62051213.00,75457519.00,775688,1265751,69405.3333,277226.6667
2026-06-10,408918,97487,180012,187566,41470,46309,1125963.00,-1196301.00,147709390.00,29202940.00,235681.1,91884.4333,278739.2857,81189.4286,89656344.00,71322158.00,763586,1245225,89147.6667,272206.6667
2026-06-09,249899,60721,104600,118940,28817,25907,2219643.00,2282023.00,77031019.00,23846264.00,230664.4667,91444.5333,355720.1429,109103.1429,45343304.00,45280924.00,755907,1228491,89196,329968
2026-06-08,172863,50008,72753,78378,20400,24237,-1721838.00,22022.00,63914364.00,14503049.00,230256.7,93102.6667,414505.8571,123129.4286,35707194.00,33963334.00,739275,1202247,102094.3333,336429.6667
2026-06-05,393858,156714,159136,198276,70245,69973,-11418360.00,2156957.00,81433934.00,32060841.00,224463.8333,91558.5667,379124,108312.4286,57612306.00,44036989.00,783916,1355287,69018,278398
2026-06-04,423183,60866,206938,169696,25776,27786,10047928.00,4076825.00,95590427.00,21882796.00,215654.2667,91166.0667,333672.4286,106291.1429,49253017.00,55517120.00,781498,1293560,80005.6667,237124
2026-06-03,192248,88703,74110,95452,38908,39445,-16996582.00,574771.00,76692421.00,30159820.00,214064.2667,91361.3667,332406.4286,104289.7143,56717023.00,39145670.00,777316,1272908,135810.3333,435963
2026-06-02,219763,57485,87709,106596,25747,25251,-5806061.00,-122871.00,80143445.00,16791145.00,211725.4,92272.5,319624.2857,105539,45022318.00,39339128.00,760119,1238027,166046,557496.3333
2026-06-01,299361,93829,123722,141951,42489,39773,-8292993.00,1076635.00,126032570.00,28324458.00,217290.0333,93939.1333,293387.2857,98544.8571,73140707.00,63771079.00,725630,1169679,152434.6667,506437.6667
2026-05-29,788765,256117,358685,333041,113311,113793,10922281.00,-2334419.00,311798904.00,47483286.00,203047.8333,89194.7667,201087.5714,72289.8571,149519454.00,162714154.00,770587,1240285,82634.6667,278523.3333
2026-05-28,584363,148192,297398,213784,52186,72100,48170526.00,-6346837.00,199447477.00,36107177.00,201201.2333,89394,135994,59987.2857,75065427.00,130020540.00,747977,1151449,58135,144864.3333
2026-05-27,146185,52995,67728,56676,17771,29865,-1267911.00,-2333857.00,42550716.00,11745518.00,206025.8667,91749.7667,147231.7143,69928.4286,23037432.00,24106803.00,727916,1118383,62546.6667,139565.3333
2026-05-26,105022,46717,42150,46605,15981,22575,-1419988.00,-1250873.00,25705151.00,11916279.00,206843.2,92282.7667,172248.7143,75804.7143,16236326.00,16067211.00,711519,1092052,61931,143125.3333
2026-05-22,183386,74693,81620,82824,32781,33207,-11113930.00,-1134373.00,39526799.00,17183124.00,207307.4,92477.5,157761,71206.1429,30312678.00,20333121.00,760867,1189352,61144,129552.3333
2026-05-21,130288,66230,51371,58501,18126,35420,1521760.00,-2022768.00,28843064.00,21469362.00,208418.4333,92903.0667,153955.8571,67615.8571,17292321.00,20836849.00,740880,1161475,59758.6667,129025.6667
2026-05-20,115702,44870,51753,51576,16189,23713,7235448.00,-2427889.00,29710983.00,17585698.00,210091.5667,94935.7,165660,69787,16517850.00,26181187.00,724471,1124252,85663,165408
2026-05-19,142667,72332,52655,77971,31214,31527,-5546051.00,-1228713.00,28493685.00,34806389.00,209481.5667,94220.8,174262.2857,71194.7143,30702970.00,26385632.00,714563,1112830,90836,211232.6667
2026-05-18,128708,62074,59155,56465,23079,32470,-1087868.00,991564.00,35429726.00,14784252.00,208780.2,93781.0333,172603.5714,73867,23409627.00,21330195.00,709211,1079407,84312.3333,195654
2026-05-15,224849,122583,101094,97041,53156,57768,-2937543.00,206879.00,40064853.00,16324711.00,207154.0333,92381.6,162867.8571,62966.2857,26641404.00,23497172.00,825320,1251446,57150.6667,155255
2026-05-14,280141,87851,138697,107862,34334,43841,6931194.00,-7960340.00,68539877.00,43448129.00,201367.4667,92669.5667,139473.1429,58810.5714,38815885.00,63897139.00,813442,1219286,47889.6667,127751.6667
2026-05-13,81972,42503,31247,38519,14977,24109,-2814356.00,783446.00,23636131.00,10450086.00,204390.3,93577.8,154027.8571,64963.4286,16765349.00,13167547.00,797791,1195914,61117.3333,168055.3333
2026-05-12,103652,41098,37588,53597,17471,19536,-4676653.00,-1392298.00,31164915.00,11301780.00,207158.6667,94758.3333,170766.5714,75679.8571,20674150.00,17389795.00,789991,1185260,74344.6667,172537
2026-05-11,197631,60068,104192,71771,25753,27680,10931523.00,979637.00,62148134.00,16473183.00,206589.2667,96487.1667,174199.5714,86204.5714,30392741.00,40344627.00,775737,1134942,69748,158893
2026-05-08,202883,82186,104657,77048,30701,36741,6017251.00,-1988356.00,39895976.00,21923204.00,205219.8667,96040.5,209862,112185.7143,21238751.00,29244358.00,835575,1234093,61939.6667,130058
2026-05-07,117097,80780,39548,61992,35990,33578,-7594732.00,-7222382.00,36346009.00,33012302.00,206231.3333,96378.1667,226563.8571,120988.2857,27322835.00,17852885.00,809395,1217428,63537.3333,152310.6667
2026-05-06,156699,46278,65719,76252,16646,23962,-639107.00,227787.00,40511567.00,12892668.00,205436.6667,97144.6,218378.2857,121166.2857,24637231.00,23770337.00,798896,1184521,86815.6667,173685.3333
2026-05-05,116378,58761,49300,50830,22672,29968,4684578.00,940054.00,39209355.00,17204440.00,206086.1333,97784.7667,224700,127022.1429,23117378.00,26861902.00,780272,1158533,111809,208780
2026-05-04,183855,85573,88753,75550,37707,36691,4307708.00,1310581.00,52268287.00,19117089.00,204164.0333,98158.5333,229873.8571,130567.5714,30307594.00,33304721.00,751877,1121892,171302.6667,298335
2026-05-01,220823,116113,105058,88334,55810,43310,1855797.00,-5808807.00,45469410.00,36406905.00,202025.3,100042.2333,221027.1429,120993,27104914.00,34769518.00,835762,1244738,180064.3333,302730.6667
2026-04-30,221662,133741,107672,92790,57141,51153,1828512.00,974776.00,50064550.00,98836978.00,197228.6333,98073.6333,210010.8571,115396,40820673.00,41602573.00,829211,1204911,151325.3333,261976.6667
2026-04-29,452520,264054,190210,220190,122229,109089,-21477460.00,8637554.00,109083545.00,102760357.00,185580.0333,91105.5333,166736.1429,89791,107136375.00,77636063.00,772745,1131727,96558,164680
2026-04-28,234010,142398,94636,106272,55739,68880,-2423568.00,-4528195.00,62191494.00,34671804.00,182596.6,88646.5667,199920.4286,89995.2857,41035825.00,43140452.00,703663,1054843,85889,160034
2026-04-27,99400,47524,39114,48024,19093,22327,-4416598.00,-1602972.00,40715468.00,16738216.00,185739.4,90534.1,237363.1429,99461.2857,26441075.00,23627449.00,684113,1029415,86411.3333,179866
2026-04-24,160630,99752,71715,65883,51953,37409,-487807.00,-244875.00,43362998.00,17471693.00,185223.6667,91106.7,289982.4286,107235.1429,26776544.00,26395112.00,750618,1147645,84681.3333,174505.3333
2026-04-23,220072,110391,80776,113992,42576,45857,-10822409.00,1321825.00,61455930.00,39637309.00,181009.6333,88968.7667,300104.1429,109131.8571,46621364.00,34477130.00,724108,1128526,76157.3333,151013.6667
2026-04-22,158896,49091,65454,76543,20077,23606,-2515941.00,-1221003.00,62647647.00,12868797.00,178695.3667,88611.8,295910.7143,111077,33996321.00,32701383.00,713435,1103175,107736.3333,253481.6667
2026-04-21,144548,94562,57499,72113,49210,36737,-8793440.00,3915787.00,64962794.00,20550263.00,177617.5333,87169.5333,303448.4286,109073.1429,44698173.00,31988946.00,697741,1079777,114144.3333,325798.6667
2026-04-20,149597,84819,63390,68967,38544,34649,-822897.00,225313.00,66889941.00,19531840.00,179579.2333,87349.8333,305451.5714,108241.4286,38715760.00,37667550.00,675632,1059275,137261,452254.6667
2026-04-17,466300,143828,219465,202835,59432,64909,10201494.00,1205406.00,241420645.00,27589003.00,169836,84818.3,262536.7143,102815.8571,117542226.00,126908314.00,794117,1265703,130541,393796
2026-04-16,361499,113786,146227,181151,48618,47710,-7319987.00,3010913.00,116440942.00,22714125.00,165725.8,83873.0667,228660.7143,93830,67812945.00,57482045.00,762034,1223397,113514.6667,316477
2026-04-15,528965,154169,240468,235659,72414,61787,6871795.00,2432620.00,231383128.00,37589761.00,151899.7333,80980.9667,168475.2857,78788.8571,118857628.00,123092002.00,715455,1127572,88970,205926
2026-04-14,290924,123668,131495,124077,50350,48459,9717472.00,95071.00,110868247.00,29612189.00,146857.8333,79076.2333,152066.7143,72636.2857,57020791.00,66643192.00,692673,1083160,74079.6667,163491
2026-04-13,129542,62707,64278,50099,21330,32268,1675577.00,-5422311.00,28720071.00,25047585.00,149603.8333,80599.1333,148781.2857,77462.4286,17344211.00,24442099.00,681057,1046442,88460.3333,175609
2026-04-10,197312,80535,91944,76445,29367,38633,-1113999.00,-483628.00,29901404.00,30538737.00,148848.1667,80716.9333,145259.1429,75921.7143,22804347.00,22173976.00,731467,1115588,78577,151294
2026-04-09,163619,78997,68924,77596,27989,37880,-3991011.00,-1201231.00,34708102.00,42938214.00,150192.6,80763.1333,148556.8571,75567,24195319.00,21405539.00,718448,1098210,68538.3333,132643.3333
2026-04-08,165896,105849,72634,72067,46154,48040,-483330.00,218612.00,55385458.00,27670955.00,149243.2333,79691.6333,150650.1429,76436.1429,37333686.00,36631744.00,683683,1080756,60122,136032.6667
2026-04-07,124367,50885,70328,44003,18233,22060,2773692.00,-1218100.00,33804718.00,13787725.00,149000.5,80316.5333,155997.8571,78993.4286,15950349.00,26662141.00,666553,1055811,75323.6667,130091.6667
2026-04-06,107667,48881,52109,43956,21773,23246,1419504.00,1889485.00,21525180.00,19118844.00,152630,82607.7,161679.8571,84997.5714,18680477.00,18320446.00,649202,1027443,82280,151755
2026-04-02,176064,80600,84274,75620,31476,28598,-6839595.00,-950026.00,64053102.00,49506614.00,150932.1333,85622.8333,155507.7143,83379.1429,42664245.00,36669412.00,679478,1099221,80918,155301.3333
2026-04-01,106544,96490,38790,49411,24654,22184,-2185266.00,-1217902.00,26793425.00,252047549.00,151855.2,84492.5667,159696,80732.8571,20443847.00,19476483.00,672046,1079821,86065.6667,179969.6667
2026-03-31,172657,69750,89229,65284,28259,35939,7352338.00,-821165.00,42284711.00,24325289.00,150573.7333,84827.3,153058.1429,84595.1429,25436855.00,33610358.00,663191,1050437,85744.3333,176351
2026-03-30,186703,76514,89505,78023,36265,29925,81662.00,632285.00,74075313.00,57148247.00,155121.8,88194.7667,148766.4286,98325.1429,47982779.00,47432156.00,639880,1002335,90543,163263.6667
2026-03-27,180549,111933,63533,96159,43608,48345,-17146008.00,898195.00,62911427.00,86404007.00,159094.4333,96861.3,134082.5714,93003.7143,54644535.00,36600332.00,688810,1069089,76322.3333,147367
2026-03-26,161801,68786,60733,80093,19197,21661,-7963508.00,-1979181.00,23971884.00,161225592.00,167957.4333,102086.8333,125691.2857,91035.8571,21716818.00,15917241.00,689394,1043480,79382.3333,138720.6667
2026-03-25,147441,90910,73680,60102,31959,34168,5151246.00,3906074.00,39168331.00,26898653.00,172015.1667,103794.9333,125272.1429,87852.8571,26028186.00,27273358.00,672696,1015684,81341,131637.6667
2026-03-24,132859,69271,48258,68055,32416,26167,-1039285.00,650613.00,33251356.00,34201781.00,173431.9667,104245.5,133961.4286,92835.5714,25230082.00,23540184.00,651239,986236,115792,139571.6667
2026-03-23,135862,77966,68076,53531,38501,32485,1831263.00,1167761.00,27724503.00,29678981.00,180946.7,107736.6667,135289.4286,98401.8571,21439944.00,22103446.00,614302,930812,114697.6667,120205
2026-03-20,126192,96786,50023,61110,46936,36207,-6468680.00,-1188101.00,34687363.00,56763588.00,186517.9333,113191.6667,130640.7143,91182.8571,31746732.00,26898903.00,739203,1191664,100772.6667,112495
2026-03-19,156661,172624,61838,79394,53104,72755,-3866554.00,-10975415.00,27420783.00,432743099.00,193085.8,114316.2333,121041.7143,72005.4286,118608012.00,101861733.00,714724,1166858,66107.6667,108443.6667
2026-03-18,77762,74683,29852,34395,23323,39044,-1295875.00,-1986193.00,23400222.00,58202766.00,197588.6,115327.6333,125963.2857,68664.1429,16600049.00,17290367.00,690174,1151603,75930,147084.3333
2026-03-17,103062,55011,49047,43527,17965,27420,1260068.00,-11552717.00,26235454.00,61973877.00,206219.7333,119953.8333,141018.4286,73695.1429,18154377.00,41395132.00,683208,1127897,96569.6667,161116.3333
2026-03-16,144507,68629,73369,55052,28771,23627,3986501.00,8418378.00,36747715.00,91978246.00,208575.7,122720.4667,145232.1429,73588.4286,52590705.00,30166828.00,676195,1081528,89111,144164.3333
2026-03-13,193684,104150,77269,95226,46894,41585,-4399355.00,-360689.00,40105663.00,53597815.00,209026.7,122864.5667,151590.5714,70914,31497771.00,27459105.00,716591,1155699,67188.3333,109425.6667
2026-03-12,145158,116930,71910,58396,31835,30281,-771219.00,1810666.00,27948352.00,190764699.00,209153.3333,121399.0667,147165.5714,63839.1429,26112696.00,23530811.00,698318,1138453,45309.6667,98444
2026-03-11,93651,46253,34848,49363,15582,26068,-2426801.00,500305.00,24107342.00,12717184.00,209937.6333,121575.4,153739.2857,66735.2857,17939988.00,15012882.00,685090,1124372,59968,136709.6667
2026-03-10,89468,38382,38255,42429,20397,15075,-1491574.00,4081621.00,28373274.00,17458227.00,209972.8,121998.8333,171232.7143,76737,23523610.00,17950415.00,681058,1107330,69801.3333,164888
2026-03-09,112213,51294,52552,46437,19744,27712,597409.00,-1037723.00,38520865.00,17767307.00,213267.9,123928.3,180151.1429,81419.1429,22487441.00,24125306.00,667436,1084026,81179.6667,206881.3333
2026-03-06,208448,90228,85597,96622,51398,32255,-4056273.00,2828225.00,39380081.00,22514842.00,210736.2667,123076.1,179508.8571,80012.7143,30985176.00,24100678.00,727973,1148768,73572.3333,175459.6667
2026-03-05,174003,67882,69941,85981,31034,28534,-2793161.00,1288815.00,50329222.00,24370816.00,209574.3667,122565.1667,174282,80844.4286,32368625.00,28286649.00,718587,1132239,73120.3333,164014.3333
2026-03-04,238193,85429,120615,90986,35561,40035,7183773.00,1100092.00,87561925.00,27473295.00,207245.7333,123103.0667,156980.8571,78587.7143,48549678.00,54603663.00,692165,1101931,80775.3333,155257.3333
2026-03-03,114183,67406,41282,62708,31852,30577,-10200643.00,2868721.00,45238513.00,25340008.00,213072.6333,126405.4333,171605,85760.5714,39593851.00,26524487.00,682330,1079081,86329.6667,175410.3333
2026-03-02,139667,66526,71909,53221,26523,33939,3894264.00,-4250828.00,42701046.00,26942038.00,219047.8333,129863.3333,169528,100693.1429,26080446.00,34225538.00,659715,1041503,90948.6667,196838.6667
2026-02-27,211922,108394,92115,96849,56219,44712,-3968549.00,143612.00,51601981.00,26187924.00,215615,127861.1667,158430,94148.5714,35468687.00,31356526.00,703142,1117407,79385.3333,172003
2026-02-26,174642,84069,80093,78578,30272,46886,1084951.00,-3580716.00,39716538.00,27985879.00,213338.8,127078.4667,152654.4286,93537.5714,26375257.00,31040924.00,692254,1089510,74573,152817.3333
2026-02-25,203952,80383,103046,81369,39640,32554,4514358.00,-6699016.00,52119751.00,32594629.00,210578.2667,126240.9,169682,107416.8571,30688222.00,41901596.00,663512,1053312,86984,157017.3333
2026-02-24,137415,73704,62814,53941,32473,32304,3886942.00,127866.00,34364568.00,26802108.00,213414.4667,127164.5667,192869.5714,150020.4286,23345602.00,27104678.00,644757,1027398,119434,152921.6667
2026-02-23,117085,69632,43725,58754,28547,31619,-2795816.00,-1269541.00,37554592.00,31315771.00,214016.6,127293.9333,237241.8571,172294.7143,28422994.00,26896719.00,625325,999642,117084,158638.6667
2026-02-20,216552,117616,104941,89380,57365,44286,2452199.00,-3295745.00,41913564.00,48998932.00,210123.2,125479.2,244759.1429,175800,32483913.00,38066257.00,700288,1236028,104476,131192.3333
2026-02-19,125128,171054,52360,52343,83381,57802,-319208.00,14299197.00,27293580.00,442780483.00,210145.6333,121930.8,251935.5714,163190.5714,227684449.00,122251999.00,700515,1217823,106637.3333,197198
2026-02-18,134236,62582,59309,62142,26467,30028,-1525540.00,7214623.00,34024734.00,64771647.00,211431.4667,122974.8667,284373.8571,180350.4286,47478420.00,42112717.00,697953,1196241,209753,252362
2026-02-17,134213,79792,57027,62565,29703,36178,-3426760.00,-1513833.00,31388107.00,80571155.00,213287.4333,124941.6667,307104.7143,206156.7143,50863011.00,46917234.00,676458,1152056,258339.6667,350188
2026-02-13,323145,177538,156741,133132,68797,70786,6047351.00,-4033657.00,66044916.00,119250091.00,208498.4,121400.5,311469.2857,210274.2857,46205032.00,56286040.00,737628,1345807,246544.6667,332197.3333
2026-02-12,299728,371929,106490,156859,101147,95204,-17183816.00,-2239222.00,74610572.00,753518388.00,201989.6667,111009.7,299057.5714,172145.1429,110193588.00,126591262.00,758365,1259262,150164.3333,290742.3333
2026-02-11,427691,225552,177028,206753,92512,101857,-8354762.00,-2805489.00,98439901.00,144505051.00,191544.6,105218.5667,289672.5714,167608.7143,92923347.00,93107702.00,753821,1192447,135880.6667,268613.3333
2026-02-10,269173,142153,108759,125703,57057,65119,-4295578.00,1933542.00,90075863.00,49062008.00,188912.0333,103786.9,281960.1429,168962.2857,64679669.00,58450549.00,697931,1104771,175308.3333,276665.3333
2026-02-09,175363,82788,79816,75902,35273,37418,4382980.00,3169221.00,69105960.00,42653312.00,185131.2667,101995.8,286510.2857,172631.5714,48926929.00,50140688.00,674144,1059958,216499.3333,336110
2026-02-06,361304,182701,171260,156228,83610,83577,7284083.00,-747720.00,116134293.00,75532539.00,177287.4333,98243.5667,256175,156955,83558611.00,91590414.00,711562,1201918,190607.3333,286624
2026-02-05,293329,260436,116610,143491,88535,143419,-13550028.00,-30005765.00,86626878.00,410608293.00,170815.4,91740.1,231010.8571,127113.1429,140649625.00,260742572.00,725530,1129941,168394.3333,309513
2026-02-04,353697,206361,144878,170767,83625,93771,-9180076.00,-6801706.00,126568623.00,164839199.00,165681.4,88269.4333,193414.5714,104930.8571,128531264.00,125513263.00,683948,1061413,150150,263342.6667
2026-02-03,212846,105025,75023,101630,44483,41206,-6981186.00,1903482.00,70125267.00,102355265.00,165034.6,88235.2,193160.2857,105524.1429,74754357.00,65566589.00,664472,1015660,151299.3333,261465.3333
2026-02-02,361996,193797,130910,187125,84610,82139,-25231058.00,3336300.00,136833218.00,129764965.00,160147.7,84535.8,160375,87076.2857,132136105.00,104284191.00,619225,933914,111022,190452.3333
2026-01-30,215186,151628,72372,102719,63198,70140,-7132084.00,-687326.00,62411373.00,47594443.00,157248.1333,81329.2667,149512.1429,72922.8571,47183132.00,40738374.00,653885,1019609,77660.3333,157783.6667
2026-01-29,207214,108473,93508,92754,46558,47101,-8103374.00,2133763.00,57852800.00,60757039.00,155775.0667,81145.2667,143957.8571,71936.1429,50627549.00,40390412.00,646249,991885,58531,118886.6667
2026-01-28,148957,72965,65817,65763,30978,30971,-5108861.00,-327999.00,50104519.00,28308854.00,160855.6,84118.6667,163962.5714,85295,35843035.00,31062173.00,632256,957867,70602,139589.6667
2026-01-27,117180,51543,47449,53821,21346,22545,-4411024.00,-379068.00,40097653.00,21429167.00,170444,86972.0333,192783,102255,28588395.00,24556439.00,617040,935290,74975,144696
2026-01-26,90523,51085,36915,41937,14965,27705,-2039231.00,-1319979.00,26430376.00,15430675.00,170503.2,86763,195413.5714,101861.2857,18263137.00,17543885.00,595506,904685,75464.6667,160903.6667
2026-01-23,211066,109178,89568,93142,42624,53997,290151.00,-855899.00,50325974.00,21610983.00,167542.9,85192.1,180455,94919.8571,30344984.00,31491034.00,634072,951040,72927.3333,146659.6667
2026-01-22,132499,64662,55363,60736,24812,30352,1103737.00,-5951616.00,41912786.00,44436401.00,168982.5333,85241.5333,178831.7143,93576.1429,31951800.00,39354853.00,628726,930612,106865.6667,198823.3333
2026-01-21,139146,52554,53256,64112,23202,24428,2471003.00,-1355331.00,38900376.00,25481417.00,172961.8,87514.1667,190739.5714,100556.1429,26781771.00,30608105.00,620165,917530,146102,258749
2026-01-20,168334,101566,76233,73344,40208,46983,-3362883.00,-1935184.00,59123042.00,45764624.00,174767.1667,87931.2,185998.8571,96548.5714,44693739.00,43262820.00,579581,889110,128356.3333,238950
2026-01-16,288990,166477,119776,137765,71142,76517,-12070964.00,1751706.00,101764297.00,67135690.00,172878.7333,85953.6667,158964.5714,81791,83048774.00,69661854.00,798578,1290384,93060,178072
2026-01-15,318923,170263,124679,157795,77064,79282,-12556166.00,-2069564.00,113136100.00,129314314.00,167019.3,82654.5,131375.7143,66696.5714,100855024.00,119410267.00,767714,1232000,54724.3333,112143
2026-01-14,108937,48329,45535,52150,21699,20797,-5739457.00,-1160903.00,51112550.00,18769397.00,168373.9333,84561.9667,140500.5714,73207.2857,33448414.00,28869860.00,764297,1212591,72419.3333,149997.6667
2026-01-13,106356,60588,48320,43577,24280,28838,6132854.00,-1669932.00,50218613.00,25339905.00,170531.5667,85027.4,152434.2857,84379.8571,30026550.00,38174336.00,753844,1192232,76727.6667,159595.3333
2026-01-12,121136,55256,57040,52061,20486,27024,2508080.00,-1038183.00,58736405.00,19403292.00,179737.2667,89337.9,160768.2857,86672.2857,33434098.00,36980361.00,742559,1170009,79367,152466.6667
2026-01-09,222501,101414,89811,111672,45708,41508,-1982069.00,-1069917.00,58886040.00,20008388.00,176551.1,89060.9333,143906.1429,80785.2857,35635421.00,34723269.00,781342,1242872,67096.3333,120233.3333
2026-01-08,135149,73513,58416,61621,28600,32742,-4409206.00,-2972923.00,57709097.00,36986340.00,177641.9,89292.4667,140933.2857,77686,42465408.00,41029125.00,765439,1229921,73893.3333,132787.3333
2026-01-07,99750,63174,39511,44472,29892,26689,675441.00,1826734.00,51257868.00,19118084.00,182100.1333,93474.6,153854.1429,82833,30265910.00,29114617.00,751078,1217417,99100.6667,162834.6667
2026-01-06,125801,64602,51305,60575,26980,28728,-3475227.00,1638459.00,62690223.00,20692429.00,188188.0667,101271.1333,144731.1429,77754.8571,39281728.00,34168042.00,732422,1193151,101334.3333,180725.6667
2026-01-05,172811,93904,82122,68685,32269,49241,8826739.00,-5115129.00,87770306.00,32415929.00,189158,101197.1,138042.2857,74359.1429,45812689.00,59754557.00,715492,1157837,90101.3333,157944
2026-01-02,189892,138796,84914,76422,68395,57496,3662293.00,1222745.00,74223521.00,49041454.00,187741.3,99430,125081.7143,63864.2857,51930999.00,58859297.00,745003,1215941,61108.6667,132759.6667
2025-12-31,179474,71303,76125,85810,31924,26171,-2942759.00,1459322.00,60605176.00,29317970.00,189245.7667,103145.5333,127967.8571,68284,40185368.00,35783287.00,744620,1205245,70408.6667,136333.6667
2025-12-30,104466,60205,42501,50466,22167,29346,-3756532.00,1756390.00,51626420.00,23490242.00,193353.9,107520.5667,140678.7143,74540.1429,36112870.00,30599948.00,726255,1188237,60025.3333,122158.3333
2025-12-29,114339,51818,45520,47769,22332,22899,-320595.00,-260598.00,67830792.00,17745583.00,200803.1667,111792.3333,155114.4286,78968.2857,38268245.00,38877048.00,711395,1165718,66130.6667,126041.6667
2025-12-26,190196,99203,82569,84376,38585,46949,-5948890.00,-1440215.00,51049372.00,21617988.00,199157.4333,110368.9667,146257.7143,72715.2857,33794114.00,29285439.00,743507,1235148,54840.3333,95699
2025-12-24,61940,29055,27732,26500,11153,13406,-164383.00,-848560.00,20473223.00,8050146.00,200593,111203.4333,160698,83272.1429,12508434.00,13192611.00,743399,1223803,79235.6667,141611.3333
2025-12-23,125989,70134,51013,59288,27444,32264,-3375351.00,-3035284.00,45985599.00,32750114.00,203519.2667,111923.5333,185752.8571,96419.7143,34479567.00,34139500.00,725275,1210495,90523.6667,164095.6667
2025-12-22,99168,65332,40679,45847,24444,33218,-5781429.00,-3797883.00,47171295.00,26867573.00,212297.2,117456.9667,229419.1429,106678.5714,33443985.00,31460439.00,700342,1182709,96351.3333,202836
2025-12-19,199677,102241,90186,83121,38641,49392,4182904.00,-1892394.00,94817056.00,29178477.00,222044.3333,123936.1667,214079.4286,98474.7143,46706541.00,52786589.00,861305,1388052,80748.3333,179010
2025-12-18,193442,103998,85481,80690,45077,45987,6709304.00,256716.00,66601642.00,51917167.00,223745.4667,126230.0333,203910.1429,92482.2857,49103555.00,59320587.00,846911,1370484,80400,168870
2025-12-17,215389,82815,86796,99492,35230,36386,-4166824.00,-418613.00,78725196.00,34900232.00,220194.1667,125976.0333,198238.5714,90100.8571,51701249.00,47953038.00,836399,1341450,106850.6667,197531.3333
2025-12-16,128199,55432,60707,50471,20458,27642,3313634.00,-2267431.00,52920773.00,24517205.00,219245.5,126220.5333,216856.4286,99429.5714,30536975.00,36634080.00,831493,1316939,134088,289742.3333
2025-12-15,163022,102953,58129,84326,48665,44413,-5085188.00,-2616217.00,84120870.00,56596532.00,224423.4,129459.4,225352.5714,101018.7143,64073947.00,60846559.00,812190,1290006,114708.3333,266168
2025-12-12,301373,162167,113379,151655,78114,67952,-16644412.00,4048092.00,101554248.00,62680903.00,218919.9667,126870.2,215490.2857,93159.2857,84244516.00,63552964.00,839973,1363319,81336.3333,206462.6667
2025-12-11,404832,137144,152603,205477,64929,55599,-29266421.00,5662816.00,159928659.00,57497335.00,208379.6667,124184.4,178105.7143,83751.2857,114933101.00,79967308.00,816692,1298482,57670,130081.3333
2025-12-10,92299,44814,38877,43747,16788,19324,-3167780.00,1996792.00,52808034.00,20932937.00,209939.6333,124459.1,186288.1429,92428.2857,34079091.00,28914519.00,807156,1287626,82976.3333,185489.6667
2025-12-09,122257,62051,53302,56162,21387,28336,-3918528.00,284209.00,107810339.00,17438426.00,213511.1667,125698.2333,193263.5714,94214,58469375.00,54266638.00,798082,1273998,100318.3333,218902.3333
2025-12-08,175688,66145,68570,61482,25165,33361,6774567.00,-1683981.00,136697932.00,23896254.00,218756.5333,129043.7333,224923.4286,111132,55348562.00,63810803.00,783692,1238475,113987,237785.3333
2025-12-05,258524,120733,104464,135033,54323,54817,-3905923.00,-1290998.00,97268375.00,30231161.00,217667.8,129243.5333,206122.2857,107185.1429,59965975.00,57351050.00,845991,1318990,97505.3333,199324
2025-12-04,222495,114077,104723,90717,53310,49645,6645173.00,-2150000.00,127067511.00,26700060.00,219814.6667,131068.0333,198319.1429,102382.5714,64199101.00,72508802.00,818172,1303610,94664,175017.6667
2025-12-03,232337,107151,99666,92981,39498,54283,10458223.00,-4307486.00,147191057.00,30542626.00,216215.1,129903.2,198484.8571,114023.5714,72975104.00,85336313.00,805727,1285503,83797.3333,154600.3333
2025-12-02,143140,71288,70481,59285,30488,33493,4884468.00,-495991.00,79424316.00,26893197.00,217557.3333,130804.5667,222099,146482.1429,46501609.00,51882068.00,788731,1267338,121558.3333,239322.6667
2025-12-01,149576,105553,71818,64707,53252,43610,-1250344.00,3084168.00,77892718.00,34488700.00,221198.2333,133569.5667,229575.1429,144500.7143,54327574.00,49993168.00,756492,1240378,117409,231769.3333
2025-11-28,171085,74551,68410,80541,34279,32340,-2853138.00,3188768.00,92945406.00,18806947.00,220612.6333,135587.7667,226190.2857,146105.2857,50655372.00,42822916.00,849485,1317871,119378.3333,230698.6667
2025-11-26,397307,184571,196937,158516,79858,86028,23793493.00,-9045820.00,207253622.00,62660989.00,215446.3,133100.0333,201519,145847.8571,103941054.00,136576527.00,803555,1288485,120734,176095.3333
2025-11-25,126916,93105,54775,58398,37797,46401,1333256.00,-285547.00,63021744.00,44038374.00,216248.8333,134045.1,215918.1429,159898,48659274.00,50278077.00,784658,1269347,189198.3333,236603
2025-11-24,167873,80459,89433,66167,27980,43115,-47765.00,-4783234.00,66183433.00,35475141.00,216622.6667,135431.5667,240195.8571,174114,43495007.00,48230476.00,768017,1222831,192939.6667,247948.3333
2025-11-21,233497,188638,107892,106388,80240,93315,-2375949.00,-8911445.00,85081604.00,85654212.00,221234.8667,138584.5333,226956.8571,155237.4286,74317532.00,81478696.00,937743,1455314,158654.6667,219246.3333
2025-11-20,308439,298498,127871,150811,140021,132773,-15449022.00,17859102.00,135912009.00,476079444.00,215288.1667,132395.6,197895.1429,120321.8571,328767558.00,239941292.00,930487,1405297,120078.3333,191302.6667
2025-11-19,201909,91683,86256,76664,37525,45674,15149793.00,-6598886.00,111497092.00,75540497.00,213055.4333,132384.7667,199590.5714,120329.5714,72355051.00,96020195.00,920080,1405318,153336,199903
2025-11-18,147391,85783,65308,57630,37283,36488,-2761737.00,-271509.00,79143083.00,57193635.00,213150.2667,133191,230321.2857,141122.7143,62432436.00,59942208.00,906178,1360794,184732,263378.3333
2025-11-17,224608,182769,96313,108292,96127,68647,-30517387.00,12039007.00,160617706.00,132899001.00,212585.5,132408,268533.1429,157386.7143,161756552.00,109025158.00,862739,1320037,142643,235450.3333
2025-11-14,227710,191456,111606,98151,87978,87874,8100603.00,-1480895.00,86216584.00,77522020.00,218434.3333,136155.7667,270928.2857,154723.5714,70492112.00,80073679.00,918156,1414896,96854,194549.3333
2025-11-13,337817,179971,129799,167555,76539,71745,-27731111.00,980355.00,145189109.00,103103200.00,218900.1333,136894.9333,238218.7143,139755.5714,127119612.00,97906635.00,892481,1376020,67442.6667,153202.6667
2025-11-12,140824,56502,75228,55438,22897,28348,28755529.00,810622.00,108797903.00,24624892.00,221269.2333,140324.5333,232349.4286,140650.5714,37693107.00,90138014.00,887851,1356749,125720.3333,227096.6667
2025-11-11,105007,54089,46096,49190,23420,24554,-4016626.00,317372.00,56673501.00,24794665.00,232681.9,147559.5667,262828.2857,161512,40148789.00,35814791.00,872724,1343953,206563,356124.6667
2025-11-10,213777,91737,104978,84600,39771,40601,8209380.00,-732307.00,231222006.00,35061034.00,242044.7,155390.9,251755.8571,160476.8571,94805138.00,127708981.00,849741,1318102,233588.6667,366357.6667
2025-11-07,362506,231335,160221,174626,94966,112738,-1573039.00,-5135651.00,199220995.00,93781580.00,240761.9333,152997.4,212629.7143,135510.4286,126017418.00,141353397.00,921567,1432805,181542,281805.6667
2025-11-06,492091,296617,189052,261680,138064,126362,-46713903.00,17596147.00,224674856.00,135273714.00,233198.3,148313.7333,162202.1429,100715.8571,195810038.00,132386731.00,891837,1356272,103592,151021.6667
2025-11-05,244476,172814,109828,105965,70745,80093,2652366.00,3346062.00,163880490.00,67128878.00,231166.6,146979.6333,160048.8571,90203.1429,103225480.00,102418984.00,825995,1297784,112693.6667,175649.3333
2025-11-04,108850,75195,42702,55618,36467,29560,-3755970.00,5849643.00,99216068.00,45988335.00,233971.1,148141.1,192077.2857,103248.1429,71628302.00,62025274.00,802385,1272301,115792.3333,184789.3333
2025-11-03,99739,62767,42668,47062,26678,27792,198560.00,1861511.00,101561053.00,37717417.00,235155.5333,151989.9333,210094.8571,112385.2857,63768495.00,62105544.00,775327,1248070,113726.6667,181084
2025-10-31,318359,200119,166180,128603,77389,89563,12202877.00,878154.00,219773481.00,62162282.00,237662.5333,152145.3,205600.8571,107912.8571,122489008.00,132291951.00,847081,1339565,64705.3333,121330.3333
2025-10-30,136270,84491,54810,59412,37411,32038,-5221008.00,1196921.00,94700431.00,32551620.00,244745.5333,155804.7667,203898,106157.8571,55141290.00,48723361.00,817929,1321361,69616.6667,152374.6667
2025-10-29,88623,56570,36127,44063,24853,24329,-4899027.00,-1049783.00,79221061.00,30304879.00,247614.5667,157080.7333,217438.5714,112123.4286,53074649.00,47545305.00,812408,1317436,106263.3333,233850
2025-10-28,139098,53055,50557,76881,20194,27085,-6799789.00,-2568474.00,118222602.00,21058767.00,248648.7333,158153.8,234539.2857,131473.1429,67634995.00,61099480.00,802145,1303063,130820.6667,262771.3333
2025-10-27,229403,99225,107010,101772,39878,46371,15870734.00,-2709751.00,226631034.00,40154025.00,247898.9333,158503.0333,223698.4286,136597.7143,113212888.00,132861963.00,780823,1273597,154016.3333,281937.3333
2025-10-24,333049,166510,146572,147965,70134,81577,11636816.00,-4385406.00,147116172.00,39344364.00,251977.6333,159450.9,210736.7143,128516.1429,76319805.00,92433267.00,866539,1377384,122581.6667,212371
2025-10-23,225862,126727,97527,103243,49357,59960,7037223.00,-10268439.00,127636883.00,44305082.00,254669.8,160354.2,200041,127763.2857,64833402.00,80297536.00,849361,1356114,113115.6667,198219.3333
2025-10-22,286901,168812,103517,149258,76017,66747,-11338587.00,10683555.00,157900056.00,97841606.00,260754.0333,161236.5,184639.1429,121083.4286,119225535.00,98005893.00,829621,1321305,119679.3333,188853.3333
2025-10-21,124350,72206,48995,61970,31980,30668,-8390996.00,841954.00,78098883.00,25035403.00,266986.4667,165393.9,219998.1429,151229.2857,51108691.00,41721241.00,804682,1298578,140643,198575.6667
2025-10-20,183407,98329,94020,65406,35893,47745,13121084.00,-2296592.00,114099105.00,36513670.00,286517.7667,173998.1667,212374,153300.8571,58182295.00,73579971.00,778425,1259134,144513,218212.3333
2025-10-17,258803,188503,113881,119578,81601,76860,-6242957.00,-14296.00,125860316.00,72684626.00,299634.1667,176544.2667,194677.4286,139423,90029324.00,82760663.00,933774,1389557,122164.3333,182275.3333
2025-10-16,153517,135097,65677,62005,55754,56323,478455.00,8140042.00,87204637.00,69590243.00,302050.3333,175562.6667,194208.7143,135833.4286,66275794.00,58614207.00,904090,1354647,117816.3333,190799
2025-10-15,242317,109939,108989,104395,58700,42371,-3162542.00,4855939.00,113795695.00,39660689.00,299675.0667,174402.8,189258.4286,142882,70855667.00,62804384.00,883798,1331065,175579,233981
2025-10-14,150992,121457,64470,68295,49936,61111,-949610.00,1881460.00,107945436.00,54914146.00,303216.8333,175474.2667,225284.5714,168943.7143,73786843.00,71615773.00,872753,1308353,172703.3333,226996.3333
2025-10-13,179088,122053,73596,83137,52477,55554,1349092.00,629631.00,132863858.00,55719271.00,305477.3667,175524.6,249956.4286,180385.5714,79358359.00,80077820.00,845450,1267256,162471.6667,212276
2025-10-10,371863,283227,165614,176468,116149,139703,-24302501.00,1247071.00,227160392.00,100891060.00,303026.2333,170351.5333,227104.1429,162694.5714,161142964.00,135714992.00,946346,1323753,104719.3333,138400.3333
2025-10-09,130038,112830,56410,55215,46542,47391,4040936.00,-3935193.00,116207523.00,34306036.00,309268.4,170485.7,272439.7143,185310.2857,58434046.00,66410175.00,927401,1305394,120202.3333,164276
2025-10-08,134927,91358,65579,54332,35574,43733,13580156.00,-4631297.00,120883701.00,30858009.00,310838.7,169710.1667,323830.2857,218927.2857,58526528.00,76737646.00,915410,1294661,191046,253692
2025-10-07,150236,109970,46836,86888,46628,47983,-3486554.00,3501940.00,195299874.00,48741933.00,312988.2667,169134.8667,348657,226007.2857,153979694.00,56892800.00,897058,1279786,221771.3333,320877
2025-10-06,207665,159279,78519,103170,72630,65841,-29316744.00,-27638.00,254689222.00,53816165.00,322054.9667,169435.2667,356873.7143,225554.1429,161107456.00,121269511.00,848309,1253339,221808.3333,322287.6667
2025-10-03,403175,303889,176743,179743,133077,134110,2518283.00,-892715.00,261031218.00,80471388.00,317230.5333,163335.3667,325495.1429,201111.5714,148927156.00,152338154.00,952715,1380781,210892,337025
2025-10-02,351791,202146,157208,156232,80743,93221,5043680.00,-3355668.00,236630408.00,56254361.00,317899.4667,163154.5,302808.5714,187953.4286,124474424.00,130985772.00,919070,1359474,252402.3333,384648.3333
2025-10-01,211897,159390,81894,100719,62877,70283,-3771844.00,-1035073.00,164900953.00,43747600.00,322968.3333,162738.6,291862.1429,190645.1429,83271750.00,83607125.00,910225,1344413,252449,422023.6667
2025-09-30,447387,271140,179718,219440,102441,136063,-901303.00,-6121636.00,335402544.00,92197059.00,315165.5667,157506.7333,284173.8571,181165.1429,184586344.00,192956581.00,844580,1305587,214104.6667,361288.6667
2025-09-29,494661,326677,221275,224011,120590,164761,23256009.00,-20702912.00,359747685.00,124187755.00,311260.8667,151363.3,263330.8571,162250.5714,186067584.00,237958815.00,747426,1206550,149476,257576.6667
2025-09-26,324023,159530,132315,147361,54831,81605,-7043249.00,-2642369.00,77030483.00,29171627.00,312545.2333,150522.6667,241998.1429,153010.4286,49198333.00,44797453.00,852419,1318873,132979,213897.3333
2025-09-25,265182,156107,104455,107309,70518,64629,352135.00,4226928.00,247634696.00,46853079.00,318575.2667,151012.7667,228418.2857,142887.5714,103926265.00,127314562.00,829293,1267418,140354,170594
2025-09-24,183525,132791,81861,81270,55302,62738,4583388.00,-376781.00,121409849.00,36752718.00,318075.6,149480.1333,231758.8571,139589.1429,68009122.00,72969291.00,794040,1248067,164350.3333,240608.6667
2025-09-23,192985,110039,92481,84082,43589,52612,2022016.00,-1789784.00,113666718.00,33313431.00,318441.7,149522.9333,269248.1429,151718.7143,65318927.00,69130727.00,778478,1221836,192429,292533.6667
2025-09-22,135272,178232,60115,60809,68968,88583,4903561.00,-3267691.00,98919457.00,56460100.00,331885.9,152309.4,293727.4286,148232.1429,65923464.00,75230100.00,734340,1194688,164634.6667,305674.3333
2025-09-19,393569,204780,173926,174031,87058,86024,17926028.00,-1920466.00,198986625.00,36337596.00,334162.7333,152657.7667,304564.4286,146875.1429,94969198.00,115669078.00,1027952,1445059,124790.3333,231192.3333
2025-09-18,348760,194275,160053,152211,72226,95720,16922835.00,-3951429.00,203311312.00,41323574.00,332275.9333,149333.5667,299216.2857,147254.1429,96713785.00,119561846.00,990372,1397888,96599.3333,183908.6667
2025-09-17,174694,94849,82808,76863,41629,37155,-940604.00,-170318.00,81099163.00,20123619.00,333343.8333,149556.9333,384166.5714,184626.7143,46534380.00,45764094.00,977536,1391485,129965,277480.6667
2025-09-16,170123,85247,80585,71445,37948,38571,4888162.00,-835415.00,88857187.00,21506114.00,338220.0333,151747.2,453048.2857,210289.4286,46577433.00,52301010.00,965688,1375794,152824.6667,322982
2025-09-15,206909,109702,85880,102673,45509,51766,-4955572.00,2950216.00,97232126.00,30654523.00,350223.4333,159863.1,455775.8571,209710.4286,61909974.00,54004186.00,921154,1335898,181351,410488.3333
2025-09-12,455410,194946,204573,211757,91607,78036,-5367312.00,2354769.00,145203160.00,35083291.00,349330.7333,160399.3,415154.2857,192595.7143,83815233.00,76093152.00,1035173,1537155,182011.6667,362459.3333
2025-09-11,306627,153826,159648,122873,73762,65937,6352433.00,-1204194.00,181479139.00,33502411.00,346843.7333,160520.5,408099.7143,192563.5714,77675498.00,120434337.00,1007693,1519264,249555.3333,516699
2025-09-10,469428,195281,194735,232700,87412,88076,486514.00,-536062.00,252833704.00,47110038.00,335054.5667,156427.5,376310.5714,182318.1429,134842476.00,137085262.00,976334,1487586,272757,577654.6667
2025-09-09,311323,196928,137315,141933,82273,87918,3101322.00,1920344.00,169910273.00,56213458.00,329325.1667,152756.9333,374454.2857,172476.2857,97081342.00,100595500.00,932328,1450125,242330.6667,549214.3333
2025-09-08,769346,356457,349474,353145,144511,174507,59142784.00,-8827224.00,479180679.00,86277640.00,315544.1,146526.9667,309876.7143,138247.4286,219187990.00,298234604.00,855482,1397555,148559.3333,349785.3333
2025-09-05,652295,264886,273181,310581,142185,102214,-10155534.00,4242699.00,159188505.00,61687915.00,302680.5,140634.1,242696.8571,110134,108379896.00,93981663.00,916087,1476151,111464.3333,218102
2025-09-04,226002,105649,105330,97660,41407,50794,5264563.00,-2157529.00,72890333.00,26092748.00,302746.9333,139975.6333,241085.5714,108285.7143,40516946.00,47939038.00,892516,1426248,117435.6667,225069.3333
2025-09-03,171059,75143,74107,75686,27726,33857,1090681.00,-1006905.00,50992185.00,24479287.00,306302.8667,143374.3,285172.2857,121592.5714,30256104.00,32549931.00,871335,1387146,135066.3333,267492.6667
2025-09-02,257245,153601,120916,108430,74759,60566,-310107.00,3976977.00,85664800.00,48793572.00,308189.2333,144287.6333,285343.2857,116919.8571,62255521.00,57968437.00,830118,1338014,122817.6667,287512
2025-08-29,246904,123563,102271,121106,51832,56711,-2205960.00,-881146.00,64326307.00,27488715.00,322121.0333,152972.8333,303194,127370.8571,41334101.00,40009287.00,904284,1477127,104327.3333,265889.3333
2025-08-28,298329,128035,135221,130893,57097,59563,656759.00,148188.00,64756374.00,30673262.00,325467,155396.5333,312570.2857,130067.7143,41799181.00,42662692.00,880428,1474909,92552.6667,238020.6667
2025-08-27,317303,116855,131164,151159,56775,46358,-7017554.00,5428799.00,98582325.00,30172007.00,332457,158288.8667,297713.2857,129686.1429,63166639.00,50615526.00,840259,1426882,109698,292141.6667
2025-08-26,182036,68092,75163,88210,25802,33304,3389299.00,-918358.00,58202641.00,17760291.00,334622.4,160481.1667,325639.5714,140297.8571,30008013.00,34315670.00,827890,1398923,127298,317610.3333
2025-08-25,214723,92711,89673,105227,40091,43360,6332739.00,860196.00,87223722.00,22025035.00,335765.7,161390.5667,346758.2857,146240.7143,46656105.00,52128648.00,790685,1332485,161967.6667,369989
2025-08-22,479666,168291,206397,230406,70599,82095,-3109151.00,-2499942.00,145976174.00,29922763.00,339104.1667,166645.5333,341960.7143,146600.5714,81848279.00,78535705.00,885840,1448339,154841.6667,331421.3333
2025-08-21,258442,120892,110038,114040,51618,46623,1046657.00,2298274.00,76559399.00,54525986.00,345938.9333,168942.5667,329116.8571,141732,48977233.00,47725616.00,849838,1409327,152605.6667,316375.3333
2025-08-20,371859,196720,155779,173515,78665,96198,-6547381.00,-2840979.00,132975212.00,74770325.00,343418.9,166234.0333,305132.4286,129532.4286,96424309.00,92717907.00,826238,1340838,134490.3333,318262.3333
2025-08-19,363963,146913,147780,175394,70002,61754,-13996324.00,2794761.00,149559409.00,47589894.00,343469.2,165433.9,330080.2857,145948.5714,97444321.00,80653236.00,795663,1293394,130289.6667,317792.6667
2025-08-18,213304,114184,80740,102521,42259,58049,3270936.00,-2059103.00,92712747.00,31800158.00,345130.2,165792.1333,365590.2857,160383.8571,50720400.00,56050439.00,759900,1242321,149165,395385.6667
2025-08-15,377520,142374,161515,183361,53308,68141,-1486366.00,-2653262.00,137745463.00,29249440.00,347815.7,171383.3,353395.4286,153551.7143,77865087.00,75972983.00,950773,1551432,130644.3333,325724
2025-08-14,362554,134311,159017,165220,57224,64187,5124944.00,-284351.00,108999792.00,33190465.00,366588.6,180057.7,331135,148871.5714,60946475.00,66355770.00,927832,1527509,122981.6667,272862
2025-08-13,446083,170810,185481,204044,75791,66769,-11565027.00,9739148.00,218522558.00,64608685.00,381005.7333,185650.8,312610.1429,146035.1429,132236344.00,110932169.00,878541,1445057,153320.3333,303700.3333
2025-08-12,168535,86812,69554,80871,38928,37968,-4416580.00,697408.00,103021447.00,24802408.00,408319,193713.3,369535.2857,184087.5714,61528347.00,56414359.00,859375,1416356,196126.6667,401480
2025-08-11,203968,111323,79629,103228,46632,49172,388315.00,-1000327.00,133456773.00,30372959.00,410265.4,194092.7,401629.7143,198331.7143,73451076.00,74839718.00,830438,1374019,190535.3333,430876
2025-08-08,538598,261826,244818,244722,109491,125291,17111150.00,-3626496.00,231870922.00,53693627.00,398921.1,188310.8333,357832.4286,183422.5714,119612780.00,142788826.00,896740,1489646,137110,320253.6667
2025-08-07,461874,215231,235018,175814,106516,87344,37260145.00,1354288.00,216140472.00,46128892.00,396119.9333,185688.7,308386.5714,163031.1429,100516822.00,134527713.00,853623,1455586,115684.6667,271765.3333
2025-08-06,292156,94549,134560,130284,39199,43655,4103352.00,1144461.00,151567283.00,24878917.00,397306.6667,187382.5667,286570.1429,161925.7143,85164775.00,76813866.00,835492,1428017,201894.6667,363383.6667
2025-08-05,206731,101550,78252,103328,42014,42305,-2790829.00,1814609.00,80621898.00,29180638.00,396847.6333,186731.6333,307882,171641.1429,48405948.00,43800510.00,826095,1393397,238388.6667,437349.6667
2025-08-04,316409,150955,163038,117316,59931,75195,21212715.00,-128251.00,135215223.00,40196188.00,396732.8,186484.5667,300736,162661.8571,69781343.00,91122309.00,785031,1337764,240557.6667,409219
2025-08-01,567011,353179,272281,234652,160464,151104,4068369.00,6979018.00,188629475.00,84959910.00,387825.9,178918.3333,252305.1429,124478.4286,124245771.00,121240732.00,866528,1447657,146995,258799.6667
2025-07-31,428629,211032,183821,204955,97431,92777,696503.00,2257663.00,160257225.00,45608955.00,378998.9,174644.0333,230749.1429,119631.4286,95967490.00,94509519.00,853569,1418334,105588,162403.6667
2025-07-30,232017,157462,98751,108483,61988,58357,5811333.00,1043240.00,121991964.00,47074079.00,377255.1,173049.9667,242437.5714,122994.1429,70551832.00,75319925.00,798627,1353993,109620,203702.6667
2025-07-29,115753,72491,46694,53804,32111,29467,-2046369.00,2087551.00,81337352.00,25854753.00,380524.1667,175530.7,320881.1429,167512.4286,48366664.00,44232744.00,774978,1330282,114823,253914
2025-07-28,139441,86811,65983,56219,36318,39042,8127804.00,2402671.00,94576673.00,27693216.00,380636.7,174912.5333,357919.2857,183788.8571,52750788.00,58007784.00,750247,1303254,114517.6667,283432
2025-07-25,355914,169558,171307,146836,66680,80431,11350507.00,-2364872.00,111236463.00,30728208.00,376079.7333,172960.0333,382360.5714,188655.5714,55563566.00,69278945.00,831198,1471053,117032.6667,257373
2025-07-24,266387,88100,120638,122850,38534,37968,-2865083.00,568761.00,87848090.00,24740463.00,374792.2333,173416.9667,379590.7143,195192.8571,53054877.00,48436093.00,823528,1438271,147999.6667,273189.3333
2025-07-23,227995,85895,104487,102880,36301,38545,4032575.00,-712768.00,78306188.00,29739050.00,379715.0667,178618.1,382594.5714,200064,43125066.00,55760709.00,809374,1378162,247407.6667,418810.3333
2025-07-22,277737,177103,122908,123841,78474,76477,3620412.00,3510527.00,131996672.00,55939054.00,389152.3333,181467.0667,425749.2857,221326.4286,84609209.00,85785094.00,780133,1330723,255288.6667,459134
2025-07-21,313836,181001,133036,153225,85543,74474,-13473210.00,1606510.00,181334165.00,48214050.00,393451.5,181723.8,447127.7143,222583.8571,114309702.00,99229982.00,747744,1235213,262830,530189.6667
2025-07-18,664858,384119,305317,297774,171163,166707,22873185.00,-2082337.00,409469530.00,79141547.00,378198.5333,171552.0667,394470.5714,184204.5714,213846083.00,238162576.00,956576,1481516,179410.6667,390903
2025-07-17,398708,200746,175500,179321,79811,96517,3822816.00,-7056446.00,239464177.00,41161672.00,377595.5,169952.4333,389722.5714,173085,126183357.00,131342619.00,927591,1447573,152493,341007.6667
2025-07-16,527003,203625,242984,215653,78078,102513,8864537.00,-7339741.00,271204444.00,50516851.00,367490.1,165795.5,352027,161843,136224077.00,152198905.00,891154,1411046,193264.6667,358613.3333
2025-07-15,246998,133861,106816,110384,59472,61343,-5160070.00,329278.00,122005301.00,29840105.00,364113.9,164319.7667,382182.2857,187021.2857,72447320.00,64332467.00,861904,1392239,211912,430775.6667
2025-07-14,249022,119993,103211,110813,46668,50889,3402090.00,2533273.00,131094171.00,29956404.00,360592.3,162097.0333,478856.4286,226242.7143,63667901.00,64536718.00,821794,1332107,210402.3333,446521
2025-07-11,579820,325940,255046,266364,153386,142026,8030954.00,-719453.00,202837183.00,51996024.00,345148.1667,152563.2667,521538.8571,228051.7143,111973960.00,120724367.00,895362,1488011,142725.3333,375071.6667
2025-07-10,463485,189803,230618,189402,75603,89415,13858303.00,97593.00,171139495.00,34129946.00,336201.8333,148852.3333,596460,247892.2857,86090545.00,101048415.00,867195,1449123,121101.3333,308288
2025-07-09,296258,115464,125856,136181,44028,55588,2031270.00,-1070218.00,114839591.00,28767840.00,332408.7667,147454.4667,591617.4286,248926.7143,63782854.00,62423142.00,854231,1420340,185983,362230.3333
2025-07-08,365472,122909,163556,165109,54226,57079,-6061406.00,49456.00,139053205.00,35598442.00,325373.9,145524.9333,567731.2857,243992.5714,82474078.00,76418216.00,832394,1367437,276527.6667,548986.6667
2025-07-07,263134,124931,113081,121952,51833,55712,5729367.00,636878.00,127073119.00,32068136.00,324770.2667,144954.9333,584117.7143,245654.8571,68221853.00,73320493.00,807677,1321653,347751.6667,754141
2025-07-03,458085,310109,177449,237267,143296,138188,-14905110.00,5241076.00,141224646.00,54369178.00,314562.3333,137900.7333,565499.5714,222120,98763823.00,78618379.00,930767,1507024,353944.3333,930757
2025-07-02,925741,394543,458724,379359,170489,188759,34051274.00,-9964612.00,601601212.00,96767217.00,289197.5667,127967.6333,460816.5714,177474.1429,285153838.00,351848076.00,831445,1447975,263331.6667,709630
2025-07-01,878597,338603,385135,413754,147891,149364,1277142.00,2180211.00,433931904.00,91372943.00,265634.8,119313,380011.8571,149608.4286,239598394.00,237768190.00,778954,1329119,179920.6667,482854
2025-06-30,987933,328687,477305,429051,135271,156627,31481111.00,-5587105.00,537916646.00,87716718.00,239277.6333,111879.1667,281707.7143,120680.5714,270820260.00,309398248.00,680709,1225717,115880.6667,279489.3333
2025-06-27,262360,122705,115908,121482,53923,55370,-4596921.00,870349.00,64157802.00,15147506.00,236975.2333,111276.0333,267630.4286,114980.2857,38385436.00,32918166.00,757296,1305567,123434,301288.6667
2025-06-26,198269,88370,94102,85040,38232,38036,-2182682.00,310314.00,77094779.00,16796696.00,243824.9333,114063.1333,264978.1429,118018.8571,44136979.00,40695633.00,737349,1275172,121318,299519
2025-06-25,377839,136567,160437,172234,59321,63715,-20928248.00,221262.00,216874795.00,25528971.00,239031.5667,112709.7667,241547.5714,119496.8571,116221359.00,96398529.00,712044,1211391,123643.3333,277894
2025-06-24,327758,145365,162922,132750,57176,67063,12276370.00,-4487326.00,172720576.00,29384887.00,237290.1667,112373.4333,215127.4286,108482.7143,85336998.00,98239894.00,682668,1190220,117252.3333,268576
2025-06-23,192960,82022,81035,90802,36791,35527,2050628.00,728058.00,78720891.00,17415895.00,244942.4,115005.6667,218876.7143,112620,42541811.00,44378081.00,659671,1135491,117512.6667,258862.3333
2025-06-20,312964,143543,142325,137265,68843,59456,5793791.00,1661215.00,114936805.00,21378152.00,239854.8667,112373.2667,206705,106657.8571,59415772.00,63548348.00,878450,1373188,106211.6667,214442
2025-06-18,299804,126192,145999,125514,49938,58765,2297550.00,-2530929.00,112545051.00,24053165.00,234946.1333,110566.9,217544.4286,123191.7143,59507941.00,64336420.00,840752,1345923,113118.6667,185782.3333
2025-06-17,163819,82803,67330,78639,39072,33549,-1637302.00,718453.00,52969554.00,14479758.00,234838.6333,109808.2333,274263.8571,148873,31152930.00,28797175.00,821295,1318463,108273,178781.6667
2025-06-16,179703,109640,85395,75585,37858,55377,10396275.00,-3264822.00,69588785.00,20128720.00,241899.2333,111244.6667,311850.7143,160167.7143,33006685.00,46667782.00,784793,1277993,108720.6667,191949
2025-06-13,213825,146913,82327,105239,60587,62452,-8127337.00,876946.00,76894823.00,19345022.00,251303.3,111158.9667,310914.1429,150461.1429,46257851.00,37138568.00,852379,1364278,93685.6667,196594.6667
2025-06-12,142817,68266,61123,65446,28165,32429,1458436.00,-279787.00,53107106.00,10131304.00,257044.1,114498.6667,344885.5714,162531.2857,26840089.00,28578312.00,843430,1350619,151573.3333,274215.6667
2025-06-11,219205,110983,102110,90960,41769,45498,5901507.00,-577724.00,86995664.00,21127699.00,254252.5,112470.7333,345547.8571,157950.4286,41649632.00,48128863.00,829561,1339670,202103,388099
2025-06-10,227762,101808,94721,106276,47120,44353,-1418876.00,-134651.00,92363727.00,19167607.00,252149.5,110843.1667,333826.4286,156204.8571,49154147.00,47869922.00,819986,1307750,231068,459782
2025-06-09,375680,241929,158591,173473,105693,111207,1872716.00,2079652.00,112619371.00,53479340.00,248693.3333,107282.7333,300639.8571,129259.4286,74632877.00,74425941.00,799217,1244554,176747.3333,403645
2025-06-06,560855,262572,262448,244904,117782,113139,10440747.00,-2310573.00,226726156.00,43648362.00,236670.1667,103013.5333,237160,97453,111388393.00,133567273.00,789655,1292999,140142.3333,343565.6667
2025-06-05,442811,188703,201918,189925,80780,87959,-2532369.00,-2690179.00,196389753.00,41347969.00,228865,100883.4,201772,81706.1429,103416022.00,103573832.00,745775,1253969,103547,270575.6667
2025-06-04,207269,78967,86694,99488,31209,33338,-9949676.00,-1990821.00,86564135.00,21063410.00,227520.3333,100614.3333,198228.7143,80929.1429,51589316.00,43630461.00,723535,1213952,107087.6667,250056.6667
2025-06-03,380617,152757,180346,157122,59061,76145,13650455.00,-2555537.00,179308701.00,33503828.00,217530.9,98084.9333,165915.7143,68395.7143,85434503.00,101595592.00,673883,1186617,73939,170975.6667
2025-06-02,223841,78917,98481,101969,29786,36792,2910834.00,-2881264.00,78741907.00,19521352.00,214672.8333,98984.2,168942,72526.2857,39925559.00,45717657.00,648586,1122940,60942.3333,135194
2025-05-30,145712,89589,72850,55193,35233,43746,4392382.00,-1513881.00,38414580.00,14105576.00,216121.8667,99877.8333,169818.4286,73796.8571,20530185.00,26436448.00,692493,1219715,57237.6667,151655
2025-05-29,143374,53311,60000,66591,22156,25721,-2465995.00,597513.00,38290690.00,9134965.00,215940.4,100882.9,172879,79973.8571,22447109.00,19383601.00,681932,1198365,63976.6667,164685.6667
2025-05-28,116496,39927,52437,49857,16717,15263,-4360121.00,1092179.00,47711311.00,7600840.00,217744.1333,101865.8,180767.2857,85550.5714,26583154.00,21130854.00,673203,1170008,72342,177329
2025-05-27,195095,78475,81772,91895,27667,40197,527972.00,-1075635.00,66038168.00,13818041.00,220371.5,103601.0667,181070.5714,89435.8571,34640266.00,36243873.00,649426,1118679,82127.3333,193972.3333
2025-05-23,182466,73528,82399,81395,31980,33523,-2431464.00,1012919.00,49132179.00,10251134.00,220583.6667,105286.1667,182616.5714,93876.2857,27222232.00,23686772.00,720190,1194477,90445.6667,183766
2025-05-22,154426,65023,70683,66304,22909,34245,4342538.00,-1907783.00,58726390.00,10818301.00,225318.6,107807.2,218235.7143,109156.2857,26673282.00,32923603.00,709080,1180862,100954.6667,187223.3333
2025-05-21,245025,107831,106145,107209,50569,44679,-3236038.00,-47899.00,101404728.00,19355133.00,223500.0667,107130.9,216666.1429,107461.2857,53101239.00,49918100.00,690922,1165103,91332.3333,162786.3333
2025-05-20,151847,98483,62993,71287,41154,46450,-102302.00,933320.00,71305596.00,25187046.00,226472.5667,107108.7333,234333.1429,112717.2857,44786533.00,43750911.00,668999,1156062,93728.6667,177910
2025-05-19,164798,96550,72938,71511,37184,44451,7644486.00,-835134.00,66676447.00,16119496.00,233440.7667,112652.2,271151.5714,121922.8571,29569389.00,38049009.00,637038,1116375,96415.6667,187406.6667
2025-05-16,171714,78964,80042,75039,30568,40398,557528.00,-1011378.00,52956241.00,10768158.00,237265.7667,114588.8333,269526.4286,119866.7143,26857957.00,28426863.00,824996,1327409,127422,264755.3333
2025-05-15,197218,105672,88446,87531,49094,43746,277359.00,1221583.00,59009809.00,18521950.00,235943.9,113525.5667,263144.1429,115056.5714,33146161.00,32201937.00,807443,1281162,124186.6667,277028.6667
2025-05-14,193288,104611,75103,98453,47345,47667,-23526925.00,815890.00,111872478.00,21963800.00,235438.8667,112137.7333,258473.5714,108689.7143,73828627.00,49485812.00,778711,1274960,134408,304438
2025-05-13,403760,171983,206461,152709,69318,83655,14663629.00,-1558625.00,194668818.00,27862877.00,228711.7,109711.7667,256725.1429,105939.7143,90479913.00,106702167.00,733636,1286009,130743.3333,310693.6667
2025-05-12,234038,95966,106071,101056,41636,41113,825848.00,796057.00,87682759.00,14595417.00,229613.1333,114057.2,294140.7143,112850.5714,44291443.00,44321234.00,706297,1259327,120278.3333,286127
2025-05-09,275516,135275,119436,129390,59818,58730,-3081423.00,859260.00,84394624.00,19264119.00,227571.9333,112259.3333,299787.1429,117590.8571,51810263.00,39821440.00,765648,1357843,99187,245135.6667
2025-05-08,422527,160989,190509,181024,70409,71996,747217.00,-452267.00,185045508.00,20726598.00,220941.2,110327,258777.1429,101756,93903249.00,87536153.00,727086,1357369,65538.3333,157824.6667
2025-05-07,160338,64571,64354,78425,26403,31288,-1162214.00,-1044828.00,36934096.00,9201703.00,220894.1,110350.9,259396.2857,100100.2857,20442716.00,20325330.00,715493,1342110,94925.6667,234885.6667
2025-05-06,152542,72001,67917,63177,25232,33726,1989802.00,-1348379.00,34706086.00,10127813.00,224626.7,111920.6667,276461,109116.7143,17171104.00,20509285.00,695825,1295432,119039.3333,349354
2025-05-05,160594,60043,72698,68423,22145,29288,2584280.00,-1016932.00,35475518.00,9778298.00,225745.1667,113582.3333,282113.2857,119752.8571,17856665.00,21457877.00,677559,1248270,155177.3333,400836.3333
2025-05-02,391521,152733,191630,160510,67390,70217,5993807.00,-124237.00,74113223.00,16183763.00,218268.5,111632.8333,255989.7143,115762.2857,36884218.00,43002262.00,790382,1415014,120981.3333,315481.6667
2025-05-01,495947,144342,200305,238888,63416,60975,-5309612.00,2502120.00,93640059.00,20467533.00,207948.4333,110644.9333,208987.1429,105269.8571,54002490.00,46190758.00,775980,1366780,90527.6667,205056.6667
2025-04-30,315041,168457,133140,129880,74296,71559,1767654.00,761684.00,76823746.00,25383022.00,203394.5,107515,175543.2857,92186.7143,41289337.00,42295307.00,708676,1268186,79414,190708
2025-04-29,135457,50145,55481,61097,19776,23175,-1437275.00,255017.00,40241706.00,8588919.00,206626.4,109255.9,175920.7143,100151,21281369.00,19589077.00,684126,1223445,107531,212275.6667
2025-04-28,164672,52981,66703,75197,22156,23792,-5751411.00,697888.00,60175543.00,11071890.00,208056.8333,110772.8667,179422.2857,109210.5714,33621321.00,27172022.00,663020,1194460,131470.3333,226937
2025-04-25,271995,135116,120033,117358,66331,46417,-2146253.00,6257839.00,82906999.00,27492426.00,204753.6667,109274.5667,160270.1429,101831.5714,50216011.00,41811919.00,761630,1275436,110063.3333,191915
2025-04-24,200160,134496,95355,75673,59065,61706,4176383.00,-2109589.00,65664922.00,19557602.00,205795.5333,107687.6333,156048.4286,92534.1429,33697354.00,39983326.00,720073,1257627,90856.3333,152173
2025-04-23,208656,124799,100751,83588,51385,58556,5035161.00,-7722084.00,67569045.00,28321828.00,207711.3667,106677.5,165371.2857,93353.2857,34098907.00,49309152.00,678757,1234569,84555,128654
2025-04-22,166929,70895,86784,63044,33011,30898,5326963.00,1577140.00,35848130.00,11333121.00,217051.8667,108938.5,168500.1429,100951.2857,18988455.00,22738278.00,659042,1203788,99722.6667,136072
2025-04-21,80934,76875,30591,39837,31721,34927,-1698034.00,422738.00,18329839.00,12688470.00,224657.7667,110455.6,199291.5714,110062.5714,14577485.00,12456713.00,622223,1182324,101918.6667,155070.6667
2025-04-17,138099,105895,61514,61215,46307,50658,2702854.00,1296393.00,27350888.00,16559695.00,226580.1333,110024.4333,206773,107440.7143,18768663.00,20175124.00,746857,1421485,89758.3333,165907
2025-04-16,189183,116398,73023,98672,51672,52738,-5176198.00,-905601.00,39280992.00,16546314.00,225594.1667,107888.4333,214178.5714,104786.4286,27145925.00,22875328.00,727159,1403707,94470,194151.3333
2025-04-15,137930,83463,53689,71298,30415,41266,-2231309.00,-2039316.00,35099514.00,13491591.00,229954.7,109213.1667,247880.5714,130413.7143,22218905.00,22026912.00,693584,1400235,108009.3333,211118.3333
2025-04-14,170608,69414,74503,78756,29308,32031,-1177961.00,2728448.00,42380027.00,14068804.00,232775.4,109591.5667,264431.4286,140077.8571,27185276.00,23278867.00,677190,1383697,131756,253073.6667
2025-04-11,273916,130533,134294,114907,48579,61832,5944038.00,-1488930.00,67251724.00,26925403.00,232053.1333,108313,247809.4286,131969.4286,36341034.00,43774002.00,752670,1459116,117425.6667,225258
2025-04-10,188831,124081,83288,88612,55874,57959,-2256842.00,-2004640.00,39770712.00,24341526.00,234451.1667,108047.8667,246281.7143,123240.1429,29680097.00,29427895.00,729331,1435322,108671.3333,242655
2025-04-09,296474,140654,154688,116926,66393,62518,8587929.00,3516099.00,77873061.00,30027281.00,230893.3667,106283.9,232777.5714,117318.7143,47278769.00,52350599.00,698328,1406107,149404.6667,268445
2025-04-08,190469,87542,81668,93130,38682,39307,-2234725.00,-2424817.00,46544756.00,25091794.00,232700.366666666667,108192.533333333333,242865.000000000000,137145.428571428571,32185264.00,32375356.00,680420,1383765,165911.666666666667,300443.333333333333
2025-04-07,241022,97818,108818,110753,41203,47556,5914330.00,-3304735.00,62608792.00,33737018.00,232033.666666666667,108509.233333333333,239044.714285714286,134791.285714285714,39225676.00,48444741.00,659480,1335918,157897.000000000000,272623.333333333333
2025-04-04,373844,262854,153905,189599,123844,116067,-6649156.00,-2053737.00,86781460.00,75445122.00,226671.066666666667,103610.766666666667,217582.000000000000,111957.714285714286,77195662.00,72600243.00,699181,1386985,91271.000000000000,207387.666666666667
2025-04-03,286464,137063,122725,135212,66938,56788,-1925155.00,5913247.00,49064742.00,41878513.00,225588.233333333333,102914.500000000000,199362.142857142857,101704.142857142857,44778535.00,36940133.00,692105,1333531,78651.333333333333,179214.666666666667
2025-04-02,157562,73774,68940,72603,33243,27451,-889548.00,-239952.00,30124146.00,17059872.00,225853.466666666667,102326.900000000000,214641.857142857143,108178.428571428571,20006929.00,19357333.00,673540,1305815,129503.000000000000,213721.000000000000
2025-04-01,178137,62976,79117,80755,27484,27224,1163452.00,-44893.00,30816672.00,13097891.00,227837.966666666667,103532.266666666667,216929.142857142857,114880.857142857143,18279481.00,19487826.00,662342,1265982,135624.000000000000,225768.666666666667
2025-03-31,201945,99204,89149,96525,41306,46850,1700090.00,-1988394.00,49706303.00,24226489.00,231121.833333333333,103220.833333333333,211968.571428571429,114172.857142857143,31450280.00,35138764.00,626133,1206640,136895.666666666667,232988.666666666667
2025-03-28,261081,226329,113578,124148,76535,117447,-3356488.00,-4409244.00,43997363.00,37895230.00,238752.500000000000,101668.366666666667,201292.000000000000,98226.571428571429,34746016.00,35798772.00,670642,1302764,83215.333333333333,198936.666666666667
2025-03-27,214280,81339,94925,99657,34104,38418,2386076.00,-391091.00,38512382.00,16359437.00,242032.400000000000,104151.133333333333,196169.571428571429,97258.000000000000,23335338.00,26112505.00,647230,1258915,95800.333333333333,215683.333333333333
2025-03-26,223605,103019,101261,95678,43919,42336,2097497.00,1208558.00,52143103.00,17613405.00,237915.633333333333,102274.266666666667,197428.000000000000,97165.571428571429,28332924.00,29221863.00,614508,1205157,98091.666666666667,205864.333333333333
2025-03-25,158925,65288,64791,74390,27340,28560,-5166525.00,-485842.00,46879511.00,11978047.00,237405.200000000000,101755.433333333333,204379.428571428571,101908.714285714286,27009288.00,22328605.00,587291,1175031,107745.000000000000,208629.666666666667
2025-03-24,264520,119094,118687,115777,51942,53517,-7820092.00,-870448.00,87176397.00,17659322.00,234695.033333333333,99957.233333333333,191290.857142857143,97776.285714285714,50771445.00,43605356.00,542472,1155988,106282.000000000000,182571.333333333333
2025-03-21,194148,109893,86963,87979,45413,54211,-1113132.00,-439804.00,31353632.00,11928375.00,231054.633333333333,97386.466666666667,196614.857142857143,94489.857142857143,19690152.00,19016824.00,674725,1353162,94504.000000000000,177329.666666666667
2025-03-20,167221,94248,70427,79741,45283,37023,-3136390.00,-1714455.00,39108573.00,17716634.00,229165.800000000000,95861.133333333333,210744.857142857143,94525.142857142857,26117795.00,24695860.00,656549,1339746,97212.000000000000,199060.666666666667
2025-03-19,186345,114705,89634,74314,47833,52060,1507981.00,-4408044.00,41321167.00,22878605.00,225842.333333333333,92785.233333333333,248001.857142857143,97956.571428571429,25526000.00,31442025.00,621035,1329524,91807.000000000000,206140.666666666667
2025-03-18,178423,74559,72303,82764,33520,27905,-1623803.00,1819583.00,37577862.00,13049685.00,222467.266666666667,92031.500000000000,266671.571428571429,104789.285714285714,23705668.00,20262282.00,598553,1280744,97009.666666666667,204299.666666666667
2025-03-17,232414,102372,112347,94871,41466,45667,-4505752.00,-2958283.00,61783818.00,17869422.00,217502.000000000000,90062.200000000000,261436.714285714286,103444.714285714286,36698945.00,35151476.00,565426,1268466,91848.333333333333,203967.000000000000
2025-03-14,207585,98490,100846,82468,30358,53532,3001736.00,-3203832.00,30699850.00,19225379.00,214916.233333333333,88207.600000000000,254582.285714285714,96848.714285714286,18052954.00,24258522.00,606251,1392258,90516.666666666667,223482.333333333333
2025-03-13,172900,90167,64058,93624,36172,42140,-3389917.00,538215.00,32619220.00,21218614.00,211610.533333333333,86230.066666666667,268274.571428571429,101568.428571428571,25622091.00,21674317.00,600575,1348090,106702.666666666667,314897.000000000000
2025-03-12,231416,86888,100087,108325,39416,40415,3141032.00,-1153125.00,43081069.00,21186212.00,206561.666666666667,84176.566666666667,271676.428571428571,100693.857142857143,27300281.00,31594438.00,582451,1312383,118536.000000000000,340795.333333333333
2025-03-11,266131,94495,115796,130670,34667,45028,2669021.00,-2320344.00,48858492.00,31804743.00,201970.833333333333,83872.033333333333,269693.142857142857,100362.571428571429,33307903.00,38297268.00,549415,1254385,118024.333333333333,317341.666666666667
2025-03-10,447144,138725,177888,225195,56295,70902,1378670.00,-1774757.00,103995013.00,41445440.00,190801.400000000000,81270.600000000000,243068.571428571429,97134.285714285714,64426729.00,67580156.00,502652,1109681,89222.000000000000,221495.000000000000
2025-03-07,309111,122388,129962,139311,48949,46213,-4511688.00,1166958.00,67734055.00,35072107.00,183733.366666666667,78775.466666666667,226015.571428571429,92183.857142857143,47635725.00,38575033.00,568903,1174113,89494.333333333333,208040.000000000000
2025-03-06,195770,92960,74941,97310,41258,39706,-2023006.00,640943.00,48068771.00,18670041.00,180471.666666666667,77260.233333333333,233002.571428571429,99589.714285714286,28706937.00,26042988.00,554620,1140354,85429.666666666667,227859.666666666667
2025-03-05,159604,52318,72414,68893,22939,21818,1763663.00,494103.00,44952207.00,13943919.00,179909.433333333333,77923.133333333333,241776.428571428571,107447.000000000000,24329262.00,25596882.00,545993,1112840,98715.666666666667,258741.000000000000
2025-03-04,268746,123205,124322,123307,47923,60000,7020356.00,-1160238.00,69162214.00,42607423.00,179979.766666666667,77558.600000000000,233807.857142857143,106403.428571428571,46223932.00,54404526.00,526548,1039872,96356.333333333333,256083.000000000000
2025-03-03,255229,80766,104504,127172,32286,41804,3313831.00,1272659.00,63270856.00,16497642.00,176089.166666666667,76487.066666666667,233629.285714285714,111461.857142857143,35663185.00,37704357.00,492505,978367,98679.333333333333,234253.333333333333
2025-02-28,252248,92176,117619,110745,33941,45114,-5859363.00,-198610.00,50097143.00,13525336.00,173613.800000000000,76185.533333333333,221239.428571428571,106314.714285714286,30983697.00,25322944.00,547941,1043230,116221.000000000000,231730.333333333333
2025-02-27,260772,116127,110118,123984,56051,49151,4397676.00,1166545.00,74602482.00,18988170.00,170587.066666666667,74769.766666666667,217939.428571428571,103887.571428571429,42359932.00,43416063.00,530563,1022600,113285.000000000000,218480.000000000000
2025-02-26,189740,87735,89518,83378,38790,38045,-313249.00,321960.00,53472652.00,17671805.00,165785.833333333333,72974.333333333333,233756.714285714286,104191.285714285714,32586554.00,31951345.00,502467,1002858,122673.333333333333,226222.000000000000
2025-02-25,244679,144801,95915,116635,52762,59541,-3446790.00,-1558614.00,61810191.00,40481736.00,159835.600000000000,69012.700000000000,268802.714285714286,109184.714285714286,43665486.00,42077310.00,456230,922235,113131.333333333333,229322.000000000000
2025-02-24,221021,107319,88517,105790,40462,53638,-953969.00,-2792197.00,55418183.00,29982659.00,154804.800000000000,66514.433333333333,281896.428571428571,116113.714285714286,35993932.00,38512160.00,416380,855436,96073.666666666667,210821.333333333333
2025-02-21,212966,115900,82989,106311,54738,43229,-3413680.00,2666751.00,58232968.00,24111964.00,149505.633333333333,64021.900000000000,265773.000000000000,106229.857142857143,39530885.00,33450454.00,535439,1073844,90486.000000000000,219056.666666666667
2025-02-20,253979,116175,107157,115833,49382,48316,-3571395.00,-134185.00,86691643.00,32633376.00,144438.900000000000,61703.266666666667,250006.285714285714,96736.714285714286,53919804.00,50482594.00,516920,1009408,81714.666666666667,234550.666666666667
2025-02-19,165519,56146,67864,78775,26065,24471,1759981.00,-650288.00,48310123.00,9838797.00,144123.100000000000,61022.766666666667,252534.285714285714,98022.714285714286,24494880.00,26905149.00,505506,976463,122917.666666666667,342711.333333333333
2025-02-18,237672,99137,103032,100009,50757,38547,-2483225.00,2313171.00,83577852.00,14584735.00,139293.400000000000,58908.600000000000,230714.857142857143,88541.714285714286,45333721.00,40438813.00,467251,900934,141812.666666666667,367713.000000000000
2025-02-14,300461,89861,144084,132878,42829,37836,-5625041.00,397756.00,96453410.00,14085042.00,131982.833333333333,57165.466666666667,203585.571428571429,82631.285714285714,53748481.00,47725684.00,557994,1005714,127430.000000000000,300926.666666666667
2025-02-13,490001,179755,234191,213696,81387,81178,19984708.00,1145769.00,244118155.00,20786066.00,117264.133333333333,52417.133333333333,145962.714285714286,60156.000000000000,116691404.00,129273469.00,528447,1002885,84086.000000000000,185463.666666666667
2025-02-12,312677,155822,140659,136590,60834,76808,1236000.00,447261.00,107615695.00,24170947.00,109263.133333333333,48349.966666666667,112319.000000000000,45316.714285714286,58545359.00,59334098.00,442647,899652,53861.333333333333,142309.666666666667
2025-02-11,100102,46713,38709,47666,19651,19734,-2748670.00,-393372.00,39485315.00,10103490.00,108069.133333333333,47717.900000000000,109941.000000000000,44828.142857142857,22254669.00,19899371.00,421203,871739,49213.666666666667,137254.333333333333
2025-02-10,143612,49723,48803,54319,17007,22211,-1604047.00,-758788.00,50007965.00,10211381.00,105547.833333333333,46621.466666666667,107998.142857142857,43846.571428571429,24811243.00,23965984.00,397047,823002,48802.000000000000,126235.666666666667
2025-02-07,183215,65148,75552,75379,30211,26020,1341368.00,2177355.00,80871519.00,10054486.00,101899.600000000000,46286.300000000000,92357.285714285714,38945.571428571429,42912784.00,34822459.00,443430,869673,34562.000000000000,94044.333333333333
2025-02-06,84936,32770,35216,40097,16669,11098,-2636121.00,2452466.00,41090424.00,7134340.00,105553.200000000000,47041.033333333333,91645.000000000000,37876.000000000000,23999760.00,19390363.00,435700,859102,40954.333333333333,91456.000000000000
2025-02-05,110556,48488,49398,46939,17984,22956,-1331054.00,156737.00,55317795.00,9538664.00,106511.033333333333,46594.800000000000,94195.000000000000,43143.285714285714,28890524.00,27402733.00,420403,845606,39222.666666666667,82422.666666666667
2025-02-04,86641,22428,34719,43008,8277,10650,-794062.00,-637176.00,31916518.00,4217469.00,110523.466666666667,47490.900000000000,97826.428571428571,48608.142857142857,16224900.00,16068014.00,410050,825399,46030.666666666667,96879.666666666667
2025-02-03,77171,51947,31067,37517,11524,30752,-2529178.00,-1913116.00,28174269.00,9791238.00,111187.300000000000,47031.566666666667,100669.142857142857,47977.714285714286,16461829.00,15845767.00,378409,811868,38995.333333333333,95732.333333333333
2025-01-31,83456,43293,32470,39503,19931,18135,-1066330.00,-209572.00,29765213.00,5886673.00,114619.700000000000,47355.233333333333,102735.285714285714,48579.142857142857,15734884.00,14878126.00,429766,857678,32992.000000000000,94563.666666666667
2025-01-30,130012,42852,49397,48241,16015,19096,-792736.00,-962694.00,44016308.00,6161090.00,113805.833333333333,47157.166666666667,104553.142857142857,52772.428571428571,20535871.00,20705829.00,414281,837384,47161.000000000000,94028.333333333333
2025-01-29,73729,30841,32869,31690,11993,13105,1026808.00,-513212.00,19931575.00,5206001.00,115666.333333333333,47455.033333333333,132714.142857142857,64405.000000000000,10035071.00,11575091.00,404520,822704,57108.000000000000,106805.666666666667
2025-01-28,79950,25283,36029,32588,9945,9670,2950057.00,-1419766.00,31673272.00,7270372.00,116045.966666666667,47632.100000000000,141080.000000000000,67738.857142857143,16627857.00,17409175.00,393662,800720,64525.000000000000,112512.333333333333
2025-01-27,128406,85359,55758,55906,35665,41078,-2206618.00,1921381.00,55997018.00,19424052.00,115955.933333333333,46639.133333333333,148163.000000000000,67420.428571428571,36199355.00,31941501.00,362234,775303,51906.333333333333,102350.000000000000
2025-01-24,112061,60682,49103,51293,26777,24378,969346.00,638960.00,49607632.00,7560912.00,116612.933333333333,45789.533333333333,156435.714285714286,69273.571428571429,25609383.00,26630209.00,405187,827235,55747.333333333333,112575.333333333333
2025-01-23,97070,47534,46573,43510,17927,24571,-2488415.00,-1505286.00,31812902.00,6930511.00,124569.400000000000,45874.166666666667,149097.571428571429,67321.857142857143,18279752.00,17296623.00,393042,811567,77325.666666666667,170504.000000000000
2025-01-22,97919,47503,38221,48180,21321,21362,-2209768.00,191227.00,44545657.00,7588149.00,129242.500000000000,45729.133333333333,144562.285714285714,64243.142857142857,23910100.00,21509105.00,378503,807263,77698.000000000000,184034.666666666667
2025-01-21,142737,72205,62945,59760,25019,36924,1079085.00,-99532.00,59647395.00,10755619.00,131181.333333333333,45286.000000000000,134185.142857142857,58552.571428571429,27876502.00,29055119.00,345738,775015,81339.666666666667,195784.666666666667
2025-01-17,270856,112269,111476,120965,47794,53883,-4580250.00,-1025567.00,98838405.00,18233865.00,124526.833333333333,42569.466666666667,103204.428571428571,48389.000000000000,51433280.00,47878597.00,534723,1088520,68468.000000000000,162156.000000000000
2025-01-16,138511,48620,54784,51599,18008,23278,1956186.00,-258762.00,35363140.00,6313406.00,123861.133333333333,42332.666666666667,97985.285714285714,48102.714285714286,15010652.00,17225600.00,526464,1062352,63552.000000000000,131220.000000000000
2025-01-15,177987,83130,82593,75241,32420,37504,-2059342.00,-298880.00,67462011.00,10393366.00,121447.366666666667,40526.000000000000,94850.714285714286,41331.428571428571,35131332.00,33341224.00,494531,1046427,44492.666666666667,93948.333333333333
2025-01-14,169970,73654,79126,73301,30998,33624,-1199487.00,-2611415.00,53595292.00,12665373.00,118758.966666666667,39345.400000000000,83823.714285714286,35911.142857142857,28874478.00,30286406.00,475551,1010197,30731.666666666667,60657.333333333333
2025-01-13,45703,33872,20350,19395,11533,17656,1082012.00,-527954.00,14407358.00,3445937.00,120127.033333333333,39301.866666666667,88886.714285714286,36439.000000000000,6535217.00,8145183.00,458978,999007,33149.000000000000,63420.000000000000
2025-01-10,66172,25952,25567,32844,11410,10884,767907.00,460861.00,15617666.00,3884517.00,122356.066666666667,40108.366666666667,86353.571428571429,38060.857142857143,8467968.00,8775014.00,483272,1051571,40037.000000000000,75355.000000000000
2025-01-08,70097,32371,27486,30575,13691,14611,1214205.00,461296.00,16008012.00,4574109.00,125241.300000000000,40519.400000000000,86717.857142857143,38266.000000000000,7646962.00,8399871.00,476419,1036102,41157.000000000000,104004.333333333333
2025-01-07,53991,41124,20149,27665,13611,23782,-2748830.00,407031.00,16915786.00,4808494.00,127123.100000000000,40752.533333333333,88188.000000000000,36355.571428571429,11348575.00,8192714.00,464512,1031592,39353.000000000000,116934.333333333333
2025-01-06,101977,46616,39172,47754,18664,18835,-3742720.00,354742.00,33714657.00,7373822.00,130801.500000000000,40612.533333333333,83330.285714285714,32100.428571428571,19296520.00,15199058.00,443762,1009691,36336.666666666667,109990.000000000000
2025-01-03,156045,35731,77113,60802,11929,17802,2725698.00,93043.00,34678214.00,3458905.00,130898.433333333333,40338.866666666667,71576.428571428571,34866.428571428571,15353721.00,17986376.00,480256,1043806,36861.333333333333,74121.666666666667
2025-01-02,92781,35712,41552,38239,12181,18953,670365.00,-831092.00,22798969.00,4306370.00,134661.066666666667,41631.466666666667,86114.000000000000,37680.714285714286,11179849.00,12681306.00,472613,1021727,36226.333333333333,67410.333333333333
2024-12-31,81144,37567,30429,38688,16877,13157,-1294646.00,608951.00,14404381.00,4968264.00,134822.200000000000,41772.866666666667,94420.714285714286,37328.428571428571,8559749.00,6656152.00,447519,992981,32954.333333333333,61789.666666666667
2024-12-30,48440,37305,17337,25016,9163,24141,-1194446.00,538192.00,9732034.00,3519541.00,135397.733333333333,41401.433333333333,117074.142857142857,39043.571428571429,6616980.00,4884342.00,422348,983431,26129.333333333333,68300.666666666667
2024-12-27,72647,33807,24617,38153,15427,14047,-987201.00,-251792.00,12498709.00,3775297.00,136799.033333333333,41478.066666666667,120565.428571428571,39666.428571428571,7213099.00,6477690.00,462133,1067550,33224.666666666667,68674.333333333333
2024-12-26,64282,27751,32784,23028,10382,14534,1864384.00,-2071033.00,18868066.00,5707271.00,138671.266666666667,42170.666666666667,138014.857142857143,43273.857142857143,8358321.00,13653738.00,448203,1054700,42445.000000000000,112095.000000000000
2024-12-24,67973,16830,33914,24981,5560,8634,2466838.00,122405.00,12670054.00,2310561.00,146229.366666666667,43898.733333333333,143389.571428571429,46142.428571428571,5311721.00,7656154.00,443433,1040985,48535.333333333333,135867.666666666667
2024-12-23,73768,55093,35765,30259,23760,27705,2939510.00,789285.00,15921714.00,5634390.00,150281.466666666667,43401.566666666667,151357.571428571429,43954.428571428571,8037419.00,11875839.00,408732,1017613,46608.000000000000,180283.000000000000
2024-12-20,194544,55412,90782,86292,23564,26614,6088910.00,-301781.00,65119183.00,7226214.00,147391.166666666667,42670.133333333333,136614.000000000000,40409.142857142857,30976797.00,36169458.00,517076,1173963,40859.666666666667,147797.000000000000
2024-12-19,139291,35101,53542,66726,17515,12339,-1579896.00,949028.00,29337083.00,6839345.00,154794.233333333333,43909.066666666667,134673.142857142857,43333.285714285714,16744340.00,14215416.00,509683,1147903,46827.000000000000,163509.333333333333
2024-12-18,207014,49311,89523,92467,20602,21322,-697099.00,-2050772.00,56382581.00,15739459.00,150845.733333333333,43116.266666666667,123924.142857142857,41316.571428571429,28191080.00,36069753.00,494025,1076767,42693.333333333333,129703.333333333333
2024-12-17,97086,38167,41698,44218,16059,18331,-1094862.00,565161.00,32223147.00,3630389.00,150921.900000000000,42923.766666666667,158021.000000000000,43017.428571428571,16381327.00,14721304.00,480661,1059485,43230.000000000000,140522.666666666667
2024-12-16,186428,53003,86802,81218,19817,25942,2984418.00,-977292.00,62071033.00,5097414.00,149144.500000000000,42553.000000000000,165404.428571428571,41610.142857142857,28020639.00,31982349.00,468040,1045598,35760.666666666667,108826.333333333333
2024-12-13,105596,36910,45977,48071,15684,17033,2119434.00,-961041.00,18754708.00,6261039.00,154764.433333333333,44605.600000000000,179019.571428571429,44753.142857142857,9574968.00,12655443.00,515032,1137936,41980.666666666667,115529.333333333333
2024-12-12,129544,39777,57501,57914,16203,17410,1991622.00,-288520.00,24408147.00,6664837.00,168476.966666666667,45767.433333333333,170687.714285714286,43466.857142857143,11660505.00,13940647.00,501174,1126666,40453.000000000000,116271.666666666667
2024-12-11,91339,30595,35002,41047,11333,14204,15224.00,1204696.00,16961214.00,4318662.00,167088.900000000000,45824.133333333333,174573.571428571429,45027.000000000000,9469179.00,8279707.00,487391,1102952,46945.666666666667,197746.666666666667
2024-12-10,125705,55570,54496,56570,20970,27448,332465.00,235806.00,37033630.00,6089343.00,166787.733333333333,46043.666666666667,171697.714285714286,41221.285714285714,18680218.00,18776877.00,463302,1079841,42806.333333333333,235215.666666666667
2024-12-09,131771,35194,49508,66873,17207,13548,-3697737.00,236417.00,34520760.00,4908926.00,164354.200000000000,45558.800000000000,165633.000000000000,41655.857142857143,19190115.00,15255961.00,446133,1057221,50712.000000000000,258259.333333333333
2024-12-06,335764,50073,161785,131427,20086,23582,3137277.00,-200406.00,63169065.00,5158081.00,154338.300000000000,44250.933333333333,130058.857142857143,39154.857142857143,27721531.00,31059214.00,503507,1110737,44278.666666666667,170078.333333333333
2024-12-05,238112,43152,88252,106774,20263,13472,-1715241,1148308,49512573,4955619,148022.066666666667,43496.766666666667,115049.000000000000,40154.142857142857,25150704,22287155,487863,1046332,43733.333333333333,130221.000000000000
2024-12-04,200902,58911,96801,79341,18771,32330,4454924,-1055138,61193596,7839454,143970.866666666667,42389.866666666667,108727.857142857143,38124.285714285714,30115325,32570387,464092,1021099,33739.666666666667,98445.000000000000
2024-12-03,71221,30773,32664,31627,14191,13620,1242739,-1044938,18996450,4682692,145213.066666666667,42516.100000000000,114331.285714285714,40602.142857142857,9488136,11775813,451189,994678,36227.333333333333,104477.333333333333
2024-12-02,118540,41516,60756,44934,10909,24641,1633898,-394962,25109165,3944753,145041.933333333333,42611.100000000000,127729.714285714286,40730.714285714286,11177268,13206128,425082,941597,33244.000000000000,93879.000000000000
2024-11-29,105574,28930,48044,41255,12258,13088,281167,-156306,20762952,3818414,145950.500000000000,42996.766666666667,135355.285714285714,40529.428571428571,10143556,10581029,463139,998122,40316.333333333333,103035.333333333333
2024-11-27,89318,38236,39195,35011,16381,17032,-774979,1431674,17230968,3635665,145570.333333333333,42726.433333333333,151975.571428571429,45708.571428571429,10231036,8024383,448683,978654,42471.666666666667,125480.666666666667
2024-11-26,86745,32566,34511,40155,10838,17633,-2739120,-252947,21492857,3442954,147508.966666666667,43149.800000000000,151866.000000000000,47029.000000000000,12064157,9577984,433485,964454,47655.666666666667,133380.666666666667
2024-11-25,133043,50147,53833,62466,21328,21159,-4296539,725099,42625739,5232942,148822.100000000000,42917.600000000000,142246.428571428571,43602.571428571429,23419029,18397391,411413,931805,45078.666666666667,159809.333333333333
2024-11-22,156654,44702,75527,61380,18944,20022,2392679,-73324,32579089,3317131,150040.366666666667,42242.066666666667,136251.000000000000,42374.571428571429,13937925,16403928,452592,993857,39351.666666666667,160575.666666666667
2024-11-21,110445,48118,45465,51486,24587,19884,-196196,589114,24750888,5656346,150127.766666666667,41611.800000000000,137680.142857142857,42433.285714285714,14154777,13369467,440865,979999,48142.333333333333,192314.000000000000
2024-11-20,212329,42416,105292,86581,21712,16276,6277907,202794,56221878,6741404,148726.700000000000,42012.466666666667,149449.714285714286,46184.142857142857,25429360,31504473,423316,929562,47940.000000000000,150197.000000000000
2024-11-19,158953,27521,63087,72786,9664,14322,-6543580,-454207,62514041,3837906,150540.466666666667,42741.966666666667,154646.571428571429,47992.285714285714,32306686,24200115,413410,919720,47487.000000000000,119114.666666666667
2024-11-18,205660,74490,107459,76958,23477,43894,7990166,-1599169,53555188,9038456,145731.333333333333,41465.200000000000,140671.571428571429,42132.142857142857,22744676,34016761,370443,878288,34692.333333333333,88790.000000000000
2024-11-15,85978,41809,46142,31944,14776,18438,646783,145982,11404233,4600317,144902.033333333333,40842.900000000000,180015.142857142857,46483.571428571429,6051171,6551972,543294,1015304,36932.333333333333,100280.333333333333
2024-11-14,65706,26162,27645,32522,9126,14337,-908507,871626,11033149,2461552,145159.900000000000,40745.866666666667,183279.857142857143,46392.857142857143,7044996,5264863,530537,1014480,51102.333333333333,176617.000000000000
2024-11-13,114686,36106,47605,52783,17764,14013,126354,51640,26210138,3235591,142773.100000000000,39900.066666666667,181092.000000000000,45862.285714285714,12518215,12592929,523111,1008080,52459.666666666667,203498.666666666667
2024-11-12,120449,48529,50119,54372,18396,25713,-857100,3242420,26489374,6409978,141064.466666666667,39559.033333333333,182900.142857142857,44912.428571428571,16702835,12603315,496912,975836,47439.666666666667,199294.000000000000
2024-11-11,294716,68672,141606,120118,31811,27335,2988123,-144294,82116995,8337080,133622.966666666667,38505.933333333333,179968.428571428571,49171.857142857143,37679718,40812135,462126,932176,48638.666666666667,221516.333333333333
2024-11-08,195331,40178,96972,77031,19289,17346,2888188,-506608,28351727,2671019,132912.233333333333,38472.066666666667,229338.285714285714,54093.857142857143,11910655,15305451,504378,1013733,43755.000000000000,185925.666666666667
2024-11-07,107835,33469,40568,51318,12910,17388,-1509391,-527359,14636329,2924996,130948.900000000000,37898.966666666667,221032.857142857143,53926.285714285714,7547186,6565154,494195,981743,43396.000000000000,183104.333333333333
2024-11-06,361383,72269,171043,145928,32175,32528,-5279437,-396302,84860547,6432100,120035.433333333333,35772.900000000000,186073.857142857143,52481.571428571429,42354241,37471106,469497,973402,33266.333333333333,107012.000000000000
2024-11-05,88559,25527,44959,28848,9694,13005,1013135,-386497,9805639,1506796,118179.400000000000,35596.766666666667,181817.571428571429,51784.571428571429,3877502,5277134,457740,956342,57586.666666666667,168890.333333333333
2024-11-04,99371,32392,40194,48940,15604,13014,-1307438,-329625,10801300,2502677,116956.200000000000,35632.000000000000,172662.714285714286,48705.285714285714,6413262,5435449,437689,913223,71666.666666666667,316073.333333333333
2024-11-01,133106,41880,58349,57955,16440,20383,2708171,-2786273,14507352,7153442,115013.400000000000,35015.733333333333,160594.000000000000,45654.857142857143,6880761,12375205,498637,1111623,68472.000000000000,288270.333333333333
2024-10-31,274194,98488,118253,133194,54711,33100,-2534017,6624290,35222204,20931566,109834.166666666667,32949.133333333333,132761.428571428571,35257.142857142857,30524927,21366620,498537,1062264,56361.333333333333,235762.333333333333
2024-10-30,540920,74632,242251,151407,31944,34744,1724279,-466679,63011711,8711870,94216.100000000000,31480.366666666667,70985.285714285714,29532.571428571429,29950935,32141893,459359,889697,38366.666666666667,75044.000000000000
2024-10-29,49697,32296,23229,20462,8202,19997,403023,-1092011,9774594,3681117,94046.400000000000,31059.600000000000,80086.571428571429,31256.857142857143,4917251,6412285,439251,874869,31213.666666666667,70240.666666666667
2024-10-28,116670,62156,48540,51790,15972,41089,1030712,-1334238,20725014,4841088,92185.666666666667,30188.533333333333,82395.285714285714,28163.142857142857,9602099,11967049,392103,844938,17337.333333333333,47559.000000000000
2024-10-25,58765,20648,24386,25081,9558,8798,994124,210515,9818564,2040437,95023.800000000000,30744.200000000000,85130.714285714286,29517.142857142857,4760241,5543850,428007,893378,19022.666666666667,54426.000000000000
2024-10-24,35287,10837,14505,17169,3739,5130,-1052644,-870071,5248715,1853510,97150.066666666667,31097.400000000000,100790.285714285714,34435.714285714286,3244269,3061696,425500,894421,26930.333333333333,78826.000000000000
2024-10-23,48625,20527,17384,26521,10667,8178,-912616,-1942369,7067350,3781838,98283.666666666667,31365.833333333333,118477.714285714286,37672.000000000000,4398414,5428167,420216,885119,34876.666666666667,100419.666666666667
2024-10-22,79366,25704,34860,36727,7498,16828,-221772,-1483168,10492945,3132157,97098.966666666667,31787.500000000000,134740.000000000000,37490.857142857143,5329413,6590809,403495,871147,39808.666666666667,118241.333333333333
2024-10-21,108487,34560,43114,54479,11455,20609,-16640819,-1482218,41701704,3438210,95568.600000000000,31413.833333333333,135394.285714285714,36726.571428571429,28349416,13190815,378879,872635,38330.666666666667,108050.000000000000
2024-10-18,113406,44366,51963,52611,14547,17078,-4987269,-1126325,28317157,4503094,93627.033333333333,30803.300000000000,143521.571428571429,38165.142857142857,16551064,12690120,439913,978976,38631.000000000000,118549.333333333333
2024-10-17,132831,40500,51657,66649,17005,19900,-2105969,-1284896,20666270,3962867,91914.233333333333,30285.033333333333,155026.571428571429,39437.428571428571,10708458,9887385,432398,954699,39524.666666666667,131751.333333333333
2024-10-16,77913,30126,37206,29015,13130,14435,-498606,-207236,10559485,2504850,90410.500000000000,29986.800000000000,152665.571428571429,40303.285714285714,5237054,4945684,419514,937629,37628.000000000000,170181.000000000000
2024-10-15,144904,45267,54946,72486,16982,26234,-14897888,-933969,52739977,3911910,87820.100000000000,29858.766666666667,140693.428571428571,37142.285714285714,31609543,17645624,401841,946814,32275.666666666667,159568.666666666667
2024-10-14,172437,43181,73519,84479,14839,25351,-11221047,-961494,49096073,5086469,84346.266666666667,29236.966666666667,126551.285714285714,34295.142857142857,30590463,20330910,374083,893274,36027.333333333333,158855.333333333333
2024-10-11,193202,24436,84771,85584,8931,13094,1602895,-1247004,31876945,3017992,79744.366666666667,28878.233333333333,105105.571428571429,32337.428571428571,14108173,16958072,417616,911046,44350.666666666667,165576.666666666667
2024-10-10,113067,29210,49316,50754,14304,11751,-781014,-774625,14382151,2972040,78360.666666666667,28772.566666666667,98837.428571428571,33635.714285714286,7846174,7839785,410477,890604,46676.333333333333,148349.666666666667
2024-10-09,170297,54436,91741,50616,19109,24503,22588711,-516535,61870332,5332150,74275.600000000000,27831.300000000000,84719.428571428571,31156.142857142857,14193698,37298944,395391,813755,36244.333333333333,111950.333333333333
2024-10-08,213366,49406,90943,97168,22009,22977,-1152650,-1413946,34391328,4255388,68340.533333333333,27197.000000000000,79097.000000000000,29692.714285714286,16995622,17256918,375494,786943,27526.000000000000,65309.000000000000
2024-10-07,61386,36187,23454,32366,11333,22894,-451086,-584792,5710101,2010575,71040.000000000000,27069.133333333333,77318.285714285714,26848.285714285714,3358222,3491928,356073,757629,19041.000000000000,59207.666666666667
2024-10-04,61099,23140,28938,26803,6682,13678,572176,-270940,5104044,1081123,70451.966666666667,26822.266666666667,73444.000000000000,24755.000000000000,2360405,3203521,406738,799919,24093.666666666667,61904.666666666667
2024-10-03,73442,23251,27232,37703,15137,6546,-13860917,361466,30841476,1594315,69096.666666666667,26847.900000000000,67649.142857142857,24325.285714285714,20328307,6619704,397191,817086,28703.000000000000,61247.666666666667
2024-10-02,43082,10732,14754,23534,4661,4594,-6329974,10535,11855808,790552,68987.800000000000,27005.533333333333,70448.142857142857,27570.571428571429,9110663,2770154,394454,819217,38179.666666666667,104890.000000000000
2024-10-01,69190,38298,28795,27487,21423,14566,2360273,346314,11957076,2185725,68845.533333333333,26332.966666666667,71252.714285714286,25441.142857142857,5603151,7617110,379420,817154,30839.000000000000,98138.333333333333
2024-09-30,71471,37079,28919,36381,13737,21838,-97678,76595,6573688,1691477,70037.500000000000,25745.733333333333,78016.428571428571,25357.000000000000,3904690,3730417,355699,785222,21308.333333333333,85641.000000000000
2024-09-27,174009,39162,89492,69988,20434,16758,5249322,-107200,23035602,2247267,68580.000000000000,25664.633333333333,63497.714285714286,24129.428571428571,8681446,14037968,382294,812005,15002.000000000000,38597.333333333333
