date,call_volume,put_volume,call_volume_ask_side,call_volume_bid_side,put_volume_ask_side,put_volume_bid_side,net_call_premium,net_put_premium,put_premium,call_premium,avg_30_day_call_volume,avg_30_day_put_volume,avg_7_day_call_volume,avg_7_day_put_volume,bearish_premium,bullish_premium,put_open_interest,call_open_interest,avg_3_day_put_volume,avg_3_day_call_volume
2026-09-25,629857,353146,280338,289154,165989,144069,-19545792.00,-78851.00,131955353.00,257520914.00,560327.3667,306414.3667,781240.5714,444965.4286,166939946.00,183887459.00,2951531,3155197,324893.3333,613578.3333
2026-09-24,790682,354793,362364,360298,152517,163128,22441084.00,-11831463.00,99966582.00,520939960.00,552253.8,306351.0667,718994.1429,423452,265127292.00,305906424.00,2874661,3032427,489751,809005
2026-09-23,532654,321247,243108,233360,141377,145766,-6537591.00,-4838261.00,77367107.00,205203292.00,546326.2333,302184.6333,716361.4286,423450.7143,124136200.00,121531731.00,2883470,3064762,504642,826437.6667
2026-09-22,517399,298640,217796,201978,114605,143172,41860862.00,-21238036.00,121199818.00,545844874.00,545481.1667,305184.7,716116.2857,422483,154586217.00,242650115.00,2800860,2924156,597524.6667,963674.3333
2026-09-21,1376962,849366,650616,576024,362890,400985,87534136.00,-24612147.00,185898432.00,910199164.00,513932.9667,283677.3333,571136,339136,398594621.00,514623184.00,2709892,2879235,430237.3333,750329
2026-09-18,584952,365920,246584,279268,165648,156012,-11879159.00,1527949.00,93682870.00,221947350.00,506939.0333,278515.1,577731.1429,333315.4286,149179152.00,126275313.00,3272796,3405876,376330.3333,673664
2026-09-17,929109,577288,424578,408239,260362,249382,13690622.00,-6840213.00,169759399.00,501342658.00,494327.2333,267620.5,582036.1429,314295,293346759.00,304475556.00,3119335,3275587,290980.3333,535369.3333
2026-09-16,736926,347504,335613,321185,163332,151122,18852431.00,1183905.00,60081973.00,214971160.00,515657.3333,271301.8667,572652.4286,307900.7143,116985645.00,134654171.00,3117240,3255103,272434.3333,461621.6667
2026-09-15,354957,204199,136434,163663,84301,84758,-7183087.00,1883724.00,77523123.00,116358490.00,520770.7667,272854.4,587604.1429,304752.7143,82730123.00,73663312.00,3074501,3196486,293013.6667,464002.6667
2026-09-14,514225,321238,209364,252937,139006,146439,-309167.00,2025786.00,80949107.00,188455924.00,518957.3,272529.4667,569840.5714,282875.8571,115140990.00,112806037.00,3039277,3139182,294326.3333,502967
2026-09-11,515683,291866,226110,235131,127606,136279,8602713.00,-7700659.00,45172446.00,156181229.00,518069.8333,271606.8,541080.5714,268933.8571,81374120.00,97677492.00,3103624,3270072,345086,650820.6667
2026-09-10,362100,265937,151203,170272,120253,103859,3043187.00,5512141.00,84768432.00,144776786.00,526380.8333,272402.5667,534947.2857,252625.4286,92933109.00,90647672.00,3051080,3233368,357355,753867.3333
2026-09-09,631118,325176,286774,267563,136416,150163,18227289.00,2539204.00,75882701.00,236017223.00,524526.5333,269731.9,516058.5714,243201.8571,126187545.00,140304030.00,3060669,3235040,309684,696701
2026-09-08,959244,444145,417627,431543,180510,210703,4593488.00,-37965100.00,176925163.00,534892887.00,514984.1667,266600.7667,443106.7143,210019.4286,288804730.00,332199768.00,2976827,3147218,217669,506913
2026-09-04,671240,302744,319713,273605,132276,124356,34769047.00,-3255295.00,84091192.00,206802666.00,526427.6667,277017,419471.2857,200582.4286,101735256.00,144289093.00,3023909,3237775,181511.6667,387954
2026-09-03,459619,182163,226242,188479,69387,86213,16810894.00,-4918011.00,77146764.00,138078209.00,524820.4333,280775.7,411234.7143,197282.2857,68936849.00,90665754.00,2987164,3154914,171383.3333,341136.6667
2026-09-02,389880,168100,156422,191632,74141,75887,-8065220.0000,-898644.00,41610958.00,79708008.0000,522929.2333,282362.9667,429685.5714,215823.2857,56396368.0000,48504192.00,2989197,3109699,201753.6667,377475.6667
2026-09-01,314363,194272,130442,141097,87126,72639,910964.00,3696478.00,69527713.00,86712536.00,526706.9,283527.6667,444196,224806,68471595.00,65686081.00,2932576,3050846,207619,422215
2026-08-31,319167,151778,131829,142728,68183,56851,-665483.00,1938018.00,44513462.00,81564279.00,530348.6333,285551.9667,461015.8571,246411.2857,52041123.00,49437622.00,2925051,3030582,235921.3333,484423.3333
2026-08-28,498897,259211,212767,229882,122039,105612,-4750671.00,7539057.00,72846090.00,111563223.00,531328.8333,293637.2333,475617,256740.8571,87059779.00,74496051.00,3007643,3157644,202538.3333,452112
2026-08-27,448581,211868,210791,189213,97960,93589,9197453.00,6181519.00,71481196.00,143538852.00,531517.7333,295621.4667,484568.2857,277446,94243925.00,97259859.00,2972681,3099864,231211.3333,475597
2026-08-26,505792,236685,216392,245097,92543,111486,-2930962.00,-5131366.00,98230538.00,126486257.00,533105.6,295165.5,484132,279107,80663905.00,123664309.00,2957880,3057445,238033.3333,445645
2026-08-25,401963,159062,174494,184920,68598,70475,2539410.00,-1346323.00,66119776.00,148057850.00,533065.4333,295369.5667,495204,289127.8571,92171984.00,97027717.00,2905487,2935990,286017.6667,457292.6667
2026-08-24,519036,297887,220235,233318,121600,129805,-13237703.00,-65811.00,111365276.00,159370176.00,528441.9,293510.2667,496467.4286,294477.4286,116052022.00,102826630.00,2841185,2845308,297228,484649
2026-08-21,415936,257151,170661,201157,119459,103243,-34132333.00,6607511.00,82976093.00,162053532.00,526544.5333,294168.9667,515401.5714,308155,129504557.00,89152295.00,3135506,3239075,330445.6667,516417
2026-08-20,436906,303015,169996,210772,124668,137758,-37149217.00,186869.00,169145840.00,234703818.00,528064.2,289480.4667,503676,292903.4286,179944097.00,173124201.00,3081820,3097199,312211.3333,538361
2026-08-19,601105,331518,245913,274430,153739,123357,-3136970.00,6883062.00,144195949.00,228075527.00,520074.1,284352.8667,488096.2857,301064,150237485.00,146746423.00,3092815,3097068,278108,497815
2026-08-18,511240,356804,192347,267571,158254,156651,-23866603.00,-9475897.00,142751863.00,211570448.00,517479.3,280543.0333,476564.2857,279255.5714,158493665.00,146232259.00,2975009,3005416,270951.3333,503361.6667
2026-08-17,502738,248312,219670,223064,110934,110035,-3989838.00,-6663382.00,69007527.00,214669567.00,515393.2333,276474.4333,458335.1429,273932.8571,118799102.00,121622646.00,2964893,2919237,305812,518607.3333
2026-08-14,479467,229208,185528,243277,110628,93857,-35693323.00,1954199.00,64391929.00,187225204.00,519126.4333,280750.5333,468519.1429,276967.4286,129328088.00,91910316.00,3056052,2995908,294827.3333,477060.6667
2026-08-13,527880,335334,254161,217136,147564,140412,-9893941.00,5340864.00,139087351.00,323006969.00,517261.4,276480.0333,589797.5714,294483.2857,194199777.00,179344428.00,2965352,2888896,312596.6667,465116.3333
2026-08-12,548475,352894,244211,241362,150291,157937,5893591.00,-5253631.00,153460516.00,253026539.00,515355.8,272644.3,584066.8571,279894.8571,154946502.00,161287724.00,2918018,2920336,263013.6667,425796.6667
2026-08-11,354827,196254,143295,152606,76281,90419,-7164120.00,-11922346.00,116054004.00,186556762.00,517546.8,272047.7,599066,296357.1429,120476980.00,120028874.00,2846918,2775983,267946.6667,432565.6667
2026-08-10,492047,388642,189361,254196,192596,153668,-25922327.00,2845756.00,93793658.00,256148431.00,513965.2,266552.6333,598639.1429,278577.7143,172178275.00,140581513.00,2746872,2722349,221882.6667,452135
2026-08-07,430516,204145,169258,197092,85203,95957,-15723640.00,-18823030.00,81131036.00,183380642.00,512081.1667,266409.1333,624484,290815.5714,113151364.00,110396654.00,2848634,2873469,306482.6667,767572.6667
2026-08-06,375134,211053,154348,167945,89855,77766,-4441460.00,5957331.00,90423962.00,175651815.00,509731.2333,263830.6667,653106.1429,295673.1429,106384205.00,95985414.00,2792436,2814343,319723.3333,811981.3333
2026-08-05,550755,250450,230884,241078,106813,112892,-13118979.00,35608.00,67674957.00,355971834.00,503141.7667,261183.3333,670565.8571,309924.7143,175105396.00,154021511.00,2819042,2885471,340070,781670
2026-08-04,1376829,457945,607741,520166,203137,202430,47091860.00,6484015.00,183140036.00,1104707097.00,470742.7,253154.3333,618811,332394.1429,479157819.00,520036244.00,2734250,2747472,275483.6667,485746.6667
2026-08-03,508360,250775,225865,214004,97926,121713,-28118002.00,-4644533.00,81826944.00,343361777.00,485653.6667,260972.8,604959.8571,338701.1429,182273854.00,159254442.00,2704653,2704237,288495.3333,520103.3333
2026-07-31,459821,311490,205371,211943,147913,130864,-4225630.00,-8302517.00,137152667.00,205522632.00,481398.0667,258125,586863.1429,325019.4286,153051444.00,153063331.00,2759915,2881729,266350.6667,558659.3333
2026-07-30,489059,264186,224527,199832,117782,118149,2481383.00,-1510314.00,100210425.00,231026117.00,478626.6667,257421.0333,578096.5714,320023.2857,132488590.00,135345462.00,2695619,2796116,295025.6667,619964
2026-07-29,611430,289810,235925,292569,128856,121811,-26794009.00,3310358.00,137938927.00,320548312.00,473047.2,256717.0667,551952.1429,308980,206561946.00,176335218.00,2651862,2766777,403499.3333,754335.6667
2026-07-28,575489,245056,230372,266042,106087,96225,329037.00,12061277.00,167902147.00,423497525.00,480342.6667,262337.1333,545211.2857,345653.2857,241925134.00,223111316.00,2582328,2607230,420122,699640
2026-07-27,672973,350211,219896,243632,145954,154895,-14574485.00,-377943.00,163861117.00,512040661.00000000,475951,265184,513964.8571,334393.8571,177208455.00,163497080.00,2549769,2579012,375291,586363.6667
2026-07-24,1014545,615231,410792,488648,276088,257222,-46768323.00,-20789323.0000,212963048.0000,429286048.00,449153.1333,250452.5333,448091,278361.7143,272962960.00,250023810.0000,2603385,2728425,246618.3333,390746.3333
2026-07-23,411402,294924,175823,177708,119389,127285,-11363417.00,450537.00,124746197.00,202889622.00,446312.9,250742.9667,446570.4286,259827.4286,144600894.00,132786940.00,2491683,2596976,219146,396418.6667
2026-07-22,333144,215718,134774,139230,91828,92462,2701975.00,548919.00,63684552.00,147785602.00,451160.9333,250815.0667,453311.2857,263597.4286,81569907.00,83723292.00,2511877,2606753,314496.3333,461471.6667
2026-07-21,427693,229213,185947,169651,98842,95102,-13025446.00,1224208.00,111797063.00,336077290.00,453903.8667,257174.1333,443500.1429,270411.5714,179320420.00,165356766.00,2459484,2543828,328557,470323.3333
2026-07-20,428419,212507,174538,184265,98860,87131,-26121447.00,1327195.00,84627865.00,252385898.00,451344.9333,254597.0333,451225.4286,263247.7143,144788990.00,116212683.00,2414650,2521516,332056.6667,511993
2026-07-17,528303,501769,242327,230474,201868,229721,12253934.00,1510382.00,154451120.00,277845206.00,452646.2,243317.4,427382.4286,216950.7143,189566817.00,199313109.00,2646870,2859950,219861.6667,469478
2026-07-16,454248,271395,154727,225034,120624,118207,-42568286.00,3738857.00,229336584.00,273331681.00,454813.6333,239814.3,424403.5714,212824.1429,234759486.00,188555360.00,2615860,2755971,210099.3333,444838.6667
2026-07-15,553428,223006,223965,256279,97284,89106,-20904560.00,1253986.00,95325174.00,276302934.00,450215.2667,241177.4,408221.8571,199002.4286,155300637.00,133258816.00,2624451,2725917,228068,380034.3333
2026-07-14,400758,165184,165401,168447,67953,68476,-28636791.00,7468654.00,83889014.00,324740679.00,454551.2,246231.1,435465.4286,226474.8571,176050651.00,139245624.00,2573205,2637246,227126.6667,407280.3333
2026-07-13,380330,242108,125554,192237,112876,97509,-54028408.00,814653.00,112961227.00,222845239.00,452016.1333,244059.4,448551,221490.7143,163636370.00,108182349.00,2523094,2566199,205654,400971
2026-07-10,359015,276912,146570,161485,133063,117754,-32457122.00,5436073.00,78772064.00,258737138.00,449175.8333,240179.4667,467449.8571,215906.4286,155698432.00,117834541.00,2571735,2684625,194186.3333,425764.6667
2026-07-09,482496,162360,191868,204934,66592,68010,-46395139.00,717399.00,71682376.00,606640505.00,448355,240418.6667,458601.4286,218191.5714,284513787.00,237177769.00,2538109,2634879,182151,411651.3333
2026-07-08,361402,177690,134116,173787,75109,78306,-13698230.00,11306796.00,119586994.00,196757068.00,452229.2,245408.4667,461915.2857,224777.2857,147065875.00,122110988.00,2486636,2538232,242084.6667,488338.3333
2026-07-07,433396,242509,152944,219390,108996,98001,-46592068.00,12424465.00,138061952.00,292654412.00,448831.5333,245604.8667,453429.4286,218681.7143,212375588.00,151381555.00,2421591,2445170,230321.3333,501182.6667
2026-07-06,440156,126254,155307,192400,52471,58983,-90230462.00,-5983499.00,71805424.00,898637423.00,454688.3,251692.0333,434069.4286,219745.2857,406191800.00,320715661.00,2383940,2380678,267510.6667,518233
2026-07-02,591463,357491,215209,271070,174744,146323,-68073782.00,14712027.00,113993146.00,638833719.00,448436.4333,249124.8333,400013.4286,193108,348657081.00,266145052.00,2483939,2506794,207799,461264.3333
2026-07-01,471929,207219,165798,216529,95430,86692,-79846008.00,11871795.00,100762811.00,873759494.00,444495.8,252273.2667,390431.7143,194516,410327596.00,312275893.00,2450470,2461920,213322.6667,432154.3333
2026-06-30,491307,237822,207075,202586,89105,108070,-65163605.00,-11415640.00,126785782.00,1033422048.00,447945.7,263211.8667,456772,229874.1429,468670507.00,416464398.00,2380518,2415147,200662,393050.3333
2026-06-29,420557,178356,156064,180132,79565,75536,-37262916.00,-1748392.00,92613743.00,574541020.00,449712.2667,268743.3667,444142.8571,236688.4286,267219127.00,231704603.00,2327631,2334922,185776.3333,354410
2026-06-26,384599,223790,153028,161655,121195,79391,-44978205.00,5437195.00,71586927.00,494465145.00,448418.6333,271411.6333,447188.2857,239442.2857,234310290.00,183420378.00,2471623,2489288,168189.6667,343900.6667
2026-06-25,373995,199840,146019,176033,92711,81533,-57730397.00,20282234.00,107683693.00,606166504.00,451819.8667,282200.8667,457195.5714,249278.1429,323815429.00,246029632.00,2426074,2455623,173934.6667,354188
2026-06-24,304636,133699,115591,138462,61872,57552,-56034050.00,3501415.00,69620183.00,618830444.00,459620.0333,293769,527155.1429,289272.2857,294137228.00,234602263.00,2396925,2429632,291144.6667,571205.6667
2026-06-23,353071,171030,135758,158153,76428,74070,-31532923.00,326707.00,93889374.00,733581192.00,498986.3,330284.5667,554034,327070.4286,330665899.00,299426269.00,2359245,2395136,309486.6667,564233
2026-06-22,404857,217075,171843,177333,86211,107797,10381098.00,-10936328.00,100465343.00,686739165.00,499028.7667,340270.5,526284.2857,320815,306841506.00,329988187.00,2301932,2325527,318150.6667,564586.3333
2026-06-18,955689,485329,455306,402861,205026,218150,84764741.00,707905.00,134789075.00,796497196.00,484489.7667,344030,436356.5714,294859,354048881.00,446389049.00,3201278,3089152,245938,394038.6667
2026-06-17,332153,226056,149633,146788,102796,82726,4429318.00,4028655.00,77888751.00,274293223.00,498129.2333,360752.7667,457275.4286,293691.1429,148835010.00,148154433.00,3122141,3052716,308472,548105.3333
2026-06-16,405917,243067,151221,211010,109259,98140,-33503114.00,13636455.00,97121177.00,276139860.00,495093.1333,364525.8,472141.7143,318965.1429,190546356.00,142047069.00,3060756,3000024,372655.3333,593207.3333
2026-06-15,444046,268691,188912,205924,98140,133366,-10234191.00,-15412262.00,96976370.00,425398661.00,508522.9333,377957.0667,458942.4286,299894.1429,231034898.00,229872054.00,2984373,2951812,340854,515395
2026-06-12,794353,413658,336850,314246,187704,181219,70857699.00,-2910722.00,91947500.00,751016364.00,501603.5,378009.4333,426512.1429,264140.1429,225484248.00,308156879.00,3127964,3023795,304180.3333,359342.3333
2026-06-11,541223,435617,258426,225113,183816,205409,19458923.00,-2092111.00,112825553.00,330908420.00,516657.5,388723.3,423376.1429,225666.5714,189661252.00,210691272.00,3053217,2988233,231601.6667,338463
2026-06-10,210609,173287,94609,94820,73583,72986,2557114.00,9691645.00,74627148.00,120611194.00,519147.9667,391532.6333,452643,238611.1429,88745623.00,83231962.00,3013788,2960944,313834.3333,438253.6667
2026-06-09,326195,303637,134742,153624,149942,114293,7013118.00,26832686.00,141039251.00,199440200.00,522621.4333,394500.4667,481877.4286,240490.8571,157019613.00,137200045.00,2965584,2928945,257686.6667,446739
2026-06-08,478585,217881,220898,207426,88330,102826,11522175.00,-1097833.00,85604427.00,297698826.00,549421.2,425948.4,456976.4286,234644.5714,165778026.00,178397849.00,2916514,2842345,239519.6667,476324.3333
2026-06-05,509981,419985,202854,249518,215521,156599,-42561566.00,8596398.00,160495336.00,255915627.00,546245.9,428898.6,423237.1429,197577.2857,202471940.00,152046856.00,3052441,2980716,154958.6667,479421
2026-06-04,351651,135194,135378,171666,50631,68372,-6458193.00,-10501021.00,50208050.00,218931253.00,540215,430160.3667,438411.4286,202483.2857,113383380.00,116602158.00,3031005,2940860,197860.3333,500696.3333
2026-06-03,567341,163380,226864,276933,61038,82814,-14069797.00,-7700553.00,66565475.00,424489056.00,526926.2333,429832.5,425595.2857,225912.4286,214648038.00,208927469.00,3001011,2903182,248998.6667,488528
2026-06-02,519271,166302,234780,230914,81383,63454,-34557252.00,-3672507.0000,89299250.0000,366681414.00,516824.6333,431578.0667,398766,237640.8571,213326879.0000,185960438.00,2959329,2811535,252550.3333,416863.6667
2026-06-01,415477,263899,184092,181142,115526,116580,-3388856.00,13519649.00,121754171.00,299280008.00,520012,432886.7333,427392,244065.1429,200223214.00,184196299.00,2857658,2728656,218088.6667,369640
2026-05-29,530836,316795,226569,252100,164055,119448,-27916205.00,4780041.00,68916811.00,313102301.00,519198.2,431570.2667,409259.2857,238876.5714,185151593.00,156080409.00,3014074,2868859,169002.3333,345318.3333
2026-05-28,304278,176957,132906,139387,86101,69695,2428860.00,-4474163.00,57967195.00,162422176.00,519713.6333,431274.8667,416321,256693,93063422.00,100302445.00,2966806,2836135,219144.6667,403101.6667
2026-05-27,273806,160514,108550,140548,76093,65641,-22490922.00,-12538554.00,64639164.00,212011063.00,522352.8333,434879.1667,462177.8571,314616.7143,133696869.00,118292140.00,2910870,2802549,248440.3333,422321.6667
2026-05-26,457871,169536,215134,197881,83185,65777,20218559.00,4513576.00,68500284.00,324643408.00,520314,438927.0667,464418.2857,339583.1429,165829151.00,181534134.00,2856272,2695456,294884.6667,474984.3333
2026-05-22,477628,327384,204886,219440,130751,168094,10100835.00,96894.00,83896501.00,261968256.00,517819.4667,441289.9333,445584.2857,336219.4286,148493401.00,157814302.00,3127750,2899377,279248.3333,450410.6667
2026-05-21,331466,248401,146382,146612,115045,112771,6751580.00,-316096.00,66044822.00,181864144.00,528210.7,446854.7667,466236.5714,375521.7143,104372855.00,111440531.00,3077027,2864006,297005.3333,457825.3333
2026-05-20,615859,308869,303141,247537,127566,143422,29471468.00,1280189.00,104694257.00,401062711.00,530650.8,449797.3,455205.4286,400075.1429,207371433.00,238434865.00,3006550,2760050,382709,450807
2026-05-19,403907,280475,185270,167734,125965,121565,10846241.00,1429907.00,122711689.00,250156756.00,530452.3333,447341.4667,616655.7143,540935.4286,163304415.00,172917679.00,2963642,2691390,403984.3333,474022.6667
2026-05-18,353710,301672,164959,147531,142633,127069,11454192.00,6036154.00,124001633.00,234476145.00,525406.3333,444151.7667,624144.4286,571647,156463486.00,161807914.00,2889065,2601679,404706.3333,471382.6667
2026-05-15,594804,565980,257612,280666,273120,241061,-7606708.00,-3442812.00,169273908.00,302599031.00,520027.8667,439701.9667,613389.4286,576237.5714,215358297.00,211583599.00,3627876,3110637,390552,431792
2026-05-14,473554,344301,198131,220362,149446,160979,-5083470.00,6493470.00,116047702.00,335678572.00,519665.6667,438260.0333,651644.1429,631014.4286,190570767.00,180655627.00,3569364,3031077,436032.6667,453487.6667
2026-05-13,345790,303838,134469,165096,133487,133376,-28935279.00,-346306.00,106296720.00,326261805.00,515517.5,431773.8333,647221.8571,638503,193763758.00,163645009.00,3516133,3004518,756919,849577.3333
2026-05-12,476032,523517,185883,242015,242428,224078,-51679086.00,6633072.00,186324210.00,451546267.00,510508.3333,420267.5,700208.7143,659661.8571,317513990.00,258221622.00,3432514,2937157,754631,826277
2026-05-11,538641,480743,231057,249008,215551,199739,-9941404.00,-8730758.00,181784623.00,777847675.00,499097.7667,410327.6333,707084.2857,650302.7143,421114571.00,414774836.00,3264875,2851591,793754.6667,819903
2026-05-08,1534059,1266497,723856,668795,577452,570895,30079379.00,-14635896.00,319554353.00,1267841085.5000,454128.9,375912.3667,629767.7143,577522.1429,685682904.00,743459987.5000,3432804,2966840,614168.6667,555662.3333
2026-05-07,406131,516653,170201,192400,224344,233647,8971193.00,-1368878.00,137893336.00,286274274.00,451906.7667,364909.9333,612509.4286,540509.8571,180958708.00,192961779.00,3308356,2912862,560703.6667,525230
2026-05-06,519519,598114,234436,229974,277839,260120,-2575795.00,14256656.00,157949397.00,440665117.00,439159,349418.5,599778,511161,270635715.00,255445989.00,3177475,2825477,585208.6667,634370.3333
2026-05-05,741337,727739,344843,310577,337945,307583,40373492.5000,353866.00,205594054.00,672889527.5000,421955.7333,329445.8667,677098.1429,573101,366909027.5000,406618364.00,2989787,2715281,481038.6667,582848
2026-05-04,314834,356258,132205,151830,152666,167361,-5346245.00,946058.00,86187330.00,252015801.00,422052.7,328286.3,691367.8571,594848.5714,154850386.00,148680583.00,2839058,2650069,614630.3333,808851
2026-05-01,846940,671629,411198,364078,297174,311207,74771163.00,-10676116.00,144147665.00,536759514.00,399856.1,309934.4333,594765.5714,523622.5714,265808544.00,352143378.00,2990953,2836539,476609.6667,621645.3333
2026-04-30,586770,415229,228557,274471,188501,185830,-36429938.00,5615265.00,96675481.00,484512431.00,386665.7,299861.3667,535038.1429,486239,234731887.00,197011076.00,2889599,2791003,469090.6667,569521.6667
2026-04-29,992843,757033,446161,439993,310102,366647,98644381.5000,-9639427.00,208944476.00,705452208.5000,363369.1,281935.5333,424092.4286,409329.8571,357219542.00,469083901.5000,2673901,2653531,603852.6667,666100
2026-04-28,285323,257567,132073,125194,108466,113664,24253968.00,-925305.00,61654542.00,175738713.00,365872.9333,280143.3,456346,415843,90439026.00,118266472.00,2622003,2589785,687494,709233
2026-04-27,430399,392672,190298,200377,165722,176390,-6165416.5000,-1690231.00,108468533.00,318197508.5000,360500.9667,273881.5667,467206.4286,399361.4286,189039928.5000,188751294.00,2520149,2498486,614285.6667,622674.6667
2026-04-24,1282578,1161319,527779,544014,524843,521323,32393073.5000,-1514920.00,186667461.00,1091461313.5000,324957.7667,240264.9,329658.2857,257472.2857,466654512.0000,497614863.5000,2648251,2666658,278360.6667,251374.6667
2026-04-23,414722,508491,186290,178749,216664,234851,6649526.00,-2630762.00,90171692.00,172512822.00,317994.7667,227190.5333,320838.2857,223208.2857,110474942.00,118608930.00,2462646,2552779,181753.3333,185208.3333
2026-04-22,170724,173047,67372,77985,83512,70099,2863997.00,4845861.00,41632803.00,95885987.00,322881,226174.5667,353121.4286,240054.8571,57575803.00,55593808.00,2425363,2530502,225124,298666.3333
2026-04-21,168678,153544,75508,67120,79606,56400,7489223.00,884320.00,36454073.00,95442610.00,323157.0333,223865.9667,386566.2857,275015.7143,51967959.00,58242862.00,2384278,2511964,266376.3333,411247.6667
2026-04-20,216223,218669,71780,96235,93862,105430,-12286068.00,1848451.00,53339500.00,131303381.00,324791.5,223965.1667,447563.4286,303112.4286,81557310.00,65376516.00,2317613,2461469,249518.3333,445753.6667
2026-04-17,511098,303159,210250,241711,156530,112430,-6194470.00,1390695.00,46054295.00,289688909.00,312914.3667,217738.8333,472986.8571,316539,150063980.00,139554256.00,2842485,2870734,238013,393048.3333
2026-04-16,506422,277301,219619,233692,113183,127219,14289393.00,-2513534.00,54595317.00,189578626.00,305315.3,212411.9,457491.2857,306467.4286,99095864.00,115616101.00,2767790,2845064,242570.3333,356476.3333
2026-04-15,319741,168095,149221,130820,77323,75635,16510985.00,-190595.00,28250371.00,147109050.00,301875.3,210667.8667,440718.2857,311879.7143,66850657.00,82964487.00,2726645,2807526,319295.3333,384160
2026-04-14,352982,268643,159556,148468,129626,105270,-17886035.00,1344232.00,56565636.00,159946737.00,295349.6667,205045.6333,452213.7143,335285.8571,100976247.00,80551619.00,2644728,2741017,368196.3333,480900.3333
2026-04-13,396706,290973,187824,162276,136436,126615,17880827.00,-602376.00,57578679.00,223545477.00,291734,198853.6667,461639.7143,336724.4286,105490837.00,142816620.00,2571515,2667797,403587,578352.3333
2026-04-10,402792,398270,159302,179780,165034,168353,2256643.00,4537990.00,54299758.00,176744918.00,284487,190062.0667,435718.7143,295436.1429,97991620.00,97874993.00,2656428,2821470,339763.6667,576739.3333
2026-04-09,643203,415346,230991,204939,156072,186917,21914974.00,-5820309.00,74751790.00,437972145.00,269581.9667,180057.0333,390369.2857,261576.2857,105819842.00,133555125.00,2540729,2765695,269975.3333,429781.6667
2026-04-08,689062,397145,325115,268178,173352,174202,42486173.00,3980682.00,63391253.00,323528938.00,256957.7,171090.3333,319978.1429,230919.4286,145757606.00,185222801.00,2420611,2729339,281755.6667,344577.6667
2026-04-07,397953,206800,193647,164645,88131,93205,9924019.00,570142.00,30753453.00,112274414.00,248611.4,167062.1,289555.2857,234810.7143,59597390.00,68951267.00,2381393,2639798,313170,366156
2026-04-06,202330,205981,86329,87694,78635,96202,-709608.00,-3456222.00,33605875.00,58950067.00,251629.1333,168730.5,309146.2857,232039.1429,38175226.00,42243130.00,2304146,2597231,280927,372494.3333
2026-04-02,433450,432486,205403,179094,172573,209792,13847027.00,7163079.00,56394972.00,119811356.00,242911.6,160329.9667,266808.5714,189308.4286,75443596.00,82127544.00,2371843,2675867,196207.3333,336596.6667
2026-04-01,462688,301043,239138,170813,136495,128284,23274924.00,625654.00,40715331.00,127293976.00,234641.7333,154222.1333,232887.2857,164668,63718324.00,86367594.00,2284683,2613969,156708.6667,247808.6667
2026-03-31,221345,109252,114252,80902,39933,55238,3277302.00,-2683083.00,16871734.00,43394889.00,232297.9667,153974.5667,246658.4286,194985,23155465.00,29115850.00,2261023,2583083,198304.3333,235691.3333
2026-03-30,325757,178327,110112,176319,74785,66604,-8838580.00,-705795.00,32166011.00,60080388.00,229876.5,153478.1333,225984.8571,186805.8571,42606502.00,34473717.00,2218106,2489802,201055.3333,240261.3333
2026-03-27,196324,182547,76977,96729,80078,68251,-5834459.00,1354992.00,23341683.00,30686835.00,231952.6,151249.6667,225232.5714,176875.8571,26272825.00,19083374.00,2400108,2641617,184663.3333,220515.3333
2026-03-26,184993,234039,60537,107708,72808,147204,-7965326.00,731051.00,17912699.00,32150851.00,237574.5,146856.2333,240797.1429,174764.2857,26672141.00,17975764.00,2301374,2602593,149503.6667,233930.6667
2026-03-25,339467,186580,159034,135325,83450,75585,10572107.00,-2095585.00,27242925.00,82377835.00,239045.9333,147408.3333,243793,177224.2857,36895417.00,49834641.00,2239035,2544573,194467.3333,226689.3333
2026-03-24,137086,133371,50005,73869,45390,69682,-1862711.00,978831.00,15034800.00,23006526.00,244973.2333,147355.5333,262672.1429,187431.2857,17801389.00,14959847.00,2206765,2547155,190368,241341.3333
2026-03-23,225239,128560,109845,96225,51194,64823,-581565.00,37757.00,18294762.00,33629996.00,249246.5667,151127,261392.5714,190896.8571,23714433.00,23095111.00,2178575,2477634,185193.6667,229947.6667
2026-03-20,317743,321471,119950,152492,167014,124599,450499.00,-6092213.00,47939616.00,58795462.00,249094.5,145968,245405.2857,161581,40533656.00,47076368.00,2690037,3015698,151122.6667,222015
2026-03-19,181042,121073,74107,78985,38298,67913,1922278.00,-2422637.00,12893482.00,43562514.00,251871,146851.7,264872.2857,164651.7143,18429994.00,22774909.00,2668869,2988252,178698.3333,281813.6667
2026-03-18,191058,113037,85565,84932,51037,41685,3907419.00,4477282.00,16615111.00,40790793.00,255197.3333,147291.2,262858.1429,160544.4286,25496045.00,24926182.00,2638882,2957768,209292.6667,307874.3333
2026-03-17,293945,219258,113170,150118,71384,97492,-2409502.00,-2588714.00,31100360.00,56475145.00,258313.8667,146538.6333,258759.8571,160885.4286,35847311.00,36026523.00,2590269,2906106,187146.3333,281986.6667
2026-03-16,360438,203800,160244,119384,99809,85929,5745909.00,1363408.00,28768234.00,124376156.00,264869.6667,148467.9333,229380.7143,148395.2857,41047577.00,45430078.00,2520668,2796598,157966.3333,230451.3333
2026-03-13,269240,204820,124909,113792,98674,83969,2332440.00,497729.00,22733721.00,51469737.00,268141.5,147812.1333,230696.4286,135920,31256147.00,33090858.00,2546309,2853704,137215.6667,246475
2026-03-12,216282,152819,71600,109308,65998,61665,-8770201.00,-229558.00,25924345.00,59343041.00,291196.0333,157824.5,230733.4286,130627.8571,32173156.00,23632513.00,2521093,2831927,114371.3333,233367.3333
2026-03-11,205832,116260,96508,69094,42553,59124,2200541.00,-2257324.00,19059634.00,55987167.00,299550.3667,160564.2,223787.8571,128301.5714,26519394.00,30977259.00,2484711,2794123,149499.6667,253175.6667
2026-03-10,317311,142568,143800,147489,58946,69643,11484450.00,-148023.00,18861264.00,78545189.00,307101.8333,167330.3667,219634.2857,122965.2857,38434905.00,50067378.00,2440507,2743008,140766.6667,199000
2026-03-09,176959,84286,90369,65636,29482,43041,2555600.00,-2185473.00,17705842.00,39154291.00,351732.7,198604.9,220837.5714,130141.8571,21844446.00,26584633.00,2432669,2744933,151835.6667,232830.3333
2026-03-06,265257,221645,96875,143338,91515,112430,-9316406.00,2344323.00,21755375.00,47675422.00,364245.6,209104.8333,210951.1429,114934.7143,36433274.00,24493685.00,2490237,2877873,116545.3333,216591.6667
2026-03-05,154784,116369,67609,71503,44411,60875,886141.00,-3138817.00,19535907.00,31544923.00,387196.3667,219126.0333,233172.5714,116616.8571,20955933.00,24981586.00,2468194,2851648,111081,217401.3333
2026-03-04,278450,117493,156465,97514,44273,52748,13794911.00,-1629810.00,20341236.00,57426550.00,392209.4333,222066.1,214474.5714,112111.1429,26715204.00,42139925.00,2432969,2776443,106988,220663.3333
2026-03-03,216541,115774,92536,100263,45840,49837,-746174.00,-756767.00,32082174.00,45687759.00,400331.1333,225012.1667,225377.5714,132148.1429,32488937.00,32500062.00,2418834,2749327,113237.3333,210277
2026-03-02,157213,99976,66481,73537,47409,39479,-1381733.00,-2247587.00,24117879.00,34295087.00,412838.5333,231128.8,227479.1429,143647.2857,24482208.00,25568062.00,2387723,2709852,118310.3333,223223.3333
2026-02-27,288236,105214,116362,142600,51015,42681,266824.00,623937.00,12198145.00,38745558.00,419204.1333,234660.6333,216958.5714,145446.4286,23254508.00,22897395.00,2459506,2827132,125953.6667,230589.3333
2026-02-26,185382,134522,66400,97552,51455,57120,-6164868.00,-4927236.00,27038426.00,35401510.00,433227.8667,239503.3,212051.4286,140775.4286,27053802.00,25904516.00,2434404,2790855,109764,217983.3333
2026-02-25,196052,115195,80978,94994,60724,41688,-2843079.00,33235643.00,50089230.00,49137223.00,434951.5,241159.1,220203,147666.7143,63896889.00,27818167.00,2388301,2747812,156710,250253.3333
2026-02-24,310334,128144,175619,108394,63914,44434,25108440.00,532986.00,29062905.00,80408821.00,457266,254668.8,212813.4286,145888,35433080.00,60008534.00,2344024,2649841,174152,204116.6667
2026-02-23,147564,85953,53958,69166,38082,38520,-5324844.00,990510.00,14587898.00,35705349.00,464505.9333,256812.1333,242254.2857,148214.1429,24432169.00,18116815.00,2328019,2606652,184770.3333,226459.3333
2026-02-20,292862,256033,132431,128395,111186,114377,-156389.00,-1118425.00,37932521.00,50182005.00,486650.2,257963.3333,255218.2857,140658.4286,35337968.00,36300004.00,2638590,3110118,133367.6667,179182.6667
2026-02-19,171924,180470,71752,80388,66116,91812,-253943.00,-4799658.00,63001600.00,39665301.00,490339.1333,255494.3,275644.1429,133703.7143,42357815.00,48770090.00,2616560,3074845,127689,206245.6667
2026-02-18,214592,117808,81270,98009,46121,44602,1883267.00,1688689.00,22530516.00,36853567.00,494269.2,256505.8,295479.4286,151403.1429,21404902.00,21599480.00,2596661,3047220,126984,220917.3333
2026-02-17,151032,101825,70368,64846,37765,53731,2760320.00,-1136724.00,22032795.00,31534156.00,506616.7333,258475.0667,318643.5714,160671.1429,21341810.00,25238854.00,2588959,3035106,127121,288456.6667
2026-02-13,253113,163434,118973,113816,65511,81930,-3294670.00,-32499.00,21795484.00,38670841.00,505282.4333,255518.3,320247,158406.8571,29465477.00,26330814.00,2716907,3154650,140357.3333,331955.6667
2026-02-12,258607,115693,95719,146246,54485,52629,-12921211.00,3296376.00,19292059.00,48421969.00,509878.2667,255334.3333,324852.8571,159911,40044905.00,23754318.00,2694186,3157243,145722,350721.6667
2026-02-11,353650,102236,164530,153503,47568,44615,8378887.00,532272.00,18107239.00,66316633.00,504245.1,253862.1333,329680.1429,173403.1429,33931485.00,41778100.00,2673143,3113632,192211.3333,350651.3333
2026-02-10,383610,203143,164301,175856,85809,94731,3651186.00,5856.00,36745723.00,90079270.00,496535.9,249596.3667,354466.1429,181765.4286,52131156.00,55776486.00,2597095,3084576,180064,327175
2026-02-09,314905,131787,154532,132767,49259,64246,4435071.00,-1281940.00,20407295.00,89948733.00,490465.8667,249127.6333,361964.7143,189388.1429,46585781.00,52479851.00,2552421,3056222,185329.6667,310319
2026-02-06,353439,241704,172126,145963,102946,109565,12625248.00,750868.00,27182996.00,90398671.00,484042,243662,441176,219600.4286,45334781.00,57209161.00,2640445,3209609,146835.6667,289455.3333
2026-02-05,313181,166701,133265,146918,62935,83356,-8728410.00,-4120504.00,29345799.00,86347314.00,480855,240477.5,461644.7143,224136.1429,53070702.00,48462796.00,2620186,3174055,156829,314208.6667
2026-02-04,264337,147584,115299,118605,61675,68221,2325583.00,1182037.00,31617447.00,74719414.00,479729.3,238739.6333,501575.8571,252417.4286,45447616.00,46591162.00,2597456,3148783,194860.6667,411800.3333
2026-02-03,290848,126222,119320,131114,52240,56429,-210875.00,-1481856.00,20516475.00,83068975.00,477322.8,238226.1,676581.1429,380460.2857,43411601.00,44682582.00,2571320,3145630,214502,437316
2026-02-02,387441,196681,201408,144438,74478,100085,22149006.00,3605008.00,25576272.00,109814960.00,471271.4,235113.7667,712753,429026.2857,50395069.00,68938428.00,2519649,3064643,300005,610808.3333
2026-01-30,557112,261679,243595,259589,123667,101228,5899187.00,4208617.00,30060792.00,98209125.00,457256.6667,228278.4,753638,451215.7143,55754559.00,57444225.00,2685463,3292120,278929,577258.3333
2026-01-29,367395,185146,156111,160765,79294,82562,3433967.00,2112773.00,21467783.00,70754369.00,451717.8,225065.4333,762416.1429,454151.2857,38725325.00,40046528.00,2675418,3203153,332398,636078.3333
2026-01-28,907918,453190,464612,340131,183151,223868,34183076.00,-313867.00,50750941.00,223002425.00,432980.7,216029,698455.2857,418575,102551746.00,137298239.00,2572289,3152849,522175.3333,838734
2026-01-27,456462,198451,214794,183469,88919,79319,12632166.00,5705489.00,31525767.00,89340272.00,427401.7333,212328.6333,709308.5714,430721.2857,48458567.00,55857244.00,2505034,3036630,634906,900128
2026-01-26,543855,345553,189324,293759,147390,145609,-20664913.00,369882.00,62499656.00,103485552.00,417210.4,204140.1667,700072.7143,411523.5714,81023675.00,59988880.00,2440177,2921174,658723.3333,999945.3333
2026-01-23,1515885,1022522,613542,756020,440520,438150,-52503862.00,3736107.00,197216531.00,286621113.00,371753.8,173127.5333,570102.5714,305420.7143,235605979.00,179659964.00,2577692,3067869,386447.6667,637597.6667
2026-01-22,640644,536643,248199,305384,239755,234226,-9745509.00,1501326.00,61816138.00,213458992.00,358802.9,160313,513976.4286,252310.1429,122418524.00,109772679.00,2354413,2889568,275618.6667,577447
2026-01-21,843307,417005,425197,332301,175359,187834,22622829.00,-6111464.00,76118549.00,400220220.00,345706.2667,153105.5667,533471,268943,201111477.00,226926118.00,2226427,2744207,231108.6667,473823
2026-01-20,428842,205695,193909,179891,85138,83403,6726128.00,-832706.00,43463252.00,150976938.00,347983.0333,154922.3,524316.7143,261022.7143,81842940.00,86634774.00,2162473,2633434,232933.3333,490610.3333
2026-01-16,460192,204156,173092,234083,95004,77487,-13396664.00,1029888.00,24895314.00,123207856.00,344508.1,152607.1667,595316.4286,273367.4286,70027680.00,55601128.00,2910998,3822140,258148.6667,539244.3333
2026-01-15,532435,283475,229129,223370,125134,133387,3910890.00,-149914.00,33100507.00,185234786.00,353713.7,152677.1333,559624.5714,248070.8571,88494234.00,92555038.00,2876342,3782413,218613.3333,444353
2026-01-14,479204,211169,235542,199161,97251,94098,8291460.00,285378.00,27778012.00,155617716.00,346750.5333,150282.7333,538666,239068.5714,80292455.00,85121337.00,2815097,3738106,326035.3333,611208
2026-01-13,606094,279802,280796,248919,99545,128091,18434260.00,-1457698.00,41944236.00,212280818.00,348657.7333,148256.2,526575.1429,222083,101430615.00,117997573.00,2728731,3719195,282852.3333,530764
2026-01-12,247761,164869,86432,136386,65298,64711,-10624539.00,507269.00,23553626.00,69406954.00,346997.7,146873.6,521621.2857,209206.1429,45287728.00,34155920.00,2701571,3697921,324752.3333,767240.3333
2026-01-09,979769,533435,493470,369218,201714,257254,40675989.00,-4995384.00,50594998.00,247777084.00,318506.3667,130974.9333,438294.5714,148740.2857,106097562.00,151872931.00,2687296,3824718,182407,534848
2026-01-08,364762,150253,139949,169569,77903,55949,-4039915.00,2511528.00,16924628.00,68679746.00,314656.9333,129329.5667,412565,135571.2857,38125953.00,31574592.00,2665868,3746335,181707,524092
2026-01-07,957190,290569,476657,404796,112931,141383,16202222.00,1624394.00,36822281.00,230675577.00,292661.6333,124844.8667,297585.5714,104800,107442906.00,123410734.00,2590381,3693664,138485,378848
2026-01-06,282592,106399,122554,111138,40099,45059,8949856.00,-646967.00,19452692.00,78543692.00,290642.5667,126194.4,276187.2857,106418,29980621.00,39677444.00,2562400,3665645,127929,355678.6667
2026-01-05,332494,148153,145600,142980,71779,63818,-830507.00,4029691.00,21901554.00,71696423.00,286200.8667,124273.5667,251648.5714,96358.2857,43389861.00,38529663.00,2520196,3597754,115269.3333,377008
2026-01-02,521458,160903,266583,203448,73689,68763,14798561.00,208234.00,11800732.00,92681754.00,276824.2,123163.4,208236.1429,83538.7143,39567941.00,54158268.00,2534723,3654656,80991.6667,264740.3333
2025-12-31,213084,74731,98619,92342,30765,32593,3630940.00,637978.00,9622097.00,34780781.00,276792.2667,124452.2,210733.5714,86498.2857,18049883.00,21042845.00,2512946,3600220,81138,244490.3333
2025-12-30,396482,110174,185040,169143,45078,42674,8439659.00,-1039249.00,14800407.00,59464223.00,270525,125856.8,185329.4286,86590,25413000.00,34891908.00,2463914,3480309,83655,156597.6667
2025-12-29,184655,58070,88759,73319,20739,27961,1392770.00,-1317311.00,9286112.00,27119768.00,276788.5667,129828.3333,188364.2857,93053,13286173.00,15996140.00,2445823,3432700,90210,148620.3333
2025-12-26,152334,75170,61916,62242,25584,36406,754607.00,614152.00,7938522.00,19445484.00,276351.8333,130750.5333,186126.5714,90402.7143,10046070.00,10186525.00,2484312,3541721,88875.3333,170366
2025-12-24,132804,117725,55255,62014,37403,56899,-218817.00,-2168681.00,19363862.00,19412930.00,276471.5,129446.8333,195901.5714,86264.4286,12992650.00,14942514.00,2451434,3511047,81449.6667,202953.3333
2025-12-23,160723,77735,53915,92880,26561,30410,39440.00,152638.00,15817489.00,19328582.00,278199.7,130507.7667,222341.8571,101173.2857,12836389.00,12723747.00,2390638,3453028,92476.6667,222263.3333
2025-12-22,217571,71166,85869,110629,28756,28285,-1901615.00,-575743.00,14072748.00,29875001.00,280563.9667,133605.2333,232559.2857,103498.1429,19522808.00,18197820.00,2364774,3361432,103191.6667,218372.6667
2025-12-19,230566,95448,104557,101975,46174,39604,1362725.00,422043.00,7773829.00,37278781.00,283165.9333,134346.9,233637.7143,104134,19616477.00,20558849.00,2769818,3920537,90248.3333,187074
2025-12-18,218653,110816,79957,122301,41289,46118,-2470498.00,-4161135.00,23175498.00,31828366.00,282481.9667,134073.8333,224142.5714,101466.4286,23031988.00,25985425.00,2759759,3882515,82895.3333,181266
2025-12-17,205899,103311,62190,127411,35516,32679,-5857949.00,356543.00,16192188.00,30117383.00,286470.8,136463.3333,230745.1429,108451.5714,21996726.00,15182234.00,2732043,3890444,109157.3333,227901.3333
2025-12-16,136670,56618,50574,65137,28974,19210,-3598920.00,-226983.00,9516272.00,19346191.00,290211.2667,137495.7,275564.8571,129046.4286,13913815.00,10541878.00,2727468,3876710,119431.3333,278709
2025-12-15,201229,88757,77173,103824,46200,31497,-4497877.00,1567216.00,12887180.00,32183071.00,293596.9333,139689.4667,317838.5714,153537.8571,23113487.00,17049306.00,2714282,3854741,123145.3333,291004.3333
2025-12-12,345805,182097,123638,187392,79781,85081,-12463630.00,1838491.00,18554138.00,52163358.00,289563,138653.6333,319287,146767.1429,38556364.00,24308693.00,2793130,4029093,93160.6667,226465
2025-12-11,289093,87440,98748,153454,39658,38193,-4808589.00,-1318378.00,13717408.00,39652015.00,289372.2,141131.3,393502.7143,175072,24674673.00,21184462.00,2765549,4005256,114749.6667,214139.6667
2025-12-10,238115,99899,117476,95266,39184,49486,3810167.00,-607768.00,13476885.00,42731146.00,311750.3333,147403.9,398101.8571,180706,22624025.00,27041960.00,2733641,3950912,148377.3333,284904
2025-12-09,152187,92143,68206,64715,28316,30191,2078184.00,269151.00,13171593.00,32176408.00,331046.1,150847.6667,471119.4286,198829.2857,16874777.00,18683810.00,2712302,3911903,204395.3333,399890
2025-12-08,252117,152207,111596,116184,67614,68361,-3741597.00,1712809.00,18107415.00,56782954.00,362220.5333,163706.2,463382.7143,194712.7143,35882316.00,30977910.00,2668373,3840594,198560.3333,434499
2025-12-05,450408,200782,219015,196932,85969,81175,9214757.00,1293731.00,14342615.00,77310639.00,366808.4667,171496.2,416900,174097.4286,37345205.00,45266231.00,2755579,3918553,226824.3333,553897.3333
2025-12-04,497145,260197,181926,264890,122642,99338,-11397561.00,3715564.00,28039730.00,104584421.00,361974.0333,169052.4667,381490.5714,151339.5714,66464809.00,50632684.00,2711717,3925044,186537.6667,478285.3333
2025-12-03,355944,134702,161219,164202,55115,61748,1224224.00,-1366591.00,20120791.00,115034662.00,356080.0667,166953.9333,373117.2857,154386.1429,62164845.00,59564660.00,2684700,3868774,214639,580740.6667
2025-12-02,808603,285574,380452,345928,95492,154215,9268925.00,-5286112.00,35187128.00,226809095.00,339710,161099.7,289319.7143,134573.4286,113476070.00,121390586.00,2590170,3825208,160578,377193
2025-12-01,270309,139337,111029,125937,49325,66605,-1441163.00,-235946.00,20062615.00,54025054.00,355318.4333,162935.8333,279167.4286,127600.7143,31933719.00,30742040.00,2538256,3766972,132957.3333,328766.3333
2025-11-28,663310,219006,351626,249246,82559,121120,10517318.00,-2449342.00,19552812.00,106880254.00,344712.6,160924.4333,218717.1429,114542.4286,50444021.00,63410681.00,2578050,3771492,93586,190756
2025-11-26,197960,123391,78262,69350,37081,70709,1050807.00,774615.00,11048192.00,40345187.00,354047.9667,161820.3667,220740.8571,113114.4286,18183459.00,18459651.00,2549287,3728236,104465,223879.6667
2025-11-25,125029,56475,51637,56510,23338,27594,1117650.00,154764.00,6741931.00,22252064.00,369291.9333,166933.1333,232660.1429,126805.4286,12689137.00,13652023.00,2539398,3709930,134601.6667,256210
2025-11-24,249279,100892,133440,88994,35327,49659,2016455.00,-602280.00,13790476.00,32775594.00,371600.0333,168356.1333,250272,137708.8571,17254458.00,19873193.00,2497512,3626783,131147,239531.3333
2025-11-21,297331,156028,129840,132743,58838,75167,-3765118.00,-1601803.00,19358431.00,44607687.00,393050.9667,175112.0667,227686.4286,130110,30506940.00,28723625.00,2881221,4157035,121670.3333,220473.6667
2025-11-20,222020,146885,73019,125322,63799,53273,-6299302.00,624748.00,17604112.00,36633663.00,400630.5333,176123.4333,215454.1429,120357,25192010.00,18267960.00,2869881,4150830,110507,217175.6667
2025-11-19,199243,90528,108195,71049,47566,32261,927263.00,-352904.00,12152985.00,34302058.00,408743.9667,179638.9667,217357.8571,123076.2857,18684707.00,19964874.00,2852219,4127017,131101.6667,220249.3333
2025-11-18,240158,127598,95086,115382,53476,53934,-1211559.00,186906.00,18218293.00,36482469.00,416228.5333,181714.1,224263.7143,128289.4286,23850069.00,22451604.00,2827287,4056057,147641,264384
2025-11-17,212126,113395,91368,95599,56181,36113,-204043.00,2115115.00,15911016.00,42717111.00,425997.7333,183104.0667,238049.2857,128904.1429,25802353.00,23483195.00,2822136,4017828,144121.3333,240086
2025-11-14,208464,152312,92605,93155,62458,66436,1152297.00,-427628.00,19017604.00,35676985.00,442556.6333,190474.5,236573.5714,121805.8571,22915629.00,24495554.00,2895817,4100032,119555.3333,216062.6667
2025-11-13,372562,177216,136307,194078,78472,68043,-8089306.00,-1826915.00,25137502.00,74819101.00,454796.1,194700.5,229859.5714,121488.7143,44134463.00,39056122.00,2887267,4037480,97004.3333,162731.6667
2025-11-12,139232,102836,53692,59263,43038,38979,362797.00,1186283.00,11333872.00,24315521.00,479294.9,201279.0333,245524.1429,119310.5714,14459769.00,13636283.00,2865159,4019057,117422.3333,212487.3333
2025-11-11,136394,78614,45411,77849,33269,31309,-4928867.00,487.00,13265557.00,30549855.00,488948.5,205386.6667,269296.2857,130161.4286,20419994.00,15490640.00,2832000,4011325,130450.3333,269897.6667
2025-11-10,212569,109563,85323,103314,54057,45881,567556.00,1100852.00,12065449.00,37125411.00,505414.5,209766.9667,271041.7143,136084.1429,22614994.00,22080991.00,2803997,3975053,128137.3333,265086
2025-11-07,288499,164090,114642,142660,58005,73785,-2360537.00,-1866151.00,22449609.00,39816354.00,549468.8333,226150.1,270308.8571,135752.7143,26741134.00,26245268.00,2882879,4104092,131772.6667,277441
2025-11-06,308625,117698,118105,157756,56555,41348,-3383375.00,-1828443.00,17626402.00,41373298.00,593920.8333,242457.5,356142.2857,160092.5714,24325190.00,22770258.00,2872624,4063348,121736.3333,257527.3333
2025-11-05,198134,102624,87761,86234,34052,46951,4075517.00,-1562511.00,17848870.00,41449436.00,613632.2667,249320.2667,432274.5714,173354.2857,20942312.00,26580340.00,2852325,4033065,139051.6667,292415.6667
2025-11-04,325564,174996,97853,197335,87947,56992,-12994399.00,537603.00,25801641.00,64957962.00,620107.1667,250568.9667,555386.8571,225206.7143,46724268.00,33192266.00,2831475,4040197,131060.3333,258823.3333
2025-11-03,248884,87589,80567,119918,36720,34207,-5742208.00,719969.00,11727309.00,70901236.00,628800.3,257216.3333,603838.5714,274762.8571,35704035.00,29240415.00,2807385,3976584,155787.3333,270318.3333
2025-10-31,302799,154570,121996,143033,75315,65294,-3166737.00,1194362.00,12304093.00,55573343.00,650432.5,271699.7,610883.2857,279379.2857,31522234.00,27161135.00,2970515,4186290,200289.6667,472538.3333
2025-10-30,224787,151022,91158,109979,61057,59508,-5338377.00,1196999.00,21278067.00,53400352.00,717246.7667,297337.6333,604360.1429,268054.1429,32388938.00,25853562.00,2917181,4170893,215101,641296
2025-10-29,283369,161770,126980,129180,79226,65871,-832673.00,5749849.00,28107997.00,73224902.00,716393.5333,294774.1,609236.1429,260650.8571,48086292.00,41503770.00,2873453,4137747,340498.6667,942623
2025-10-28,909459,288077,439099,364891,112128,146237,12223291.00,-1882259.00,40192449.00,223814411.00,695797.9,288705.9,584822.2857,247271.4286,109796755.00,123902305.00,2791016,4172722,389300.3333,835485.3333
2025-10-27,731060,195456,361995,290635,73841,102329,17926152.00,81642.00,24171697.00,155583232.00,685576.0667,288474.3333,529690.1429,242015.4286,71139392.00,89177902.00,2734791,4017023,386443.3333,709169.3333
2025-10-24,1187350,537963,515036,559747,233183,221779,-150522.00,324331.00,53502349.00,197843978.00,655393.9,274406.6,428357.4286,186630.5714,108632170.00,108157317.00,2921185,4183813,231037.6667,373094.3333
2025-10-23,588046,434482,261738,248888,164234,196502,1656018.00,-6422080.00,46756218.00,115456584.00,644091.8333,263931.0667,427543.4286,154541.4286,63447438.00,71525536.00,2734075,4034337,122859.3333,282912.6667
2025-10-22,352112,186885,134460,149740,77311,74749,-7704855.00,455962.00,30229620.00,75651273.00,640427.3,259865.9333,422744.8571,148355.2857,48012910.00,39851345.00,2684046,4004267,125371.3333,411729.3333
2025-10-21,179125,71746,66316,81259,30484,30855,-6254348.00,1001893.00,10594426.00,54284515.00,639951.8333,259840.7333,531564,189349.5714,31472363.00,24216122.00,2658830,3966972,154344,467066
2025-10-20,317501,109947,130344,142057,39530,52073,-2033023.00,-133876.00,16115670.00,88745542.00,635451.9667,258223.2333,550407.7143,198960.8571,44750381.00,42847234.00,2621159,3866056,167784.6667,520572.6667
2025-10-17,738562,194421,341424,316698,80846,94188,9843764.00,833407.00,21838119.00,130091324.00,621705.3667,256255.9667,508134,199185.5714,59757211.00,68767548.00,2977089,4347783,172930.3333,468501.3333
2025-10-16,345135,158664,140302,171983,73549,67850,624491.00,-625314.00,22536834.00,66926122.00,617728.9333,254304.2,525214,203641,39741424.00,40991229.00,2946177,4341127,167903,459630.3333
2025-10-15,478021,150269,227539,197053,56311,72268,11104626.00,-961910.00,19894333.00,104589191.00,607306.8333,251965.8667,529097,204330.2857,49857324.00,60036601.00,2903962,4281583,237382,613909.6667
2025-10-14,582348,209858,268322,242134,74528,101996,3827284.00,908813.00,30701349.00,128611204.00,595654.1667,247749.9,546651.7143,227697,68399346.00,61980412.00,2819996,4201287,226504.6667,569596
2025-10-13,318522,143582,139696,148383,57493,68045,-3687879.00,-327894.00,25480044.00,76327997.00,595565.1,246913.8333,606826.5714,250613.2857,47179587.00,43819602.00,2769196,4141521,243975.3333,610970.6667
2025-10-10,940859,358706,410370,432728,156907,148827,-4177535.00,4219658.00,39274678.00,189583229.00,572955.9333,240378.7,597303.2857,242254.1429,104671934.00,98347341.00,2952695,4347960,187690.6667,452249.3333
2025-10-09,449407,177226,203072,207374,56576,102122,-8128742.00,-3384308.00,19164490.00,98151753.00,566530.2,239084.1,593959.7143,245770.8571,53743416.00,48998982.00,2885583,4309195,180313.3333,470847.6667
2025-10-08,442646,195994,207219,186690,76139,93465,2887806.00,-2138872.00,30817878.00,101044716.00,561874.4333,236749.4,631660.1429,252196.2857,53017785.00,58044463.00,2826921,4246297,239457,558376
2025-10-07,464695,189852,216922,172626,68770,92658,10965613.00,-3392846.00,26461609.00,110640426.00,563704.0667,237870.8667,795293.5714,318729.4286,49524385.00,63882844.00,2779508,4186696,277505,650059.6667
2025-10-06,505202,155094,219986,224698,69857,69366,-9635824.00,722375.00,21116911.00,139930764.00,583627.1,245319.4,957719.7143,383276,74654956.00,64307127.00,2745865,4105538,325871,773057.6667
2025-10-03,705231,373425,298588,329136,154906,156268,-2291094.00,818723.00,25751393.00,126048318.00,570430.6,238659.5667,969754.8571,374002,63187825.00,60081698.00,2898581,4341156,268677,679981.3333
2025-10-02,739746,303996,343215,316488,135531,138896,7483326.00,-965810.00,29507149.00,171550007.00,568297.2333,238358.4,938335.5714,360925,79480695.00,94129831.00,2832740,4267781,247669,668915.6667
2025-10-01,874196,300192,389296,384908,84221,157314,13046094.00,-1727295.00,25317175.00,178864009.00,575129.1667,244354.8333,886261.5714,359041.8571,86936173.00,90942062.00,2716657,4167313,366133,914226.6667
2025-09-30,426002,201843,165526,215222,89523,80389,-9225397.00,1144978.00,26352398.00,72587380.00,585239.9333,247093.2667,961370.5714,414360.1429,46933531.00,36563156.00,2675346,4122019,501158.6667,1319621
2025-09-29,706549,240972,302835,321767,97143,108956,-342544.00,694245.00,30455759.00,137649007.00,612398.4333,256698,1178894.2857,511387,70314887.00,69278098.00,2589938,3962985,523670.3333,1347263.6667
2025-09-26,1610129,655584,744278,688845,279451,302751,13326687.00,-4656701.00,54353993.00,378411161.00,591917.7,241831.9333,985700.4286,429855.5714,164200399.00,205833787.00,2704247,4081016,375961.3333,983824.3333
2025-09-25,1642185,606920,768854,665718,219688,291963,31320011.00,-4654232.00,66621850.00,360724500.00,550264.6667,226519.3667,792758.2857,358300,149874255.00,185442248.00,2540467,3965262,269324.6667,606322
2025-09-24,789477,308507,403117,297144,109095,154369,24769256.00,-791727.00,28820333.00,127003608.00,547374.8667,222199.7,740605.1429,341157.4286,52467004.00,78027987.00,2442137,3819592,362846,660418
2025-09-23,519811,212457,243638,216754,84503,98350,7505567.00,-1500768.00,25209307.00,82100048.00,556999.1,221313.5333,706615.7143,327368,40097131.00,49103466.00,2369935,3756728,598747,1230219.3333
2025-09-22,509678,287010,209401,251032,103008,146134,-2576332.00,-3756793.00,29714701.00,74238356.00,547729.2667,215615.9667,669373.7143,303540.2857,45060948.00,45988776.00,2264061,3643513,531365,1146250.6667
2025-09-19,951765,589071,416518,433731,252625,261424,-2820622.00,594854.00,50514286.00,132487325.00,526501.1667,203918.8333,568003.8571,228663.1429,79872329.00,76455975.00,2762643,4118904,370351.6667,926192.3333
2025-09-18,2229215,920160,1081073,920724,424110,400061,45722011.00,1255447.00,83218454.00,665672019.00,457414.3333,176126,273096.1429,107353.1429,312059364.00,361993642.00,2461108,4076768,126468,324589
2025-09-17,257772,84864,105471,110116,45041,30850,1140999.00,266885.00,5450533.00,25170231.00,462591.2,178021.6667,262343.7143,104004.2857,11731534.00,12605648.00,2450161,4008016,136823.6667,332626.6667
2025-09-16,291590,106031,130747,136604,38071,61466,3055232.00,-497336.00,7677104.00,31183125.00,457700.1667,176949.2667,267282.8571,108200.2857,15934598.00,19487166.00,2415691,3986421,141552,318424.6667
2025-09-15,424405,188509,202431,175753,64881,103167,5408466.00,-656372.00,9982894.00,42484241.00,452073.2667,177871.3667,238916.7143,95572,19684660.00,25749498.00,2365816,3890612,100359.3333,257681.6667
2025-09-12,281885,115931,147367,115347,41430,64901,1129198.00,1341156.00,7140125.00,22419185.00,450255.7667,178031.7667,222270,90456,13170923.00,12958965.00,2412680,3973187,85379,218673.6667
2025-09-11,248984,120216,96049,129548,45498,66928,-1074018.00,-2833815.00,9316860.00,22536771.00,447435.6333,177376.6,219953.4286,85193.5714,12666832.00,14426629.00,2374243,3927863,65781,196514
2025-09-10,242176,64931,130082,92976,25821,22200,2385117.00,1113320.00,5137865.00,18949628.00,444556.8333,178336.6667,230478.2857,92846.2857,9455039.00,10726816.00,2364962,3875329,89271.6667,224510
2025-09-09,164861,70990,72043,74058,32554,31272,-235429.00,-662949.00,4400884.00,17407361.00,452044.0333,180425.8667,244438.7143,105940.8571,9098004.00,9525524.00,2356158,3837538,98978.6667,244837
2025-09-08,182505,61422,82254,81653,22448,27730,-116724.00,-10813.00,4815889.00,15826685.00,468283.8667,197563.0333,255028.7143,116936,8539909.00,8433243.00,2327632,3797873,105211,239121.3333
2025-09-05,326164,135403,147526,121581,35084,79711,1015206.00,-1189778.00,8483642.00,19629524.00,471600.2333,205747.5667,251715.7143,115586,7970881.00,10175865.00,2395829,3920376,87869.6667,207989.3333
2025-09-04,225842,100111,122766,87264,35106,52129,355692.00,-501546.00,6253344.00,16331398.00,468490.1667,205495.9,293678.8571,133212.4286,9471542.00,10328780.00,2359585,3881306,93999.3333,237992
2025-09-03,165358,80119,75306,77570,32240,35074,-2468026.00,-513612.00,5923036.00,15146340.00,467602.3333,205301.7,427612.4286,175845.4286,10274522.00,8242008.00,2341763,3857676,121510.3333,270400.6667
2025-09-02,232768,83379,109228,100762,32248,38781,1258597.00,-737593.00,7790195.00,22567081.00,465197.6667,205801.1333,438550.7143,188738.4286,11745147.00,13741337.00,2314169,3835576,139846.6667,278356.3333
2025-08-29,315850,118500,111698,161341,59110,50133,-2173689.00,-348982.00,7399564.00,23125955.00,460652.3333,204552.7667,489964.2857,213947.1429,13608153.00,11783446.00,2524954,4065932,142331,274064
2025-08-28,262584,162652,110002,129313,50180,96576,-231108.00,-1758183.00,8271520.00,20370069.00,456057.8333,201477,606617.1429,259294.7143,10950125.00,12477200.00,2485688,4038387,162612.3333,359730.6667
2025-08-27,256635,138388,130577,101990,44265,72758,1802330.00,-1422274.00,8914435.00,25371408.00,452774.7,199099.0333,674144.2857,280095.8571,13050009.00,16274613.00,2460268,3996049,242666.3333,641816.6667
2025-08-26,302973,125953,130936,149485,47731,65532,-1214287.00,-1692945.00,11909786.00,27853185.00,448557.1333,196587.3333,848191.5714,337690.2857,17558556.00,18037214.00,2423179,3965416,258558.6667,643937.6667
2025-08-25,519584,223496,219012,254890,105917,100101,-3995735.00,-417137.00,15409776.00,62062661.00,435108.3333,191889.7667,916209.1429,335705.4286,36394237.00,32815639.00,2373820,3869561,282380.3333,695991.3333
2025-08-22,1102893,378550,530025,481161,190875,163851,3694662.00,951612.00,18519674.00,101490521.00,403286.5333,182833.5333,814737.8571,302704.4286,52140567.00,54733987.00,2464566,4121432,316225.3333,688078.3333
2025-08-21,309336,173630,143713,140324,67056,86882,517351.00,537457.00,13563944.00,27043655.00,400496.7,180339.8333,870944.5714,303459.7143,17823165.00,17803059.00,2426663,4064203,353014,828074.6667
2025-08-20,675745,294961,306760,299481,144160,119508,-1554603.00,-1479245.00,26921116.00,59364739.00,383215.1,173539.9667,889915,287875.5714,37326764.00,37251677.00,2375189,3868049,431065,1109927.6667
2025-08-19,1079154,480085,493491,466020,213632,212638,10499026.00,202631.00,38308336.00,167621722.00,360893.9667,165295.3,768833.4286,235875.2857,84765730.00,95062125.00,2289033,3795752,340904,1082112
2025-08-18,729325,283996,305533,340447,116199,128588,1353243.00,-1052333.00,24197936.00,79090435.00,340286.6,158502.7333,709633,229326.8571,42565742.00,44970043.00,2199236,3576986,295419.6667,969868.3333
2025-08-15,1521304,529114,693659,654712,216885,259593,5662537.00,-2589711.00,39660554.00,227971258.00,294698.6,142938.3,514676.7143,166078.4286,110761449.00,119013697.00,2433964,4073843,178687.3333,697028
2025-08-14,995707,209602,512469,390015,86252,105930,10272157.00,-783320.00,11554168.00,87255874.00,270312.9667,140900.0667,431444,156383,38107445.00,49162922.00,2386131,3884550,170777.3333,634638.3333
2025-08-13,392594,147543,202412,157191,55698,73495,4588826.00,158215.00,8998019.00,38772360.00,263456.7,138808,396053.2857,145856.7143,18849077.00,23279688.00,2356749,3822437,160290.6667,580968
2025-08-12,702783,178917,338209,301443,75455,91298,1989226.00,42416.00,12896921.00,58003125.00,243939.1667,134568.4,332169.7143,151178.8571,30105884.00,32052694.00,2352592,3756912,180037.3333,451681
2025-08-11,808538,185872,425817,324864,80717,78060,6322061.00,96772.00,12807410.00,57134644.00,227176.5,132416.9667,249144.2857,141874.7143,27921713.00,34147002.00,2322668,3556173,146871.6667,234371.6667
2025-08-08,231583,116083,99334,96996,47710,49822,391935.00,45478.00,6360466.00,12806895.00,224308.2667,131145.2333,239543.8571,139657.2857,7786540.00,8132997.00,2376462,3627087,155422,294870
2025-08-07,314922,238157,137353,146428,101431,113284,1424579.00,-1843518.00,15913196.00,24496005.00,217761.0667,126091.0333,216813.8571,119025.2857,14379477.00,17647574.00,2319910,3498604,100656,238182.3333
2025-08-06,156610,86375,80425,65175,27755,45672,841605.00,-1013638.00,5449382.00,9028990.00,223580.8,128743.3333,250080.5714,125781.1429,5300661.00,7155904.00,2302814,3452483,143921.6667,271178.3333
2025-08-05,413078,141734,213423,156603,53223,64274,2470296.00,-1233688.00,12130444.00,24232085.00,214976.2667,126864.3333,286740.8571,187753,12703243.00,16407227.00,2284330,3362139,136924.6667,209272.3333
2025-08-04,144859,73859,57748,79537,31464,25117,-247874.00,264432.00,13638127.00,8131279.00,216994.3667,128776.7333,326854.5714,231621.5714,6332340.00,5820034.00,2257757,3308863,145825.3333,215779.3333
2025-08-01,255598,216172,97857,114645,100718,73408,1313075.00,-672005.00,18647462.00,19443254.00,216255.3,125034.9333,309274.8571,213962.8571,14412856.00,16397936.00,2273666,3404540,105012.3333,182517.3333
2025-07-31,227360,120743,93453,116983,57923,49279,-1037625.00,112007.00,11574062.00,19362722.00,219900.4,124387.6667,296612.4286,207327.1429,13128176.00,11978544.00,2252283,3355708,109320,236556.3333
2025-07-30,164380,100561,53927,96800,38214,43342,-444763.00,-1043578.00,11995341.00,12836250.00,223531.5,123999.1,296076.4286,207013,9776286.00,10475101.00,2224553,3321105,267645.3333,404996.3333
2025-07-29,155812,93733,49448,90152,42418,36289,-2553701.00,1127069.00,10030558.00,11869673.00,225352.5,124657.4,299459,205201,10946929.00,7266159.00,2195447,3293847,363380.6667,494944
2025-07-28,389477,133666,171197,184791,53128,57368,1434501.00,-535938.00,13343560.00,22831063.00,219855.4,122721,261640.7143,196160,14086133.00,16056572.00,2148220,3142973,349679,409298.3333
2025-07-25,669700,575537,294674,288869,209747,298240,-2700457.00,-3207897.00,47186579.00,51811605.00,212727.0333,111822.2667,188560.8571,123518.8571,40706982.00,41214422.00,2168597,3166511,182597.6667,232306
2025-07-24,425655,380939,190114,190696,160657,167933,-228808.00,-1155614.00,23283973.00,37974276.00,220547.2667,105428,152959.5714,76327.8571,26410822.00,27337628.00,2022733,2996315,88405.3333,143963.6667
2025-07-23,132540,92561,58030,56641,41126,32620,-254818.00,-241258.00,9135004.00,17377472.00,222143.9333,104591.9333,150613.8571,74900.4286,10731933.00,10718373.00,1994362,2984128,84568,159613.6667
2025-07-22,138723,74293,55988,54278,27428,38035,-3085372.00,-223313.00,6195979.00,17708122.00,222435.5,105020.9,151973.2857,79553.2857,10558512.00,7696453.00,1972354,2961696,83263.3333,154955.6667
2025-07-21,160628,98362,67602,68696,30174,57434,523475.00,-1858268.00,8459384.00,21952169.00,220862.2333,104612.7667,161260.8571,79618.5714,12066233.00,14447976.00,1929559,2916978,72825.6667,154126.6667
2025-07-18,179490,81049,83830,79785,31447,42170,-1044729.00,-1042465.00,5701462.00,17459047.00,219609.8,103261.7333,158090.4286,81035.1429,10362122.00,10359858.00,2205874,3205093,62676.6667,153112
2025-07-17,124749,70379,59651,55601,18827,31835,1306257.00,-2393043.00,8805142.00,11093947.00,221940.3,103081.3667,198772,104230.2857,6568856.00,10268156.00,2172498,3186654,66740,150235.6667
2025-07-16,158141,67049,64071,78395,27589,30090,-154672.00,-851138.00,7098380.00,13327008.00,221852.8333,102939.6333,192052.4286,106111.7143,8369359.00,9065825.00,2160989,3168896,80011.3333,146935
2025-07-15,176446,50602,64752,75871,24046,21341,-3054013.00,1335181.00,4988334.00,21073693.00,225120.7,107043.4,188797.8571,107765.8571,12891371.00,8502177.00,2148393,3161288,96083.6667,163333.3333
2025-07-14,116120,82569,61959,45444,37430,37535,616008.00,1332511.00,8496850.00,9331610.00,225548.0667,106315.8,209943.2857,117178.1429,8246490.00,7529987.00,2123820,3122219,98882.3333,177059
2025-07-11,148239,106863,66303,58082,49376,50753,1324939.00,300212.00,7222926.00,14548392.00,224236.4333,104612.6333,215467.1429,114023.5714,8664931.00,9689658.00,2188085,3179464,140843,264152.6667
2025-07-10,225641,98819,97943,101612,37163,44033,994432.00,-729116.00,8744260.00,23582162.00,220896.1333,103580.3333,199983.7143,107296.4286,12659432.00,14382980.00,2158927,3168328,134643,225973.6667
2025-07-09,157297,90965,68864,72060,37084,45249,-782692.00,-1033665.00,6546707.00,15981531.00,221915.9,104586.4,221178.1429,111634.1429,9296684.00,9547657.00,2148392,3156374,125048.3333,224762.6667
2025-07-08,409520,232745,221925,145457,106480,102744,14474859.00,2028247.00,16893977.00,50855146.00,212381.4333,98699.1667,183466.1429,89517.8571,23573252.00,36019864.00,2062653,3088380,96951.6667,176302
2025-07-07,111104,80219,43283,56784,29960,38799,-833148.00,-1046120.00,6718681.00,10366143.00,213959.4667,98106.7,184523.5714,90419.5714,7042393.00,7259655.00,2028713,3054703,98472.3333,201569.3333
2025-07-03,153664,62181,70477,69929,31140,25650,-242837.00,423909.00,2829666.00,10050139.00,212898,97441.5667,209886.1429,105242.8571,5851752.00,5187021.00,2078360,3159353,94988.3333,189433.6667
2025-07-02,264138,148455,111971,125647,66375,68685,-2421218.00,-492881.00,8479294.00,22193874.00,208576.0333,94928.3667,194286.7143,96229.8571,14302950.00,12374613.00,2058774,3121389,85946.3333,203273.6667
2025-07-01,186906,84781,95309,71365,36584,36840,2460515.00,558064.00,4884125.00,17806249.00,208566.2,94408.0333,196929,102865.5714,8954932.00,10857383.00,2034354,3092161,83663,189483.6667
2025-06-30,117257,51729,48548,60801,17698,29806,-1795959.00,-319237.00,3239080.00,9653265.00,209558.1667,95088.9333,213524.5714,110321.1429,6592215.00,5115493.00,2008244,3057403,95263.6667,189900
2025-06-27,305658,121329,146153,127415,51393,59839,832993.00,-1093604.00,6776455.00,24655094.00,208437.3333,94066,217961,107463.4286,12400888.00,14327485.00,2087392,3169950,110135.3333,198414.6667
2025-06-26,145536,77931,82116,48782,24274,47224,2700090.00,692402.00,5159432.00,15184378.00,214049.8667,94872.4,236214.8571,109031,7840521.00,9848209.00,2057425,3129695,112613,201550
2025-06-25,118506,86531,49428,57217,51764,29760,-1280250.00,3595329.00,9091547.00,11518917.00,219654.7333,95087.3,249348.5714,112881.1429,11813442.00,6937863.00,2039165,3102345,127513,230515.3333
2025-06-24,331202,165944,163899,118946,87172,64418,3508059.00,771028.00,12047167.00,38020422.00,213929.9333,92503.4333,234114.5714,99971.1429,19848563.00,22585594.00,1978548,3055102,106837.6667,197923.3333
2025-06-23,154942,85364,67660,72844,27705,42659,973832.00,-1207386.00,7589090.00,12793589.00,217206.8333,93045.1,277101.2857,123287,7361468.00,9542686.00,1939903,3021539,112158,258513.6667
2025-06-20,205402,131231,84941,98550,64767,57374,-623217.00,329595.00,9142899.00,15476296.00,215793.3,90518.1333,342081.2857,131555.5714,11256149.00,10303337.00,2315579,3730982,98049,281150.6667
2025-06-18,233426,103918,117767,92766,37560,58861,1936369.00,-161583.00,7436810.00,19777085.00,212684.9333,89848.0333,334511.8571,126350,10910453.00,13008405.00,2288423,3715424,101237,273489.3333
2025-06-17,336713,101325,161127,137316,44622,38636,-428841.00,1468116.00,17118118.00,20581678.00,204882.6,88732.4333,307477.1429,124326.7143,15918518.00,14021561.00,2269149,3634657,92653.3333,236106.3333
2025-06-16,273313,88904,153770,102073,41997,33947,2310684.00,1020065.00,9034330.00,15072164.00,201292.4333,88983.6333,284636.7143,123928.7143,9757334.00,11047953.00,2242107,3550630,145877,296951.6667
2025-06-13,210442,113482,80597,112989,47834,56294,57128.00,-683079.00,9955067.00,13792612.00,199425.6667,87522.3667,274847.4286,113505.2857,9574574.00,10314781.00,2293203,3685241,171086.6667,446891.6667
2025-06-12,224564,75574,94991,115599,35887,32185,-1662746.00,1366583.00,14198502.00,17973266.00,197545.6667,88244.5333,270576,111990.1429,16447704.00,10143533.00,2285425,3684020,168388.3333,432183.6667
2025-06-11,455849,248575,199646,197473,98370,111391,582135.00,-1260587.00,23734211.00,36116789.00,187473.1,82503.5667,227671.4286,85450.4286,22977276.00,25869998.00,2235828,3533363,114584,329390.6667
2025-06-10,660262,189111,364686,236442,85138,86822,8665077.00,411157.00,13077979.00,58953447.00,174097.9333,79226.1333,172560,83251,27997505.00,36349487.00,2182929,3413227,80253,147113.3333
2025-06-09,180440,67479,94162,73271,33455,27892,2891922.00,-513383.00,7876121.00,14038981.00,184616.4333,86978.1667,165203,82288.4286,7388283.00,10793618.00,2155194,3355746,71266,134272.3333
2025-06-06,147470,87162,60134,69810,50315,28755,-1526406.00,1141343.00,8947208.00,9899984.00,195755.4667,92327.2667,159691.5714,77803.5714,8494774.00,5827025.00,2179857,3424112,63868,150003.6667
2025-06-05,113430,86118,52326,50392,38878,36959,223256.00,1961427.00,27104493.00,8137991.00,200982.0333,93268.9667,161406.1429,75193.8571,13046355.00,11308184.00,2174136,3410972,56094.3333,164032.6667
2025-06-04,141917,40518,73548,58509,15201,21125,2580093.00,-1284836.00,4811934.00,10903575.00,202562.7,93699.5,167973.7143,86712.2857,5269321.00,9134250.00,2165854,3366163,100493.3333,208221
2025-06-03,194664,64968,96394,87416,27394,29734,457444.00,-596385.00,7764426.00,12886543.00,201465.7333,94060.2667,157805.4286,85449.4286,8169818.00,9222202.00,2148552,3338120,99084.3333,186313.3333
2025-06-02,155517,62797,73469,65140,22396,25602,366222.00,-644101.00,7274102.00,9534671.00,205846.6333,96484.8,158223.7143,85399.1429,5458805.00,6469128.00,2116001,3269212,96741.3333,170771
2025-05-30,274482,173715,123994,121698,68337,69226,-1222682.00,-1556626.00,17284033.00,23213887.00,205338.8667,95257.9,136414.8571,66615.1429,15175676.00,15509620.00,2112193,3348959,61453,121087.6667
2025-05-29,128941,60741,53222,60457,24129,24378,-663378.00,-511308.00,13159033.00,9252518.00,208194.5667,96495.7667,137206,68374.8571,7008333.00,6856263.00,2089476,3316849,81588.3333,140737.3333
2025-05-28,108890,55768,57044,45076,25359,18807,225531.00,661609.00,8392133.00,8717940.00,213230.1,98226.3,148309,70289.5714,6840935.00,6404857.00,2074522,3274851,81708.3333,145602.6667
2025-05-27,125432,67850,54705,60906,31124,21883,-386442.00,331965.00,8771293.00,8137609.00,220981.2667,102379.2667,151392.4286,70904.7143,6426080.00,5707673.00,2049985,3240182,79906.6667,156607
2025-05-23,187890,121147,87564,81331,40082,49744,-856374.00,-1025425.00,14719865.00,14707459.00,225217.1667,105143.3333,163412.8571,66546.7143,9917740.00,10086791.00,2052038,3315963,53600,134583.6667
2025-05-22,123486,56128,48816,63622,22417,16648,4480.00,369620.00,16579801.00,8147154.00,240480.4667,110824.4333,190616.5714,73117.4286,5422668.00,5057528.00,2056492,3287887,59243.6667,138248
2025-05-21,158445,62445,77975,66081,35923,21518,-48205.00,774197.00,5634058.00,10471792.00,247117.9667,115531.8333,208931.8571,77479.2857,7489242.00,6666840.00,2038817,3249388,61485.6667,147636.6667
2025-05-20,121820,42227,55250,57155,18841,20509,1236720.00,-599655.00,3608479.00,7696512.00,253606.8333,118624.6333,214308.7143,84079.4286,4123693.00,5960068.00,2020014,3205453,71462,156035.3333
2025-05-19,134479,73059,56067,61391,19746,42601,-631667.00,-2315728.00,7550637.00,10147302.00,270154.4333,124367.5667,231275.8571,88158.7143,5948516.00,7632577.00,1978109,3147465,77322.6667,201886.6667
2025-05-16,186611,69171,91956,84174,27269,36706,2346815.00,-435100.00,4614160.00,12843028.00,288803.5333,129004.8667,227902.2857,86194.5714,6637157.00,9419072.00,2248829,3656190,88306.6667,244320.3333
2025-05-15,147016,72156,67013,69509,33029,30647,1017217.00,475107.00,9119943.00,9255596.00,288448.2,128456.1,226925,87860.1429,6521585.00,7063695.00,2234249,3624953,95247.3333,290865.6667
2025-05-14,272033,90641,102770,114105,39094,33241,-724140.00,186724.00,9335391.00,19126246.00,288374.9333,128435.1,202726.4286,84605.2857,12176405.00,11265541.00,2212289,3562557,94509.6667,253340.6667
2025-05-13,313912,102123,152046,139764,47997,35125,-2200721.00,3286664.00,10813103.00,26963276.00,285284.6,128295.5,181540.1429,83793.4286,18752597.00,13265212.00,2183992,3492637,94340,233119.6667
2025-05-12,286652,92978,133170,123247,42648,43629,263072.00,605971.00,6725000.00,27676922.00,283729.3667,128861.7667,162652.5714,80460,15415928.00,15073029.00,2167215,3454045,81821.3333,191901
2025-05-09,159458,88428,82618,63174,37371,34232,1509600.00,-409416.00,8789117.00,11574186.00,286508.9333,129487.8333,163896.2857,81718.7143,6797192.00,8716208.00,2221246,3514169,80283.6667,185473.3333
2025-05-08,253249,101614,119275,96288,47063,46564,2886846.00,-1488231.00,8449053.00,19693436.00,284635.8,129666.2,149671,78109,8541047.00,12916124.00,2224502,3482476,69031.3333,135271.3333
2025-05-07,162996,55422,64452,88231,22358,25204,-1008838.00,276698.00,6792480.00,8412613.00,284275.6,130304.9,163386.8571,83161.2857,6695397.00,5409861.00,2215841,3461076,82704,136142
2025-05-06,140175,83815,65184,62452,36447,37591,-285532.00,-3574169.00,11582632.00,10677712.00,287756.8,130652.3333,214218.2857,114050.5714,8094546.00,11989433.00,2202805,3423562,77980.3333,140896.6667
2025-05-05,102643,67857,37981,56458,15875,35687,18206.00,-1827272.00,6959540.00,7120158.00,293776.6667,132837.6333,268360.8571,139733.1429,4667664.00,6513142.00,2175902,3397592,87774.3333,162737
2025-05-02,165608,96440,75005,70776,38908,42821,246909.00,-309360.00,7363010.00,10937575.00,295948,133432.0333,283306.4286,142294.4286,7231465.00,7787734.00,2253004,3567709,81076.3333,158758.3333
2025-05-01,154439,69644,73601,69195,16883,35231,-136678.00,-3061208.00,15171793.00,10192910.00,305884.6667,138768.4333,288291.8571,139978.7143,6239523.00,9164053.00,2248253,3546712,88124.3333,193614.3333
2025-04-30,168164,97239,81730,67213,34477,40835,1020898.00,316967.00,10667445.00,10856332.00,313931.3333,142057.2,287376.2857,136914.7143,7244211.00,7948142.00,2215555,3515246,155724.6667,302891.3333
2025-04-29,153672,76346,70310,69571,30962,34439,37541.00,406288.00,5683137.00,9354454.00,329433.2,147557.2,306415.1429,145370,6660387.00,6291640.00,2201125,3499661,212821,412214.3333
2025-04-28,259007,90788,117908,110674,36111,38141,16698.00,-684648.00,9325391.00,19322023.00,341742.3667,151342.5667,306449.7143,151958.5714,11480114.00,12181460.00,2179259,3458837,220681.3333,415954.3333
2025-04-25,495995,300040,251962,206407,98287,176764,-2299425.00,-4197731.00,21499824.00,30932229.00,353911.7667,155519.0333,266252.1429,123078.1429,21960646.00,23858952.00,2226850,3593792,138479.3333,313735
2025-04-24,481641,247635,259210,163976,95673,104707,6218528.00,-399890.00,17255903.00,43725634.00,346625.9,151021.3,234582.8571,103085.1429,21523743.00,28142161.00,2139570,3430759,81198,207106.3333
2025-04-23,270227,114369,134963,103319,42850,60573,1940601.00,-2184599.00,10897388.00,28652278.00,343677.7333,150453.4,247117.1429,114238,15348677.00,19473877.00,2098060,3393933,88252.6667,212678.6667
2025-04-22,189337,53434,96007,78824,21378,24738,1748343.00,-552148.00,6456888.00,16566504.00,344029.3,152034.9,265064.2857,135757.2857,8899773.00,11200264.00,2085914,3340890,116077.3333,235982.6667
2025-04-21,161755,75791,70671,77137,33892,30891,687648.00,-1170331.00,14886172.00,14479121.00,346996.9667,154455.2667,325011.4286,157295.8571,11807465.00,13665444.00,2070971,3285464,123439.3333,253601.6667
2025-04-17,286944,135533,109505,148101,50456,69498,-2388256.00,-2553137.00,20558373.00,21043052.00,344895.4333,153729,335100.8571,167029.2857,18169425.00,18334306.00,2256649,3736674,114156.3333,244605.6667
2025-04-16,259249,136908,110831,128681,56157,65693,-2219421.00,-677943.00,26132653.00,22339909.00,350954.1667,154952.1,343277.5714,166758.2857,21659552.00,20118074.00,2247475,3683520,132666.6667,277511.6667
2025-04-15,214612,97877,86235,107793,36822,43372,-1912312.00,-465213.00,9319189.00,13194451.00,360023.1,159805.2333,402748.2857,187825.4286,10194083.00,8746984.00,2242103,3647956,168064,310963.3333
2025-04-14,259956,107684,115795,119066,39085,38205,1752829.00,-225037.00,12054881.00,23765449.00,370306.4,163030.7333,472195.1429,202197.7143,13692674.00,15670540.00,2205313,3613718,207689.6667,418106.3333
2025-04-11,357967,192439,169573,157131,70498,97646,1068074.00,-828790.00,26350870.00,30337209.00,371650.9333,162208.0333,440536.4286,182662.5714,23866374.00,25763238.00,2248865,3761413,211432.3333,417974
2025-04-10,314967,204069,135275,120874,103444,68291,607167.00,4023807.00,26896256.00,31194906.00,369937.3667,159480.6667,434089,166368.5714,22632809.00,19216169.00,2232025,3712039,188413,418480.3333
2025-04-09,581385,226561,279656,237901,74824,93141,-576782.00,-2532984.00,30315755.00,65701289.00,356639.4,153989.9333,382634.2857,147993.4286,38535596.00,40491798.00,2210150,3664755,194675,434987.6667
2025-04-08,357570,203667,154574,166659,89740,83063,-2962448.00,3267178.00,32566379.00,37471474.00,354302.966666666667,152317.033333333333,365837.857142857143,134607.571428571429,32259942.00,26030316.00,2121439,3565655,196216.000000000000,564492.333333333333
2025-04-07,316486,135011,126417,150600,52950,55315,-120805.00,1038113.00,34280832.00,35454666.00,355066.033333333333,153101.633333333333,355317.714285714286,130636.000000000000,29536187.00,28377269.00,2102604,3520507,169776.666666666667,504449.000000000000
2025-04-04,630907,245347,273467,301474,115182,99180,2600729.00,991084.00,34625481.00,59473012.00,348693.166666666667,150603.066666666667,293338.857142857143,110867.142857142857,40898457.00,42508102.00,2152248,3647816,117998.000000000000,384091.666666666667
2025-04-03,746084,208290,337787,341397,85544,102548,4996594.00,-3825629.00,22311326.00,71159843.00,343033.733333333333,149737.933333333333,208496.857142857143,91766.142857142857,38141703.00,46963926.00,2121602,3517837,81213.000000000000,209131.000000000000
2025-04-02,136356,55693,69415,55789,21532,23759,1738043.00,-852105.00,5518713.00,12341827.00,360445.633333333333,157778.166666666667,223961.857142857143,97272.571428571429,6299410.00,8889558.00,2097903,3482445,99304.000000000000,243677.333333333333
2025-04-01,269835,90011,118248,122952,39482,37576,-834425.00,692138.00,11606316.00,23920642.00,404625.766666666667,170021.100000000000,225876.714285714286,103473.285714285714,15353970.00,13827407.00,2082405,3411814,105037.000000000000,234680.666666666667
2025-03-31,221202,97935,105823,94064,39439,47678,-1162227.00,-2323723.00,12426206.00,20426183.00,436617.600000000000,176762.233333333333,227240.428571428571,105807.142857142857,13648026.00,14809522.00,2051799,3353815,108047.000000000000,226631.666666666667
2025-03-28,239995,109966,105917,116209,41168,51491,-920702.00,-1949330.00,9105622.00,19665591.00,471935.600000000000,187396.300000000000,257603.857142857143,122917.142857142857,11793475.00,12822103.00,2132374,3477215,96252.666666666667,197363.333333333333
2025-03-27,242845,107210,126206,94809,32617,48148,2420008.00,-1367854.00,11800049.00,17663308.00,486289.300000000000,190591.966666666667,281420.857142857143,135587.428571428571,9662403.00,13450265.00,2107237,3403991,91928.666666666667,197952.000000000000
2025-03-26,197055,106965,92454,77487,42140,43947,-67377.00,-1844491.00,12497782.00,16139995.00,507701.600000000000,193309.166666666667,341659.857142857143,154784.714285714286,10746336.00,12523450.00,2078376,3366151,100745.666666666667,226680.000000000000
2025-03-25,152190,74583,62815,71972,23184,35476,80907.00,-1534543.00,11449402.00,15485168.00,512487.533333333333,193411.833333333333,409673.000000000000,173322.714285714286,10152877.00,11768327.00,2052887,3339035,113975.333333333333,252866.000000000000
2025-03-24,244611,94238,126200,89963,38147,48466,3391684.00,-3483594.00,9699811.00,22940104.00,511285.966666666667,193112.433333333333,497739.571428571429,220622.142857142857,10853205.00,17728483.00,2011963,3251881,159141.333333333333,322175.333333333333
2025-03-21,283239,133416,107358,128028,48544,72559,-1526253.00,-2704994.00,8931154.00,28929769.00,507305.800000000000,191414.933333333333,494857.571428571429,217663.142857142857,14367809.00,15546550.00,2475016,3969181,179970.000000000000,364283.666666666667
2025-03-20,230748,114272,113183,100593,47849,54810,-512549.00,-1266062.00,13774793.00,16888514.00,509413.333333333333,189440.833333333333,487862.428571428571,215243.142857142857,13319311.00,14072824.00,2484242,3922524,222328.000000000000,493610.333333333333
2025-03-19,452539,229736,170716,184720,114577,88663,-282403.00,935772.00,19960506.00,39988935.00,499121.833333333333,183523.500000000000,451768.857142857143,196835.000000000000,24749760.00,23531585.00,2463507,3858647,213865.666666666667,552191.333333333333
2025-03-18,409564,195902,175036,182945,83283,94845,-235448.00,-356321.00,17367308.00,56002619.00,495305.900000000000,180429.233333333333,429086.142857142857,190049.285714285714,30993584.00,31114457.00,2404744,3802728,290343.000000000000,702695.666666666667
2025-03-17,618728,241346,291291,247626,92754,116979,5773677.00,-3473220.00,22069429.00,87212069.00,495062.900000000000,180061.500000000000,372681.857142857143,171820.571428571429,42043040.00,51289937.00,2320376,3747840,247462.000000000000,584141.333333333333
2025-03-14,628282,204349,335641,201213,80420,108527,7561331.00,-3410559.00,13603406.00,52035034.00,494688.033333333333,181951.300000000000,345928.857142857143,167428.000000000000,21443044.00,32414934.00,2428464,3733552,211789.666666666667,435308.000000000000
2025-03-13,861077,425334,396108,346431,187404,182627,14322635.00,974945.00,29950413.00,121495932.00,471387.400000000000,170723.966666666667,292443.571428571429,141447.571428571429,56631029.00,69978719.00,2362008,3693005,103638.000000000000,214910.333333333333
2025-03-12,263065,112703,110390,115377,32212,35667,422701.00,927361.00,14193773.00,22019347.00,470165.800000000000,170176.900000000000,336070.714285714286,154554.142857142857,13340564.00,12835904.00,2328812,3630806,115537.666666666667,210817.000000000000
2025-03-11,181782,97332,75925,81551,37881,28629,971621.00,3080406.00,21248260.00,16729433.00,469999.666666666667,169467.000000000000,367002.285714285714,164615.000000000000,13945161.00,11836376.00,2299379,3593454,121008.666666666667,224855.666666666667
2025-03-10,199884,100879,88599,94273,40231,41089,1110323.00,1015625.00,15276450.00,17258473.00,470360.066666666667,169779.066666666667,376098.857142857143,167667.714285714286,13746382.00,13841080.00,2273038,3554636,145249.333333333333,305231.333333333333
2025-03-07,250785,148402,127375,99060,68914,55837,996197.00,3172404.00,21777822.00,17476789.00,467221.600000000000,168034.400000000000,366336.142857142857,155301.571428571429,17696787.00,15520580.00,2377517,3723918,176939.000000000000,383863.000000000000
2025-03-06,223898,113745,102762,101268,43439,53214,764089.00,1945384.00,13290760.00,18135870.00,466821.200000000000,166813.833333333333,375418.857142857143,160978.000000000000,14288924.00,13107629.00,2370352,3674856,207173.666666666667,498715.333333333333
2025-03-05,441011,173601,200203,194715,63017,79377,-458922.00,-1369302.00,20650780.00,33669255.00,462746.600000000000,165214.900000000000,360899.857142857143,158827.714285714286,21339980.00,22250360.00,2319825,3560255,205226.000000000000,484479.333333333333
2025-03-04,486680,243471,212470,215786,98907,104088,2673249.00,-1226223.00,27060746.00,42148523.00,470496.466666666667,165636.866666666667,354191.428571428571,148387.571428571429,26397912.00,30544884.00,2259880,3501284,164818.333333333333,410106.000000000000
2025-03-03,568455,204449,250744,268524,98234,74635,-1243353.00,1484857.00,24078021.00,51035775.00,455314.033333333333,163238.266666666667,355312.285714285714,145228.571428571429,33068085.00,30339875.00,2188815,3433046,117281.666666666667,281436.333333333333
2025-02-28,398303,167758,187494,175738,66736,85729,2306350.00,-1424571.00,12761846.00,33287334.00,447510.200000000000,159860.300000000000,392513.714285714286,163677.428571428571,18240872.00,21971793.00,2276672,3676764,112522.333333333333,244494.333333333333
2025-02-27,263560,122248,110988,115970,54797,47536,990672.00,266237.00,10073289.00,28047944.00,443568.400000000000,157786.966666666667,582753.571428571429,211541.857142857143,14164500.00,14888935.00,2263952,3648552,124622.666666666667,269767.000000000000
2025-02-26,182446,61839,81251,73417,24233,27875,1485212.00,-457793.00,6210931.00,20783533.00,442608.766666666667,158949.800000000000,725398.000000000000,245589.000000000000,8924426.00,10867431.00,2251219,3619974,160806.333333333333,355525.333333333333
2025-02-25,287477,153480,109144,127549,66704,66183,-1055360.00,506182.00,14263339.00,34537147.00,440177.866666666667,159062.966666666667,869977.714285714286,284947.285714285714,18907836.00,17346294.00,2224899,3558598,170425.000000000000,451800.000000000000
2025-02-24,339378,158549,135317,174353,63137,74228,-2533095.00,584404.00,14378126.00,42201976.00,432059.066666666667,156100.200000000000,917703.142857142857,291308.857142857143,26131059.00,23013560.00,2190328,3503314,216542.000000000000,558245.000000000000
2025-02-21,439721,170390,189542,201831,84708,63514,-4661836.00,1826775.00,13507222.00,49800788.00,422918.433333333333,153378.066666666667,974803.571428571429,293893.285714285714,30017159.00,23528548.00,2420368,3900125,312178.333333333333,943417.666666666667
2025-02-20,576301,182336,280736,236260,64461,101593,416823.00,-5039261.00,28209371.00,67790030.00,412481.100000000000,150571.766666666667,934727.428571428571,278940.000000000000,36676628.00,48941488.00,2366802,3774629,351456.000000000000,1144969.666666666667
2025-02-19,658713,296900,292695,278326,130300,126974,3754999.00,1606143.00,28456427.00,93191709.00,396294.766666666667,143138.366666666667,870420.428571428571,248705.142857142857,50806891.00,52955747.00,2280545,3568020,395485.333333333333,1358577.000000000000
2025-02-18,1595239,457299,785913,627967,190133,203506,34108295.00,778119.00,50581217.00,289442758.00,346933.366666666667,131577.466666666667,665934.000000000000,195161.142857142857,129867690.00,166810110.00,2148577,3343814,310745.666666666667,1051316.000000000000
2025-02-14,1180957,300169,530613,537684,135390,134098,-13626870.00,-2213226.00,26521743.00,129885753.00,312515.066666666667,123237.933333333333,539222.142857142857,160144.000000000000,75613072.00,63833205.00,2228898,3275947,273516.333333333333,937471.666666666667
2025-02-13,1299535,428988,619142,512440,192683,178659,11336574.00,4023668.00,44551260.00,211792551.00,274380.533333333333,111806.400000000000,374116.285714285714,106319.428571428571,106697517.00,114010423.00,2094531,3115418,156408.000000000000,602882.666666666667
2025-02-12,673456,203080,329412,273694,89769,89407,-11283738.00,-760945.00,18020369.00,103610851.00,256973.700000000000,108469.033333333333,320063.428571428571,92032.857142857143,59034437.00,48511644.00,2052533,3080238,117133.333333333333,447918.666666666667
2025-02-11,839424,188481,437898,312625,77319,92720,18694915.00,-2076296.00,13797246.00,93382704.00,232862.633333333333,107416.200000000000,287494.000000000000,98009.000000000000,37070737.00,57841948.00,2007758,2944529,81803.333333333333,222722.000000000000
2025-02-10,295768,77663,159629,114429,36662,34011,10798595.00,37277.00,5341303.00,29608371.00,225617.400000000000,105688.166666666667,333389.428571428571,124206.142857142857,10294098.00,21055416.00,2002985,2841754,74265.333333333333,222124.000000000000
2025-02-07,208564,85256,104555,90687,39929,35402,1053287.00,237972.00,7567123.00,13929644.00,225566.300000000000,105880.100000000000,326745.714285714286,124671.571428571429,8762089.00,9577404.00,2064399,2954596,63252.000000000000,200534.000000000000
2025-02-06,163834,82491,72003,75268,22467,36495,-119111.00,-1293234.00,14209810.00,13071465.00,227278.133333333333,107898.800000000000,335686.142857142857,126643.000000000000,7242233.00,8416356.00,2035445,2918057,70113.000000000000,244284.666666666667
2025-02-05,293974,55049,138120,121797,21057,28669,-163122.00,-1165990.00,4619365.00,20063273.00,225615.333333333333,110654.700000000000,318946.714285714286,129641.000000000000,10348569.00,11351437.00,2022984,2830506,128534.666666666667,350106.000000000000
2025-02-04,143794,52216,64875,62036,16307,26669,1157307.00,-1103786.00,4704407.00,12386104.00,229032.866666666667,111754.433333333333,328504.142857142857,137930.285714285714,5994011.00,8255104.00,2006231,2797480,198143.666666666667,507853.333333333333
2025-02-03,295086,103074,144604,126417,26732,61263,1562411.00,-2300136.00,9057582.00,18387604.00,224775.333333333333,110160.600000000000,308724.857142857143,136928.571428571429,10127217.00,13989764.00,1959465,2690158,193290.333333333333,463510.666666666667
2025-01-31,611438,230314,264723,272626,98064,111861,222735.00,-4037491.00,15154088.00,36929267.00,213367.100000000000,104978.766666666667,251646.000000000000,115044.857142857143,20918917.00,25179143.00,2137322,2946468,148616.000000000000,335170.333333333333
2025-01-30,617036,261043,317818,241192,109648,125607,5613870.00,-3318837.00,23813467.00,49841577.00,201699.566666666667,98957.600000000000,209037.000000000000,95700.571428571429,27614301.00,36547008.00,2051025,2664403,86946.666666666667,188424.333333333333
2025-01-29,162058,88514,83506,52226,42838,33972,1210250.00,-495029.00,9931512.00,14179997.00,208623.700000000000,100506.633333333333,288625.285714285714,119645.714285714286,9546288.00,11251567.00,2007809,2599339,94189.000000000000,204637.000000000000
2025-01-28,226417,96291,108173,96440,37628,39536,-114992.00,-4158573.00,17451326.00,21771105.00,208922.566666666667,100456.966666666667,272420.285714285714,124817.142857142857,13007470.00,17051051.00,1961693,2501575,94112.666666666667,181375.000000000000
2025-01-27,176798,76035,81318,83313,33068,34203,-756214.00,-195606.00,13389399.00,18414558.00,214325.100000000000,102486.766666666667,270618.857142857143,123443.428571428571,13837575.00,13276967.00,1939397,2439039,94477.000000000000,193071.000000000000
2025-01-24,210696,110241,89655,94562,43522,55584,-1724715.00,-2601706.00,11008864.00,20122399.00,214732.100000000000,101437.666666666667,261277.428571428571,116273.000000000000,12015390.00,12892381.00,1976398,2538860,99607.666666666667,229096.666666666667
2025-01-23,156631,96062,74372,72030,40442,43076,-1749073.00,-1215284.00,17789153.00,15517807.00,218774.733333333333,102365.900000000000,260852.571428571429,116367.571428571429,11495182.00,10961393.00,1944736,2492772,152963.666666666667,416611.666666666667
2025-01-22,211886,77128,96599,88112,39611,27778,-59393.00,1423208.00,8625028.00,24124247.00,228542.233333333333,108884.933333333333,261233.142857142857,127760.000000000000,14747731.00,13265130.00,1916930,2427555,171418.000000000000,383643.666666666667
2025-01-21,318773,125633,129668,148667,59768,56252,-2255987.00,927556.00,13329469.00,39260791.00,230068.200000000000,109244.833333333333,229381.857142857143,119764.714285714286,24828234.00,21644691.00,1869776,2342755,151680.000000000000,332115.333333333333
2025-01-17,719176,256130,351404,312520,122894,111794,2274606.00,-4637159.00,25148640.00,73311896.00,221026.466666666667,105974.433333333333,150285.571428571429,95849.857142857143,40043430.00,47181195.00,2093413,3486060,86319.333333333333,140825.333333333333
2025-01-16,112982,132491,58326,41453,33567,68075,1434599.00,-15983501.00,72980392.00,10155864.00,235322.933333333333,106068.766666666667,171742.571428571429,90943.571428571429,16941483.00,43835783.00,2103530,3444416,74397.000000000000,154383.666666666667
2025-01-15,164188,66419,92888,57593,22637,30042,1709096.00,-3818916.00,11766702.00,9891224.00,233511.833333333333,105429.366666666667,173019.000000000000,92012.000000000000,6437192.00,12044204.00,2098890,3389182,104549.000000000000,171171.000000000000
2025-01-14,145306,60048,70395,64745,23155,30197,-1060160.00,-2829941.00,16855215.00,9614727.00,233788.933333333333,107663.166666666667,168603.428571428571,99215.428571428571,10817638.00,13545419.00,2081369,3346532,107755.000000000000,154673.666666666667
2025-01-13,153657,96724,71630,68464,36636,37106,879912.00,-5932008.00,21507435.00,10966781.00,234772.066666666667,107434.033333333333,167853.571428571429,92538.142857142857,9839790.00,17376710.00,2041046,3290697,105089.000000000000,158622.000000000000
2025-01-10,214550,156875,100493,95760,60709,71823,-334404.00,-1901547.00,24535735.00,18767556.00,234018.533333333333,105086.266666666667,159417.714285714286,82419.142857142857,16224494.00,17791637.00,2032580,3354647,85513.000000000000,174832.333333333333
2025-01-08,95814,69666,39909,43998,22558,19841,299864.00,-131354.00,32909513.00,7170375.00,234801.266666666667,104160.100000000000,167337.285714285714,87175.285714285714,5067858.00,5499076.00,2010554,3337329,86923.666666666667,200602.000000000000
2025-01-07,165502,88726,78117,66953,26878,47427,931270.00,-3190511.00,19320680.00,17753862.00,232951.900000000000,104173.866666666667,160278.714285714286,96913.857142857143,11243067.00,15364848.00,1976583,3298617,94172.333333333333,183567.000000000000
2025-01-06,263181,98147,104882,128214,41013,39900,-1967753.00,748359.00,14587761.00,29272361.00,229323.966666666667,102593.100000000000,133883.000000000000,86581.714285714286,16349434.00,13633322.00,1944662,3220943,78117.666666666667,145309.333333333333
2025-01-03,173123,73898,85872,73058,31603,30894,-219896.00,883057.00,10662397.00,10896755.00,226890.833333333333,101532.866666666667,138727.000000000000,89026.857142857143,8971481.00,7868528.00,1982872,3276418,82165.666666666667,139434.666666666667
2025-01-02,114397,110472,52628,50748,17515,21228,62217.00,529779.00,80645132.00,8970507.00,228150.766666666667,100248.666666666667,153125.857142857143,93681.142857142857,6594880.00,6127318.00,1972587,3252306,79661.333333333333,151719.333333333333
2024-12-31,148408,49983,70668,65017,14741,30393,1110866.00,-2479848.00,10438941.00,10455492.00,228428.433333333333,100675.433333333333,166794.714285714286,106215.857142857143,7438858.00,11029572.00,1956512,3209265,115299.000000000000,140947.333333333333
2024-12-30,155499,86042,75848,66423,17574,24290,7733536.00,-797089.00,56545205.00,21476721.00,230188.133333333333,102579.566666666667,179769.142857142857,106096.714285714286,7979972.00,17235597.00,1962920,3160419,95225.666666666667,115251.333333333333
2024-12-27,151251,102959,66409,73706,48996,29798,351351.00,2687408.00,29980887.00,10540603.00,233001.133333333333,101580.966666666667,182070.428571428571,99282.428571428571,11101893.00,8765836.00,1961622,3320411,91244.000000000000,133844.666666666667
2024-12-26,116092,156896,56457,50348,21325,23308,1230697.00,-242060.00,144753496.00,8649065.00,234350.766666666667,99028.700000000000,203941.714285714286,87562.857142857143,7177052.00,8649809.00,1955008,3304737,86629.333333333333,166877.000000000000
2024-12-24,78411,25822,35800,34135,9078,13376,448077.00,21674.00,3817217.00,5858251.00,238119.866666666667,101293.533333333333,230884.428571428571,95360.857142857143,3891221.00,4317624.00,1953955,3286528,123930.666666666667,222103.333333333333
2024-12-23,207031,91014,106219,77685,17522,39956,2379321.00,-1708492.00,19581660.00,15762363.00,239097.800000000000,101042.300000000000,254134.571428571429,101642.428571428571,8258243.00,12346056.00,1934000,3224816,121995.333333333333,235199.666666666667
2024-12-20,215189,143052,107793,88266,36051,52386,-803167.00,-2975792.00,22157933.00,13739524.00,244341.466666666667,102082.433333333333,257019.428571428571,94749.428571428571,12433826.00,14606451.00,2094932,3767381,92731.000000000000,219256.666666666667
2024-12-19,244090,137726,97534,127361,56550,45195,-970751.00,1147018.00,70617529.00,19517547.00,246760.133333333333,102093.533333333333,270560.000000000000,94635.571428571429,23987971.00,21870202.00,2098916,3731367,71775.333333333333,227623.666666666667
2024-12-18,246320,85208,100762,121661,34264,32779,-1652507.00,-1779950.00,13133622.00,20317931.00,244837.900000000000,102538.566666666667,267215.142857142857,93715.571428571429,13542051.00,13669494.00,2102522,3687388,70175.333333333333,234520.333333333333
2024-12-17,167360,55259,73883,83178,26463,21610,-990963.00,1476915.00,13844033.00,10039103.00,245119.633333333333,104350.666666666667,283008.000000000000,103522.714285714286,10061945.00,7594067.00,2092493,3659464,96750.666666666667,301994.333333333333
2024-12-16,269191,74859,126488,122571,31825,32370,1598431.00,2076124.00,13710200.00,19699520.00,252752.000000000000,110783.900000000000,316682.285714285714,131785.571428571429,13423508.00,12945815.00,2077014,3599814,103398.000000000000,290725.000000000000
2024-12-13,267010,80408,120576,118816,31994,33288,1227333.00,-137435.00,11948835.00,15543311.00,257331.866666666667,118454.533333333333,330616.857142857143,139788.714285714286,9700001.00,11064769.00,2124469,3644301,122238.333333333333,314679.666666666667
2024-12-12,369782,134985,183865,160118,42372,45164,2433535.00,-2624065.00,57104693.00,23556197.00,251573.466666666667,118665.166666666667,341780.000000000000,143079.142857142857,14498352.00,20634252.00,2073849,3542057,103499.333333333333,265721.000000000000
2024-12-11,235383,94801,108798,106860,38846,38503,2534796.00,-1358073.00,12165401.00,18893736.00,247278.900000000000,118138.766666666667,385564.714285714286,148867.714285714286,11212648.00,15105517.00,2044581,3447932,113202.000000000000,279896.666666666667
2024-12-10,338874,136929,151813,162002,56790,52638,138958.00,-84918.00,19728862.00,28376859.00,239857.100000000000,115706.500000000000,352847.714285714286,136054.571428571429,19151437.00,19375313.00,2006483,3331593,158458.666666666667,335242.333333333333
2024-12-09,222906,78768,105146,96857,25970,37372,1490874.00,-402442.00,14785256.00,17582654.00,240346.566666666667,116193.200000000000,342949.571428571429,142953.714285714286,10912668.00,12805984.00,1968837,3257209,177679.333333333333,382457.666666666667
2024-12-06,277910,123909,127861,127212,41369,51685,603786.00,-1485049.00,19465212.00,20171147.00,234513.966666666667,114942.733333333333,329412.571428571429,138088.142857142857,13532537.00,15621372.00,1990672,3344608,189049.000000000000,439129.000000000000
2024-12-05,504911,272699,210380,242228,92976,91591,-7652917,-93160,77681598,43070637,221553.166666666667,107265.700000000000,284703.000000000000,111480.000000000000,33400169,25840412,1914600,3172040,143256.333333333333,451450.666666666667
2024-12-04,364552,136430,169879,161824,52808,57813,2749653,4242598,29431575,30092572,212268.933333333333,104148.166666666667,249666.428571428571,97973.000000000000,26282474,24789529,1880825,3057165,113525.333333333333,366551.666666666667
2024-12-03,447924,158018,195979,200071,65419,60772,-497657,1160546,24430809,35343825,201504.100000000000,101343.833333333333,201394.571428571429,88133.142857142857,23100709,21442506,1828538,2908889,103206.666666666667,268450.000000000000
2024-12-02,541876,135321,287038,206694,56307,61130,3826188,-966405,16845707,46594067,189130.833333333333,99447.000000000000,146032.714285714286,76047.857142857143,23114405,27906998,1789257,2770442,88049.666666666667,148875.000000000000
2024-11-29,109855,47237,52528,47187,17698,20076,716326,-465428,4436093,8326034,189060.066666666667,103090.233333333333,144643.285714285714,75312.714285714286,4786332,5968086,1833468,2918980,101118.000000000000,176238.000000000000
2024-11-27,153619,127062,63258,71920,43484,32698,-1060326,-122805,49764112,11472202,190341.166666666667,103169.633333333333,144439.857142857143,67439.000000000000,8430161,7492640,1794561,2892219,72724.333333333333,164797.000000000000
2024-11-26,183151,89850,73851,90456,31248,39008,-871349,-785005,28013166,14932004,188911.433333333333,103163.066666666667,140666.571428571429,63572.714285714286,8600300,8513956,1761896,2845137,72487.333333333333,140420.333333333333
2024-11-25,191944,86442,90652,80769,34807,39996,1653005,157636,9622458,19058382,185910.733333333333,102723.100000000000,143001.714285714286,71676.142857142857,10965378,12460747,1733392,2810797,60581.333333333333,127886.666666666667
2024-11-22,119296,41881,72251,38245,13890,20330,1095203,-253699,7013596,7163678,188070.166666666667,104143.000000000000,159622.428571428571,76121.857142857143,3627558,4976460,1773408,2873271,60651.333333333333,121497.666666666667
2024-11-21,110021,89139,54784,42152,24403,28689,1170790,877784,50728424,9401234,188192.166666666667,105279.066666666667,166273.857142857143,74863.142857142857,7591513,7884519,1754530,2855567,54920.333333333333,135555.666666666667
2024-11-20,154343,50724,58335,76549,23853,20208,-529959,378408,5382545,10960655,187969.700000000000,105375.966666666667,171579.714285714286,81012.142857142857,7024892,6116525,1736192,2812497,58941.000000000000,136354.000000000000
2024-11-19,100129,42091,44392,45840,15022,19482,-689275,-572042,7657714,10237347,192229.333333333333,106429.433333333333,191042.571428571429,86924.428571428571,5589122,5471889,1724658,2794844,92632.666666666667,172407.666666666667
2024-11-18,152195,71946,69519,62917,24763,34274,1072012,-517350,7927633,11498222,192567.000000000000,106161.966666666667,222514.571428571429,101540.142857142857,5673924,7263286,1691699,2737232,92984.333333333333,200223.000000000000
2024-11-15,156738,62786,68631,69016,22553,32443,377368,-1728968,9157642,12948729,193317.300000000000,106534.633333333333,245359.142857142857,112293.428571428571,6756733,8863069,1951922,3123182,98831.666666666667,200170.666666666667
2024-11-14,208290,143166,86176,75559,41696,53513,829807,322145,67428448,18179178,191296.766666666667,104952.933333333333,242553.857142857143,105921.000000000000,19397726,23032688,1943563,3040322,82365.333333333333,194568.666666666667
2024-11-13,235641,73001,126197,80066,31249,32490,4036942,545695,6497660,18780184,188140.833333333333,104444.366666666667,234006.857142857143,111152.571428571429,9458495,12949742,1930842,2943568,85857.333333333333,194811.333333333333
2024-11-12,156581,80328,71005,71698,31925,36035,-582865,-1665746,13586748,13719202,188955.300000000000,104849.633333333333,282804.142857142857,137942.285714285714,9505985,10588866,1916381,2927116,117166.666666666667,266784.000000000000
2024-11-11,191484,93767,94220,81693,49161,34263,-1103486,1483421,12084160,21905071,188221.500000000000,104033.666666666667,313221.571428571429,168908.000000000000,15310580,12723673,1894063,2880581,131930.666666666667,308506.000000000000
2024-11-08,236369,83477,112060,101353,38822,36328,-1010370,-602215,5850618,26556234,193211.033333333333,105750.300000000000,307601.714285714286,177169.000000000000,14317477,13909322,1996331,2926035,136958.000000000000,292600.666666666667
2024-11-07,372499,174256,176280,142033,59177,72011,4082746,-7027265,59592760,51389299,191655.433333333333,103537.533333333333,269608.428571428571,163562.285714285714,24900024,36010035,1959230,2850569,115413.333333333333,227038.333333333333
2024-11-06,316650,138059,169994,114665,65767,60520,2928741,208532,11040499,38213882,195926.566666666667,104721.400000000000,240975.571428571429,152976.857142857143,20429852,23150061,1937452,2810871,158679.000000000000,287542.333333333333
2024-11-05,188653,98559,101537,73401,40310,44254,486453,-1151887,16346900,18194468,200317.333333333333,106398.233333333333,247966.571428571429,152235.428571428571,11550880,13189220,1915450,2767911,229335.000000000000,359460.000000000000
2024-11-04,175812,109622,75321,83979,47466,47944,161270,238952,13654071,15126346,210712.933333333333,108954.900000000000,237555.142857142857,148917.285714285714,10332330,10254648,1882742,2735639,239895.666666666667,366532.666666666667
2024-11-01,498162,267856,235414,217315,113598,124752,-438788,398567,19957978,37392320,220842.633333333333,107088.166666666667,182973.000000000000,116707.571428571429,24359581,23522226,2042900,2900091,176946.666666666667,235994.000000000000
2024-10-31,404406,310527,159167,181068,162263,114016,-1555504,2230639,30186552,36057642,220232.766666666667,107193.133333333333,137490.000000000000,78475.714285714286,27603504,23817361,1896298,2766395,94758.000000000000,139932.000000000000
2024-10-30,197030,141304,92553,88287,72258,58468,-1123016,1700513,12647681,19156251,224970.700000000000,107266.200000000000,127197.000000000000,68844.857142857143,15564930,12741401,1845265,2706313,78779.666666666667,153452.000000000000
2024-10-29,106546,79009,50108,42770,48779,22493,930061,1175014,6890763,13757457,245918.400000000000,112785.766666666667,136358.714285714286,68760.142857142857,8980704,8735751,1808660,2689973,81241.666666666667,152247.333333333333
2024-10-28,116220,63961,62039,43586,29556,26387,1381921,71249,7341925,11674554,263794.933333333333,115964.900000000000,135146.142857142857,81984.857142857143,6621876,7932548,1782709,2659286,74050.666666666667,152203.000000000000
2024-10-25,237590,93369,133784,81217,43936,37098,2882347,1823376,12170986,19192190,261147.766666666667,116919.000000000000,128640.714285714286,87138.428571428571,11443852,12502823,1822241,2733283,57229.000000000000,101681.333333333333
2024-10-24,102932,86395,51256,39131,22325,18441,926101,1398093,65268507,8470419,262326.966666666667,125875.533333333333,133973.142857142857,87603.857142857143,5919762,5447770,1808405,2705484,53060.000000000000,109030.333333333333
2024-10-23,116087,42388,50333,56162,19096,17294,93337,-12705,3637286,11076100,264294.200000000000,127192.500000000000,131949.714285714286,92011.714285714286,6310824,6416866,1793341,2665481,65069.333333333333,127227.333333333333
2024-10-22,86025,42904,36936,41324,18404,18908,-188202,455374,8014619,8187871,266874.200000000000,128939.566666666667,145957.428571428571,97950.857142857143,6190592,5547016,1772168,2645897,102946.000000000000,134463.000000000000
2024-10-21,124979,73888,63703,52623,32997,36092,835430,-850741,6719679,9033547,267100.433333333333,130639.833333333333,144343.428571428571,104998.428571428571,5812432,7498603,1750724,2603493,121464.666666666667,156820.666666666667
2024-10-18,170678,78416,70041,80250,28757,35926,-282102,-1025113,8677418,14466366,269221.766666666667,134267.133333333333,141056.428571428571,101457.714285714286,8690291,9433302,1943980,2941598,125210.333333333333,146681.000000000000
2024-10-17,107732,156534,46146,54386,53569,70341,-275093,-12453524,115315356,8897590,270079.033333333333,141342.533333333333,158225.857142857143,89623.571428571429,32287634,46641075,1932283,2935617,97446.666666666667,144744.666666666667
2024-10-16,192052,129444,79874,90156,56495,53208,-867846,491043,11904458,16503180,271426.800000000000,141093.566666666667,153979.142857142857,80263.285714285714,12367686,11008797,1865137,2875520,82458.000000000000,142087.000000000000
2024-10-15,140259,89653,63058,67228,37118,43335,-1451925,-1313715,9633536,12874181,276669.866666666667,145291.166666666667,159548.857142857143,78022.285714285714,10148414,10010204,1840993,2849087,93647.333333333333,133227.666666666667
2024-10-14,101923,73243,46023,49248,34759,27799,936246,530740,6744051,9853715,301518.800000000000,154055.366666666667,166084.714285714286,81232.571428571429,6639573,7045079,1807010,2831793,87110.000000000000,148476.333333333333
2024-10-11,184079,84478,81170,86494,35532,43515,-51108,-1738238,10667012,15283397,302382.066666666667,165242.666666666667,159925.285714285714,77413.428571428571,10591998,12279128,1839209,2944539,83515.666666666667,163089.333333333333
2024-10-10,113681,123221,42069,57005,34203,34637,-1117426,-4459411,70350191,10449624,304228.266666666667,165288.100000000000,169544.428571428571,73022.714285714286,8552338,15931823,1838715,2923387,63749.333333333333,179304.000000000000
2024-10-09,147669,53631,74577,60581,18707,23733,1264078,54356,6074945,11303143,303967.033333333333,166197.400000000000,172658.857142857143,75259.428571428571,6314086,7523808,1817095,2904885,70527.666666666667,189830.000000000000
2024-10-08,227918,73695,131463,79124,31045,36770,1824897,-899799,5863137,16867527,301306.400000000000,169042.866666666667,195249.857142857143,84013.857142857143,8745919,11470615,1801554,2875457,77867.666666666667,163082.000000000000
2024-10-07,162325,63922,66290,83650,22873,23518,-553330,88660,11559159,14557636,304020.433333333333,171705.633333333333,218607.857142857143,90292.571428571429,9180991,8539001,1767623,2824221,75808.333333333333,155961.333333333333
2024-10-04,179247,73966,91870,68333,29561,27722,384609,-678014,8515950,12495146,308680.966666666667,182328.500000000000,256541.714285714286,104522.428571428571,7104788,8167411,1821374,2930671,81981.666666666667,156550.666666666667
2024-10-03,147674,95715,60134,78200,36858,27052,-994518,6666162,53481460,11065574,308120.933333333333,181101.100000000000,281213.428571428571,112115.142857142857,15880318,8009808,1803511,2904236,73172.666666666667,163816.000000000000
2024-10-02,140963,57744,56008,60646,25447,27880,-230671,-258978,4550686,14038561,309691.133333333333,182818.100000000000,330744.428571428571,130483.428571428571,6963965,6992272,1796277,2863693,98916.666666666667,245513.333333333333
2024-10-01,181015,92486,71190,92483,44176,39685,-1550648,605304,8289137,18551531,312115.766666666667,185204.900000000000,419464.142857142857,147536.000000000000,12759203,10603251,1779153,2837696,104045.666666666667,293785.333333333333
2024-09-30,169470,69288,62540,94633,29871,33319,-2432667,-540831,6208138,15217811,314438.200000000000,189051.666666666667,450412.714285714286,182448.571428571429,10518780,8626944,1752028,2791585,138808.000000000000,385556.666666666667
2024-09-27,386055,134976,179076,180457,54608,69331,699651,-15329,13725132,37326259,311959.866666666667,205242.833333333333,443714.571428571429,183665.714285714286,21310062,22025042,1822526,2927564,143437.333333333333,363663.666666666667
