date,call_volume,put_volume,call_volume_ask_side,call_volume_bid_side,put_volume_ask_side,put_volume_bid_side,net_call_premium,net_put_premium,call_premium,put_premium,avg_30_day_call_volume,avg_30_day_put_volume,avg_7_day_call_volume,avg_7_day_put_volume,bearish_premium,bullish_premium,put_open_interest,call_open_interest,avg_3_day_put_volume,avg_3_day_call_volume
2026-09-25,16275,12055,7224.0,7883.0,5531.0,5442.0,95689.00,-15587.00,2089216.00,1245329.00,19278.3667,13835.1,20103.2857,14921,1558854.00,1670130.00,401935,309465,19339.3333,11314.3333
2026-09-24,13548,27316,7509.0,5547.0,11713.0,12999.0,486819.00,343857.00,1356907.00,1302870.00,19087.9,13208.2333,21190.2857,14462,1211260.00,1354222.00,386020,303256,11457.6667,14882.3333
2026-09-23,8934,23679,2982.0,3765.0,1453.0,1851.0,-13223.00,-75113.00,705586.00,2319879.00,19045.2,12587.8333,21320.4286,12658.7143,432233.00,494123.00,382813,299861,9975,19184.6667
2026-09-22,11461,7023,4775.0,5805.0,3013.0,3625.0,-28771.00,96220.00,921809.00,780007.00,19135.7,12760.6,21301,13021.4286,840347.00,715356.00,380284,295363,10544.3333,30201.3333
2026-09-21,24252,3671,14670.0,8811.0,1549.0,1883.0,640611.00,-36427.00,2034872.00,285117.00,18863.6,13045.0333,20593,15622.7143,796397.00,1473435.00,384130,284340,14252.6667,27509.3333
2026-09-18,21841,19231,12252.0,8478.0,7146.0,9621.0,859248.00,-439898.00,2724039.00,2159981.00,18670.6333,13294.3333,19858,15141.7143,1599963.00,2899109.00,436627,344729,15876.6667,27281.3333
2026-09-17,44511,8731,26206.0,17039.0,4476.0,3559.0,1403321.00,-146515.00,3441355.00,583662.00,18299.2667,14854.6333,15024.7143,14545.4286,1191747.00,2741583.00,437801,330094,16651.6667,15726
2026-09-16,16176,14796,5052.0,10673.0,2829.0,5305.0,-214161.00,-159881.00,449747.00,1601959.00,18410.1,15150.1,14169.8571,13780.8571,615474.00,561194.00,436142,329160,14907,14109
2026-09-15,21157,24103,8255.0,10746.0,9509.0,13685.0,-271850.00,194812.00,676271.00,2355794.00,18258.9333,14708.4667,13273,12410.4286,1670972.00,1204310.00,421407,316304,14166,13488.6667
2026-09-14,9845,11056,4157.0,5159.0,3739.0,1833.0,-59650.00,5527.00,262922.00,1126075.00,18508.9667,14966.5,14373.5714,12792.7143,315720.00,250543.00,419021,310662,15768.6667,15772.3333
2026-09-11,11325,9562,3337.0,2294.0,2194.0,1639.0,28968.00,35347.00,304598.00,2248194.00,19129.2,15896.4667,15140.1429,13702.8571,296212.00,289833.00,423636,323482,14100.3333,15556.6667
2026-09-10,19296,21880,4133.0,8212.0,9088.0,2885.0,-207706.00,1354582.00,679721.00,3198311.00,19497.9667,16333.8333,15927.2857,12249.8571,1869015.00,306727.00,406756,313442,9955,12522
2026-09-09,16696,15864,5692.0,9372.0,7498.0,5010.0,-441087.00,136192.00,1097506.00,752688.00,22084.2,17525.7,16104.2857,10970.7143,1110008.00,532729.00,403893,303568,9503.6667,11916.3333
2026-09-08,10678,4557,3873.0,4723.0,2716.0,1384.0,65462.00,12886.00,459583.00,289090.00,21994.1667,17527.9,30476,12775.1429,329798.00,382374.00,403592,298990,12562,14206.6667
2026-09-04,10192,9444,6092.0,3173.0,3505.0,3978.0,68433.00,-98684.00,245193.00,563593.00,21985.5,17571.9667,30924.2857,15419.5714,265234.00,432351.00,410381,315557,14725,16373
2026-09-03,14879,14510,7548.0,6484.0,2373.0,5671.0,32787.00,-45582.00,390986.00,1129252.00,22081.3,18379.5,31400,15064,274113.00,352482.00,402357,309166,13791.3333,19682
2026-09-02,17549,13732,8765.0,7883.0,7329.0,5894.0,310718.00,74111.00,1329291.00,1102289.00,22524.5667,19818.4667,31074.8571,16032.7143,1064182.00,1300789.00,407461,302264,11517.3333,19810.6667
2026-09-01,16691,15933,9825.0,5812.0,8075.0,7551.0,550137.00,-384588.00,1208972.00,2279369.00,22492.8333,19635.1333,30884.2857,15140,1240849.00,2175574.00,398192,293450,11935.6667,51340.3333
2026-08-31,24806,11709,13998.0,9197.0,4824.0,6039.0,1159497.00,-292734.00,2417733.00,1592284.00,22896.6333,20345.6,29662.7143,14776.5714,1204787.00,2657018.00,394598,280532,17351,47515
2026-08-28,17935,6910,7953.0,8390.0,2633.0,3197.0,130224.00,19689.00,553286.00,236283.00,25987.3,22382.4667,28730.4286,14769.8571,303688.00,414223.00,405136,302642,19054.6667,47606.3333
2026-08-27,111280,17188,55649.0,49374.0,7376.0,8136.0,501586.00,51018.00,2912335.00,918051.00,25804.2667,24635.8333,14582.7143,13347.5714,1550427.00,2000995.00,395042,258906,20163,15604
2026-08-26,13330,27955,5289.0,7176.0,22341.0,4291.0,-35624.00,339968.00,782314.00,844196.00,28744.2667,26746.4333,14360.4286,11607.5714,965737.00,590145.00,386712,252234,14072.6667,16279.6667
2026-08-25,18209,12021,8710.0,7839.0,3858.0,5334.0,100243.00,30509.00,954157.00,1000053.00,32324.3,33641.0333,13397.7143,11315.4286,554287.00,624021.00,381090,244378,13120.6667,15628.3333
2026-08-24,15273,20513,6797.0,7377.0,7273.0,5607.0,-100198.00,71714.00,897268.00,2193905.00,32197.2333,33063.5333,12641,10524.1429,1188033.00,1016121.00,376543,237860,8570.6667,14340.3333
2026-08-21,15357,9684,5491.0,8661.0,5743.0,3067.0,-51017.00,24259.00,999399.00,594604.00,31991.4333,33526.8,11566.2857,10356.4286,765089.00,689813.00,469723,303708,7753.3333,13303.3333
2026-08-20,16255,9165,10704.0,5017.0,4282.0,4448.0,523631.00,470625.00,1267260.00,1843992.00,31829.5333,33403.5667,10337.4286,9771,1492135.00,1545141.00,466216,297780,9956.6667,11809.6667
2026-08-19,11409,6863,5029.0,5463.0,3921.0,2269.0,-204117.00,939104.00,675440.00,1773556.00,31833.4,33442,10732.7143,10534.2857,1741807.00,598586.00,465272,292574,10994.3333,11830
2026-08-18,12246,7232,5749.0,5834.0,4791.0,1969.0,-91157.00,369336.00,488589.00,774401.00,31913.0667,33713.0333,11281.7143,11244.5714,835853.00,375360.00,462124,289314,13575,11073.3333
2026-08-17,11774,15775,3952.0,7360.0,7669.0,4030.0,-347063.00,880931.00,630780.00,2755974.00,32225.1333,34242.8,11892.8571,12806.7143,2035110.00,807116.00,460484,284456,11153.3333,9760
2026-08-14,11470,9976,3794.0,7092.0,5484.0,3867.0,-238341.00,1972870.00,807517.00,5208451.00,32408.8667,34552.8667,15021.4286,19315.8571,3905795.00,1694584.00,469440,299683,9517,8487.6667
2026-08-13,9976,14974,3648.0,5791.0,9543.0,4773.0,-296618.00,499209.00,737040.00,962457.00,32539.8,34294.9667,16382.1429,20556.7143,1215925.00,420098.00,467158,297000,8594.3333,9887.6667
2026-08-12,7834,8510,2543.0,5008.0,5386.0,2531.0,-339200.00,1033692.00,782608.00,2499070.00,33133.9,34438.9333,17637.5714,20891.5714,2257306.00,884414.00,463901,296126,9825.6667,12639.3333
2026-08-11,7653,5067,2668.0,4391.0,1787.0,3122.0,-209810.00,112522.00,511606.00,296369.00,34576.3333,35215.1333,19022.2857,22853,532584.00,210252.00,460605,294709,17040,15439
2026-08-10,14176,12206,6120.0,7336.0,7374.0,3925.0,-274882.00,2224130.00,949475.00,6213783.00,35827.8667,35739.3333,21273.1429,26460.8571,4667844.00,2168832.00,454866,292536,31484.6667,21837
2026-08-07,16089,12204,5640.0,7367.0,4355.0,7029.0,-71186.00,109561.00,577089.00,984544.00,35888.5,35657.9,23311.7143,29717.5714,779530.00,598783.00,477616,314381,35303.3333,22974.3333
2026-08-06,16052,26710,6128.0,5105.0,2856.0,6358.0,16022.00,-209199.00,727546.00,2644415.00,35737.7,34926.7333,34487.5714,33276.1429,500907.00,726128.00,468064,313008,30018,23164.3333
2026-08-05,33370,55540,14206.0,15934.0,33611.0,17471.0,-375096.00,4371666.00,1534221.00,7584824.00,35121.1667,33163.4667,30860,26002.2857,6646663.00,1899901.00,445272,304154,17770.3333,17823
2026-08-04,19501,23660,9766.0,6906.0,8307.0,13189.0,153176.00,-146986.00,1581416.00,2730880.00,35009.0333,32731.2667,29493,24160.2857,1796904.00,2097066.00,437565,298553,22370.6667,21300
2026-08-03,16622,10854,11795.0,3778.0,4617.0,4708.0,231321.00,1300974.00,779998.00,9757077.00,35168.7,32546.4333,29654.5714,28143.4286,5483532.00,4413879.00,433862,287154,30419.6667,25879
2026-07-31,17346,18797,7453.0,6222.0,8414.0,6082.0,-142176.00,10584456.00,865835.00,19852819.00,35593.1667,32189.5667,31583.2857,33586.8571,14866093.00,4139461.00,449693,311894,41360.6667,51524.6667
2026-07-30,29932,37461,9065.0,11216.0,16357.0,10831.0,-334349.00,8839093.00,1203326.00,53897656.00,34883.5667,31291.2333,29555.7143,29725.7143,27469590.00,18296148.00,433149,316667,30414.6667,44206.3333
2026-07-29,30359,35001,11817.0,16249.0,8086.0,23562.0,-356342.00,-293431.00,2555420.00,4550770.00,34614.3333,30355.9333,30493,29443.1429,3384238.00,3321327.00,408401,311801,22336.3333,37397.3333
2026-07-28,94283,51620,36160.0,44686.0,13325.0,24249.0,-1007379.00,-717676.00,5126324.00,4128844.00,32011.8333,29386.2333,32831.8571,31785.4286,3765999.00,3476296.00,388163,274516,18041.6667,11887.3333
2026-07-27,7977,4623,4311.0,2876.0,1944.0,2051.0,42390.00,21621.00,226027.00,199066.00,32717.8667,29587.8333,46805,43237.7143,184395.00,205164.00,386849,270368,35467.6667,19510.6667
2026-07-24,9932,10766,3579.0,5472.0,6102.0,3858.0,-49079.00,495859.00,343623.00,1267546.00,33670.6,30443.6667,59890.4286,54738.7143,1002102.00,457164.00,414324,293753,35356.6667,21446.3333
2026-07-23,17753,38736,6424.0,6830.0,23344.0,10314.0,-101823.00,-541937.00,659438.00,4015394.00,33741.8,29784.4,75298.5714,80470.5714,1677083.00,2117197.00,410821,293429,33452.3333,27835.3333
2026-07-22,30847,56901,7918.0,17405.0,40976.0,11556.0,-918339.00,2801731.00,2452978.00,5348179.00,33366.3,28098.4333,72529.1429,72797.2857,5073493.00,1353423.00,378942,285753,37157.3333,54438
2026-07-21,15739,10433,5203.0,5578.0,3934.0,3800.0,-29184.00,112644.00,743679.00,1359053.00,33689.1667,28570.2333,71592.5714,74675.7143,548809.00,406981.00,377016,283547,61942.6667,84454.6667
2026-07-20,36920,33023,12676.0,14635.0,10081.0,13394.0,-162038.00,-518561.00,1756821.00,6843435.00,32810.4,27627.7667,67946.5714,70739.2857,2408777.00,2765300.00,357179,269152,81359.3333,105991.3333
2026-07-17,110655,68016,57964.0,33600.0,25042.0,25952.0,1280320.00,-1119477.00,5243159.00,5542945.00,29592.7667,25519,53785.1429,62167.8571,2743069.00,5142866.00,448298,350859,131640.3333,110976.3333
2026-07-16,105789,84789,48676.0,38155.0,24550.0,31813.0,647991.00,511574.00,4327477.00,8888403.00,26817.0667,22984.4333,40763.2857,52249.8571,4207504.00,4343921.00,419076,331916,104440,79533.6667
2026-07-15,101530,91273,52818.0,33776.0,31835.0,36515.0,1044496.00,-177431.00,4029249.00,15477663.00,24179.3,20187.5,29278.4286,43734.8571,8056422.00,9278349.00,391998,319942,81876.3333,48751.3333
2026-07-14,125610,218859,50866.0,65272.0,101209.0,90152.0,-318404.00,5638188.00,4579942.00,22201664.00,20973.9,13106.2333,13760.1429,15223.2857,14362466.00,8405874.00,296180,286681,10746,10680.6667
2026-07-13,11461,3188,7661.0,3276.0,1484.0,1570.0,159099.00,-24001.00,242562.00,244274.00,21323.1,13784.1667,14109.1429,15801.7143,140664.00,323764.00,295749,281765,12355.3333,10702
2026-07-10,9183,23582,3885.0,4385.0,20257.0,2594.0,-29194.00,1101171.00,310430.00,1331378.00,22229.3667,13675.0667,16462.5714,14265.5714,1353779.00,223414.00,283798,295003,9615.6667,12519.6667
2026-07-09,11398,5468,3731.0,6818.0,1261.0,3977.0,-76025.00,-153315.00,276482.00,220445.00,22519.5667,13833.1,22109.4286,17534.8571,198714.00,276004.00,280236,292847,18349,15765.6667
2026-07-08,11525,8016,3991.0,4717.0,5411.0,2211.0,2048.00,564592.00,342109.00,879320.00,22750.5667,13940.9,27851.8571,20380,824686.00,262142.00,276302,290106,22103,17584.6667
2026-07-07,14636,15363,5825.0,6523.0,3249.0,8259.0,3355.00,-519664.00,579765.00,1165435.00,23012,13787.3333,28319.2857,19579.7143,440537.00,963556.00,275603,287320,19394.3333,17340.6667
2026-07-06,21136,31668,13554.0,5829.0,11471.0,14521.0,247001.00,-128793.00,888975.00,1632487.00,23011.7333,13050.8333,26946.7143,15737.8571,935824.00,1312005.00,273107,280230,13114.6667,18847.6667
2026-07-02,16982,19278,6681.0,7756.0,8202.0,8867.0,-412396.00,191359.00,990604.00,853590.00,22777.7667,12507.7333,26645.5714,13361.2857,1169116.00,565361.00,280093,289616,16139.6667,30162.3333
2026-07-01,13904,7237,8069.0,4562.0,2129.0,4228.0,273904.00,-101567.00,746367.00,347277.00,22924.6667,12601.8667,26964.5714,13855.1429,319190.00,694661.00,276952,287610,23038,42768.3333
2026-06-30,25657,12829,15944.0,7689.0,3389.0,8812.0,580832.00,-168094.00,1269692.00,452777.00,22614.0667,12441.4333,26358.1429,12780.8571,446280.00,1195206.00,270871,279579,22015.3333,40185.3333
2026-06-29,50926,28353,20097.0,17552.0,9241.0,8643.0,71531.00,288481.00,1987348.00,2880350.00,21461.9,11679.3,23380.1429,9886.2857,1553478.00,1336528.00,272794,266982,14156,27052.6667
2026-06-26,51722,27932,20567.0,22573.0,11420.0,6424.0,170697.00,437827.00,1092281.00,2044710.00,20884.1667,11180.6667,17226.1429,7397.5714,1197467.00,930337.00,275677,283750,5726,14770
2026-06-25,17908,9761,8527.0,3476.0,3015.0,1586.0,151463.00,-45188.00,790656.00,1462834.00,20792.5333,11067.6333,17851,6994.8571,485489.00,682140.00,271875,277150,6037,14179.6667
2026-06-24,11528,4775,2623.0,8083.0,1850.0,2642.0,-563497.00,-45927.00,836814.00,325850.00,21846.3333,11941,18519.5714,9531.1429,812113.00,294543.00,271244,270837,6215,17474.3333
2026-06-23,14874,2642,9925.0,3612.0,793.0,1512.0,-151630.00,-150977.00,636102.00,327277.00,21978.5667,12204.2,20560.1429,10678.1429,428726.00,428073.00,270020,261334,8031.3333,22543
2026-06-22,16137,10694,8033.0,6704.0,2891.0,6820.0,-598985.00,10901.00,1168077.00,540816.00,21822.1,12652.7,23756.8571,14356.2857,1060222.00,450336.00,263333,253345,7970.3333,20045.3333
2026-06-18,21412,5309,13203.0,5725.0,2120.0,2269.0,-153756.00,-6425.00,842377.00,275014.00,22210,13446.8333,23539.2857,16306.1429,584197.00,436866.00,316614,338909,8514.6667,20335.3333
2026-06-17,30080,8091,18201.0,7685.0,4816.0,2177.0,267949.00,135683.00,610832.00,323905.00,22396.8333,14111.7667,22039.5714,16053.4286,356058.00,488324.00,313033,332907,13327.3333,15711.3333
2026-06-16,8644,10511,3741.0,4345.0,3151.0,6752.0,-43222.00,-82699.00,245071.00,433045.00,22871.9,14733.7667,24436.8571,18064.2857,288055.00,327532.00,306983,329890,13380.6667,22549.3333
2026-06-15,22282,6942,12875.0,7732.0,2256.0,2818.0,199197.00,-198508.00,736462.00,641501.00,23135.4333,15644.1333,22761.8571,17751,369832.00,767537.00,304530,325142,23213.6667,27960
2026-06-12,16208,22529,7829.0,6878.0,9341.0,7147.0,121187.00,557255.00,612216.00,2559885.00,24089.2,15328.1667,22464.4286,15211.5714,1397557.00,961489.00,301472,341736,22023.3333,29187
2026-06-11,29158,10671,11205.0,8709.0,3751.0,5879.0,67243.00,-198256.00,1144993.00,863192.00,23606.6333,15571.3333,21515.8571,14937.4286,643129.00,908628.00,297570,332016,20573.6667,25995
2026-06-10,38514,36441,17319.0,18367.0,13556.0,2629.0,-155275.00,2362089.00,808855.00,7755069.00,23567.8667,14946.1667,19213.4286,10783.7143,4205585.00,418221.00,289989,311164,16622.3333,21632
2026-06-09,19889,18958,7493.0,10209.0,3828.0,6975.0,-276671.00,-305521.00,748315.00,2175620.00,23910.6333,14874.6,20579,8992.7143,1286214.00,1315064.00,283292,304565,11886,18521.3333
2026-06-08,19582,6322,8189.0,8186.0,3762.0,1918.0,-72892.00,360348.00,618914.00,794428.00,25506.6,15414.8667,20915.4286,11450.4286,821267.00,388027.00,280094,292247,11363,16702.6667
2026-06-05,25425,24587,8611.0,14501.0,14679.0,5815.0,-312291.00,1121180.00,969387.00,2771044.00,27200.5,15477.1667,22479.1429,10839.2857,2319928.00,886457.00,296512,300101,6084.6667,15733.6667
2026-06-04,10557,4749,3907.0,5671.0,1303.0,3173.0,-99521.00,-117360.00,583072.00,300723.00,28039.8,15880.1667,23843,11619.2857,407621.00,425460.00,295449,294649,6956.6667,19680.3333
2026-06-03,14126,4753,4200.0,5651.0,2161.0,1773.0,-116254.00,-5966.00,571844.00,277561.00,30509.3333,16514.4333,24461.4286,12547.4286,335107.00,224819.00,294701,289279,7512.6667,24787.6667
2026-06-02,22518,8752,6979.0,13210.0,4415.0,2588.0,-77304.00,765928.00,1053514.00,1232490.00,31630.5,17047.9,24455.8571,12833.7143,1402184.00,558952.00,289679,283089,12437.3333,24594
2026-06-01,22397,7365,10478.0,9890.0,4326.0,2545.0,63522.00,60363.00,756069.00,335549.00,32155.8333,18116.6,24274.5714,13149.1429,483537.00,486696.00,286943,276078,16752,29252
2026-05-29,29448,6421,17854.0,9391.0,3741.0,2191.0,38624.00,198885.00,1119042.00,647568.00,32992.7333,19298.5333,21491,12658.2857,913396.00,753135.00,298468,296620,18014.6667,26137.3333
2026-05-28,21937,23526,10817.0,8831.0,3569.0,4713.0,105700.00,-123941.00,1169377.00,630101.00,33779,19445.9333,20973,10734.7143,573093.00,802734.00,281381,291083,13922.6667,24976.6667
2026-05-27,36371,20309,17330.0,5181.0,2784.0,4173.0,464809.00,50566.00,988613.00,3115545.00,34225.0333,19823.7333,18111.2857,8978.5714,496646.00,910889.00,265932,271209,10738.3333,20346
2026-05-26,20104,10209,12157.0,6446.0,5253.0,2658.0,184007.00,275444.00,849366.00,1376975.00,34608.2333,20440.2333,17576.5714,8304.2857,783722.00,692285.00,261760,261277,10526.3333,20687.3333
2026-05-22,18455,11250,9068.0,7533.0,6376.0,3852.0,62432.00,145151.00,483875.00,656908.00,35122.7,21077.1,19853,8550.4286,556572.00,473853.00,268056,277538,7771.3333,17856.6667
2026-05-21,22479,10756,11098.0,5034.0,2504.0,3541.0,68625.00,-118455.00,430277.00,1354359.00,34718.2667,21088.7,18807.2857,7923.8571,250920.00,438000.00,261441,266259,7539.6667,16467.3333
2026-05-20,21128,9573,8711.0,4718.0,773.0,1387.0,187404.00,47173.00,582035.00,2204648.00,35083,21735.2667,21952.1429,10981.4286,346643.00,486874.00,253979,251505,7020.6667,14871
2026-05-19,9963,2985,3800.0,4663.0,1744.0,896.0,-76704.00,54149.00,423784.00,288562.00,35305.8,22046.4667,23220.4286,12060.4286,388991.00,258138.00,252908,247187,7855.3333,17003.6667
2026-05-18,18311,10061,7721.0,8923.0,6860.0,2215.0,-149020.00,258883.00,819933.00,635192.00,35068.4,22116.5333,22239.2857,14073,875066.00,467163.00,249417,237001,8826,22363.3333
2026-05-15,16339,8016,6066.0,9020.0,3978.0,2885.0,-181748.00,69661.00,608307.00,677677.00,34860.3,22007.1667,24626.4286,17089.7143,696383.00,444974.00,356921,335649,8277.3333,21970
2026-05-14,16361,5489,6443.0,7935.0,2891.0,1878.0,-32762.00,57854.00,371645.00,332144.00,34491.1333,21900.7667,27387,20311.1429,357060.00,266444.00,356634,332880,16773,30897
2026-05-13,34390,12973,20431.0,10881.0,5891.0,5663.0,471180.00,176817.00,1582177.00,1108370.00,33581.6667,21586.4333,25745,22625.1429,998680.00,1293043.00,353857,321731,15961.3333,25714
2026-05-12,15159,6370,6351.0,7034.0,2920.0,2463.0,-43370.00,-238495.00,489151.00,679944.00,33428.3333,21592.4,27892,26608.4286,442005.00,637130.00,351309,317033,21887.6667,24475.3333
2026-05-11,43142,30976,18123.0,20260.0,20109.0,8837.0,97464.00,6012782.00,1645489.00,9351709.00,32231.2,20764.0667,28131.8571,24047.5714,8117735.00,2224019.00,339781,302108,21273.3333,21111
2026-05-08,18841,10538,9554.0,6323.0,3914.0,5533.0,65705.00,-197165.00,672479.00,906720.00,31901.7667,20566.5,27537.5714,25108.7143,603144.00,866014.00,361465,328176,27107,26725.6667
2026-05-07,11443,24149,3115.0,7315.0,3870.0,19362.0,-128745.00,-1329419.00,337115.00,2051398.00,31708.8,19855.3333,31238.7143,24185.4286,540373.00,1741047.00,343733,325991,28781,30543.3333
2026-05-06,33049,29133,15441.0,14663.0,8937.0,12972.0,260408.00,-248548.00,1314309.00,2008939.00,30819.2,19185.4,30827.7143,22425.1429,1059667.00,1568623.00,332506,318934,30487.6667,29589.6667
2026-05-05,35685,28039,14162.0,18879.0,11731.0,13047.0,-297827.00,294174.00,1307454.00,1741072.00,30056.9333,18528.6667,35367.1429,21638.1429,1693648.00,1101647.00,321783,301179,25491.3333,32635
2026-05-04,22896,29171,8216.0,11337.0,2968.0,4183.0,-99528.00,-53470.00,1003126.00,3793231.00,29704.3,18039.3333,42988,21250.2857,628908.00,582850.00,328135,293376,21756.3333,29896.6667
2026-05-01,30188,34253,13877.0,14214.0,11674.0,19093.0,148975.00,-1165203.00,1161052.00,4028783.00,30654.7667,18782.6333,43780.5714,18762.5714,1712423.00,3026601.00,343119,332643,16234,32284.3333
2026-04-30,44821,13050,26044.0,13139.0,3048.0,6075.0,639115.00,-452791.00,1785865.00,1967211.00,29484.8,18565.6667,49979.2857,20295.5714,814449.00,1906355.00,336178,316920,17487.6667,27401.3333
2026-04-29,14681,17966,5771.0,6634.0,7846.0,6293.0,-75732.00,-461627.00,664694.00,3677100.00,29331.7,18291.2667,55903.8571,21265.5714,1540735.00,1926630.00,329227,310880,19009,44994.6667
2026-04-28,37351,17686,10201.0,13293.0,2863.0,4710.0,80913.00,-413633.00,1764847.00,3908580.00,28468,17914.3,56019,24371.2857,1076544.00,1571090.00,320811,289608,21932.3333,57958.3333
2026-04-27,30172,16811,8792.0,19358.0,7485.0,7624.0,-377601.00,710886.00,1597753.00,2739097.00,27888.2,17816.0333,59502.2857,27952.4286,2562574.00,1474087.00,315634,277072,21941.6667,59813
2026-04-24,67461,22530,27824.0,35047.0,9680.0,9955.0,-73059.00,-712303.00,2339449.00,2658590.00,26354.8333,17271.6,56368.5714,28726.4286,1947891.00,2587135.00,322001,321468,22358.6667,66730
2026-04-23,76242,26456,26396.0,42232.0,16511.0,7804.0,-572760.00,1449276.00,2536916.00,3537827.00,24627.3,16991.8667,52584.2857,29467.4286,3728766.00,1706730.00,308119,278531,21792,60033.6667
2026-04-22,35736,16839,15708.0,18258.0,7675.0,4574.0,-146083.00,366643.00,1299852.00,1032917.00,23773.5667,16663.8667,51993.4286,31162.4286,1256599.00,743873.00,301450,261972,29321,60840.6667
2026-04-21,88212,23781,39901.0,39627.0,11059.0,10041.0,-290867.00,343093.00,3949098.00,1691007.00,21176.1,16181.4333,44233,32101.7143,2943988.00,2310028.00,292428,237541,35353.6667,49621.6667
2026-04-20,56153,24756,25985.0,26106.0,13437.0,4720.0,357742.00,783657.00,2277352.00,1982238.00,19533.2667,15587.4,37689.1429,30151.4286,1884086.00,1458171.00,277077,204752,36417.6667,46079
2026-04-17,38157,39426,12294.0,22381.0,22088.0,10970.0,-359076.00,1157900.00,1256020.00,4341291.00,18582.6667,14639.4667,36819.5714,28657.7143,3041866.00,1524890.00,307677,245759,33823.3333,49944
2026-04-16,54555,41879,24408.0,26034.0,17537.0,12785.0,166262.00,236875.00,2093048.00,4951909.00,17028.4333,13364.6667,31404.1429,24435.1429,2622576.00,2551963.00,287003,217446,29431.6667,42292.3333
2026-04-15,45525,27948,23060.0,18314.0,8711.0,13041.0,369848.00,-1804697.00,1950514.00,4378124.00,15836.4,12577.9333,26499,22180.1429,1601190.00,3764495.00,277369,193899,30234.3333,38413.6667
2026-04-14,49752,31643,19390.0,24042.0,13582.0,8858.0,-437930.00,1689649.00,1927245.00,7018162.00,14534.4667,11804.4667,20833.8571,18336.1429,4148338.00,2020759.00,271988,181043,23388,25278.3333
2026-04-13,31600,28704,16826.0,10474.0,8418.0,14082.0,-59122.00,-122562.00,1764792.00,2609129.00,13987.4667,11302.7333,17074.7143,14563.7143,1572045.00,1635485.00,263097,161019,23476.6667,25435
2026-04-10,33889,30356,2790.0,30343.0,14759.0,14876.0,-316292.00,-5930.00,511818.00,8388126.00,13240.4,10474.4,13248.5714,10733.2857,4709401.00,4139039.00,259252,159263,17465,19687.6667
2026-04-09,10346,11104,4648.0,5140.0,4205.0,4290.0,221904.00,-80505.00,698806.00,1646159.00,14044.6333,11080.3333,13279,10082.5714,812318.00,1122488.00,254067,156021,17818,19968.6667
2026-04-08,32070,28970,19101.0,12072.0,3740.0,15985.0,-103013.00,-3671783.00,731159.00,7001154.00,13597.9,10728.3,9730.1429,6819.1429,904062.00,4472832.00,247678,153131,9739.6667,12644
2026-04-07,16647,12321,7942.0,7221.0,7182.0,4004.0,-80865.00,228501.00,752111.00,1421153.00,13549.9667,11260.4333,8631.7143,5717.7143,1167235.00,857869.00,240969,144558,6398.3333,8857
2026-04-06,11189,12163,3380.0,6438.0,4749.0,6270.0,-17917.00,27274.00,481269.00,912566.00,13809.5667,11586.5333,7841,4382.1429,660309.00,615118.00,232920,141276,3525,7496
2026-04-02,10096,4735,6137.0,3140.0,1459.0,2470.0,296114.00,-39661.00,548543.00,463680.00,13668.4,11834.6667,7307.4286,4996.4286,282124.00,617899.00,236801,145658,4129.6667,7650.3333
2026-04-01,5286,2297,1460.0,3488.0,862.0,1018.0,6220.00,14097.00,134416.00,136688.00,13748.1333,12145.8333,8383.2857,5859.2857,123875.00,115998.00,235821,142216,5406,8297.6667
2026-03-31,7106,3543,4206.0,2430.0,1536.0,1760.0,49710.00,-107674.00,242088.00,419417.00,14005.9667,12475.3333,9127.7143,7423.2857,231875.00,389259.00,234198,137798,5762,8915
2026-03-30,10559,6549,4618.0,5146.0,2057.0,3105.0,56442.00,-80662.00,396275.00,497278.00,14133.7667,12543.5,16005.2857,14566.5714,316803.00,453907.00,231435,131655,4517,7280
2026-03-27,7228,6126,1890.0,4762.0,1725.0,2951.0,-175360.00,-256481.00,372474.00,772047.00,14065.7,12465.1333,16361.5714,14625.8571,403070.00,484191.00,237999,141576,5486.6667,6991
2026-03-26,8958,4611,4320.0,3339.0,2314.0,1437.0,-2096.00,31388.00,348096.00,244939.00,14066.6,12562.7333,16523,15357.7143,271412.00,237928.00,234764,137892,6728.6667,8277.3333
2026-03-25,5654,2814,3788.0,1498.0,997.0,1246.0,102729.00,7897.00,262600.00,127527.00,14133.6667,12649.6,17349.5714,15866.7143,131403.00,226235.00,233953,135380,10621,10498.3333
2026-03-24,6361,9035,1965.0,3817.0,3551.0,3850.0,-116318.00,-71799.00,477483.00,2801360.00,14445.5667,12654.9333,18266.2857,16556.4286,1450208.00,1405689.00,229470,133719,26460,27945.3333
2026-03-23,12817,8337,4898.0,6833.0,1401.0,6174.0,53970.00,-350066.00,398006.00,510143.00,14758.5667,12924.6333,19501,16250.7143,217476.00,621512.00,223905,126048,25861.3333,26913.6667
2026-03-20,12317,14491,2709.0,8794.0,2831.0,7095.0,-288207.00,-384209.00,641983.00,812115.00,14964.2,13161.5,21229.4286,16761.1429,609806.00,705808.00,270827,161007,24275.6667,26170.6667
2026-03-19,58702,56552,26859.0,23255.0,23698.0,23434.0,-534407.00,101682.00,1310193.00,12207000.00,13322.8333,11989.9667,14289.7143,9682.1429,5614710.00,5496371.00,269626,157792,7550.6667,10416.6667
2026-03-18,9722,6541,4406.0,4766.0,1385.0,3986.0,101318.00,-264212.00,624617.00,738710.00,13228.7667,12133.5,14370.5714,10077.4286,465797.00,831327.00,268605,155532,9991.3333,11435.3333
2026-03-17,10088,9734,4458.0,4748.0,3521.0,4813.0,-54702.00,-345620.00,398675.00,3093497.00,13176.9,12195.3,13910.5714,9677.5714,1399652.00,1690570.00,265792,150637,8812.3333,15226
2026-03-16,11440,6377,4289.0,6330.0,3363.0,2543.0,-67020.00,148806.00,404563.00,444741.00,13305.3,12333.9667,13653.2857,10336.2857,491599.00,275773.00,263354,147283,12708,19551.3333
2026-03-13,12778,13863,5336.0,6926.0,4915.0,5837.0,105137.00,-113539.00,759966.00,1087904.00,13465.9667,12084.6667,12960.4286,8875.1429,595269.00,813945.00,270961,165355,10420,18666.6667
2026-03-12,21460,6197,8216.0,10963.0,2891.0,2933.0,-204498.00,103982.00,871910.00,263112.00,14580.7667,13352.1,11289.5714,8610.7143,687175.00,378695.00,268554,162595,11457,14942.6667
2026-03-11,24416,18064,7763.0,5807.0,3119.0,2993.0,78465.00,723566.00,882500.00,3168312.00,14315.2,12860.2333,9329.2857,7235.7143,1242873.00,597772.00,267708,155162,7747.3333,9093.3333
2026-03-10,10124,6999,4938.0,4265.0,3238.0,3041.0,-104372.00,8840.00,708740.00,456541.00,14465.7667,12891.5333,10053,8186.1429,595341.00,482129.00,265220,150821,9077,8931.6667
2026-03-09,10288,9308,5751.0,2646.0,1499.0,3497.0,-14875.00,-158993.00,670159.00,1193589.00,14675.0667,13263.6667,10222.8571,7643,537177.00,681295.00,259656,145815,7186,8145
2026-03-06,6868,6935,3074.0,2701.0,2490.0,3140.0,170845.00,-71125.00,566780.00,613307.00,15508.7333,13972.3,14166.4286,10835.4286,388086.00,630056.00,262448,155573,6323,9110.3333
2026-03-05,9639,10988,1511.0,3046.0,2970.0,3069.0,-136095.00,114554.00,434534.00,1840868.00,17276.9,14619.8333,15456.2857,11895.5714,650419.00,365120.00,253586,150343,5473.3333,9462
2026-03-04,7928,3635,4833.0,2009.0,1607.0,1796.0,114116.00,38537.00,302835.00,276035.00,17834.3,15420.4667,16496.4286,15417,221036.00,296615.00,251509,148083,8812.3333,11882.6667
2026-03-03,9764,4346,5367.0,3502.0,1335.0,2384.0,89684.00,-199546.00,324791.00,398560.00,18144.9,16353.3667,17812.5714,17931.2857,191953.00,481183.00,250799,146146,9199,12453.6667
2026-03-02,10694,8439,5259.0,4870.0,2078.0,5982.0,-186057.00,-70828.00,795672.00,1078769.00,18382.6333,16468.7,17122.1429,18465.5714,954069.00,838840.00,245459,144033,16146.6667,20380
2026-02-27,15190,13652,8529.0,5852.0,9606.0,3150.0,198651.00,492528.00,1368085.00,921978.00,17992.6,16332.1333,16049,18177,1247169.00,953292.00,254094,159471,17732.3333,21539.3333
2026-02-26,11477,5506,6044.0,4130.0,2331.0,2526.0,143351.00,16800.00,495026.00,333456.00,18769.8,17393.2,16529.5714,19308.7143,316314.00,442865.00,251926,158738,25325.3333,22783.3333
2026-02-25,34473,29282,17222.0,10177.0,7272.0,7911.0,117082.00,1482483.00,1642596.00,4864778.00,18079.4,16799.3,13661,16353.2857,3071136.00,1705735.00,241407,150159,22880,17618
2026-02-24,18668,18409,7720.0,7654.0,5201.0,10093.0,126886.00,-340829.00,1199837.00,1147493.00,18025.0333,16524.1667,11735,14262.7143,664292.00,1132007.00,232414,141461,20803.3333,13349
2026-02-23,15209,28285,6883.0,6585.0,20773.0,6451.0,-78031.00,2014637.00,993320.00,4014232.00,18026.2667,15906.7333,10845.8571,11299,3438917.00,1297849.00,208874,132905,15252.3333,10838.6667
2026-02-20,18977,21946,7529.0,6826.0,12364.0,5561.0,70764.00,-149568.00,882298.00,3658422.00,17816.8333,15901.5333,9230,8938.1429,1477441.00,1697773.00,286922,192693,12413,9460
2026-02-19,5861,12179,2935.0,2428.0,4620.0,4084.0,-45689.00,9681.00,333753.00,811641.00,18080.5333,15765.8,10638.1429,8511.8571,481880.00,426510.00,282834,190629,11218,12304
2026-02-18,7678,11632,3320.0,3798.0,7386.0,2521.0,53253.00,107339.00,430312.00,791359.00,18465.8,15769,12713.7143,9197,574864.00,520778.00,273779,188266,8599,11473.3333
2026-02-17,14841,13428,4953.0,2966.0,4314.0,5939.0,162295.00,-117784.00,857392.00,2608648.00,18817.4667,15875.7667,13234.4286,10364,1166114.00,1446193.00,268915,176669,6636,9521.3333
2026-02-13,14393,8594,8590.0,4893.0,1918.0,5862.0,96705.00,-78346.00,426079.00,512054.00,18751.6,16094.6,12529.8571,12194.2857,332869.00,507920.00,278722,189278,5578,7279
2026-02-12,5186,3775,2749.0,1981.0,2514.0,838.0,17878.00,399157.00,297863.00,593659.00,18917.6,16114.7,12774.7143,13204.5714,610879.00,229780.00,277685,187595,7384.6667,10789.6667
2026-02-11,8985,7539,3409.0,4701.0,4638.0,1910.0,-269144.00,151351.00,839184.00,758935.00,18981.6,16194.1667,12710,13783,910314.00,489819.00,275603,183942,10347.6667,15197
2026-02-10,7666,5420,3477.0,3726.0,2208.0,2850.0,-58796.00,-654465.00,512710.00,1078310.00,18957.3667,16277.6,13799.4286,14514,478582.00,1074251.00,273388,182600,15740,18803.6667
2026-02-09,15718,9195,6839.0,7056.0,3891.0,4306.0,39434.00,64064.00,550609.00,1790851.00,18539.3333,16281.6667,14068,14112.4286,1116690.00,1092060.00,269953,175717,19810.3333,16718
2026-02-06,22207,16428,11337.0,8481.0,5685.0,6892.0,65356.00,-352786.00,747804.00,2045884.00,18126.9,16087.6667,18739,18082.7143,853084.00,1271226.00,272420,185977,17950,11615.6667
2026-02-05,18486,21597,4285.0,7000.0,8517.0,7069.0,-434729.00,-195656.00,1210465.00,5022409.00,18218.8,15578.2,18448,15470,2208461.00,1969388.00,257671,176656,14613.6667,8297.6667
2026-02-04,9461,21406,5445.0,2885.0,9696.0,6244.0,160.00,468769.00,400047.00,3325725.00,18317.5333,15031.8,19188,13546,1604297.00,1135688.00,250301,170266,10990.6667,10241.3333
2026-02-03,6900,10847,2934.0,3311.0,4864.0,5104.0,-1189.00,429572.00,544591.00,1808035.00,19232.9,15954.6333,20569,14921,1189661.00,758900.00,245645,167336,9503,13807.3333
2026-02-02,8532,11588,3439.0,4125.0,4785.0,5210.0,-15371.00,-646235.00,554219.00,1630276.00,19181.5,15922.9,23904.1429,17293.2857,686567.00,1317431.00,239821,165279,20380.3333,29264.6667
2026-01-30,15292,10537,8187.0,6208.0,3443.0,5988.0,2667.00,-477318.00,445705.00,1165467.00,18987.5667,15865.1333,30674.4286,20132.8571,523817.00,1003802.00,252098,180101,17970.6667,29650.3333
2026-01-29,17598,6384,7044.0,7956.0,3153.0,2849.0,80361.00,108850.00,756783.00,1471174.00,18807.4,15972.2667,31681.8571,23171.4286,1050496.00,1022007.00,252047,180010,18488.6667,28664.6667
2026-01-28,54904,44220,25855.0,22303.0,27881.0,9731.0,-680014.00,3355105.00,3563885.00,10803029.00,17419.2667,14689.4667,26564.4286,21473.2857,9930777.00,2490878.00,236279,159883,10572.6667,15885.6667
2026-01-27,16449,3308,6785.0,8803.0,1867.0,1168.0,-65587.00,157433.00,568401.00,478664.00,17040.2,14749.5667,26761.1429,22700.5714,612160.00,389140.00,234959,157922,18868,21028.6667
2026-01-26,14641,7938,5800.0,7037.0,3564.0,3235.0,-7018.00,90620.00,591549.00,745156.00,17056,14692.8,25168,22931.5714,649878.00,552240.00,232036,155024,26360,37043
2026-01-23,16567,20472,6341.0,6963.0,8556.0,8245.0,5176.00,1353115.00,1589595.00,3934267.00,17292.8667,15194.9,27771.7143,25341,3007120.00,1659181.00,233282,168219,28754,39737.3333
2026-01-22,31878,28194,16062.0,12225.0,10822.0,8375.0,492114.00,619766.00,2530385.00,4094180.00,16529.3,15185.1667,25183.5714,22951.1429,2319608.00,2191956.00,218937,160301,30133.6667,35472
2026-01-21,62684,30414,37590.0,20098.0,12099.0,14291.0,759969.00,502068.00,3409346.00,5024569.00,14815.2,14362.8333,18662.5714,20057,3527399.00,3785300.00,204548,135097,23962,20519.3333
2026-01-20,24650,27654,7598.0,13206.0,11806.0,11608.0,-355623.00,-324482.00,1936862.00,5069451.00,14565.3667,13999.6667,17319.1429,17501,2931166.00,2900025.00,190607,120909,17929,13465.6667
2026-01-16,19082,32333,9318.0,8484.0,11502.0,5692.0,416076.00,2792761.00,1029078.00,4831750.00,14358.3,13064.9667,16406.5714,15994.8571,3619719.00,1243034.00,245001,177568,19597.3333,18702.6667
2026-01-15,17826,11899,8574.0,8121.0,6028.0,4257.0,-545993.00,145664.00,1452145.00,1257126.00,14147,12992.7333,15827.4286,15453.1429,1620677.00,929020.00,240625,168838,19452.6667,17347.6667
2026-01-14,3489,9555,1270.0,1888.0,3185.0,4158.0,-150828.00,128169.00,374784.00,2643378.00,14575.4333,13136.1667,18077,15763.5714,1293534.00,1014537.00,237409,167581,19652.6667,21863.6667
2026-01-13,34793,37338,7565.0,25681.0,6760.0,28128.0,-316734.00,-5868510.00,675817.00,10712211.00,13668.7667,11986.9333,16733.8571,12805.4286,1626830.00,8951637.00,232003,164299,10460.6667,15348
2026-01-12,13761,11465,5342.0,7919.0,4987.0,5402.0,296595.00,-288280.00,676811.00,1928917.00,13539.9333,11801.3,16541.8571,13333.1429,863473.00,1448348.00,229412,157288,13902.3333,14992.3333
2026-01-09,17037,10155,9713.0,5730.0,4547.0,4082.0,287432.00,-146991.00,1369944.00,1785864.00,13377.0333,11942.1333,15560.2857,12507.8571,1210981.00,1645404.00,232486,167127,13219.6667,13904
2026-01-08,15246,9762,6457.0,7976.0,3443.0,5360.0,-97984.00,-123165.00,1016340.00,2255015.00,13334.3333,11883.7,14940.1429,12530.8571,1457863.00,1483044.00,229332,161868,13875,15234
2026-01-07,12694,21790,3229.0,6948.0,6577.0,5850.0,-381927.00,-75943.00,1178094.00,3764304.00,13409.4333,12062.2667,14118,10549.8571,1899230.00,1593246.00,224430,158625,12155.3333,19466.3333
2026-01-06,13772,8107,3761.0,6924.0,2649.0,2764.0,-194353.00,79050.00,1201014.00,1028623.00,13982.2,12049.1333,12604.4286,10722.7143,700975.00,427572.00,219928,154838,14506,19014.6667
2026-01-05,19236,11728,9532.0,7214.0,3503.0,7091.0,38414.00,-1117345.00,834510.00,2589128.00,13655.6667,11946.0667,11261.2857,10562.7143,956107.00,2111866.00,217895,146027,12056,15991.3333
2026-01-02,25391,16631,16517.0,6979.0,4343.0,8816.0,356599.00,-933030.00,1076389.00,3114959.00,13163.2333,11811.6333,10668.7143,9088.7143,1029786.00,2319415.00,226238,154633,9820,11162.6667
2025-12-31,12417,15159,5302.0,5856.0,6292.0,5645.0,-268425.00,-404962.00,762225.00,3214960.00,13986.3,13239.2667,10669.5714,7639.4286,1473566.00,1610103.00,218917,147209,7408,9336.6667
2025-12-30,10166,4378,2907.0,3692.0,1684.0,1868.0,-84981.00,-270130.00,673780.00,643328.00,14142.7333,13734.3333,14126,12518.5714,405223.00,590372.00,216884,141390,9054.3333,7007
2025-12-29,10905,9923,3049.0,6812.0,4603.0,3936.0,-390858.00,3096.00,929792.00,1185339.00,14374.9333,14220.8333,13566.7143,12620.4286,1015365.00,621411.00,211613,134796,9282.6667,6650
2025-12-26,6939,7923,1961.0,4310.0,3446.0,3241.0,-86628.00,-36218.00,319168.00,1553512.00,15080.5667,16092.9667,13928.8571,12746.2857,892005.00,841595.00,215332,147376,8746,11418
2025-12-24,3177,9317,1149.0,1576.0,6396.0,2660.0,-31070.00,6222.00,206718.00,762327.00,15260.2,15907.2667,15216.8571,12786.4286,463591.00,426299.00,208858,145992,7311.6667,14500
2025-12-23,9834,10608,2908.0,5913.0,6515.0,3091.0,-184147.00,754641.00,1067821.00,1517129.00,15432.2333,15952.5667,15706.2857,12090.4286,1697872.00,759084.00,201589,140456,16619.6667,22675.6667
2025-12-22,21243,6313,9010.0,10515.0,1997.0,2998.0,-153525.00,-253360.00,699106.00,1480480.00,17184,19127.8,13396.8571,11918.7143,834926.00,934761.00,199560,126900,18060.6667,17924.6667
2025-12-19,12423,5014,8245.0,3238.0,2128.0,2252.0,121547.00,-7478.00,367710.00,909259.00,17932.3667,19629.8,13781.4286,12093.1429,509898.00,638923.00,269346,173925,19324,16941.6667
2025-12-18,34361,38532,14863.0,13869.0,18053.0,14377.0,-621842.00,664172.00,1351350.00,14252591.00,18497.5333,19103.8333,12254.5714,11665,4376194.00,9571480.00,255589,160661,9679.3333,9552.3333
2025-12-17,6990,10636,1116.0,5495.0,3080.0,4392.0,-121692.00,-344656.00,316046.00,2948046.00,18671.9667,19257.1667,12537.5714,14131.5714,1101573.00,1324537.00,251209,157060,8046,11642.3333
2025-12-16,9474,8804,3777.0,4592.0,3627.0,4654.0,-167656.00,148557.00,713624.00,832684.00,19234.9,19502.3,12792.8571,13694.4286,845372.00,529168.00,247043,152534,6815,10176.6667
2025-12-15,12193,9598,2571.0,8709.0,4971.0,3137.0,-293608.00,621085.00,577726.00,1711795.00,20836.8,23163.1333,13501.7143,14717.4286,1521629.00,606936.00,244112,144829,5694,11150.6667
2025-12-12,13260,5736,6109.0,5732.0,2541.0,2356.0,-52581.00,60834.00,505242.00,488518.00,22197.8333,25490.2333,13446,14511.1429,474695.00,361280.00,253977,155799,15627,14621.6667
2025-12-11,5077,5111,2344.0,2483.0,2136.0,2880.0,9046.00,24576.00,211340.00,502465.00,23064.3,25612.5333,14361.7143,15171.2857,354355.00,338825.00,253071,155000,23224,15919.6667
2025-12-10,15115,6235,5907.0,7585.0,2287.0,3209.0,203685.00,5884.00,786708.00,924410.00,25103.7333,25885.4333,14537,16260.2857,680560.00,878361.00,252100,150301,23060.3333,14635
2025-12-09,23673,35535,3084.0,8413.0,10910.0,11967.0,-727221.00,1448841.00,2350229.00,8926079.00,24779.6667,25009.2667,12239.8571,11592.5714,3837380.00,1661318.00,222421,133984,16801.6667,12462.3333
2025-12-08,8971,27902,1722.0,6472.0,13021.0,11226.0,-257206.00,247356.00,592607.00,3857519.00,26092.3333,26997.7,12372,8448.8571,2280471.00,1775909.00,210234,129435,8931.6667,13762
2025-12-05,11261,5744,5562.0,4846.0,3087.0,2104.0,-14367.00,133313.00,492360.00,704219.00,28103.5,29628.2667,12499,9682.5714,610588.00,462908.00,222115,148523,10261,13837.3333
2025-12-04,17155,16759,9652.0,6168.0,8363.0,5589.0,-41600.00,638620.00,766451.00,2760413.00,28239.2667,29861.7,12043.2857,8432.5714,1906660.00,1226440.00,217517,142778,9294,13566.3333
2025-12-03,12870,4292,6784.0,5259.0,2055.0,1933.0,49828.00,-96358.00,564912.00,638611.00,28103.2,29824.1667,12340,11697.5714,500353.00,646539.00,215765,137855,8817,11807.3333
2025-12-02,11487,9732,3560.0,4789.0,4250.0,2173.0,-475214.00,561609.00,1380099.00,2459442.00,31175.1,29680.9667,15121.1429,11409.1429,1729577.00,692754.00,209991,131598,7538.3333,11277
2025-12-01,16342,13858,9644.0,7150.0,8642.0,5873.0,444920.00,646265.00,1075230.00,2123616.00,30943.0667,30593.8,14135.1429,10663.1429,1637753.00,1467658.00,204224,122422,7712.3333,9879.6667
2025-11-28,7593,2861,3082.0,3779.0,1300.0,1251.0,52155.00,16832.00,356945.00,308060.00,33913.7333,33682.4,14567.2857,12054.1429,274623.00,309946.00,214163,158040,9428.3333,12003.6667
2025-11-26,9896,5896,4930.0,4325.0,3126.0,1958.0,-42383.00,-64056.00,630187.00,1041045.00,33713.0333,33660.4333,18454.8571,19495.8571,675809.00,697482.00,211756,155835,16512,13687.3333
2025-11-25,12150,14380,5612.0,5636.0,5930.0,6335.0,65981.00,-260083.00,721678.00,2356325.00,33610.7667,33874.7667,18841.8571,20188.7143,1295102.00,1621166.00,205979,150066,14289.6667,19955.6667
2025-11-24,13965,8009,6110.0,6863.0,3339.0,4019.0,18669.00,-183029.00,956006.00,1158145.00,33559.3,33723.8667,19399.8571,22547.1429,910161.00,1111859.00,202883,142286,14498.6667,18447.3333
2025-11-21,14947,27147,6289.0,7531.0,12329.0,12494.0,158443.00,-613848.00,802813.00,6029541.00,33481.0667,34005.8667,21280,27824.2857,2733223.00,3505514.00,258713,211584,9649,17004.3333
2025-11-20,30955,7713,8068.0,17508.0,4020.0,3149.0,18667.00,19118.00,808830.00,1108322.00,32739,33939.0333,18081.5714,27257.5714,868983.00,868532.00,258037,201675,26407.3333,19055.6667
2025-11-19,9440,8636,4308.0,4318.0,2876.0,3896.0,12066.00,-7273.00,565816.00,1618596.00,35203.3,36247.1,18875.1429,27733.4286,844101.00,863440.00,253481,198319,29938.6667,20862
2025-11-18,10618,12598,4926.0,4956.0,4944.0,6597.0,2500.00,41741.00,522168.00,1727077.00,35912.8,36394.7333,27900.5714,40443.7143,1040763.00,1001522.00,249426,193921,33912,23279.6667
2025-11-17,37109,57988,17260.0,17066.0,25778.0,19312.0,-75157.00,1532678.00,2293411.00,8722272.00,35152.4333,34787.8667,27581.2857,35027.4286,4959994.00,3352159.00,225396,170188,35945,20279.3333
2025-11-14,14859,19230,7683.0,6044.0,7923.0,7901.0,245168.00,181903.00,1113350.00,2983854.00,35786.4,34998.2,32789.4286,35530.7143,1892361.00,1955626.00,233687,180663,30783.6667,18181.6667
2025-11-13,17871,24518,3272.0,7709.0,14251.0,6229.0,-544371.00,1251300.00,1585702.00,3758858.00,35651.7333,34508.8667,31982.5714,34204.7143,2935325.00,1139654.00,220669,173220,26600,17223
2025-11-12,28108,64087,7948.0,10007.0,22627.0,18380.0,-356056.00,1619184.00,2898304.00,12066611.00,35762.4333,33722.7,31733.1429,27357.7143,5325333.00,3350093.00,195781,162796,39094.3333,32452.3333
2025-11-11,8566,3746,5274.0,2688.0,2023.0,1053.0,306080.00,66587.00,613233.00,310269.00,35658,33757.3,39116.5714,43883,286676.00,526169.00,194736,158906,44537,41221.6667
2025-11-10,14995,11967,9684.0,4813.0,6762.0,3575.0,335224.00,80843.00,859006.00,555414.00,35658.7333,33819.1333,44701.7143,52966.1429,538746.00,793127.00,188517,150840,48132.3333,53328.6667
2025-11-07,73796,101570,20980.0,26273.0,67354.0,20702.0,649123.00,-1054775.00,1861108.00,5936061.00,34280.5,31064.6,38598.1429,39710.4286,2445350.00,4149248.00,270068,220520,19354.3333,32804.3333
2025-11-06,34874,20074,13537.0,14367.0,8517.0,9705.0,482129.00,-62695.00,2564295.00,2116046.00,33482.9667,30717.2667,44515.8571,38903,1790863.00,2335687.00,263500,224125,18049,29967
2025-11-05,51316,22753,22351.0,23358.0,7648.0,6175.0,-7598.00,-112569.00,4434180.00,2788180.00,32598.2,30312.5,39178,36974,2686730.00,2791701.00,252088,191977,50272.3333,32945
2025-11-04,12223,15236,2730.0,4528.0,5079.0,3979.0,-232956.00,744512.00,1279343.00,3711374.00,33609.2333,30900.3333,44339.1429,47305.2857,1688851.00,711383.00,242343,183103,70376.6667,46901
2025-11-03,26362,16158,6225.0,9398.0,5894.0,6213.0,-355003.00,53413.00,2491697.00,1945772.00,33689.4,30844.3,50801.1429,57091.4286,1727031.00,1318615.00,231759,168351,67917.3333,48470.6667
2025-10-31,60250,119423,28852.0,30667.0,65959.0,52549.0,-1882564.00,-900786.00,2725955.00,3430996.00,32675.3,27106.0333,45226.5714,43425.5714,3516632.00,2534854.00,248631,197080,32917,53820
2025-10-30,54091,75549,7615.0,45514.0,45123.0,26631.0,-1609787.00,1628431.00,2730072.00,4500974.00,31208.5,24802.8,38754.7143,33085.1429,4660065.00,1421847.00,265154,193879,10817.3333,40440
2025-10-29,31071,8780,13117.0,13587.0,4492.0,1993.0,-455868.00,997276.00,2212414.00,5009255.00,31008.2667,25929.6,49122.2857,32607.4286,2459300.00,1006156.00,260031,184070,37075.6667,46200
2025-10-28,76298,14422,37042.0,34171.0,5595.0,6573.0,-150486.00,331377.00,4169814.00,1801158.00,28708.4333,25597.7,39562.7143,36439,2993629.00,2511766.00,254280,163592,60488.6667,44632.6667
2025-10-27,13951,9250,3756.0,7869.0,5377.0,2462.0,-338660.00,314718.00,951896.00,767489.00,28838.9,25643.5667,51385.8571,48763.1429,1071255.00,417877.00,247930,156193,65326,47058.3333
2025-10-24,48351,87555,23099.0,24590.0,15775.0,50468.0,-851889.00,-1370538.00,1385054.00,3735800.00,27810.5667,23139.4,45032.1429,37003.4286,1450046.00,1968695.00,251554,241838,37196.3333,33870.6667
2025-10-23,71596,84661,34733.0,35573.0,56110.0,27042.0,1185720.00,2062945.00,2420185.00,4492403.00,26159.3,21369.2,36101.5714,27881.8571,3878523.00,2751298.00,204498,208920,10788,44553.3333
2025-10-22,21228,23762,2237.0,4076.0,8964.0,6563.0,-204785.00,-588257.00,1668614.00,4493484.00,26249.6,20966.5333,34843.4286,24984.7143,1661145.00,2044617.00,195099,200492,16615,40604.3333
2025-10-21,8788,3166,3056.0,4522.0,840.0,2226.0,-83301.00,-85881.00,498859.00,301239.00,26837.7333,22156.4333,35388,29619.1429,380494.00,383074.00,194047,197688,47399.3333,69912.6667
2025-10-20,103644,5436,51446.0,51332.0,2333.0,2536.0,648103.00,29113.00,1795220.00,512020.00,24085.2667,22594.0667,21823.5714,29658,798832.00,1417822.00,190539,143146,47333,36656.3333
2025-10-17,9381,41243,3001.0,4232.0,19363.0,18812.0,-153265.00,236468.00,671922.00,1708179.00,25016.1,22132.8333,32393.2857,34891.5714,1250752.00,861019.00,264637,224513,40522,36556.6667
2025-10-16,96713,95519,47670.0,48509.0,48117.0,2047.0,1767942.00,1421614.00,3071571.00,2066956.00,22851.5667,21292.4333,23134.7143,23678.4286,2065724.00,2752052.00,218766,176882,9843,8459.3333
2025-10-15,3875,5237,1808.0,1762.0,2001.0,704.0,86399.00,143632.00,388258.00,518332.00,23485.1,22946.4333,24623.7143,24327.7143,347053.00,289876.00,215619,175614,19966.3333,11367.6667
2025-10-14,9082,20810,4484.0,3903.0,2355.0,1833.0,51356.00,128584.00,811436.00,3612710.00,23182.3667,22252.7667,28166,25003.4286,658069.00,580841.00,214388,173331,14932.3333,11238
2025-10-13,12421,3482,6555.0,4720.0,1670.0,1664.0,148459.00,42133.00,655481.00,239281.00,24948.8,23604.9333,28367.4286,25911.4286,369724.00,476050.00,212690,165288,39731,34887.3333
2025-10-10,12600,35607,4808.0,6719.0,17115.0,14460.0,-29961.00,492141.00,751395.00,2571160.00,25698.5,23185.4,31057.2857,26610.7143,1461463.00,939361.00,231656,198069,33537.6667,41321.6667
2025-10-09,8693,5708,4578.0,3329.0,3288.0,1788.0,264534.00,163697.00,1084525.00,532876.00,27166.7,23687,30591.5714,26478.7143,718076.00,818913.00,229251,194167,34895.6667,43190
2025-10-08,83369,77878,77537.0,5283.0,51803.0,22076.0,4116472.00,2622583.00,5202474.00,6177052.00,26225.6,23463.3333,20827,17327.8571,4379017.00,5547906.00,196741,163333,17449.6667,26693
2025-10-07,31903,17027,7162.0,13114.0,4453.0,3708.0,-596545.00,45660.00,3261347.00,5320656.00,27414.9333,23818.9667,20905,17600.2857,2001560.00,1359355.00,190240,158588,15053.3333,20669
2025-10-06,14298,9782,5779.0,7162.0,4651.0,4306.0,-186699.00,181989.00,1913744.00,1000956.00,31035.7,26744.9667,20426.4286,17582,1518944.00,1150256.00,183773,151782,25293.3333,26379.3333
2025-10-03,33878,25540,20619.0,11859.0,17172.0,7411.0,774253.00,60803.00,2619340.00,1598735.00,31438.7667,26324.8667,19125.7143,15449.1429,1656243.00,2369693.00,203136,157857,18374.6667,16897.6667
2025-10-02,13831,9838,7047.0,5840.0,3910.0,5356.0,277113.00,-175682.00,1363298.00,702164.00,33237.6,27019.7667,23229,18739.5714,756126.00,1208921.00,198647,153434,19702.6667,17293
2025-10-01,31429,40502,6488.0,24071.0,26367.0,8276.0,-1564385.00,1225281.00,3075357.00,2627829.00,33743.1,26285.6333,22848.7143,15021.7143,4105868.00,1316202.00,161352,127079,12513.3333,17633
2025-09-30,5433,4784,2092.0,2901.0,2130.0,2136.0,-143828.00,-93782.00,854308.00,506920.00,36056.3,27656.5,26333.5714,15377.5714,653119.00,603073.00,159257,125551,14136.6667,19471.3333
2025-09-29,15017,13822,7013.0,7324.0,3830.0,4560.0,316261.00,57773.00,1882887.00,825606.00,37651.1667,27815.9667,25629.2857,14324.7143,1109194.00,1367682.00,148327,117375,13066,22723.3333
2025-09-26,32449,18934,12872.0,12444.0,6034.0,7638.0,102430.00,-37630.00,3681080.00,2151289.00,38394.3667,27815.7,24574.2857,17703.2857,1522095.00,1740116.00,152862,138193,17711.6667,26091.6667
2025-09-25,10948,9654,4248.0,4623.0,3613.0,5574.0,44621.00,-334544.00,1829071.00,906754.00,40679.0333,29398.9667,24053.5714,16962,989563.00,1368728.00,149683,138134,19319.3333,32031.3333
2025-09-24,24773,10610,13093.0,10492.0,3156.0,4715.0,1245363.00,-904440.00,4286612.00,2887626.00,41284.2667,29442.1,23066.7143,16964.2857,1914494.00,4064297.00,144071,128579,18207.6667,33716
2025-09-23,42554,32871,14748.0,11274.0,5257.0,4623.0,1117841.00,48268.00,8869951.00,7798890.00,42276,28942.9,19487.7143,14044.1429,2537977.00,3607550.00,126325,106478,9401.3333,22893.6667
2025-09-22,28767,14477,9120.0,6553.0,2338.0,5694.0,479040.00,-685694.00,3762176.00,2268188.00,43563.6,28991.2,18529.2857,16483.8571,1028115.00,2192849.00,119375,90402,18770.3333,21659.3333
2025-09-19,29827,7275,17785.0,10392.0,2104.0,4024.0,-6468.00,-82744.00,3857822.00,502736.00,44450.3,29116.3667,17687.8571,17113.4286,1986160.00,2062436.00,175395,111647,17833.6667,14151.3333
2025-09-18,10087,6452,5712.0,3826.0,1150.0,2111.0,-146375.00,-73861.00,1190658.00,798653.00,52205.2,31964.2333,20022.8571,21743.5714,732331.00,659817.00,176377,109212,19225,16744
2025-09-17,25064,42584,12223.0,11259.0,5042.0,5923.0,-47019.00,-574135.00,3837800.00,6310700.00,56773.9667,32586.3,19452.2857,18312.2857,2288223.00,2815339.00,146498,104055,9173.6667,14223
2025-09-16,7303,4465,3814.0,2927.0,1530.0,2800.0,-135229.00,-410046.00,830780.00,685637.00,60746.2667,33720.1333,23738.4286,21589.5714,587840.00,862657.00,144611,101167,18203.6667,19141.3333
2025-09-15,17865,10626,8105.0,5287.0,1738.0,2785.0,86701.00,-147413.00,2438564.00,1617824.00,62483.4667,34764,25725.8571,30115.4286,1164407.00,1398521.00,140503,95171,18555.6667,21165.3333
2025-09-12,17501,12430,8321.0,7330.0,5276.0,5802.0,37738.00,-144699.00,2043218.00,1812690.00,63271.9667,35561.8667,26494.4286,36176.4286,1552564.00,1735001.00,146913,114604,27366.6667,24142.3333
2025-09-11,22058,31555,7696.0,6839.0,3617.0,5320.0,27626.00,153487.00,2549951.00,7785529.00,64053.6333,35318.9,23343.2857,31668.5714,1292819.00,1166958.00,133962,109894,23036.6667,23813
2025-09-10,23937,11682,12607.0,8712.0,4145.0,3539.0,84943.00,313634.00,1925132.00,2365093.00,67185.4667,36899.7,29268.5714,36292.1429,1524446.00,1295755.00,126057,98218,28278,28269.3333
2025-09-09,26432,38863,10177.0,9328.0,19317.0,13355.0,-40587.00,1441246.00,2003333.00,7730567.00,69714.1333,36812.9333,30505.5714,34029,3703158.00,2221325.00,113401,83715,38759.3333,30051
2025-09-08,21070,18565,10910.0,7642.0,3661.0,12481.0,772986.00,-2703641.00,4123422.00,4221740.00,71686.3667,37083.6667,35029.7143,34342,2056548.00,5533175.00,99374,67484,50856.6667,30654.6667
2025-09-05,37306,27406,19560.0,10979.0,10593.0,9219.0,1902102.00,404826.00,7589871.00,4657344.00,75003.5333,37025.4667,37576.8571,40593.7143,4451328.00,5948604.00,82428,48229,41721.3333,18219.3333
2025-09-04,31777,70307,18213.0,10451.0,47017.0,16957.0,-149486.00,6012597.00,5121747.00,18130994.00,81348.7,36413.9667,42692,34506.4286,13863729.00,7701646.00,50386,20858,32968,29431.6667
2025-09-03,22881,54857,10540.0,9305.0,25370.0,4789.0,656307.00,4963304.00,5091922.00,9725383.00,93772.9333,37401.1667,56983.4286,40607.1429,8089240.00,3782243.00,0,0,22356,33501.6667
2025-09-02,0,0,,,,,,,0,0,104787.7333,40870,63550.5714,42455.2857,0,0,1554491,1603683,29274.6667,51081.3333
2025-08-29,65414,44047,31479.0,31474.0,17729.0,25378.0,-50776.00,-190581.00,1214852.00,765938.00,114786.3,44784.6667,63890.8571,40546.4286,854939.00,994744.00,1568324,1676395,38315,47655.3333
2025-08-28,35091,23021,13818.0,18037.0,4142.0,11006.0,-77359.00,-83675.00,838461.00,824393.00,147288.2667,61088.4667,65534.1429,39897.4286,499120.00,505436.00,1556549,1669470,39873.3333,58486
2025-08-27,52739,20756,27980.0,22466.0,7799.0,10059.0,-2737.00,86034.00,1158021.00,526380.00,147035.6667,60946.9667,68689.8571,43490.8571,797111.00,708340.00,1548219,1650299,65475.3333,81880
2025-08-26,55136,71168,31991.0,18798.0,51110.0,18686.0,100678.00,1407641.00,1071462.00,2710703.00,148047.9,59082.5,69793.7143,35982,2461906.00,1154943.00,1515206,1624756,46065,78824.6667
2025-08-25,67583,27696,29388.0,32983.0,11054.0,11125.0,-62328.00,-140331.00,1059130.00,1176865.00,147033.4,58347.1667,67959.7143,34729.1429,809205.00,887208.00,1507834,1589161,47061.3333,78895.6667
2025-08-22,122921,97562,47852.0,44639.0,60456.0,27592.0,-57126.00,461794.00,2888954.00,2759582.00,147093.6333,58612.4667,61755,28956.2857,2324648.00,1805728.00,1500962,1601927,20700,53453.3333
2025-08-21,45970,12937,12382.0,29719.0,9166.0,3432.0,-316547.00,115389.00,974264.00,249979.00,147358.5333,58828.7333,61320.7143,28808.7143,750054.00,318118.00,1495883,1577477,31691,63073
2025-08-20,67796,30685,27543.0,34794.0,19158.0,9260.0,-25184.00,264891.00,1584165.00,856668.00,149093.2667,59420.3667,61965,26981.5714,1262846.00,972771.00,1482459,1548337,27664.6667,61428.6667
2025-08-19,46594,18478,25130.0,18168.0,7620.0,9821.0,6206.00,-12438.00,1127854.00,228247.00,152113.2333,61646,64936.5714,26617,570054.00,588698.00,1474123,1529572,27814,64145.6667
2025-08-18,74829,45910,36653.0,27468.0,16753.0,15080.0,-6333.00,-144490.00,1420323.00,1771404.00,151009.1333,61295.6,62307.8571,21634.1429,1003335.00,1141492.00,1475162,1505983,31561.3333,65698.6667
2025-08-15,62863,18606,26339.0,32137.0,8539.0,8256.0,-163849.00,-52676.00,1344956.00,624571.00,151603.5667,61016.8,88003.7143,32103,928173.00,817000.00,1581312,1791272,29327.3333,59054.3333
2025-08-14,54745,18926,19096.0,23549.0,1831.0,7809.0,39361.00,-195028.00,913061.00,1093486.00,150778.8667,61128.6667,103344,38148.7143,437044.00,671433.00,1573555,1773724,28983.6667,64908
2025-08-13,79488,57152,25842.0,18210.0,6566.0,3104.0,-2454.00,58072.00,1045888.00,2413736.00,151067.0667,60346.4,110056,35481.2857,519442.00,458916.00,1566716,1727011,15241.6667,60877
2025-08-12,42930,11904,21113.0,18938.0,3606.0,6890.0,38707.00,-90776.00,784821.00,366304.00,150729.2333,62764.4333,113920.4286,39772.4286,427715.00,557198.00,1565614,1711619,14950.3333,65376.3333
2025-08-11,72306,17895,29632.0,38979.0,7027.0,7853.0,-50523.00,64365.00,1369171.00,519712.00,149726.7333,66107.5667,109470.4286,42411.1429,838298.00,723410.00,1558704,1688985,39614.6667,122185.6667
2025-08-08,67395,15926,42846.0,21704.0,8060.0,6154.0,774059.00,90337.00,1801347.00,499443.00,148720.3,65783.1,106343.7143,43602.5714,708808.00,1392530.00,1603106,1821102,54721.3333,153763
2025-08-07,56428,11030,30556.0,22604.0,5850.0,3847.0,-98973.00,136547.00,1000247.00,394962.00,148751.2333,65990.9333,115124.2857,50470.5714,733598.00,498078.00,1596556,1794340,63871.3333,177111
2025-08-06,242734,91888,87807.0,72513.0,41282.0,26038.0,445871.00,59349.00,5184220.00,2190985.00,141609.5667,63174.9333,95061.1429,42523.7143,1960223.00,2346745.00,1572875,1696618,47222.6667,119526.6667
2025-08-05,162127,61246,104906.0,52514.0,31072.0,9682.0,965566.00,293756.00,2735263.00,875788.00,138645.4667,61738.4,83362.5714,37586.7143,1270829.00,1942639.00,1530571,1612154,38929.3333,79203
2025-08-04,126472,38480,49553.0,43211.0,22214.0,8548.0,211866.00,-6653.00,2538156.00,430141.00,135291.1333,62007.3667,84841,35755.2857,771977.00,990496.00,1504974,1570426,34191.3333,52215
2025-08-01,69981,41942,38874.0,28369.0,15782.0,19365.0,147916.00,-236335.00,1413452.00,927463.00,134372.4667,61440.4,106576.8571,37186.7143,858035.00,1242286.00,1534071,1622182,39912.6667,68185.3333
2025-07-31,41156,36366,19746.0,19653.0,8627.0,8550.0,-68937.00,-88219.00,872216.00,595036.00,134278.3,60916.7667,157212.8571,44059.1429,573509.00,592791.00,1535851,1613095,39877.3333,88564
2025-07-30,45508,24266,20351.0,22441.0,7154.0,16718.0,-87236.00,-149239.00,1188402.00,532585.00,134722.1333,62676.3,197918,55459,763402.00,825405.00,1531175,1596010,40684.3333,100140.3333
2025-07-29,117892,59106,54229.0,58972.0,23481.0,20970.0,58607.00,67444.00,2261020.00,1154832.00,131547.0333,60943.0667,233272.1429,70084.8571,1486149.00,1477312.00,1528916,1571721,29535.6667,106450
2025-07-28,102292,36260,47026.0,50185.0,18789.0,16509.0,160140.00,-122374.00,2682429.00,763221.00,128698.7667,59916.1667,362966.1429,138067,1357096.00,1639610.00,1563613,1593522,34769.6667,146396.6667
2025-07-25,80237,26687,39055.0,36698.0,10058.0,15338.0,14761.00,291765.00,1998050.00,919464.00,126922.5,59700.8,357955.2857,136613.2857,1466314.00,1189310.00,1563890,1643838,54031.6667,251520.3333
2025-07-24,136821,25660,55171.0,57625.0,12147.0,12037.0,374037.00,-71809.00,2931118.00,1435504.00,123249.0667,59466.8667,350624.1429,135123.8571,1525883.00,1971729.00,1557190,1620159,80166.6667,316061.3333
2025-07-23,222132,51962,100843.0,112062.0,17185.0,25792.0,-84117.00,-123854.00,5482182.00,1312184.00,119417.3,58038,324197.8571,128505.8571,3056346.00,3096083.00,1545331,1602133,116675,363807.6667
2025-07-22,395608,84473,218288.0,142594.0,39411.0,41455.0,1899259.00,199239.00,10069304.00,1593689.00,107639.6667,55662.9333,285500.7143,131512.7143,4356272.00,6056292.00,1518107,1487849,259229,568655
2025-07-21,330444,104065,176293.0,131944.0,51077.0,39162.0,272729.00,-400388.00,6975011.00,4158911.00,100569.6333,52726.4333,245996.8571,119421.2857,4539807.00,5212924.00,1482256,1386277,230044.3333,473560.6667
2025-07-18,365371,161487,141712.0,174588.0,56482.0,48093.0,-277262.00,-61508.00,10819533.00,5421312.00,89805.0667,47768.2333,210920.7143,103270.8571,5378175.00,5162421.00,1572921,1532511,181293.3333,380271.3333
2025-07-17,1010150,512135,447970.0,417138.0,143174.0,189544.0,1287382.00,-666442.00,40513173.00,17600210.00,57660.9333,31477.4333,86212.5714,42286.8571,20486367.00,22440191.00,1347103,1377245,12460.3333,55937.3333
2025-07-16,45161,16511,13359.0,30373.0,10925.0,4486.0,-452004.00,549680.00,1138506.00,1061572.00,58927.1667,31921.8,85719,44985,1463002.00,461318.00,1338770,1372478,42130.3333,82459.6667
2025-07-15,85503,15234,58604.0,18437.0,2909.0,8612.0,565391.00,-171890.00,1672750.00,643273.00,60996.2333,35657.7333,85032.2857,44271.8571,517356.00,1254637.00,1335235,1335433,43527.3333,71931
2025-07-14,37148,5636,13877.0,21824.0,2602.0,2292.0,-58580.00,-8282.00,559955.00,125609.00,62633,37197.3,84011.7143,46649.8571,335442.00,285144.00,1329154,1322401,57793.3333,99494.3333
2025-07-11,124728,105521,10252.0,111768.0,101502.0,3290.0,-3825448.00,3045715.00,6636372.00000000,3607350.00000000,59433.4333,34755.9667,78784,36387.4286,9825072.00000000,303909.00,1245465,1254343,51035.3333,103649.3333
2025-07-10,53917,19425,20289.0,25418.0,8907.0,3037.0,-168167.00,298604.00,1335653.00,749510.00,59285.0333,34422.8333,75766.5714,45676,887452.00,420681.00,1233138,1240220,56359.6667,99579
2025-07-09,119838,48434,34464.0,43710.0,3913.0,3700.0,-207524.00,124237.00,4418416.00,1995492.00,56793.9333,33634.2667,64679.8571,55641,1256878.00,925117.00,1194051,1168778,43629,86531.6667
2025-07-08,137193,85247,81039.0,50771.0,37492.0,38528.0,-395551.00,360513.00,3067857.00,2335252.00,53673.5,31008.2333,50395.4286,44347.4286,2803029.00,2046965.00,1178597,1123236,22640.6667,50802
2025-07-07,41706,35398,17919.0,21569.0,17981.0,7764.0,-307701.00,379824.00,1170803.00,721812.00,54761.3333,33774.9667,52631.1429,41757,1160438.00,472913.00,1151249,1105812,22069.3333,66278
2025-07-03,80696,10242,40570.0,23269.0,7270.0,2411.0,424476.00,73249.00,1701393.00,186352.00,61366.6333,34537.4333,45172.2857,41352.1429,491889.00,843140.00,1163484,1098510,46803.6667,50311
2025-07-02,30004,22282,13119.0,13528.0,4053.0,10069.0,-198901.00,-46389.00,742544.00,795747.00,62385.6,34449.2667,51343.7143,40761.8571,538790.00,386278.00,1148224,1091228,78772.6667,54386.6667
2025-07-01,88134,33684,27131.0,36859.0,13345.0,17864.0,-800757.00,-582463.00,3160424.00,2847818.00,62105.1667,34002.8333,42444.8571,42599.7143,2488245.00,2269951.00,1138294,1062520,69608.6667,37409.3333
2025-06-30,32795,84445,14167.0,16495.0,9439.0,5020.0,-32522.00,117681.00,704893.00,2453216.00,62550.7333,31370.3667,43820,34098,545629.00,395426.00,1091242,1052310,47215.3333,45596.3333
2025-06-27,42231,118189,18241.0,20289.0,5237.0,18764.0,-64864.00,-195522.00,1261534.00,2370181.00,65110.3,28332.3333,43262.8571,20164.8571,672357.00,803015.00,1084100,1073310,10288.3333,41014
2025-06-26,37202,6192,20266.0,15336.0,1512.0,4129.0,245858.00,-44977.00,771539.00,113406.00,66083.7333,28508.3333,46351.5714,30287.7143,264661.00,555496.00,1082333,1057675,14274.3333,53014.6667
2025-06-25,57356,17265,11809.0,13475.0,7966.0,3437.0,-212772.00,186974.00,1586593.00,785664.00,68054.0667,30733.2667,41392,28836.8571,718879.00,319133.00,1075645,1042692,24035.6667,42510
2025-06-24,28484,7408,12676.0,13168.0,3678.0,2922.0,-96512.00,15487.00,619086.00,296456.00,70901.7667,31472.7333,39729.1429,28557.5714,445687.00,333688.00,1073601,1028717,29877.3333,47155.6667
2025-06-23,73204,18150,20185.0,21534.0,5682.0,6101.0,-93023.00,13368.00,1592420.00,492762.00,69896.2333,31393.6333,33121.2857,28854.1429,608149.00,501758.00,1062362,1010069,30713,35531.3333
2025-06-20,25842,46549,11002.0,13125.0,15339.0,3983.0,-52872.00,155451.00,540946.00,1732784.00,70957.6,31989.6333,33232.1429,24867.4286,591763.00,383440.00,1165573,1159585,40880.6667,46525
2025-06-18,42421,24933,12374.0,7966.0,13159.0,6245.0,106015.00,98264.00,1348413.00,696236.00,72745.1,33834.8333,42483.2857,22605,453978.00,461729.00,1150995,1134041,34939.3333,39931
2025-06-17,38331,20657,14956.0,11579.0,4625.0,4425.0,2684.00,54401.00,1296513.00,361445.00,75043.8667,33830.6,43047.2857,21542.7143,364452.00,312735.00,1139853,1117607,29871.3333,32768.6667
2025-06-16,58823,77052,34008.0,20841.0,45262.0,5886.0,137681.00,823115.00,690339.00,1496258.00,74363.2,31693.4333,51550.1429,12816.7143,1193823.00,508389.00,1072719,1096686,10929.3333,22144
2025-06-13,22639,7109,9542.0,11427.0,3587.0,2863.0,-59696.00,24719.00,563181.00,209176.00,75000.7,31851.6,54378,13621.2857,388532.00,304117.00,1091320,1129874,14773.6667,23470.3333
2025-06-12,16844,5453,6850.0,8045.0,3915.0,1039.0,-47494.00,51640.00,404300.00,188311.00,75785.1667,32394.6667,58518.2857,16186.7143,319645.00,220511.00,1089815,1128051,15988,53582
2025-06-11,26949,20226,10499.0,14967.0,3329.0,10369.0,-195816.00,-207361.00,601066.00,668974.00,75814.8,32417.2333,66546.7143,17560.4286,452972.00,464517.00,1082043,1123695,13653,58692
2025-06-10,26618,18642,8619.0,17207.0,2187.0,6040.0,-98607.00,-6252.00,496429.00,260055.00,76487.6667,33690.1333,83826.2857,33084.7143,336680.00,244325.00,1079292,1117738,12762.3333,89267
2025-06-09,107179,9096,58183.0,33755.0,3271.0,4845.0,208897.00,-34504.00,1329350.00,178084.00,74008.1667,33715.9333,80836.5714,39188.5714,537948.00,781349.00,1076306,1065536,13977.3333,67685.3333
2025-06-06,42279,13221,20202.0,17228.0,4938.0,2965.0,160397.00,-33393.00,920721.00,435101.00,73888.7333,34721.1667,78902.5714,41911.4286,399197.00,592987.00,1094262,1100479,17374,68867.6667
2025-06-05,118343,15970,33812.0,50861.0,11346.0,3333.0,-272042.00,115058.00,3273777.00,502938.00,71977.4667,35982.0667,69062.8571,40977.2857,1642177.00,1255077.00,1088998,1053659,21998,57136
2025-06-04,42434,12741,25796.0,14226.0,2781.0,9461.0,476565.00,-565712.00,1243248.00,707277.00,71838.6333,35919.1333,69444.4286,42696.7143,381025.00,1423302.00,1085226,1037958,60188.3333,92183
2025-06-03,45826,23411,17488.0,20883.0,8031.0,14223.0,-162463.00,-88676.00,1108282.00,546034.00,71222,35644.3,69123.5714,40276,739241.00,667886.00,1077225,1015618,69659,105658
2025-06-02,83148,29842,28465.0,31291.0,13177.0,15296.0,594.00,-288766.00,1667390.00,836305.00,69216.4667,35166,67865.4286,52927.1429,863636.00,1152996.00,1061055,989812,70472,87522.3333
2025-05-30,147575,127312,45703.0,32449.0,42499.0,28207.0,493359.00,-10325.00,3445687.00,2353096.00,65232.2667,31399.2667,86619.7143,39470.5714,1367657.00,1871341.00,1025797,983600,31178.3333,54819
2025-05-29,86251,51823,25404.0,26628.0,13184.0,9908.0,14958.00,71133.00,2068364.00,564490.00,63263.4667,30518.2,82951.4286,34872.5714,842490.00,786315.00,985962,954298,22163,41103.6667
2025-05-28,28741,32281,12322.0,14375.0,3665.0,3497.0,-37528.00,19621.00,449848.00,272782.00,64276.8,30405.0333,90234.2857,33159.7143,245085.00,187936.00,964307,946350,13558,46050
2025-05-27,49465,9431,25932.0,21023.0,2873.0,5793.0,1652.00,-32060.00,831934.00,157165.00,65957.1,30558.6667,89762.4286,32594,424681.00,458393.00,958119,927000,49881,54342
2025-05-23,45105,24777,16264.0,24330.0,14165.0,9717.0,-179274.00,173336.00,967234.00,510093.00,65608.9333,30480.1333,100321.4286,32918.4286,829354.00,476744.00,977394,962618,52660.6667,132258.6667
2025-05-22,43580,6466,16116.0,23501.0,3237.0,2535.0,-49761.00,9385.00,815038.00,194509.00,65805.6333,31231.8333,103582.1429,33633.5714,461230.00,402084.00,975829,946625,57051,137923
2025-05-21,74341,118400,24418.0,43372.0,58998.0,57435.0,-444831.00,1528669.00,1960324.00,3398604.00,65624.8667,29761.9333,109600,28721.1429,3454272.00,1480772.00,971891,944926,24348,139716.3333
2025-05-20,278855,33116,136086.0,71429.0,10438.0,21827.0,1000145.00,-151373.00,5843639.00,724746.00,59549.5,29865.9333,86037.1429,28217.7143,1548304.00,2699822.00,951798,880312,15133,62152
2025-05-19,60573,19637,21613.0,29988.0,7685.0,10636.0,-43377.00,-35424.00,1657801.00,508191.00,59410.2,32957.1667,83532.1429,27666.2857,799424.00,791471.00,940989,854787,17603.3333,81633.6667
2025-05-16,79721,20291,41190.0,34373.0,3860.0,6662.0,-30113.00,-110275.00,1686372.00,517155.00,60780.9667,39665.1333,80383.8571,33971.7143,854073.00,934235.00,1017083,967935,14663.6667,77195
2025-05-15,46162,5471,17083.0,24578.0,2788.0,2226.0,-146941.00,28910.00,1033513.00,111885.00,60516.7,40207.5333,87510.1429,44660,596249.00,420398.00,1016415,962533,40844.3333,100629.6667
2025-05-14,119018,27048,81705.0,31670.0,11486.0,4803.0,601131.00,247950.00,2275953.00,737619.00,61578.5333,41809.3333,85835.2857,43728.8571,1156503.00,1509684.00,1008099,920042,41692.3333,98928.6667
2025-05-13,66405,11472,37931.0,21775.0,3443.0,4381.0,81110.00,-19467.00,1001861.00,206470.00,61884.8667,42137.2333,81835,43938.1429,392913.00,493490.00,1002202,896028,43127.3333,91139.6667
2025-05-12,116466,84013,53633.0,43639.0,40226.0,43247.0,158229.00,320030.00,2250085.00,868575.00,58973.4,40228.3,71163.2857,33629.7143,1353747.00,1191946.00,983776,861826,36599.3333,71545.3333
2025-05-09,113915,29592,59240.0,49631.0,12865.0,15415.0,-156266.00,117627.00,1512204.00,463455.00,56690.0667,39691.9667,60658,32508.7143,1046425.00,772532.00,1034430,918112,53498.3333,65589
2025-05-08,43038,15777,23853.0,13824.0,2522.0,12891.0,-19152.00,-136494.00,801825.00,228639.00,55753.3333,39412.8667,58486.5714,33241,356168.00,473510.00,1036774,900768,55082.6667,87007.6667
2025-05-07,57683,64429,21506.0,34138.0,11506.0,26281.0,-209305.00,-650716.00,992372.00,2412221.00,54624.5667,37606.5,56932.4286,32155.2857,892326.00,1333737.00,1037323,897520,37918.6667,80581
2025-05-06,96046,80289,55986.0,35122.0,57444.0,17513.0,-99130.00,218505.00,1492727.00,1073187.00,54506.9667,35626.4333,47896.4286,22095.4286,1160661.00,843026.00,990006,853503,15107,62487
2025-05-05,107294,20530,31396.0,22587.0,9685.0,9773.0,9315.00,-10824.00,1922406.00,450646.00,52413.7,35589.5333,38096.7143,25359.4286,658969.00,679108.00,978876,814272,15512,40181.6667
2025-05-02,38403,12937,16255.0,19710.0,3643.0,8008.0,-237925.00,-48338.00,979853.00,185230.00,51867.4667,36325.7,41325.5714,31196.5714,609237.00,419650.00,984279,835256,18167.3333,36660
2025-05-01,41764,11854,20061.0,19364.0,8889.0,2355.0,173591.00,99456.00,963501.00,185644.00,52343.5333,37500.9667,40826.2857,31053.5714,489630.00,563765.00,979862,825107,33159,38340
2025-04-30,40378,21745,11725.0,16116.0,3769.0,2890.0,-510615.00,124081.00,2335221.00,970330.00,55499.9667,38427.4333,38961.8571,30113.7143,939161.00,304465.00,962668,809237,29200.6667,35812
2025-04-29,27838,20903,10557.0,15743.0,4178.0,3193.0,-82691.00,-29171.00,546653.00,992135.00,55759.5,38372.9667,38268.1429,29340.8571,322218.00,268698.00,944599,795707,36692.3333,39431.3333
2025-04-28,46804,56829,21353.0,22197.0,43852.0,12677.0,18957.00,452637.00,850091.00,1181070.00,54971.6,36776.6333,35588.8571,23266.7143,1153916.00,720236.00,957716,775889,35681.6667,44165
2025-04-25,32794,9870,16701.0,13888.0,3150.0,6365.0,51.00,-14005.00,717121.00,185791.00,54576.1333,36847.2,34787.8571,25484,387066.00,401122.00,970276,803951,36009.3333,45990
2025-04-24,38696,43378,19501.0,12275.0,6784.0,13351.0,89562.00,-85058.00,924179.00,3403690.00,54090.3,36610.8,37708.5714,23413.7143,419554.00,594174.00,932184,791481,26605.3333,42200.3333
2025-04-23,61005,53797,36247.0,21880.0,27037.0,26047.0,137702.00,-315685.00,1148625.00,1848839.00,52807.7333,35242.1,43261.2857,17734.1429,1187991.00,1641378.00,923686,773355,13837.3333,29526
2025-04-22,38269,10853,12703.0,11417.0,2328.0,8001.0,-14945.00,-64683.00,799486.00,243507.00,53264.9333,35914.7667,42745.7143,19386.7143,299392.00,349130.00,915714,749834,14989.6667,26119.3333
2025-04-21,27327,15166,9717.0,16258.0,3528.0,11164.0,-104063.00,-16761.00,530817.00,180265.00,53559.3333,35937,45910.5714,21365.4286,351465.00,264163.00,903947,741073,18398,26072.6667
2025-04-17,22982,15493,10428.0,10018.0,1978.0,6063.0,70365.00,-55132.00,498692.00,550046.00,53494.2667,35858.2,52472.8571,29766.8571,245014.00,370511.00,983242,826602,22862.3333,38125.6667
2025-04-16,28049,14310,13638.0,12100.0,8283.0,5319.0,97907.00,158294.00,826462.00,406320.00,53418.9,35712.3,62265,32899.1429,583385.00,522998.00,979281,817348,22772.3333,62067.3333
2025-04-15,27187,25391,13812.0,11433.0,10389.0,4186.0,-70255.00,111703.00,541887.00,409852.00,54837.3667,37510.9333,66437.4286,45325.2857,462212.00,280254.00,964174,809922,21782.3333,64558.3333
2025-04-14,59141,28886,20464.0,20596.0,7907.0,10615.0,-18377.00,-66384.00,1103947.00,474886.00,54817.9667,38732.4333,75252.1429,72845.8571,477668.00,525675.00,953707,783310,21826,61338.3333
2025-04-11,99874,14040,33746.0,27796.0,5750.0,7349.0,-84985.00,78854.00,3028208.00,752616.00,53920.2667,40269.9,66446.4286,73946.2857,1006247.00,842408.00,965676,804360,41913.6667,51019.6667
2025-04-10,34660,22421,14243.0,16423.0,11799.0,9537.0,-140620.00,266581.00,858613.00,656795.00,55389.6,45577.7333,83048.2857,81472.1429,876582.00,469381.00,962002,797349,46518.6667,71664.3333
2025-04-09,49481,29017,25408.0,20016.0,11099.0,12239.0,-79711.00,203570.00,1077610.00,665086.00,57262.9667,57422.0333,86778.8571,80371,912988.00,629707.00,963737,785487,74304.3333,73968.6667
2025-04-08,68918,74303,27663.0,35351.0,20107.0,7825.0,-333841.00,225637.00,1456231.00,1417061.00,58615.900000000000,56698.833333333333,81093.714285714286,73577.000000000000,1170203.00,610725.00,942051,769381,123380.000000000000,91277.333333333333
2025-04-07,96594,36236,52777.0,40659.0,18738.0,11460.0,-129772.00,436254.00,1941656.00,1791580.00,57797.166666666667,57707.033333333333,73782.428571428571,70329.285714285714,1991906.00,1425880.00,931269,728296,118549.000000000000,71824.000000000000
2025-04-04,56394,112374,18184.0,15040.0,16179.0,14607.0,-45582.00,313954.00,1673650.00,3766502.00000000,57741.166666666667,55708.500000000000,67859.857142857143,55333.571428571429,1424373.00,1064837.00,1012826,784518,106125.000000000000,103317.000000000000
2025-04-03,120844,221530,28925.0,87513.0,33919.0,174993.0,-3275334.00,-2657598.00,4803883.00,6176236.00,54891.633333333333,49008.400000000000,53999.285714285714,25149.000000000000,5496572.00,4878836.00,1094729,729188,39384.666666666667,88234.000000000000
2025-04-02,38234,21743,13684.0,22817.0,3486.0,10077.0,-48191.00,16388.00,894121.00,185657.00,55266.500000000000,49000.433333333333,61754.142857142857,25026.714285714286,510327.00,445748.00,1092927,720985,41052.000000000000,85196.666666666667
2025-04-01,150873,75102,93617.0,49782.0,46711.0,27174.0,574398.00,348043.00,2629945.00,670157.00,54474.266666666667,48131.800000000000,46557.428571428571,17072.571428571429,1424116.00,1650471.00,1080350,680255,20518.666666666667,50044.000000000000
2025-03-31,75595,21309,47637.0,26002.0,10017.0,10840.0,294595.00,-30254.00,873213.00,178195.00,55012.566666666667,48301.333333333333,38903.285714285714,19031.571428571429,328370.00,653219.00,1061966,647714,15883.666666666667,29824.333333333333
2025-03-28,29122,26745,12540.0,14198.0,13706.0,4490.0,-68559.00,62760.00,630664.00,410212.00,59378.066666666667,48903.866666666667,42749.571428571429,21941.142857142857,460560.00,329241.00,1080662,696696,10381.3333333333333333,28057.000000000000
2025-03-27,45415,13502,29288.0,14822.0,2447.0,1568.0,102124.00,-26177.00,670106.00,459818.00,59479.666666666667,48754.966666666667,55557.571428571429,27089.285714285714,337752.00,466053.00,1071228,678487,12843.0000000000000000,43758.000000000000
2025-03-26,14936,7404,6597.0,7655.0,3274.0,3753.0,-3563.00,-17312.00,292475.00,110952.00,59699.133333333333,48779.600000000000,58513.000000000000,28784.285714285714,165725.00,179474.00,1069667,676481,16849.333333333333,53611.333333333333
2025-03-25,23820,10238,8755.0,14057.0,3749.0,5835.0,-48750.00,-224750.00,416398.00,483116.00,59886.533333333333,49340.466666666667,58419.714285714286,28598.714285714286,319940.00,495940.00,1064419,673609,25110.666666666667,53010.000000000000
2025-03-24,92518,20887,53131.0,36926.0,5808.0,14555.0,1565087.00,-32905.00,2951129.00,342993.00,57418.100000000000,48996.100000000000,48192.857142857143,27327.285714285714,796152.00,2394144.00,1057036,618095,33852.333333333333,40852.666666666667
2025-03-21,44496,19423,27694.0,15300.0,10269.0,8238.0,43819.00,192636.00,710335.00,500793.00,56803.800000000000,48830.200000000000,45282.142857142857,29736.285714285714,624947.00,476130.00,1153896,787288,43891.000000000000,71044.333333333333
2025-03-20,22016,35022,10482.0,9993.0,18135.0,5700.0,72124.00,151408.00,430882.00,662339.00,57096.866666666667,47990.933333333333,45355.285714285714,26552.571428571429,447373.00,368089.00,1131764,785085,38640.000000000000,75580.333333333333
2025-03-19,56046,47112,24452.0,29233.0,29595.0,10224.0,50209.00,192977.00,1238461.00,675184.00,56752.100000000000,47180.866666666667,44775.142857142857,24255.571428571429,863955.00,721187.00,1100453,778165,25915.666666666667,64620.666666666667
2025-03-18,135071,49539,75211.0,53103.0,33581.0,14420.0,343037.00,408428.00,2415814.00,737892.00,53443.033333333333,46222.066666666667,30644.857142857143,19440.428571428571,1488999.00,1423608.00,1070133,739781,13398.333333333333,26573.666666666667
2025-03-17,35624,19269,15783.0,17701.0,13829.0,5046.0,79464.00,2464.00,579971.00,236279.00,52918.700000000000,45776.066666666667,28560.000000000000,18563.285714285714,330718.00,407718.00,1070029,726382,19070.666666666667,22739.333333333333
2025-03-14,23167,8939,10627.0,11771.0,3297.0,4757.0,-1035.00,-100039.00,373978.00,231762.00,52960.100000000000,45665.600000000000,28934.428571428571,18705.285714285714,221053.00,320057.00,1095184,759307,20336.333333333333,22526.333333333333
2025-03-13,20930,11987,12157.0,6965.0,6091.0,4913.0,144171.00,-26964.00,530722.00,214917.00,52934.233333333333,45817.166666666667,35907.428571428571,28328.571428571429,241509.00,412644.00,1090355,752223,26685.000000000000,32878.000000000000
2025-03-12,24121,36286,11328.0,10876.0,11746.0,13748.0,3328.00,-545667.00,412890.00,3317385.00,53217.500000000000,44917.966666666667,40827.142857142857,32506.428571428571,1441721.00,1990716.00,1068492,746677,19867.333333333333,36890.666666666667
2025-03-11,22528,12736,13253.0,8127.0,6764.0,4901.0,76773.00,91218.00,439347.00,401001.00,53864.600000000000,44874.533333333333,48029.285714285714,39281.857142857143,343621.00,329176.00,1065390,740316,19998.333333333333,36391.333333333333
2025-03-10,51985,31033,18964.0,31383.0,5401.0,24749.0,-70.00,-674391.00,600508.00,996430.00,53055.500000000000,44134.933333333333,51851.428571428571,60799.428571428571,417639.00,1091960.00,1061151,721433,12965.0000000000000000,27659.000000000000
2025-03-07,36159,15833,17681.0,16276.0,8473.0,6633.0,105202.00,-160172.00,633635.00,476229.00,52892.666666666667,43988.833333333333,61783.285714285714,113444.142857142857,375819.00,641193.00,1105139,747042,34137.333333333333,38853.000000000000
2025-03-06,21030,13129,10594.0,9479.0,7480.0,5105.0,8801.00,224627.00,304592.00,690308.00,53561.100000000000,44502.533333333333,74422.714285714286,119083.857142857143,579618.00,363792.00,1100402,741089,51604.666666666667,51362.666666666667
2025-03-05,25788,9933,15285.0,9730.0,2208.0,4226.0,126232.00,-49708.00,470296.00,241875.00,54559.500000000000,45207.233333333333,81029.000000000000,127162.285714285714,205392.00,381332.00,1097006,729608,68348.333333333333,67081.000000000000
2025-03-04,69741,79350,29546.0,17523.0,25228.0,51345.0,496545.00,-897557.00,1874911.00,2336457.00,53863.833333333333,43128.000000000000,78882.285714285714,123314.857142857143,992390.00,2386492.00,1097285,702520,102450.333333333333,70080.666666666667
2025-03-03,58559,65531,25434.0,30988.0,28662.0,25995.0,141692.00,-315548.00,913056.00,1569719.00,53175.133333333333,42361.700000000000,75567.857142857143,116885.714285714286,805758.00,1262998.00,1085845,675776,208722.000000000000,85788.333333333333
2025-02-28,72943,60164,48653.0,12385.0,32372.0,10391.0,269321.00,417423.00,972987.00,1685119.00,52150.466666666667,41097.933333333333,72216.000000000000,111362.857142857143,994816.00,846714.00,1135691,742215,206203.000000000000,97976.000000000000
2025-02-27,78740,181656,52597.0,24057.0,92838.0,35763.0,240221.00,1800359.00,1509939.00,5253217.00,50909.700000000000,35718.066666666667,79125.428571428571,92418.142857142857,3410260.00,1850122.00,990313,707235,167811.666666666667,95740.000000000000
2025-02-26,105682,384346,61455.0,40079.0,186889.0,93920.0,386842.00,3004981.00,2440599.00,10339608.00,48909.433333333333,23341.466666666667,77134.285714285714,41282.285714285714,5666377.00,3048238.00,741244,666547,57169.000000000000,78750.666666666667
2025-02-25,109506,52607,53329.0,52911.0,31561.0,18921.0,163282.00,196738.00,2048184.00,955898.00,46976.933333333333,22660.300000000000,84360.142857142857,40170.000000000000,1436369.00,1402913.00,718025,614924,46475.666666666667,54034.666666666667
2025-02-24,72032,66482,35868.0,32986.0,23847.0,38259.0,151386.00,-378260.00,1634239.00,1631373.00,46189.533333333333,21084.066666666667,80993.142857142857,31963.285714285714,1237219.00,1766865.00,693106,586704,31483.000000000000,46517.333333333333
2025-02-21,54714,52418,22253.0,29128.0,30059.0,20678.0,-237552.00,8788.00,1734411.00,1714591.00,47529.733333333333,20439.000000000000,76251.142857142857,25638.285714285714,1734929.00,1488589.00,778682,660175,30358.000000000000,70648.000000000000
2025-02-20,35358,20527,17410.0,15643.0,9548.0,9482.0,-62369.00,111888.00,1006421.00,544806.00,50720.200000000000,21005.066666666667,75406.000000000000,26572.142857142857,764848.00,590591.00,773453,657731,32314.000000000000,89443.333333333333
2025-02-19,49480,21504,16445.0,30673.0,14780.0,5929.0,-136067.00,446333.00,1214797.00,707892.00,52060.566666666667,21541.933333333333,70975.285714285714,25008.142857142857,1190433.00,608033.00,760969,655371,40086.333333333333,126312.333333333333
2025-02-18,127106,49043,70015.0,52632.0,16329.0,30247.0,201706.00,-117686.00,3481895.00,1266269.00,49397.566666666667,20387.533333333333,56541.142857142857,20065.714285714286,2053398.00,2372790.00,744521,620988,26750.333333333333,100098.000000000000
2025-02-14,91744,26395,39731.0,47507.0,14785.0,10781.0,-145305.00,-71971.00,2137556.00,583760.00,50600.066666666667,20895.533333333333,47836.000000000000,17701.285714285714,1304477.00,1231143.00,747932,644334,20666.333333333333,76690.000000000000
2025-02-13,160087,44821,89685.0,64686.0,27624.0,15759.0,-204200.00,237855.00,3878420.00,1092955.00,46901.866666666667,19965.666666666667,31495.428571428571,14556.857142857143,2554447.00,2112392.00,736285,598984,14747.333333333333,33141.666666666667
2025-02-12,48463,9035,25895.0,17492.0,4469.0,4209.0,262824.00,62227.00,1212381.00,219199.00,47318.033333333333,20191.666666666667,29686.285714285714,16234.000000000000,504540.00,705137.00,732485,581203,15254.333333333333,23142.333333333333
2025-02-11,21520,8143,10299.0,10338.0,2440.0,5404.0,-40971.00,-70674.00,577829.00,263082.00,49610.733333333333,20541.966666666667,29454.000000000000,15912.000000000000,380051.00,409754.00,730369,574507,17355.333333333333,24658.000000000000
2025-02-10,29442,27064,11739.0,16436.0,12826.0,5637.0,-19041.00,-8719.00,469878.00,391296.00,52676.233333333333,21347.666666666667,28735.000000000000,12849.285714285714,399694.00,389372.00,710408,562612,11615.3333333333333333,25113.333333333333
2025-02-07,18465,10556,10122.0,7748.0,4045.0,5936.0,9604.00,18483.00,457033.00,260286.00,55111.733333333333,22725.866666666667,28976.285714285714,13703.285714285714,330920.00,322041.00,724027,598584,15700.000000000000,34192.666666666667
2025-02-06,26067,14446,11877.0,12616.0,1979.0,12124.0,-99522.00,-228512.00,496563.00,317906.00,61123.966666666667,23781.333333333333,29912.285714285714,12969.571428571429,323874.00,452864.00,715434,594816,17809.666666666667,37436.666666666667
2025-02-05,30808,9844,16593.0,12904.0,3556.0,5966.0,188106.00,-112997.00,736551.00,228919.00,61183.100000000000,24120.633333333333,31502.714285714286,13196.571428571429,296739.00,597842.00,709998,584536,16491.333333333333,33798.666666666667
2025-02-04,45703,22810,23322.0,19586.0,6985.0,14517.0,68887.00,-377515.00,939362.00,785596.00,61882.666666666667,23829.100000000000,28932.571428571429,11201.5714285714285714,570780.00,1017182.00,698299,566032,10763.0000000000000000,26700.666666666667
2025-02-03,35799,20775,16490.0,18150.0,9959.0,8230.0,-47969.00,-236654.00,621331.00,856096.00,62950.166666666667,23612.200000000000,28286.142857142857,9869.4285714285714286,597633.00,786318.00,694194,550253,9349.3333333333333333,21485.666666666667
2025-01-31,19894,5889,10787.0,7831.0,2675.0,2681.0,91186.00,23300.00,530241.00,179487.00,66103.333333333333,24450.000000000000,31313.142857142857,13105.285714285714,269137.00,337023.00,710129,600668,10489.6666666666666667,25727.333333333333
2025-01-30,24409,5625,10202.0,13232.0,2939.0,2492.0,-44840.00,-3147.00,448095.00,93924.00,67757.066666666667,24499.066666666667,35789.000000000000,16740.857142857143,263033.00,221340.00,708452,593992,12425.6666666666666667,31571.333333333333
2025-01-29,20154,16534,10358.0,6618.0,10895.0,5311.0,-1036.00,108772.00,410599.00,230740.00,70057.333333333333,24409.033333333333,39891.428571428571,16803.571428571429,333055.00,223247.00,707467,585662,9862.6666666666666667,34090.666666666667
2025-01-28,32619,9310,15676.0,10321.0,5944.0,3206.0,-64094.00,511348.00,927711.00,700525.00,70789.366666666667,24365.800000000000,40645.571428571429,21551.000000000000,897878.00,322436.00,704373,568073,10576.0000000000000000,33642.333333333333
2025-01-27,41941,11433,18702.0,21444.0,7508.0,3239.0,-99182.00,47506.00,800378.00,234419.00,71995.700000000000,24910.566666666667,40683.000000000000,23096.428571428571,546198.00,399510.00,699427,553741,16278.333333333333,33356.333333333333
2025-01-24,27712,8845,14904.0,11007.0,3721.0,3355.0,32097.00,15819.00,595038.00,294607.00,78140.033333333333,25508.300000000000,42655.142857142857,24727.142857142857,358625.00,374903.00,717637,584510,23688.000000000000,42699.000000000000
2025-01-23,31274,11450,13912.0,15499.0,5014.0,5902.0,-74983.00,25039.00,659109.00,267284.00,83756.533333333333,27177.800000000000,44712.285714285714,24955.428571428571,477320.00,377298.00,715406,578848,25529.000000000000,48564.666666666667
2025-01-22,41083,28540,22322.0,17631.0,12643.0,11315.0,10113.00,-41691.00,1211507.00,1051398.00,83384.966666666667,26381.466666666667,46204.857142857143,25474.285714285714,954094.00,1005898.00,709201,566090,30196.333333333333,47503.000000000000
2025-01-21,55740,31074,26142.0,26771.0,14713.0,13813.0,189185.00,39476.00,1490407.00,703231.00,82277.933333333333,25631.433333333333,45157.714285714286,23777.285714285714,942117.00,1091826.00,690196,545084,27255.333333333333,42990.666666666667
2025-01-17,48871,16973,19407.0,25500.0,7370.0,8559.0,-35120.00,31864.00,1206112.00,379291.00,81495.300000000000,28394.266666666667,51736.142857142857,26076.285714285714,727805.00,660821.00,1140094,858193,28351.000000000000,40539.333333333333
2025-01-16,37898,42542,21045.0,14652.0,28149.0,12139.0,159688.00,1340268.00,882178.00,2351685.00,81386.333333333333,27406.800000000000,65046.714285714286,25357.285714285714,2087039.00,906459.00,1124151,850980,18519.666666666667,43131.333333333333
2025-01-15,42203,22251,12521.0,26086.0,5926.0,4934.0,-122063.00,72656.00,928969.00,1425084.00,80681.500000000000,26807.633333333333,71830.714285714286,27551.428571428571,622465.00,427746.00,1115658,847352,21826.666666666667,46240.666666666667
2025-01-14,41517,20260,18534.0,21496.0,10554.0,8967.0,-33410.00,156509.00,881132.00,565438.00,79932.300000000000,26260.533333333333,72644.857142857143,26715.857142857143,777970.00,588051.00,1114172,837911,21471.666666666667,48538.333333333333
2025-01-13,45674,13048,17618.0,19822.0,5804.0,5244.0,225159.00,-25315.00,1816935.00,312415.00,79349.033333333333,26065.133333333333,84379.857142857143,30799.714285714286,440061.00,690535.00,1113103,824183,28144.333333333333,64953.666666666667
2025-01-10,51531,32172,24471.0,24239.0,16363.0,12756.0,3605.00,27332.00,1179184.00,987137.00,79432.566666666667,25581.266666666667,84038.428571428571,28621.571428571429,962840.00,939113.00,1126808,877278,29923.333333333333,91467.333333333333
2025-01-08,48410,19195,23736.0,22690.0,7169.0,10957.0,60707.00,-70888.00,1325941.00,491755.00,79123.100000000000,25139.600000000000,85829.571428571429,28138.714285714286,770491.00,902086.00,1125414,862698,36061.666666666667,105227.666666666667
2025-01-07,94920,33066,44090.0,45092.0,16250.0,14541.0,172342.00,-170189.00,2984736.00,1055853.00,76800.133333333333,24224.366666666667,85169.714285714286,26079.571428571429,1701592.00,2044123.00,1119942,842495,29843.333333333333,89326.333333333333
2025-01-06,131072,37509,66303.0,58016.0,11926.0,24292.0,450229.00,-563899.00,4016695.00,1036828.00,73236.533333333333,23510.900000000000,83789.000000000000,28040.428571428571,1836146.00,2850274.00,1100163,807535,31218.666666666667,88242.000000000000
2025-01-03,89691,37610,51496.0,32319.0,20673.0,13295.0,271174.00,14791.00,2692712.00,1289477.00,71059.600000000000,22798.400000000000,84051.714285714286,30082.142857142857,1664186.00,1920569.00,1120326,846605,24323.666666666667,74725.333333333333
2025-01-02,47216,14411,22225.0,21241.0,7157.0,6232.0,53104.00,101996.00,1310610.00,531718.00,72208.633333333333,22813.133333333333,106797.142857142857,34610.571428571429,875904.00,827012.00,1116126,836794,24791.666666666667,79302.666666666667
2024-12-31,127819,41635,68607.0,52585.0,21425.0,17864.0,282780.00,41755.00,3146905.00,1448319.00,69675.833333333333,22394.833333333333,93191.857142857143,31523.142857142857,2003671.00,2244696.00,1097572,799958,17130.666666666667,66796.666666666667
2024-12-30,49141,16925,22118.0,24754.0,8606.0,7905.0,-7448.00,69613.00,1395289.00,398159.00,69172.033333333333,23069.100000000000,95698.857142857143,31114.428571428571,877943.00,800882.00,1090363,787292,28567.333333333333,90885.333333333333
2024-12-27,60948,15815,26255.0,29892.0,8951.0,6309.0,-81396.00,-100536.00,2012850.00,471134.00,69147.700000000000,23267.966666666667,96681.142857142857,30893.428571428571,1113586.00,1132726.00,1113066,844246,40596.333333333333,101079.333333333333
2024-12-26,90301,18652,42281.0,42949.0,5669.0,8423.0,111016.00,-90661.00,3033473.00,508578.00,67823.266666666667,23043.766666666667,100136.571428571429,32660.714285714286,1458710.00,1660387.00,1110320,839864,49749.000000000000,139790.333333333333
2024-12-24,121407,51235,65341.0,48319.0,14176.0,13349.0,423878.00,-134813.00,3541117.00,1838552.00,67454.666666666667,21981.433333333333,93367.142857142857,26355.285714285714,1647783.00,2206474.00,1107458,821663,39345.000000000000,110182.000000000000
2024-12-23,91530,51902,42796.0,45337.0,8559.0,16802.0,-34953.00,57051.00,2300340.00,2395527.00,68020.033333333333,20791.100000000000,93028.857142857143,20916.857142857143,1414582.00,1322578.00,1073858,801362,26732.333333333333,101902.000000000000
2024-12-20,206434,46110,116489.0,77302.0,28642.0,13731.0,351046.00,145485.00,4681966.00,951877.00,65784.900000000000,20118.300000000000,71335.428571428571,15474.428571428571,2482522.00,2688083.00,1127213,881333,16118.333333333333,55698.666666666667
2024-12-19,32582,20023,14779.0,16654.0,5734.0,7183.0,55002.00,38794.00,772693.00,650338.00,68485.300000000000,20096.633333333333,77842.428571428571,16582.000000000000,510301.00,526509.00,1115485,881342,19785.000000000000,83001.000000000000
2024-12-18,66690,14064,28189.0,34702.0,6911.0,6479.0,-53388.00,19147.00,1748422.00,443056.00,69720.266666666667,19864.933333333333,98607.000000000000,18398.142857142857,1030971.00,958436.00,1112023,880250,17462.666666666667,85444.666666666667
2024-12-17,67824,14268,33476.0,31627.0,6818.0,6926.0,138254.00,101843.00,1930167.00,433738.00,69355.333333333333,19732.166666666667,117456.285714285714,25150.571428571429,1093241.00,1129652.00,1108766,875053,17317.666666666667,92557.333333333333
2024-12-16,114489,31023,64708.0,45317.0,14082.0,15418.0,506623.00,152153.00,2710208.00,876094.00,66321.600000000000,19007.333333333333,105377.285714285714,21383.000000000000,1479552.00,1834022.00,1097339,837447,9647.6666666666666667,72587.666666666667
2024-12-13,74021,7097,34998.0,33708.0,2205.0,4341.0,116421.00,-121899.00,1283512.00,206944.00,65109.366666666667,19218.833333333333,98021.285714285714,21593.857142857143,550753.00,789073.00,1108507,891074,16540.666666666667,73957.666666666667
2024-12-12,89162,13833,51521.0,34914.0,9002.0,3917.0,318603.00,271176.00,1647060.00,521340.00,63813.566666666667,19015.833333333333,88911.285714285714,33883.142857142857,989428.00,1036855.00,1109553,869139,20855.333333333333,114917.666666666667
2024-12-11,54580,8013,32094.0,20407.0,4459.0,2046.0,83256.00,59212.00,899377.00,337344.00,62826.933333333333,19000.000000000000,86061.142857142857,34583.857142857143,513151.00,537195.00,1107159,855850,38696.000000000000,163314.000000000000
2024-12-10,78131,27776,30257.0,38835.0,7652.0,12823.0,-37892.00,-267740.00,1401078.00,1306907.00,61925.700000000000,18405.366666666667,77907.857142857143,31226.714285714286,907060.00,1136908.00,1108946,848388,30987.333333333333,147249.000000000000
2024-12-09,212042,26777,114158.0,89206.0,14308.0,10972.0,526295.00,121676.00,5130414.00,826645.00,55884.466666666667,17949.066666666667,50336.285714285714,27951.000000000000,2583574.00,2988193.00,1100676,820775,24919.333333333333,84078.000000000000
2024-12-06,199769,61535,126265.0,68034.0,4690.0,30659.0,1139405.00,-1130094.00,2699380.00,5749387.00,50271.466666666667,16559.666666666667,25823.000000000000,20186.857142857143,810095.00,3079594.00,1106683,791780,37693.666666666667,25952.333333333333
2024-12-05,29936,4650,14358.0,14057.0,1451.0,3116.0,33408,-180342,519013,294460,50161.400000000000,18540.333333333333,29266.000000000000,22044.857142857143,280337,494087,1106782,785228,40449.666666666667,27516.666666666667
2024-12-04,22529,8573,9632.0,11862.0,3364.0,4834.0,-54668,-152488,462434,319054,50288.300000000000,23142.600000000000,31637.000000000000,21669.428571428571,326705,424525,1101670,780632,39017.333333333333,27026.333333333333
2024-12-03,25392,99858,13036.0,11174.0,1876.0,3214.0,88077,11391,384690,1121690,50499.666666666667,21895.366666666667,31614.000000000000,8205.2857142857142857,178475,255161,1126335,769236,7013.6666666666666667,24909.333333333333
2024-12-02,34629,12918,12756.0,20302.0,6033.0,5886.0,-156724,36440,677486,477998,50823.400000000000,24087.166666666667,30119.000000000000,8660.5714285714285714,620880,427716,1122616,751872,5103.0000000000000000,22758.333333333333
2024-11-29,21058,4276,11709.0,8780.0,1375.0,2619.0,-6710,-651675,358905,1037996,54262.000000000000,28716.600000000000,30594.000000000000,10369.0000000000000000,345117,990082,1132367,786001,9563.0000000000000000,33751.333333333333
2024-11-27,19041,3847,10577.0,7297.0,1045.0,2358.0,72069,-8834,315213,127803,54852.266666666667,29737.833333333333,39543.428571428571,11941.285714285714,159381,240284,1131508,779165,10262.3333333333333333,40446.333333333333
2024-11-26,28176,7186,17403.0,9791.0,2428.0,4541.0,136772,-151599,478858,324088,54475.733333333333,29669.700000000000,42923.285714285714,15069.857142857143,242584,530955,1128628,773177,9736.6666666666666667,39464.666666666667
2024-11-25,54037,17656,22735.0,29797.0,4295.0,4115.0,60350,153650,710657,1061857,53465.300000000000,29204.066666666667,40064.714285714286,17855.142857142857,678295,584995,1119971,748502,9219.6666666666666667,29507.000000000000
2024-11-22,39126,5945,15300.0,12326.0,2675.0,2686.0,25661,-37302,558553,184950,52944.266666666667,29513.300000000000,43077.857142857143,20117.428571428571,269168,332131,1129600,790672,12649.6666666666666667,24592.666666666667
2024-11-21,25231,5609,15352.0,8907.0,2220.0,3083.0,86293,-10653,443724,257864,52590.933333333333,29541.033333333333,46697.428571428571,21019.857142857143,278088,375034,1130053,781601,15731.000000000000,43411.333333333333
2024-11-20,24164,16105,9659.0,13660.0,2145.0,3712.0,-105930,-9996,580125,324372,52126.766666666667,30688.900000000000,59009.571428571429,21485.571428571429,387829,291895,1132004,774134,20058.000000000000,52635.000000000000
2024-11-19,24383,16235,8426.0,15276.0,3317.0,2678.0,-24819,7414,408813,313426,51986.600000000000,30298.133333333333,71025.000000000000,21479.428571428571,277758,245525,1128353,766372,27030.666666666667,55849.666666666667
2024-11-18,81687,14853,36656.0,42431.0,8005.0,5767.0,-598552,99075,1626483,885716,50492.533333333333,30225.200000000000,79266.857142857143,23061.285714285714,1544284,846657,1121727,734354,29340.000000000000,48693.333333333333
2024-11-15,51835,29086,26281.0,23648.0,13399.0,14277.0,-55334,9100,927896,1339508,49285.000000000000,29717.300000000000,88089.571428571429,21673.714285714286,1108761,1044327,1172834,861548,23620.000000000000,48271.000000000000
2024-11-14,34027,37153,13105.0,19810.0,26792.0,9608.0,-80556,325577,613188,1363324,48583.900000000000,28731.500000000000,98048.428571428571,17382.285714285714,1150584,744451,1166486,855460,17690.666666666667,73711.666666666667
2024-11-13,60218,21781,31756.0,26829.0,9090.0,9540.0,42623,22190,984129,1248719,47076.833333333333,29173.700000000000,97571.000000000000,15740.000000000000,973973,994406,1173930,839146,15827.666666666667,89802.666666666667
2024-11-12,50568,11926,25087.0,22976.0,5640.0,5928.0,-12038,-147654,937739,518392,46855.000000000000,29840.100000000000,93700.857142857143,15361.714285714286,609150,744766,1170356,820041,20494.333333333333,119406.666666666667
2024-11-11,110349,19365,56598.0,49478.0,10240.0,7501.0,141121,87674,1792169,856688,44073.133333333333,29644.500000000000,83315.857142857143,14515.571428571429,1171067,1224514,1171881,783133,20497.000000000000,120488.333333333333
2024-11-08,108491,16192,48363.0,55543.0,8096.0,7049.0,147059,-3689,1682524,469039,41904.166666666667,29834.566666666667,75001.142857142857,13308.571428571429,920835,1071583,1201809,894082,17470.666666666667,118904.333333333333
2024-11-07,139380,25926,80749.0,55856.0,18766.0,6417.0,577421,96143,2040228,425237,37875.900000000000,29118.166666666667,58658.428571428571,10681.7142857142857143,927285,1408563,1186381,844218,12257.0000000000000000,91403.000000000000
2024-11-06,113594,19373,58378.0,50703.0,9313.0,8675.0,50707,53503,1852367,1036767,34471.400000000000,28636.433333333333,49729.857142857143,9333.7142857142857143,1309397,1306601,1179869,786383,8892.0000000000000000,61364.000000000000
2024-11-05,103739,7113,75541.0,23498.0,3047.0,3676.0,463197,35394,1428959,274694,31900.233333333333,28523.966666666667,39310.714285714286,10187.2857142857142857,586754,1014557,1176407,715499,11001.6666666666666667,39335.666666666667
2024-11-04,56876,10285,29961.0,25580.0,4840.0,5154.0,133111,65115,762937,413235,30904.800000000000,28905.166666666667,35668.285714285714,11554.142857142857,526050,594046,1175266,684998,10154.3333333333333333,37139.666666666667
2024-11-01,23477,9278,12083.0,10590.0,3664.0,5159.0,38260,-42100,421658,270200,31332.833333333333,29378.300000000000,36119.285714285714,19381.571428571429,283929,364289,1184248,711538,9574.3333333333333333,37641.000000000000
2024-10-31,37654,13442,20529.0,15248.0,7789.0,3361.0,201277,389420,843340,914235,30781.566666666667,29448.866666666667,34502.428571428571,38410.000000000000,826834,638691,1180468,693574,8406.0000000000000000,42121.000000000000
2024-10-30,50288,7743,35155.0,13288.0,4327.0,3003.0,392862,60109,1077769,360488,29955.633333333333,29579.466666666667,31851.714285714286,46224.000000000000,521447,854200,1177525,663792,10187.6666666666666667,35626.666666666667
2024-10-29,24981,7538,13170.0,10835.0,5398.0,1828.0,25308,29595,614320,197710,29798.500000000000,29699.533333333333,34617.428571428571,56386.000000000000,383471,379184,1172681,654277,14292.666666666667,37759.333333333333
2024-10-28,51094,9937,21427.0,28085.0,4811.0,4424.0,39844,50179,741976,276466,28655.400000000000,29909.833333333333,45063.428571428571,75417.714285714286,473704,463369,1170140,624481,32337.000000000000,29606.000000000000
2024-10-25,30805,13088,13188.0,16027.0,2668.0,9323.0,-394326,-133666,1226266,331726,28523.000000000000,30608.900000000000,45912.571428571429,78474.285714285714,869346,608686,1180831,634636,76854.666666666667,28116.333333333333
2024-10-24,31379,19853,15377.0,14298.0,6176.0,12889.0,141635,137665,970669,482358,28403.866666666667,30386.733333333333,43841.285714285714,76372.714285714286,699498,703468,1181966,622330,91050.666666666667,28234.333333333333
2024-10-23,26634,64070,11447.0,10811.0,10699.0,52577.0,13547,-3000932,798200,3541843,29963.433333333333,29178.933333333333,43425.571428571429,67746.571428571429,505393,3519872,1152025,612116,95918.000000000000,34136.666666666667
2024-10-22,26336,146641,15651.0,9479.0,6028.0,5016.0,416837,-62978,851236,4895272,29539.033333333333,24764.600000000000,43019.714285714286,48972.428571428571,292198,772013,1102293,595198,94757.333333333333,66763.333333333333
2024-10-21,31733,62441,14046.0,13743.0,8846.0,49833.0,18489,-2680955,601591,3592334,29254.766666666667,23269.633333333333,40576.571428571429,40972.428571428571,501337,3200781,1075967,578988,85438.333333333333,68435.333333333333
2024-10-18,44341,78672,24008.0,17686.0,11162.0,18411.0,28093,-454874,1151892,5593188,28444.200000000000,21279.266666666667,35704.857142857143,36953.714285714286,1105861,1588828,1050633,638020,60928.333333333333,59281.666666666667
2024-10-17,124216,143159,46353.0,44142.0,29945.0,38504.0,238884,-899376,3029112,9440312,24960.966666666667,16936.266666666667,20842.285714285714,17147.000000000000,2174784,3313044,1033333,575499,14437.666666666667,25784.333333333333
2024-10-16,36749,34484,5275.0,10842.0,5930.0,8027.0,-43302,-24216,943612,2307165,24184.500000000000,16264.433333333333,20858.857142857143,14030.000000000000,336847,317761,1008821,549462,8017.0000000000000000,21366.333333333333
2024-10-15,16880,5142,8667.0,7566.0,2366.0,2391.0,36658,-26357,347011,170972,25583.066666666667,16942.700000000000,20677.285714285714,15273.857142857143,212076,275091,1006247,541507,8450.0000000000000000,20616.666666666667
2024-10-14,23724,3687,9276.0,13843.0,1613.0,1613.0,123746,11982,760607,101370,25737.366666666667,17296.066666666667,19144.428571428571,15829.857142857143,361021,472785,1006375,530394,24068.000000000000,16121.666666666667
2024-10-11,23495,15222,13932.0,9007.0,4219.0,9964.0,43861,-87861,528723,667022,25803.833333333333,17199.033333333333,17931.714285714286,18662.000000000000,461302,593024,1017329,549611,20498.000000000000,15016.000000000000
2024-10-10,14631,6441,5868.0,5741.0,1664.0,4226.0,7060,-118325,380886,253674,26142.133333333333,17621.900000000000,22114.857142857143,22301.571428571429,206903,332288,1014622,543934,22572.666666666667,22427.333333333333
2024-10-09,10239,50541,4034.0,5734.0,1083.0,5839.0,-31278,-226150,290112,2474374,27831.733333333333,16868.633333333333,24494.000000000000,17009.571428571429,205422,400294,970964,543089,10342.0000000000000000,24217.333333333333
2024-10-08,20178,4512,11622.0,7588.0,1074.0,3214.0,71134,-161990,369620,215481,29508.833333333333,17947.033333333333,27814.571428571429,19492.714285714286,158001,391125,968951,535167,11364.3333333333333333,21822.666666666667
2024-10-07,36865,12665,13596.0,21942.0,3049.0,8776.0,-80364,-62895,747820,369724,32363.366666666667,18596.000000000000,25195.571428571429,18316.857142857143,538735,521266,961021,511681,18825.000000000000,14536.333333333333
2024-10-04,15609,13849,6968.0,7052.0,7081.0,5813.0,-19121,-104306,320049,310711,35642.433333333333,19494.366666666667,24602.714285714286,17041.428571428571,241948,327133,977723,537396,24848.000000000000,23971.000000000000
2024-10-03,12994,7579,7718.0,4948.0,745.0,6395.0,113354,-228879,450737,295800,37727.800000000000,20005.433333333333,26547.000000000000,16492.857142857143,189386,531619,976272,532676,26820.666666666667,28604.000000000000
2024-10-02,15006,35047,7677.0,6802.0,1390.0,33051.0,-3053,-2373876,392399,2480267,37605.966666666667,19074.000000000000,28262.285714285714,14589.142857142857,234471,2605294,959500,525942,22436.333333333333,38076.000000000000
2024-10-01,43913,31918,32707.0,9909.0,9939.0,20578.0,695352,-797311,1250732,1460412,37084.266666666667,18533.300000000000,27177.285714285714,13382.571428571429,565023,2057686,953301,500609,13275.0000000000000000,29615.666666666667
2024-09-30,26893,13497,11676.0,14557.0,4563.0,8456.0,-114411,-43381,521419,191422,36777.100000000000,18596.466666666667,26352.000000000000,13677.142857142857,372220,301190,943520,487347,10416.3333333333333333,24471.000000000000
2024-09-27,43422,21894,23738.0,17262.0,10547.0,10466.0,297084,-236098,1086988,845057,36160.533333333333,18370.900000000000,23793.142857142857,12215.285714285714,643475,1176657,948343,514668,4364.6666666666666667,18865.000000000000
