date,call_volume,put_volume,call_volume_ask_side,call_volume_bid_side,put_volume_ask_side,put_volume_bid_side,net_call_premium,net_put_premium,put_premium,call_premium,avg_30_day_call_volume,avg_30_day_put_volume,avg_7_day_call_volume,avg_7_day_put_volume,bearish_premium,bullish_premium,put_open_interest,call_open_interest,avg_3_day_put_volume,avg_3_day_call_volume
2026-09-25,335443,72820,173469,87604,33642,33596,100074.00,373111.00,4147739.00,9006506.00,164194.0333,60669.2667,157011.4286,61277.5714,5645520.00,5372483.00,661098,982172,42850.3333,86619.6667
2026-09-24,87999,41444,43403,36848,19076,17341,-104972.00,40528.00,1738920.00,4140744.00,163183.3667,60236.0667,160230.1429,60222.4286,2640045.00,2494545.00,653885,968424,54632.6667,101753.3333
2026-09-23,77319,41809,37977,31712,16603,22543,360607.00,-80040.00,2188536.00,4966228.00,162960.5333,60024.5667,163735.2857,60690.4286,2950096.00,3390743.00,637806,941163,87477.3333,244276.6667
2026-09-22,94541,45298,44476,36238,18702,20018,1523148.00,36410.00,2876878.00,10300202.00,163716.1667,60347.3667,202060.4286,65546.1429,4377357.00,5864095.00,623859,924587,88600,256567.3333
2026-09-21,133400,76791,55865,64522,27030,40070,172304.00,-927779.00,4182426.00,11226861.00,170044.2667,61457.1,193436.2857,59152.5714,6165239.00,7265322.00,591441,881379,74533.6667,235273.6667
2026-09-18,504889,140343,180588,202231,62830,68573,-4141098.00,-1636473.00,5469878.00,32962466.00,156265.8333,59122.8667,130148.4286,44765.5714,15341021.00,12836396.00,780497,1140384,39105.3333,103820.6667
2026-09-17,131413,48666,60748,55395,18799,25216,354180.00,-187680.00,2418737.00,6186338.00,153604.8,58326.3667,127268.4286,43893.1429,3482978.00,4024838.00,773139,1125379,37911.6667,93968
2026-09-16,69519,34592,26555,35957,12287,18781,-425486.00,-282520.00,1819292.00,3695310.00,153366.1333,58528.3,154327.2857,54408.4286,2485646.00,2342680.00,765088,1109044,52810.3333,191734
2026-09-15,110530,34058,52184,43587,16193,13605,259763.00,-54553.00,1940991.00,5688157.00,152459.6333,58252.8333,172899.7143,60821.2857,2972272.00,3286588.00,757093,1067614,52136.3333,179234.3333
2026-09-14,101855,45085,39864,52632,15789,25897,-11781.00,67124.00,2863927.00,5038132.00,153914.6667,58907.1,171600.7143,57923,3537334.00,3458429.00,749896,1036641,50319.3333,165907.3333
2026-09-11,362817,79288,111426,142474,31875,36935,-1718739.00,-257063.00,2563994.00,16017151.00,151013.2333,58423.8667,128860.8571,51306.5714,7370315.00,5908639.00,782172,1103075,38076.3333,82052.6667
2026-09-10,73031,32036,32344,35446,12334,15454,-189207.00,-531510.00,2227673.00,3199632.00,154062.3333,58299.7,130365.5714,51521.1429,2242089.00,2584392.00,778464,1098224,63464,144019.3333
2026-09-09,61874,39634,27169,28134,12372,22650,-6703.00,-388498.00,1759977.00,3493748.00,155444.6,57845.6333,157277.8571,63631.7143,2114995.00,2496790.00,761472,1083927,76568.6667,203573.6667
2026-09-08,111253,42559,49553,49614,18881,20203,473105.00,135994.00,1947954.00,6647167.00,154944.6667,59143.4,173998.2857,66501,3673812.00,4010923.00,745692,1050087,70648,197410
2026-09-04,258931,108199,120399,111025,46711,54605,-886988.00,-1828705.00,5004136.00,7037628.00,152033.3,57387.6333,148114.7143,57049.2857,4785098.00,6059415.00,797021,1102129,45572.6667,132312.3333
2026-09-03,240537,78948,124904,94681,29094,37485,1042455.00,-445652.00,3117257.00,14054116.00,149008.5667,57407.3333,130004.7143,62139,6701068.00,8189175.00,781277,1072602,30436,79988
2026-09-02,92762,24797,47441,41914,7840,13371,89335.00,-388428.00,1913742.00,2318095.00,149536.8,58035.5333,136353.8571,66933.8571,1575128.00,2052891.00,776398,1064198,63639.6667,132487.3333
2026-09-01,63638,32973,25314,32888,14962,14594,-191481.00,91895.00,1817049.00,3130948.00,152610.7,58449.6667,194381,77451.7143,2309376.00,2026000.00,768300,1056572,73530,187373.3333
2026-08-31,83564,33538,34889,36984,13680,14756,28608.00,-185549.00,1923633.00,4512992.00,154808.7,58890.3,232371,88894.4286,2421128.00,2635285.00,763384,1030009,76363,185434
2026-08-28,250260,124408,108453,101297,41130,45348,-795512.00,-2001489.00,11403075.00,8362722.00,152109.4333,56861.4,218875.4286,77758.2857,5667723.00,9209545.00,784956,1151230,73085.6667,139936.3333
2026-08-27,228296,62644,80634,96881,24612,32128,-920976.00,-254063.00,2701533.00,14344852.00,154517.5333,57316.6,196492.1429,75714.8571,7239086.00,6572173.00,766741,1066142,71658,109573
2026-08-26,77746,42037,38591,32535,15588,23132,355092.00,-227173.00,2529338.00,4055904.00,155054.7333,57005.4667,198188.2857,73925.2857,2677329.00,3259594.00,754150,1050029,93178.3333,240267
2026-08-25,113767,114576,53432,48291,19996,40084,511944.00,-470049.00,6652901.00,7372959.00,153883.3333,53990.5333,191748.8571,63152.5714,3878504.00,4860497.00,690308,1022151,92865.3333,318842.6667
2026-08-24,137206,58361,62884,59432,27168,25467,560280.00,231474.00,2856349.00,9485113.00,151713.8,52795.9,208382,62570.5714,5289135.00,5617941.00,673651,992366,88896.6667,325037.6667
2026-08-21,469828,106598,191259,180273,50318,47400,-2022296.00,-572394.00,4603322.00,32219873.00,143926.4667,51450.5,149503.5714,51406.2857,14689838.00,12184706.00,751850,1194487,69477.3333,192299.3333
2026-08-20,349494,113637,172560,132837,52018,50416,3639470.00,-454083.00,6490445.00,22379472.00,138634.7,52064.4667,109666.4286,40238.7143,10565131.00,14658684.00,724163,1101531,41435,105674.3333
2026-08-19,155791,46455,81397,61859,21060,19969,747701.00,-668051.00,3571115.00,7324411.00,139790.0667,51227.9333,104154.8571,41456.8571,4115878.00,5531630.00,722269,1070490,39005.6667,76641
2026-08-18,71613,48340,33628,33982,29693,15318,-269808.00,-427409.00,5289309.00,2822211.00,140250.9,51001.9667,140102,50277.2857,3710833.00,3868434.00,711502,1055760,40988,137316
2026-08-17,89619,29510,47023,37422,10443,14545,452510.00,124475.00,2532606.00,3627902.00,140244.2,51004.1667,140375.8571,56106.7143,2589652.00,2917687.00,704086,1030723,40634,126669.3333
2026-08-14,68691,39167,36822,25838,15881,18709,139978.00,-765691.00,2561716.00,2858953.00,147689.8333,51390.1,137931.7143,54050.1429,1919846.00,2825515.00,725560,1134462,39399.6667,127317
2026-08-13,253638,54287,84626,91272,22295,21655,-1842771.00,-535180.00,7775590.00,6870934.00,145090.9667,50862.4333,110606.1429,52102,6374433.00,5066842.00,722446,1053416,39631.3333,81841
2026-08-12,57679,28448,27122,26485,10927,14265,-157046.00,-18866.00,2883948.00,2525002.00,146044.9667,51907.5333,114271.2857,51722.8571,2490302.00,2352122.00,717159,1035503,66843,170362.3333
2026-08-11,70634,35464,29078,30465,10592,17296,-414777.00,-828746.00,4265040.00,3268140.00,146493.2,52023.4667,124967.2857,55901.2857,2835466.00,3249435.00,709446,1014365,78460.3333,177329.6667
2026-08-10,117210,54982,46248,61608,23539,27168,-1730762.00,-884901.00,5808557.00,7989765.00,153507.7,52882.7,147619.2857,57302.5714,6460393.00,5614532.00,698042,966034,68390,155453.6667
2026-08-07,323243,110083,140290,92639,51031,43184,-1608507.00,981110.00,7716566.00,9478438.00,146678.2667,50498.1333,124942.2857,45620.8571,7972345.00,5382728.00,748176,1050646,45245.6667,68492.3333
2026-08-06,91536,70316,40817,42144,27556,32530,-563947.00,-442100.00,6598903.00,4047791.00,146590.6,50169.7333,126628.8571,39291.7143,4749086.00,4627239.00,730710,1022933,30405,65758.6667
2026-08-05,51582,24771,22624,23325,11207,9396,-294436.00,315129.00,2140885.00,3966301.00,147041.5333,50578.8,133010.7143,47394.7143,2881594.00,2272029.00,726270,1009035,43719,97066.6667
2026-08-04,62359,40650,34272,19060,12368,24067,592326.00,-435815.00,3013837.00,3842182.00,150597.6333,51337.1333,148615.1429,49519.8571,2356814.00,3384955.00,706094,988660,51766,168205
2026-08-03,83335,25794,32943,38851,10206,13038,-18146.00,-100890.00,2250315.00,5878751.00,159297.2333,51942.2,158109.4286,57197.7143,3521409.00,3604153.00,697436,952970,52605,195261.3333
2026-07-31,145506,64713,87910,44944,37574,21380,2847843.00,1243228.00,5243178.00,7167084.00,156681.3,51502.6,152838.4286,54187.7143,4984685.00,6589300.00,735215,1077477,39704.6667,181206.6667
2026-07-30,275774,64791,93772,90030,25402,32598,-407867.00,-535579.00,4363120.00,13723465.00,149917.2,50925.6,135707.1429,51417.1429,6551333.00,6679045.00,723248,1030555,45271.6667,121367
2026-07-29,164504,28311,70530,52330,15305,10367,-753359.00,766786.00,3875023.00,5366157.00,147717.8333,51220.3333,133564.2857,54052.2857,4618217.00,3098072.00,725079,976300,54343.3333,123729
2026-07-28,103342,26012,32258,40270,8528,15651,-238316.00,-456246.00,2657260.00,4476486.00,157091.2667,53592.8667,142984.2857,59413.5714,3081178.00,3299108.00,716096,947509,72185.6667,139213.3333
2026-07-27,96255,81492,39987,47973,11967,11686,-301005.00,92869.00,6923555.00,10337033.00,158576.5,52448.6333,172167.7143,58671.8571,5721687.00,5327813.00,651429,908255,59569.3333,143331.3333
2026-07-24,171590,55526,66534,74256,27350,21665,-610936.00,288222.00,3012810.00,7305805.00,154883.9333,51438.0333,161063.7143,55411.4286,4230746.00,3331573.00,708476,1032432,56193,138086.3333
2026-07-23,149795,79539,64738,46845,32392,38828,771436.00,-458164.00,5813394.00,9310192.00,152911.8667,50723.2,150896.5714,47495.5714,5782864.00,7012464.00,692912,1004977,45265.6667,137989.3333
2026-07-22,108609,43643,34832,48842,18717,16533,-2291349.00,191482.00,2217309.00,13633082.00,152431.8,51460.1333,145683.8571,44478.2857,7249094.00,4766263.00,677823,962287,51898.3333,158213.6667
2026-07-21,155855,45397,73207,52710,16921,25351,812448.00,-383507.00,3037667.00,10105736.00,160370.3667,53504.8,157162.8571,47455.2857,5076077.00,6272032.00,660842,928785,62199.3333,206441.6667
2026-07-20,149504,46757,65199,68824,16054,25834,-400800.00,-496913.00,5050421.00,9617325.00,158603.6667,53107.0667,163053.8571,59640.8571,6309046.00,6405159.00,644538,890971,57514.6667,187894.3333
2026-07-17,169282,63541,98724,56919,21876,25315,-24323.00,-643188.00,5589461.00,6030368.00,155765.9333,51864.0333,166078.1429,53614.8571,4128534.00,4747399.00,721309,1044910,44377,157675.3333
2026-07-16,300539,76300,156915,117399,23927,42622,-1227224.00,-4279361.00,9252511.00,8530099.00,147806.7333,50549.3667,135349.4286,48652.1429,5876579.00,8928716.00,713518,990515,26451,81535.6667
2026-07-15,93862,32703,49369,36583,12432,17367,1188383.00,254809.00,3026883.00,5183389.00,148910.2667,50903.3667,134714.5714,48205.4286,3256151.00,4189725.00,701476,966719,37628.6667,128984.3333
2026-07-14,78625,24128,38288,32553,9773,11433,-180570.00,3036.00,3180970.00,4464260.00,157725.4667,51820.7667,165205.2857,52007.8571,3353509.00,3169903.00,694949,947326,73604.6667,166356.3333
2026-07-13,72120,22522,28716,37040,9386,10394,126765.00,-370754.00,2577727.00,4315942.00,159235.6667,52372.2333,179998.4286,54284.2857,2848710.00,3346229.00,685761,926523,73217,205800.3333
2026-07-10,236208,66236,128456,97729,26397,32412,-629636.00,-689511.00,5028495.00,7046801.00,153315.2,51576.1333,158582.8571,53365,5391279.00,5451154.00,724187,986642,64992,155543.6667
2026-07-09,190741,132056,95707,73790,49583,65639,1313698.00,-498200.00,6673915.00,12343298.00,151393.0333,48645.8667,143345.7143,40063,7125982.00,8937880.00,680286,962745,30832,121769.3333
2026-07-08,190452,21359,55452,111937,7351,10679,-1725279.00,-204034.00,3996163.00,5167697.00,152233.9333,49974,162944.7143,48548.7143,4578211.00,3056966.00,678492,928582,40627.3333,155638.6667
2026-07-07,85438,41561,40603,36180,18982,14293,-102867.00,342729.00,3585171.00,4757148.00,157034.9667,50518.8,167647.8571,48118,3786015.00,3340419.00,665680,910586,39592.6667,185716.6667
2026-07-06,89418,29576,33890,44518,15033,11081,-501285.00,269791.00,2531382.00,5708679.00,157874.1,51168.0333,167574.7143,52530.5714,3956539.00,3185463.00,661082,889620,49667.6667,184677
2026-07-02,292060,50745,165792,90587,20728,20694,-860972.00,-1006365.00,5401861.00,9276294.00,150180.1333,50682.2333,135153.2857,50573.1429,5994296.00,6139689.00,689622,960869,45733.3333,115350.6667
2026-07-01,175672,38457,70077,85887,18024,17391,-1228177.00,-24161.00,2538914.00,7466301.00,147148.4,50851.4333,134206.1429,54136.4286,5119034.00,3915018.00,683537,929481,59834,166008.3333
2026-06-30,86299,59801,47449,30924,13554,15486,721062.00,97417.00,4712612.00,5537129.00,156847.7333,51041.7667,171066.7143,51871.4286,2954451.00,3578096.00,649285,906368,52749,176695.3333
2026-06-29,84081,38942,36329,37211,17266,17729,144002.00,39489.00,2853682.00,5748283.00,159266.6,51606.1,168630.5714,53669,3797813.00,3902326.00,638002,881626,59923,178303.6667
2026-06-26,327645,80759,187401,107716,43426,31457,-1810545.00,-548185.00,3695034.00,14156047.00,151155.9,50258.9333,132231.4286,48915,8769089.00,7506729.00,691783,935962,45351,90792
2026-06-25,118360,38546,31004,74549,14898,18821,-1699028.00,-1315837.00,3964650.00,7494352.00,153757.3667,51009.4,129397.5714,48716,5379001.00,4995810.00,681337,919190,53635.6667,107686
2026-06-24,88906,60464,40108,36130,29402,21907,492647.00,402677.00,3436869.00,8030829.00,157731.1,51717.2,171631.7143,53962.2857,4896450.00,4832520.00,665413,901548,48129.6667,192825
2026-06-23,65110,37043,27796,29637,16598,16827,394791.00,-696347.00,3409447.00,6404938.00,167511.0333,52539.2667,182446.2857,55408.2857,3886344.00,4977482.00,656122,891027,52957,193464.3333
2026-06-22,169042,63400,76658,73530,31452,23318,1313421.00,249884.00,4681699.00,18779854.00,166700.0667,52689.1,166985,49952.2857,9659855.00,10723392.00,638037,838836,47650.6667,161400.6667
2026-06-18,344323,43946,211500,108210,16983,22040,-1822922.00,-217106.00,2231047.00,12926879.00,160704.4667,52962.5667,130743.5714,51973.4286,7321224.00,5715408.00,803595,1096988,45386.3333,79467.3333
2026-06-17,67028,51525,28000,32152,27379,19039,-818036.00,2181729.00,4763691.00,4964874.00,162237.3,52160.4667,134626.2857,54005.7143,5929257.00,2929492.00,798903,1084418,60607.3333,185306.3333
2026-06-16,72851,47481,29807,31714,15126,27523,-117482.00,-479360.00,3287531.00,7276192.00,163735.8333,51882.3333,180506.4286,62470.8571,4466817.00,4828695.00,787244,1062393,60502,207960
2026-06-15,98523,37153,38397,47226,15108,17986,126846.00,-286097.00,2420984.00,11387700.00,174036.3,53541.8333,180217.8571,62138.2857,5681191.00,6094134.00,775107,1040264,56520.3333,195390
2026-06-12,384545,97188,157407,139619,39236,47457,3412265.00,-512644.00,3725548.00,23794071.00,170964,54892.3,137304.2857,52004.2857,9796557.00,13721466.00,808118,1083959,43489,97419.3333
2026-06-11,140812,47165,65753,47316,16368,19555,1271525.00,-235095.00,2507927.00,8024758.00,173165.8333,54596.3667,126011.5714,50532.1429,3425419.00,4932039.00,803348,1078094,49684.3333,81884.3333
2026-06-10,60813,25208,20549,34301,10778,11998,-682976.00,-49929.00,1714556.00,5421300.00,175344.9667,54868.6667,135462.2857,53120,3529435.00,2896388.00,798869,1059798,76860.6667,192950.6667
2026-06-09,90633,58094,37307,40415,26854,24204,-866945.00,243374.00,4040593.00,8799419.00,175479.9333,54619.1,171526.2857,52199.4286,6167432.00,5057113.00,796092,1042171,69104.3333,194907.3333
2026-06-08,94207,65751,43395,40857,31635,24319,291520.00,230614.00,3640535.00,7301300.00,182092.0667,54647.2667,174843.2857,48387.2857,4625793.00,4686699.00,772386,1015856,55937.3333,191555
2026-06-05,394012,106737,224074,146003,54648,29327,-2619113.00,1170615.00,7334968.00,13621436.00,175856.2667,52938.4333,126926.4286,39189.5714,10645319.00,6855591.00,799564,1068333,32645,80805.3333
2026-06-04,96503,34825,44209,41058,12932,17075,-22915.00,-279496.00,2309557.00,7807304.00,178989.0333,53721.6,132151.1429,40521.4286,4217121.00,4473702.00,790828,1049309,35477.6667,90960.3333
2026-06-03,84150,26250,32034,44590,13213,9921,-768569.00,-59227.00,2022968.00,6681301.00,179501.7,53960.1667,150941,45514.7143,4252975.00,3543633.00,787270,1036027,43944.3333,177270.6667
2026-06-02,61763,36860,21636,33321,18874,13836,-760731.00,174550.00,3101384.00,8229772.00,181884.4,54410.5333,174899,48521.1429,5442067.00,4506786.00,772839,1029810,44679.6667,195825
2026-06-01,126968,43323,60587,51587,16578,21664,1040434.00,-399947.00,3236896.00,17451680.00,191831.1667,55263,173131,49339.7143,8101495.00,9536154.00,759563,1001768,44356.3333,173033.6667
2026-05-29,343081,51650,182905,117328,23785,23521,753083.00,-254911.00,1727485.00,16621733.00,195602.9333,55967.5667,132868.1429,47128.4286,7465916.00,8473910.00,794687,1066161,41855.6667,103032
2026-05-28,117426,39066,38824,49384,11101,21760,183424.00,-314876.00,6601489.00,12519158.00,194353.1667,55596.7667,128195.8571,47766.5714,4351288.00,4849588.00,788484,1041242,49234.6667,135783
2026-05-27,58594,42353,24286,28929,14042,21812,-819245.00,-600832.00,1734183.00,6559061.00,197528.2333,56270,173722.2857,51074.8571,3768240.00,3549827.00,770522,1031822,54418.6667,192741.3333
2026-05-26,133076,44148,58401,57918,17604,22378,517183.00,-387422.00,2581600.00,15536135.00,197405.5333,57324,177089.5714,52749.7143,7374640.00,8279245.00,753785,1000936,56053.6667,186580
2026-05-22,215679,61203,79271,104742,30275,25197,-726623.00,-51841.00,3184823.00,14916996.00,196586.8,57079.3333,158324.5714,49769.8571,8195976.00,7521194.00,795511,1084621,47709.6667,135100.6667
2026-05-21,229469,57905,86848,87399,22804,31502,3336749.00,-419809.00,1542519.00,14947893.00,197772.4333,56960.0667,153601,50220.5714,5130125.00,8886683.00,786548,1058428,42919,86851
2026-05-20,114592,49053,55177,46677,17614,25053,448532.00,-1174689.00,3281183.00,10369494.00,200030.3333,57667.8,166961.8571,54884.1429,5342921.00,6966142.00,776187,1039061,48405,174413.3333
2026-05-19,61241,36171,25825,28859,12258,19824,-111792.00,-431508.00,1771651.00,3796678.00,199833.8,58773.4333,209428.5714,58531.8571,2312726.00,2632442.00,775110,1029581,54972,206215.3333
2026-05-18,84720,43533,31070,42221,22344,15908,202473.00,590120.00,3626981.00,5086110.00,201080.6,59389.1667,217999,62012.1429,3901460.00,3513813.00,763115,1004714,53909,206083.3333
2026-05-15,377279,65511,239478,125210,29487,23169,814815.00,398333.00,4865052.00,14873646.00,202153.6667,60338.1,187595.5714,60103.4286,8487634.00,8904116.00,904344,1258908,52425.3333,145791.6667
2026-05-14,156647,55872,81087,57961,27701,23460,1959199.00,1329731.00,5984227.00,11165388.00,199365.7667,60180.4667,181362.1429,56044.8571,7410435.00,8039903.00,888402,1235861,61034,162948.6667
2026-05-13,84324,40344,40285,36399,22288,14671,540602.00,1045449.00,4582350.00,8533529.00,200018.0333,59828.2667,186145.4286,55872.4286,6362359.00,5857512.00,875192,1220649,68154.3333,254343.3333
2026-05-12,196404,61060,70153,101901,28006,24642,-1516499.00,-455386.00,5245713.00,14135382.00,196674.9667,59613.9,216307.2857,59569.2857,8898133.00,7837020.00,864679,1205504,70432.6667,237113
2026-05-11,208118,81698,103347,82565,39520,35528,1107294.00,-1240483.00,5810767.00,20690632.00,198046.4,65222.1667,228344.1429,67569.8571,10340572.00,12688349.00,836467,1163066,60583.3333,222558.6667
2026-05-08,358508,61705,131729,165617,32415,21478,461321.00,-19844.00,3513581.00,20880333.00,195103.3,71686.3667,206681.1429,64224.4286,9428584.00,9909749.00,882250,1256634,49169,140727
2026-05-07,144713,67895,47622,85401,22227,36652,-1163392.00,-727677.00,2549985.00,9962882.00,197337.4,70360.6333,204034.5714,59293.2857,5602715.00,5167000.00,877064,1252535,39583,131758.3333
2026-05-06,164455,52150,77446,69136,15973,29361,-59755.00,-353498.00,3059703.00,18925751.00,193810.9333,71080.1,194067,59072.8571,9127745.00,9421488.00,855369,1243179,51179,212785.6667
2026-05-05,113013,27462,45525,54133,9472,13187,-387567.00,-311009.00,3448820.00,9232980.00,194230.4333,71758.8333,219718.1429,64663.4286,4910587.00,4834029.00,849885,1228357,87925.6667,272573.3333
2026-05-04,117807,39137,54417,45853,18409,14882,577099.00,-222028.00,3193265.00,6250419.00,194416.3333,74108.7667,232451.1429,66997,3401757.00,4200884.00,836115,1187680,87642.3333,302260
2026-05-01,407537,86938,181614,150951,33022,45183,-1887154.00,-213147.00,11280294.00,22353442.00,188561.7667,72326.5,201443.8571,62908.7143,14639461.00,12965454.00,889935,1243856,69788.6667,208476.6667
2026-04-30,292376,137702,129375,126049,53129,66359,-576236.00,-1366990.00,9113696.00,22046656.00,182784.0667,68819.5667,173894.4286,48009.4286,12544263.00,13335017.00,848049,1232466,40757,142578.6667
2026-04-29,206867,38287,80401,105740,19751,13106,-369500.00,1137598.00,3682854.00,8126507.00,178488.8333,68885.0667,163376.8571,49735.7143,5715714.00,4208616.00,838770,1212244,50193.3333,171146.6667
2026-04-28,126187,33377,40240,76796,8470,20446,44184.00,-991187.00,3589620.00,5206973.00,177586.0667,69465.9667,206117.4286,54810,3319456.00,4354827.00,832578,1224852,57558.3333,198063.6667
2026-04-27,94682,50607,37586,48041,18371,26266,-76140.00,191931.00,6859047.00,8831084.00,186417.7333,73851.4333,257767.7143,57978.5714,6907606.00,6639535.00,797823,1198653,60129.3333,229998.3333
2026-04-24,292571,66596,145095,133645,36136,26383,243995.00,874881.00,3789337.00,14417384.00,178486.4667,72365.8333,227390.8571,52456.5714,8498874.00,7867988.00,866845,1328252,49066.3333,165651.3333
2026-04-23,206938,55472,71623,109394,18032,33115,-1163418.00,113188.00,3718877.00,12396172.00,176288.3,71477.6667,219806.2857,53467.7143,7530087.00,6253481.00,851471,1302488,47366,141086.6667
2026-04-22,190486,58320,80664,90953,24248,26912,-1175264.00,1920254.00,5179196.00,14727528.00,172121.0333,70279.5667,211079,55960.2857,10227419.00,7131901.00,831621,1263093,50891.6667,219381.6667
2026-04-21,99530,33407,35496,50890,19879,10846,358483.00,3016908.00,5036910.00,7554215.00,173522.8667,70746.3667,224162.8571,58882.5714,6700817.00,4042392.00,821677,1255096,64018.3333,338283
2026-04-20,133244,50371,66379,53850,22124,24076,1135859.00,1816509.00,4956774.00,9105923.00,173508.1667,72203.0333,242990.5714,59447.7143,6326166.00,5645516.00,797501,1214386,56542,320512.6667
2026-04-17,425371,68897,168938,206196,32843,26598,-4330972.00,1441828.00,6691120.00,32658418.00,165552.1667,71400.4,208270.2857,59646,20378476.00,14605676.00,869765,1350704,54426.3333,230004.3333
2026-04-16,456234,72787,213533,183455,30087,34147,2907693.00,-403685.00,3465327.00,23492442.00,154400.5333,70441.5333,151000.4286,59153.5714,9935635.00,13247013.00,851954,1223513,55420,121058
2026-04-15,79933,27942,42039,25581,11065,14304,503302.00,-36168.00,1385726.00,5756197.00,154676.7,70893.7333,157027.7143,64019.7143,2501008.00,3040478.00,845864,1191422,64060.3333,158119.3333
2026-04-14,153846,62550,61013,74132,26392,30682,-810350.00,-21965.00,2489722.00,11079764.00,154508.8333,71422.4,193545.5714,68509.5714,6122932.00,5334547.00,836049,1183234,61319.3333,195183.3333
2026-04-13,129395,75768,60848,50164,32810,37072,431490.00,-197465.00,3796764.00,8166717.00,164291.1333,74329.2667,185490.5714,64991.7143,4465404.00,5094359.00,804094,1142452,59491.6667,212828
2026-04-10,191117,53863,64167,89458,21645,27804,-1632761.00,188288.00,1951810.00,12070108.00,160817.8,74837.2333,173029.8571,61551,6399243.00,4578194.00,859756,1292475,64650.6667,167570.6667
2026-04-09,265038,54327,101653,91166,20884,28417,733128.00,-217097.00,1533650.00,13461355.00,155550.5667,74951.9,148897.5714,61594.1429,5725468.00,6675693.00,840249,1172594,67210,119932.6667
2026-04-08,182329,70285,62937,45441,28735,32680,813152.00,-301177.00,2433949.00,9672183.00,151855.2333,73916.4667,158459.2857,87260,3651395.00,4765724.00,836834,1173238,75108,195646.6667
2026-04-07,55345,69340,26069,21113,19418,33127,271712.00,-1148045.00,6032745.00,3340825.00,152328.5,72876.8,189155,113873,3181271.00,4601028.00,833572,1163854,69042.3333,201535
2026-04-06,122124,62005,59780,46890,27703,27092,324294.00,415509.00,2463897.00,7645249.00,154399.2333,73330.0667,201956.7143,109032.7143,4312930.00,4221715.00,808453,1117751,58300,195457.6667
2026-04-02,409471,93979,217792,140290,55875,30049,288847.00,1158559.00,3836516.00,11912031.00,147185.2667,71531.4333,151841,106140.5714,6796156.00,5926444.00,823324,1197247,45183.3333,91004.6667
2026-04-01,73010,51143,35407,30269,19117,20196,-45673.00,-289860.00,1605991.00,2884637.00,146511.3667,71212.8667,159353.5714,105666.4286,1668257.00,1912444.00,808473,1174245,111451,149755
2026-03-31,103892,29778,53851,42690,13077,13905,666367.00,80711.00,2005231.00,4346754.00,146213.2333,71682.4333,162138.1429,117074.5714,2534449.00,3120105.00,806265,1141172,186735.3333,205196
2026-03-30,96112,54629,39408,50180,25950,20201,-241974.00,299144.00,4510299.00,4281169.00,149902.6333,73196.4333,181536.4286,114051.8571,3808262.00,3267144.00,786853,1107099,177900,243737.3333
2026-03-27,249261,249946,93782,106983,120629,112097,-674743.00,1452849.00,24714091.00,7333843.00,148103.3333,66978.9,162934.1429,82987.2857,15493714.00,13366122.00,931431,1190744,119162.6667,180204
2026-03-26,270215,255631,101263,139697,86385,86993,296529.00,-666283.00,13673464.00,12108726.00,141925.7333,61364.7667,135476.2857,52218.8571,9807147.00,10769959.00,946451,1112175,49893.6667,131998.3333
2026-03-25,211736,28123,48761,151631,14830,10438,-1813867.00,834370.00,2111649.00,5426511.00,137175.5333,65646.1333,119386,55459,4730760.00,2082523.00,936797,1083038,77064.3333,102547.6667
2026-03-24,58661,73734,20790,32336,41904,25807,-161941.00,112762.00,3827458.00,4012543.00,140515.2,65126.5333,162381.8571,70950,3565312.00,3290609.00,904763,1067424,63643,160294
2026-03-23,125598,47824,60516,55720,22875,21604,664253.00,-611147.00,3177322.00,5666843.00,144113.4,67333.7333,152244,67264.8571,3345760.00,4621160.00,882685,1005254,58533,158109.6667
2026-03-20,123384,109635,49953,58538,62750,24409,-397642.00,2431067.00,7434898.00,4148008.00,149344.2333,71355.9333,154759.5714,55720.8571,5961363.00,3132654.00,1025108,1414582,35405.3333,142985
2026-03-19,231900,33470,137153,87855,12553,16008,-46211.00,-417762.00,1895934.00,6127927.00,148313.8,74057.1333,130983.5714,54136.1429,3446712.00,3818263.00,1027525,1340713,41183.3333,98719.6667
2026-03-18,119045,32494,57746,48665,19429,10848,183245.00,516919.00,1911514.00,5613730.00,148147.8333,75355.3,134203.5714,56267.1429,3217090.00,2883416.00,1017812,1281773,91075.6667,178915.3333
2026-03-17,78010,40252,29851,40976,13444,18599,-312857.00,75416.00,2043208.00,3362265.00,149097.2667,75708.5333,142031.1429,63955.5714,2444672.00,2056399.00,1001850,1267508,85001,171123
2026-03-16,99104,50804,46164,43240,17898,28845,-131243.00,283319.00,3962829.00,4753071.00,157396.6,77264,154543.5714,63100.4286,3980276.00,3565714.00,986259,1234379,77675.3333,185086
2026-03-13,359632,182171,138972,134587,91197,72600,-197100.00,460464.00,6608806.00,17063869.00,153123.1333,73042.9667,120551.1429,43364.7143,9772732.00,9115168.00,993591,1296386,24410.6667,87031.3333
2026-03-12,54633,22028,23560,25035,9267,9805,-139923.00,-126700.00,1314888.00,2629251.00,153622.5667,73181.0333,125349,46147.5714,1684412.00,1671189.00,991956,1285697,32871.6667,116015.3333
2026-03-11,140993,28827,61439,34380,13728,12155,680497.00,-152675.00,1911182.00,6554538.00,154301.4667,73134.6,126465.7143,53230.8571,2326004.00,3159176.00,986120,1246557,54619.6667,113285.3333
2026-03-10,65468,22377,30840,28742,9921,10738,-116981.00,93336.00,1927059.00,3439998.00,155316.7,73795.7333,177522.2857,73316.1429,2528260.00,2317943.00,981306,1229534,62100,153693
2026-03-09,141585,47411,61810,63081,20999,21860,-140478.00,-454269.00,3327763.00,5772525.00,157839.3,74833.0333,169712.5714,76414.8571,3529981.00,3837011.00,967244,1191746,60970,147059.6667
2026-03-06,132803,94071,49945,74726,43123,34686,-624765.00,271767.00,5149194.00,4914493.00,161085.4,73674.1,166029.4286,71228.5714,4757521.00,3860989.00,994187,1241008,43449,132198
2026-03-05,186691,44818,112843,50499,12593,15692,54482.00,49918.00,3831256.00,4809782.00,158828.2,73634,149569.1429,70429.1429,2980562.00,2985126.00,986362,1241638,54646.3333,119571
2026-03-04,121685,44021,57612,51588,14704,16636,316386.00,234900.00,2942891.00,6946102.00,159479.6,74362.3,142120.2857,69590.4286,4101705.00,4183191.00,978355,1221068,94297.3333,219964
2026-03-03,88218,41508,30648,43172,21476,15051,-65422.00,352300.00,2590863.00,4706181.00,165786.9667,76316.9333,155838.5714,74461.1429,3373189.00,2955467.00,971180,1199061,103495.3333,219530.3333
2026-03-02,148810,78410,71462,58693,26565,34741,1183441.00,-45403.00,4739400.00,9545310.00,164719.0667,76489.6667,162158.8571,68976.8571,5319424.00,6548268.00,952055,1142898,96614.3333,205600.6667
2026-02-27,422864,162974,172903,214121,61515,55368,774627.00,-262961.00,8356854.00,26664047.00,157733.3667,72682.4667,109291.5714,51635.7143,14958194.00,15995782.00,1019461,1233647,55363.6667,88469
2026-02-26,86917,69102,49529,30710,36303,29906,370805.00,822480.00,3061786.00,3207480.00,161655.6333,71596.2333,110438.8571,48030.4286,3084964.00,2633961.00,1007101,1204379,45046.3333,82677.6667
2026-02-25,107021,57767,59212,35422,27405,21170,915917.00,316107.00,3787906.00,5642148.00,162204.2667,71268.4,124692.1429,54070.7143,3282874.00,3882684.00,990633,1167520,50991.6667,108419.3333
2026-02-24,71469,39222,29412,24365,9806,26139,135952.00,66227.00,2336498.00,3323128.00,163124.9,71824.2333,142379.7143,57527.5714,2191550.00,2261275.00,993200,1142496,51257.6667,148947
2026-02-23,69543,38150,24599,38226,14912,15732,-393723.00,-90209.00,3218881.00,2955804.00,167952.7667,73128.8,144571.7143,64535.7143,2664747.00,2361233.00,977023,1112895,52403,143363.6667
2026-02-20,184246,75603,80176,76830,38472,24925,-260595.00,838703.00,3625174.00,5062037.00,166465.6,71753.7,128140.8571,76101.5714,4289358.00,3190060.00,1034925,1269888,41823.6667,113597.6667
2026-02-19,193052,40020,80158,88116,17405,16757,1763576.00,36749.00,3699001.00,6592974.00,162675.7,71731.2333,123255,78691,3393091.00,5119918.00,1033566,1229797,61833.3333,118178.3333
2026-02-18,52793,41586,20017,28215,14233,22064,12968.00,-491810.00,3404299.00,2229622.00,166093.9,73089.2333,149076.5714,89041.5714,2039262.00,2544040.00,1030407,1208482,69111.3333,165674.6667
2026-02-17,94948,43865,36241,53036,17283,21377,-452082.00,-453826.00,3613093.00,2507405.00,171267.8333,74319.1667,175556.7143,115675.2857,2622526.00,2624464.00,1021157,1171854,83558.6667,162321
2026-02-13,206794,100049,106354,79748,48878,41812,-463904.00,835541.00,11603214.00,6665527.00,172828.9333,73511.7667,174727.1429,117740.5714,8461276.00,7162643.00,1060562,1265486,102397,116466.3333
2026-02-12,195282,63420,42223,149039,22608,19779,-1560731.00,-918619.00,5487529.00,3940924.00,169170.6667,72292.7333,163124.8571,118886.1429,4251736.00,3609624.00,1068161,1243837,100639,104322.6667
2026-02-11,84887,87207,39626,37826,42505,34131,271875.00,1015216.00,6021789.00,3411870.00,169416.8667,70333.3,166211.4286,113692.1429,4361024.00,3617683.00,1041839,1229959,109583.3333,153875
2026-02-10,69230,156564,25184,38587,78243,50703,-175007.00,1296437.00,8987004.00,3081246.00,170737.2,66714.1667,206047.7143,105249.8571,6183204.00,4711760.00,1013327,1216989,134162.3333,224234.6667
2026-02-09,158851,58146,44815,104851,20367,30170,-1703394.00,-558847.00,4042622.00,6192126.00,171551.4333,65404.7333,216415.8571,104877.5714,5190983.00,4046436.00,989862,1181960,152949,238280
2026-02-06,233544,114040,116491,98569,46164,59258,40365.00,-94906.00,11439948.00,9441553.00,170591.3667,63609.3,192997.5714,92324.7143,9179033.00,9314304.00,1031694,1239306,138748.6667,198454
2026-02-05,280309,230301,106982,145582,120203,58953,-1571070.00,4821533.00,24199387.00,9039789.00,166820.4,57954.0333,176004.8571,63343.7143,16707379.00,10314776.00,930292,1238114,78931.3333,140515.3333
2026-02-04,200987,114506,78207,98540,55350,39053,-1874013.00,1899272.00,9027785.00,8637467.00,165636.3333,55648.2,160996,53015.8571,8781368.00,5008083.00,898467,1205442,73252,189547.6667
2026-02-03,114066,71439,48139,56037,40349,22366,-758309.00,103671.00,6439330.00,6274574.00,167740.4,55415.0333,175738.4286,54028.8571,5974192.00,5112212.00,873636,1173814,67952.3333,228668.3333
2026-02-02,106493,50849,37059,59150,24599,20825,-229516.00,-283875.00,4504211.00,5188338.00,175365.3,55907,193408.8571,55236.5714,4186543.00,4240902.00,861277,1138379,59726,216376
2026-01-30,348084,97468,157036,176664,27104,52577,2041995.00,-586339.00,5194752.00,11758114.00,167600,53841.7333,160679,47543.2857,5665249.00,9533583.00,905193,1198538,36381.3333,154134.6667
2026-01-29,231428,55540,89717,123379,19481,21927,-1552699.00,-850839.00,5116256.00,6970531.00,164239.2667,54261.2333,147793.1429,49019,5149031.00,4447171.00,896238,1162407,31938.3333,108967
2026-01-28,69616,26170,27616,31331,14362,9807,189212.00,80453.00,1539175.00,4280648.00,168327.0667,55964.5,177482.1429,59587.1429,2505470.00,2614229.00,893086,1144566,49391.6667,158182.6667
2026-01-27,161360,27434,94667,56665,10914,13288,2740901.00,-12247.00,1767159.00,8267421.00,173090.7667,56605.4667,171112.5714,67609.7143,3042060.00,6192808.00,887473,1080328,60014.6667,181124.6667
2026-01-26,95925,42211,40238,48079,18577,19653,-48710.00,-49734.00,1985479.00,5029308.00,173219.9,56266.6,187879.4286,68545,3104059.00,3105083.00,866103,1042620,60482.6667,188808
2026-01-23,217263,78530,116066,85828,34864,33347,-119973.00,-348234.00,3798726.00,7232921.00,170889.2667,54862.6333,186068.2857,62542.8571,4700856.00,4929117.00,914896,1104474,56262.6667,163462.6667
2026-01-22,230186,59303,111974,97157,16450,33847,-1006031.00,-198037.00,2870443.00,5510147.00,166898.7,54297.6667,170824.5714,60918.4286,3883520.00,3075526.00,894034,1075930,69877.3333,179213.6667
2026-01-21,118975,43615,49840,53351,23374,12459,125304.00,668176.00,2581302.00,7492511.00,170816.1,54620.6,167983.5714,62673,4710931.00,4168059.00,879873,1040692,83203,178479.6667
2026-01-20,141227,65870,58576,67054,30076,26247,12368.00,675529.00,3549886.00,8048706.00,173220.5667,53988.3667,178433.8571,64304,5344206.00,4681045.00,858893,1002727,77499,202501.6667
2026-01-16,277439,100147,115392,138634,47715,41106,622043.00,-221991.00,3720598.00,15124189.00,169814.3,52726.6667,158747,54904.4286,7958280.00,8802314.00,1072909,1492448,56288.3333,178217
2026-01-15,116773,83592,36565,61474,49803,27790,-172103.00,524818.00,2868599.00,5528626.00,173227.2,52541.0333,153401.5714,48583.5714,3833582.00,3136661.00,1057157,1485595,44401.6667,180452.6667
2026-01-14,213293,48758,89937,85096,24844,19767,1250190.00,-272563.00,2326721.00,12163110.00,170983.3333,53279.6333,145122.4286,53379,5453121.00,6975874.00,1040164,1444819,46781.3333,142384.3333
2026-01-13,204585,36515,94812,94442,14422,18588,-2108963.00,-263773.00,2833795.00,15766464.00,171101.8333,53565.1667,151634,59700.1429,13140556.00,4040596.00,1029201,1404539,60372,145649
2026-01-12,123480,47932,61910,51810,17619,25391,909963.00,-347156.00,3061045.00,5501259.00,177134.1667,53812.9333,170226.4286,63685.1429,3133120.00,4390239.00,1022012,1370340,55844.6667,151032.6667
2026-01-09,99088,55897,41154,47521,28813,21319,13445.00,-206572.00,4035509.00,3934071.00,178879.3667,53789.5667,168290.1429,59535.4286,3143358.00,3363375.00,1067896,1488753,50327.6667,144455
2026-01-08,214379,77287,78238,117891,24210,42943,332569.00,-2232454.00,5392977.00,8888982.00,177937.8333,53788.8,150846.4286,52555,5248774.00,7813797.00,1040175,1441300,52007.3333,124775
2026-01-07,139631,34350,37483,74162,13844,13104,451365.00,24985.00,3769686.00,6082095.00,180310.7,56586.0333,146447.7143,54503.5714,3407008.00,3833388.00,1028765,1427076,67478.3333,161620
2026-01-06,79355,39346,30124,39676,20128,15138,12972.00,507392.00,3626016.00,5720726.00,185823.7,57979.9667,161293.8571,51577.4286,3911954.00,3417534.00,1013899,1408273,79638.6667,219710.6667
2026-01-05,155339,82326,69695,60668,29958,45878,846445.00,-1573909.00,4998305.00,9668710.00,188990.4,57494.7,168351.4286,48413.2857,4772977.00,7193331.00,993223,1374416,61146.3333,196442.3333
2026-01-02,250166,80763,103353,119615,28951,46431,-606583.00,-183719.00,3968597.00,9627238.00,186149.2333,57403,156496.2857,45539,6252478.00,5829614.00,1006546,1410928,43700,143811.3333
2025-12-31,253627,75827,108704,127542,41043,23068,-1107654.00,-142428.00,7193019.00,5864582.00,184378.8,58181.7,143901.7143,41182.4286,5769253.00,4804027.00,997550,1386331,34421,95549
2025-12-30,85534,26849,31323,46790,11448,11891,200477.00,-458353.00,3732191.00,4651917.00,188813.3333,61722.5667,156995.1429,46553.1429,3111345.00,3770049.00,1008444,1363754,31759,128130.3333
2025-12-29,92273,28424,32423,51045,9859,14763,-183763.00,-337922.00,3090648.00,5150106.00,196756.5,64506.9333,191704.7143,51865.1429,3485862.00,3640021.00,1001109,1335899,42343.3333,165620
2025-12-26,108840,47990,45021,54944,20062,20267,-455837.00,118198.00,5224880.00,5749242.00,199997.2333,65002.9333,192602.5714,50082.2857,4449900.00,3875865.00,1023999,1473398,46561,185066.6667
2025-12-24,183278,18863,67774,112261,3819,8597,-1210913.00,-17416.00,2213477.00,4335513.00,199143.2,66885.6,185078,57119.7143,3377029.00,2183532.00,1024652,1425973,55383.6667,179129
2025-12-23,204742,60177,77263,115633,24506,26996,-746996.00,-161604.00,5113569.00,7040527.00,197318.3,66315.9333,183293.4286,59561.2857,4944826.00,4359434.00,1004724,1397031,56806,169944.3333
2025-12-22,167180,60643,74736,73517,25564,28724,299501.00,669525.00,8050975.00,7747017.00,201166.6667,67200.0667,202877.8571,57564.1429,6785900.00,6415876.00,977762,1339663,58461,225964.3333
2025-12-19,165465,45331,70633,74139,15135,23986,302081.00,-64528.00,3977023.00,6101301.00,207265.3667,68866.3667,193497,55666.1429,4020057.00,4380906.00,1156132,1818069,55187.3333,209184.3333
2025-12-18,177188,64444,60253,102046,21291,30577,-862465.00,-1549493.00,7994283.00,6592485.00,206822.7333,68812.5333,189233.5714,51661.4286,5409591.00,6096619.00,1162769,1755454,56414.3333,193657
2025-12-17,335240,65608,112700,206456,25438,35279,-1963635.00,-1032311.00,6701726.00,7631588.00,204034.2,69215.3,157123.4286,48339.4286,7001183.00,6069859.00,1160174,1720837,60301,145993.6667
2025-12-16,115125,35510,42556,66633,12496,17614,-447112.00,-1205231.00,5340083.00,4296075.00,207244.2667,69744.2333,174462.2857,50881.2857,3726017.00,4484136.00,1157859,1687798,64018.6667,209042.3333
2025-12-15,130606,68125,46098,67443,28874,25335,-36779.00,5976.00,6610311.00,8163744.00,213971.7333,70327.9667,186284.4286,47849.5714,5913238.00,5870483.00,1135533,1661217,51992,198773.3333
2025-12-12,192250,77268,77427,91919,31608,35778,-1436493.00,-841110.00,5488508.00,6417757.00,222352.5667,69443.7667,183856,45710.7143,5101112.00,4505729.00,1177408,1738347,38373,183804.6667
2025-12-11,304271,46663,158869,102918,18906,19342,-546437.00,-347328.00,4569244.00,7340444.00,215996.4,68969.5,171697.2857,50190.7143,4306581.00,4107472.00,1168333,1726015,36936.6667,119204
2025-12-10,99799,32045,41554,48337,10204,19441,-142950.00,-810689.00,2747913.00,5470675.00,218778.0667,69554.6667,178294.1429,55743.7143,3330659.00,3998430.00,1159712,1708637,44022.6667,164770
2025-12-09,147344,36411,66528,64682,14725,16565,428006.00,-286932.00,5336756.00,8615085.00,218889.2,70256.2667,186979.2857,56982.2857,5457971.00,6172909.00,1150051,1688592,47520,186775.6667
2025-12-08,110469,42354,41061,56915,11967,24127,190488.00,-1256640.00,7650582.00,5823892.00,225217.7667,71050.7,214690.8571,58841,4591193.00,6038321.00,1134874,1656671,54167.3333,208369.6667
2025-12-05,236497,53303,88739,135909,30109,19677,-740262.00,-2960.00,3351369.00,7903674.00,225609.6333,71040.6333,202540.4286,59111.4286,5457922.00,4720620.00,1167727,1743219,62407.3333,202590.6667
2025-12-04,213361,46903,79875,100032,12361,27815,3128940.00,-852920.00,4270905.00,12366433.00,227839.3,71567.8,198650.7143,63448.7143,4798208.00,8780068.00,1168182,1727083,70411.6667,180129.3333
2025-12-03,175251,62296,74580,67650,22717,31104,1969767.00,-1174421.00,5450543.00,9233359.00,228467.6333,71022.9,203731.5714,71444.5714,4494073.00,7638261.00,1150248,1701172,64673.3333,191092.3333
2025-12-02,219160,78023,87192,109939,33676,38187,449843.00,-1060831.00,7384236.00,12896652.00,228191.3667,70840.1667,207386.5714,71893.2857,8491471.00,10001498.00,1136385,1666361,57120.6667,219522.3333
2025-12-01,145977,70916,55612,70981,38775,26835,239719.00,2428025.00,8024546.00,9271497.00,236596.0333,72466.4,222295.5714,71443.5714,8767156.00,6578894.00,1119230,1631444,51880.6667,221344.6667
2025-11-28,208140,45081,85558,91662,19028,18238,-253502.00,26896.00,2854571.00,10060612.00,242591.9,74627.8,216122.8571,76148,5574250.00,5293852.00,1169106,1720850,62608.3333,214009
2025-11-26,304450,55365,140737,124126,24412,25838,805004.00,805178.00,5120319.00,11685763.00,243081.1,76398.6333,201274.8571,82408.4286,7602506.00,7602332.00,1158682,1649060,83575.6667,182798
2025-11-25,151444,55196,61355,67427,23997,24931,-368374.00,1023392.00,8632505.00,8409639.00,257279.3667,78914.6667,210864.2857,93534,8018609.00,6626843.00,1140796,1620446,92231.6667,213898.3333
2025-11-24,186133,77264,81774,88290,22946,33930,18115.00,-1214550.00,9623302.00,11021201.00,264415.2667,79526.6333,231497.8571,98489.8571,7064855.00,8322714.00,1117517,1566063,89066.3333,235300.6667
2025-11-21,210817,118267,99616,97396,56588,49300,-1115043.00,353096.00,13540610.00,8102277.00,279795.8333,81267.7667,230818.5714,90576,10267167.00,8799028.00,1179301,1898164,75648,220005.3333
2025-11-20,244745,81164,85363,121299,32342,33467,-1799427.00,86379.00,16965477.00,9796870.00,279261.3,80490.6,218377.4286,89744.4286,10940522.00,9054716.00,1190090,1853794,81656,205261.6667
2025-11-19,250340,67768,92684,122691,34408,24059,-1852555.00,920273.00,10404698.00,12753385.00,277845.9333,80680,204042.4286,86218.5714,11091698.00,8318870.00,1187932,1833812,103425,194671.6667
2025-11-18,164931,78012,74754,76255,35436,25396,869790.00,373251.00,12008499.00,10231327.00,279388.4667,81844.6333,220856.7143,87526.4286,8785875.00,9282414.00,1169554,1789033,114739.3333,249884
2025-11-17,200514,99188,79586,104863,41801,40930,-719122.00,-558054.00,14309258.00,11255173.00,282582.0333,81920.8667,241987,86973.8571,10587826.00,10426758.00,1147489,1746887,102633.3333,251733.3333
2025-11-14,218570,133075,74353,115894,58917,47773,-1655049.00,1033669.00,16109598.00,12052953.00,298152.1,80668.6333,234178.2857,76938.7143,11441522.00,8752804.00,1177385,1870086,83389.3333,231429
2025-11-13,330568,111955,100301,190828,50607,47532,-2051096.00,-858758.00,13046081.00,16899972.00,299767.7667,80289.8,222894.8571,72043.8571,13063580.00,11871242.00,1166645,1806904,60433.3333,171238
2025-11-12,206062,62870,73959,110647,31049,24527,-1258994.00,2164054.00,8068943.00,9113907.00,303821.4333,81197.8,223661.2857,70402.1429,9251972.00,5828924.00,1151451,1787881,68532.3333,196761
2025-11-11,157657,75343,49403,99009,34776,27606,-4711797.00,1339918.00,12789146.00,12599111.00,301603.0667,79997.0667,248628.8571,71872.7143,14133323.00,8081608.00,1139440,1784696,75191.3333,260350.6667
2025-11-10,149995,43087,53527,80401,21304,16926,-2865333.00,629641.00,3886782.00,13356937.00,311661.0667,82402.2667,290583.1429,72966.2857,9519249.00,6024275.00,1124866,1737196,81772,264988.6667
2025-11-07,282631,87167,111373,147580,36050,41814,324659.00,179384.00,10939482.00,18870475.00,314861.1,82675.4333,266433.8571,65147.4286,13343387.00,13487944.00,1184161,1853995,78613.3333,254639.6667
2025-11-06,348426,95320,131520,188870,36114,34217,-1484268.00,1286541.00,11358270.00,14767917.00,315103.6333,83138.7333,242837.1429,58616,12004205.00,9233396.00,1154002,1823735,63966,208973.3333
2025-11-05,163909,62829,70231,77425,25214,32475,690969.00,-341477.00,5516299.00,14842991.00,317521.1667,83783.2667,240947,57848.8571,8620552.00,9652998.00,1135267,1806003,71568.6667,265147
2025-11-04,251584,77691,76739,150572,47011,23514,-6395629.00,2915880.00,10091473.00,28867079.00,314992.6667,85054.3,247910.1429,56205.4286,24746292.00,11275638.00,1110871,1761652,62585.6667,329177.3333
2025-11-03,211427,51378,81716,112574,22558,23464,-4165190.00,-429011.00,7404799.00,28294279.00,315039.3,86162.6,253171,56437.2857,15196707.00,17400528.00,1087722,1707045,56271.3333,296563.6667
2025-10-31,332430,85637,157990,145867,39507,37027,-476455.00,-1586822.00,10371184.00,30040775.00,311805.1,86250.1333,245716.8571,53163.1429,18242248.00,18428615.00,1185874,1804758,44259,246836.6667
2025-10-30,443675,50742,210697,200887,26244,20066,924291.00,298352.00,6119915.00,39128698.00,323396.0333,90444.4333,210063.4286,52478.4286,15731251.00,26878140.00,1180499,1748634,46498,149171
2025-10-29,113586,32435,45682,56510,15232,12944,-1395718.00,1327931.00,5306066.00,13204464.00,329013.4,91465.3,223961.4286,58207.8571,9641345.00,6917696.00,1171493,1733690,57748.6667,211417.6667
2025-10-28,183249,49600,66535,92642,26247,17387,-3842354.00,-91369.00,4736489.00,22221007.00,336654.5667,93714.8667,254656.8571,68222.5714,13596617.00,9845632.00,1162159,1694877,58882.3333,233085.6667
2025-10-27,150678,57459,60099,72285,25275,24623,-1993706.00,252278.00,5330296.00,18569608.00,337005.5333,95105.9667,288562.2857,75717.4286,11667659.00,9421675.00,1134294,1660313,60635.3333,276276.6667
2025-10-24,300326,66187,109868,159059,24543,35808,-3674208.00,-405065.00,6014202.00,23152000.00,341840.4667,95584.6667,291248,81760.7143,14852905.00,11583762.00,1209174,1783820,53889.3333,240868.3333
2025-10-23,248253,53001,67525,129978,22511,26709,-3026636.00,-462259.00,7550076.00,18354458.00,339740.6667,96060.0667,338267.8571,92857.2857,12400556.00,9836179.00,1200066,1705546,60402.6667,228408
2025-10-22,280251,62718,120883,124991,25818,26829,375469.00,-223745.00,7168729.00,26528379.00,342785.1333,96241.1667,355404.8571,97558,13900315.00,14499529.00,1186917,1681529,79397.6667,267696.6667
2025-10-21,194101,45949,91879,82565,23973,17522,711451.00,294468.00,5925657.00,23651705.00,340950.0333,95879.3667,423709.5714,115351.1429,12831896.00,13248879.00,1173601,1622871,100722.3333,332335
2025-10-20,210872,72541,99782,88642,32365,32497,1572478.00,-400726.00,6827766.00,33865004.00,337264.1333,95084.7,426257.7143,113252.2857,17329204.00,19302408.00,1144851,1579810,112705.3333,368419.6667
2025-10-17,398117,119703,185364,172816,56422,52620,-272906.00,1101371.00,12664344.00,39583021.00,335260.4667,93903.7333,399080.8571,106644.7143,23796573.00,22422296.00,1237578,1806312,116363.3333,428178
2025-10-16,388016,109923,128255,202896,61928,37374,-8848409.00,1522768.00,11565272.00,53162069.00,331547.4,92169.3333,373822.4286,107077.2857,33027371.00,22656194.00,1239151,1744294,111596.6667,432242.6667
2025-10-15,319126,108490,121555,147386,40395,59963,-5297672.00,308207.00,11043015.00,64286210.00,324803.0333,89898.5333,370564.5714,106075.1429,34909422.00,29858391.00,1216006,1709784,132267,549945.3333
2025-10-14,577392,130677,262519,203456,49542,64992,14393453.00,-3358762.00,14052728.00,101825947.00,310002.1333,87026.6333,386033.1429,101051,40389253.00,58351548.00,1168563,1685962,107991,433717.6667
2025-10-13,400210,95623,120699,249776,32348,53647,-4425692.00,-2788217.00,12838141.00,87698534.00,304669.2667,86469.7667,383008.5714,101760.5714,66249404.00,26872229.00,1120130,1604328,100600,369607.3333
2025-10-10,672234,170501,288019,309376,83021,68041,-2066824.00,1420986.00,14996511.00,65227943.00,292964.7667,82957.6,333785.4286,90276.1429,37146892.00,33659082.00,1177981,1689018,81416.6667,215931.6667
2025-10-09,228709,57849,101450,104953,22351,30711,-1653772.00,400310.00,6944841.00,29281103.00,288373.2333,82411.5333,314127.8571,87629.2857,16766441.00,14712359.00,1160224,1655407,95958.6667,238469
2025-10-08,207879,73450,104155,84667,31226,33121,2592106.00,4328618.00,14671418.00,32042787.00,284882.3,81116.4667,348964.4286,93599.7143,20739262.00,19002750.00,1141534,1637638,103311.3333,397733.3333
2025-10-07,211207,112951,93863,94165,48409,42910,-779683.00,1981340.00,11382421.00,33845060.00,282165.5667,79521.7333,372882.2857,91087,20544276.00,17783253.00,1120464,1609014,99191,453677
2025-10-06,296321,101475,140453,126841,51791,42240,3311930.00,-314536.00,8749575.00,44693008.00,291087.8333,81273.2667,381365.2857,92193.2857,22165109.00,25791575.00,1084621,1558820,95402.6667,464127.3333
2025-10-03,685672,95508,334196,302440,36108,45614,2095150.00,-130596.00,8385575.00,42661038.00,271502.2333,79944.3667,317188.5714,90287.1429,21729414.00,23957844.00,1149701,1686657,76673.6667,265938.6667
2025-10-02,379038,100590,145716,182392,44571,47457,-104744.00,-1731378.00,9503135.00,34177708.00,266430.5667,78191.5667,288144.4286,92463.1429,18640214.00,20266848.00,1121092,1646324,81558,290171
2025-10-01,327672,90110,133805,172238,35760,47445,4691122.00,-110857.00,6241601.00,35178999.00,259205.8667,76715.1333,271737.8571,91679.8571,16544286.00,21482745.00,1098621,1611385,83308.6667,307157.6667
2025-09-30,91106,39321,37415,43257,18956,16405,-151612.00,1143883.00,4409707.00,13088929.00,261158.1333,76928.0333,292351.8571,98671.5714,8228004.00,6932509.00,1091360,1597323,106608,395356.3333
2025-09-29,451735,115243,205054,189333,45307,56017,3485430.00,-1838092.00,9983310.00,46985592.00,253148.0667,75188.4333,340875.8571,107432.7143,22090341.00,27519278.00,1053693,1525560,95582,323589.6667
2025-09-26,378632,95362,162440,188551,45365,41174,-1588168.00,-250592.00,10217812.00,18724626.00,258525.9667,76993.9333,327086.5714,102818.2857,13745500.00,12407924.00,1100097,1630937,102402,255955.3333
2025-09-25,355702,109219,164102,159109,55651,44009,-1415578.00,1148518.00,9887756.00,25035639.00,254454.1,75586.1,335198.2857,103942.2857,16547112.00,13983016.00,1077662,1578828,94204.6667,208330
2025-09-24,236435,82165,103569,106942,28969,42271,861638.00,-1359596.00,7007871.00,29952577.00,250200.3,73858.9,324451.4286,106374.7143,14966264.00,17187498.00,1052798,1543750,96237.3333,207986.3333
2025-09-23,175729,115822,79553,77382,55237,53191,2300873.00,-887962.00,8564740.00,22194917.00,249539.7667,71330.1,362972.1429,101335.5714,12240585.00,15429420.00,1018951,1517062,116487,413211
2025-09-22,212826,84627,89915,104447,44593,31326,-3008027.00,420712.00,6557514.00,22320117.00,256199.6,73734.8667,359034,98855,14839314.00,11410818.00,987129,1469671,109298.3333,436304.6667
2025-09-19,235404,88263,102052,105186,40262,43476,225648.00,-407741.00,4805890.00,27441533.00,255098.9,75168.9,378488.4286,95981.8571,13081631.00,13715020.00,1177772,1819227,118906.3333,495331.3333
2025-09-18,791403,176571,301655,368743,80520,78553,2369150.00,-212849.00,10696685.00,81210068.00,235807.7,70200.1333,285294.8571,75771,38102774.00,40684773.00,1116621,1740564,93113.3333,285266
2025-09-17,282107,63061,132263,124155,25995,29873,-1720104.00,-594368.00,4847030.00,25008414.00,232500.6,69775.9,259321.7143,73719.5714,13709601.00,12583865.00,1110265,1718089,98942.3333,339688.3333
2025-09-16,412484,117087,211628,156342,53390,52680,10746683.00,-1101345.00,11601531.00,50797469.00,227864.7,68158.7333,248682.1429,69032,21916822.00,33764850.00,1073098,1621692,82334.3333,263946.6667
2025-09-15,161207,99192,67133,80245,43904,46504,-657653.00,1717809.00,7640862.00,13536709.00,229822.0333,68466.8,265170.2857,63131.8571,10808338.00,8433471.00,1031265,1558653,71987.3333,334072.6667
2025-09-12,445374,80548,245411,180685,31596,40114,2543104.00,-1077200.00,4506926.00,19950898.00,227220.8667,67270.7,218230.4286,57391.5714,9273865.00,12894169.00,1066750,1637024,56836.3333,231964
2025-09-11,185259,67263,52512,123671,30015,31623,-1522963.00,515336.00,4383403.00,8721349.00,235464.1667,71391.2667,210817,54142.5714,6938183.00,4899884.00,1033369,1611683,50649,203642.6667
2025-09-10,371585,68151,84387,163795,31074,31351,-792037.00,-982442.00,6255415.00,22948198.00000000,229029.9,71808.4333,192051.1429,55680.5714,15000523.00000000,9560428.00,1015744,1568999,56023.3333,192450
2025-09-09,139048,35095,80385,49370,14419,15366,2576688.00,-738585.00,2921306.00,9285910.00,230763.3,72548.7,218058.4286,59972.1429,3895970.00,7211243.00,999393,1539611,63622,238308.6667
2025-09-08,100295,48701,42639,43191,20192,23399,505858.00,-992949.00,4892060.00,5397601.00,234896.7,76022.5,216725.2857,58938.7143,3828693.00,5327500.00,973907,1499500,60843.6667,243808.6667
2025-09-05,338007,84274,183587,120538,32963,44176,243280.00,-1323182.00,6467026.00,9768924.00,234808.0333,76174.7667,183174.4286,51842.1429,6507666.00,8074128.00,994355,1614891,47592.3333,175594.6667
2025-09-04,276624,57891,117773,146248,24624,27559,-1319974.00,-114396.00,6753977.00,9965168.00,245844.8667,84464.7,162186,52873.2857,8074710.00,6869132.00,978494,1528715,54601,163461.3333
2025-09-03,116795,40366,60694,46466,16644,18034,544667.00,-786474.00,3755945.00,8627307.00,247071.9667,86280.6667,226070.8571,69109.7143,4880627.00,6211768.00,969109,1505747,62857.6667,231562.6667
2025-09-02,133365,44520,66298,55928,16948,23439,876187.00,-339053.00,2673037.00,8978163.00,251445.5667,88485.8333,221033.5714,70698.4286,4641838.00,5856976.00,958277,1467446,61840,217428.6667
2025-08-29,240224,78917,125757,91176,33093,39786,-97965.00,1026661.00,5070051.00,8822224.00,262177.7,92530.8667,219128.4286,66282.5714,6668404.00,5543778.00,1000401,1595199,47067,171737.6667
2025-08-28,321099,65136,129763,156740,26979,34323,-650747.00,-870108.00,6969594.00,9007353.00,258607.0667,93529.5333,189104.4286,63522.7143,7279090.00,7498451.00,973979,1542632,47058,107939.6667
2025-08-27,90963,41467,43885,39171,17956,19842,665155.00,409581.00,6554518.00,5989568.00,263588.1,94092.2333,197491.7143,64128.5714,5692888.00,5948462.00,968065,1525255,84576,265615
2025-08-26,103151,34598,51395,43583,13561,15525,1201685.00,329625.00,5143760.00,6607487.00,265943.2,95219.2667,212960.5714,68193.8571,4619346.00,5491406.00,952645,1501546,91590.3333,263932.6667
2025-08-25,129705,65109,54399,62478,24083,36148,321108.00,745158.00,5791244.00,8656101.00,274379.9333,98070.8667,271569.7143,80253.5714,6765118.00,6341068.00,926317,1458647,85889.3333,296327
2025-08-22,563989,154021,259298,224643,85744,56079,4837181.00,520331.00,6763763.00,28503323.00,270991.9,96158.4667,224363.5714,67819.7143,13050998.00,17367848.00,1012640,1596336,49821.3333,145307.6667
2025-08-21,98104,55641,45379,40166,25416,23363,588586.00,-904199.00,7511829.00,5757640.00,284755.8,99616.4333,225894.5714,64206.5714,4369178.00,5861963.00,996435,1583923,46510.3333,162497.6667
2025-08-20,226888,48006,90639,126223,22885,20904,-299042.00,111051.00,5564761.00,9039609.00,285795.2667,100246.9333,215755.2857,63056.8571,6729690.00,6220123.00,993121,1531785,51526.6667,157346
2025-08-19,110931,45817,38294,64157,21701,18578,-874837.00,-1205009.00,7431154.00,7129677.00,286516.2333,100249.8333,258853.8571,78907.2857,6231837.00,6562009.00,975835,1503937,86096.6667,300358.6667
2025-08-18,149674,45708,71396,65164,19531,21281,1628854.00,-765783.00,3952465.00,9423556.00,288157.4667,101657.5667,266383.7143,91132.4286,4690173.00,7084810.00,959235,1468845,93188.6667,328316
2025-08-15,211433,63055,107214,85086,20547,30647,-605589.00,-576637.00,4503370.00,7845546.00,291558.5,101663.1667,266560,86054.2857,5224522.00,5195570.00,1110502,1755627,82286.6667,294112
2025-08-14,539969,149527,364086,152176,45812,99573,3644203.00,-1211107.00,6765960.00,16163223.00,289983.3,103901.1,215549.2857,71883.8571,7912825.00,12787635.00,1053243,1623119,45763.6667,166093.3333
2025-08-13,233546,66984,115769,93914,30334,33465,1193453.00,670858.00,3581286.00,11554248.00,292397.0667,104398.9667,221243.7143,72110.7143,6034706.00,6557301.00,1046269,1614667,75692.3333,225785
2025-08-12,108821,30349,45085,55759,15688,12312,-222420.00,-1391299.00,6042075.00,6668821.00,294532.8667,105160.5333,237116,83265.7143,5302086.00,6470965.00,1033042,1590862,109337.3333,256972.3333
2025-08-11,155913,39958,76336,66043,16396,19184,753198.00,-458902.00,3728166.00,9762485.00,302741,106567.4667,267319.7143,83938.1429,5410812.00,6622912.00,1019458,1540453,105187.3333,275890.3333
2025-08-08,412621,156770,263284,129265,123179,22123,875038.00,1674572.00,9449483.00,11816424.00,293674.9333,102983.3333,270167.8571,88811,9963274.00,9163740.00,1090936,1660116,69708.6667,199314.6667
2025-08-07,202383,131284,128488,64036,92387,29492,680744.00,958868.00,6393009.00,9404712.00,290665.6,100338.9667,266764.1429,81579.8571,7262392.00,6984268.00,1031041,1638111,48804.6667,222989.3333
2025-08-06,212667,27508,98940,102502,11234,12573,153703.00,-795551.00,4019849.00,7459058.00,288355.9333,102506.1333,263676,85836.2857,4584481.00,5533735.00,1026696,1572960,75780,225409.3333
2025-08-05,182894,50334,60447,114969,16875,25615,-103786.00,-235957.00,4063507.00,7655104.00,287107.7667,102618.7333,269590.7143,100490.7143,5051655.00,5183826.00,1000093,1560333,73890.3333,286891
2025-08-04,273407,68572,170562,91017,30187,25163,903494.00,-164732.00,6124199.00,12569949.00,285773.7667,102806.7,278439.2857,103386.4286,7439737.00,8507963.00,965124,1449456,114659.6667,339941.3333
2025-08-01,219927,108434,88809,97184,50836,40218,-1215268.00,-1487566.00,8422736.00,12390174.00,285128.6667,101439.7,333839.5714,131694.2857,8626856.00,8899154.00,1086815,1603728,105403.6667,326151.3333
2025-07-31,367339,44665,174202,147153,22296,16209,-1212483.00,-509766.00,5204599.00,14679647.00,280943.9667,101847.8,303306.5714,138862.8571,9199392.00,8496675.00,1077970,1576882,109616.3333,267388.3333
2025-07-30,432558,190880,174806,231950,145758,37780,-984477.00,2235610.00,7736798.00,22893092.00,271815.6,97258.3667,279308.7143,127405,15578368.00,12358281.00,996255,1516058,96961.3333,197968
2025-07-29,178557,80666,72406,85812,38175,34795,-395990.00,108574.00,8131979.00,14998350.00,278209.2667,98884.1333,334113.1429,144491,10280483.00,9775919.00,963743,1464063,99686.6667,250231.3333
2025-07-28,191050,57303,78163,95336,23604,23959,289436.00,701051.00,7984432.00,15123299.00,275598.4,99148.3333,337388.8571,149890,10404891.00,9993276.00,926391,1376527,182782,389124.3333
2025-07-25,224297,152915,100518,108302,46897,98994,372325.00,-455706.00,10822628.00,16488427.00,272169.0333,96065.1,339688.4286,136380.4286,11973451.00,12801482.00,977932,1588189,163425.3333,365561.3333
2025-07-24,335347,88842,168735,132021,30498,21152,-736752.00,3231830.00,8162528.00,16632504.00,265125.3,94817.6333,316610.8571,133461.4286,12673771.00,8804907.00,956359,1503962,170703,341970
2025-07-23,607729,306589,267183,309307,141349,115742,-627237.00,-368857.00,28751594.00,37289770.00,252533.8667,86336.4333,284479.1429,111185.4286,28728884.00,28470546.00,896277,1356600,135262.6667,326789.6667
2025-07-22,153608,94845,68850,67041,60820,28563,-616889.00,-895581.00,5697455.00,17741535.00,260050.1667,86562.7,328584.8571,111443.1429,9982145.00,10260837.00,875272,1349518,135346.3333,346913.6667
2025-07-21,264573,110675,116465,108135,56233,30376,-724798.00,1815747.00,9847346.00,22870117.00,257419.2333,85342.9333,363791.7143,118401,14828207.00,12287662.00,846097,1288363,117904,338854
2025-07-18,562188,200268,254238,245637,99641,87888,-97537.00,1042906.00,13899154.00,34793083.00,243565.0333,80438.3667,320346.5714,99351.4286,21988795.00,20848352.00,978058,1511703,73951,209392.6667
2025-07-17,213980,95096,107528,87347,40322,36405,4952551.00,-583170.00,4073028.00,21358988.00,243145.1667,80928.0667,308715.1429,92324,8591888.00,14127609.00,943594,1464542,92471.3333,265668.3333
2025-07-16,240394,58348,97253,112331,25802,25551,-2050978.00,-418579.00,5783310.00,32750327.00,239370.5333,79894.8667,302789,96551.4286,18051724.00,14473275.00,932963,1397639,105238.3333,339653
2025-07-15,173804,68409,82905,74436,34116,27639,1618272.00,1735438.00,8807677.00,27195050.00,240326.4333,79783.6667,322740.4286,95810.5714,14918882.00,17251996.00,920207,1365773,135562,452058.6667
2025-07-14,382807,150657,173623,168927,66192,70904,4692594.00,796273.00,12390335.00,57176910.00,235010.4,75953.0333,338441.2857,105240.2857,29175769.00,33072090.00,879910,1306166,107650,410480.3333
2025-07-11,462348,96649,175211,239522,44939,38484,-283557.00,686069.00,8201338.00,43014718.00,227207.4667,76544.7667,316100,103136.1429,22689069.00,21719443.00,973815,1463851,90735,300551
2025-07-10,511021,159380,179415,278463,81383,68835,-4895517.00,327748.00,7570612.00,74505231.00,219471.8,74197.5,267796.2857,87967,54029358.00,21347718.00,910895,1380556,66921.6667,196514.3333
2025-07-09,258072,66921,118563,121839,27323,33246,3872826.00,80853.00,5095864.00,22356789.00,225976.8333,75034.9333,288379.8571,90144.8571,10492188.00,14284161.00,886528,1343016,65689,214978.3333
2025-07-08,132560,45904,54403,55915,17131,16674,-542006.00,-260752.00,3977193.00,14595296.00,232866.8,75728.5333,289534,90622.2857,7508990.00,7227736.00,871387,1315759,122609.3333,335029.3333
2025-07-07,198911,87940,67767,106533,34326,45802,-801311.00,665977.00,6033637.00,14680452.00,239815.7,77323.0333,277132.8571,85481.2857,9734430.00,8276890.00,847913,1281545,120602.6667,370712
2025-07-03,313464,63223,136800,126683,29474,28948,2804234.00,982434.00,3657905.00,24795697.00,233583.3667,76301.1667,252834.7143,89667,11252828.00,13073884.00,918831,1347239,117260.3333,323855.6667
2025-07-02,492713,216665,255965,157778,65074,118252,8734164.00,-1136120.00,14573218.00,47109292.00,222182.0667,70729.4,203225.5714,66388,20253245.00,30123529.00,852365,1271441,72427.3333,293670.3333
2025-07-01,305959,81920,125050,132978,34971,39167,1758517.00,525973.00,4662520.00,14905818.00,224421.9,71622.1333,192858.1429,65286.7143,8052271.00,9284820.00,826604,1253438,61536,238563.6667
2025-06-30,172895,53196,98975,61774,30149,17593,2014033.00,546931.00,4855034.00,9487357.00,222454.3,71673.5667,196812.2857,67319.2857,5814566.00,7281668.00,800431,1187389,61121.6667,218299.6667
2025-06-27,402157,82166,207747,183510,39281,27032,-702856.00,173643.00,3555372.00,11574017.00,212905.5333,70122.6667,173903.8571,63711,7526507.00,6650008.00,851901,1269184,64574,132039.6667
2025-06-26,140639,49246,73803,54737,18967,26543,1631541.00,-128770.00,2888748.00,7938481.00,213988.6333,70361.7333,176485,64275.4286,4044335.00,5804646.00,837559,1247571,66062.6667,133643
2025-06-25,112103,51953,53859,46327,18993,25660,557651.00,206669.00,3238056.00,6894514.00,217632.5667,71244.9333,213379.8571,75344.8571,4305515.00,4656497.00,812964,1220878,73482,174071
2025-06-24,143377,92523,80685,51730,58175,30103,1872523.00,987979.00,5088668.00,8837004.00,232689.4333,75113.7667,209000.8571,71445.7143,5971178.00,6855722.00,767252,1176676,65115.6667,193136.6667
2025-06-23,145449,53712,72018,62812,20831,23809,1237228.00,-587104.00,5522343.00,9071846.00,235734.7667,75649.3,205567.5714,72403.7143,5669786.00,7494118.00,752428,1123911,66181,225253
2025-06-20,233387,74211,101317,119880,30226,36083,-875110.00,-327487.00,4701745.00,8978912.00,230609.1667,74150.9333,189945.8571,69147.5714,6273875.00,5726252.00,895757,1471899,59176.3333,200359.6667
2025-06-18,200574,67424,96228,96609,35232,22354,745518.00,487534.00,5072106.00,7550336.00,229049.7,73337.7667,194147.5714,66966,5722435.00,5980419.00,877381,1426505,79848,256957.3333
2025-06-17,241798,56908,70439,159663,23371,19480,-3713312.00,528961.00,5638099.00,14681884.00,226997.2333,73672.9,213761.7143,73355.2857,13078667.00,5705794.00,862376,1352927,82621.6667,213932.6667
2025-06-16,158707,53197,73893,73739,23549,25011,557276.00,-418296.00,4178072.00,8418159.00,233668.1667,75897.1333,217610,76338.8571,4984984.00,5960556.00,832650,1293801,85028.6667,201502.3333
2025-06-13,370367,129439,208967,136326,55571,59979,-20780.00,-8646.00,9984753.00,13705644.00,230035.5,73587.4333,185637.8571,65437.7143,9651947.00,9639813.00,858920,1397969,59021.6667,119391.6667
2025-06-12,112724,65229,47019,54583,23467,26592,-909717.00,349755.00,3076011.00,6837318.00,230065.3,73066.6333,198303.5714,71803.1429,4653485.00,3432934.00,847279,1381003,54663,158479
2025-06-11,121416,60418,55833,53962,34919,20976,109471.00,1165343.00,3827925.00,9082134.00,229940.8,72387.0667,199123.4286,67079.4286,5901988.00,4846116.00,829366,1370184,68401.3333,244372.6667
2025-06-10,124035,51418,54514,44148,30045,17304,541631.00,670708.00,3718682.00,11692599.00,228929.2333,72157.6667,210330,69030.1429,5838290.00,5709213.00,809566,1340172,75956,264909.3333
2025-06-09,229986,52153,119500,94954,22405,23763,3333275.00,-72855.00,4953141.00,16647099.00,232300,72864.7667,209378.5714,66685.1429,8100957.00,11507087.00,788688,1290117,76282,237101.3333
2025-06-06,379097,101633,203995,135117,49101,37315,4009430.00,105003.00,8117595.00,19392602.00,222981.4333,71038.8,187830.4286,68509.1429,9360444.00,13264871.00,823024,1368026,79000,177863.6667
2025-06-05,185645,74082,88086,86001,32971,35133,-411605.00,1220211.00,6186331.00,9533384.00,222371.9333,71105.6667,201159.8571,70634.8571,7313981.00,5682165.00,807268,1323910,63423.3333,158367
2025-06-04,146562,53131,72747,63484,23774,24786,3760045.00,137133.00,3206422.00,12645168.00,229120.4,72556.1667,244968.5714,76193.8571,5569371.00,9192283.00,794367,1309872,67404,177006.6667
2025-06-03,201384,109787,106644,79541,33565,50981,2385472.00,-2544960.00,11747227.00,12424217.00,227415.1,70616.2,264665,70040.2857,7492511.00,12449138.00,751839,1277661,42721,184320.6667
2025-06-02,127155,27352,49814,67911,10831,13663,152167.00,-67725.00,3001049.00,6920801.00,231647.8667,71196.0333,304696.8571,85529.2857,4314528.00,4534420.00,741932,1235634,71737.3333,218022.3333
2025-05-30,202481,65073,105937,80739,23369,34577,-553511.00,-2543504.00,8302975.00,9622881.00,228437.8667,71619.2333,293841.5714,80885.5714,6800920.00,8790913.00,807836,1400910,79700.3333,243512.3333
2025-05-29,223326,35738,126206,88868,19626,12863,568869.00,-162435.00,6547133.00,8597154.00,224535.7,72006.0667,283462.7143,82853.2857,6418673.00,7149977.00,801431,1335540,98469,320144.6667
2025-05-28,228260,114401,91478,118692,56491,49820,166141.00,-1080341.00,9419608.00,15483260.00,222881.9667,70783,304161.8571,82039.1429,10437641.00,11684123.00,763514,1278230,82572.6667,357144.3333
2025-05-27,278951,88962,144458,111348,32580,49471,2338756.00,-2642663.00,9136179.00,22711379.00,225790.6667,70248.9,280578.4286,77150.1429,11688367.00,16669786.00,724669,1218089,98177,399953.3333
2025-05-23,453223,92044,219333,196793,37705,43774,-468274.00,-3112906.00,12684390.00,19192961.00,214307.9667,69757.3,232360,69092.2857,12749596.00,15394228.00,761542,1359238,78351.3333,291043.6667
2025-05-22,339259,66712,147313,162161,30104,30097,1503182.00,-724794.00,8783103.00,24257729.00,209710.9,70795.5,208627.5714,67621.7143,13927985.00,16155961.00,739616,1291498,72618,228182
2025-05-21,407378,135775,190488,173996,57021,61609,2563947.00,1304981.00,12155496.00,41466400.00,200045.9,69636.5667,182062.2857,59432.2857,22230492.00,23489458.00,712984,1220107,63593.6667,216774
2025-05-20,126494,32567,58033,58003,16503,13596,210491.00,128532.00,3076548.00,11665349.00,200521.8333,71193.0333,249003.5714,84578.1429,6637436.00,6719395.00,700592,1183043,70984.3333,212565
2025-05-19,150674,49512,72799,65450,18099,26676,1747816.00,697395.00,4965337.00,12732765.00,206115.5667,73200.3333,261308.5714,87473.2857,7284201.00,8334622.00,677906,1123625,66360,200905
2025-05-16,373154,108702,177698,148473,59138,41815,270753.00,896413.00,5825020.00,20552840.00,197277.9667,71449.5333,219375,76124.4286,11382474.00,10756814.00,749608,1267878,48932,134231
2025-05-15,113867,54739,49014,54480,19252,29861,489127.00,-111075.00,4227739.00,7380339.00,197947.8667,71328.3,225078.2857,74451.5714,4765973.00,5366175.00,734500,1264528,56835.3333,170082.3333
2025-05-14,115694,35639,47977,55026,15516,17069,-306947.00,-160852.00,3076861.00,10786265.00,199644.0333,72370.9667,234296.8571,78926.2857,5931853.00,5785758.00,724533,1242036,114485,329878.6667
2025-05-13,173132,56418,82762,68369,23648,26552,1431957.00,535711.00,5754085.00,16014475.00,198281.8,72451.4333,260825.8571,87998.5714,8742291.00,9638537.00,709278,1204585,118938.3333,351104.3333
2025-05-12,221421,78449,102641,96022,33884,35970,-46061.00,-283280.00,7230414.00,25575322.00,199821.7667,72906.6,266535.2857,85384.1429,14511651.00,14748870.00,692524,1158396,102542,303837
2025-05-09,595083,208588,313831,232120,91158,99564,10750927.00,-243219.00,11290147.00,49502425.00,182928.0667,68340.7,197754.5714,62672.2857,21772476.00,33309865.00,719967,1243200,47355.6667,156739.3333
2025-05-08,236809,69778,120280,83702,28611,32323,2436400.00,-210870.00,4952202.00,17563691.00,178135.9667,67791.1333,180736.2857,58422.7143,7721907.00,10369177.00,696896,1198760,46417,137877.6667
2025-05-07,79619,29260,34652,37856,14618,10753,273708.00,509682.00,2419658.00,6007788.00,178483.6,69601.6333,182746.1429,60605,3892009.00,3656035.00,688636,1189773,76638.3333,230949.6667
2025-05-06,153790,43029,80472,67607,25271,13838,1013516.00,372056.00,3721340.00,6373691.00,186474.7,71744.8,208077.4286,64938.8571,4298955.00,4940415.00,667492,1177792,82344.6667,266815.3333
2025-05-05,180224,66962,76761,86905,31643,23646,851465.00,200714.00,6438650.00,14031609.00,188925.3667,71399.6667,196551.1429,62066.2857,8125670.00,8776421.00,638707,1135021,76559,244613.3333
2025-05-02,358835,119924,201385,135998,50840,59620,91286.00,738724.00,6508342.00,23428792.00,180824.5667,70075.3,169197.5714,55804,14074607.00,13427169.00,677806,1215875,49928,164228.6667
2025-05-01,261387,60148,109070,136689,23808,29633,-1870731.00,-288868.00,4925115.00,25083259.00,176614.6333,70526.4,181716,61018,17862678.00,10406720.00,665069,1171520,44724,108329
2025-04-30,113618,49605,47696,55939,20045,19404,138955.00,214086.00,4136958.00,7662269.00,176414.2333,70414.0667,186945.5714,61301.2857,5267292.00,5192161.00,652751,1150727,52644.3333,180826
2025-04-29,117681,40031,64473,42340,18399,17917,6349228.00,-620613.00,3868452.00,14057716.00,178871.6,70730.9333,206439.4286,61975,4740926.00,11710767.00,645780,1112504,54918.6667,174779
2025-04-28,93688,44536,36038,46140,21131,18903,-1018375.00,444664.00,3249050.00,7725902.00,186602.1667,72931.1,208224.1429,66722.5714,5209865.00,3746826.00,630898,1085774,65436,199336.3333
2025-04-25,331109,73366,137868,170945,43071,25658,-1802401.00,798692.00,4697194.00,16661659.00,180487.4333,73111.1,176103,63005,11045835.00,8444742.00,668852,1157433,73196,205305.3333
2025-04-24,99540,46854,46675,42350,18010,20322,-99720.00,316569.00,3141144.00,7644756.00,181150.3,72905.4333,187404.1429,67412.8571,4708335.00,4292046.00,658214,1138201,74774,222200.3333
2025-04-23,167360,76088,72854,78089,36951,32193,-1417251.00,836973.00,4246835.00,15760012.00,180116.2667,72569.4,215811.5714,66963,9865073.00,7610849.00,647377,1105668,64327,251126.3333
2025-04-22,349016,96646,178063,99659,44281,44612,6355591.00,620987.00,6540895.00,25623337.00,174480.8333,72320.6333,181486.7143,64198.7143,11118923.00,16853527.00,621031,1068763,58034.6667,170181.3333
2025-04-21,150225,51588,69475,69550,21660,23616,-616544.00,-586245.00,5044398.00,8235964.00,181042.5333,75467.1667,188789.8571,70808.7143,6030179.00,5999880.00,614170,1019405,56619.6667,155526.6667
2025-04-17,254138,44747,162110,80617,23776,16579,503266.00,919628.00,3261161.00,7789292.00,179297.8,76440.8333,169259.8571,78845.8571,5141308.00,4724946.00,678883,1151349,67607,130363.3333
2025-04-16,106181,77769,55482,44206,45608,25889,509281.00,1994407.00,5953973.00,5293345.00,180784.4333,75883.7667,174201.4286,79059,5565917.00,4080791.00,663486,1137168,65997,217040.3333
2025-04-15,106261,47343,45868,51474,21896,19779,-668843.00,853587.00,3687598.00,5506925.00,182198.1333,76287.9333,204519.2857,87971.5714,4849044.00,3326614.00,650767,1119772,75981.3333,217867.3333
2025-04-14,178648,77709,78718,80403,42585,26964,79163.00,2033217.00,5462199.00,10711335.00,184862.8333,76672.4333,194430.4286,84895.7143,8018122.00,6064068.00,624572,1084580,82697.6667,225433.6667
2025-04-11,366212,72939,135512,210961,33793,32476,800394.00,632709.00,5137061.00,16452268.00,183736.3,78153.3,161252.1429,81776.1429,9695970.00,9863655.00,666060,1133872,92053.6667,142505.6667
2025-04-10,108742,77296,50810,48806,41349,30963,226986.00,1187752.00,5833772.00,6804778.00,191787.0667,80074.8667,169514.5714,80293.7143,6160261.00,5199495.00,674334,1116665,92708.6667,153182.3333
2025-04-09,201347,97858,115726,69003,48097,43309,2957709.00,-625496.00,10589327.00,14359667.00,191039.2333,79019.2667,159645.7143,74718.5714,9626031.00,13209236.00,658369,1074495,96666.3333,192228.6667
2025-04-08,117428,101007,50012,57991,46935,44897,178292.00,-1984201.00,11615076.00,8438527.00,194902.866666666667,78920.700000000000,181101.714285714286,73446.714285714286,8110193.00,10272686.00,642340,1055737,81723.333333333333,189094.666666666667
2025-04-07,140772,79261,66432,59591,38949,35025,453742.00,239720.00,10967072.00,7491287.00,195529.566666666667,79128.266666666667,173601.714285714286,72353.857142857143,8372532.00,8586554.00,626647,1024311,72337.000000000000,186825.333333333333
2025-04-04,318486,109731,192813,107418,48653,47220,-572983.00,-664006.00,12837876.00,13157425.00,195130.233333333333,79766.566666666667,141396.000000000000,64291.000000000000,11160160.00,11251183.00,659366,1094013,58066.333333333333,136189.666666666667
2025-04-03,108026,56178,44720,54036,24243,24771,-509713.00,210785.00,5759150.00,6638210.00,196391.666666666667,79418.933333333333,138827.714285714286,68204.857142857143,5604761.00,4884263.00,650948,1079515,58951.000000000000,144269.333333333333
2025-04-02,133964,51102,63647,57574,25837,21524,-248323.00,315033.00,3985797.00,9885867.00,196054.000000000000,78951.333333333333,175907.571428571429,76236.571428571429,6516538.00,5953182.00,636639,1056183,72618.333333333333,188821.333333333333
2025-04-01,166579,66919,89310,58320,17025,39127,1210965.00,-2407430.00,9355302.00,9449438.00,195395.433333333333,78941.200000000000,188359.714285714286,74763.571428571429,6245367.00,9863762.00,620075,1009407,74182.333333333333,162719.000000000000
2025-03-31,132265,58832,57048,65085,25144,28048,770663.00,-22284.00,6810738.00,9027603.00,198267.066666666667,79773.566666666667,186009.142857142857,77815.142857142857,6577448.00,7370395.00,600690,960569,72335.333333333333,149646.000000000000
2025-03-28,267620,92104,165474,90660,51341,31977,308456.00,787806.00,7542155.00,9337370.00,198009.033333333333,78498.700000000000,167076.142857142857,75183.285714285714,7811898.00,7332548.00,641516,1069228,69492.333333333333,90455.333333333333
2025-03-27,88272,71611,40091,40577,28461,39897,-296896.00,4433.00,4816966.00,5191409.00,200058.766666666667,77784.300000000000,169838.142857142857,71558.142857142857,4615097.00,4313768.00,624427,1059160,81396.666666666667,192205.666666666667
2025-03-26,93046,53291,48498,38331,27027,20972,700632.00,384459.00,3865832.00,6439931.00,201810.133333333333,77798.700000000000,183889.000000000000,71021.857142857143,4545259.00,4861432.00,621077,1038843,82502.333333333333,245771.666666666667
2025-03-25,90048,83575,39908,39786,37520,34196,-367003.00,1663450.00,8266382.00,7084281.00,202360.400000000000,76446.866666666667,217540.000000000000,74874.142857142857,6976885.00,4946432.00,619942,1020601,81375.000000000000,254359.333333333333
2025-03-24,393523,107324,207026,132921,58587,38474,3205722.00,-415671.00,8867383.00,26500061.00,196900.033333333333,75509.300000000000,182417.714285714286,70794.428571428571,12191414.00,18126327.00,571452,947616,70160.666666666667,168214.666666666667
2025-03-21,253744,56608,153282,91077,25468,22881,1213164.00,363729.00,5677345.00,8653534.00,193401.866666666667,75172.733333333333,163229.428571428571,68519.571428571429,5785488.00,6634923.00,685481,1305168,66703.000000000000,119502.000000000000
2025-03-20,115811,80193,57246,50753,36940,39300,268885.00,4017649.00,28077310.00,6687918.00,196656.666666666667,73533.300000000000,166162.000000000000,66493.000000000000,20163747.00,13528663.00,681416,1286867,56484.333333333333,144699.000000000000
2025-03-19,135089,73681,66345,57870,28044,29181,577041.00,672735.00,7548755.00,10464502.00,199193.166666666667,72664.666666666667,172571.142857142857,68707.571428571429,7795927.00,7700233.00,656231,1250861,68771.000000000000,208204.333333333333
2025-03-18,107606,46235,39969,55893,23661,17326,-1964506.00,2720649.00,9976997.00,9299198.00,202078.066666666667,73507.233333333333,206781.142857142857,82957.428571428571,11040414.00,6355259.00,646432,1221957,79614.666666666667,221558.000000000000
2025-03-17,191402,49537,90227,63595,16327,26147,-1224902.00,-3602877.00,11484603.00,17460221.00,204247.433333333333,74525.033333333333,208266.000000000000,86446.000000000000,8199780.00,12925755.00,633252,1155021,76663.666666666667,197566.000000000000
2025-03-14,325605,110541,193158,114639,47576,51006,-947952.00,-1008271.00,12656082.00,13673017.00,199355.866666666667,73159.366666666667,183291.000000000000,79376.857142857143,9316015.00,9376334.00,670037,1246677,61819.000000000000,134477.333333333333
2025-03-13,147667,78766,60897,77293,33353,24043,-421434.00,236748.00,22453263.00,8418101.00,198551.566666666667,71651.633333333333,183434.571428571429,76620.000000000000,7154094.00,6495912.00,663498,1211245,65291.333333333333,145239.333333333333
2025-03-12,119426,40684,46835,62532,15843,20478,-553435.00,-1176950.00,5141021.00,6480935.00,199927.166666666667,71394.000000000000,203315.000000000000,83557.142857142857,4867462.00,5490977.00,654447,1175263,100391.333333333333,221122.666666666667
2025-03-11,136339,66007,57768,58485,27810,26884,-432007.00,-2341697.00,12249179.00,10027654.00,202871.166666666667,72291.066666666667,231326.000000000000,90894.000000000000,8432382.00,10342072.00,646831,1144846,103041.333333333333,242941.666666666667
2025-03-10,179953,89183,61143,99123,44770,30689,-1468931.00,-239075.00,12508694.00,15986570.00,208646.566666666667,74067.000000000000,255656.285714285714,97431.142857142857,13089898.00,11860042.00,626203,1105130,93666.000000000000,233217.333333333333
2025-03-07,347076,145984,161734,157066,67223,68329,-215067.00,511827.00,8876488.00,23913104.00,207879.366666666667,71684.933333333333,231632.857142857143,86032.000000000000,14891049.00,14164155.00,678710,1206103,64827.333333333333,167082.666666666667
2025-03-06,201796,73957,83366,103047,31246,36885,-1839382.00,96229.00,5290879.00,15416303.00,207460.900000000000,70579.566666666667,236138.714285714286,89473.857142857143,10461269.00,8525658.00,657029,1168323,69923.000000000000,186013.666666666667
2025-03-05,150780,61057,69183,66417,29182,23330,302308.00,171143.00,5364417.00,14732908.00,212987.966666666667,71899.100000000000,237394.857142857143,92964.000000000000,8698122.00,8829287.00,637716,1143444,88692.333333333333,246559.000000000000
2025-03-04,148672,59468,69455,63051,25989,25900,1388509.00,-725582.00,8086123.00,14485727.00,227884.900000000000,75905.633333333333,259942.571428571429,102880.000000000000,8941690.00,11055781.00,632321,1124641,113850.666666666667,313756.666666666667
2025-03-03,258589,89244,115005,120704,40165,37941,1424703.00,-613315.00,9879889.00,23913658.00,223988.900000000000,80558.933333333333,243839.714285714286,96666.428571428571,14133277.00,16171295.00,614539,1063664,106166.000000000000,287197.666666666667
2025-02-28,332416,117365,144409,145458,52349,52127,2321575.00,-1039094.00,9145581.00,18548587.00,218620.366666666667,78546.833333333333,214042.285714285714,85196.285714285714,10671671.00,14032340.00,658230,1189187,99727.666666666667,254171.333333333333
2025-02-27,350265,134943,159650,153531,59842,63979,2348166.00,-109833.00,10879845.00,24042373.00,211912.066666666667,75516.633333333333,184979.000000000000,75435.142857142857,14736975.00,17194974.00,629959,1159082,83242.666666666667,190607.333333333333
2025-02-26,178912,66190,75759,92058,32590,25755,425068.00,-597888.00,9946323.00,10202548.00,211769.533333333333,75277.800000000000,190622.142857142857,77951.285714285714,8180475.00,9203431.00,604398,1118042,104139.333333333333,233138.666666666667
2025-02-25,233337,98050,98942,110963,41328,37414,154157.00,-1313192.00,16344969.00,16747986.00,209057.300000000000,74617.933333333333,194413.857142857143,71638.142857142857,13798800.00,15266149.00,580576,1045061,86705.666666666667,203982.666666666667
2025-02-24,159573,85488,76891,69578,32611,32156,1237410.00,-1397653.00,17756172.00,14475541.00,208939.533333333333,74738.733333333333,193012.571428571429,66594.000000000000,10953635.00,13588698.00,559709,1003078,70567.666666666667,192069.666666666667
2025-02-21,306506,128880,164321,123862,78596,38860,-335399.00,3273733.00,15210947.00,18471207.00,204025.300000000000,73387.300000000000,170024.142857142857,55857.285714285714,16951043.00,13341911.00,605643,1149003,49812.666666666667,138841.666666666667
2025-02-20,145869,45749,69098,65263,18287,18473,-111802.00,906073.00,10384191.00,9568819.00,206835.633333333333,74292.700000000000,164408.000000000000,55467.428571428571,8559915.00,7542040.00,597371,1109452,62497.333333333333,163023.333333333333
2025-02-19,123834,37074,46611,64705,14137,15865,-315136.00,-527859.00,7168687.00,9753572.00,213512.866666666667,77432.166666666667,179533.428571428571,61485.000000000000,6614231.00,6826954.00,584277,1081561,68092.000000000000,208371.666666666667
2025-02-18,146822,66615,56352,80909,33802,27467,-1210539.00,-242436.00,5743661.00,11176314.00,215102.900000000000,77272.833333333333,179815.857142857143,58613.000000000000,8042340.00,7074237.00,553863,1047305,62613.333333333333,209352.333333333333
2025-02-14,218414,83803,96495,103173,35071,42885,-602308.00,81934.00,6065599.00,14930293.00,213982.200000000000,76589.033333333333,179107.428571428571,51071.142857142857,9639165.00,8954923.00,576388,1163129,52586.666666666667,185076.666666666667
2025-02-13,259879,53858,108479,113668,22309,25000,-164351.00,-432203.00,6314262.00,13231978.00,214460.966666666667,77688.300000000000,172151.000000000000,50180.285714285714,8073327.00,8341179.00,566553,1100401,48974.000000000000,133969.000000000000
2025-02-12,149764,50179,74810,64395,22588,22383,1368978.00,431168.00,5488309.00,11427385.00,214342.600000000000,78537.433333333333,178492.285714285714,53227.857142857143,7154024.00,8091834.00,553251,1062942,58646.666666666667,160618.333333333333
2025-02-11,145587,53723,65722,69149,19038,28769,134985.00,-522163.00,4849815.00,11329848.00,213394.066666666667,78647.133333333333,194334.571428571429,56991.857142857143,6714217.00,7371365.00,528899,1029163,56242.666666666667,161689.000000000000
2025-02-10,106556,43020,42384,54441,17628,20486,-37117.00,-108128.00,5048231.00,7568465.00,214542.000000000000,79232.000000000000,204663.428571428571,60784.857142857143,5396740.00,5467751.00,514578,998125,52239.333333333333,197322.000000000000
2025-02-07,229712,79197,114413,99579,40338,31511,670193.00,776712.00,6939197.00,13361261.00,212113.833333333333,79113.633333333333,189495.714285714286,54261.571428571429,9105952.00,8999433.00,554348,1125784,41714.333333333333,191146.000000000000
2025-02-06,148799,46511,61230,77953,24272,16239,-1014060.00,387738.00,6002763.00,12072845.00,216610.400000000000,81165.433333333333,191195.000000000000,52325.000000000000,8295859.00,6894061.00,546286,1096919,50048.000000000000,206264.000000000000
2025-02-05,213455,31010,72535,127909,15184,10845,-2561840.00,533191.00,3683841.00,13743485.00,219968.266666666667,84223.466666666667,192795.571428571429,61169.142857142857,9197087.00,6102056.00,534860,1027573,66401.666666666667,220606.666666666667
2025-02-04,211184,47622,71564,103105,22252,18752,-2210285.00,-260629.00,5773180.00,18763811.00,221768.833333333333,85618.233333333333,213085.714285714286,74717.571428571429,13294573.00,7914947.00,518385,981247,73718.000000000000,209831.333333333333
2025-02-03,194153,71512,83152,93138,26511,37014,-1709009.00,-1134377.00,8128005.00,19039323.00,222801.400000000000,85671.500000000000,231643.857142857143,75147.571428571429,12251725.00,11677093.00,500974,926572,61058.666666666667,186293.000000000000
2025-01-31,256483,80071,126134,113645,41223,29454,-228616.00,1636895.00,6953398.00,16628984.00,225082.566666666667,86777.133333333333,222038.000000000000,69536.857142857143,11592885.00,9727374.00,551638,1086812,45353.333333333333,154363.333333333333
2025-01-30,178858,69571,87758,76300,26848,34204,2450696.00,-633293.00,4495366.00,17746954.00,227744.433333333333,87890.866666666667,241714.285714285714,73975.714285714286,8475196.00,11559185.00,541851,1066208,53136.000000000000,169630.333333333333
2025-01-29,123538,33534,62937,49979,17041,12133,124144.00,346895.00,4000064.00,10078368.00,231875.333333333333,89298.300000000000,309148.857142857143,94851.428571428571,6391051.00,6168300.00,533995,1039238,89445.000000000000,246189.333333333333
2025-01-28,160694,32955,57816,80103,17544,12068,-1662093.00,1061142.00,4069516.00,10660283.00,234563.933333333333,90598.833333333333,306436.714285714286,122835.428571428571,7806211.00,5082976.00,520880,993606,103300.666666666667,300644.666666666667
2025-01-27,224659,92919,91106,115208,38513,45031,-2318815.00,-696863.00,11203390.00,25304222.00,234108.300000000000,90673.733333333333,298822.571428571429,117704.428571428571,16951222.00,15329270.00,487598,935991,85926.333333333333,288839.000000000000
2025-01-24,353215,142461,160459,151390,74015,56951,2370999.00,460642.00,6836407.00,31833020.00,231468.833333333333,89079.466666666667,269651.285714285714,103643.857142857143,16194858.00,18105215.00,533800,1090976,71987.000000000000,276631.333333333333
2025-01-23,324060,74522,156853,137612,28001,37840,2186464.00,-1176368.00,7381714.00,31456258.00,232513.800000000000,93050.300000000000,248305.000000000000,101430.000000000000,15475485.00,18838317.00,519848,1043643,107034.333333333333,367138.000000000000
2025-01-22,189242,40796,81569,89182,17300,18551,-986840.00,-229828.00,4949895.00,21221348.00,239002.233333333333,95514.000000000000,242980.428571428571,106781.142857142857,11672822.00,10915810.00,511885,1010190,169716.666666666667,351293.666666666667
2025-01-21,316592,100643,157975,115825,49807,34510,4456157.00,-270484.00,9364990.00,42455932.00,237771.766666666667,95131.066666666667,220044.428571428571,105133.857142857143,18037106.00,24305747.00,463085,896910,155169.666666666667,302883.000000000000
2025-01-17,595580,179664,306099,221103,73348,84936,10364595.00,-1443065.00,13665745.00,65294326.00,224036.366666666667,91446.866666666667,157687.142857142857,92087.142857142857,28686598.00,40494258.00,678818,1279854,109960.666666666667,154028.333333333333
2025-01-16,141709,228843,63839,63803,55139,94645,699223.00,-5596509.00,142596276.00,12598994.00,233504.966666666667,90031.633333333333,170325.714285714286,69811.142857142857,41340257.00,62744299.00,665495,1260252,53354.666666666667,165004.000000000000
2025-01-15,171360,57002,87074,67531,23552,25868,-89627.00,-1744389.00,7403556.00,18877734.00,242183.400000000000,96691.100000000000,192153.000000000000,80419.142857142857,10654211.00,12308973.00,657231,1228876,60438.666666666667,158540.666666666667
2025-01-14,149016,44037,63803,69159,14806,18771,-389012.00,-2756334.00,8065264.00,17347365.00,246945.166666666667,99693.633333333333,198654.000000000000,82961.714285714286,8734038.00,11101360.00,649430,1183263,75463.666666666667,160882.000000000000
2025-01-13,174636,59025,70281,89068,20719,27446,-2753228.00,-845828.00,9075165.00,20467105.00,252354.466666666667,103374.566666666667,200105.000000000000,83570.857142857143,14007747.00,12100347.00,634401,1136584,85234.333333333333,155696.333333333333
2025-01-10,151970,78254,61367,78367,30962,38661,-246019.00,-1574727.00,7953933.00,12026547.00,262086.400000000000,106326.300000000000,217572.428571428571,84796.857142857143,8019620.00,9348328.00,675420,1217943,83453.333333333333,181766.000000000000
2025-01-08,156040,89112,65765,78306,46805,30822,-346373.00,-376953.00,8807650.00,14735769.00,273266.800000000000,110193.933333333333,216168.571428571429,82874.142857142857,10279473.00,10310053.00,656112,1192219,97502.000000000000,237803.000000000000
2025-01-07,159079,88337,60786,79471,31704,31746,-3915493.00,-1317597.00,21326738.00,20753209.00,287929.833333333333,114627.933333333333,210176.000000000000,78399.428571428571,14095801.00,12511405.00,639484,1178655,88668.000000000000,249617.666666666667
2025-01-06,230179,72911,101582,97260,27579,37006,1010897.00,148924.00,6962676.00,35558507.00,298911.800000000000,117848.433333333333,197435.285714285714,76635.857142857143,17806724.00,18668697.00,612662,1124640,85460.666666666667,234489.000000000000
2025-01-03,324151,131258,163266,125285,58890,60064,3552293.00,-263240.00,9389858.00,31248630.00,298316.300000000000,117036.700000000000,173537.571428571429,68691.285714285714,15791828.00,19607361.00,641514,1193281,70653.333333333333,217852.666666666667
2025-01-02,194523,61835,97144,78797,28728,26869,-132286.00,-1277957.00,12178760.00,18329807.00,305626.633333333333,119865.200000000000,186276.571428571429,75295.571428571429,13421221.00,14011062.00,641724,1159088,75259.333333333333,201749.333333333333
2024-12-31,184793,63289,78726,81555,23692,20476,363788.00,170400.00,14832961.00,21480681.00,307458.000000000000,120652.033333333333,204762.000000000000,83790.142857142857,14135110.00,14328498.00,624874,1121345,73167.666666666667,179195.333333333333
2024-12-30,274242,86836,118654,127729,32269,29090,2016930.00,573262.00,30218138.00,26904407.00,306994.500000000000,120771.466666666667,203470.428571428571,84165.714285714286,22954544.00,24542287.00,594155,1048938,64411.000000000000,134779.333333333333
2024-12-27,146213,75653,59579,72307,31579,31581,-560386.00,-1000699.00,11758178.00,15318657.00,320004.066666666667,124636.800000000000,214744.285714285714,83802.428571428571,11241597.00,11681910.00,641043,1161817,64408.666666666667,138330.666666666667
2024-12-26,117131,57014,43050,63382,23260,28519,-343230.00,1735209.00,7523283.00,11418581.00,330425.366666666667,127133.200000000000,244428.142857142857,91834.714285714286,9352778.00,7274339.00,631109,1141570,81425.666666666667,193852.333333333333
2024-12-24,140994,60566,76067,51031,25020,29300,7312949.00,-1402137.00,6612132.00,27286516.00,350123.533333333333,131126.133333333333,261245.285714285714,97894.285714285714,8387231.00,21957577.00,613960,1124946,102154.000000000000,251584.666666666667
2024-12-23,156867,75646,63758,79250,36260,29518,-928667.00,365217.00,10940382.00,16110548.00,353849.466666666667,131672.966666666667,274187.857142857143,97910.142857142857,12421674.00,11127790.00,584927,1087104,106760.333333333333,287696.000000000000
2024-12-20,283696,108065,133359,124701,43968,50905,203780.00,122011.00,12902427.00,30977047.00,350651.600000000000,129909.200000000000,268138.714285714286,92753.857142857143,18931206.00,19012975.00,725729,1353993,95108.666666666667,268174.000000000000
2024-12-19,314191,122751,145649,140681,44733,60546,-1421026.00,-2799200.00,19245509.00,34284087.00,353023.566666666667,128658.566666666667,253395.714285714286,88813.142857142857,22615596.00,23993770.00,717089,1331105,91938.333333333333,271749.666666666667
2024-12-18,265201,89465,104436,135380,42796,37407,-3323853.00,705671.00,12644146.00,34914901.00,348090.933333333333,126704.000000000000,254657.142857142857,89551.428571428571,23199674.00,19170150.00,692551,1313492,96444.333333333333,269587.333333333333
2024-12-17,225130,73110,89124,102324,28218,31356,-67317.00,-1566570.00,12515386.00,51468460.00,345706.666666666667,126249.700000000000,273268.428571428571,106771.000000000000,23167159.00,24666412.00,677635,1290249,97326.666666666667,277032.333333333333
2024-12-16,324918,113240,152264,139979,42758,59673,1607965.00,-4814728.00,16043127.00,69276166.00,341673.300000000000,124535.333333333333,281693.714285714286,106980.571428571429,35287947.00,41286640.00,656119,1232271,83570.333333333333,249177.000000000000
2024-12-13,258714,102983,114287,124469,34805,53210,-979002.00,-1635152.00,12275126.00,30096083.00,343412.500000000000,123576.366666666667,284688.571428571429,105005.142857142857,18327582.00,18983732.00,731058,1362376,80964.666666666667,233269.000000000000
2024-12-12,247465,75757,106613,112921,33584,26729,944812.00,593913.00,10128069.00,31431044.00,340285.566666666667,122714.166666666667,275553.285714285714,104059.571428571429,15966986.00,16317885.00,711700,1329334,87256.666666666667,242124.333333333333
2024-12-11,241352,71971,111853,104251,27244,34406,2057638.00,-1593544.00,10279372.00,36381337.00,342270.000000000000,122779.433333333333,301898.285714285714,120404.571428571429,18454761.00,22105943.00,699436,1282287,127815.333333333333,280143.333333333333
2024-12-10,210990,95166,84829,99041,41695,41768,-1151795.00,125843.00,14234552.00,34016625.00,345585.966666666667,122176.700000000000,333430.142857142857,143493.142857142857,21284875.00,20007237.00,677440,1249147,134329.000000000000,337778.333333333333
2024-12-09,274031,94633,107349,138660,45880,38241,-1952870.00,1215682.00,11431519.00,62733657.00,346006.900000000000,121922.400000000000,335978.428571428571,149133.142857142857,35149045.00,31980493.00,639779,1198656,132503.000000000000,339660.666666666667
2024-12-06,355409,193647,168903,153380,83315,93068,3504266.00,-309804.00,13985659.00,59551296.00,341353.966666666667,117680.133333333333,333336.428571428571,145676.857142857143,30754074.00,34568144.00,716213,1320689,91000.000000000000,282363.666666666667
2024-12-05,383895,114707,165246,178762,49875,50272,-922370,-793890,14392263,74233989,336128.800000000000,116547.000000000000,341912.571428571429,153119.571428571429,38836359,38707879,693571,1298787,114893.000000000000,296321.000000000000
2024-12-04,279678,89155,140743,104959,35225,34915,3689192,-618909,14776742,51788080,331133.900000000000,115097.466666666667,372166.000000000000,169689.000000000000,24000391,28308492,662384,1263354,170770.000000000000,346999.333333333333
2024-12-03,183518,69138,84949,74519,32092,28384,2349930,852304,9618816,44693639,331125.400000000000,114936.633333333333,431516.285714285714,191434.571428571429,23421425,24919051,643627,1228115,192428.333333333333,383116.333333333333
2024-12-02,425767,186386,168349,197727,87898,69116,-6285265,5123544,30722903,116454518,330923.466666666667,112988.366666666667,450640.714285714286,189026.000000000000,66739802,55330993,559360,1103551,186784.000000000000,353499.000000000000
2024-11-29,431713,256786,200518,182489,119503,107619,2453934,-254974,22500650,131194751,325417.333333333333,106705.100000000000,432722.571428571429,167614.571428571429,66751652,69460560,633765,1238780,156790.666666666667,357570.666666666667
2024-11-27,291869,134113,137638,123657,58633,62485,660363,-301654,15073132,77611175,326059.400000000000,104151.433333333333,450146.000000000000,169411.285714285714,40824452,41786469,614133,1209033,180466.666666666667,424098.333333333333
2024-11-26,336915,169453,140809,144226,77094,64430,-888477,780566,19151822,102800944,322206.066666666667,100074.066666666667,436263.000000000000,157617.142857142857,49857620,48188577,575887,1181743,197768.000000000000,511450.000000000000
2024-11-25,443928,166806,183358,205595,77827,73664,-3319854,-870975,20838207,159833528,318809.533333333333,96612.233333333333,410035.714285714286,146704.714285714286,79157195,76708316,524988,1130121,198674.666666666667,550020.000000000000
2024-11-22,491452,205141,224955,196064,84172,94569,4010858,-1065313,20230686,111770175,310322.033333333333,92731.333333333333,416471.142857142857,144772.142857142857,49329151,54405322,588833,1272867,165929.666666666667,488298.000000000000
2024-11-21,598970,221357,272818,261183,106225,95993,11944820,828445,23061464,174700737,294219.700000000000,86195.766666666667,392299.714285714286,131993.428571428571,82196751,93960166,558479,1259510,141040.666666666667,426585.666666666667
2024-11-20,559638,169526,280201,216494,74113,77711,15778230,-126515,19872939,127740715,279034.933333333333,81493.233333333333,416914.142857142857,133540.285714285714,56837580,72742325,530376,1230947,113496.666666666667,319951.000000000000
2024-11-19,306286,106906,142128,127836,51883,44110,1853886,-1162243,13596590,52416615,271209.066666666667,78840.766666666667,411536.857142857143,131418.142857142857,27497125,30513254,501146,1186347,108001.000000000000,304634.666666666667
2024-11-18,413833,146690,168760,195452,68849,61730,-4306283,1348191,21293834,65464782,262203.933333333333,75214.366666666667,379240.714285714286,118341.285714285714,41300989,35646515,450186,1064077,122975.333333333333,345523.666666666667
2024-11-15,239734,86894,118829,96832,39276,38278,1514105,230645,10176882,27528930,260310.400000000000,74274.433333333333,400043.000000000000,118103.857142857143,15891984,17175444,555028,1248830,137979.333333333333,408869.000000000000
2024-11-14,260337,90419,109255,130828,42973,38107,-2279840,310803,11454708,30142069,255809.333333333333,72715.766666666667,379598.000000000000,109590.857142857143,20091457,17500814,545948,1225083,167957.666666666667,566069.666666666667
2024-11-13,536500,191613,236700,249173,105652,64569,1472430,4431807,25476237,106761140,242114.400000000000,67275.233333333333,324898.285714285714,90714.857142857143,57010539,61251162,527228,1178861,134770.333333333333,476784.666666666667
2024-11-12,429770,131906,190993,190689,63534,51930,3086620,1799,16650313,105180716,233441.133333333333,64513.333333333333,292633.571428571429,80701.000000000000,50950703,54035524,494898,1116205,109185.666666666667,396114.666666666667
2024-11-11,731939,180354,341802,309850,70603,87314,3128003,1134845,25362506,202701772,213253.666666666667,60162.333333333333,232483.714285714286,65538.142857142857,100471530,100155328,439900,1041337,77478.333333333333,280585.000000000000
2024-11-08,268645,92051,123140,113455,36076,46409,2937139,-187141,8769295,29379769,212850.300000000000,59175.366666666667,216056.857142857143,59515.285714285714,14724127,17848407,482492,1131098,57070.666666666667,230110.666666666667
2024-11-07,187760,55152,91618,73750,21973,27824,2480137,-1378258,6169097,24303859,217318.966666666667,60661.233333333333,232217.571428571429,62197.714285714286,10926732,14785127,470342,1111236,58513.666666666667,218724.666666666667
2024-11-06,385350,85232,190925,155265,31207,44845,3472791,-1102609,7018360,46930189,207965.500000000000,59005.433333333333,221520.285714285714,61033.714285714286,21748482,26323882,465317,1070775,50706.000000000000,158247.000000000000
2024-11-05,117222,30828,61419,45376,13672,13675,2574656,-257404,3839400,10754061,207816.300000000000,58889.333333333333,245725.571428571429,69058.857142857143,5029147,7861207,456468,1054316,65168.000000000000,222803.000000000000
2024-11-04,153602,59481,68285,72655,27765,26486,-1382509,-1096429,9130676,13141601,206420.033333333333,57941.866666666667,254614.000000000000,70044.285714285714,10264716,9978636,444191,1024069,61971.333333333333,222821.333333333333
2024-11-01,203917,61809,93657,94197,24534,30407,-2063274,-1589994,6684894,15077094,204468.933333333333,57529.700000000000,257931.571428571429,72744.857142857143,9932062,9458782,482494,1140963,66011.333333333333,255144.000000000000
2024-10-31,310890,74214,133073,151597,31088,37078,-167120,-3387098,11002567,28545570,199766.433333333333,56347.900000000000,232066.000000000000,68667.000000000000,16379959,19599937,476819,1084280,66968.000000000000,255003.666666666667
2024-10-30,153657,49891,63840,74787,19425,23103,-896625,-376497,5495795,17961698,198613.733333333333,55857.666666666667,236295.428571428571,70727.285714285714,8660735,8140607,466514,1066527,79339.000000000000,299337.666666666667
2024-10-29,300885,73929,140249,133139,35100,31310,2243229,-278771,6380434,38319899,192300.766666666667,54396.000000000000,253270.285714285714,78442.857142857143,18363655,20885655,454634,1034809,76822.333333333333,270983.000000000000
2024-10-28,310469,77084,166142,113956,31485,35432,5313451,-587638,7296165,35862660,184440.833333333333,52811.133333333333,246993.142857142857,77186.285714285714,15937062,21838151,444239,959344,78032.000000000000,243206.666666666667
2024-10-25,286659,87004,121186,145719,38872,39175,-414032,-366272,7303384,22139779,181446.133333333333,52152.533333333333,250489.142857142857,72971.857142857143,13434913,13387153,473487,1050923,64253.666666666667,190930.666666666667
2024-10-24,215821,66379,108889,91520,26067,33962,1406117,-659195,4626532,20167190,177223.333333333333,51128.466666666667,251274.000000000000,70222.285714285714,10334832,12400144,463578,1018735,63565.000000000000,180078.000000000000
2024-10-23,227140,80713,82238,120618,37192,33712,-3152599,731901,8776034,23249496,173045.233333333333,50113.166666666667,267687.142857142857,67684.857142857143,14726759,10842259,443796,978928,79306.666666666667,244267.666666666667
2024-10-22,129831,45669,62396,54017,20381,20258,284511,530056,4604755,16574843,173611.000000000000,50158.033333333333,282972.285714285714,73834.142857142857,9587950,9342405,433946,961630,86846.333333333333,289833.666666666667
2024-10-21,183263,64313,82916,87067,28662,31535,-221377,-304039,5551137,19676445,171925.800000000000,49637.466666666667,273349.000000000000,68259.428571428571,11407638,11490300,417063,916405,84576.333333333333,332456.333333333333
2024-10-18,419709,127938,203383,181754,51880,65772,1403328,-2110630,9216141,43261574,162653.266666666667,47396.166666666667,228261.285714285714,54046.857142857143,21846517,25360475,467351,1037618,57641.000000000000,266325.000000000000
2024-10-17,266529,68288,116514,129013,26563,35789,-305778,-743105,5314136,27897188,159291.233333333333,46716.366666666667,200401.428571428571,48196.000000000000,14600575,15037902,458177,1022597,55862.000000000000,291492.666666666667
2024-10-16,311131,57503,166317,118973,25945,27648,3629682,-794611,5448500,37199057,152056.200000000000,45859.966666666667,176479.714285714286,45395.285714285714,16905101,21329394,443015,982594,66265.666666666667,266724.666666666667
2024-10-15,221315,47132,96597,99422,18882,22119,1242576,-775265,6296981,24758865,149060.666666666667,45928.233333333333,170995.857142857143,47047.285714285714,11676153,13693994,428750,952592,58985.000000000000,231586.333333333333
2024-10-14,342032,62951,160327,139621,28201,28916,3592535,553277,7512265,40065671,142680.633333333333,45678.300000000000,140034.857142857143,44291.285714285714,19548099,22587357,410329,887788,47484.666666666667,152274.000000000000
2024-10-11,236827,88714,104809,117850,19963,30144,-3546940,-1402415,7928049,21895934,140238.800000000000,44580.166666666667,124152.714285714286,35674.571428571429,15130762,9956737,437566,943541,27024.000000000000,97168.333333333333
2024-10-10,115900,25290,43746,65509,9915,12340,50385,-276810,2753911,6316275,139141.066666666667,44941.166666666667,131820.142857142857,39068.714285714286,3856331,4183526,434709,932283,31226.666666666667,106428.000000000000
2024-10-09,104095,28450,45556,53070,11561,13777,-262925,-287672,2773493,6728677,140731.300000000000,45633.633333333333,134994.428571428571,42122.142857142857,4379870,4404617,425109,909924,41308.666666666667,132705.666666666667
2024-10-08,71510,27332,33872,31385,14326,10107,401039,333117,2454090,6139681,142473.533333333333,46568.233333333333,161427.857142857143,47137.857142857143,3725355,3793277,415285,892218,46751.000000000000,150637.333333333333
2024-10-07,143679,37898,62595,68435,17957,16278,339702,300445,3980711,10221654,149454.500000000000,48605.066666666667,186876.571428571429,55970.714285714286,6357416,6396673,398198,846467,43584.000000000000,144628.333333333333
2024-10-04,182928,58696,95348,73665,25186,29260,891997,-567148,3732396,10901449,147814.600000000000,47956.200000000000,175707.714285714286,52665.285714285714,5895323,7354468,429417,935651,40368.333333333333,140176.333333333333
2024-10-03,125305,43659,48171,51386,12685,14073,354093,-365694,5014471,8843624,150918.233333333333,48708.533333333333,173913.571428571429,50334.714285714286,3175780,3895567,414044,896533,42423.333333333333,140513.000000000000
2024-10-02,125652,28397,63627,50919,11079,13759,1044827,-559037,3358989,8608491,151340.100000000000,48825.200000000000,171922.428571428571,50714.714285714286,4528518,6132382,408661,863487,53771.666666666667,184143.666666666667
2024-10-01,169572,49049,71389,83945,21379,22353,-657744,-110634,5102934,12650322,149798.333333333333,48227.433333333333,168467.000000000000,50771.142857142857,8232595,7685485,396985,828205,70664.666666666667,234893.000000000000
2024-09-30,126315,49824,46574,68218,21373,22953,-878382,-481674,5399584,10356909,151521.900000000000,48579.633333333333,174681.285714285714,49190.571428571429,7239607,6842899,376628,785356,65909.333333333333,227703.333333333333
2024-09-27,256544,62442,109800,127144,25583,31223,-859660,-697618,4492227,19751092,148469.566666666667,48481.566666666667,155043.000000000000,45296.571428571429,10843110,10681068,396195,855458,54210.333333333333,179770.666666666667
