date,call_volume,put_volume,call_volume_ask_side,call_volume_bid_side,put_volume_ask_side,put_volume_bid_side,net_call_premium,net_put_premium,call_premium,put_premium,avg_30_day_call_volume,avg_30_day_put_volume,avg_7_day_call_volume,avg_7_day_put_volume,bearish_premium,bullish_premium,put_open_interest,call_open_interest,avg_3_day_put_volume,avg_3_day_call_volume
2026-09-25,7260,5092,3169,3214,2270,2431,579017.0000,-1640584.0000,26075916.0000,21525070.0000,4969.3667,3374.6333,7798.5714,2992.4286,20086000.0000,22305601.0000,28394,43405,2247.3333,6436.3333
2026-09-24,12062,2903,4853,5727,1441,1177,-1700152.0000,1878399.0000,35733156.0000,21300611.0000,4725.9,3444.0667,7106.5714,2785.2857,27524814.0000,23946263.0000,28520,38654,2290,4047
2026-09-23,2735,1985,1011,1499,1036,729,957663.0000,3936972.0000,17253949.0000,12276071.0000,4791.4333,3523.6333,7468,2981.2857,15191637.0000,12212328.0000,28086,37865,3169.3333,8273.3333
2026-09-22,4512,1854,1922,1976,749,908,490433.0000,-439452.0000,22734777.0000,6003735.0000,4719.6667,3535.6333,7348.7143,3242.2857,12622061.0000,13551946.0000,27649,36669,3566.6667,9803.6667
2026-09-21,4894,3031,2335,2074,1363,1344,586065.0000,851945.0000,29288967.0000,14348297.0000,4705.8,3586.9667,7063.5714,3364.1429,20037442.0000,19771562.0000,26431,35310,3724.6667,10129
2026-09-18,15414,4623,7208,6316,2090,2175,2157277.0000,495592.0000,34250304.0000,18199496.0000,4389.3,3628.3333,5382.4286,2998.4286,22906705.0000,24568390.0000,31250,42687,2668,7397
2026-09-17,9103,3046,3824,4241,1307,1459,-1168938.0000,782665.0000,25802416.0000,15457098.0000,4242.3333,3688.7667,4590.7143,2868.7143,19858286.0000,17906683.0000,30798,40475,2771.6667,6117.6667
2026-09-16,5870,3505,2705,2600,1407,1522,310248.0000,-318039.0000,22209516.0000,12012603.0000,4094.9667,3648.9667,4277.7143,2821.4286,15121561.0000,15749848.0000,29688,38509,2830.3333,5386.6667
2026-09-15,7218,1453,2952,3135,706,593,27608.0000,420588.0000,38648914.0000,6940703.0000,3946.4333,3714.5667,3759,3010.4286,20307986.0000,19915006.0000,29424,36343,3640.6667,3946.6667
2026-09-14,5265,3357,2063,2571,1468,1620,-333539.0000,1843893.0000,39936774.0000,26740551.0000,3883.9333,3736.1333,3525.1429,3070,33018326.0000,26372894.0000,28021,34231,3209.3333,3407
2026-09-11,3677,3681,1793,1545,1767,1703,1157289.0000,754593.0000,18955206.0000,12201437.0000,3833.1333,3723.9333,3283.5714,2699.1429,14057491.0000,14460187.0000,29879,35803,2695,3368.3333
2026-09-10,2898,3884,1238,1387,1750,1682,956922.0000,871006.0000,15920058.0000,17490772.0000,3824.4667,3694.8333,3274.4286,2371.2857,15318862.0000,15404778.0000,29058,34943,2458.3333,3628.6667
2026-09-09,3646,2063,1581,1877,961,894,-1481306.0000,2510453.0000,22248582.0000,13124677.0000,3805.7333,3718.1,3121.4286,2584.2857,18475974.0000,14484215.0000,28632,33552,2696,3609
2026-09-08,3561,2138,1351,1631,1090,851,-4451676.0000,1455724.0000,25332151.0000,8926102.0000,3793.3333,3759,3087.5714,2580.7143,17619244.0000,11711844.0000,27771,32033,3241.3333,3631.3333
2026-09-04,3679,3174,1626,1827,1500,1510,-3672466.0000,-69587.0000,18547792.0000,6890971.0000,3832.4333,3812.9,2964,2319.7143,13620176.0000,10017297.0000,30132,34299,2545,3067
2026-09-03,3587,2776,1675,1623,1198,1264,952201.0000,-322163.0000,27401445.0000,10146534.0000,3800.9333,3814.0333,2902,2329.7143,16013945.0000,17288309.0000,29791,33672,2149.3333,2816
2026-09-02,3628,3774,1678,1669,1633,1749,-6335411.0000,911553.0000,107616744.0000,13413349.0000,3756.8,3760.5,3320.4286,2886.1429,61077984.0000,52367144.0000,29533,32581,2076,2465
2026-09-01,1986,1085,993,806,458,528,2265608.0000,-326723.0000,15848762.0000,5827849.0000,3736.1333,3778.8333,3999.5714,3706.2857,8784935.0000,11377266.0000,29342,32112,2418.6667,2911
2026-08-31,2834,1589,1081,1381,708,780,-4066605.0000,292603.0000,25315958.0000,9041726.0000,3708.5333,3786.4333,4227.1429,4162.7143,17899956.0000,13540748.0000,28750,30826,2338,2904.3333
2026-08-28,2575,3554,1161,1239,1902,1382,-286749.0000,369433.0000,12555651.0000,13089688.0000,3776.3,3797.0333,5021.2857,4632.1429,12439103.0000,11782921.0000,33164,34999,2102,3097
2026-08-27,3324,2113,1377,1743,805,1129,-1894669.0000,-605010.0000,32940350.0000,12196247.0000,3737.7667,3782,5234.5714,5028.8571,21723088.0000,20433429.0000,32626,34040,3954,4174.6667
2026-08-26,2814,1347,1218,1275,666,590,-757905.0000,582532.0000,21848657.0000,5251516.0000,3745.3,3817.4667,5403.7143,5521.7143,11688215.0000,10347778.0000,32317,33033,5780.3333,5483.3333
2026-08-25,3153,2846,1522,1271,1147,1428,3525346.0000,232154.0000,37886323.0000,14295679.0000,3748.0333,3803.9333,5269.4286,5484.2857,21436075.0000,24729267.0000,31510,32024,6426.3333,5908
2026-08-24,6557,7669,3160,2602,2949,3192,1147904.0000,169240.0000,35218055.0000,19107574.0000,3660.8333,3618.1,4869.8571,4827,22714715.0000,23693379.0000,30376,30088,6150,6433.6667
2026-08-21,6740,6826,3009,3020,2852,2876,-2989926.0000,-872355.0000,41152924.0000,21989011.0000,3596.1667,3563.1333,4586.7143,4564.1429,27155953.0000,25038382.0000,36359,36033,5504.6667,5792.6667
2026-08-20,4427,4784,1944,2100,1642,2459,1284360.0000,-1235229.0000,18397527.0000,11365912.0000,3492.3667,3458.2,4625.8571,4505.2857,12528545.0000,15048134.0000,35298,34889,5509,5649.6667
2026-08-19,8134,6840,4205,3341,2567,3154,4217871.0000,-1066845.0000,32499944.0000,15595526.0000,3276.5,3272.3333,3800.8571,3844.4286,19379577.0000,24664293.0000,34553,33910,4090.3333,3676
2026-08-18,4817,4890,2254,2239,2184,2359,-159743.0000,706562.0000,17847601.0000,14272656.0000,3178.2,3180.5333,3752.4286,3798.8571,15233531.0000,14367226.0000,33137,32672,3483,3323.6667
2026-08-17,3998,4797,1738,1985,2309,1895,-1640180.0000,768088.0000,16529875.0000,18142921.0000,3140.3667,3073.6333,4026.8571,3951.2857,16818187.0000,14409919.0000,30763,31650,3546,3577
2026-08-14,2213,2584,911,1137,1126,1212,-1155070.0000,-2206516.0000,9540022.0000,16948847.0000,3146.6667,3129.1,4381.2857,4276.2857,11289094.0000,12407300.0000,33309,34927,4142,4406.3333
2026-08-13,3760,3068,1500,1739,1241,1527,-1646886.0000,-2017266.0000,18826147.0000,9542880.0000,3109.0333,3088.2333,4051.1429,4168.1429,11947756.0000,12318136.0000,32492,33809,3857.3333,3939.3333
2026-08-12,4758,4986,1427,2728,2366,2413,-9468216.0000,-2528928.0000,29366827.0000,18147513.0000,3018.6667,2987,3766,3944.5714,25400404.0000,18461116.0000,30350,32168,3719,3846
2026-08-11,4701,4372,2564,1852,2092,1851,3210503.0000,379485.0000,32214885.0000,14452011.0000,2976.8333,2921.9667,3578.7143,3892,18246414.0000,21077432.0000,29552,30676,4216.3333,4252
2026-08-10,2359,2214,1163,1027,861,1050,-2112806.0000,-2939887.0000,12543522.0000,10978836.0000,3033.9333,2960.5333,3549.2857,4049.2857,9676181.0000,11699362.0000,28751,29694,5098,5030.3333
2026-08-07,4478,4571,1961,2001,2043,2121,-1170602.0000,109050.0000,16200821.0000,11912599.0000,2932.2,2863.9,3286.4286,3826.4286,13181091.0000,11901439.0000,31096,33292,4344.6667,4020.6667
2026-08-06,5919,5864,2512,2867,2620,2558,-3149820.0000,-253098.0000,25292893.0000,23989991.0000,2845.0333,2734.1667,2881.4286,3383.1429,23874863.0000,20978141.0000,29290,31548,3530.3333,2968.3333
2026-08-05,4694,4859,1817,2253,2261,2292,-951246.0000,540272.0000,42721817.0000,24875403.0000,2749.4,2624.6667,2666.4286,3169.7143,30914009.0000,29422491.0000,26832,29547,3245.3333,2533.6667
2026-08-04,1449,2311,584,765,1036,1053,-1789916.0000,-355983.0000,12401451.0000,12446702.0000,2756,2590.2,3152.5714,3524,12060128.0000,10626195.0000,25945,29156,3580,2768.3333
2026-08-03,2762,3421,1230,1181,1497,1587,-728218.0000,79123.0000,24110805.0000,23800950.0000,2762.0333,2576.0333,3135.4286,3436.7143,21221933.0000,20414592.0000,24500,28231,3443.3333,2727
2026-07-31,3390,4004,1391,1688,1080,2062,-192449.0000,-3926792.0000,21282048.0000,18001289.0000,2728.3667,2504.7667,2980.2857,3174.4286,15547907.0000,19282250.0000,27277,31205,3029,2625
2026-07-30,2153,3315,1178,790,1363,1598,2425219.0000,-1553096.0000,11129061.0000,10164727.0000,2759.6,2472.8333,2867.8571,2934.4286,7536394.0000,11514709.0000,26089,30444,3045.6667,2970.3333
2026-07-29,2638,3011,1147,1280,1318,1358,-363527.0000,-531422.00,16948123.0000,10478055.00,2768.3667,2423.3333,2777.5714,2763.8571,12322039.0000,12489934.0000,25325,29862,3639,3708.3333
2026-07-28,3084,2761,1403,1372,1251,1148,868254.0000,462511.0000,17926947.0000,9992739.0000,2750.6667,2439.2333,2995.2857,2922.5714,12352269.0000,12758012.0000,24673,29295,3655.3333,3561
2026-07-27,3189,3365,1137,1598,1321,1515,-3589720.0000,-3330095.0000,17747344.0000,21099666.0000,2722.9333,2393.3667,2849.4286,2679.2857,16532005.0000,19438580.0000,23690,28295,3256.3333,3266
2026-07-24,4852,4791,2067,2545,2189,2415,-1764788.0000,-33789.0000,31049110.0000,10257683.0000,2613.2667,2283.5,2590.5714,2339.2857,20364106.0000,18633107.0000,25405,30074,2204.3333,2104
2026-07-23,2642,2810,870,1452,1068,1398,-909651.0000,-838437.0000,12733355.0000,15680747.0000,2593.9667,2228,2675.2857,2286.4286,12110463.0000,12039249.0000,24850,29377,1873.3333,1892
2026-07-22,2304,2168,708,1229,949,1025,655084.0000,727320.0000,16698375.0000,9734158.0000,2572.9333,2181.1333,2909.1429,2275.8571,11179032.0000,11106796.0000,24375,28330,2441.3333,2660
2026-07-21,1366,1635,574,706,697,766,-717998.0000,-3216197.0000,6733800.0000,12513486.0000,2604.2667,2217.7,3399.7143,2781.8571,7525141.0000,10023340.0000,23750,27662,2450.3333,2927.3333
2026-07-20,2006,1817,1012,779,754,813,1030064.0000,242491.0000,13997390.0000,7803461.0000,2595.2667,2214.1,3300.7143,2756,8182169.0000,8969742.0000,23214,26773,2648.3333,3272
2026-07-17,4608,3872,1953,2208,1890,1791,-4328196.0000,1020845.0000,38776183.0000,14505080.0000,2482.0667,2120.3667,2879.2857,2383.4286,26356352.0000,21007311.0000,28373,31772,2171,2814.3333
2026-07-16,2168,1662,988,985,703,769,621407.0000,-351626.0000,19670673.0000,8350772.0000,2472.7333,2123.7667,2836.4286,2451.1429,12433246.0000,13406279.0000,28009,31283,2315,3405.3333
2026-07-15,3040,2411,1368,1377,1126,1026,96053.0000,735272.0000,24143338.0000,10646083.0000,2424.5667,2105.4333,2811.1429,2333.8571,15458010.0000,14818791.0000,27371,30577,3237,3992
2026-07-14,3235,2440,1529,1365,672,857,-274352.0000,-286868.0000,27430614.0000,7084756.0000,2401.2,2104.8,2692.1429,2592.1429,14073977.0000,14086493.0000,26157,29536,2969,3351.3333
2026-07-13,3941,2094,1773,1844,957,892,5336249.0000,-100897.0000,78692028.0000,11307472.0000,2317.9,2082.6333,2505,2556.1429,40137667.0000,46584663.0000,25495,28934,2692.3333,2590.3333
2026-07-10,4800,5177,2113,1930,2637,2247,3087269.0000,-191900.0000,26323013.0000,13663694.0000,2225.3333,1954.5667,2111.7143,2095,15550954.0000,18830123.0000,26369,30162,1678.6667,1613
2026-07-09,1313,1636,566,602,621,875,677105.0000,-124035.0000,8387835.0000,6302538.0000,2217.4333,1935.6333,2416.4286,2207.1429,6168789.0000,6969929.0000,25746,29910,1663.3333,2129.6667
2026-07-08,1658,1264,784,754,519,613,852459.0000,-859632.0000,11662440.0000,8672524.0000,2245.7,1962.9333,2761.2857,2508.1429,8548304.0000,10260395.0000,25269,29442,2658,2377.6667
2026-07-07,1868,2136,834,843,883,1079,9344.0000,-1015244.0000,17569948.0000,7193887.0000,2231.2,1945.0333,2698.1429,2441.8571,10164261.0000,11188849.0000,24377,28975,2560,2632
2026-07-06,2863,1590,1275,1318,701,730,-2964262.0000,-664430.0000,19125142.0000,10781494.0000,2239.4667,1944.3,2761.1429,2496.4286,14714769.0000,12414937.0000,23690,28074,2679.6667,2360
2026-07-02,2402,4248,1048,1094,1308,2276,1415277.0000,-1515873.0000,11184624.0000,7074808.0000,2250.3,1835.3667,2678.7143,2114.4286,6205126.0000,9136276.0000,26320,30410,2070.6667,2708
2026-07-01,2631,1842,1107,1282,737,947,506213.0000,-331569.0000,17656137.0000,6667819.0000,2256.2333,1816.9,2538.1429,2033.7143,10864032.0000,11701814.0000,25878,29610,2580.3333,3188.3333
2026-06-30,2047,1949,943,984,844,906,913720.0000,-335729.0000,9304145.0000,9367723.0000,2323.2,1818.4333,2666.1429,2183.2857,8020982.0000,9270431.0000,25138,29134,2488,2981.3333
2026-06-29,3446,2421,1455,1608,1106,1107,1356081.0000,-101582.0000,26711902.0000,10757697.0000,2415.2667,1887.0667,2513.8571,2104,16448678.0000,17906341.0000,24119,28206,2338.3333,2934
2026-06-26,4072,3371,1477,2072,1822,1372,1504786.0000,-304283.0000,17708995.0000,5774068.0000,2395.3,1880.1,2373.5714,1959.1429,9785472.0000,11594541.0000,26015,29548,1739.3333,2185
2026-06-25,1426,1672,576,759,738,800,-1047086.0000,-13739.0000,9571976.0000,8732801.0000,2431.4667,1888.5,2584.2857,1938.2857,8915997.0000,7882650.0000,25621,29069,1607.6667,2258.6667
2026-06-24,3304,1972,1805,1273,774,1069,1667315.0000,-925991.0000,39603490.0000,9559609.0000,2472.3667,1990.2,2477,2119.1429,22575649.0000,25168955.0000,24948,27765,1949,2138.3333
2026-06-23,1825,1574,773,920,629,515,-159958.0000,1752222.0000,17002272.0000,16093414.0000,2667.7667,2215.5,2553,2178.4286,16038533.0000,14126353.0000,24305,27040,2046.3333,2323.3333
2026-06-22,1647,1277,708,861,610,556,-359370.0000,-163230.0000,14775032.0000,6901581.0000,2742.9333,2304.0333,2540.8571,2209.5714,10215979.0000,10019839.0000,23789,26187,2406.3333,2804.3333
2026-06-18,2943,2996,1270,1507,1332,1253,-491699.0000,-462548.0000,12839802.0000,7750807.0000,2705.5333,2268.1,2415.1429,1945.1429,9090245.0000,9061094.0000,27733,33951,1916.3333,2790.3333
2026-06-17,2380,1866,891,1273,904,794,-753408.0000,843563.0000,17090516.0000,15076786.0000,2692.4333,2299.6667,2314.1429,1787.4286,15756469.0000,14159498.0000,27459,33211,2373.6667,2848
2026-06-16,3090,2357,1348,1500,966,1254,-342502.0000,-357714.0000,28106409.0000,6800113.0000,2640.8333,2302.5,2202.1429,1841,16703360.0000,16718572.0000,26803,32336,2251,2603.6667
2026-06-15,2901,1526,1434,1291,556,729,2876851.0000,-1250438.0000,19575515.0000,6665763.0000,2685.3667,2366.7667,2035.7143,1867.1429,9760407.0000,13887696.0000,26578,30984,2240.6667,2157.3333
2026-06-12,2553,3238,1015,1427,1272,1073,-1619613.0000,1114802.0000,15740419.0000,12054986.0000,2679.3667,2293.5,1844.1429,1556,12634665.0000,9900250.0000,27449,33134,1543,1994
2026-06-11,2357,1989,1076,1123,754,1078,-108725.0000,-4161827.0000,18833069.0000,18443013.0000,2683.8,2278.5,1777.1429,1523.8571,14542780.0000,18595882.0000,27111,32274,1134,1766
2026-06-10,1562,1495,672,906,896,541,-1199405.0000,-1322803.0000,9223645.0000,8037939.0000,2702.5333,2259.3667,1781.8571,1576.1429,8474671.0000,7241013.0000,26550,31758,1546.3333,2014
2026-06-09,2063,1145,1046,913,498,583,1073123.0000,-360968.0000,16846873.0000,5842593.0000,2683.6667,2318.2333,1849.1429,1758.4286,10065735.0000,11499826.0000,26204,31107,1734.3333,1905
2026-06-08,1673,762,762,832,304,391,-1624298.0000,-998328.0000,12094691.0000,6384961.0000,2689.6667,2367.6333,1816.1429,1853.7143,9110866.0000,8484896.0000,26073,30214,1833.6667,1751.3333
2026-06-05,2306,2732,978,1011,1462,1091,-841099.0000,2275616.0000,9930985.0000,10527030.0000,2659.6667,2324.9,1775.7143,1654.1429,10732105.0000,7615390.0000,27820,32103,1511,1612
2026-06-04,1736,1709,636,962,846,724,-5537495.0000,-179071.0000,18043369.0000,11020337.0000,2656.3333,2300.8667,1681.4286,1562.5714,15963660.0000,10605236.0000,27606,31541,1561.6667,1565
2026-06-03,1212,1060,366,793,514,495,-380762.0000,-952184.0000,5787006.0000,10746479.0000,2665.4333,2292.7,1866.2857,1708.7143,7609219.0000,8267341.0000,27213,31085,2015.3333,2005.6667
2026-06-02,1888,1764,513,1168,933,735,-2898404.0000,-224821.0000,12130451.0000,8588782.0000,2632.8333,2258.0333,1801.2857,1685.1429,10787793.0000,8114210.0000,26379,30217,1903.6667,1857
2026-06-01,1595,1861,931,589,857,815,965621.0000,3424136.0000,7948889.0000,18402815.0000,2641.3,2245.6333,2017.8571,1643.2857,12123992.0000,9665477.0000,25404,29477,1728.3333,1999.6667
2026-05-29,2534,2421,1102,1262,971,1232,63964.0000,-1740471.0000,16400037.0000,8782620.0000,2629.9667,2235.0333,2045.4286,1437.4286,10301011.0000,12105446.0000,26987,31015,1277.3333,1513.6667
2026-05-28,1442,1429,536,748,592,635,1313004.0000,-1331669.0000,8380881.0000,15140602.0000,2643.3667,2259.8667,2240.7143,1417.2857,6114020.0000,8758693.0000,26488,30713,1495.3333,1868.3333
2026-05-27,2023,1335,1069,770,498,654,1452079.0000,-2680232.0000,11187142.0000,13116942.0000,2655.1,2273.3,2531.1429,1511.5714,7826464.0000,11877775.0000,26006,29821,1583.3333,1671.6667
2026-05-26,1076,1068,524,458,425,533,516255.0000,-1839925.0000,5642863.0000,6577719.0000,2714.1667,2351.5667,3264.2857,1999,4480396.0000,6836576.0000,25635,29292,1750,2350
2026-05-22,2506,2083,891,1311,618,1205,82983.0000,421258.0000,17138120.0000,6900594.0000,2729.2667,2330.9,3402.4286,2153.1429,10066142.0000,9727867.0000,27123,32137,1382.3333,2423.6667
2026-05-21,1433,1599,633,668,611,776,686978.0000,-2153716.0000,7705036.0000,8490548.0000,2741.3667,2310.4667,3556.4286,2199.5714,4602845.0000,7443539.0000,26736,32018,1278.6667,2882.3333
2026-05-20,3111,1568,1550,1250,598,801,1469372.0000,-811338.0000,13702605.0000,4105969.0000,2723.1,2340,3759.2857,2693.1429,6884992.0000,9165702.0000,26501,31480,1421,3197.3333
2026-05-19,2727,980,1072,1400,450,451,-722911.0000,-445328.0000,10568929.0000,4910627.0000,2702.6,2355.9667,4467.8571,3743.5714,7141617.0000,6864034.0000,26102,30553,2587.6667,4357.6667
2026-05-18,2809,1288,1352,1318,523,650,2300205.0000,-2220073.0000,9485206.0000,12447941.0000,2654.9,2366.1,4624,4121.4286,7817482.0000,12337760.0000,25739,29023,3212.3333,4579
2026-05-15,4056,1995,1499,2238,774,991,-843885.0000,-3737319.0000,16955918.0000,14167808.0000,2590.6667,2345.4,4304.7143,4110.4286,11855730.0000,14749164.0000,28580,34434,3188.6667,4064
2026-05-14,6208,4480,2480,3250,1854,2111,1698637.0000,5979986.0000,24960092.0000,63891199.0000,2493.1667,2301.2333,3701.7143,3872.2857,37449705.0000,33168356.0000,27841,32040,3369.6667,3505
2026-05-13,3473,3162,1576,1682,1321,1537,1289106.0000,-1452961.0000,15367642.0000,23067401.0000,2463.9333,2246.9,3425.8571,3769.4286,15768048.0000,18510115.0000,27379,30900,5093.3333,4909.6667
2026-05-12,2511,1924,959,1237,805,887,-1238112.0000,798298.0000,14067907.0000,19830467.0000,2416.3,2215.7667,3672.4286,3988,15740367.0000,13703957.0000,27307,29721,5763,5373.3333
2026-05-11,4531,5023,1698,2438,2146,2294,-2639867.0000,-1002099.0000,24336283.0000,36813858.0000,2327.7333,2117.2333,3364.1429,3419,28300417.0000,26662649.0000,26234,27784,4728,4470
2026-05-08,7687,8333,2838,4272,3917,3179,-4775635.0000,6705421.0000,43277570.0000,75949741.0000,2124.4,1896.5667,2621.7143,2448.4286,55907556.0000,44426500.0000,26390,28116,2888,2570
2026-05-07,3902,3933,1578,2003,1591,1948,78319.0000,-845738.0000,21732485.0000,17267856.0000,2066.8,1812.0667,2367.7143,2018.1429,16833862.0000,17757919.0000,24337,26287,2391,1783.3333
2026-05-06,1821,1918,751,884,840,996,147884.0000,-1183830.0000,11215487.0000,7292411.0000,2069.4,1776.4333,2321.4286,2160,7680652.0000,9012366.0000,23684,25574,2903,2588.6667
2026-05-05,1987,2813,701,1095,1249,1255,-15769.0000,588372.0000,11476025.0000,19507043.0000,2076.8,1728.6667,2302.2857,2078.7143,13719477.0000,13115336.0000,22628,24659,2312,2717.3333
2026-05-04,1542,2442,637,750,961,1156,-917719.0000,-39219.0000,11693105.0000,13537691.0000,2087.0333,1718.4,2282.8571,1937,10890313.0000,10011813.0000,21751,24111,2011,3033.3333
2026-05-01,4237,3454,1984,1997,1389,1725,2235419.0000,-374264.0000,20810963.0000,11276366.0000,1990.5333,1962.8667,1911.2857,1584.7143,12972258.0000,15581941.0000,22796,25340,1166.6667,2329
2026-04-30,2373,1040,974,1123,352,604,-34966.0000,-547395.0000,12965419.0000,6066870.0000,1951.7667,1963.1,1784.4286,1552.5714,7402995.0000,7915424.0000,22434,24602,1790.3333,2037
2026-04-29,2490,1539,846,1357,519,741,-2395517.0000,-1145976.0000,17420448.0000,6532560.0000,1920.8333,2040.8667,1558.7143,1436.1429,11461512.0000,10211971.0000,21975,23567,2025.3333,1824.6667
2026-04-28,2124,921,890,1033,432,438,-365694.0000,-1220612.0000,8145849.0000,5876358.0000,1948.8,2273.1333,1519.4286,1517.2857,5825572.0000,6680490.0000,21475,22979,2201.6667,1585.3333
2026-04-27,1497,2911,741,581,1147,1252,2513339.0000,-686713.0000,9887856.0000,4649010.0000,2033.8,2392.6667,1619,1401.8571,4735262.0000,7935314.0000,20848,22453,1560.6667,1631.6667
2026-04-24,1853,2244,819,856,661,1368,610865.0000,107911.00,7565105.0000,9154209.00,2164.3333,2511.6,1617.7143,1391.8571,6994005.0000,7511359.0000,21861,24043,1084.3333,1509
2026-04-23,1406,1450,575,709,661,709,-935009.0000,932910.0000,8593877.0000,4505119.0000,2197.0667,2510.9667,1756.1429,1433,6941760.0000,5073841.0000,21344,23718,842.3333,1343.6667
2026-04-22,1636,988,681,821,453,475,-614286.0000,1812037.0000,8687018.0000,4952696.0000,2222.7,2562.7,1929.2857,1779.8571,7864856.0000,4788533.0000,20826,23281,1009.3333,1414.6667
2026-04-21,1485,815,600,691,405,359,-877658.0000,376596.00,8357061.0000,2367009.00,2279.5333,2671.9,2139.8571,1872.4286,5168367.0000,3914113.0000,20457,22797,1438.6667,1651
2026-04-20,910,724,425,414,220,410,49216.0000,-74283.0000,4336159.0000,1978623.0000,2357.6333,2770.4,2266.4286,1909.8571,2513619.0000,2637118.0000,20045,22378,1922,1962.3333
2026-04-17,1849,1489,867,768,532,834,1623057.0000,-901204.0000,11060039.0000,5259161.0000,2408.7667,2813.8667,2368.4286,2047.7143,5740772.0000,8265033.0000,25521,27585,2005,2137.6667
2026-04-16,2194,2103,731,1161,1035,976,-1296884.0000,866919.0000,10899172.0000,6467618.0000,2497.0333,2873.7667,2356.7143,1955.7143,8678694.0000,6514891.0000,24557,27163,2442.6667,2355.6667
2026-04-15,1844,2174,811,848,854,1101,1171518.0000,-1099227.0000,11908329.0000,10765965.0000,2549.2333,2920.8,2290.1429,1872.5714,8932397.0000,11203142.0000,23608,26419,2205.6667,2727.3333
2026-04-14,2375,1738,915,1156,602,1017,-1733738.0000,-660645.0000,13954333.0000,5100006.0000,2608.2333,3123.7333,2255,1820.5714,8917951.0000,7844858.0000,22777,25800,1955,2534.3333
2026-04-13,2848,3416,1376,1177,1276,1827,1970827.0000,-787440.0000,14883712.0000,16369832.0000,2619.1,3167.3,2317.1429,1783.2857,12150856.0000,14909123.0000,21461,24341,1634.3333,2439.3333
2026-04-10,2959,1463,985,1664,581,794,246770.0000,126298.0000,7948743.0000,5834450.0000,2658.3,3404.2333,2265.2857,1793.1429,6007978.0000,6128450.0000,23710,26982,1633,2157
2026-04-09,1796,986,920,689,372,508,2795723.0000,2470093.0000,14327774.0000,5480222.0000,3014.2667,3691.9333,2163.2857,1793.7143,6572943.0000,8341393.0000,23293,26344,1835,2017.6667
2026-04-08,2563,2454,1026,1245,931,1360,-1286886.0000,-35898.0000,15564256.0000,8041870.0000,3198.3667,3788.2333,2064.8571,1738.4286,11100902.0000,9849914.0000,22250,25945,1475,1873
2026-04-07,2112,1459,1043,764,561,760,6065.0000,106867.0000,13045052.0000,4936830.0000,3282.6,3876.7,1989.8571,1774.7143,8473607.0000,8128850.0000,21503,24682,2040.3333,2263.3333
2026-04-06,1378,1592,554,718,708,726,-274850.0000,359321.0000,6160384.0000,7887557.0000,3335.1333,3906.8,2103.5714,1747,6898151.0000,6263980.0000,20730,23946,2020.3333,2669.3333
2026-04-02,2129,1374,710,1289,410,881,-960192.0000,141434.0000,7211148.0000,3510265.0000,3327.7333,3946.5,2070.7143,1672,5132972.0000,4031346.0000,23082,27100,1892.3333,2320.3333
2026-04-01,3283,3155,1142,1628,1095,1784,-857706.0000,-3732908.0000,30303208.0000,34864815.0000,3293.7333,3906.9,1917.2857,1418.4286,18989918.0000,33693220.0000,21408,24931,1529.6667,1850.6667
2026-03-31,2596,1532,1424,1016,588,801,2051069.0000,-735949.0000,11881660.0000,6075060.0000,3342.5333,3955.5333,1810.5714,1504.4286,6656136.0000,9443154.0000,21008,24096,1590,1514.3333
2026-03-30,1082,990,536,483,414,529,324206.0000,-783111.0000,3129988.0000,9877431.0000,3379.2667,3990.0333,1847.7143,2904.1429,5455811.0000,6563128.0000,20759,23601,1726,1878.3333
2026-03-27,1874,2067,690,1027,808,1091,-80380.0000,318434.0000,9279127.0000,10602881.0000,3382.9667,3975.9667,1752.8571,2758.4286,8281201.0000,7882387.0000,22024,26149,1320,1886.6667
2026-03-26,1587,1713,563,919,732,688,131859.0000,-1493600.0000,5260604.0000,39010631.0000,3363.7667,3953.7,1749.2857,3066.8571,19685473.0000,13450792.0000,21940,25438,1209,2094
2026-03-25,2174,1398,688,1190,599,727,-117406.0000,-1308413.0000,7471488.0000,7409824.0000,3368.1333,3947.7667,1862,3994.1429,6152975.0000,7343982.0000,21301,24247,1454.3333,1985.6667
2026-03-24,1899,849,587,1161,437,352,-8076960.0000,812010.0000,26130740.0000,6616496.0000,3433.2333,3976.4667,2168.8571,4801,19613387.0000,10787729.0000,21140,23312,4767.3333,1800
2026-03-23,2209,1380,754,1187,526,750,-2444336.0000,922867.0000,19045264.0000,9037850.0000,3508.7333,4019.5,2677.4286,5434.1429,12097031.0000,8664838.0000,20676,21918,4656.3333,1467
2026-03-20,1849,2134,755,985,872,1114,-253239.0000,740779.0000,5912133.0000,20242840.0000,3552.3667,3988.3333,2754.4286,5333.7143,12493838.0000,11499820.0000,24852,30469,5235.6667,1371.3333
2026-03-19,1342,10788,398,847,4295,6283,-1145983.0000,3928358.0000,4582288.0000,303438232.0000,3624.3333,3663.0333,2906.2857,4155.4286,161556956.0000,144205269.0000,25325,30119,4269.3333,1911.6667
2026-03-18,1210,1047,307,863,434,2579,-779668.0000,-7720886.0000,3205933.0000,5653240.0000,3628.2667,3652.5333,3189.1429,4590.2857,4861460.0000,3802678.0000,25243,29421,6086,2857.3333
2026-03-17,1562,3872,569,897,1003,2749,989201.0000,-7178292.0000,8135288.0000,88207486.0000,3605.4,3549.5667,3430.7143,4562.7143,17976753.0000,75908246.0000,25093,28637,6732.6667,4259.6667
2026-03-16,2963,7889,1323,1407,4516,2952,1153668.0000,11808361.0000,22154422.0000,167186104.0000,3547.9,3326.8333,3490.7143,3834.7143,120697652.0000,58904959.0000,23519,27766,4580,4068
2026-03-13,4047,6497,1310,2342,2059,2341,-3050521.0000,866248.0000,29775153.0000,204178017.0000,3449.9333,3162.7,3604.2857,3463.7143,59939117.0000,56341948.0000,25739,32282,3261,3520.6667
2026-03-12,5769,5812,1782,3721,1872,1776,-1222882.0000,5466560.0000,21701128.0000,165052619.0000,3318.3667,3026.3667,3267.2857,3145.5714,43170567.0000,29263425.0000,25002,29446,2687.3333,2661
2026-03-11,2388,1431,882,1392,502,785,-949167.0000,-261152.0000,19847888.0000,6182268.0000,3305.2,3027.8,3518.2857,4059.1429,12510888.0000,11822873.0000,24452,28489,3436.6667,2949.3333
2026-03-10,2405,2540,676,1331,1136,830,-418371.0000,2446694.0000,27905288.0000,57493671.0000,3307.1333,3022.6333,3628.1429,4371,32874327.0000,10125762.0000,23918,27188,3521,3275.3333
2026-03-09,3190,4091,1156,1813,1053,1925,-436099.0000,-2078011.0000,22673151.0000,110745172.0000,3423.5333,2973.9,3763.1429,5011,16909538.0000,60056450.0000,22804,26165,3457.3333,3826
2026-03-06,3253,3679,1120,1963,1102,2455,335057.0000,-5125664.0000,11334624.0000,99498663.0000,3409.5333,2925.8667,5080.5714,5859.2857,32930072.0000,75324045.0000,25071,30490,3426,3878.3333
2026-03-05,3383,2793,940,2282,1311,1363,774472.0000,3322958.0000,7426891.0000,64232689.0000,3359.1667,2860.4,5752.4286,6223.5714,36329183.0000,33350697.0000,24551,29191,5103.6667,4132.3333
2026-03-04,4842,3900,2156,2436,1133,2559,-5555961.0000,-440134.0000,48844004.0000,73989444.0000,3240.3333,2806.2,5723.4286,6254,45532595.0000,72828768.0000,23525,27351,5378,3576.3333
2026-03-03,3410,3585,1218,1926,927,1755,953009.0000,-5586645.0000,16121116.0000,96559580.0000,3177.8333,2739.3,5658.2857,6098.2857,15231956.0000,51073890.0000,23027,25853,7040,3818
2026-03-02,4145,7826,1478,2504,3460,2549,2344805.0000,1975748.0000,16444784.0000,229453501.0000,3084,2512.8333,5338.5714,5346.7143,113579974.0000,65742461.0000,21250,23932,7637,6594.6667
2026-02-27,3174,4723,1268,1705,1277,2601,2222380.0000,-4605945.0000,11360563.0000,82230893.0000,3026.9333,2393.8667,5208.4286,4953,13146478.0000,40330523.0000,25075,31358,7843.6667,8232
2026-02-26,4135,8571,1264,2667,3126,4266,-2429645.0000,-1798458.0000,21416394.0000,223968394.0000,2982.4333,2187.6333,5197.7143,4155.8571,76777250.0000,108614263.0000,24968,30176,6357.6667,8400
2026-02-25,12475,9617,4627,7255,3856,5148,6278064.0000,31611.0000,62931976.0000,56717554.0000,2611.2,1901.7,3727.5714,3071.2857,51656164.0000,57889281.0000,22009,24859,3983.6667,5226.3333
2026-02-24,8086,5343,4060,3507,2040,3102,4188337.0000,-1150673.0000,31957852.0000,21300068.0000,2412,1791,2856,2543,22461980.0000,27800990.0000,19255,19961,3057.6667,3166.6667
2026-02-23,4639,4113,1631,2802,1447,2375,-6004967.0000,-1866112.0000,45682857.0000,24521204.0000,2297.9333,1693.8,2337.7143,2104.7143,34815088.0000,30648108.0000,17102,17791,2342.3333,2374.6667
2026-02-20,2954,2495,1224,1628,747,1203,-249759.0000,-1767416.0000,8133944.0000,8766704.0000,2267.7333,1686.4667,2245,1922.5714,6909618.0000,8427275.0000,23462,24989,2507.6667,2743.3333
2026-02-19,1907,2565,798,1018,1055,1464,-1234760.0000,7818.0000,9389962.0000,6703502.0000,2283.1667,1690.1,2522.8571,1800.4286,8275456.0000,7032878.0000,22717,23913,2327.6667,2835.6667
2026-02-18,2263,1967,760,1415,663,1245,1500989.0000,442825.0000,9249890.0000,4405686.0000,2406.8,1762.2,2838.7143,1901,5736141.0000,6794305.0000,21994,23350,2220.3333,2743
2026-02-17,4060,2991,1451,2337,1050,1844,1686630.0000,-1366763.0000,14029444.0000,8958511.0000,2327.9333,1730.3333,2709.8571,1645,8490076.0000,11543469.0000,20047,21525,1571.6667,1726.6667
2026-02-13,2184,2025,784,1285,671,1145,345132.0000,704667.0000,7949526.0000,9378333.0000,2274.6,1693.3,2898,1502.7143,7707277.0000,7347742.0000,22022,25735,1303.3333,1767
2026-02-12,1985,1645,809,1032,752,709,-565425.0000,1133630.0000,13092937.0000,8626030.0000,2235.1333,1662.3,2804.1429,1372.2857,10700416.0000,9001361.0000,21358,25219,1325,2389.3333
2026-02-11,1011,1045,373,555,438,506,-548950.0000,-944618.0000,5810579.0000,9191870.0000,2234.8,1674.1,2784.8571,1334.8571,6849288.0000,7244956.0000,21013,24929,1867,3543.6667
2026-02-10,2305,1220,817,1256,605,529,-3576942.0000,1951415.0000,14079509.0000,5342643.0000,2202.8333,1692.1667,2632.4286,1333,11857137.0000,6328780.0000,20284,24294,1860,3828
2026-02-09,3852,1710,1587,2138,824,604,-9758204.0000,5729288.0000,38490145.0000,20057893.0000,2105.4,1655.6,2240.4286,1313.4286,33463790.0000,17836618.0000,19940,23059,1633,3711
2026-02-06,4474,2671,1524,2731,1416,1059,-7826620.0000,3246848.0000,34199554.0000,24186103.0000,1990.8667,1596.5667,1861.5714,1177.8571,32851075.0000,21777607.0000,20435,24476,986.6667,2662.3333
2026-02-05,3158,1199,839,2086,620,515,-1438198.0000,812285.0000,20122710.0000,5351020.0000,1936.2333,1594.4333,1695.1429,1217.1429,10811064.0000,8560581.0000,20000,23572,848,1901.6667
2026-02-04,3501,1029,1255,1941,479,483,-649654.0000,-161848.0000,11289053.0000,7354366.0000,1881.4667,1614.1,1546.8571,1410.8571,8920710.0000,8432904.0000,19557,21062,907.3333,1147.3333
2026-02-03,1328,732,516,683,337,327,-1535808.0000,-532230.0000,10977531.0000,4324833.0000,1887.2333,1663.4,2311.7143,1681.8571,7346091.0000,6342513.0000,19230,20650,1187.6667,1074
2026-02-02,876,783,414,386,293,423,-455630.0000,-612859.0000,5296947.0000,3485205.0000,1912.8333,1695.2,2591.2857,1889.7143,3890544.0000,4047773.0000,18796,20282,1500.6667,1389.3333
2026-01-30,1238,1207,490,664,673,432,2091800.0000,398094.0000,9878658.0000,4113980.0000,1934.7333,1706.5667,2681.8571,1835.7143,5578391.0000,7272097.0000,21320,21907,1589.6667,1641
2026-01-29,1108,1573,393,628,594,740,-136146.0000,967799.0000,6758082.0000,7864812.0000,1949.1,1689.9,2706,1935.8571,6245402.0000,5141457.0000,20744,21613,1860.3333,2092.6667
2026-01-28,1822,1722,767,829,611,971,-283394.0000,315203.0000,19819264.0000,4077423.0000,1939.5333,1688.2333,2665,1915.2857,10548992.0000,9950395.0000,20167,21150,2162.6667,3712.6667
2026-01-27,1993,1474,970,861,416,939,913924.0000,-924932.0000,21071456.0000,4041268.0000,1918.7667,1684.6,2570.2857,1852.1429,10300254.0000,12139110.0000,19656,20981,2417.3333,3992.6667
2026-01-26,2463,2385,1231,1099,873,1294,410179.0000,-446354.0000,17280131.0000,9107211.0000,1914.8667,1668.5333,2427.2857,1676.2857,11394967.0000,12251500.0000,18646,20036,1898.6667,3795.6667
2026-01-23,6682,2629,3143,3057,1102,1383,-404163.0000,1331062.0000,20401679.0000,7070188.0000,1715,1601.8,1872.7143,1641.2857,13729796.0000,11994571.0000,19055,17927,1780.3333,1994
2026-01-22,2833,2238,1426,1256,912,1227,1815943.0000,-477797.0000,15780794.0000,6115724.0000,1658.1,1552.8667,1659.1429,1470,9156239.0000,11449979.0000,17957,16872,1560.3333,1561.3333
2026-01-21,1872,829,1074,716,417,384,785371.0000,1007923.0000,4759313.0000,3452212.0000,1677.1333,1605.9667,1693.1429,1640.4286,3888636.0000,3666084.0000,17681,15997,1628,1380.6667
2026-01-20,1277,2274,500,682,702,1458,-556735.0000,1204035.0000,6835849.0000,6855249.0000,1669.6333,1549.1333,1684.5714,1486.5714,7257929.0000,5497159.0000,16309,15358,1254.6667,1442.3333
2026-01-16,1535,1578,454,960,586,876,-70186.0000,-564962.0000,9338335.0000,7097833.0000,1651.2333,1515.1667,1757.8571,1586.1429,7275886.0000,7770662.0000,24601,24531,1523.3333,1864
2026-01-15,1330,1032,650,600,399,541,774643.0000,-924545.0000,7124993.0000,5417452.0000,1674.0333,1527.0667,1906.4286,1820.7143,4615726.0000,6314914.0000,24581,24261,1525.6667,1866.6667
2026-01-14,1462,1154,653,705,443,656,24767.0000,-394031.0000,7854120.0000,4380439.0000,1660.3667,1510.6333,2550.7143,2245.8571,5398643.0000,5817441.0000,24264,23929,1815,2082.6667
2026-01-13,2800,2384,1237,1367,1095,1134,1383337.0000,382016.0000,20047772.0000,8543590.0000,1602.4,1460.1667,2392.7143,2196,12814648.0000,13815969.0000,22918,22775,1419.3333,1555
2026-01-12,1338,1039,533,617,370,570,-189401.0000,-166648.0000,9676270.0000,4601765.0000,1616.5667,1469.6667,2285,2178.1429,6301664.0000,6278911.0000,22629,22187,1831.3333,1791.6667
2026-01-09,2110,2022,832,1119,610,1014,-1108623.0000,-1845605.0000,15069739.0000,6894284.0000,1589.2333,1446.8,2098,1991.4286,9045987.0000,9782969.0000,24266,23965,2048.6667,1878.3333
2026-01-08,1217,1197,463,637,413,569,-1365443.0000,-65064.0000,9498643.0000,4676545.0000,1608.9,1442.2333,2067.1429,2020.2857,6534326.0000,5233947.0000,23985,23609,3026.3333,3463.3333
2026-01-07,2048,2275,572,1357,845,1239,-1684983.0000,-323286.0000,17439384.0000,7349049.0000,1628.7,1459,1966.8571,1947,11525890.0000,10212193.0000,22764,22583,2946.3333,3345.3333
2026-01-06,2370,2674,1064,1205,1178,1248,440063.0000,265379.0000,18714517.0000,11601539.0000,1665,1595.6,1761,1652.5714,13913861.0000,14088545.0000,21980,22130,2359.6667,2750
2026-01-05,5972,4130,2790,2817,1681,2203,330966.0000,-874048.0000,49073352.0000,12205048.0000,1491.9,1482.8333,1056.1429,1191.1429,28259368.0000,29464382.0000,20312,19378,1221.3333,1026.3333
2026-01-02,1694,2035,717,792,945,952,-1155245.0000,-23127.0000,17735537.0000,11152719.0000,1462.8,1443.4667,1031.1429,1062.5714,13690642.0000,12558524.0000,21119,20222,1009.3333,795.3333
2025-12-31,584,914,206,219,297,440,-327369.0000,-124308.0000,7364217.0000,3242953.0000,1484.8333,1444.9333,1213.1429,1163.2857,3436198.0000,3233137.0000,20852,20105,1292,1049.3333
2025-12-30,801,715,356,405,282,364,471912.0000,-232564.0000,4659130.0000,3112518.0000,1498.5333,1476.1667,1313.1429,1377,3181901.0000,3886377.0000,20623,19733,1258,1092
2025-12-29,1001,1399,412,481,623,655,-1052594.0000,-534844.0000,11860394.0000,6503219.0000,1545.6,1507.1,1405,1425.2857,8334659.0000,7816909.0000,19917,19289,1091.6667,1104.3333
2025-12-26,1346,1762,477,716,714,854,-845544.0000,1694262.0000,5151171.0000,7342311.0000,1552.0667,1480.4333,1483.4286,1394.7143,6018179.0000,3478373.0000,20692,21114,882.6667,1162
2025-12-24,929,613,366,522,259,318,-161279.0000,86974.0000,3107526.0000,1375263.0000,1566.8,1491.8333,1570.5714,1460.4286,2098661.0000,1850408.0000,20452,20629,1218,1471.6667
2025-12-23,1038,900,352,547,394,440,-642714.0000,-30930.0000,5602136.0000,6256830.0000,1643.0333,1527.3333,1641.5714,1570.7143,5589165.0000,4977381.0000,20081,20175,1655,1626
2025-12-22,1519,1135,471,951,354,620,-349403.0000,-86755.0000,7162887.0000,3678625.0000,1657.4,1540.6333,1620.2857,1603.5714,4896825.0000,4634177.0000,19511,19700,1855.6667,1667.6667
2025-12-19,1858,1619,788,918,585,897,-340362.0000,-134071.0000,9936766.0000,5410575.0000,1686.7,1546.6667,1690,1644.1429,7075261.0000,6868970.0000,21794,23914,1832,1680
2025-12-18,1501,2211,693,725,837,1159,932091.0000,-3801141.0000,8014391.0000,19351006.0000,1691.4333,1496.5333,1573.5714,1417.8571,9406565.0000,14760177.0000,20870,23600,1452.6667,1692.6667
2025-12-17,1644,1737,637,923,672,842,-789951.0000,-2089070.0000,6452666.0000,21964240.0000,1673.8,1463.2667,1499.5714,1279.7143,11740771.0000,13039890.0000,20636,23120,1431,1656.3333
2025-12-16,1895,1548,739,1022,552,677,1052431.0000,286345.0000,14182438.0000,14937456.0000,1683,1445.0333,1577.8571,1404.5714,10869059.0000,11635145.0000,20575,22206,1370,1481.3333
2025-12-15,1539,1073,528,908,368,509,-2430074.0000,-1250976.0000,11921460.0000,11916077.0000,1699.2333,1473.8333,1508.2857,1332.5714,9756320.0000,8577222.0000,20327,21677,1646.6667,1750.3333
2025-12-12,1535,1672,487,906,537,979,-335492.0000,-2998777.0000,4934934.0000,11531892.0000,1784.9333,1546.2667,1429.4286,1173.5714,5626123.0000,8880868.0000,20953,23424,1298.3333,1467.3333
2025-12-11,1370,1365,599,711,468,702,-720935.0000,-1597483.0000,12110065.0000,9109073.0000,1849.3,1559.1,1521.4286,1177,9231258.0000,9819555.0000,20511,23102,1100,1386
2025-12-10,2346,1903,788,1414,856,891,-1584065.0000,742530.0000,12900917.0000,11808139.0000,1810.5667,1549.5667,1336.5714,999.5714,12703533.0000,10376938.0000,19847,22073,1273,1418.3333
2025-12-09,686,627,239,411,216,372,-390471.0000,-336107.0000,3688396.0000,3650045.0000,1921.5,1621.5333,1390.1429,1034.2857,3462340.0000,3407976.0000,19628,21872,1253.6667,1540.3333
2025-12-08,1126,770,510,526,273,435,-182.0000,705027.00,5000253.0000,2878584.00,1962.2,1646.6,1481.1429,1113.4286,3973843.0000,3268634.0000,19224,21689,1183.3333,1492.6667
2025-12-05,2443,2422,796,1537,1142,1152,163916.0000,-221994.0000,8489219.0000,6757774.0000,1917.9333,1597.3333,1316.4286,958.2857,6656309.0000,7042219.0000,20696,22327,839,1349.6667
2025-12-04,1052,569,461,521,238,308,-327808.0000,-97588.0000,8052919.0000,1612340.0000,1909.6333,1603.0667,1424.2857,1028.4286,4749397.0000,4519177.0000,20515,21949,869.6667,1349.6667
2025-12-03,983,559,356,525,243,272,-362680.0000,150434.0000,5675513.0000,2974320.0000,1930.6333,1617.3,1661.2857,1345.4286,4294571.0000,3781457.0000,20292,21604,973.3333,1375.6667
2025-12-02,2014,1389,1042,846,530,803,1842388.0000,25907.0000,12113792.0000,3392862.0000,1926.3667,1613.1,1867.7143,2114.4286,6270609.0000,8087090.0000,19661,20944,951.6667,1292
2025-12-01,1052,661,597,384,206,394,553358.0000,112491.0000,4793037.0000,2474181.0000,1949.5,1662.1333,1828.7143,2126.7143,3108737.0000,3543201.0000,19275,20237,1176.6667,1371.3333
2025-11-28,1061,870,534,466,311,504,43400.0000,-440833.0000,6361572.0000,3082382.0000,1984.5667,1712.5,1794.4286,2124.4286,4150738.0000,4634971.0000,20894,21994,1240,1620
2025-11-26,1763,1324,479,1092,511,700,-1249958.0000,161272.0000,7017804.0000,9634754.0000,2003.9667,1729.6,1720.4286,2072.1429,7372504.0000,5961274.0000,20303,21028,1724.6667,1913
2025-11-25,1290,1336,617,619,577,698,305558.0000,-713323.0000,9084645.0000,5240508.0000,2000.0667,1709.8667,1709.2857,2117.2857,6050511.0000,7069392.0000,19690,20495,3536.6667,2636
2025-11-24,1807,1060,816,870,392,571,934144.0000,-1890858.0000,7927158.0000,6390306.0000,1993.9,1707,1795.8571,2298.2857,4981046.0000,7806048.0000,19308,19496,3432.3333,2293.3333
2025-11-21,2642,2778,1117,1354,1031,1538,228791.0000,-2702527.0000,16762744.0000,25304399.0000,2069.7,1711.7667,1638.4286,2038.8571,17282120.0000,20213438.0000,20954,23103,2791,1686.3333
2025-11-20,3459,6772,1241,1889,3460,2740,809813.0000,3711632.0000,21967614.0000,137196877.0000,2072.2667,1533.7333,1340.1429,1207.8571,80162410.0000,59755641.0000,20951,21643,853,948.3333
2025-11-19,779,747,356,331,292,359,-23608.0000,-252282.0000,4374129.0000,3827094.0000,2104.3667,1562.8333,1703.8571,1381.8571,3401157.0000,3629831.0000,20977,21444,1154.6667,1092.6667
2025-11-18,821,854,369,405,389,382,410760.0000,-259248.0000,5777216.0000,6675406.0000,2144.6333,1573.9333,1865.1429,1479,5433412.0000,6103420.0000,20750,21308,1645.6667,1623.3333
2025-11-17,1245,958,561,575,439,421,-351351.0000,-187888.0000,6183446.0000,8965032.0000,2193.5,1612.1333,2078.2857,1599.2857,7089713.0000,6926250.0000,20543,21156,1647,1721.6667
2025-11-14,1212,1652,508,585,689,848,842126.0000,443709.0000,5631931.0000,10046341.0000,2323.8333,1642,2139.8571,1464.2857,6918015.0000,7316432.0000,21366,23105,1414.6667,1774.6667
2025-11-13,2413,2327,940,1368,1496,718,-516074.0000,10535143.0000,13990208.0000,31688045.0000,2363.8667,1637.4333,1954.4286,1237.4286,30215880.0000,11974683.0000,21476,22136,1294,2078.6667
2025-11-12,1540,962,491,913,480,368,-95459.0000,1428942.0000,7230503.0000,7144070.0000,2509.6333,1812.0667,2044.5714,1243,7214147.0000,5689746.0000,21100,21603,1484.6667,2215.3333
2025-11-11,1371,955,613,659,370,537,-403112.0000,-888256.0000,9480375.0000,7127965.0000,2604.9333,1880.9333,2138.1429,1383.2857,7625033.0000,8110177.0000,21162,21174,1766.3333,2670.6667
2025-11-10,3325,1965,1249,1803,918,854,-1687631.0000,2074697.0000,13661479.0000,16783936.0000,2533.2667,1858.1333,2249.7143,1651.8571,15546579.0000,11784251.0000,20164,19739,1347,2110
2025-11-07,1950,1534,701,1115,642,768,-2854964.0000,570735.0000,11937142.0000,7990017.0000,2508.3333,1857.8667,2442.7143,1682.7143,10785184.0000,7359485.0000,21249,21549,1082,1831.6667
2025-11-06,2737,1800,804,1641,904,743,-2194809.0000,945251.0000,12607147.0000,10498257.0000,2452.4667,1828.1667,2220.8571,1656.5714,10800172.0000,7660112.0000,20972,20529,815.6667,1643
2025-11-05,1643,707,749,744,350,306,-86069.0000,429371.00,8798857.0000,3026246.0000,2432.3667,1908.6333,2559.5714,1953.5714,5511939.0000,4996499.0000,20822,20044,1225.6667,1770.6667
2025-11-04,1115,739,491,532,328,352,-792324.0000,-324003.0000,7922986.0000,3503279.0000,2435.6333,1931.1667,2735.5714,2065.4286,5490433.0000,5022112.0000,20591,19648,2261,2767.6667
2025-11-03,2171,1001,938,1033,378,450,800429.0000,-1112649.0000,18731450.0000,9372523.0000,2390.6,1930.5667,2584.7143,2057.2857,10205920.0000,12118998.0000,20121,18883,2510.6667,3144.3333
2025-10-31,2026,1937,762,1093,797,884,-1072595.0000,408831.0000,13208089.0000,2925688.0000,2387.3667,1932.6667,2410,1886.4286,7588079.0000,6106653.0000,23688,22264,2404,2863.6667
2025-10-30,4106,3845,2000,1769,1134,2461,7333869.0000,-1004538.0000,40752986.0000,6655897.0000,2312.8667,1865.5333,2053.8571,1478,17441928.0000,25780335.0000,22360,22270,2051,2833
2025-10-29,3301,1750,1436,1488,790,789,1255256.0000,1231181.0000,22084419.0000,7092187.0000,2261.9667,1850.6667,1851.7143,1408.4286,12098797.0000,12495109.0000,21519,20862,1975,2515
2025-10-28,1184,1617,469,570,607,742,-429655.0000,-2083769.0000,9563963.0000,11180602.0000,2282.2,1826.1333,1932,1482,8046153.0000,9700267.0000,21484,20967,1750.6667,2492
2025-10-27,4014,2786,1896,1730,1352,1292,7796063.0000,-191468.0000,33281675.0000,14607322.0000,2186.7667,1772.6,1660.4286,1424.1429,18043903.0000,26031434.0000,20176,19554,1069,1421.6667
2025-10-24,2347,1522,1078,1079,690,702,716684.0000,-570278.0000,13766802.0000,7310928.0000,2192.0667,1815.5,1660.1429,1469.1429,8726504.0000,10013466.0000,23238,20961,890.3333,1177
2025-10-23,1115,944,495,528,427,494,-277572.0000,262610.0000,7875101.0000,5781978.0000,2205.1667,1838.6667,1668.4286,1440.5714,6547948.0000,6007766.0000,22833,20730,996.6667,1434
2025-10-22,803,741,274,463,267,405,-511466.0000,-872390.0000,5816549.0000,5169624.0000,2217.0333,1837.5,1785.4286,1473.8571,4768896.0000,5129820.0000,22562,20483,1460.3333,1748.3333
2025-10-21,1613,986,622,755,457,423,140855.0000,732497.0000,10492661.0000,6029781.0000,2189.5667,1821.9,2257.2857,1750.2857,7415732.0000,6824090.0000,22155,19839,1925.3333,1915
2025-10-20,1886,1263,1078,617,559,595,3375148.0000,149867.0000,9462143.0000,8690955.0000,2207.1,1870.4333,2493,1774.2857,6305486.0000,9530767.0000,21771,19029,2116.6667,2068
2025-10-17,1746,2132,684,861,864,1037,-193510.0000,585982.0000,9956742.0000,15073752.0000,2211.3,1853.6667,2492.4286,1701.1429,11294163.0000,10514671.0000,24657,23099,1654,1877
2025-10-16,2113,2381,749,1147,904,1221,-434286.0000,-3620843.0000,10595272.0000,21292341.0000,2198.4667,1813.2,2480.4286,1530.5714,11970753.0000,15883110.0000,24931,22186,1185,1713.3333
2025-10-15,2345,1837,867,1290,902,751,-1852109.0000,867491.0000,14290412.0000,19607095.0000,2171.5667,1783.5,2532.7143,1568.7143,15904379.0000,13192373.0000,24417,21289,1546.3333,2570.3333
2025-10-14,1173,744,469,593,390,284,-530648.0000,1355382.0000,7382875.0000,5969170.0000,2197.1333,1795,3096.8571,1826.4286,6882990.0000,4996960.0000,24127,20872,1775.3333,3358
2025-10-13,1622,974,759,725,407,451,1103537.0000,482809.0000,11441535.0000,7502925.0000,2209.4,1805.1333,3381.4286,2000.1429,8063041.0000,8683769.0000,23819,20412,1990.6667,3398
2025-10-10,4916,2921,1791,2777,1375,1259,-4450946.0000,1028768.0000,31885025.0000,15594315.0000,2102.6667,1761.8667,3523.8571,2468.7143,24142112.0000,18662398.0000,24601,21836,1412.6667,2435.6667
2025-10-09,3536,1431,1638,1523,502,790,3641083.0000,-1714721.0000,17368488.0000,6319692.0000,2009.5333,1734.1,3623,2695.8571,7931243.0000,13287047.0000,24350,21573,1637,2160.6667
2025-10-08,1742,1620,703,824,817,727,-47063.0000,323439.0000,17650671.0000,13341833.0000,1993.2333,1702.6333,3542,2647.4286,13503228.0000,13132726.0000,23913,20962,1946.3333,3287.3333
2025-10-07,2029,1187,861,967,449,604,-936900.0000,-819012.0000,16890449.0000,10456474.0000,1963,1690.3,3423.8571,2695.8571,12342133.0000,12224245.0000,23484,20267,2280.6667,3815.6667
2025-10-06,2711,2104,1225,1304,986,798,301752.0000,857940.0000,16918093.0000,22667393.0000,1985.8667,1725.3,3188.1429,2525.1429,17107682.0000,17774894.0000,22453,19148,3646.3333,4883
2025-10-03,5122,2548,2000,2753,1126,1121,-2771510.0000,-2152792.0000,32718547.0000,14659814.0000,1861.4333,1674.3333,2605,2607,20919002.0000,20300284.0000,23569,20767,3804,4585.6667
2025-10-02,3614,2190,1407,1941,755,1086,1932311.0000,-1352475.0000,20950070.0000,15818539.0000,1761.6,1631.1,2262,2496.2857,13911334.0000,17196120.0000,22842,19832,3501,3772.6667
2025-10-01,5913,6201,2267,3229,3068,2030,-3974677.0000,5591273.0000,34599305.0000,45355361.0000,1583.8667,1437.7,1534.4286,1750.8571,40712478.0000,28490468.0000,21214,16872,1942.6667,2202.3333
2025-09-30,4230,3021,1574,2191,1491,1222,-3838776.0000,1239136.0000,26208241.0000,16207643.0000,1462.8,1360.1,1205.7143,1605,21161448.0000,16083536.0000,19342,14656,1238.6667,1146
2025-09-29,1175,1281,576,510,600,482,-169253.0000,1415935.0000,18594170.0000,5519191.0000,1489.0333,1379.5667,1305.1429,1683.5714,11635422.0000,10050234.0000,18874,14149,1852,1101
2025-09-26,1202,1526,441,596,646,802,-1143481.0000,174115.0000,8755332.0000,4683693.0000,1485.6,1361.1333,1386.8571,1651.8571,6174528.0000,4856932.0000,20286,15193,1815,1104.6667
2025-09-25,1061,909,384,590,396,479,-1208337.0000,102326.0000,8777558.0000,3869880.0000,1490.2,1351.3,1491.1429,1647.8571,6163718.0000,4853055.0000,19819,14921,1839.6667,1024.3333
2025-09-24,1040,3121,452,400,1483,1554,-8688.0000,-893086.0000,17946806.0000,12677759.0000,1506.6333,1275.5333,1507,1370.5714,11860061.0000,12744459.0000,17213,14524,1466,1320.6667
2025-09-23,1213,1415,580,523,518,879,156235.0000,-393029.0000,17682408.0000,3260987.0000,1516.7,1275.4667,1691.7143,1569.7143,8927763.0000,9477027.0000,16901,14124,1604.6667,1540
2025-09-22,820,983,336,428,348,529,1450144.0000,-336954.0000,11596587.0000,5299219.0000,1544,1315.3667,1790,1663.4286,6905954.0000,8693052.0000,16354,13834,1711.6667,1858
2025-09-19,1929,2000,677,1041,863,730,-377348.0000,1265834.0000,17135989.0000,11230459.0000,1535.7667,1292.5667,1680,1478.5714,12622423.0000,10979241.0000,22073,17338,1338.6667,1812
2025-09-18,1871,1831,796,958,657,1050,-1561256.0000,-273628.0000,20325272.0000,5327099.0000,1580.2667,1324.2,1525.4286,1291,11773557.0000,10485929.0000,21288,17175,1121.6667,1572
2025-09-17,1774,1304,912,708,433,761,2652735.0000,-702551.0000,24291541.0000,3493919.0000,1708.9333,1456.0667,1616.5714,1493.1429,10095947.0000,13451233.0000,21111,16728,1623.3333,1816
2025-09-16,1791,881,633,985,209,584,-1480567.0000,-985962.0000,45395454.0000,3355804.0000,1830.5333,1613.0667,1628.1429,1600,16724249.0000,16229644.0000,20858,15928,1876,1721.6667
2025-09-15,1151,1180,433,627,479,622,-2726812.0000,-30538.0000,24445317.0000,2746432.0000,1841.0667,1619.5667,1710.5714,1598.1429,13297654.0000,10601380.0000,20144,15436,1718,1724.3333
2025-09-12,2506,2809,1194,1198,989,1592,806221.0000,-1562009.0000,9831680.0000,6895994.0000,1783.5667,1553.8333,1572.2857,1332,6364257.0000,8732487.0000,21129,17118,954.3333,1152
2025-09-11,1508,1639,758,681,507,1010,-1217602.0000,-1147959.00,23823167.0000,5285072.00,1751.9333,1525.1,1634,1253.4286,14065151.0000,13995508.0000,19974,16595,1314.3333,1453.3333
2025-09-10,1159,706,527,579,334,302,-507888.0000,-46439.00,10485155.0000,3438135.00,1730.7667,1520,1752.7143,1335.1429,6880367.0000,6418918.0000,19742,16167,1622,1691
2025-09-09,789,518,355,391,200,273,-1321010.0000,-539079.00,9454919.0000,2156273.00,1747.2333,1559.8,1884.8571,1493,5940784.0000,5158853.0000,19564,15957,1838.3333,2004
2025-09-08,2412,2719,946,1326,1309,1157,-15970844.0000,1442118.0000,47030578.0000,11103134.0000,1725,1543.8,1646.2857,1190,35522472.0000,18109510.0000,18003,14978,1247.3333,1712.6667
2025-09-05,1872,1629,776,942,708,815,-5692113.0000,-82344.0000,20262460.0000,3126238.0000,1702.0333,1531.8333,1557.8571,1053.8571,13039616.0000,7429847.0000,18824,16316,1067.3333,1735.3333
2025-09-04,1728,1167,789,747,304,800,3667684.0000,-258060.00,24399608.0000,881511.00,1661.0333,1508.4,1471.2857,1003.8571,7415640.0000,11341384.0000,18398,16028,1104.3333,1822.6667
2025-09-03,1538,946,654,689,276,528,-79976.0000,410263.00,11940422.0000,2280998.00,1631.1333,1515.3333,1736.8571,1319.2857,4543442.0000,4053203.0000,17951,15343,1330,1881.3333
2025-09-02,1940,1089,699,1105,520,450,-2978365.0000,315886.00,34553250.0000,3398377.00,1613.7,1523.1,1658.1429,1309.2857,17075644.0000,14041643.0000,17361,14392,1166.3333,1482
2025-08-29,1990,1278,865,943,491,701,452206.0000,-293385.00,9800049.0000,1779028.00,1634.3333,1538.3667,1462.2857,1254.2857,4267813.0000,5013404.0000,18575,15758,965.6667,1236.3333
2025-08-28,1714,1623,867,668,576,899,3481119.0000,-1653561.0000,12797885.0000,7988569.0000,1633.3333,1541.0333,1300.4286,1079.4286,6181767.0000,12302447.0000,17814,15404,697,1039
2025-08-27,742,598,264,399,241,271,900674.0000,108525.00,7827651.0000,1821882.00,1635.2,1562.8667,1279.8571,1093,3792552.0000,4584701.0000,17520,15129,1549,1924
2025-08-26,1253,676,597,485,257,356,6723071.0000,-206846.0000,38557981.0000,1694816.0000,1620.7667,1591.0333,1381.1429,1262.8571,13072845.0000,20652047.0000,17161,14609,1663.3333,1969.3333
2025-08-25,1122,817,451,520,361,373,4091905.0000,371532.0000,43983357.0000,3055071.0000,1626.0667,1619.9,1377.8571,1285.1429,15171031.0000,20322612.0000,16850,14170,1688.6667,1801.6667
2025-08-22,3397,3154,1528,1619,1226,1744,3931263.0000,-2126122.0000,53082240.0000,8648054.0000,1565.7,1603.6333,1063.8571,922.2857,23006057.0000,29063442.0000,18138,15473,770.3333,863
2025-08-21,1389,1019,631,677,599,347,-2457502.0000,4516905.0000,10518878.0000,6752045.0000,1620.6333,1660.7667,1084.4286,897.8571,11491465.0000,4517058.0000,17683,14815,661.6667,599.3333
2025-08-20,619,893,237,349,531,286,-230484.0000,827045.00,2304674.0000,4522130.00,1632.8,1658.2333,1212.4286,972.1429,3629254.0000,2571725.0000,17297,14659,985.6667,1047
2025-08-19,581,399,270,290,151,220,-470057.0000,-84905.0000,3015102.0000,1286097.0000,1658.6,1681.2,1363.5714,1226.5714,2224653.0000,1839501.0000,17063,14523,1177,1219.6667
2025-08-18,598,693,267,306,336,332,310976.0000,220015.0000,6993938.0000,1255835.0000,1664.5333,1676.3333,1518.4286,1315.5714,3783866.0000,3874827.0000,16682,14275,1150.6667,1420
2025-08-15,1962,1865,974,829,686,1087,1975963.0000,167084.0000,10170521.0000,4453726.0000,1631.5333,1637.5,1696.1429,1446.2857,6039839.0000,7848718.0000,19525,16906,811.6667,1277
2025-08-14,1099,973,493,506,465,405,339677.0000,582614.00,4169176.0000,4064337.00,1656.2333,1653.5,2344,2058.7143,3961210.0000,3718273.0000,19444,16743,958.3333,1415.6667
2025-08-13,1199,614,452,627,291,277,-246379.0000,-46430.0000,7581651.0000,3388150.0000,1677.6333,1694.4333,2949.7143,2769.7143,5182385.0000,4982436.0000,19276,16429,1480.3333,1562.3333
2025-08-12,1533,848,716,723,268,521,612084.0000,-425764.0000,8249467.0000,2195440.0000,1660.2333,1706.8,2940.2857,2845,4327927.0000,5365775.0000,19140,15982,1636.3333,1612
2025-08-11,1515,1413,605,766,535,716,378297.0000,-59098.0000,8219319.0000,3866629.0000,1650.3333,1711.5,2835.4286,2762.7143,5049919.0000,5487314.0000,18291,15500,2092,2175.6667
2025-08-08,1639,2180,671,884,692,1146,-1722109.0000,-382931.00,8496741.0000,4987826.00,1620.9667,1671.1333,2681.1429,2562.2857,6797915.0000,5458737.0000,21746,19495,3118.6667,3507.3333
2025-08-07,1682,1316,916,684,540,593,2046217.0000,895187.0000,7073235.0000,3712854.0000,1597.6333,1675.4,2515.7143,2453.2857,4379302.0000,5530332.0000,21472,19005,4543.6667,4759.6667
2025-08-06,3206,2780,1274,1743,1411,1225,-982475.0000,908528.0000,14698147.0000,9181239.0000,1519.3333,1630.5,2241,2300.7143,11985697.0000,10094694.0000,21183,17862,4075.3333,4180
2025-08-05,5634,5260,2385,3054,2215,2805,544053.0000,397572.0000,24717495.0000,14883702.0000,1364.2,1503.1333,1685.4286,1869.1429,19095123.0000,19241604.0000,20025,17461,2601,2562.3333
2025-08-04,5439,5591,2658,2297,2669,2242,1611372.0000,3248142.0000,27373598.0000,32210523.0000,1230.5,1356.8,1077.4286,1251.8571,27432158.0000,25795388.0000,17532,13984,996.3333,935.6667
2025-08-01,1467,1375,661,707,619,618,135722.0000,1049470.0000,8113980.0000,5245220.0000,1213.7667,1330.7,939,1121.7143,6253769.0000,5340021.0000,18920,15623,722.3333,621.3333
2025-07-31,781,837,260,464,417,381,-489668.0000,410207.0000,4461946.0000,2884718.0000,1212.3,1330.3,919,1167,3786057.0000,2886182.0000,18654,15472,1014,788.6667
2025-07-30,559,777,233,279,298,291,809317.0000,783650.0000,3616768.0000,4172177.0000,1237.6,1338.3,1041.5714,1244.8571,2862709.0000,2888376.0000,18319,15270,1501.3333,1184
2025-07-29,524,553,248,258,215,314,291619.0000,641488.0000,2137818.0000,2717387.0000,1255.8,1368.7667,1339.4286,1413.8571,2530662.0000,2180793.0000,18400,15095,1740.3333,1403.6667
2025-07-28,1283,1712,711,461,665,930,-98854.0000,-113457.0000,4080166.0000,5437248.0000,1253.0667,1347.3667,1396.7143,1412.5714,4127238.0000,4141841.0000,17668,14333,1324.3333,1142
2025-07-25,1745,2239,622,1036,961,1183,-2004067.0000,1080363.0000,10088513.0000,10968430.0000,1231.5333,1332.8,1261.4286,1271.7143,12402954.0000,7526824.0000,18082,15540,962.6667,774
2025-07-24,1183,1270,602,541,597,598,291021.0000,39836.0000,3999702.0000,2838947.0000,1251.6667,1337.7667,1209.5714,1307.5714,2902412.0000,3153597.0000,17400,15075,980,852
2025-07-23,498,464,212,259,193,250,-2372436.0000,46903.0000,5037889.0000,2264248.0000,1262.1,1355.8667,1321.4286,1481.7143,4721668.0000,2302329.0000,17269,14942,1404,1555.6667
2025-07-22,641,1154,308,317,584,488,65394.0000,-235706.00,3287140.0000,3235460.00,1333.6333,1478,1456.4286,1697.7143,2879260.0000,3180360.0000,16763,14674,1587,1903.3333
2025-07-21,1417,1322,611,725,656,574,-3863129.0000,1031900.0000,16431765.0000,5055739.0000,1298.8667,1458.7333,1687.8571,1899.2857,12746254.0000,7851225.0000,16015,13890,1564,1697
2025-07-18,2609,1736,1177,1263,561,1111,707335.0000,-178191.00,12144880.0000,3503932.00,1235.4333,1424.6,1455.7143,1768,6967103.0000,7852629.0000,20084,16795,1492.3333,1100.6667
2025-07-17,1684,1703,624,948,870,789,-4477333.0000,1837217.0000,11119354.0000,5209281.0000,1198.4667,1398.1333,1408.7143,1680.1429,10989655.0000,4675105.0000,19904,16076,1485.6667,966.3333
2025-07-16,798,1253,308,422,594,558,-1007650.0000,408325.0000,5640731.0000,7174596.0000,1197.3333,1399.4333,1405.5714,1579.2857,6520006.0000,5104031.0000,19406,15851,1956.6667,1229
2025-07-15,820,1521,371,391,604,803,-2008506.0000,-344161.0000,5892446.0000,5238672.0000,1200.5667,1390.5333,1427.2857,1462,6069869.0000,4405524.0000,19025,15556,2360.6667,1968
2025-07-14,1281,1683,567,630,807,786,-702730.0000,172212.00,5020822.0000,4638972.00,1175.1667,1352.4,1507.1429,1429.1429,4801218.0000,3926276.0000,17937,14778,2072,1869
2025-07-11,1586,2666,744,763,1092,1310,-1452399.0000,-705238.0000,8175706.0000,10761892.0000,1143.3,1309.8,1543.5714,1311.4286,9079287.0000,8332126.0000,18727,16370,1546,1792
2025-07-10,3037,2733,1243,1538,1607,1051,-11139988.0000,2563446.0000,23145514.0000,9868744.0000,1067.8,1250.3667,1254.1429,1095.1429,22663976.0000,8960542.0000,17505,14653,817.3333,1038.3333
2025-07-09,984,817,437,463,398,308,1921667.0000,200665.0000,24235544.0000,2716812.0000,1089.0333,1322.8667,1287.5714,1200.4286,9992252.0000,11553254.0000,17037,14504,778.3333,1034.3333
2025-07-08,1355,1088,565,654,476,467,-1261408.0000,-73998.0000,13243535.0000,3576205.0000,1081.6,1327.0333,1202.2857,1183.4286,8530155.0000,7292745.0000,16488,13863,900,1196
2025-07-07,776,547,365,360,277,249,1893381.0000,363898.0000,8537736.0000,2237048.0000,1086,1340.5,1231.7143,1311.5714,4313523.0000,5843006.0000,16177,13523,1331.6667,1551
2025-07-03,972,700,475,460,224,440,81958.0000,-279778.0000,6350358.0000,1208850.0000,1078.0667,1343.9,1215.2857,1416.2857,3485946.0000,3847682.0000,17183,14668,1504.6667,1564
2025-07-02,1840,1453,775,992,612,570,-1947197.0000,45157.0000,12990220.0000,4953058.0000,1059.7333,1365.4667,1092.4286,1414.2857,9367966.0000,7375612.0000,16884,14051,1538.3333,1356.6667
2025-07-01,1841,1842,780,945,935,665,-6989937.0000,1585230.0000,28286531.0000,7738001.0000,1045.4,1340.4667,1033.4286,1322.7143,21319657.0000,12744490.0000,16089,13502,1247.3333,995.6667
2025-06-30,1011,1219,486,453,428,731,1903400.0000,-1108577.0000,11462518.0000,4561396.0000,1062.2667,1361.9667,1026.8571,1233.1429,6040036.0000,9052013.0000,15409,13115,1322.3333,986
2025-06-27,1218,1554,452,660,605,713,573377.0000,814809.0000,8787063.0000,4099865.0000,1056.0667,1345.9333,958.1429,1129,5756715.0000,5515283.0000,17059,13826,1282,865.6667
2025-06-26,758,969,362,320,467,441,453017.0000,-181481.0000,7628854.0000,2037455.0000,1100.9,1383,1038.1429,1135.8571,4118203.0000,4752701.0000,16759,13620,1438.6667,939.6667
2025-06-25,982,1444,403,505,600,653,-3724855.0000,1108280.0000,10914526.0000,7781410.0000,1117.9333,1389.1333,1050.7143,1139.1429,11043958.0000,6090823.0000,15905,13352,1357.6667,1088.3333
2025-06-24,857,1433,417,390,412,574,235007.0000,-631532.0000,7742457.0000,3102104.0000,1186,1427.4333,1099.8571,1087.2857,4335861.0000,5202400.0000,15415,13102,1077.3333,1124.3333
2025-06-23,980,1439,460,455,455,638,-3752804.0000,-314784.0000,8731307.0000,3932936.0000,1391.9,1511.4,1116.8571,1139.1429,7537009.0000,4098989.0000,14480,12611,872.6667,1043.3333
2025-06-20,1428,1201,523,795,538,547,-578557.0000,67661.0000,8576979.0000,3098913.0000,1430.0667,1599.3,1168.1429,1170.2857,5652325.0000,5006107.0000,21083,16959,811.3333,1006.6667
2025-06-18,965,592,439,403,184,366,-170837.0000,-755947.0000,4995810.0000,2117716.0000,1449.2,1608.3,1146.1429,1229.5714,2804353.0000,3389463.0000,21025,16703,1103,1041.6667
2025-06-17,737,825,277,417,390,363,-1051683.0000,-96457.0000,6438576.0000,3614235.0000,1448.3,1629.2333,1439,1800,5223591.0000,4268365.0000,20687,16421,1184.6667,1196.3333
2025-06-16,1318,1017,677,559,398,536,140310.0000,-566471.0000,8942849.0000,2308012.0000,1468.6333,1643.3,1304.1429,1761,5005515.0000,5712296.0000,20234,15980,1446.3333,1123.3333
2025-06-13,1070,1467,456,539,540,833,348321.0000,-60991.00,6055204.0000,4751044.00,1470.3667,1637.6667,1252.1429,1653.1429,4798653.0000,5207965.0000,21445,17343,1430.3333,1362.3333
2025-06-12,1201,1070,561,534,511,414,376533.0000,-222871.0000,6657332.0000,6368765.0000,1474.9667,1633.7333,1162.7143,1630.1429,4943559.0000,5881763.0000,21619,16892,1409.3333,1232.3333
2025-06-11,1099,1802,467,544,1061,633,-370313.0000,3257258.0000,5902812.0000,9127504.0000,1478.0333,1604.4667,1114.8571,1557.2857,8667584.0000,4828787.0000,20997,16517,2414.6667,1795
2025-06-10,1787,1419,811,865,635,693,-866994.0000,-329506.0000,15089622.0000,5816354.0000,1442.3333,1595.1333,990.5714,1533.7143,10242927.0000,9705439.0000,20433,15912,2189.6667,1324
2025-06-09,811,1007,336,433,426,472,-2232343.0000,-170709.0000,7764273.0000,2707284.0000,1474.2333,1608.1667,948.8571,1466.8571,5985293.0000,3923659.0000,19896,15566,2091.3333,1289
2025-06-06,2787,4818,1047,1527,2424,2051,-3955989.0000,2499703.0000,19221970.0000,18064029.0000,1412.9333,1476.5667,640.7143,976.8571,20774898.0000,14319206.0000,20515,15906,788.3333,551.6667
2025-06-05,374,744,147,190,329,380,-1544817.0000,-133347.00,5419622.0000,1267890.00,1423.2333,1486.1667,697.5714,1006.2857,3860421.0000,2448951.0000,20214,15853,971,681.6667
2025-06-04,706,712,225,410,287,375,-1559800.0000,-121367.0000,6448490.0000,2074076.0000,1437.9,1505.0333,828.2857,1332,4698532.0000,3260099.0000,19982,15577,1151.6667,752
2025-06-03,575,909,232,270,428,401,467702.0000,290304.0000,6186328.0000,2500047.0000,1446.4333,1499.8,907.8571,1375.4286,3870006.0000,4047404.0000,19523,15350,1028.3333,733.3333
2025-06-02,764,1292,365,372,412,714,180046.0000,-715703.0000,6274376.0000,3407445.0000,1464.9333,1498.9667,928.4286,1326.7143,4085796.0000,4981545.0000,18791,14907,1060.3333,688.6667
2025-05-30,917,1254,463,402,439,634,-30086.0000,-148828.0000,4027255.0000,2376689.0000,1468.9,1495.7333,902.2857,1262.1429,2791681.0000,2910423.0000,20147,15870,959,640.3333
2025-05-29,519,539,218,269,222,248,-1191365.0000,8022.0000,4398601.0000,1881829.0000,1498.5,1523.9667,1012.4286,1485.1429,3433876.0000,2234489.0000,19986,15691,1776.6667,1007.6667
2025-05-28,630,1388,286,314,514,743,-1898108.0000,-470393.0000,7105961.0000,2546205.0000,1514.4,1514.7333,1124,1442.8571,5282078.0000,3854363.0000,19274,15546,1718.3333,1175
2025-05-27,772,950,343,380,450,344,-1052750.0000,619133.0000,6218965.0000,2744751.0000,1556.3333,1526.5333,1230.4286,1573.4286,4916437.0000,3244554.0000,18821,15359,1718.6667,1220.3333
2025-05-23,1621,2992,689,808,1285,1247,-1241382.0000,1254696.0000,12174654.0000,7639473.0000,1544.7,1468.4,1146.2857,1299.2857,10219110.0000,7723032.0000,20828,16707,988.6667,924.6667
2025-05-22,1132,1213,497,524,573,556,-686351.0000,-430096.00,14440557.0000,3274668.00,1558.7,1465.1,1285,1423.2857,8138605.0000,7882350.0000,20185,16398,1284.3333,977.3333
2025-05-21,908,951,416,426,453,446,2100026.0000,233618.0000,7802657.0000,2904102.0000,1575.3,1475.8667,1368.5714,1520,4129518.0000,5995926.0000,19827,16090,1331.3333,1145
2025-05-20,734,802,275,398,324,389,-4944970.0000,339740.0000,10478947.0000,2952519.0000,1598.7333,1499.1667,1677.8571,1774.2857,9003323.0000,3718613.0000,19383,15846,1685.3333,1406
2025-05-19,1290,2100,634,624,1008,977,-954285.0000,848930.0000,12613602.0000,3609628.0000,1612.0333,1502.5667,2516,2039.7143,8702780.0000,6899565.0000,17790,14982,1343,1320
2025-05-16,1411,1092,524,760,434,514,-4419255.0000,328180.0000,20101097.0000,3120435.0000,1608.3,1526.9667,2682,2432,13739236.0000,6551911.0000,20954,17149,1672.6667,1550.6667
2025-05-15,1517,1864,697,670,729,950,-979641.0000,-482392.0000,23674204.0000,5011839.0000,1604.1,1499.5667,2685.1429,2288.8571,12659391.0000,12162142.0000,20412,16802,1594,1542.6667
2025-05-14,1032,1073,472,490,397,578,-4396174.0000,-7684.00,15542114.0000,2310501.00,1626.6667,1494.9333,2639.1429,2343.1429,10464715.0000,6076225.0000,19858,16534,2097,2165
2025-05-13,2103,2081,1057,901,870,861,6370552.0000,90187.0000,41264957.0000,4353136.0000,1613.7333,1478.7333,2614.1429,2251.4286,17453164.0000,23733529.0000,18851,16067,2722.6667,3849.6667
2025-05-12,1493,1628,724,610,659,872,-2030599.0000,437404.0000,19146304.0000,5701698.0000,1605.9,1481.6,2561.1429,2204.2857,12627395.0000,10159392.0000,18288,15778,3459.3333,4209.6667
2025-05-09,2899,2582,1335,1375,1060,1225,-3795890.0000,279547.0000,30857381.0000,6095765.0000,1541.8333,1431.7333,2338.2857,1971.4286,23311309.0000,11255172.0000,22270,18173,2886,3756.3333
2025-05-08,7157,3958,3320,3553,1653,2064,-5168415.0000,1828275.0000,87321969.0000,14664420.0000,1352.3333,1357.8667,1486,1538,52655067.0000,47048377.0000,20730,17561,2051,1607.3333
2025-05-07,2573,3838,1387,974,1661,1881,2966630.0000,465873.0000,19675123.0000,13199863.0000,1306.1667,1304.0333,1220.7143,1152.4286,13977897.0000,16478654.0000,18235,15875,1251.3333,1392.3333
2025-05-06,1539,862,600,703,388,415,-594257.0000,-412224.0000,7788663.0000,3456683.0000,1302.1667,1318.6,1253.4286,1229,5315202.0000,5133169.0000,17706,14685,1396.6667,1253.3333
2025-05-05,710,1453,309,332,594,586,1692775.0000,257686.0000,9876391.0000,8945919.0000,1326.8,1315.0667,1287.4286,1145.7143,7373013.0000,8808102.0000,16541,14333,1229.6667,1463
2025-05-02,1928,1439,611,1194,583,729,-1545330.0000,1152302.0000,13822017.0000,5544261.0000,1297.4333,1320.2,1109.5714,1087.5714,10097665.0000,7400033.0000,18137,15407,1058,1217.3333
2025-05-01,1122,1298,464,554,508,710,1108979.0000,461993.00,17212642.0000,4603986.00,1301.3667,1330.3,1113,1084.7143,8359901.0000,11987087.0000,17473,15055,1005,1082
2025-04-30,1339,952,539,689,332,553,118698.0000,-486567.0000,25353692.0000,2668870.0000,1309.1333,1354.1667,1040.4286,1056.1429,16850411.0000,9455676.0000,17171,14610,1153.6667,1225
2025-04-29,1191,924,585,527,334,530,4885897.0000,-819796.00,19392919.0000,2799500.00,1311.4667,1373.0667,1058.7143,1105.1429,6606553.0000,13612246.0000,16818,14192,1135.6667,1144
2025-04-28,716,1139,332,340,510,561,-347258.0000,399067.0000,9949943.0000,3251542.0000,1338.6333,1378.9333,1104.4286,1107.7143,6565070.0000,5818745.0000,16146,13916,1100,1133
2025-04-25,1768,1398,593,994,596,684,275862.0000,1039441.0000,14207897.0000,3631790.0000,1321.3667,1374.2667,1052.8571,1106,8069383.0000,7305804.0000,18007,14596,1060,925.6667
2025-04-24,948,870,475,386,299,518,-170590.0000,-86638.0000,11059479.0000,2553275.0000,1356.6,1375.4333,1075.5714,1140.4286,5585323.0000,5501371.0000,17588,14303,1020.6667,886.6667
2025-04-23,683,1032,295,331,458,393,-944115.0000,255629.0000,8013286.0000,3560239.0000,1361.8667,1403.0333,1268,1179.2857,5474952.0000,4275208.0000,17214,14055,1099,1098.6667
2025-04-22,1146,1278,575,425,554,609,2643775.0000,-325263.0000,11329243.0000,4092635.0000,1362.7,1478.2333,1286,1175,5155595.0000,8124633.0000,16496,13728,1058.6667,1062
2025-04-21,831,752,327,439,419,289,1929191.0000,801739.0000,7508555.0000,2940754.0000,1447.6667,1585.2333,1389,1226.7143,4374856.0000,5502308.0000,16072,13249,1270,1254
2025-04-17,1319,1267,617,613,532,661,913202.0000,546946.00,5572087.0000,2653299.00,1430.4,1566.8667,1401.4286,1227.7143,3599300.0000,3965556.0000,18662,15002,1218,1183.3333
2025-04-16,1036,1157,478,497,526,477,773460.0000,998988.0000,8578634.0000,4906875.0000,1425.5667,1551.8667,1458.7143,1276.8571,6324801.0000,6099273.0000,18333,14699,1267,1514.6667
2025-04-15,1407,1386,753,509,596,744,1141617.0000,-338200.0000,11295895.0000,4779923.0000,1421.3667,1541.9333,1499,1393.4286,6238703.0000,7718520.0000,17588,14399,1221,1469.6667
2025-04-14,1107,1111,452,572,467,581,-510712.0000,-1673305.0000,8594984.0000,7803989.0000,1423.3667,1541.5667,1526.4286,1495.2857,6843500.0000,8006093.0000,17228,14004,1222,1618
2025-04-11,2030,1304,875,975,461,775,2590885.0000,-875190.0000,12270401.0000,5333926.0000,1402.8333,1550.5,1435.1429,1457.8571,6155081.0000,9621156.0000,18196,15252,1212,1410
2025-04-10,1272,1248,569,669,556,446,-3083173.0000,828436.0000,11034458.0000,4942091.0000,1409.6333,1555.1333,1497.5714,1413,9310874.0000,5399265.0000,17530,14840,1296.3333,1465
2025-04-09,1552,1114,786,711,385,658,3013272.0000,-2544414.0000,15569315.0000,8101152.0000,1415.2333,1549.9,1520.8571,1481.7143,8748063.0000,14305749.0000,16986,14448,1659,1510.6667
2025-04-08,1406,1274,635,686,605,610,-106906.0000,820904.0000,15168357.0000,8332255.0000,1430.8333333333333333,1562.3000000000000000,1499.7142857142857143,1544.5714285714285714,11778956.0000,10851146.0000,16400,14220,1842.3333333333333333,1475.0000000000000000
2025-04-07,1437,1501,667,694,708,686,-7059563.0000,1691413.0000,22022041.0000,21948824.0000,1455.7666666666666667,1581.1333333333333333,1434.0000000000000000,1485.2857142857142857,25226743.0000,16475767.0000,16020,13551,1689.3333333333333333,1459.6666666666666667
2025-04-04,1689,2202,757,859,1006,1036,-3349594.0000,381924.0000,16157158.0000,14940987.0000,1723.1000000000000000,1690.7000000000000000,1403.0000000000000000,1419.5714285714285714,16631909.0000,12900391.0000,17250,14778,1266.6666666666666667,1466.3333333333333333
2025-04-03,1299,1824,610,614,654,992,-303299.0000,-1158513.0000,9551370.0000,8401729.0000,1853.4666666666666667,1835.6000000000000000,1387.1428571428571429,1476.5714285714285714,7890825.0000,8746039.0000,16549,14577,1190.3333333333333333,1605.0000000000000000
2025-04-02,1391,1042,677,617,464,465,562127.0000,214618.0000,5845355.0000,4357348.0000,1843.1666666666666667,1835.5666666666666667,1391.1428571428571429,1513.2857142857142857,4367852.0000,4715361.0000,16152,14133,1414.3333333333333333,1560.6666666666666667
2025-04-01,1709,934,853,740,463,360,1512135.0000,575004.0000,11086651.0000,6289071.0000,1835.2000000000000000,1852.5666666666666667,1354.0000000000000000,1572.2857142857142857,7348703.0000,8285834.0000,15746,13502,1465.0000000000000000,1316.6666666666666667
2025-03-31,1715,1595,842,794,666,855,-589758.0000,-1041310.0000,11968667.0000,9251673.0000,1854.9666666666666667,1853.5666666666666667,1258.5714285714285714,1572.0000000000000000,9976709.0000,10428261.0000,14822,12719,1514.0000000000000000,1235.6666666666666667
2025-03-28,1258,1714,454,748,783,841,-2214083.0000,217301.0000,9713691.0000,6020456.0000,1845.0000000000000000,1829.1333333333333333,1256.0000000000000000,1555.8571428571428571,8763068.0000,6331684.0000,16526,13866,1683.6666666666666667,1212.3333333333333333
2025-03-27,977,1086,452,465,448,604,86187.0000,-288247.0000,3447469.0000,2635213.0000,1834.0333333333333333,1828.6000000000000000,1341.0000000000000000,1639.0000000000000000,2701294.0000,3075728.0000,16027,13686,1754.6666666666666667,1359.6666666666666667
2025-03-26,1472,1742,609,787,1001,659,-1304103.0000,858914.0000,9776378.0000,5251177.0000,1813.2333333333333333,1810.9666666666666667,1310.8571428571428571,1603.1428571428571429,7896981.0000,5733964.0000,15218,12998,1623.0000000000000000,1352.0000000000000000
2025-03-25,1188,2223,598,464,1135,825,842590.0000,1228371.0000,11919432.0000,8376118.0000,1803.2000000000000000,1765.0333333333333333,1359.8571428571428571,1473.4285714285714286,9361728.0000,8975947.0000,14457,12711,1413.0000000000000000,1305.0000000000000000
2025-03-24,1419,1299,686,599,569,624,66272.0000,175192.0000,11854235.0000,3856157.0000,1821.2666666666666667,1776.9000000000000000,1335.7142857142857143,1467.5714285714285714,7471751.0000,7362831.0000,13878,12161,1513.6666666666666667,1245.3333333333333333
2025-03-21,1449,1347,735,599,505,706,967517.0000,268338.0000,7121511.0000,4014455.0000,1847.6000000000000000,1785.0000000000000000,1415.1428571428571429,1404.4285714285714286,5026516.0000,5725695.0000,20586,16950,1620.6666666666666667,1286.3333333333333333
2025-03-20,1047,1593,457,524,591,855,-340791.0000,-889121.0000,7619404.0000,4553342.0000,1845.2000000000000000,1756.2333333333333333,1385.7142857142857143,1442.5714285714285714,5398998.0000,5947328.0000,20048,16851,1586.6666666666666667,1357.6666666666666667
2025-03-19,1240,1601,642,533,815,672,1963305.0000,564989.0000,10851638.0000,3105520.0000,1849.6666666666666667,1736.8333333333333333,1375.8571428571428571,1718.7142857142857143,5846941.0000,7245257.0000,19771,16655,1491.3333333333333333,1454.6666666666666667
2025-03-18,1572,1668,689,802,825,753,-1487964.0000,178065.0000,7223914.0000,5257410.0000,1867.3000000000000000,1751.4000000000000000,1634.1428571428571429,2046.4285714285714286,6683224.0000,5017195.0000,18808,15898,1354.6666666666666667,1347.3333333333333333
2025-03-17,1261,1491,643,561,600,754,577470.0000,-632218.00,9628406.0000,5014033.00,1888.2333333333333333,1736.5333333333333333,1568.4285714285714286,1935.7142857142857143,6242413.0000,7452101.0000,18012,15436,1159.3333333333333333,1595.3333333333333333
2025-03-14,1531,1315,701,743,435,730,402499.0000,-54879.0000,6049532.0000,6694987.0000,1948.1333333333333333,1741.1333333333333333,1477.0000000000000000,1848.8571428571428571,4939098.0000,5396476.0000,20048,16571,1341.0000000000000000,1365.3333333333333333
2025-03-13,1250,1258,367,842,608,613,-287347.0000,1378365.0000,3928252.0000,6932811.0000,1927.0000000000000000,1718.8333333333333333,1481.4285714285714286,1824.5714285714285714,6135640.0000,4469928.0000,19573,16580,2099.6666666666666667,1339.0000000000000000
2025-03-12,2005,905,1204,704,412,421,3549467.0000,335222.0000,10322789.0000,4240153.0000,1930.1000000000000000,1732.4333333333333333,1361.7142857142857143,1852.4285714285714286,5257486.0000,8471731.0000,19204,15748,3118.6666666666666667,1797.3333333333333333
2025-03-11,841,1860,431,360,380,1443,2038424.0000,-1566732.0000,7308907.0000,6068952.0000,1947.7000000000000000,1714.8000000000000000,1443.5714285714285714,1811.2857142857142857,4583349.0000,8188505.0000,19204,15397,2737.3333333333333333,1784.0000000000000000
2025-03-10,1171,3534,537,556,2203,1131,-1735712.0000,4256304.0000,19274546.0000,16037903.0000,1981.8666666666666667,1638.8333333333333333,1487.1428571428571429,1504.5714285714285714,19726885.0000,13734869.0000,17322,14843,1795.0000000000000000,1690.6666666666666667
2025-03-07,3380,3962,1315,1750,1877,1799,1998864.0000,-984048.0000,26985812.0000,18061028.0000,1902.9666666666666667,1540.4000000000000000,1250.0000000000000000,1075.2857142857142857,18376429.0000,21376141.0000,18113,15708,837.0000000000000000,991.0000000000000000
2025-03-06,801,716,352,404,365,322,6019.0000,434765.0000,7645848.0000,2420702.0000,1928.8000000000000000,1558.4666666666666667,1403.2857142857142857,1208.1428571428571429,4880628.0000,4451882.0000,17947,15608,965.0000000000000000,1113.0000000000000000
2025-03-05,891,707,449,363,284,395,3209590.0000,-451786.0000,11798759.0000,3448834.0000,1926.4666666666666667,1590.7000000000000000,1588.1428571428571429,1402.2857142857142857,5349276.0000,9010652.0000,17691,15326,1253.3333333333333333,1287.3333333333333333
2025-03-04,1281,1088,656,525,496,456,929875.0000,-218959.0000,9140885.0000,6382756.0000,1958.1333333333333333,1609.4333333333333333,2792.1428571428571429,2031.0000000000000000,6619596.0000,7768430.0000,17403,14907,1353.0000000000000000,1352.3333333333333333
2025-03-03,1167,1100,408,651,609,419,-2805553.0000,950656.0000,11699438.0000,3954534.0000,1977.3666666666666667,1624.6666666666666667,3369.7142857142857143,2755.4285714285714286,8859493.0000,5103284.0000,16681,14288,1305.3333333333333333,1536.6666666666666667
2025-02-28,1414,1572,636,704,749,728,60506.0000,217603.0000,6712460.0000,6954352.0000,2011.6000000000000000,1625.1333333333333333,3322.2857142857142857,2679.5714285714285714,6456352.0000,6299255.0000,18283,16387,1330.0000000000000000,1690.0000000000000000
2025-02-27,1476,1387,513,854,795,508,-1560947.0000,1718428.0000,12166652.0000,5698988.0000,1989.6333333333333333,1617.6333333333333333,3321.4285714285714286,2687.7142857142857143,9769660.0000,6490285.0000,17928,16104,1556.3333333333333333,1926.3333333333333333
2025-02-26,1720,957,874,742,445,452,5472466.0000,307007.0000,18905785.0000,4693706.0000,1993.0666666666666667,1641.4333333333333333,3405.4285714285714286,2783.1428571428571429,8454671.0000,13620130.0000,17626,15404,3067.0000000000000000,4589.3333333333333333
2025-02-25,1874,1646,797,974,831,726,-1825836.0000,-380476.0000,17117856.0000,7575971.0000,1993.8000000000000000,1619.4000000000000000,3274.7142857142857143,2688.1428571428571429,12554576.0000,11109216.0000,16987,14945,4575.3333333333333333,5701.3333333333333333
2025-02-24,2185,2066,973,1104,915,1021,713507.0000,-85447.0000,19566316.0000,6390080.0000,1984.5333333333333333,1584.8000000000000000,3055.1428571428571429,2545.8571428571428571,11867796.0000,12666750.0000,16212,14398,4233.6666666666666667,5333.6666666666666667
2025-02-21,9709,5489,4254,4898,2514,2714,9271914.0000,1741648.0000,88118302.0000,13466318.0000,1694.2666666666666667,1422.5000000000000000,1789.2857142857142857,1935.0000000000000000,44470537.0000,52000803.0000,22119,17550,2885.3333333333333333,2587.3333333333333333
2025-02-20,5210,6171,2306,2234,2170,3233,680045.0000,-81296.0000,31162952.0000,11263981.0000,1586.2333333333333333,1247.4000000000000000,1171.7142857142857143,1174.1428571428571429,18603156.0000,19364497.0000,17880,15062,1370.0000000000000000,1620.0000000000000000
2025-02-19,1082,1041,397,512,416,535,41943.0000,-652445.0000,8840630.0000,3625224.0000,1706.9333333333333333,1281.7333333333333333,1297.2857142857142857,1261.8571428571428571,5377528.0000,6071916.0000,17396,14606,1350.0000000000000000,1579.0000000000000000
2025-02-18,1470,1444,484,873,610,718,-13778206.0000,-102078.0000,31933447.0000,5920747.0000,1738.3333333333333333,1273.0333333333333333,1407.1428571428571429,1282.7142857142857143,25019166.0000,11343038.0000,16665,13977,1225.3333333333333333,1305.0000000000000000
2025-02-14,2308,1625,1163,993,679,802,-987266.0000,-896343.0000,23637386.0000,7619223.0000,1697.9333333333333333,1239.6333333333333333,1216.7142857142857143,1154.8571428571428571,14037411.0000,13946488.0000,17930,14789,1088.0000000000000000,818.3333333333333333
2025-02-13,959,981,539,360,538,383,1682049.0000,227809.0000,7656383.0000,2385091.0000,1723.3333333333333333,1251.7000000000000000,1276.0000000000000000,1160.2857142857142857,3771107.0000,5225347.0000,17620,14665,1042.6666666666666667,794.3333333333333333
2025-02-12,648,1070,272,312,442,528,1069307.0000,586336.0000,5588070.0000,3997341.0000,1738.2333333333333333,1257.5000000000000000,1483.5714285714285714,1308.1428571428571429,3591745.0000,4074716.0000,17068,14393,1237.6666666666666667,1232.0000000000000000
2025-02-11,848,1213,385,402,686,468,1138827.0000,1091413.0000,8531515.0000,5242612.0000,1740.3000000000000000,1245.0666666666666667,1632.2857142857142857,1284.1428571428571429,6315809.0000,6363223.0000,16492,14131,1363.3333333333333333,1695.6666666666666667
2025-02-10,887,845,461,357,348,412,310875.0000,-367783.0000,8631754.0000,3901207.0000,1733.6666666666666667,1234.2333333333333333,1981.0000000000000000,1371.0000000000000000,5429209.0000,6107867.0000,16239,13837,1325.0000000000000000,1725.0000000000000000
2025-02-07,1961,1655,938,915,739,574,938068.0000,261184.0000,8810707.0000,4477136.0000,1715.2333333333333333,1216.0333333333333333,1788.8571428571428571,1218.7142857142857143,5549992.0000,6226876.0000,17875,15704,1113.0000000000000000,1529.3333333333333333
2025-02-06,2239,1590,1107,794,678,756,2426413.0000,-16759.0000,13430462.0000,6847741.0000,1754.4333333333333333,1244.4000000000000000,1768.7142857142857143,1179.1428571428571429,7796408.0000,10239580.0000,17291,15569,1284.6666666666666667,1483.3333333333333333
2025-02-05,975,730,469,383,307,330,3574697.0000,1157125.0000,20866475.0000,6864911.0000,1834.0666666666666667,1354.5666666666666667,1825.0000000000000000,1265.0000000000000000,10104622.0000,12522194.0000,17018,15255,1389.6666666666666667,1788.0000000000000000
2025-02-04,1374,1019,714,553,398,511,497072.0000,-498604.0000,9116717.0000,4469435.0000,1909.5333333333333333,1414.8000000000000000,1942.4285714285714286,1298.7142857142857143,5832043.0000,6827719.0000,16596,15016,1534.3333333333333333,2439.3333333333333333
2025-02-03,2101,2105,983,962,761,840,1167536.0000,-894236.0000,10365682.0000,7322604.0000,1922.2666666666666667,1384.1000000000000000,1787.0000000000000000,1142.1428571428571429,6467102.0000,8528874.0000,15460,13762,1029.0000000000000000,1944.3333333333333333
2025-01-31,1889,1045,569,982,494,484,-1029930.0000,179222.0000,7963733.0000,3142703.0000,1929.5000000000000000,1396.7000000000000000,1742.2857142857142857,1172.5714285714285714,5395154.0000,4186002.0000,17059,15778,1118.3333333333333333,2014.0000000000000000
2025-01-30,3328,1453,1709,1392,601,745,5691086.0000,-1114490.00,31134893.0000,3760657.00,1923.2000000000000000,1434.3000000000000000,1384.1428571428571429,1204.1428571428571429,13395347.0000,20200923.0000,16440,15164,1077.6666666666666667,1361.0000000000000000
2025-01-29,616,589,266,312,238,264,-631890.0000,-117550.00,5169908.0000,1617155.00,1957.7000000000000000,1445.1333333333333333,1614.8571428571428571,1355.7142857142857143,3397164.0000,2882824.0000,16326,14945,1299.6666666666666667,1887.6666666666666667
2025-01-28,2098,1313,1201,770,533,487,4699372.0000,271703.0000,14712162.0000,5058176.0000,1942.7666666666666667,1435.4333333333333333,1564.2857142857142857,1390.5714285714285714,6587642.0000,11015311.0000,15929,14165,1198.3333333333333333,1526.0000000000000000
2025-01-27,1369,1331,601,742,602,676,461432.0000,452416.0000,4920720.0000,4539066.0000,1971.2333333333333333,1422.9666666666666667,1717.4285714285714286,1427.0000000000000000,4504345.0000,4513361.0000,15035,13323,1174.0000000000000000,1595.0000000000000000
2025-01-24,2196,1255,986,1081,522,594,586662.0000,430543.0000,9037808.0000,2118735.0000,2023.4666666666666667,1499.2666666666666667,1520.4285714285714286,1413.7142857142857143,5025162.0000,5181281.0000,16631,14338,1313.6666666666666667,1136.6666666666666667
2025-01-23,1013,1009,435,502,448,502,-59262.0000,-297561.0000,4760986.0000,3791788.0000,2051.8666666666666667,1535.9666666666666667,1636.1428571428571429,1508.2857142857142857,4014175.0000,4252474.0000,16184,13920,1527.3333333333333333,1542.6666666666666667
2025-01-22,1576,1258,716,787,597,586,1224791.0000,-122034.0000,5354394.0000,3177277.0000,2076.3666666666666667,1526.5333333333333333,1681.8571428571428571,1469.2857142857142857,3368768.0000,4715593.0000,15246,13125,1627.0000000000000000,1598.6666666666666667
2025-01-21,821,1674,245,503,628,847,-447520.0000,-146932.0000,4532308.0000,6241465.0000,2147.1000000000000000,1500.3333333333333333,1837.0000000000000000,1377.0000000000000000,4624003.0000,4323415.0000,14289,12676,1597.6666666666666667,2138.6666666666666667
2025-01-17,2231,1650,926,1103,796,763,2356763.0000,-76653.0000,12428551.0000,3810458.0000,2124.3666666666666667,1465.5000000000000000,1661.2857142857142857,1229.8571428571428571,6248494.0000,8681910.0000,22948,20739,1435.0000000000000000,1667.3333333333333333
2025-01-16,1744,1557,684,970,922,554,-938176.0000,2290447.0000,16389802.0000,7189964.0000,2133.6666666666666667,1466.3333333333333333,1693.4285714285714286,1138.5714285714285714,14708942.0000,8322849.0000,22243,20257,1473.0000000000000000,1693.6666666666666667
2025-01-15,2441,1586,1215,1058,592,836,3216520.0000,159246.0000,15668111.0000,4616707.0000,2150.0333333333333333,1485.4000000000000000,2016.5714285714285714,1207.8571428571428571,7860722.0000,10917996.0000,21960,19813,1272.6666666666666667,1512.0000000000000000
2025-01-14,817,1162,325,397,576,497,-228117.0000,24877.0000,2252206.0000,5300532.0000,2202.1666666666666667,1514.5333333333333333,2244.4285714285714286,1210.8571428571428571,3529106.0000,3276112.0000,21610,19656,1228.0000000000000000,1875.3333333333333333
2025-01-13,1823,1671,718,976,874,570,-286418.0000,1510594.0000,5742150.0000,9112870.0000,2230.3000000000000000,1518.4666666666666667,2140.5714285714285714,1061.1428571428571429,7651351.0000,5854339.0000,20618,18690,877.6666666666666667,1601.3333333333333333
2025-01-10,1896,985,829,1000,404,518,-1881353.0000,5428.0000,8984289.0000,3151332.0000,2315.7000000000000000,1562.0000000000000000,2115.5714285714285714,1112.2857142857142857,6977131.0000,4830350.0000,21356,19609,855.3333333333333333,1625.6666666666666667
2025-01-08,1907,1028,655,1070,467,451,-1465033.0000,-302957.0000,9111602.0000,5764932.0000,2356.5333333333333333,1601.4333333333333333,1999.5714285714285714,1143.1428571428571429,7246170.0000,6084094.0000,21134,18897,1203.0000000000000000,2557.6666666666666667
2025-01-07,1001,620,398,544,315,259,-244203.0000,253824.00,4587991.0000,2430052.00,2390.0000000000000000,1625.3000000000000000,1986.5714285714285714,1174.5714285714285714,3611390.0000,3113363.0000,20878,18635,1390.6666666666666667,3028.0000000000000000
2025-01-06,1969,918,864,941,492,360,-716438.0000,225264.0000,14081759.0000,2830672.0000,2370.7333333333333333,1615.6000000000000000,1803.5714285714285714,1117.7142857142857143,8427689.0000,7485987.0000,20438,17871,1292.3333333333333333,2737.0000000000000000
2025-01-03,4703,2071,2289,1954,741,1241,2368562.0000,-550875.0000,20170869.0000,4994825.0000,2252.0666666666666667,1568.7666666666666667,1332.8571428571428571,980.2857142857142857,9814241.0000,12733678.0000,21665,19180,1049.6666666666666667,1743.0000000000000000
2025-01-02,2412,1183,1110,1135,506,551,-21082.0000,-403491.0000,7737738.0000,3703305.0000,2250.9000000000000000,1562.2000000000000000,1476.1428571428571429,1160.0000000000000000,5218407.0000,5600816.0000,21243,18387,1070.0000000000000000,1304.0000000000000000
2024-12-31,1096,623,374,617,293,280,-868210.0000,264958.0000,4016070.0000,3273502.0000,2288.9666666666666667,1606.0333333333333333,1800.1428571428571429,1647.4285714285714286,3720170.0000,2587002.0000,21096,18182,1142.3333333333333333,1242.0000000000000000
2024-12-30,1721,1343,802,763,609,642,600384.0000,-104909.0000,4632156.0000,2509239.0000,2350.4333333333333333,1637.0000000000000000,2074.0000000000000000,1859.2857142857142857,2991561.0000,3696854.0000,20219,17084,868.0000000000000000,897.6666666666666667
2024-12-27,1095,1244,460,533,572,566,837940.0000,-541405.0000,3103689.0000,5804219.0000,2400.2333333333333333,1639.5666666666666667,2272.2857142857142857,1850.7142857142857143,3369049.0000,4748394.0000,21262,19335,823.0000000000000000,1002.0000000000000000
2024-12-26,910,840,429,413,360,387,-71504.0000,-1023243.0000,3235768.0000,5883301.0000,2479.1333333333333333,1682.0333333333333333,2443.1428571428571429,1934.0000000000000000,3869495.0000,4821234.0000,21118,19080,1356.6666666666666667,1837.0000000000000000
2024-12-24,688,520,227,421,140,311,-503641.0000,-208544.00,2328596.0000,2743922.00,2670.5333333333333333,1784.3000000000000000,2793.2857142857142857,2228.4285714285714286,2382450.0000,2087353.0000,21347,19072,2528.3333333333333333,2729.0000000000000000
2024-12-23,1408,1109,697,630,600,455,3386894.0000,3160864.0000,10506319.0000,8184573.0000,2922.6000000000000000,1891.1333333333333333,2828.0000000000000000,2200.5714285714285714,9078351.0000,9304381.0000,21024,18521,3100.6666666666666667,3472.3333333333333333
2024-12-20,3415,2441,1694,1414,975,1198,1905322.0000,-809052.0000,10981042.0000,11370275.0000,3271.4000000000000000,2179.1333333333333333,2575.8571428571428571,1997.8571428571428571,8891034.0000,11605408.0000,23895,24299,2681.6666666666666667,3161.6666666666666667
2024-12-19,3364,4035,1331,1856,1811,1830,2366231.0000,-1854510.0000,15931040.0000,49263471.0000,3283.2666666666666667,2130.4666666666666667,2412.8571428571428571,1558.1428571428571429,30550835.0000,31121176.0000,25049,23287,1811.0000000000000000,2742.3333333333333333
2024-12-18,3638,2826,1294,2168,1433,1188,-1111316.0000,2118767.0000,10618529.0000,15904394.0000,3199.9666666666666667,2080.7333333333333333,2430.7142857142857143,1660.7142857142857143,13923873.0000,10693790.0000,23959,21804,1729.3333333333333333,2576.0000000000000000
2024-12-17,2483,1184,1068,1183,528,557,1003566.0000,-437935.00,6202863.0000,5365539.00,3156.7333333333333333,2068.9333333333333333,2342.4285714285714286,1793.0000000000000000,4796268.0000,6237769.0000,23702,20836,1639.3333333333333333,2298.6666666666666667
2024-12-16,2106,1423,761,1154,635,519,-817920.0000,268436.0000,8624700.0000,8193508.0000,3126.7333333333333333,2081.5666666666666667,2371.7142857142857143,1729.0000000000000000,7837317.0000,6750961.0000,23118,19864,1505.6666666666666667,2146.6666666666666667
2024-12-13,3139,2581,1156,1794,1113,1271,-865312.0000,-2010727.0000,9678509.0000,12438747.0000,3055.2000000000000000,2052.8000000000000000,2343.7142857142857143,1487.1428571428571429,9642903.0000,10788318.0000,23826,21102,964.3333333333333333,1841.3333333333333333
2024-12-12,1651,914,813,756,459,396,541665.0000,42140.00,5785172.0000,2949778.00,3046.5666666666666667,2047.3333333333333333,2329.1428571428571429,1443.0000000000000000,3848475.0000,4348000.0000,23866,20846,1841.0000000000000000,2545.3333333333333333
2024-12-11,1650,1022,860,658,406,514,487420.0000,-395981.0000,5753729.0000,8729428.0000,3018.7000000000000000,2035.7000000000000000,2382.4285714285714286,1523.0000000000000000,5858043.0000,6741444.0000,23406,20524,2203.6666666666666667,2617.0000000000000000
2024-12-10,2223,957,966,1123,379,457,-1500831.0000,-252204.0000,12973801.0000,4849884.0000,2994.3333333333333333,2026.8000000000000000,2483.7142857142857143,1694.5714285714285714,9995111.0000,6997684.0000,23084,19871,2209.6666666666666667,2646.3333333333333333
2024-12-09,3763,3544,1530,2006,1666,1481,259482.0000,-1544012.0000,17803049.0000,16600244.0000,2920.7000000000000000,1957.9333333333333333,2286.2857142857142857,1479.1428571428571429,14562822.0000,16366316.0000,20998,17899,1324.3333333333333333,2373.0000000000000000
2024-12-06,1865,2110,677,1063,701,982,-501828.0000,29272.00,5165825.0000,6428365.00,2891.1333333333333333,1913.8000000000000000,2400.8571428571428571,1433.2857142857142857,4101035.0000,3569935.0000,22211,20718,822.6666666666666667,2267.6666666666666667
2024-12-05,2311,975,1029,1129,480,430,-358284,-159645,4350502,1275291,2840.9333333333333333,1905.9000000000000000,2707.5714285714285714,1621.2857142857142857,2790301,2591662,22023,20179,1025.0000000000000000,2171.6666666666666667
2024-12-04,2943,888,1611,1020,306,387,1579698,-252286,8235371,1727605,2764.6000000000000000,1907.4000000000000000,2734.5714285714285714,1810.2857142857142857,3603106,5435090,21819,19261,1448.3333333333333333,2168.0000000000000000
2024-12-03,1549,605,576,841,269,239,-1623831,-120023,6066740,1399609,2743.8666666666666667,1913.2666666666666667,2799.7142857142857143,1914.7142857142857143,4185916,2682108,21556,18482,1925.3333333333333333,2445.3333333333333333
2024-12-02,2023,1582,899,953,740,705,-908089,436176,8857037,3310611,2726.5000000000000000,1896.7333333333333333,2709.4285714285714286,1778.2857142857142857,6428069,5083804,20674,17485,1994.3333333333333333,2660.0000000000000000
2024-11-29,2932,2158,1246,1447,967,992,529662,546111,12385323,5242431,2664.0666666666666667,1842.4333333333333333,2453.8571428571428571,1565.1428571428571429,8224669,8208220,22398,18880,2038.6666666666666667,3168.6666666666666667
2024-11-27,2381,2036,953,1179,820,1010,-1599271,367277,10639204,3650866,2614.7333333333333333,1795.1666666666666667,2453.2857142857142857,1415.1428571428571429,7491214,5524666,21836,18081,2097.0000000000000000,3419.0000000000000000
2024-11-26,2667,1789,1113,1253,780,770,-796154,208384,10898067,2440269,2565.2000000000000000,1756.5666666666666667,2392.0000000000000000,1436.4285714285714286,6590927,5586389,20913,17975,1946.0000000000000000,3198.3333333333333333
2024-11-25,4458,2291,2255,1873,951,1119,1788296,-892338,20207971,4517236,2441.1000000000000000,1709.8666666666666667,2264.4285714285714286,1433.7142857142857143,10122514,12803148,20264,17120,1391.3333333333333333,2176.0000000000000000
2024-11-22,3132,2211,1577,1340,852,1018,856678,-418411,13681464,3362408,2441.3000000000000000,1677.5000000000000000,2186.8571428571428571,1306.5714285714285714,6915434,8190523,20917,19047,876.3333333333333333,1513.0000000000000000
2024-11-21,2005,1336,1030,847,468,752,2093200,-636516,10237166,2877913,2422.7666666666666667,1664.8000000000000000,2368.5714285714285714,1417.7142857142857143,4866054,7595770,20459,18909,759.6666666666666667,1637.0000000000000000
2024-11-20,1391,627,853,445,297,278,528924,145292,4718793,1536467,2459.2666666666666667,1679.9333333333333333,3088.4285714285714286,1840.7142857142857143,2785519,3169151,20363,18716,1196.6666666666666667,1919.3333333333333333
2024-11-19,1143,666,619,473,262,318,817929,78339,4364975,1720275,2496.9000000000000000,1683.3666666666666667,4206.5714285714285714,2361.8571428571428571,2552505,3292095,20075,18453,1732.0000000000000000,2726.6666666666666667
2024-11-18,2377,986,1188,1049,416,475,-653819,599202,6998616,2479055,2465.8000000000000000,1692.0000000000000000,5849.7142857142857143,3804.0000000000000000,5081961,3828940,19676,17680,1843.6666666666666667,2797.3333333333333333
2024-11-15,2238,1938,969,1104,794,963,40289,-791706,6866882,7014806,2460.0000000000000000,1703.7333333333333333,6061.4285714285714286,3895.0000000000000000,6052579,6884574,23984,23665,1902.3333333333333333,3143.6666666666666667
2024-11-14,3565,2272,1338,1983,1161,846,-1467849,1363469,11073815,7014417,2377.3333333333333333,1666.1666666666666667,5714.8571428571428571,3761.0000000000000000,9637560,6806242,23352,22820,2341.0000000000000000,4098.6666666666666667
2024-11-13,2589,1321,1060,1293,609,547,-1287697,309419,11625052,4157537,2381.1000000000000000,1679.5333333333333333,5514.4285714285714286,3690.8571428571428571,8319020,6721904,22910,22098,3338.6666666666666667,6225.6666666666666667
2024-11-12,3277,2114,1598,1489,820,940,2124826,-345106,16281415,3835088,2305.0666666666666667,1627.6333333333333333,5218.5714285714285714,3646.2857142857142857,8065238,10535170,22767,21404,6327.6666666666666667,9759.6666666666666667
2024-11-11,6430,3588,3165,2837,1687,1605,3040319,598027,26946174,7769530,2139.8666666666666667,1555.2666666666666667,4441.8571428571428571,3379.1428571428571429,15147481,17589773,21324,19953,5990.0000000000000000,8856.3333333333333333
2024-11-08,8970,4314,4228,4128,1783,2094,2847495,1468580,32948905,14638989,1891.2000000000000000,1467.5000000000000000,3359.2857142857142857,2870.0000000000000000,21851017,22637932,23643,22992,4996.6666666666666667,6246.0000000000000000
2024-11-07,13879,11081,5277,7559,5599,4406,-7072804,14958696,53977734,92016877,1464.6333333333333333,1129.4000000000000000,1492.8571428571428571,1383.1428571428571429,76441638,58671288,20729,17488,1579.6666666666666667,2015.0000000000000000
2024-11-06,3720,2575,1630,1616,1110,1205,148120,-150590,19479974,8898535,1372.3000000000000000,1070.1333333333333333,1174.5714285714285714,1113.8571428571428571,12641527,12940237,19408,15538,1322.0000000000000000,1177.0000000000000000
2024-11-05,1139,1334,564,500,448,693,2441147,-495473,11093025,6447541,1380.6666666666666667,1060.8000000000000000,1233.8571428571428571,1134.4285714285714286,6640203,9576823,18597,15184,1450.0000000000000000,1128.3333333333333333
2024-11-04,1186,830,565,500,403,319,104849,157289,7526632,3844578,1369.6333333333333333,1070.9000000000000000,1204.1428571428571429,1128.1428571428571429,5184575,5132135,18197,14547,1423.3333333333333333,1197.0000000000000000
2024-11-01,1206,1802,516,582,883,848,441621,429990,6271808,3311885,1388.1000000000000000,1059.4000000000000000,1146.8571428571428571,976.1428571428571429,4474716,4486347,19111,16491,1047.0000000000000000,1066.3333333333333333
2024-10-31,993,1718,485,458,642,1011,1001231,-308267,5143490,3875740,1412.2333333333333333,1053.4666666666666667,1098.2857142857142857,864.0000000000000000,3640756,4950254,18009,16287,704.3333333333333333,1232.6666666666666667
2024-10-30,1392,750,547,672,354,332,-789135,1895629,8025276,4859761,1402.5333333333333333,1063.2666666666666667,1031.8571428571428571,868.4285714285714286,7167608,4482844,17672,15940,947.0000000000000000,1286.6666666666666667
2024-10-29,814,673,293,455,290,327,-1431762,5083,6582426,2033260,1430.9000000000000000,1072.3000000000000000,1130.1428571428571429,927.4285714285714286,4672213,3235368,17382,15632,984.6666666666666667,1341.3333333333333333
2024-10-28,1492,690,679,757,316,336,-2203336,470736,6837296,1415829,1409.5333333333333333,1099.5000000000000000,1068.2857142857142857,904.4285714285714286,5272986,2598914,17028,14839,1000.6666666666666667,1112.3333333333333333
2024-10-25,1554,1478,730,764,673,713,294376,-70882,7092912,2956833,1441.3666666666666667,1125.4333333333333333,975.0000000000000000,781.5714285714285714,4604161,4969419,18189,16097,819.0000000000000000,812.0000000000000000
2024-10-24,978,786,373,546,313,415,109596,-311711,2716378,1621108,1552.4666666666666667,1209.0333333333333333,1004.0000000000000000,759.4285714285714286,1824482,2245789,17825,15616,817.3333333333333333,795.0000000000000000
2024-10-23,805,738,358,392,322,367,260574,-77882,5293076,1783108,1561.3000000000000000,1233.7333333333333333,994.0000000000000000,781.1428571428571429,2777849,3116305,17545,15222,933.3333333333333333,1027.3333333333333333
2024-10-22,653,933,240,358,329,554,-88227,87850,3733313,2107496,1562.6333333333333333,1224.3333333333333333,1349.0000000000000000,825.0000000000000000,2823538,2647461,16950,14888,798.6666666666666667,1162.6666666666666667
2024-10-21,927,781,403,409,294,406,-135226,126749,6366186,2945396,1571.4000000000000000,1235.9666666666666667,1423.5714285714285714,849.8571428571428571,4257736,3995761,16484,14487,744.3333333333333333,1154.0000000000000000
2024-10-18,1502,1086,597,804,466,516,130847,37172,5187800,3047329,1582.0333333333333333,1265.6000000000000000,1564.1428571428571429,849.1428571428571429,3626637,3720312,20107,17741,592.6666666666666667,1047.0000000000000000
2024-10-17,1059,529,430,589,251,246,1829032,642235,4391431,1830312,1588.2666666666666667,1279.7333333333333333,1737.4285714285714286,883.4285714285714286,2361568,3548365,19842,17580,713.0000000000000000,939.0000000000000000
2024-10-16,901,618,494,347,289,278,121164,374224,2590494,2422957,1580.7333333333333333,1281.6000000000000000,1815.0000000000000000,973.0000000000000000,2447313,2194253,19548,17134,920.3333333333333333,1684.6666666666666667
2024-10-15,1181,631,461,654,307,279,-135214,-260180,4067695,1966825,1596.7666666666666667,1314.0000000000000000,1941.1428571428571429,1210.0000000000000000,2802077,2927043,19312,16561,1028.3333333333333333,1774.0000000000000000
2024-10-14,735,890,272,370,307,481,-919911,739512,5212366,3780756,1663.4333333333333333,1345.0000000000000000,1991.1428571428571429,1246.4285714285714286,4555105,2895682,18799,16260,1092.0000000000000000,2357.6666666666666667
2024-10-11,3138,1240,1674,1301,493,594,1715384,473918,11902234,3560389,1586.1666666666666667,1335.5000000000000000,1928.8571428571428571,1315.2857142857142857,6701121,7942587,20362,17967,935.0000000000000000,2069.0000000000000000
2024-10-10,1449,955,653,674,462,396,591776,783759,5142825,2217748,1565.1000000000000000,1351.8000000000000000,1864.1428571428571429,1258.4285714285714286,3369073,3177090,19945,17789,1031.6666666666666667,2067.3333333333333333
2024-10-09,2486,1081,1547,707,435,508,1924798,287578,7782624,3870881,1529.0333333333333333,1362.5000000000000000,1719.5714285714285714,1306.4285714285714286,4512185,6149405,19454,17300,1434.6666666666666667,1926.6666666666666667
2024-10-08,2272,769,1265,812,263,409,1359492,-155037,5950743,3218132,1487.0000000000000000,1363.0333333333333333,1610.7142857142857143,1436.7142857142857143,3505563,5020092,19128,16649,1560.0000000000000000,1531.0000000000000000
2024-10-07,1444,1245,650,724,411,544,256217,554004,5277088,3298158,1484.8333333333333333,1378.8000000000000000,1559.0000000000000000,1392.8571428571428571,4009809,3712022,18791,15761,1719.0000000000000000,1950.3333333333333333
2024-10-04,2064,2290,739,1202,1027,1114,28989,-101139,4968273,8158448,1452.9000000000000000,1355.5000000000000000,1399.8571428571428571,1179.5714285714285714,6152274,6282402,19285,17271,1141.3333333333333333,1594.3333333333333333
2024-10-03,1085,1145,411,610,538,511,1981910,884361,4884352,3898276,1454.3000000000000000,1361.1666666666666667,1443.4285714285714286,1166.5714285714285714,3615417,4712966,19095,16904,1232.0000000000000000,1724.0000000000000000
2024-10-02,2702,1722,967,1595,766,801,-2417515,-1924825,12579634,8590579,1395.4333333333333333,1358.6000000000000000,1179.5714285714285714,1082.4285714285714286,10226509,9733819,18537,15632,1218.3333333333333333,1326.6666666666666667
2024-10-01,996,557,376,562,255,246,518766,2736,3474742,1419002,1435.9333333333333333,1399.3000000000000000,1288.7142857142857143,1211.0000000000000000,2034682,2550712,18381,15116,1345.3333333333333333,1355.3333333333333333
2024-09-30,1474,1417,593,784,524,764,-272442,377735,3306022,3750751,1470.1666666666666667,1411.5000000000000000,1323.4285714285714286,1228.5714285714285714,3571530,2921353,17799,14302,1138.6666666666666667,1180.6666666666666667
2024-09-27,1510,1681,595,837,666,760,-43586,8757,5040988,3953794,1532.0333333333333333,1437.6666666666666667,1265.0000000000000000,1137.5714285714285714,4165715,4113372,19854,15411,929.6666666666666667,1140.6666666666666667
