date,call_volume,put_volume,call_volume_ask_side,call_volume_bid_side,put_volume_ask_side,put_volume_bid_side,net_call_premium,net_put_premium,call_premium,put_premium,avg_30_day_call_volume,avg_30_day_put_volume,avg_7_day_call_volume,avg_7_day_put_volume,bearish_premium,bullish_premium,put_open_interest,call_open_interest,avg_3_day_put_volume,avg_3_day_call_volume
2026-09-25,582129,223298,247057,273646,119764,82439,-23381973.00,2540164.0000,470058739.00,61194863.0000,346853,187285.1667,361438.1429,222160.4286,245908750.0000,239764833.0000,1261090,1571132,159218.6667,230920.3333
2026-09-24,273292,148949,119405,132028,65607,70083,-3653702.00,-998993.0000,165385283.00,58157307.0000,344043.7667,184815.4667,348314.1429,225846.1429,98645336.0000,110374127.0000,1241414,1526659,187799.3333,276805.3333
2026-09-23,177021,161946,66176,95599,75414,72726,-16545861.00,3951721.0000,142685027.00,94482360.0000,344554.5,181961.1,344606.4286,214078.8571,121071830.0000,100822198.0000,1205171,1495715,322601,565535.6667
2026-09-22,242448,166761,100258,117181,69892,78779,-7914229.00,9513338.0000,214908593.00,148156717.0000,341226.9333,178797.1667,389725.2857,221527,189481048.0000,151947091.0000,1153458,1451342,314652,556476
2026-09-21,410947,234691,176516,194286,95761,119474,37633690.00,-11071414.0000,456971261.00,98320948.0000,357694.8333,177301.0333,362587.8571,204731,229722894.0000,275847690.0000,1072608,1368186,280925.3333,475453
2026-09-18,1043212,566351,493010,445837,228516,288393,39821740.00,-16288489.0000,733326135.00,151078086.0000,329148,162067.9,239830.4286,138889.5714,317998443.0000,507816446.0000,1235811,1656232,150391.3333,188190.3333
2026-09-17,215269,142914,90095,106536,66909,60730,-3120798.00,16108789.0000,65836536.00,106712869.0000,330706.3333,159819.5667,230185.7143,130916.1429,98641060.0000,65688095.0000,1206471,1619919,129278.3333,166789.6667
2026-09-16,167878,133511,60516,91895,61383,55911,-9704830.00,-7566562.0000,82861131.00,64762292.0000,329823.1333,157454.6333,273421,153656.4286,69895014.0000,67248982.0000,1201746,1595034,157740.6667,296923.6667
2026-09-15,181424,174749,66985,93276,82441,76414,-11045940.00,12092260.0000,146775717.00,62798814.0000,328017.9333,154188,332676.1429,175725.5714,101239865.0000,82472981.0000,1171283,1567953,138530.6667,310110.6667
2026-09-14,151067,79575,75530,60249,31550,39699,2644608.00,-9278437.0000,85394323.00,48070468.0000,339980.4333,159347.0333,336501.1429,174387.5714,60493789.0000,64441994.0000,1149299,1538132,147159.3333,321058.3333
2026-09-11,558280,218898,272839,242417,93304,90562,-7607108.00,91029.0000,273929051.00,97920988.0000,326258.2,155941.7667,276648.1429,159201.1429,159642339.0000,151898807.0000,1245542,1578138,103226.6667,184217
2026-09-10,220985,117119,86432,102382,49468,50269,-190579.00,-4900381.0000,63140986.00,68579733.0000,325496.6333,155066.9,272751.5714,156355,49083709.0000,51408815.0000,1204061,1580236,161751.3333,267397
2026-09-09,183910,105461,73225,96004,38043,47644,-10447897.00,4108139.0000,163014659.00,107561010.0000,322150.2333,154020.4667,337051.5714,184574.4286,107511827.0000,120459858.0000,1171372,1551992,236342,404830.3333
2026-09-08,147756,87100,73765,62599,40829,35861,-7530762.00,2226722.0000,154050353.00,59030489.0000,321207.3333,154808.8667,398348.8571,209752.1429,67976424.0000,120632540.0000,1151439,1513101,230711.6667,414859
2026-09-04,470525,292693,217310,211071,136875,122099,2541057.00,-40045911.0000,383433180.00,313989190.0000,316857.4333,151138.9333,361275,184885.1429,257743299.0000,399997966.0000,1289718,1623790,170678.3333,304453.6667
2026-09-03,596210,329233,297654,245247,127683,170246,30380270.00,-98053073.0000,325764241.00,361199649.0000,306683.7333,143293.9,303690.1429,161551.1429,248076394.0000,377729737.0000,1200870,1533546,93332.6667,170286.6667
2026-09-02,177842,70209,72935,71944,29777,32576,-6349371.00,2284028.0000,46702560.00,31035890.0000,307619.3,143486.7333,319393.7143,175745.4286,39397623.0000,30764224.0000,1189892,1540373,170928.6667,322342.6667
2026-09-01,139309,112593,50605,74835,51976,47526,-12984535.00,4953801.0000,74880863.00,47920991.0000,308897.7333,142963.7,421074,200299.5714,66209411.0000,48271075.0000,1167890,1524475,221179,468185.3333
2026-08-31,193709,97196,83885,87528,36431,47333,-7649710.00,-302709.0000,104301091.00,46511296.0000,306162.4667,142253.7333,469223.1429,217282.2857,67813597.0000,60466596.0000,1145299,1491915,228321.6667,473951.6667
2026-08-28,634010,302997,249511,312369,159002,117094,-30254954.00,2240915.0000,382014460.00,114381876.0000,300213.5,138415.4,450545.2857,214891.1429,196118814.0000,169821236.0000,1318210,1644753,182621,326987
2026-08-27,576837,263344,274851,248733,105195,133169,16545687.00,-29798626.0000,351812902.00,164117755.0000,285766.5333,133756.7,388983,190120.7143,203033022.0000,256023336.0000,1261221,1539330,151362.6667,230630.3333
2026-08-26,211008,118624,95290,91122,48713,57028,-2036598.00,-15213204.0000,89560651.00,112098543.0000,282651.0333,132857.3667,382814.7143,189578.4286,81496225.0000,100615887.0000,1241413,1494086,206645.3333,443984.6667
2026-08-25,193116,165895,89980,82234,62582,84061,841427.00,-19715887.0000,130708091.00,105124317.0000,279898.0667,130819.0667,405044.4286,196059.1429,96451280.0000,116349323.0000,1194947,1482085,223372,556530.3333
2026-08-24,287767,169569,125826,134726,72947,78565,-837278.00,20252439.0000,240459161.00,572744715.0000,273864.2,128521.6667,421681.1429,194025.2857,384665644.0000,363117367.0000,1153919,1441864,262268.6667,628363
2026-08-21,851071,284472,382965,389360,129322,122881,-1506550.00,4989064.0000,1157290788.00,111871469.0000,258073.7333,125166.7,327101.7143,164080.4286,571457809.0000,592515157.0000,1383905,1786116,197428.3333,393306.3333
2026-08-20,530753,216075,237635,247534,89749,104098,7237637.00,8145335.0000,265596465.00,132286881.0000,250551.9333,121498.6333,278757.4286,144114.7143,176990075.0000,171135939.0000,1334740,1678468,163679.3333,272332
2026-08-19,503265,286259,244210,214545,85991,127008,10639330.00,-12491473.0000,193600544.00,121316954.0000,239647.7333,115337.0333,227236.8571,113483.8571,120852319.0000,142973122.0000,1264161,1604677,138679.6667,220818.3333
2026-08-18,145901,89951,53352,75147,41803,37560,-6240737.00,-969892.0000,35568400.00,34976455.0000,239209.1333,115994.4,335677.2857,127749,34947210.0000,29676365.00,1245025,1580942,160473.3333,306926
2026-08-17,167830,114828,84667,68348,39335,58321,5379192.00,-7912167.0000,49834800.00,111545242.0000,240238.3,116841,338388.2857,126967.4286,57628812.0000,70067391.0000,1215388,1540400,147150,313987.6667
2026-08-14,348724,211260,152365,169816,100400,81794,-6112781.00,10417737.0000,110712371.00,172293937.0000,247141.9333,118993.3,326001.8571,107568,83420527.0000,122908414.0000,1278865,1639692,102168.3333,261860.6667
2026-08-13,404224,155332,171903,183952,65395,55568,-4013703.00,-2814364.0000,72221503.00,343639775.0000,246162.9,122299.9,288453,94315.2857,114435849.0000,79051175.0000,1240399,1583454,74338.6667,174659.6667
2026-08-12,189015,74858,79250,87602,31968,28899,-3383388.00,2906056.0000,39822342.00,26794073.0000,247653.2333,129272.1,279632,94585.5714,31340621.0000,25051177.0000,1214976,1559293,112655,413316
2026-08-11,192343,76315,128010,53928,29046,34382,2576646.00,-2224107.0000,122822233.00,24765829.0000,249130.6333,136610.2,325003.2857,117161.4286,25550464.0000,117301472.00,1189189,1515496,123669,411470.6667
2026-08-10,142621,71843,57927,73957,33084,29245,490678.00,4325599.0000,80180053.00,40711717.0000,257581.9,150755.1,325573.5714,123575.2857,52945544.0000,49032123.0000,1167274,1498591,124876,451270
2026-08-07,904984,189807,373615,437194,86109,82514,-64988292.00,7519172.0000,812331512.00,131435873.0000,236008.2667,163123.1333,224595.5714,109441.8571,462875859.0000,334761421.0000,1264584,1444389,82461.3333,196736
2026-08-06,186807,109357,76013,92611,46016,38220,-3977838.00,-9979242.0000,44109003.00,265040910.0000,243215.1,176309.6,209840,104400.5714,82557814.0000,70188968.0000,1234102,1419302,71592.3333,176889.6667
2026-08-05,262019,75464,122251,109605,30902,35765,7384709.00,654698.0000,110664510.00,31979484.0000,239965.7333,178834.5,189475.7143,109441.7143,58778782.0000,65566825.0000,1207829,1374694,124553,259530.6667
2026-08-04,141382,62563,71401,58404,22169,32926,4749722.00,-3011008.0000,49184306.00,48287176.0000,240336.0333,183035.5,217853.7143,126589.1429,41176117.0000,50192847.00,1184373,1338906,142612,261274.3333
2026-08-03,127268,76750,53712,62974,28581,38180,2164479.00,831098.0000,26622350.00,60151190.0000,252236.5667,195928.7667,241243.8571,129036.5714,39717525.0000,41050906.0000,1171275,1307287,147319.6667,284897.6667
2026-07-31,509942,234346,224378,229695,110662,94005,-10274610.00,5606593.0000,132350743.00,76094015.0000,243247.6333,197043.7,197810.5714,106414.8571,78874640.0000,115922678.0000,1272393,1364718,93893.6667,142756.3333
2026-07-30,146613,116740,53236,78670,45853,50191,-9383613.00,-2642917.0000,40590266.00,205855178.0000,244918,196907.7,202246.1429,103580.8571,97253882.0000,76178639.0000,1254152,1330583,91897.6667,133708.3333
2026-07-29,198138,90873,86759,99747,36623,40501,-4510279.00,9215181.0000,77774619.00,62230245.0000,246264.6667,198712.6333,189890.8571,101441.4286,49427066.0000,67536406.0000,1229205,1309898,122471.6667,181005
2026-07-28,83518,74068,30427,46082,34754,30782,-2009019.00,453144.0000,21968781.00,59427106.0000,262500.4,204299.2333,243037,117695.5714,38897097.0000,36434934.00,1204452,1292920,129076.3333,250165.3333
2026-07-27,119469,110752,53874,55277,37609,59445,7976638.00,-5430152.0000,38205721.00,75355454.0000,266550.8667,205958.4667,246459.7143,119528.5714,45693950.0000,59100740.0000,1170363,1257663,117490.3333,278978.6667
2026-07-24,340028,182595,169307,133540,76201,83085,-1180792.00,2795123.0000,111592569.00,164428703.0000,261782.5333,205033.0333,214676.1429,106535.5714,97596977.0000,137910914.0000,1250643,1308844,88926,224856.6667
2026-07-23,290999,93882,110158,150055,43039,37639,-16118308.00,22011660.0000,75583879.00,173736251.0000,256957.8667,209746.1333,188894.4286,108087.5714,101726235.0000,53842516.0000,1234793,1311668,82931,165074
2026-07-22,205909,75994,80574,103724,30759,26335,3911327.00,2000448.0000,60013936.00,30347171.0000,258479.5333,212685.2333,174729,111609.4286,37611792.0000,39926044.0000,1210032,1276107,120215.3333,248284.6667
2026-07-21,177662,96902,71052,85976,39423,44022,-688772.00,362394.0000,62288622.00,32797880.0000,267857.8667,233924.5333,203256.8571,124026.7143,42857732.0000,41390566.0000,1183619,1267148,129109,236873.3333
2026-07-20,111651,75897,54736,46118,31706,33601,1693521.00,3009522.0000,38651112.00,48178669.0000,275903.7333,241837.5667,230892.2857,128331.8571,37656364.0000,34756613.0000,1160649,1231948,134358,238837.3333
2026-07-17,455541,187847,219135,191973,86182,76404,3483896.00,57407.0000,132421418.00,78259748.0000,268533.3,245846.2667,190977.7143,115983.8571,88435720.0000,91073556.0000,1334680,1457869,106657.6667,123832.6667
2026-07-16,143428,123583,56790,73335,65747,50022,1304152.00,27887676.0000,28096906.00,188113410.0000,272374.8667,253675.8,189451.2857,113996.5714,104809006.0000,75988784.0000,1310045,1432342,99012.3333,111607
2026-07-15,117543,91644,46699,59063,37046,45762,-3707880.00,-7769834.0000,36192732.00,47724607.0000,273615.7667,255429.8333,201045.8571,120936.8571,35012236.0000,43145230.0000,1285341,1408461,129738.6667,198211.6667
2026-07-14,110527,104746,52262,48693,42767,49458,1687435.00,5128980.0000,42835893.00,55556872.0000,284563.0333,261226.3667,264661,145377.2857,45990646.0000,42549101.0000,1260485,1385359,130167.6667,263069
2026-07-13,106751,100647,43942,49292,40062,49103,848022.00,-429882.0000,36545255.00,92575832.0000,298932.2,264380.6667,302961.2857,167360.5714,52030314.0000,52547103.0000,1236288,1354724,130422.3333,286198.3333
2026-07-10,377357,183823,157160,174689,77070,86144,-6811483.00,224020.0000,117759137.00,76929361.0000,292003.6,263123.0333,282442.4286,181675,106626435.0000,59571144.0000,1329045,1468078,105705.3333,204660.3333
2026-07-09,305099,106033,121470,153889,51893,39415,-3040998.00,3865076.0000,60120111.00,97716684.0000,286389.6,262705.9667,272666.1429,208878.5714,55503717.0000,47637643.0000,1312554,1386456,117103,169195.6667
2026-07-08,176139,101411,63041,85743,39174,51245,-165036.00,1477860.0000,37970231.00,56001495.0000,290131.7,264457.6333,304097.5714,265275.5714,40931323.0000,43663427.00,1297459,1385799,175242.3333,295760.3333
2026-07-07,132743,109672,56677,58680,46080,54872,-1009825.00,4429019.0000,51008406.00,38879744.0000,298747.3333,265390.7333,321959.2857,329729.2857,44351003.0000,37840159.00,1264873,1367930,223528.3333,376463.6667
2026-07-06,198705,140226,92798,91731,60341,67536,-6311359.00,43627.00,115560670.00,58094854.0000,296835.7667,263541.8,351146,381832.8571,109389079.0000,54436843.00,1235504,1319654,271461,388137
2026-07-02,555833,275829,249810,262945,129551,120817,17010567.00,5323564.0000,295810638.00,83663134.0000,281594.5667,256965.4667,295246.7143,364030.2857,149778943.0000,159598347.0000,1331504,1454142,278337.3333,281747.6667
2026-07-01,374853,254530,158017,164411,91098,124804,826428.00,-7639581.0000,139334763.00,148249474.0000,275496.9333,253059.2667,263480.7143,354610.7143,107529729.0000,115844333.0000,1285854,1387618,358890.6667,288849.6667
2026-06-30,233725,284024,89425,114067,133442,125115,-4128148.00,16845096.0000,64610553.00,187609971.0000,286853.6667,250307.4667,299274.8571,380257,123662569.0000,105684325.0000,1251156,1361139,451165.3333,296866.3333
2026-06-29,236665,296458,114027,99935,116909,145201,-4022405.00,-5373677.0000,90806069.00,188848114.0000,295613.7333,246147.5,299790.4286,376162.1429,125663551.0000,127014823.0000,1213280,1327874,520663,352315.3333
2026-06-26,396159,496190,164395,197902,234997,213984,-22860592.00,-5999554.0000,127694331.00,325019784.0000,287084.3667,232497.3,271299.7143,321372.1429,219900699.0000,183322669.0000,1333037,1377948,405670,275108.3333
2026-06-25,257775,560848,105066,125887,256516,257168,-9130448.00,11539058.0000,92077574.00,551630738.0000,284610.6333,217572.5667,268551.5714,261968.2857,319668927.0000,280188662.0000,1278241,1292629,281585,240013.6667
2026-06-24,403012,504951,135229,226988,229310,230583,-19301666.00,-8923938.0000,127518989.00,596500824.0000,278742.4333,204955.2333,292491.2857,224356.1429,347185978.0000,331671355.0000,1199352,1257609,267784,267104.3333
2026-06-23,164538,151211,59662,81624,60572,72208,-11812227.00,-2571181.0000,52693079.00,145589191.0000,291494.9,206048.5,303412,225687.2857,92327751.0000,85983071.0000,1189531,1222663,306645,292349.6667
2026-06-22,152491,188593,61131,73339,77983,90873,-4597800.00,-3345293.0000,71787560.00,146211208.0000,294391.8,205058.9333,309767.2857,220864.2857,100275069.0000,98835062.0000,1145859,1186381,281334,307094
2026-06-18,484284,463548,179814,230068,210159,203039,-24953602.00,-7917379.0000,198388838.00,255255671.0000,286426.4667,193937.9333,261478,188253.8571,256247910.0000,166925309.0000,1489318,1564436,175158.3333,225178.6667
2026-06-17,240274,267794,93433,110682,134950,113396,-2715196.00,25972507.0000,65493575.00,379313392.0000,289078.3,188948.8333,263090.1429,173450,227529007.0000,189095480.0000,1439470,1534563,166449,335284
2026-06-16,196724,112660,77706,95419,44339,49225,-21728459.00,-2527625.0000,78182826.00,77123752.0000,290289,189832.6667,300559.8571,262224.4286,73064580.00,52935775.0000,1412778,1512493,182405.3333,350037
2026-06-15,238538,145021,106634,102923,52089,72770,6609156.00,17535027.0000,108980411.00,121447250.0000,302176.8667,193556.5,316915.4286,286262.5714,115449073.0000,95955076.0000,1382906,1473081,185675.6667,336183.6667
2026-06-12,570590,241666,257412,257326,103550,112118,8433477.00,25403062.0000,220990803.00,232739573.0000,292575.2333,190573.6333,268892.2857,295754.2857,218246057.0000,217381745.0000,1505357,1585127,183545.3333,194740
2026-06-11,240983,160529,99014,107128,60427,69267,-527761.00,2167887.0000,66769587.00,327502099.0000,290789.1667,189229.8667,271419.7143,324031.4286,90530981.0000,84622049.00,1490520,1524063,184758,198265.3333
2026-06-10,196978,154832,69650,102592,55725,80284,-6496785.00,-11020138.0000,53521916.00,148347556.0000,289204.6667,187338.4333,265390,322521.8571,79353170.0000,89630436.0000,1481817,1522204,377841,285610
2026-06-09,146259,235275,55340,79165,105258,107503,-11024737.00,1756941.0000,67446398.00,197132885.0000,289053.9667,182847.8333,307202.2857,328717.1429,114897206.0000,99070568.0000,1437617,1498165,403845.3333,354532.6667
2026-06-08,251559,164167,119628,120158,65621,79537,837100.00,-8054688.0000,188432923.00,149872693.0000,298978.8333,183880.1667,348097.5714,333161.2857,186288084.0000,98089222.0000,1429804,1439108,451825.6667,348822.3333
2026-06-05,459012,734081,186856,216412,362859,303784,-18348270.00,8648253.0000,232660056.00,502924797.0000,297045.3333,165982.3333,306738.5714,249163.1429,305746580.0000,275359975.0000,1463087,1519560,326621.6667,282043.3333
2026-06-04,353027,313288,130298,154356,112406,155903,-3688645.00,-18685864.0000,97065433.00,442648608.0000,303631.4333,162418.3,275831.7143,217767.8571,118139004.0000,140944698.0000,1428908,1408903,270280.6667,215957.6667
2026-06-03,234428,308108,74603,121399,146423,126324,-18214532.00,25513129.0000,84995924.00,211904037.0000,302660.9667,156276.9,283542.2857,195746.8571,152541065.0000,108999896.0000,1362088,1395377,260458.6667,284130
2026-06-02,258675,358469,90269,132166,188314,143398,-24234753.00,24735079.0000,134438985.00,251841018.0000,307958.4333,149542.5333,302476.1429,164203.4286,203237840.0000,159017958.0000,1259317,1344060,206061,377180.3333
2026-06-01,154770,144265,64480,78857,55393,75166,-2342050.00,-2051888.0000,75221193.00,72922434.0000,340263.8333,157970.7333,300560.1429,155702.4286,68904239.0000,68614077.0000,1224391,1326571,206670.6667,382090
2026-05-29,438945,278642,210643,189479,110739,132559,2077262.00,-5333678.0000,251395213.00,78777000.0000,341409.5,154622.2,251939,127116.2857,150604984.00,155727904.0000,1262724,1412524,144963.6667,281334.6667
2026-05-28,537826,195276,255766,232931,79560,94998,6064956.00,-4893396.0000,176944680.00,169796363.0000,332363.6667,151773.1333,202524.4286,118840.2857,133562765.0000,150671184.0000,1231876,1320515,131192,198193.3333
2026-05-27,169499,146094,63753,90944,49629,81735,-3174883.00,2393402.0000,68241874.00,74917140.0000,335040.1333,153044.3333,260371.2857,126751.1429,68571404.0000,63013867.0000,1201838,1298898,128382.3333,272097.6667
2026-05-26,136679,93521,63420,62187,41115,40292,-2451596.00,4947552.0000,62247041.00,48236155.0000,334462.6,153886.3,312198.1429,137913.7143,54037267.0000,46638119.0000,1182735,1271381,125461.3333,273657.3333
2026-05-22,288402,153961,132218,129403,74781,66779,-12069245.00,7889516.0000,184925362.00,67704124.0000,340835.6667,154699.7,291037.5714,128302.7143,180837696.00,60178055.0000,1264846,1388885,100320.6667,210389
2026-05-21,391212,137665,137385,183243,59001,66257,-9241564.00,-581529.0000,108512858.00,79916130.0000,338676.8667,155054.7333,261373.4286,124794.2857,80294033.0000,70500398.0000,1223187,1339217,100213.6667,143959.6667
2026-05-20,141358,84758,65540,61660,32850,44828,-163515.00,2270210.00,66811155.00,34821833.00,339595.6,156712.9333,273603.1429,130747.5714,47907367.00,47581642.00,1202023,1308334,139117.6667,288316
2026-05-19,98597,78539,47654,42743,31283,40636,-3806596.00,4536781.0000,65539196.00,50775110.0000,341451.4,157448.5667,337676.7143,145814.7143,55775708.0000,47432331.00,1180890,1293781,170157.6667,421939.3333
2026-05-18,191924,137344,81796,90230,61097,65375,-2402405.00,3581716.0000,116842088.00,90438907.0000,339757.9,157605.8,344458.7143,148895,99338567.0000,93354446.0000,1148978,1259427,153271,404724
2026-05-15,574427,201470,244271,271504,99890,82682,-5219975.00,6143074.0000,259048998.00,65207470.0000,331405.4667,158398.2667,297444,138673.2857,188407237.0000,118006716.0000,1334476,1455050,123816.3333,274436
2026-05-14,499467,171659,240958,219955,78940,79099,23747561.00,-825484.0000,215260820.00,57173302.0000,323504.9667,157333.7,271781.4286,131025,116732483.0000,141305528.0000,1289534,1417044,108740.3333,183602.3333
2026-05-13,140278,86684,52174,75466,36480,41060,-6216301.00,-1574648.0000,86705271.00,52127322.0000,327437.1667,159221.4333,285033.8571,138523.7143,65846777.0000,61205124.0000,1268090,1396348,141182,319213.6667
2026-05-12,183563,113106,75235,94677,48942,53435,-11253646.00,3185476.0000,116465054.00,67085556.0000,328957.3,160258.6333,343835.4286,159042.2857,93480106.0000,79770984.0000,1232913,1382194,156448.6667,337825.3333
2026-05-11,226966,126431,103448,95703,52155,57905,19865015.00,6287561.0000,205471573.00,99613980.0000,335030.6333,165157.5333,351774.7143,162720.7143,131567400.0000,150954782.0000,1197589,1344147,157611,343944.6667
2026-05-08,547112,184009,229018,231338,85017,79648,15629663.00,14757800.0000,258793739.00,271035137.0000,328292.9333,163400.1333,300387.4286,153607.4286,246847427.0000,249032998.0000,1308958,1461123,135648.3333,268183.6667
2026-05-07,239398,158906,93992,121414,86834,59046,-491598.00,-1186270.0000,126445428.00,94566429.0000,326739.1333,162397.9,287536.7143,144919.2857,104348641.0000,105043313.0000,1260366,1432525,129071.3333,266066
2026-05-06,245324,129918,98397,120838,50755,67070,-9515818.00,-5367555.0000,248033189.00,65592972.0000,322368.5667,161710,272738.7143,140724.8571,157209959.0000,140193384.0000,1229054,1401876,171344,382682.6667
2026-05-05,319829,118121,176446,127594,52247,54368,10882797.00,214711.0000,684144005.00,99491542.0000,316520.9,162100.6333,305521,151727.1429,254544134.0000,511441845.0000,1194859,1338778,182697,370253.3333
2026-05-04,233045,139175,108598,108081,54237,72758,190077.00,1522536.0000,208170307.00,64168128.0000,322640.0333,163736.6,329515.5714,160008.7143,127637141.0000,126304682.0000,1149726,1296778,176377.3333,355038.6667
2026-05-01,595174,256736,276352,261685,114557,119467,6864221.00,-1712000.0000,330131730.00,86460240.0000,312409.4,165606.7333,323149.2857,152813.1429,183703061.0000,193079203.0000,1263366,1410215,123495,206461.6667
2026-04-30,282541,152180,121224,122000,67407,62701,-4587707.00,833994.0000,105064481.00,57267694.0000,309184.7,165914.7667,312116.8571,148768.2857,73894535.0000,74512002.0000,1212046,1357885,106287.3333,159527.3333
2026-04-29,187401,120216,71622,89492,44858,65803,-4845486.00,8745936.0000,76664574.00,58258034.0000,308008.3667,167787.7333,345002.2857,153942.8571,69522670.0000,55931248.00,1171160,1329433,131261,280162
2026-04-28,149443,98089,62826,70542,42663,48189,-5432315.00,175361.0000,85438155.00,48015131.0000,308736.3333,170875.9,484215,196660.2857,64898576.0000,59290900.0000,1145253,1316818,164280,364016.6667
2026-04-27,141738,100557,64939,64314,41839,48150,690752.00,420148.00,99672967.00,49364388.00,320258.5667,176794.3,531583.1429,207750.1429,69387437.00,69658041.00,1118085,1297344,199550,500307.3333
2026-04-24,549305,195137,256817,242779,92799,87586,-19961348.00,4737886.0000,271933116.00,47092538.0000,312322.0333,177107.1,491175.4286,195559.7143,164533079.0000,136348047.0000,1270978,1525800,175793,385643.6667
2026-04-23,401007,197146,181828,190682,89216,85070,-9140666.00,6200876.0000,274913871.00,62197650.0000,305753.4667,174089.2333,469573.4286,193714.5714,164455435.0000,150994831.0000,1204265,1456994,162223.6667,391174.3333
2026-04-22,550610,206367,239296,254264,85014,98219,-22629777.00,-26948918.0000,508742943.00,271626784.0000,293061.6333,171750.6667,407965.2857,181202.1429,367064345.0000,369409908.0000,1156085,1377199,225805,582281.6667
2026-04-21,205314,123866,86050,103255,58996,53626,-4780314.00,5113338.0000,183958051.00,58366721.0000,293640.6667,172866.2,447148.1429,188987.4286,118410059.0000,109442407.00,1119666,1366340,243911.6667,671615.3333
2026-04-20,417599,156438,191289,190666,59803,75301,13338138.00,-666081.0000,365654796.00,63515317.0000,288902.8,173512.5333,434126.5714,187827.1429,187210143.0000,210281727.0000,1085796,1313679,228367,621232.6667
2026-04-17,1123932,397111,527902,512930,170616,194571,4369931.00,-2150216.0000,889062652.00,150817689.0000,266322.5,167087.8,297696.2857,150311.8571,486364423.0000,482264594.0000,1271595,1526770,157406.6667,329853
2026-04-16,473315,178186,216583,202101,73684,83520,5858741.00,-13954302.0000,212574462.00,70335015.0000,263366.3333,169009.5,252118.5714,139229.2857,121143759.0000,137279150.00,1223104,1468021,137604.6667,211865.6667
2026-04-15,266451,109804,117754,132623,42239,52795,-7422148.00,-754120.0000,108949128.00,31580738.0000,259357.1,170231.1,234214,143837.4286,67990738.0000,63894706.00,1199471,1410617,160457.6667,282913.3333
2026-04-14,249793,184230,121056,105884,73051,93308,-123443.00,794441.0000,149513324.00,77434021.0000,257110.9,169682.4333,244794.1429,149696.5714,103040079.0000,100762195.0000,1153149,1361489,148486.3333,308465
2026-04-13,119353,118780,62938,45076,44551,62244,3376877.00,-1596926.0000,48024302.00,64289028.0000,269365.0333,171614.6,265236.8571,152688.2857,48394663.0000,49331566.0000,1121673,1324450,153727.6667,324987.3333
2026-04-10,479594,178363,199738,229121,80306,84052,-4328798.00,3800632.0000,150745444.00,73367133.0000,258705.8667,172712.1333,233615.4286,147681.5714,75413829.0000,67293999.0000,1215205,1429926,127809.3333,216546.3333
2026-04-09,326448,148316,128009,153228,63837,61380,-12282351.00,1995865.0000,98098448.00,107850570.0000,255702.7667,174681.5333,219718.1429,147096.7143,79340016.0000,59636195.0000,1189201,1343128,125724.3333,154770
2026-04-08,168920,134504,80139,76558,57918,59429,-2700318.00,-771922.0000,63666462.00,57543763.0000,253911.6667,175224.6,254039,166938.7143,56540256.0000,54611860.0000,1166139,1312557,155971,206414.6667
2026-04-07,154271,100608,70294,73527,37564,53820,-3878886.00,-935872.0000,86896211.00,74947497.0000,252967.4,177379.0333,281283.2857,171321.4286,83508317.0000,71223261.0000,1143033,1281014,169009,242475
2026-04-06,141119,142061,71137,57687,57545,68764,2179201.00,-727518.0000,60498828.00,59392400.0000,262801,181341.7333,288664,169432.5714,53844286.0000,56751005.00,1102028,1243148,169427.3333,281516.6667
2026-04-02,323854,225244,136109,148156,102095,100726,-1253692.00,5812111.0000,93603971.00,96715015.0000,262502.8333,183365.8333,258714.4286,152866.4286,85659340.0000,79114281.0000,1170657,1325247,142420,249954.3333
2026-04-01,262452,139722,89578,143233,54827,62163,-4875601.00,-5934159.0000,75554889.00,177111677.0000,259451.7,184401.2667,241849.7143,151454.7143,69376988.0000,70596031.0000,1157230,1302165,186978.6667,298859
2026-03-31,258244,143316,118150,113753,60924,69206,936349.00,-1215483.0000,91417939.00,118364647.0000,255077.0333,186637.2,264474.7143,157874.4286,95543483.0000,97695315.0000,1125787,1222840,182969,327771.3333
2026-03-30,229167,144222,103940,97613,62591,69385,453555.00,5765082.0000,71815903.00,85550710.0000,263424.3667,191904.5667,272915.8571,181962.7143,75594960.0000,72464883.0000,1082119,1186985,177841.3333,315643.6667
2026-03-27,409166,273398,174777,194642,124522,122602,-5980654.0000,15230085.0000,94291898.0000,112376844.0000,266716.0333,194938.6333,241006.4286,165966,105030085.0000,83828976.0000,1173549,1267486,123135.6667,217324
2026-03-26,344981,131287,132227,178052,67248,47992,-12783993.00,13453989.0000,87879685.00,77365208.0000,262240.7333,198859.4,213453.5714,172411.4286,82151776.0000,55761679.00,1150243,1240800,122653.3333,150463.3333
2026-03-25,192784,128839,79238,92724,60148,56403,-6423601.00,2479621.0000,72018333.00,49234340.0000,259992.9333,200749.6333,210381.8571,181253.5714,59334164.0000,50430942.00,1124027,1213711,142458.3333,225075
2026-03-24,114207,109281,49938,52723,54942,44967,-4442687.00,525010.0000,55241544.00,62056747.0000,263726.0667,205549.1333,263695.8571,205371.8571,54117628.0000,49526080.00,1100808,1191217,210311.3333,283091
2026-03-23,144399,129840,71765,58808,50819,65853,1991145.00,2145142.0000,65626108.00,51350419.0000,281176.6667,224992.2667,287525.8571,216040.5714,52441089.0000,52347427.0000,1067413,1159861,220838.3333,296891.3333
2026-03-20,416619,188254,185363,174219,100949,69588,2280159.00,10218034.0000,90787710.00,66377029.0000,283417,245538.1333,257144.5714,204377.1429,73253225.0000,65323850.0000,1332169,1479026,216888.6667,208722
2026-03-19,288255,312840,110155,148353,109474,150293,-2018086.00,-7413023.0000,66096634.00,1785222972.0000,286768.3333,244726.9667,240230.2857,179144.2857,553351574.00,628658162.0000,1309364,1448720,176186.6667,169731
2026-03-18,185800,161421,72252,97949,82028,65300,-8621294.00,6074595.0000,61930164.00,454148049.0000,288965.6,248770.7667,245499.5714,178560.1429,200039790.00,242813841.0000,1294606,1426383,215082.6667,270266
2026-03-17,152111,176405,68916,69790,77047,78504,-639549.00,-23728864.0000,92246780.00,363531343.0000,289662.6333,249683.2,263121.2857,178477.7143,129313809.00,316056419.0000,1259698,1405290,224454.6667,323298.6667
2026-03-16,171282,190734,83022,75269,75847,99175,78914.00,12546182.0000,89532563.00,378997067.0000,298092.2333,252130.5,302441.4286,180425.5714,328979957.0000,129099349.0000,1217071,1366395,196413.3333,334188
2026-03-13,487405,278109,209629,228972,118322,115960,15133318.00,8665153.0000,191157359.00,456350765.0000,303423.1667,256398.3667,287759.2857,174386.7143,123248314.0000,128980079.0000,1303140,1461962,149113.6667,228338
2026-03-12,311209,204521,151770,115543,70322,61007,-5133157.00,4251781.0000,62661958.00,1176973112.0000,298471.6333,253449.6667,264182.8571,166091.1429,97196478.0000,77663465.0000,1279530,1438170,133384,198830
2026-03-11,203950,106610,79294,105424,41721,40444,-1639485.00,1774491.0000,75534866.00,369648034.0000,296522.0667,253544.4333,261105.2857,174828.2857,44514712.0000,62907736.0000,1256362,1408850,156456.6667,222667.6667
2026-03-10,169855,136210,56561,86512,49845,57988,-8977093.00,-42642.0000,90464678.00,406877962.0000,296074.8667,253543.7333,306408.4286,180619,85060783.0000,46848382.0000,1222250,1383381,179176.3333,314890.3333
2026-03-09,222685,157332,145732,61729,53125,85757,6894573.00,-8870428.0000,143039647.00,217253837.0000,303043.8333,257061.4333,297427.5714,188327.1429,55897727.0000,154130863.0000,1195555,1335165,205344.6667,368872
2026-03-06,275463,175828,110483,142399,81107,66989,-4591915.00,-2033100.0000,76126522.00,406433775.0000,302538.9333,256899.4333,291840.7143,192837.1429,65326054.00,62757639.0000,1354134,1505627,195552.6667,325775.6667
2026-03-05,446523,204369,188000,229953,87855,70798,-4618302.00,2448576.0000,202255432.00,767572392.0000,300117.2333,255236.9667,244507,185183.8571,140613927.0000,127120121.0000,1318517,1443636,183353,237737
2026-03-04,384630,235837,182995,170979,87834,113432,5548186.00,-7029201.0000,238173262.00,384515187.0000,297326.3,253392.7667,207551.7143,175098.7143,142739473.0000,158591625.0000,1263095,1361102,163655.6667,271852.6667
2026-03-03,146174,146452,60651,73287,64304,54481,-1076225.00,10111055.0000,90362360.00,436085068.0000,312035.2,255736.7667,248973.5714,191454.4286,84467612.0000,72418232.0000,1248139,1348136,185268,276401
2026-03-02,182407,167770,96833,71681,60896,76265,5810382.00,-4011907.0000,98573994.00,481064587.0000,320254.1667,264283.0667,267902.4286,208339.7143,74249704.0000,84071815.00,1209289,1295308,198477.3333,294383.6667
2026-02-27,486977,176745,175375,239377,75959,74686,-8309616.00,-252521.0000,97545796.00,293964933.0000,321618.0333,268589.7,222751.1429,207488.2857,75166709.0000,66809664.0000,1345480,1370903,189827.6667,170453.6667
2026-02-26,159819,211289,66654,80536,78406,79987,6461800.00,-2776918.0000,77408423.00,722597085.0000,324365.1667,270446.1667,218063.2857,207360.4286,67187593.00,86121311.0000,1307485,1343207,174478.3333,159161.6667
2026-02-25,236355,207398,109757,106573,73305,103313,180832.00,-7287237.0000,120007500.00,399241042.0000,322513.8,271723.7333,252810.7143,220909.7143,93800444.0000,99021673.0000,1277038,1300111,192326.3333,225752.3333
2026-02-24,115187,150796,52230,50927,54928,71130,1938554.00,-5707062.0000,47458839.00,424447288.0000,342729.3667,280570.3333,308914.8571,251427.4286,62900834.0000,70546450.0000,1249168,1275392,237383.3333,292326.3333
2026-02-23,125943,165241,52770,60644,71276,67925,-5271225.00,17072908.0000,54948795.00,440447985.0000,354178.5,289504.7667,321026.1429,263380.1429,89002686.0000,67259853.0000,1216087,1246824,239231.3333,307318
2026-02-20,436127,260942,191817,201645,116579,106610,3852597.00,2222122.0000,140858545.00,425142664.0000,355047.2,288989.5333,276629.4286,252609.2857,96450325.0000,98456907.0000,1380567,1531241,222382,204277
2026-02-19,314909,285967,123297,152104,117722,123084,-2635533.00,14602504.0000,70748262.00,1400042861.0000,355582.2333,286256.0667,263956.8571,247937.7143,320836256.0000,340323659.0000,1351699,1486472,227807.3333,259169.6667
2026-02-18,170918,170785,70277,84142,73743,73748,-3348249.00,-3921899.0000,52487934.00,466628803.0000,360026.3,288382.5,334956.7143,325416.1429,105197193.0000,155000758.0000,1339324,1453047,292352.3333,371502.3333
2026-02-17,127004,210394,54864,58094,79388,102804,-942329.00,-61797.0000,49784761.00,644119954.0000,372220.4333,291516.8333,385931.7143,410307,162544795.0000,155971651.0000,1285911,1426396,305191,399408.3333
2026-02-13,479587,302243,217756,194563,119749,129717,24331066.00,3291136.0000,191998773.00,884997084.0000,367249.5667,296407.5,372961.4286,408344.4286,136741588.0000,154264092.0000,1400997,1589328,266292,281329.3333
2026-02-12,507916,364420,233495,220406,119701,108680,15084251.00,7925766.0000,129526866.00,2423524929.0000,355993.1667,291790.2667,336361.7143,396675.1429,215318532.0000,205024234.0000,1390123,1509140,229240.6667,187424.3333
2026-02-11,210722,248910,84090,107413,105972,92441,-9115239.00,12763540.0000,72160527.00,848141913.0000,353585.8333,290107.5667,330976,390227.7143,123232437.0000,105179908.0000,1364587,1479636,383982,339822.6667
2026-02-10,125350,185546,53744,60096,72943,81578,919282.00,-4327455.0000,74305768.00,432276955.0000,357807.2667,292975.3333,373664.5714,401457.2857,78739452.0000,83811939.0000,1307600,1465115,590343.3333,459315.6667
2026-02-09,226201,253266,110861,95201,94820,110525,10348127.00,-3758682.0000,126806136.00,663913250.0000,358836.4333,295322.2667,433826.2857,423297.1429,111924667.0000,126043092.0000,1268191,1440049,602089.6667,513513.6667
2026-02-06,667917,713134,335261,284105,264286,369874,18377246.00,-13374344.0000,307020823.00,624114889.0000,350833.5667,279349.8333,361647.1429,338000.8571,253004237.0000,285514614.0000,1309237,1542013,458623.3333,374780.6667
2026-02-05,483829,804630,201804,232669,363596,348094,-988886.00,-4251764.0000,219347022.00,1607505534.0000,340620.0667,258854.4333,313309.1429,238689.8571,387886612.0000,405493229.0000,1146806,1393208,258339.3333,271178.3333
2026-02-04,388795,288505,150396,160508,128456,114546,-1729718.00,13942236.0000,124460233.00,687154106.0000,338423.5333,257189.1667,280115.4286,216930.4286,188798108.0000,174452082.0000,1090158,1355253,250222,282970
2026-02-03,251718,282735,94451,125889,127155,112066,-10642303.00,28658466.0000,116381878.00,704254663.0000,339716.0667,263124.7333,305834.8571,214091.5714,200523116.0000,157744818.0000,1040531,1317486,291358.6667,414841.6667
2026-02-02,173022,203778,76858,76232,75712,81623,-2836308.00,-2770435.0000,90341285.00,750013218.0000,344163.1,263768.2667,318305.4286,209404.4286,118118613.0000,120969426.0000,1004906,1279960,262119.3333,411388.6667
2026-01-30,424170,264153,212041,142926,98641,118867,14990732.00,9715.0000,200103826.00,681139071.0000,338700.9,262338.6,311120,193739,100662856.0000,185713473.0000,1070988,1420400,210552.6667,318486.3333
2026-01-29,647333,406145,263128,290272,167114,143419,-21167202.00,9930955.0000,177124424.00,1894022555.0000,326156.4667,259238,261629.8571,161505.5714,344905298.0000,301872231.0000,1040566,1305521,120567.3333,154855
2026-01-28,162663,116060,62932,84512,52290,43040,-2621369.00,-955333.0000,61474741.00,366821312.0000,336460.1667,263126.7667,322312.4286,175893,53940517.0000,52292481.0000,1022328,1288108,169501.6667,244552
2026-01-27,145463,109453,58404,71311,40350,38230,6205572.00,9258373.0000,74803769.00,524881464.0000,347798.4333,268417.8333,362814.2857,220851,64831114.0000,61778313.0000,1003487,1259737,190006.6667,282836.3333
2026-01-26,156439,136189,64244,75562,52483,48997,9558850.00,2584386.0000,77517002.00,523433059.0000,351238.6,269663.5333,415879.1429,245101.7143,65497520.0000,73921984.0000,974911,1223918,196108.6667,355314
2026-01-23,431754,262863,178394,204399,102284,114275,-6655505.00,1869830.0000,135655373.00,338443973.0000,348658.5,267381.1,388804.7143,245690.2857,92815363.0000,85175324.0000,1044279,1309988,168658,311696.6667
2026-01-22,260316,170968,91706,113258,61242,53975,5187743.00,1710835.0000,81234583.00,830302542.0000,346360.0667,265938.5667,377447.2857,256369.8571,60377546.0000,63500454.0000,999578,1274728,183926,420738.3333
2026-01-21,373872,154495,157796,174843,71710,62578,6797971.00,12810994.0000,127241644.00,184504159.0000,358530.3,269388.1667,427130.4286,293755.4286,100693613.0000,94305590.0000,975508,1215792,273814,439106.3333
2026-01-20,300902,180511,111351,156087,81337,74985,-11484245.00,5986943.0000,138770874.00,204247841.0000,358024.7667,269148.7333,451204,329864.4286,115969132.0000,104110459.0000,926171,1190992,315625,514770
2026-01-16,587441,216772,237784,276126,96072,99196,9037453.00,8757273.0000,182317279.00,140177199.0000,348805.0667,268097.3,433310.7143,333966.2857,117689016.0000,118031441.0000,1351940,1699951,332362,399700.6667
2026-01-15,428976,424159,160755,207455,201477,194963,-26614325.00,45607035.0000,229302655.00,3058029445.0000,348046.0333,261280.2,419308.4286,302509.7143,1704525387.0000,1342072668.0000,1316530,1627251,272884,316980
2026-01-14,527893,305944,241428,235766,137873,135943,4852146.00,53840561.0000,373314963.00,1004393786.0000,345346.6,263971.5,387358,292314.5714,685751410.0000,536443986.0000,1283644,1551522,309634,381567
2026-01-13,242233,266983,121242,95140,115550,109149,22681241.00,-21271537.0000,153216870.00,1981877767.0000,351753.5,260998.5,423157.2857,297663.2857,933172946.0000,762646169.0000,1252543,1530842,365064.3333,457295
2026-01-12,180814,245725,85772,77724,109177,108145,8935190.00,28091360.0000,89199740.00,2197105519.0000,361780.9333,260512.9667,444535.4286,326697.2857,1149736947.0000,798377412.0000,1229668,1498356,364984.3333,551086.3333
2026-01-09,721654,416194,299140,348757,148715,121465,-12088420.00,14297774.0000,180578229.00,2112453849.0000,348720.5333,253706.6667,365759.7143,299512.8571,143665351.0000,120855142.0000,1304802,1629595,294240.6667,420855
2026-01-08,469417,433274,202235,242101,91736,95544,-4684055.00,6252376.0000,200998613.00,4048927648.0000,340625.7,245495.1333,318486.1429,265963.5714,148793012.0000,130326262.0000,1257669,1556144,228008.6667,365796
2026-01-07,462188,245485,204003,205504,74712,82245,13923092.00,-1114369.0000,245895273.00,1356510173.0000,344227.6,248853.6,288458.2857,269691.2857,132509763.0000,165841856.00,1219110,1514624,247655,376009.3333
2026-01-06,330960,203963,115696,192946,59704,52653,-7129225.00,3329346.0000,184785107.00,1655141905.0000,350412.3667,255650.9667,277903.4286,286792.8571,158790608.00,107700371.0000,1186454,1440266,329321.6667,375843
2026-01-05,304240,234578,139758,140656,68629,80984,36510775.00,-29839596.0000,230161228.00,1316709416.0000,350420.8,256399.3667,295559.2857,286704.7143,163258865.00,175263170.0000,1136663,1368634,326430,331171
2026-01-02,492828,304424,224384,231558,103154,124540,-9713267.00,6929838.0000,136639902.00,1113460483.0000,342475.3333,251981.1667,250501.5714,270325.2857,134803029.0000,113305673.0000,1193976,1502991,291098.3333,213062.3333
2025-12-31,330461,448963,136601,147253,58699,46649,7354527.00,6342534.0000,94310163.00,6082157098.0000,341163.7667,243481.6,249421.2857,240265.8571,216731790.0000,97770221.0000,1176196,1502513,231970.3333,186906.3333
2025-12-30,170224,225903,72729,82626,43611,47814,-698744.00,1836552.0000,70870547.00,2548011748.0000,352146.9667,245871.5,266602.7143,273822.8571,99657335.0000,82517409.0000,1175322,1487558,264560.6667,215857
2025-12-29,138502,198429,54348,67127,45083,50142,-5589800.00,5927894.0000,56368439.00,1816653105.0000,360505.8,248487.3667,290592.8571,277345,83049117.0000,70929973.0000,1165316,1459415,276404.6667,312300
2025-12-26,251993,271579,107705,113381,86570,89766,-87358.00,-1008401.0000,65076341.00,1488786167.0000,361221.2667,243852.3333,291780.1429,270157,80818727.0000,81739770.0000,1224987,1652091,249134.3333,287443.6667
2025-12-24,257076,323674,99080,123744,39935,40863,3870461.00,-4127670.0000,46639610.00,4817339611.0000,357488.9,238688.4667,293769.2857,268650.2857,62465421.0000,70558552.0000,1209354,1588400,220758.6667,309384.6667
2025-12-23,427831,233961,146317,200455,75770,69145,-5062756.00,6738514.0000,110874573.00,1679198480.0000,348402.3333,234998.4333,300046.8571,268473.4286,112011054.0000,106491364.0000,1173955,1478897,296372.3333,263605.6667
2025-12-22,177424,189768,71906,85002,67532,70180,-4188956.00,11549974.0000,88933458.00,908140690.0000,357152.9667,238707.7333,344073.5714,279675.8571,96522387.0000,79841457.0000,1156644,1447528,307477.6667,306608.6667
2025-12-19,322899,238547,134212,153242,87773,92437,2741205.00,747186.0000,112737872.00,887104315.0000,358065.1333,237641.1,335037.1429,270392,103054532.0000,109375921.0000,1486783,1930267,301716.3333,285743.6667
2025-12-18,290494,460802,118014,145302,204363,156521,-1433002.00,52068120.0000,128353789.00,3784038615.0000,358407.3333,225145.2,344159.5714,232333.1429,1234229768.0000,842875560.0000,1472107,1851749,252491.3333,279245.6667
2025-12-17,306433,223084,107837,151366,86956,91788,-3573853.00,-28824958.0000,92441934.00,1388431915.0000,358396.3333,223867.0667,327721,218705.7143,393609528.0000,417189988.0000,1460167,1805137,255704.3333,334359.3333
2025-12-16,260304,221263,117737,108483,90201,92744,4867969.00,7668841.0000,103725078.00,1197641018.0000,356628.1333,220753.9,396103.1429,223951.4286,363191368.0000,361152061.0000,1430480,1766497,271345,409461.6667
2025-12-15,271000,313127,103392,141681,148223,125351,-18391623.00,23968252.0000,132191828.00,1332850425.0000,366165.3333,218235.9333,398208.2857,203980.1429,641371741.0000,415039501.0000,1399729,1727460,224822.6667,405676.3333
2025-12-12,471774,232723,220485,213288,96979,89064,8457303.00,1848112.0000,139043701.00,514555670.0000,364434.3,219444.7667,375219.1429,197195.2857,96235718.0000,102253122.0000,1468455,1858280,212045,366535.3333
2025-12-11,485611,268185,198655,222735,92596,104432,372617.00,-345735.0000,123175044.00,926228948.0000,354180.8,214683.8667,363875.4286,190261.1429,125955235.0000,118252062.0000,1432587,1826239,165214,268452.6667
2025-12-10,259644,173560,106803,135066,73709,72268,-12043589.00,8809914.0000,129786994.00,331101331.0000,352293.5667,212453,390627.7143,220707.2857,97921418.0000,77066955.0000,1396241,1786615,193355,428231
2025-12-09,354351,194390,161903,157781,77273,85835,2969285.0000,593724.0000,223933425.0000,314982595.0000,347371.9333,210131.3667,402069,218336.2857,146513873.0000,143113434.0000,1366254,1740732,186334.3333,405359.3333
2025-12-08,191363,127692,87404,87787,53002,56864,6351512.00,-4469611.0000,97214152.00,199262590.0000,350545.2,211464.4333,443536.7143,233117.2857,73054831.0000,83875954.0000,1348652,1719922,205513.3333,445188.3333
2025-12-05,738979,257983,308809,380360,120820,111752,-12072422.00,14502693.0000,203742338.00,131081919.0000,337975.1667,207700.6333,385088.5714,226549,167225135.0000,140892090.00,1431732,1846260,192734.3333,334263.6667
2025-12-04,285736,173328,127090,140081,86790,68701,-11720100.00,12798665.0000,123403208.00,186608759.0000,335414.9,207060.4,376636.5714,228491.8571,120307708.0000,91550888.0000,1401899,1794552,263852.6667,387988.3333
2025-12-03,310850,185229,142201,142133,83748,83115,8649934.00,1974133.0000,171321935.00,99812872.0000,330256.7667,204074.1,413693,251493.2857,118639852.0000,125566253.0000,1366616,1758974,261374,429185
2025-12-02,406205,219646,187031,184050,86762,111735,17512048.00,1521327.0000,285445687.00,167445283.0000,321285.1667,200906.1333,429449.8571,278384.4286,193896868.0000,211103388.0000,1330232,1707646,265211.6667,454329
2025-12-01,446910,386683,212550,181336,178090,177792,-2492049.00,-9466573.0000,297326199.00,371304100.0000,320617.2,196977.8,409104.5714,259862.5714,280015457.0000,340781832.0000,1249333,1628633,206985.6667,415306.3333
2025-11-28,434440,177793,212761,188651,82807,80910,3603518.00,945310.0000,164629507.00,141296452.0000,318864.0333,201310.1,383393.7143,259017.5714,133676759.0000,138443649.0000,1320796,1797330,210030.6667,346017
2025-11-26,481637,231159,227776,214784,92806,95358,2203192.00,-3065548.0000,198167807.00,582267319.0000,311586.9667,199267.4667,356176.1429,253705.7143,258833407.0000,223196482.0000,1283413,1637474,248390.6667,375553
2025-11-25,329842,212005,135566,168453,90776,84817,-2529078.00,11741286.0000,118410900.00,642492953.0000,306802.0333,196584.1,380444.4286,265933.5714,233653051.0000,226917032.0000,1263236,1615810,313683.6667,437773.3333
2025-11-24,226572,186928,103955,104829,70783,102574,-6030270.00,-17477594.0000,143400453.00,256131833.0000,307905.9333,195309.8333,403686.5714,278787.4286,179428801.0000,187569587.0000,1222359,1563849,337051,463747
2025-11-21,570245,346239,250729,264372,147986,159573,-2077244.00,-6117642.0000,244889392.00,439107666.0000,304141.6333,192554.3667,361288.2857,248257.2857,294184915.0000,295862762.0000,1307938,1866959,278930.6667,358486.6667
2025-11-20,516503,407884,199496,273481,170793,186152,-18575964.00,-10860387.0000,201924589.00,1411217618.0000,297695.6667,184469.4,308231.4286,214096.4286,503601680.0000,684625073.0000,1287506,1735314,207628,283357
2025-11-19,304493,257030,121128,158647,123536,125168,-26184408.00,-15275376.0000,174269977.00,374100715.0000,300002.5333,180454.5333,286908.7143,194986.4286,253435762.0000,232698855.0000,1268512,1673448,221151.3333,348432.6667
2025-11-18,254464,171878,119481,110063,78346,77084,14940655.00,-23837970.0000,196749623.00,306987275.0000,302813.6667,182235.8333,313405.7143,213439.1429,192117244.0000,230646219.0000,1236357,1625347,256160.3333,393367
2025-11-17,291114,193976,107188,148133,87561,87998,-9017183.00,-15186795.0000,145608104.00,583456486.0000,300774.6,180536.4,321855.7143,215235.1429,278089305.0000,352134404.0000,1235395,1566424,235677.6667,387481.3333
2025-11-14,499720,297600,203658,254182,135659,140693,14821603.00,6064451.0000,232316370.00,356518811.0000,305886.2667,179120.1667,293432.8571,184995.8571,258880574.0000,267906452.0000,1300688,1663024,192730.3333,269276.3333
2025-11-13,389267,276905,150677,196329,110887,97043,-7119707.00,7222047.0000,159582158.00,1385197093.0000,317225.3,176542,281552.2857,171829.4286,277855833.0000,306245884.0000,1323268,1572410,141515.3333,191265.3333
2025-11-12,273457,132528,119282,128724,62429,52524,-10997414.00,-2841581.0000,106114408.00,316842738.0000,326491.1333,178293.4,272095.2857,171163.7143,140202841.0000,131654258.0000,1307490,1534134,197688.3333,246760.6667
2025-11-11,145105,168758,59401,65631,42947,43407,-12727133.00,-8089826.0000,80984553.00,1450602592.0000,325227.9,176265.4,330954,180996.5714,127699139.0000,123657232.0000,1309906,1507199,210285,315147
2025-11-10,155234,123260,67249,73666,55991,57551,-9306419.00,-893137.0000,99072415.00,125993091.0000,330085.2333,177422.2,368755.2857,201814.8571,110851520.0000,99440238.0000,1294617,1484082,197840,363655.6667
2025-11-07,439943,301047,213752,191416,126690,152657,11290058.00,-38888484.0000,204319385.00,454640495.0000,334316.8333,175738.8333,331335.7143,176716.4286,231587617.0000,324760713.0000,1341687,1661264,159071,319042.3333
2025-11-06,350264,206548,169267,148066,100386,77440,-2024977.00,14290252.0000,139522011.00,870495665.0000,336752.2333,181037.6333,310301.8571,162443,270542229.0000,216160462.0000,1331358,1573417,132844.3333,271373.6667
2025-11-05,300760,85925,137027,122709,37408,40059,11797413.00,-9399674.0000,123394783.00,210478997.0000,335445.4667,182635.9667,296865,167988.1429,126775804.0000,160131936.0000,1318378,1513538,183398.6667,356825.6667
2025-11-04,306103,184740,123240,142231,88562,81160,-2701031.00,9679768.0000,217350304.00,323073234.0000,330901.8,181486.3667,294073.2857,165551.5714,228553335.0000,264075376.0000,1296040,1480269,211481.3333,394739
2025-11-03,207258,127868,101120,103064,56284,58195,1567042.00,2789526.0000,193038036.00,236048340.0000,329613.5333,182103.9333,316161.8571,168008.8571,225579795.0000,171946679.0000,1279583,1453678,210644.6667,384988.3333
2025-10-31,557116,237588,291933,208732,115665,97641,15052291.00,-8344692.0000,304411010.00,131132679.0000,333836.8333,183143.8667,266420.7143,156085,143892173.0000,249918577.0000,1361436,1547945,166993.3333,266958.6667
2025-10-30,419843,268988,207977,183682,125886,123289,-28286518.00,21603295.0000,194992883.00,485008760.0000,342672.2333,182666.8333,228744,131321,316075880.0000,285014540.0000,1283927,1484799,118911,195911.6667
2025-10-29,178006,125358,70861,88446,60844,47305,-5990179.00,8262191.0000,112685893.00,131292793.0000,344497.3333,182873.9667,222894.1429,131213.7143,116291944.0000,113554134.0000,1266838,1456258,133019.6667,232096.6667
2025-10-28,203027,106634,83588,103408,50790,47068,-16832776.00,8664783.0000,127492348.00,122802747.0000,343257.6667,183140.6667,254871.8571,154385,128779834.0000,104313701.0000,1240886,1402878,145831.3333,285047
2025-10-27,206702,124741,56617,136644,53767,55357,-11702559.00,-6560596.0000,242430770.00,98281965.0000,342174.6,183006.5667,279892.2857,180530.8571,223722555.0000,94400592.0000,1207706,1349844,155624.6667,285789
2025-10-24,286561,167684,113642,150690,78155,58317,-864845.00,336962.0000,138566965.00,88933554.0000,347837.9667,184279.9333,276572.8571,180844.5714,106953164.0000,91714848.0000,1282681,1487619,131610,242304
2025-10-23,361878,145069,180922,134684,65004,69792,7580309.00,-4286091.0000,144512908.00,133199939.0000,345134.7333,183842.3667,251489.4286,178906.7143,116742640.0000,126838720.0000,1259743,1426911,124789.3333,167363.6667
2025-10-22,208928,154121,83751,104396,73135,69720,-13707947.00,2424374.0000,127855949.00,170172010.0000,348739.1,183541.3,258741,178132.2857,140086098.0000,137422460.0000,1233818,1403664,163026.6667,240011.3333
2025-10-21,156106,95640,73596,70685,36926,47126,-622148.00,-1091302.0000,118808917.00,85142416.0000,348469.8,183991.5333,301771,202123,97624788.0000,90519906.0000,1219057,1379500,233734,315257.6667
2025-10-20,137057,124607,66025,58702,48540,55976,6401887.00,-8415182.0000,134542756.00,70606106.0000,350005.5333,185385.8667,328352,207941.2857,86022467.0000,105376836.0000,1186378,1353262,248825,357347
2025-10-17,426871,268833,194509,199511,121203,111136,16341665.0000,-7023962.0000,240592369.0000,204673853.0000,356961,185801.9333,320756,189048.5714,197598143.0000,215034501.0000,1394370,1598585,203048.6667,277154.6667
2025-10-16,381845,307762,154507,201427,149951,136244,-12375429.00,18168180.0000,202308236.00,865964054.0000,358748.4333,184064.0667,314606.4286,177270.7143,575309658.0000,458923767.0000,1355355,1502343,150028,236436
2025-10-15,263325,169880,105183,121635,68363,73751,-10117686.00,3079967.0000,139859937.00,472181401.0000,355670.5667,184574.6,309837.4286,173429.7143,159898339.0000,298061986.0000,1338664,1481759,181259.6667,301099.6667
2025-10-14,186294,131504,75170,87904,57216,59373,1317470.00,-13715188.0000,132067333.00,178622861.0000,356314.8,186854.3,376519.7143,191088.1429,126066383.0000,147524111.0000,1309490,1449673,192536.6667,346709.6667
2025-10-13,259689,148700,126436,108903,69110,66648,10373777.00,-11558695.0000,136756624.00,190639081.0000,364984.8,190555.5333,443626.7143,198353.8571,142665026.0000,169754698.0000,1281609,1424756,188498,384713
2025-10-10,457316,263575,187783,234524,132206,108393,-12002903.00,16396351.0000,209093109.00,226658846.0000,360257.6667,188452.5333,457071.8571,187138.8571,221089853.0000,182519291.0000,1392087,1563151,175745.3333,345207
2025-10-09,323124,165335,138721,163880,75712,79626,7701653.0000,-4680510.0000,191375162.0000,298112843.0000,355742.4,188411.4667,426226.7143,178936.4286,204786362.0000,269548325.0000,1359494,1467141,168298,314146.3333
2025-10-08,373699,136584,167659,157551,59529,65168,-13836693.0000,7038194.0000,215946112.0000,168163703.0000,347065.9667,187963.5333,415834.5714,181990.7143,189607359.0000,164494883.0000,1337266,1474847,207807.6667,407270
2025-10-07,338798,225317,134879,178667,104560,95608,-41338642.0000,14021023.0000,343399640.0000,208516653.0000,342306.0333,187687.1,448419.2857,185594.8571,250458005.0000,262091887.0000,1293860,1430918,199222,537483.3333
2025-10-06,229942,142993,88856,126695,59849,66102,9512940.0000,4696321.0000,355066979.0000,129354483.0000,358274,197760.8333,476045.5714,217383.2857,263685156.0000,198173731.0000,1262263,1384178,213247.6667,644646.6667
2025-10-03,653070,255113,277874,334780,136441,98636,-12441185.0000,5322617.0000,404102601.0000,115265646.0000,341166.3,197585.7,420115.1429,200063.5714,260295490.0000,222724098.0000,1368062,1625973,164182.6667,462692.6667
2025-10-02,729438,199560,297543,398166,97567,82786,-788527.0000,-5850601.0000,519505131.0000,122657683.0000,324828.0333,198985.1667,340165.8571,193019.5714,298071130.0000,317325768.0000,1317024,1504644,150317.3333,319864.6667
2025-10-01,551432,185070,194423,323667,84100,85630,-34831796.0000,227010.0000,611608227.0000,130971324.0000,324295.2667,205052.8667,285477,187494.5714,428564513.0000,266280927.0000,1279686,1447863,172142.6667,325017.6667
2025-09-30,107208,107918,44492,53905,47295,52988,45000876.00,-304610.0000,277200844.00,117009594.0000,326194.7667,207484.9,367849.4286,210475.7143,163820144.0000,216777505.0000,1265674,1429301,258007.3333,430390.3333
2025-09-29,300954,157964,140758,140632,68407,73264,-23784087.00,-17461193.0000,366730132.00,124945093.0000,335589.6333,213714.9667,422699.5714,224291.8571,241110709.0000,226212581.0000,1236079,1388264,249977.6667,417258
2025-09-26,566891,250546,250016,288115,115312,120806,-571418.00,-12647522.0000,229637556.00,196114417.0000,327264.2333,216304.5333,374966.4286,207295.5714,199115902.0000,207982315.0000,1319406,1457056,216546.3333,284892
2025-09-25,423326,365512,187957,207702,184663,152518,-31976226.00,38989563.0000,290233235.00,492890039.0000,323243.8667,209914.8667,338182.2857,171456,432412159.0000,286721690.0000,1257205,1373869,143507.3333,199986.6667
2025-09-24,261557,133875,127743,110731,64048,58365,10337787.0000,9416117.0000,158792864.0000,119277196.0000,320879.0333,209431.3,325704.1429,169576.4286,128155932.0000,135548602.0000,1232255,1367222,188477.6667,340739.3333
2025-09-23,169793,150252,66642,93063,65616,74631,7126478.0000,-3224871.0000,128099387.0000,138168866.0000,322810.2667,209940.4333,366656.8571,177524,122337991.0000,132689340.0000,1205126,1350197,223286,512443.3333
2025-09-22,168610,146395,69651,83890,59065,73515,27028085.0000,-8031684.0000,168259315.0000,120204726.0000,337255.0333,214480.7333,382681.2857,175459.2857,114148580.0000,150757835.0000,1171896,1325631,218345,533826.3333
2025-09-19,683815,268786,319042,292597,152690,101382,77853561.0000,11299134.0000,440969130.0000,139360933.0000,331353.9667,214471.6333,330287.5714,157788.2857,230484720.0000,302252238.0000,1399636,1523198,166961.3333,361167
2025-09-18,684905,254677,339439,302583,109780,120026,34094708.0000,-17679638.0000,576540608.0000,166496673.0000,313077.1667,210093.9,253590.7143,136998.2857,332584762.0000,352887277.0000,1323540,1445671,122308.3333,190935.3333
2025-09-17,232759,131572,98646,115749,60142,61020,6947661.0000,2672871.0000,157949368.0000,119193234.0000,309699.9333,209385.1667,246500.7143,141979,128666817.0000,135595227.0000,1310621,1426319,147079.3333,265503
2025-09-16,165837,114635,80130,73594,47152,59603,6981729.0000,-16268408.0000,399132307.0000,144402569.0000,310284.9667,211243.9,313600.4286,165790.4286,255238587.0000,275400541.0000,1285651,1397436,152848.3333,303817.6667
2025-09-15,174210,120718,68672,87906,55805,56042,-324330.0000,-5341349.0000,190660597.0000,160054477.0000,331821.1667,222412.9333,350923,185063,161854583.0000,158003870.0000,1270895,1355602,160972,351434
2025-09-12,456462,205885,223800,192546,103511,88404,54081888.0000,-5138632.0000,311477040.0000,113899983.0000,327704.7333,221599.4667,310141.1429,182107.4286,140597708.0000,265733767.0000,1388838,1489063,128726,248622.3333
2025-09-11,280781,131942,135012,119274,58250,58833,14565047.0000,-5395641.0000,158609266.0000,220904155.0000,323536.8333,221622.3667,299404,191815,137105540.0000,159185778.0000,1375014,1441131,140224.3333,216071.6667
2025-09-10,317059,145089,138879,143886,65104,69427,-4889827.0000,5720739.0000,220481732.0000,139642526.0000,319435.0333,221132.5667,328365.4286,208193.2857,161456090.0000,177427959.0000,1354710,1413915,185633,322230.3333
2025-09-09,148027,109147,57189,75868,50314,52425,47323532.0000,2378938.0000,163588656.0000,143711220.0000,321707.3,220944.5667,352290.4286,221241.5714,122425763.0000,174307355.0000,1342029,1404179,234459.3333,418044
2025-09-08,183129,166437,84016,84465,71668,81851,9456268.0000,-7531961.0000,178392752.0000,136907007.0000,330769.1333,223600.7,352938.5714,220908.1429,144416404.0000,159129943.0000,1323738,1375274,240712.3333,413997.3333
2025-09-05,635535,281315,291759,316169,133618,126484,-12256737.0000,2062259.0000,312455943.0000,165024375.0000,317861.3667,218724.2333,278348.7143,198312.5714,231731529.0000,225217806.0000,1434096,1528562,213572.3333,270692.6667
2025-09-04,435468,255626,177449,178088,110555,127855,391403.00,16738891.0000,399209468.00,210283010.0000,313652.9667,215483.4333,244139,192798,205144164.0000,283816566.0000,1383918,1445401,214942.6667,298799.6667
2025-09-03,170989,185196,69388,85082,83462,80726,34636238.0000,2361059.0000,197621549.0000,167813928.0000,315430.8333,213963.6333,320995,229942.1429,156016122.0000,189447261.0000,1369568,1407852,220039,346970.6667
2025-09-02,205621,199895,62613,94154,81334,99367,8545542.0000,-22282710.0000,261775954.0000,156024050.0000,315766.4667,212310.1667,311597.5714,237079.8571,238888549.0000,147639721.0000,1363396,1370767,208108.3333,340985.6667
2025-08-29,519789,259737,264814,216690,120067,115815,20035463.0000,5095337.0000,186398563.0000,133714094.0000,326390.9667,216496.2667,271526.2857,234480.8571,139364516.0000,153172521.0000,1519256,1446089,162578,205524.6667
2025-08-28,315502,200485,117730,169641,87149,94933,-394599.0000,-2018498.0000,115979803.0000,165709706.0000,323050.4,215667.2,302947.2857,258283.1429,120779206.0000,133855235.0000,1477010,1394591,168091,165690.6667
2025-08-27,187666,164103,88599,81193,79157,70977,-6035291.0000,18815160.0000,127252599.0000,107593778.0000,325975.6,215827.5333,299594,260679.7143,121444580.0000,94399429.0000,1476310,1364698,261791.6667,339462.3333
2025-08-26,113406,123146,50642,54254,52542,58173,9758469.0000,-12269515.0000,183014238.0000,136648431.0000,332563.7333,217901.2667,366650.2857,292354,136234183.0000,158985167.0000,1449132,1348645,304029.3333,348273.3333
2025-08-25,196000,217024,95311,87818,103655,97644,20602221.0000,21007285.0000,163254307.0000,186141617.0000,339026.6,218591.4,383954.4286,308241,164765827.0000,164798903.0000,1394651,1280207,312202.6667,362703.3333
2025-08-22,708981,445205,324145,327034,191830,209557,2781348.0000,-23747398.0000,451142639.0000,223391723.0000,339624.8667,218388.8333,325916.4286,269472,310668080.0000,327766634.0000,1440667,1348596,286168,304859.3333
2025-08-21,139839,249859,50220,77919,135007,91676,29998259.0000,17931061.0000,161108558.0000,471379445.0000,352157.4667,217427.5667,333169.7143,250830.4286,360330549.0000,242928377.0000,1381538,1333604,263174.6667,312977.3333
2025-08-20,239290,241544,110157,105446,115835,108220,7312989.0000,11171487.0000,249403769.0000,268386981.0000,356560.5,215151.5667,331518.2857,239970.7143,244095202.0000,238487401.0000,1352113,1304718,297615.3333,427480.6667
2025-08-19,535449,367101,252897,219634,178083,155869,-4458049.0000,27738409.0000,322204630.0000,421340676.0000,344627,205852.8667,341018.8571,227899.7143,381788788.0000,300901168.0000,1343858,1302925,284659.3333,354707.3333
2025-08-18,164193,180879,65464,80233,79656,84718,47277483.0000,-14478023.0000,215964597.0000,156078845.0000,348149.1333,203566.9333,389960.2857,240418.8571,144582175.0000,206782961.0000,1310570,1274128,282307,400881.3333
2025-08-15,582800,344866,240367,284343,179616,142187,-35069159.0000,24428388.0000,369345900.0000,238628440.0000,343292.2,199908,326217.5714,208773,310861329.0000,230274209.0000,1521049,1292043,207141,270152
2025-08-14,317129,328233,139529,145072,156929,143803,-90673851.0000,15743390.0000,459305736.0000,240704421.0000,353984.6,197708.3,299690.8571,177641.1429,358198875.0000,254756285.0000,1435121,1266405,152905.3333,240352.3333
2025-08-13,302715,173822,135973,140930,89069,68358,-10374580.0000,11242956.0000,223951539.0000,128111660.0000,358916.2333,197464.6,282644.1429,177151.8571,174887894.0000,154082023.0000,1389518,1273072,189166,340098.3333
2025-08-12,190612,119368,78004,100118,61509,46693,-18753442.0000,6057653.0000,175373975.0000,79522883.0000,366729.1667,200834,372599,225212,133426583.0000,107144668.0000,1349686,1251851,238881,445488.6667
2025-08-11,227730,165526,96084,107296,70977,77778,8712392.0000,-5134282.0000,242892156.0000,88633804.0000,380751.1,206465.4,387633.1429,227491.2857,148977230.0000,159593904.0000,1305370,1196852,224820.6667,415112.3333
2025-08-08,601953,282604,223485,325109,147294,114140,-20440509.0000,8963143.0000,310015295.0000,111253980.0000,368367.3,200723.4333,323889,206066.2857,227243605.0000,174992032.0000,1435736,1455537,167389.3333,258275.3333
2025-08-07,506783,268513,257453,220511,123925,117613,20255665.0000,-4393953.0000,423170367.0000,116209261.0000,359148.2333,196133.2667,279206.4286,186335.1429,249821992.0000,261206113.0000,1348230,1399083,134684,150477
2025-08-06,136601,123345,63053,63374,56692,56758,5793108.0000,4284627.0000,100964259.0000,76419637.0000,361338.2333,196387.1667,290577,183501.1429,83575757.0000,85084238.0000,1302927,1378501,245498.6667,378375.3333
2025-08-05,131442,110310,54125,67713,54557,42279,-9449071.0000,21888679.0000,151571237.0000,102837138.0000,362865.6667,197260.0333,336797.2857,202902.7143,135069648.0000,101293018.0000,1284842,1360326,269222.3333,445551
2025-08-04,183388,170397,89163,84122,71371,85431,17606136.0000,-10065947.0000,224677411.0000,119655957.0000,369120.9667,199414.1667,346070.7143,197849,153724502.0000,168061373.0000,1236672,1334129,256633,436336.3333
2025-08-01,820296,455789,359580,405156,246808,160121,-26703917.0000,18719050.0000,419236354.0000,345854435.0000,352533.4667,189019.4333,273059.2857,155365.1429,381362579.0000,332258731.0000,1263108,1383069,148168.3333,227572.6667
2025-07-31,332969,181481,131816,165739,92248,74727,-4789885.0000,2575778.0000,198140574.0000,83901576.0000,348644.5,187740.8667,257538.7143,149382.4286,133296106.0000,125930443.0000,1187194,1303206,122177,188648
2025-07-30,155744,132629,77969,66842,61893,57222,11227593.0000,7584039.0000,152912740.0000,72374175.0000,348644.3333,186616.6333,266102.4286,151905.5714,99302996.0000,114019550.0000,1139963,1270771,160007.6667,288394.6667
2025-07-29,194005,130395,85357,93529,67907,52909,-10839071.0000,20924613.0000,189812325.0000,116733599.0000,356165.1333,189930.1333,358176.5714,188323.4286,159246392.0000,127488766.0000,1110316,1244286,161549.6667,306493.6667
2025-07-28,216195,103507,65468,101271,53176,42067,19776671.0000,3604000.0000,455770952.0000,74018876.0000,361407.7,191809.0333,358046.5714,198624.2857,266226288.0000,142818237.0000,1074812,1200514,179848,337500.6667
2025-07-25,454984,246121,200993,210757,137681,93755,24430814.0000,11722719.0000,298607503.0000,127523487.0000,353520.8667,187400.8667,332394.8571,187594.5714,185292061.0000,212484912.0000,1175712,1323638,144341.6667,260614.3333
2025-07-24,248302,135021,110883,114819,59037,65311,-2500296.0000,-5957088.0000,171236141.0000,129130144.0000,351938.2,185956,341358.8571,194785.5714,125530390.0000,133197927.0000,1138362,1279069,149431.6667,249743.6667
2025-07-23,309216,158402,127105,159163,73432,73232,-16193226.0000,10749703.0000,255109479.0000,111158307.0000,348968.4333,185196.4667,352883.1429,206117.8571,182930001.0000,161089572.0000,1102716,1238108,225071,426179.6667
2025-07-22,224325,139602,104558,105181,67430,62161,5284193.0000,6339146.0000,221865872.0000,95178317.0000,354984.1667,189321.5667,424683.7143,248907.2857,150267721.0000,150187936.0000,1084202,1187270,237074.6667,423166.3333
2025-07-21,215690,150291,92932,107394,66747,73179,-6571020.0000,-4603221.0000,338943479.0000,108715925.0000,361036.4333,190112.8333,467559,259011.5714,214949365.0000,214549366.0000,1050480,1154268,243282,443077
2025-07-18,838524,385320,385460,401360,205891,150841,-76472990.0000,26739653.0000,892458789.0000,199847343.0000,338741.9667,181396.2667,400824.2857,228717.8571,539835574.0000,472273080.0000,1277460,1336827,176628,267252.3333
2025-07-17,215285,175613,94155,100283,85218,78421,9150150.0000,1147886.0000,255188210.0000,81532322.0000,339135.1333,179921.3667,395418.4286,216221.7143,154836130.0000,163251103.0000,1230971,1303873,197333,325452.6667
2025-07-16,275422,168913,134341,123033,76190,80129,34330454.0000,1149320.0000,360630920.0000,85632855.0000,337409.5,177770.0667,394623.4286,208134.2857,196031388.0000,228517924.0000,1188501,1273759,287404.6667,475955
2025-07-15,311050,185358,131123,157381,83777,84549,-13350586.0000,5012126.0000,496050681.0000,124338808.0000,343490.4333,178737.5,412629.4286,215240,298979474.0000,258233922.0000,1164147,1253219,299292.3333,544210.6667
2025-07-14,389886,237728,182375,181341,110717,109712,33779969.0000,-2338019.0000,720624857.0000,197395353.0000,341148.9333,177226.4333,448060.1429,218742,413514925.0000,447033060.0000,1119457,1215683,277804.3333,538042.3333
2025-07-11,726929,439128,364087,328807,231801,179143,44231101.0000,4861607.0000,739309494.0000,161533778.0000,323653.9,167196.7333,408593.7143,179796.7143,394078667.0000,446805727.0000,1228636,1323728,160808.3333,354880.6667
2025-07-10,515817,221021,251504,226937,101273,98486,33122211.0000,-2957867.0000,468433442.0000,93215121.0000,315379.0667,165709.6667,395619.8571,179715.1429,243495374.0000,283803515.0000,1156528,1270527,124568.3333,272894
2025-07-09,371381,173264,189118,157182,74413,82895,29109440.0000,-9177736.0000,303411108.0000,85611231.0000,327757.5333,174107.6333,435192.2857,202744.2857,167392855.0000,201939334.0000,1104437,1232926,145179.6667,294797.6667
2025-07-08,177444,88140,71156,91400,35692,44101,-5494604.0000,2070478.0000,145383028.0000,62837189.0000,335624.4,178314.5,442763,205916.4286,108235547.0000,88035965.0000,1080546,1206640,203213.6667,448283.3333
2025-07-07,269857,112301,82647,175361,49714,52478,33081.0000,1358999.0000,649112640.0000,64512798.0000,340301.6,181378.7333,437099.2857,208560.2857,468843875.0000,229489532.0000,1054802,1162911,221283.6667,508552.3333
2025-07-03,437092,235098,194191,211867,125843,94457,9871733.0000,12409219.0000,325153617.0000,76175882.0000,333958.4333,178159.2,403557.7143,193683.7143,188160899.0000,180696194.0000,1201755,1314921,216401,504521.6667
2025-07-02,637901,262242,324872,267711,118982,120677,53901716.0000,-14128492.0000,467871213.0000,101577882.0000,320098.1667,174452.8,337752.5714,175720,221639726.0000,322103434.0000,1106943,1264348,240476.3333,508017.3333
2025-07-01,450664,166511,223111,199940,82038,69512,-18677564.0000,19967770.0000,585042262.0000,112761609.0000,323066.8667,179735.7333,326378.7143,185507.1429,258643096.0000,413079263.0000,1081874,1199943,221754.3333,434609
2025-06-30,425000,220450,212920,179705,100516,103609,34896931.0000,-12746896.0000,421913581.0000,121052631.0000,326981.8333,181062.0333,311760.2857,174578.1429,227201189.0000,279947016.0000,1007388,1137520,191873.6667,369679.3333
2025-06-27,648388,334468,310999,291681,170069,142984,18624254.0000,935983.0000,375603920.0000,113978311.0000,313678.0333,174670.7667,250033.4286,147243.2857,217311172.0000,243788027.0000,1076099,1244440,124038.3333,220983.6667
2025-06-26,230439,110345,106235,107504,50764,50793,3718549.0000,-245486.0000,138312737.0000,69220107.0000,315753.0333,175546.0333,239362,145608.5714,95051645.0000,101099200.0000,1047537,1202745,132755.3333,203259
2025-06-25,230211,130808,109482,103417,61250,58444,3499099.0000,-5138988.0000,161079069.0000,81210403.0000,316887.1,176810.7,266421.7143,159750.2857,109180722.0000,117739309.0000,1007161,1165777,167493,250204.3333
2025-06-24,202301,130962,101298,82609,55257,64341,16908869.0000,-6111750.0000,163802286.0000,71954733.0000,335669.9,181962.7667,290874.7143,163880.5714,98741487.0000,121928691.0000,986972,1121294,171821.3333,290327.6667
2025-06-23,177265,136496,76454,87549,61071,63005,-9346081.0000,1380665.0000,167973948.0000,105178284.0000,345891.5667,186216.2333,296748.1429,160649.1429,135432021.0000,124705275.0000,947881,1079970,174030.6667,303339.3333
2025-06-20,371047,235021,181461,169315,106139,110480,3140520.0000,-2327301.0000,442368294.0000,118250905.0000,339331.7,182294.6,272430.2857,140171.1429,270704399.0000,275030432.0000,1198653,1361280,128657.6667,231570
2025-06-18,322671,143947,137337,148646,68196,63131,2639620.0000,-3537317.0000,166538892.0000,90346417.0000,332966.2,180434.6333,257780.5714,138981,114963005.0000,122004422.0000,1151240,1297292,157275.3333,263889.3333
2025-06-17,216300,143124,94956,102104,71710,60247,-3583634.0000,486455.0000,154869728.0000,83392222.0000,334664.8667,180673.9333,284708.7143,156156.8571,108204586.0000,105432547.0000,1104127,1268194,162858.6667,316280
2025-06-16,155739,98902,67220,77448,44812,46613,-15927592.0000,-9213436.0000,193802768.0000,95328145.0000,348090.0667,188167.2333,319211.4286,166889.2857,139511726.0000,134067570.0000,1084818,1238956,167850,337160
2025-06-13,419629,229800,205171,181982,109915,104410,4947771.0000,4322541.0000,218755632.0000,116314526.0000,351916.2333,188028.0667,283505.8571,151749.7143,157202359.0000,160289505.0000,1189986,1396631,121808.3333,264224.3333
2025-06-12,373472,159874,148416,206042,87855,61079,25597671.0000,1134544.0000,247587599.0000,55855728.0000,345653.3,189828.6667,262592.7143,147677.1429,166954396.0000,126459785.0000,1141974,1330984,113722.3333,213108
2025-06-11,218379,113876,109307,94612,56701,49992,-1360162.0000,4606777.0000,202622368.0000,66443381.0000,344893.6,190819.0333,263346.1429,146319.7143,131867901.0000,127553086.0000,1110755,1311403,163548.6667,275247.3333
2025-06-10,200822,91675,86447,94183,41468,41743,23218923.0000,105706.0000,226611436.0000,67813228.0000,343674.1333,192011.5,305154.1429,163849.1429,124212129.0000,148667898.0000,1088731,1256273,191000,340726
2025-06-09,220123,135616,104731,98687,56294,63196,-42083350.0000,-9949992.0000,361061612.0000,78809683.0000,362234.1333,197551.3333,319371,171960.5714,199787814.0000,200919326.0000,1048894,1197327,187069,323915
2025-06-06,404797,263355,191959,174397,139802,99993,4549368.0000,357790.0000,199609900.0000,86736953.0000,356859.5667,195318.1667,290411.1429,154086.5714,131567135.0000,135203128.0000,1132561,1329321,143072.6667,264676
2025-06-05,397258,174029,183877,192616,89920,68580,13110866.0000,1149697.0000,451849029.0000,347724766.0000,355770.7,195387.0667,271884.5714,154426.5714,272751577.0000,297035106.0000,1089585,1263495,119854.3333,206807.6667
2025-06-04,169690,123823,76082,84206,60048,53139,18283896.0000,2235376.0000,237797461.0000,70091010.0000,369177.3,199638.6333,353748.1429,197480.8571,136825136.0000,161628856.0000,1055315,1229396,150040.3333,314737
2025-06-03,227080,131366,113600,99011,62640,58058,-25069508.0000,-4984165.0000,272822951.0000,91250567.0000,371208.1333,200290.5667,380372.4286,209335.1429,187016698.0000,158499828.0000,1023828,1198516,170383.6667,345590.6667
2025-06-02,223653,104374,134238,76322,44351,51923,-4775237.0000,4098990.0000,308646607.0000,67563948.0000,383204.2667,204884.9667,407018.1429,223600,116936774.0000,248235462.0000,999422,1167587,181671.3333,338399
2025-05-30,493478,214381,240014,212211,104270,95697,29614502.0000,-11163119.0000,283617549.0000,129449548.0000,374211.7667,203988.0667,371778,212761.5714,161613232.0000,228466249.0000,1205054,1334021,169014,263097
2025-05-29,319641,192396,147092,153625,102245,78421,-8029235.0000,8608594.0000,272316246.0000,185579253.0000,369110.9,201317.4667,357842.5714,206855,250260471.0000,184995282.0000,1149346,1270385,246616.3333,404128.3333
2025-05-28,202078,138237,80689,104023,61882,64472,13991151.0000,7060219.0000,271092421.0000,111134329.0000,369945.6667,201698.9667,406077.8571,233535.2857,174796570.0000,182609502.0000,1120838,1241982,271986,474585.6667
2025-05-27,267572,176409,112830,132187,73529,88049,-18488700.0000,18760221.0000,273738613.0000,168191222.0000,382316.9333,205042.6333,445346,245511,227075576.0000,187183955.0000,1072141,1196665,281259,522119.3333
2025-05-23,742735,425203,323132,348903,224764,174776,52560509.0000,10748680.0000,688654430.0000,307341706.0000,368124.8667,200123.4667,374851.5714,205157.7143,435524662.0000,488506075.0000,1245711,1320088,185695.3333,356806.6667
2025-05-22,413450,214346,177031,209496,111490,89175,-19934038.0000,5201864.0000,605035247.0000,137363958.0000,366648.7333,203172.2333,357600,194051.5714,349269581.0000,359026479.0000,1174970,1273274,164596.6667,293021
2025-05-21,410173,204228,180137,201825,104773,84648,37257499.0000,9730669.0000,523384800.0000,173075262.0000,359947.0667,204741.6333,336751.4286,188983,313275071.0000,349546627.0000,1133128,1233426,204853.6667,336205
2025-05-20,246797,138512,107097,122867,59798,65645,-14156495.0000,-7625860.0000,297701736.0000,138953319.0000,362096.7,207097.5333,410892.5714,209984.7143,197587002.0000,197817757.0000,1105421,1182594,245429.3333,434755.6667
2025-05-19,222093,151050,104209,102163,68002,70454,-888997.0000,4324349.0000,384943077.0000,169784740.0000,371779.9333,213733.9667,448295.7143,226134.7143,269431636.0000,250141650.0000,1062458,1142971,242656,443816
2025-05-16,539725,324999,262660,239230,168982,137110,-12557863.0000,23241111.0000,527560067.0000,173463725.0000,365197.4333,212041.9667,396085.1429,196473.7143,338914525.0000,303337067.0000,1216360,1432339,179857.3333,361470.6667
2025-05-15,542449,260239,230710,272736,126620,110711,37293693.0000,22570366.0000,795177353.0000,134058131.0000,353340.8,207925.6333,337407.5714,171889.2857,390370355.0000,493460104.0000,1118602,1387584,149360.3333,268732
2025-05-14,249274,142730,114538,115139,76093,58564,4212477.0000,10796374.0000,374998812.0000,97837157.0000,351730.1333,208208.6,339977,172971.1429,236613055.0000,213047023.0000,1074935,1336995,196958.3333,440902.3333
2025-05-13,292689,136603,155558,117094,59328,65729,10287077.0000,1610947.0000,500518033.0000,118501998.0000,348104.0667,209233.7,377949.2857,199699.4286,288930785.0000,295103610.0000,1030885,1294290,239457.3333,504644.3333
2025-05-12,264233,168748,121613,128114,75629,76601,-16872449.0000,15329068.0000,538731721.0000,147237214.0000,357977.9333,217320.0667,416546.5714,207824.7143,346165890.0000,308970554.0000,973773,1218451,222332,474650.3333
2025-05-09,765785,285524,372986,337181,156958,111268,11970121.0000,18609695.0000,865668844.0000,147481949.0000,341458.0333,213838.9667,333660.7143,197591.5714,416912044.0000,537733777.0000,1137447,1268965,156540,263290.6667
2025-05-08,483915,264100,222030,225395,119518,121111,-81519156.0000,-10020865.0000,1200644637.0000,229110379.0000,332088.0333,209832.6,292471.1429,180375.4286,821364599.0000,514286113.0000,1074903,1201525,118607.6667,191072.3333
2025-05-07,174251,117372,79055,82941,57248,50905,-27843640.0000,5476780.0000,217741919.0000,77740890.0000,335301.3,211229.0333,291040.7143,181815,158871222.0000,119643772.0000,1045952,1172379,187384,319153.6667
2025-05-06,131706,88148,61981,60331,41635,41444,20604138.00,13476611.0000,171501548.00,88030598.0000,348735.4667,214678.2667,383214.5714,212338.2857,120226649.0000,126494176.0000,1029372,1186321,233209.6667,453389.6667
2025-05-05,267260,150303,123361,130478,73264,67213,16159211.0000,7329202.0000,477575946.0000,127372229.0000,356418.4333,218159.6,379828.8571,218917.8571,300461364.0000,283331148.0000,996494,1070892,254406,426164.3333
2025-05-02,558495,323701,263491,256020,142681,162000,-2279461.0000,3451285.0000,699630051.0000,135177034.0000,348676.3333,215098.2333,352128.4286,197831.4286,398138680.0000,381588092.0000,1138576,1283650,194368,305195.3333
2025-05-01,534414,225625,252244,249074,115849,94744,-2766304.0000,9083105.0000,1509176942.0000,133617486.0000,341820.6,214761.8333,357481.8571,201509.2857,864941444.0000,731850876.0000,1067043,1219638,161642.6667,181803.3333
2025-04-30,185584,213892,83148,87517,97731,101333,5762411.0000,4262657.0000,252426812.0000,105158150.0000,341507.3333,213378.3,372113.4286,192513.8571,163082101.0000,171547970.0000,981475,1190871,190949,378916.3333
2025-04-29,195588,143587,95526,87043,64832,67421,-5007308.0000,193809.0000,367603861.0000,122636724.0000,341558.8333,213437.7333,427534.7143,206602.2857,242748913.0000,221223211.0000,942059,1158193,208540,394907
2025-04-28,164238,127449,71376,83617,58028,61039,-7678006.0000,6881648.0000,292829640.0000,97684738.0000,358515,221226.1667,436029.7143,215177.2857,191116700.0000,177340521.0000,906749,1123077,224755.6667,461691.6667
2025-04-25,776923,301811,384484,347385,139336,142640,-16730479.0000,626625.0000,854213069.0000,193264803.0000,341196.7667,218497.6333,348842.8571,188101.1429,529663462.0000,452280864.0000,1034278,1281875,207942,393346.6667
2025-04-24,243560,196360,100419,129025,117231,69526,7978856.0000,-3177593.0000,387558834.0000,79753721.0000,339999.7,218688.3667,346494.4286,181432.8571,229909328.0000,213884222.0000,945971,1250118,192796.6667,408161.6667
2025-04-23,364592,176096,157509,185615,89399,76328,4113390.0000,8731354.0000,524742326.0000,111960068.0000,336465.2,218885.8,385654.1429,195807.5714,375856682.0000,238016088.0000,907799,1200252,214833.3333,481143.3333
2025-04-22,571888,251370,279127,261443,114277,116830,53861201.0000,-2650295.0000,1026102261.0000,172620589.0000,328350.9333,222255.6,349237.7143,199558.7143,637307685.0000,520268686.0000,846863,1122361,193534.6667,365081.6667
2025-04-21,288005,150924,127498,137871,72679,67962,-9197760.00,6559021.5000,323294276.00,147427148.5000,344758.5667,230524.7333,360832.1429,221685.1429,248479319.5000,195558388.0000,810174,1046131,180652.6667,324618.3333
2025-04-17,583537,242206,251484,284464,133682,96411,7362329.00,1582096.0000,389958265.00,97218570.0000,340297.2333,232933.7333,307344.4286,222985.7143,218955759.0000,233391003.0000,1040749,1290173,149811.3333,205813
2025-04-16,223703,187474,103424,105000,101252,75686,10169757.00,-2815388.0000,195430799.00,151963162.0000,350811.9,235187.5333,319856.2857,226087.8571,158680197.0000,159114342.0000,998053,1256743,179559.6667,344148.6667
2025-04-15,166615,112278,77225,80145,53485,51350,3157191.00,-4853449.0000,183699773.00,95678426.0000,364092.8,240441.6667,369281.2857,260068.5714,123962283.0000,136670623.0000,976942,1228489,234676.3333,394268
2025-04-14,227121,149682,112904,103947,68909,69943,-3492841.00,-3132269.0000,262336914.00,188632685.0000,371360.6333,242555.7333,385728.2857,277862.4286,214777305.0000,214322869.0000,946948,1188301,286718.6667,441616.3333
2025-04-11,638710,276719,276336,309426,125917,135859,-11109269.00,-29230960.0000,417681546.00,175551848.0000,368972.6,244185.4333,321162.5714,257866.7143,271226828.0000,283433935.0000,1080845,1271653,278249,298420.6667
2025-04-10,316973,277628,126486,171910,150660,114332,-7030538.00,25289253.0000,266825253.00,191202796.0000,371329.2667,241765.1,304588.4286,239808.2857,235223211.0000,202390006.0000,1023866,1230220,255436,296525
2025-04-09,369166,305809,185871,166365,150930,140462,-6866521.00,-7680409.0000,439506445.00,271688960.0000,368605.7,239159.5667,278122.8571,220029.2857,345466355.0000,336287843.0000,959949,1190444,270214,344333
2025-04-08,209123,251310,87953,109041,129815,107293,-10321908.00,22366799.0000,211358664.00,251505854.0000,374786.900000000000,243869.700000000000,328312.285714285714,242890.571428571429,236148340.0000,203459633.0000,923215,1158027,277857.000000000000,388708.666666666667
2025-04-07,311286,209189,115169,186657,98490,101029,3422997.00,3387273.0000,502911075.00,284549203.0000,371970.800000000000,243799.500000000000,322441.142857142857,238876.571428571429,447269463.0000,317649027.0000,890922,1100719,253710.333333333333,347196.666666666667
2025-04-04,512590,350143,220753,254148,177441,154793,20769839.00,6672679.0000,327906209.00,263648527.0000,374743.800000000000,244039.833333333333,278187.571428571429,209414.571428571429,266440384.0000,304006159.0000,1032721,1261879,187402.333333333333,243318.000000000000
2025-04-03,342250,274239,145675,165485,139239,119994,11114127.00,14259234.0000,308717141.00,247779471.0000,373316.833333333333,240109.433333333333,267958.857142857143,192989.714285714286,233026260.0000,268759273.0000,1003479,1200202,151774.666666666667,190537.000000000000
2025-04-02,186750,136749,85492,88370,58926,69867,-15126933.00,2435210.0000,212013155.00,87359827.0000,375702.866666666667,240681.133333333333,317670.428571428571,200829.142857142857,151283495.0000,133721352.0000,987261,1178299,243304.666666666667,315103.333333333333
2025-04-01,200954,151219,98693,89029,74748,66069,-576850.00,7222439.0000,244524786.00,154590076.0000,377327.933333333333,241069.900000000000,360069.714285714286,215618.285714285714,195263076.0000,184853787.0000,968093,1144351,253262.000000000000,338181.333333333333
2025-03-31,183907,167356,84483,87472,80352,76556,4987915.00,-7301840.0000,213109593.00,184631804.0000,391837.300000000000,245091.766666666667,380401.857142857143,224833.142857142857,182033316.0000,194323071.0000,938331,1121074,245446.333333333333,344484.000000000000
2025-03-28,560449,411339,278586,247583,232180,157017,8238461.00,16827470.0000,354051436.00,248572714.0000,382794.066666666667,236745.266666666667,347300.857142857143,196860.857142857143,288752726.0000,286025388.0000,1079743,1286912,161421.666666666667,247884.000000000000
2025-03-27,270188,181091,114823,131765,113866,58696,30316794.0000,11278933.0000,255270162.0000,107772552.0000,379541.900000000000,234737.266666666667,333872.000000000000,195617.285714285714,158714648.0000,178234604.0000,1009385,1275482,164933.000000000000,336065.000000000000
2025-03-26,202815,143909,88697,100770,70377,63635,19972886.0000,12425123.0000,329157268.0000,112672927.0000,380929.100000000000,234413.766666666667,333060.285714285714,195826.000000000000,206656263.0000,214967392.0000,987997,1267495,201877.666666666667,434376.333333333333
2025-03-25,270649,159265,90328,167210,76629,70828,-4341558.0000,-181651.0000,954991563.0000,135349271.0000,377454.966666666667,232507.466666666667,390528.000000000000,224659.857142857143,761085915.0000,302912889.0000,943902,1200441,226076.000000000000,452904.000000000000
2025-03-24,534731,191625,281130,221348,87000,88407,3854805.00,-4529767.0000,671333891.00,142944708.0000,374528.666666666667,234634.666666666667,350905.857142857143,228707.000000000000,366772624.0000,412215341.0000,901154,1094146,234045.333333333333,384241.000000000000
2025-03-21,497749,254743,255313,211240,133033,107195,17559451.00,13238887.0000,308059289.00,120610133.0000,371233.533333333333,231900.266666666667,309462.857142857143,221184.000000000000,199627888.0000,197283280.0000,1157734,1391513,206593.000000000000,277053.333333333333
2025-03-20,326232,231860,122770,168124,128641,89307,6606142.00,12700386.0000,265190874.00,200285847.0000,367261.633333333333,229563.433333333333,299795.000000000000,214063.857142857143,224547674.0000,215872269.0000,1095774,1334975,177763.000000000000,234020.333333333333
2025-03-19,328742,215533,156192,147685,95625,102173,24665560.00,-455791.0000,409652524.00,143922068.0000,360422.700000000000,226015.033333333333,299754.714285714286,233625.428571428571,253175216.0000,270066534.0000,1045240,1276831,226286.000000000000,348747.333333333333
2025-03-18,176186,172386,81443,84243,84113,76649,32426739.00,22731895.0000,242466685.00,451451692.0000,361651.066666666667,225747.933333333333,386047.285714285714,265998.571428571429,318631961.0000,321766157.0000,1016887,1250443,242142.333333333333,375810.666666666667
2025-03-17,197133,145370,86547,94921,67024,66977,11679140.00,4064405.0000,248056443.00,104355853.0000,367435.433333333333,229917.233333333333,422127.857142857143,290156.571428571429,162356671.0000,170357856.0000,989597,1208304,261046.333333333333,379315.666666666667
2025-03-14,672923,361102,310905,306167,173803,166508,-42700711.00,-11052448.0000,583879916.00,198371372.0000,354192.000000000000,223631.333333333333,403016.428571428571,275011.714285714286,371083285.0000,334509702.0000,1106783,1370975,201352.000000000000,241193.666666666667
2025-03-13,257376,219955,106947,119347,110141,96071,2255182.00,-6594710.0000,191075787.00,181862160.0000,357063.033333333333,221501.366666666667,446968.714285714286,282147.000000000000,169255233.0000,175636850.0000,1062466,1317512,245521.666666666667,264888.333333333333
2025-03-12,207648,202082,98439,99231,89252,101237,-372449.00,-3808699.0000,195907854.00,144544341.0000,354973.900000000000,217911.133333333333,480898.428571428571,283721.571428571429,157986029.0000,167222279.0000,1018418,1294989,311160.333333333333,455750.333333333333
2025-03-11,258557,182019,123125,120321,86097,86021,-4907791.00,-8771518.0000,350520606.00,230820094.0000,355467.500000000000,219321.700000000000,524971.571428571429,304234.571428571429,260331159.0000,288864386.0000,990470,1244608,355312.666666666667,519463.666666666667
2025-03-10,328460,352464,144872,164993,176736,157708,29054740.00,12026019.0000,463854226.00,454468428.0000,361684.700000000000,217405.633333333333,533430.571428571429,283170.857142857143,419868330.0000,457087726.0000,951661,1190738,322854.000000000000,589691.333333333333
2025-03-07,780234,398998,358105,346114,204772,170665,-8820131.00,4296871.0000,617112818.00,216862176.0000,353361.733333333333,209824.366666666667,463034.142857142857,258691.571428571429,385778283.0000,389738662.0000,1031923,1466150,279822.000000000000,517960.666666666667
2025-03-06,449697,314476,217112,209040,161096,136224,55097190.00,30042245.0000,661961486.00,258855285.0000,345821.533333333333,204573.666666666667,455157.285714285714,269854.142857142857,420869644.0000,462926148.0000,978086,1431969,246031.333333333333,516447.000000000000
2025-03-05,539143,255088,248293,250883,114210,119183,-5159036.00,10376435.0000,681671847.00,228664629.0000,338732.500000000000,203683.533333333333,410537.285714285714,262996.285714285714,466455099.0000,394519735.0000,917235,1352681,269538.666666666667,525755.666666666667
2025-03-04,565042,269902,264158,238768,115719,130375,12643593.00,10133330.0000,644568709.00,277896997.0000,347712.433333333333,205975.500000000000,414928.428571428571,275489.285714285714,421646539.0000,446073942.0000,849666,1255542,247910.666666666667,466632.666666666667
2025-03-03,445156,213104,191271,231010,106616,95114,15086414.00,19300213.0000,541681081.00,288436962.0000,342423.900000000000,205282.566666666667,394112.000000000000,267378.285714285714,417890226.0000,379193514.0000,811450,1144196,252757.000000000000,414067.000000000000
2025-02-28,567069,325610,264178,256359,151783,153049,8229783.00,2362705.0000,315633290.00,240518768.0000,334073.566666666667,201106.766666666667,350006.571428571429,242848.285714285714,242871856.0000,275188338.0000,911354,1385824,275091.666666666667,356563.666666666667
2025-02-27,387673,205018,167993,198908,97528,96852,-5165662.00,11143019.0000,249569963.00,254649567.0000,328450.566666666667,202732.900000000000,330297.000000000000,236828.857142857143,240306466.0000,204867595.0000,924139,1297966,275780.000000000000,302940.333333333333
2025-02-26,287459,227643,115408,156542,113144,101364,-10992614.00,-3876866.0000,287813381.00,226670236.0000,325891.233333333333,201086.100000000000,377686.857142857143,245453.000000000000,243845123.0000,248809035.0000,881941,1287881,319016.666666666667,405714.000000000000
2025-02-25,394559,392614,156254,212823,184404,176379,-29397134.00,-1738415.0000,405389708.00,572124034.0000,325930.066666666667,198692.933333333333,362628.714285714286,212357.285714285714,469592486.0000,455283767.0000,841181,1195132,240254.333333333333,374008.000000000000
2025-02-24,226803,207083,101657,108411,100049,93172,-33078167.00,14419957.0000,296016258.00,286255850.0000,334061.966666666667,200023.100000000000,354888.714285714286,200038.428571428571,306198809.0000,249255721.0000,803469,1140388,222526.666666666667,384517.333333333333
2025-02-21,595780,357353,292047,248677,181146,152944,-5760185.00,22671884.0000,363247854.0000,221562779.0000,323761.266666666667,196051.000000000000,304696.000000000000,168160.000000000000,291180066.0000,262911587.0000,1060248,1453532,157703.000000000000,269159.333333333333
2025-02-20,299441,156327,122780,142881,77826,67413,-12313015.00,24969688.0000,314420349.00,190991003.0000,333152.266666666667,198654.666666666667,285693.714285714286,160409.857142857143,251295298.0000,234247758.0000,1019699,1374019,201598.000000000000,375741.666666666667
2025-02-19,258331,153900,109571,134038,75425,67332,-20186511.0000,-158179.0000,315016157.0000,137402995.0000,344377.533333333333,205421.366666666667,312638.142857142857,174915.714285714286,229607372.0000,200880084.0000,982056,1305285,203946.000000000000,386015.333333333333
2025-02-18,249706,162882,113687,101848,73364,79425,18778678.0000,-3113699.0000,429043070.0000,102630041.0000,344227.666666666667,205979.566666666667,333950.857142857143,176319.857142857143,172161870.0000,249642147.0000,941580,1228413,189935.666666666667,360321.000000000000
2025-02-14,619188,288012,275824,295066,129241,139709,21238165.0000,-6014135.0000,403627575.0000,116441180.0000,336598.033333333333,204006.666666666667,275077.571428571429,158283.142857142857,228655165.0000,251123429.0000,1032672,1329363,138666.333333333333,235402.000000000000
2025-02-13,289152,160944,120447,143814,82987,67640,-4088836.00,8077325.0000,244933632.00,108258258.0000,337010.766666666667,205581.400000000000,251423.571428571429,150874.142857142857,182117874.0000,147858643.0000,985320,1279411,119043.666666666667,194493.000000000000
2025-02-12,172623,120851,77537,81967,51684,60846,-12693178.0000,-10028529.0000,225010373.0000,109718101.0000,342349.800000000000,210005.833333333333,257197.000000000000,157091.571428571429,167953557.0000,147548908.0000,974723,1252719,163907.000000000000,285932.666666666667
2025-02-11,244431,134204,110329,120147,62860,62433,28006614.0000,-2526042.0000,448015036.0000,125131787.0000,345254.400000000000,210345.100000000000,275230.285714285714,176555.142857142857,205176898.0000,346287054.0000,947084,1187431,176742.666666666667,337420.666666666667
2025-02-10,166425,102076,75101,80972,43691,48225,-2243819.0000,-3132643.0000,211026734.0000,68701229.0000,345645.466666666667,210761.333333333333,290829.571428571429,186619.285714285714,134149364.0000,129646888.0000,919378,1131179,196635.666666666667,350970.666666666667
2025-02-07,446942,255441,181768,231951,130793,110119,21584693.0000,-9031215.0000,498899828.0000,155080558.0000,338022.366666666667,208444.533333333333,276053.142857142857,172421.428571428571,324044819.0000,303315067.0000,1033329,1312766,147849.000000000000,243181.333333333333
2025-02-06,398895,172711,189016,180425,83753,75100,694223.0000,7396450.0000,411101239.0000,201942733.0000,339754.266666666667,214154.500000000000,239778.714285714286,161230.571428571429,264890462.0000,285619377.0000,1004029,1228783,145069.666666666667,181228.666666666667
2025-02-05,207075,161755,87041,105663,74867,71632,-7451397.0000,3074404.0000,249267884.0000,217688430.0000,347592.833333333333,221494.633333333333,249248.714285714286,170170.714285714286,220609087.0000,210365384.0000,960721,1183296,181301.000000000000,235758.333333333333
2025-02-04,123574,109081,59999,55267,43339,43887,133094.0000,7404060.0000,187118351.0000,95520599.0000,358015.700000000000,225260.600000000000,305163.285714285714,196728.000000000000,135310626.0000,128039660.0000,934194,1156415,202449.000000000000,286440.333333333333
2025-02-03,213037,164373,102252,98290,74548,80531,-2661137.0000,-8094816.0000,341652823.0000,172087066.0000,358334.800000000000,224630.700000000000,350521.571428571429,197754.714285714286,253574935.0000,236681839.0000,893371,1105078,199676.666666666667,329930.333333333333
2025-01-31,370664,270449,156459,193312,125625,127140,-14228952.0000,8424225.0000,414682767.0000,147586278.0000,357666.666666666667,224268.600000000000,329496.857142857143,181541.285714285714,287754441.0000,239011139.0000,984392,1289074,140985.333333333333,254700.333333333333
2025-01-30,275620,172525,114837,133514,81963,79799,-15356641.0000,5433025.0000,559339300.0000,143731528.0000,366131.133333333333,227388.233333333333,336761.428571428571,189521.142857142857,408921274.0000,231472873.0000,956479,1254208,158255.666666666667,253948.666666666667
2025-01-29,343507,156056,161886,167697,76580,72764,-5693888.0000,10271856.0000,299356019.0000,129942947.0000,362757.666666666667,228188.133333333333,406894.714285714286,215607.571428571429,221538607.0000,188928943.0000,938567,1217125,204564.333333333333,311105.000000000000
2025-01-28,144974,94375,60705,73532,42022,46531,-263722.0000,4834828.0000,230456398.0000,133047212.0000,368256.700000000000,233255.600000000000,427112.714285714286,229599.142857142857,172711492.0000,170311075.0000,927125,1187228,230292.666666666667,439628.666666666667
2025-01-27,273365,224336,116879,135345,103344,104689,-11564310.0000,323050.0000,429873083.0000,303572873.0000,366100.333333333333,230150.233333333333,433283.285714285714,226170.571428571429,347864634.0000,326890457.0000,884978,1131540,207832.333333333333,423004.000000000000
2025-01-24,514976,294982,207090,262781,147124,123078,-40253346.0000,20977811.0000,876943007.0000,227279855.0000,358244.366666666667,226170.400000000000,390998.571428571429,220287.714285714286,538256642.0000,426162465.0000,984269,1304265,185633.000000000000,360169.333333333333
2025-01-23,530545,171560,206603,255711,81609,79960,16917962.0000,-12731659.0000,724374268.0000,154832925.0000,355529.700000000000,229049.433333333333,345303.428571428571,221241.857142857143,348815778.0000,477974247.0000,948076,1179403,241333.333333333333,461467.666666666667
2025-01-22,223491,156955,94873,111078,74744,66002,-8302436.0000,-8857866.0000,589120896.0000,166170818.0000,365596.233333333333,233267.266666666667,369908.142857142857,244651.000000000000,356431265.0000,328617480.0000,908702,1149869,253120.333333333333,482470.666666666667
2025-01-21,326472,228384,160397,145057,106461,105151,15913529.0000,-4913539.0000,666066324.0000,230104343.0000,368189.566666666667,231273.933333333333,390520.714285714286,247308.714285714286,415123803.0000,432978976.0000,850315,1089688,243771.000000000000,479166.333333333333
2025-01-17,834440,338661,412634,368870,173295,146823,84227960.0000,3487341.0000,1972747588.0000,262092269.0000,348560.133333333333,225379.233333333333,312280.571428571429,232955.714285714286,923655184.0000,1210708322.0000,1491867,1443686,215484.666666666667,274014.000000000000
2025-01-16,286500,192316,126665,139179,91019,86514,-33597068.0000,4330422.0000,612788587.0000,197996567.0000,346915.033333333333,224395.133333333333,354376.428571428571,238973.000000000000,336734221.0000,388321217.0000,1454840,1401891,210792.333333333333,248740.333333333333
2025-01-15,316559,200336,143147,154323,86022,96502,-15307624.0000,-9701153.0000,700171863.0000,160782455.0000,346491.500000000000,224085.900000000000,394166.428571428571,261339.428571428571,414529955.0000,384740583.0000,1408196,1366649,250953.333333333333,275128.666666666667
2025-01-14,218983,253802,103953,98915,121321,109289,15234937.0000,-2194048.0000,407710113.0000,185252971.0000,349844.466666666667,223158.866666666667,397913.142857142857,250743.142857142857,270274256.0000,289119010.0000,1318406,1326586,248682.000000000000,359054.333333333333
2025-01-13,210679,178239,95650,98286,79742,80230,-9215546.00,-4547525.0000,336228729.00,209778929.0000,355646.566666666667,228291.533333333333,423573.142857142857,257969.714285714286,276203097.0000,247187826.0000,1282590,1273647,268665.666666666667,384414.333333333333
2025-01-10,395724,320819,177743,190523,167536,131880,7152276.0000,4711886.0000,452341535.0000,207608964.0000,354429.466666666667,224621.233333333333,410117.428571428571,241879.285714285714,312289049.0000,300916551.0000,1373337,1496659,239871.666666666667,446230.000000000000
2025-01-08,470760,246988,166135,212323,119474,111355,-29882548.0000,5838528.0000,493422291.0000,281434406.0000,355170.600000000000,229602.400000000000,390408.000000000000,242821.571428571429,378785057.0000,337529664.0000,1337578,1409271,276509.333333333333,487673.000000000000
2025-01-07,286759,238190,121050,134991,117982,104406,-14424286.0000,28289383.5000,542887299.0000,237492087.5000,367505.466666666667,240362.100000000000,396809.428571428571,229420.428571428571,390628942.5000,354115853.0000,1309756,1394597,256988.666666666667,473823.333333333333
2025-01-06,581171,234437,288969,261991,102794,113005,10319954.0000,-1572960.0000,1241400774.0000,275234934.0000,369218.633333333333,245061.800000000000,339236.000000000000,212295.571428571429,678617118.0000,766594377.0000,1254723,1266554,255118.000000000000,410199.333333333333
2025-01-03,595089,356901,265722,281818,153861,166020,-23435046.0000,-9730628.0000,798649382.0000,296603476.0000,362636.100000000000,243614.400000000000,285401.714285714286,187872.142857142857,505194899.0000,444281788.0000,1332716,1356133,205546.333333333333,312347.666666666667
2025-01-02,245210,179628,110721,113279,81207,87072,-11141155.00,-31506080.0000,465022747.00,200810835.0000,362812.100000000000,243569.400000000000,314779.142857142857,211355.285714285714,297628714.0000,341128849.0000,1299913,1309842,230198.333333333333,341542.333333333333
2024-12-31,390299,228825,145249,168579,107925,105913,-2061287.00,6259254.0000,428834205.00,366891684.0000,360552.933333333333,243441.033333333333,322198.142857142857,233231.571428571429,371928177.0000,365130898.0000,1266263,1228238,202050.666666666667,321965.666666666667
2024-12-30,301534,208186,121534,159425,97351,92364,-4154970.00,-6531139.0000,471277749.00,363275377.0000,357619.000000000000,242620.066666666667,341444.714285714286,235213.571428571429,373447190.0000,380664642.0000,1234384,1183222,170843.000000000000,280840.000000000000
2024-12-27,332794,253584,152452,157859,136811,102598,40284926.0000,9797190.0000,382733617.0000,231880718.0000,364492.633333333333,241664.600000000000,325704.142857142857,219769.571428571429,272751665.0000,316417536.0000,1355451,1345190,148294.000000000000,242658.333333333333
2024-12-26,331569,144382,127633,132762,66660,64082,41908577.0000,7219453.0000,505341659.0000,178379337.0000,364578.133333333333,242717.766666666667,328425.714285714286,236227.285714285714,303977798.0000,327179645.0000,1317588,1307129,214836.666666666667,282419.333333333333
2024-12-24,178157,114563,83224,83123,50870,55261,-32493281.0000,-2991266.0000,414783132.0000,108646655.0000,377717.466666666667,247046.333333333333,378625.285714285714,257877.428571428571,257273075.0000,227795000.0000,1295271,1278004,303968.666666666667,370444.333333333333
2024-12-23,218249,185937,90652,115424,86747,85462,-19367475.0000,6053734.0000,402265367.0000,214262097.0000,383221.433333333333,246060.866666666667,382061.571428571429,257036.857142857143,309923758.0000,282069949.0000,1245096,1210182,316009.666666666667,443114.666666666667
2024-12-20,450852,344010,215473,206407,158411,163220,11488908.0000,-16321825.0000,735694246.0000,313498766.0000,376598.833333333333,240409.733333333333,361932.000000000000,243092.428571428571,484152691.0000,504941528.0000,1510821,1509207,249831.666666666667,367034.000000000000
2024-12-19,442232,381959,186550,212708,177553,183232,12745399.0000,17239871.0000,767717509.0000,763909888.0000,367452.266666666667,232014.766666666667,328566.571428571429,207266.142857142857,715540811.0000,685607521.0000,1469954,1417716,209040.666666666667,336496.666666666667
2024-12-18,436260,222060,211546,203204,114103,93392,111903070.0000,-5557235.0000,672503189.0000,326519108.0000,356775.566666666667,227508.200000000000,306143.285714285714,200627.142857142857,418697578.0000,550209701.0000,1441633,1353688,223725.333333333333,367594.666666666667
2024-12-17,222610,145476,105016,105487,67377,68180,22433582.0000,358192.0000,686232776.0000,212158539.0000,352946.166666666667,225768.066666666667,338499.714285714286,216692.142857142857,396373560.0000,478710270.0000,1403161,1322164,235251.000000000000,374159.000000000000
2024-12-16,350620,259586,171208,161877,118159,118678,43858444.0000,-18611656.0000,1061690416.0000,299138647.0000,356270.800000000000,227603.633333333333,363480.714285714286,220107.000000000000,627033755.0000,671803470.0000,1339154,1254973,230855.333333333333,360600.666666666667
2024-12-13,529554,266114,207652,270978,111870,108946,-11410279.0000,-9162159.0000,1086566792.0000,288786247.0000,344879.500000000000,223831.733333333333,345583.285714285714,206174.142857142857,471818733.0000,455384733.0000,1449366,1396212,185875.666666666667,253640.666666666667
2024-12-12,242303,180053,107556,120292,93401,73436,64485645.0000,19234172.0000,664119206.0000,224658015.0000,341352.533333333333,221515.933333333333,346048.142857142857,203569.428571428571,409729922.0000,447882373.0000,1407078,1372171,184387.000000000000,265972.000000000000
2024-12-11,309945,246399,154732,137339,103802,123792,-18359334.0000,-14690910.0000,1175307510.0000,304734984.0000,340877.000000000000,218460.733333333333,335648.428571428571,191625.714285714286,679513834.0000,745199940.0000,1359648,1320115,188231.000000000000,312358.666666666667
2024-12-10,208674,131175,93678,102093,61172,60534,-25737451.0000,-8916006.0000,637040382.0000,216423311.0000,341465.000000000000,219076.333333333333,349245.428571428571,200180.571428571429,403347569.0000,418203899.0000,1341289,1286011,239002.666666666667,417963.000000000000
2024-12-09,279297,175587,141437,125622,88784,75686,61003733.0000,13274497.0000,783290317.0000,260860667.0000,348165.766666666667,220834.966666666667,354999.000000000000,207381.142857142857,467537022.0000,538234438.0000,1292834,1209681,236668.333333333333,459621.333333333333
2024-12-06,449105,257931,209430,203988,114051,116552,62406494.0000,-2267247.0000,1261643410.0000,279199984.0000,342716.100000000000,217826.333333333333,345804.285714285714,217993.714285714286,656348504.0000,730267394.0000,1420886,1370020,204631.333333333333,391772.000000000000
2024-12-05,525487,283490,220278,266927,137920,126667,-30902093,19060928,1644010421,370816041,331235.600000000000,211863.600000000000,322050.571428571429,207596.571428571429,969043272,963601780,1344948,1309748,164399.000000000000,295658.666666666667
2024-12-04,404272,168584,207486,169182,71757,77903,45508006,11547402,993508665,313540364,321483.233333333333,208572.700000000000,334725.142857142857,240145.000000000000,578862134,661039539,1306853,1208806,171890.666666666667,262185.666666666667
2024-12-03,245557,161820,108235,107477,72677,66240,22292424,-10321293,645307174,249428141,318153.800000000000,206314.700000000000,393474.857142857143,297168.000000000000,343404819,374491801,1269748,1182297,193281.000000000000,286857.333333333333
2024-12-02,237147,162793,119568,105318,72812,77220,74936868,-17477699,621371280,254389034,328957.133333333333,207329.100000000000,449963.285714285714,327544.428571428571,361795353,476693276,1215711,1135794,249756.333333333333,336055.666666666667
2024-11-29,303853,191059,139209,142790,91870,84602,-48264549,3699034,666329420,213254802,324038.666666666667,203734.733333333333,463357.571428571429,345033.000000000000,450254910,380632729,1376176,1308523,256306.666666666667,354508.333333333333
2024-11-27,319572,225991,156798,133228,94970,104695,25957124,-39543957,888615492,385749117,317314.200000000000,199223.400000000000,453488.714285714286,338216.857142857143,518152927,553507518,1328973,1219571,313117.333333333333,412315.666666666667
2024-11-26,384742,332219,160625,202211,172931,141164,-50553888,47666109,1096584902,697502900,311369.800000000000,191504.933333333333,444600.428571428571,322896.142857142857,944681193,758513978,1266596,1147090,389371.333333333333,503003.333333333333
2024-11-25,359211,210710,155568,184067,97980,99644,-68247049,-18635115,1579755185,618859029,308867.000000000000,190647.600000000000,423786.857142857143,319017.142857142857,1164076350,913274967,1213896,1068581,444277.333333333333,594121.666666666667
2024-11-22,492994,396423,243910,221740,187687,183711,13355967,24523945,1612090138,688211499,307170.866666666667,187975.333333333333,430359.571428571429,294516.714285714286,1104773404,1097794608,1362867,1180233,416629.333333333333,562328.000000000000
2024-11-21,656805,560981,297572,317396,283896,239302,-144171299,91032830,4128361494,1394075443,290331.766666666667,173407.966666666667,384263.714285714286,239516.142857142857,2534149200,2458684322,1272247,1068131,289061.666666666667,426889.666666666667
2024-11-20,632566,375428,311051,296202,177605,170409,-32362721,15685167,4845121497,1035562024,276049.266666666667,164879.733333333333,375659.571428571429,220800.714285714286,2868209033,2819809597,1141053,1012807,238910.333333333333,323542.333333333333
2024-11-19,397613,313479,199544,176327,146098,148433,91091852,-6592465,2185586478,390992236,273349.366666666667,158800.966666666667,373624.571428571429,198357.000000000000,1148943990,1278150323,1055973,959588,195603.000000000000,262176.666666666667
2024-11-18,250490,178278,128155,108994,80968,87574,38913809,-20421899,966711350,272578395,272361.500000000000,157422.900000000000,373865.142857142857,197813.857142857143,551365311,623926554,985371,903183,211150.333333333333,358347.666666666667
2024-11-15,322524,224974,142966,150482,101365,97043,-37022068,-14124395,946166545,278809023,272141.700000000000,154070.700000000000,351766.714285714286,184261.857142857143,529397296,641706098,1278851,1098878,194818.000000000000,362217.666666666667
2024-11-14,213516,183557,95862,105204,76260,98004,-6099011,-17143859,636305189,449844265,268184.200000000000,150491.966666666667,337830.000000000000,170448.428571428571,472784783,580067031,1239333,1065918,215105.666666666667,481824.666666666667
2024-11-13,539003,224920,246236,227824,100745,90337,44622089,-13473835,2061974810,387136966,254223.700000000000,145579.700000000000,276219.285714285714,151641.571428571429,933334540,1160986333,1179303,1018468,192256.666666666667,429946.333333333333
2024-11-12,334134,175977,177995,139522,86212,79852,7687875,-3481272,1407297898,385272292,246762.800000000000,142256.266666666667,292822.857142857143,171452.428571428571,714875374,1008754250,1127140,972439,191756.333333333333,402626.333333333333
2024-11-11,572337,244420,250387,299285,107646,123016,108149991,-13919901,1834158306,332756807,230748.933333333333,136254.900000000000,237891.142857142857,158386.285714285714,1059565689,1014017801,1055202,897331,153653.000000000000,267792.333333333333
2024-11-08,383368,156373,151181,217535,74852,67712,-6144612,-4174763,421798723,83831041,227329.933333333333,136497.466666666667,202623.428571428571,151844.285714285714,256838109,222435670,1135847,950041,130483.000000000000,178656.000000000000
2024-11-07,252174,174476,120942,112644,71983,85269,-5744053,8074849,490299071,141140977,233245.400000000000,134093.333333333333,208838.428571428571,149025.285714285714,298990534,282280572,1094443,921874,103415.000000000000,130507.333333333333
2024-11-06,167835,130110,78543,79045,52841,68675,6192681,-863950,347814961,73118541,230856.866666666667,131290.133333333333,217192.571428571429,151815.714285714286,195743146,204196149,1065078,900800,164929.333333333333,224682.000000000000
2024-11-05,115959,86863,54974,54416,44388,37379,-13248556,-2339500,207663141,97390997,229817.066666666667,130001.566666666667,269244.142857142857,172027.571428571429,151465979,140556923,1039903,878216,186960.666666666667,248634.000000000000
2024-11-04,107728,93272,46691,53399,39226,44027,-10527367,-6832606,212822256,92911580,229801.066666666667,128516.766666666667,294656.571428571429,182656.142857142857,144537500,142857919,1018770,848874,192729.666666666667,258222.666666666667
2024-11-01,450359,314653,221468,196336,149183,149086,7514698,-2345395,339083783,156246698,222600.000000000000,120360.133333333333,256187.000000000000,152649.714285714286,227095908,246642636,1115093,921298,139426.333333333333,206662.666666666667
2024-10-31,187815,152957,82727,94257,68492,75161,-13446391,1144584,239312989,122444026,222233.600000000000,117994.166666666667,245313.571428571429,140778.285714285714,183926188,162410213,1097343,893103,138321.666666666667,219495.666666666667
2024-10-30,136494,110579,64012,64954,51785,50585,15880014,3913823,270651144,93601949,221106.600000000000,115929.433333333333,246625.000000000000,138421.285714285714,167306579,180179671,1077817,883159,177577.333333333333,334104.333333333333
2024-10-29,295679,154743,107433,176868,76409,70614,-6651169,10946102,874083519,187453746,215049.900000000000,113179.100000000000,284563.285714285714,143918.714285714286,695757664,339322043,1041141,850896,181887.000000000000,330749.666666666667
2024-10-28,226314,149643,112858,100370,66712,66837,27369751,-8608230,577747905,142449882,209735.366666666667,109604.300000000000,274561.142857142857,134430.857142857143,332957078,342634568,994328,832365,166875.333333333333,315669.000000000000
2024-10-25,480320,228346,199128,245992,108453,106424,12809996,8843737,570714247,128944655,205919.266666666667,104673.300000000000,222778.000000000000,114760.142857142857,347290025,319566349,1073970,895053,114045.666666666667,192796.000000000000
2024-10-24,285615,167672,147819,117981,73992,82837,25065028,-4771472,379164828,137311645,198620.733333333333,100484.900000000000,211463.000000000000,105187.714285714286,231777853,259311238,1026666,880836,89515.000000000000,146149.000000000000
2024-10-23,181072,104608,82827,88464,53987,43912,528651,-1302216,235100306,75222565,194546.933333333333,98261.633333333333,226185.142857142857,116670.857142857143,147828236,149659103,997393,873018,119054.000000000000,272874.000000000000
2024-10-22,111701,69857,56325,47245,27381,34229,5078896,-3727732,174878149,63593660,192843.533333333333,97002.466666666667,273386.428571428571,151870.571428571429,101980209,112915337,973700,854695,123511.000000000000,287740.000000000000
2024-10-21,145674,94080,69067,66290,43265,41258,-15415425,-422065,249116116,84868940,190522.400000000000,95004.800000000000,274237.571428571429,156139.142857142857,160585107,145591747,949387,827858,122368.000000000000,278461.333333333333
2024-10-18,561247,193225,289000,234506,89190,93703,32951644,-7097492,712426574,83192526,175571.866666666667,91253.700000000000,223215.285714285714,145618.571428571429,210307611,563954452,1116042,996729,91514.666666666667,160182.333333333333
2024-10-17,156299,83228,67307,79644,47928,31504,-8359396,-732580,138219512,48187289,175367.500000000000,89765.100000000000,246117.714285714286,152459.714285714286,91347837,85280181,1093918,984222,125435.333333333333,202791.666666666667
2024-10-16,117838,90651,53989,56901,40553,44260,8552644,2159918,135852079,65720443,173624.200000000000,88170.266666666667,260834.285714285714,159071.857142857143,87928206,99047074,1077730,972446,200636.666666666667,310882.333333333333
2024-10-15,206410,100665,94639,98080,53260,40370,-4620597,5549341,232522326,96063654,169438.900000000000,86589.000000000000,276480.000000000000,162463.714285714286,155366009,149666071,1064585,940313,208401.666666666667,292623.000000000000
2024-10-14,284127,184990,130042,137504,95127,77649,-910795,14567591,459978115,143923503,166314.766666666667,82482.466666666667,249432.000000000000,146921.571428571429,294403814,281325586,1014634,887876,186598.666666666667,265944.333333333333
2024-10-11,442110,316255,228671,186158,142666,155266,54229090,944422,462665428,156645361,154324.500000000000,73067.200000000000,203443.142857142857,112821.142857142857,257899902,328774570,1042979,922377,124885.666666666667,224113.000000000000
2024-10-10,151632,123960,64573,77931,66678,49311,-808968,12768644,126430682,66108189,152041.600000000000,70446.633333333333,197539.571428571429,106008.857142857143,98059326,84437169,1023320,911306,129211.000000000000,247187.000000000000
2024-10-09,204091,119581,125980,70509,54224,55458,13474616,4241202,248482905,111220594,147525.233333333333,67631.333333333333,181515.285714285714,98122.857142857143,158051951,188441665,1002923,884692,130820.000000000000,284466.666666666667
2024-10-08,316616,131116,123483,180211,57959,62497,10183482,-4552604,589948617,81483367,139687.966666666667,64840.666666666667,176398.428571428571,102770.571428571429,411296700,242338861,962497,853314,112513.000000000000,210525.000000000000
2024-10-07,220854,136936,111143,96868,60603,67468,32905570,-1899488,382832718,101581994,142310.500000000000,63297.466666666667,206224.714285714286,97830.000000000000,211268989,251631847,918182,829925,92718.333333333333,176969.666666666667
2024-10-04,315930,124408,178786,122741,50778,64060,16221283,-5821352,167035070,55536344,133954.833333333333,60311.300000000000,174831.714285714286,86630.857142857143,86643842,122067787,957104,899995,76673.666666666667,108428.666666666667
2024-10-03,94791,76195,42763,46722,34952,29444,-545928,177854,63894155,36841816,133963.600000000000,59241.900000000000,173399.428571428571,82632.428571428571,48680164,47956382,934307,887207,72735.000000000000,107472.000000000000
2024-10-02,120188,77552,60462,51198,35573,37067,11990216,-3685551,118222818,43375665,132723.633333333333,58394.666666666667,171550.857142857143,78514.714285714286,68857271,84559008,909584,874907,101434.333333333333,161008.666666666667
2024-10-01,110307,76274,48935,55173,40880,31688,-9984921,3260409,118939410,52995400,131036.033333333333,57332.033333333333,189268.000000000000,77611.857142857143,89232842,75987512,891445,864283,110127.000000000000,267452.333333333333
2024-09-30,91921,64379,41020,45451,30170,29630,-3872140,-4387128,147725336,48685033,132800.200000000000,57707.566666666667,201396.857142857143,80126.000000000000,92965203,93480191,867843,849196,104005.333333333333,268871.666666666667
2024-09-27,280798,163650,137153,125463,72928,73662,29646070,5730382,314031672,69814702,126598.833333333333,54479.166666666667,175952.000000000000,63695.571428571429,170285931,194201619,879584,896598,65524.000000000000,203527.333333333333
