date,call_volume,put_volume,call_volume_ask_side,call_volume_bid_side,put_volume_ask_side,put_volume_bid_side,net_call_premium,net_put_premium,put_premium,call_premium,avg_30_day_call_volume,avg_30_day_put_volume,avg_7_day_call_volume,avg_7_day_put_volume,bearish_premium,bullish_premium,put_open_interest,call_open_interest,avg_3_day_put_volume,avg_3_day_call_volume
2026-09-25,698249,443505,303894,349177,214212,204777,-55454470.0000,5795575.0000,501582532.0000,1224559322.0000,572423.8333,375721.2,601200.8571,376853,844048376.0000,766370293.0000,1659037,1619120,345250.3333,551238.3333
2026-09-24,447241,278161,205815,208319,127313,130003,-48100138.0000,1454014.0000,932578487.0000,1160131858.0000,582980.4667,385470.8,584670,365672.2857,1005724455.0000,958074224.0000,1621312,1571320,394523,674340.6667
2026-09-23,595187,404691,264288,292005,185730,190007,-46852811.0000,15326814.0000,564126785.0000,1057591359.0000,575289.9,381981.1333,593406,373017.8571,800077914.0000,737890799.0000,1631861,1584246,444945.6667,745014.3333
2026-09-22,611287,352899,290970,278255,156703,168133,108849098.5000,-36042819.0000,587235752.0000,1734170883.5000,573905.3333,382730.4,601219,383435,1000910454.0000,1191567807.5000,1573289,1528610,417002.3333,682831.3333
2026-09-21,816548,425979,379915,384186,193333,201921,-8569784.0000,-21551469.0000,479853900.0000,1332234988.0000,569426.2333,386597.6,551373.8571,365723.5714,851471164.0000,867843398.0000,1556673,1494411,392080.3333,579381
2026-09-18,807208,555959,392373,355896,254837,259861,66356535.0000,-41225464.0000,517083363.0000,1247386585.0000,557373.4667,380559.6333,535705.5714,353986.8571,777981876.0000,893219875.0000,1825449,1732401,273392.6667,420820
2026-09-17,424738,269069,200164,194587,114802,124400,50434786.0000,-4379134.0000,634079457.0000,1023704918.0000,561522.0667,384711.9333,538565.4286,357516,754615646.0000,812827265.0000,1776487,1678489,335739.6667,498020.3333
2026-09-16,506197,351213,229568,241964,160904,163299,-14784365.0000,-4402941.0000,726466499.0000,769226054.0000,558290.1667,381909.9,604126.4286,399863.7143,718615858.0000,699273789.0000,1771982,1678175,360608.3333,551280.6667
2026-09-15,331525,199896,147105,159730,90489,94904,-7067744.0000,-34915154.0000,539874368.0000,788832705.0000,573660.3333,392236.5333,637178.2857,406038.5714,607507560.0000,648160061.0000,1745078,1635567,394642.6667,596649.6667
2026-09-14,656339,456110,290057,307532,207678,213529,-34455336.0000,12047606.0000,714839092.0000,1325934495.0000,576657.9333,399078.7333,632827,388609,949466140.0000,903627131.0000,1731286,1612129,400540,610380
2026-09-11,665978,425819,293145,322028,209256,180438,-16579825.0000,-22080864.0000,808791682.0000,835134542.0000,572134.7,400009.8333,612080.7143,373067,738571614.0000,716922877.0000,1805881,1684644,356524.6667,536639.6667
2026-09-10,467632,301999,192912,227103,143480,128987,-88314103.0000,9545288.0000,644878410.0000,1104780097.0000,582059.5,407603.5667,625675.4286,385553.8571,848975426.0000,748045605.0000,1742314,1602413,471740.6667,702470.3333
2026-09-09,697530,473802,327555,322062,210689,227876,1194658.0000,-25485277.0000,541518180.0000,1379865900.0000,571958.7333,403212.7333,622206.4286,381336.7143,899401149.0000,927529902.0000,1753938,1621483,394846.6667,657589.6667
2026-09-08,444757,293773,192713,221994,135239,135547,-66849042.0000,54714317.0000,857712088.0000,1371608918.0000,574851.1667,410973.6,630983.8571,374472.1429,1120795193.0000,1012659082.0000,1682048,1543365,408290,717964
2026-09-04,965124,647647,462230,438326,309953,294677,114369478.0000,-27054135.0000,708539954.0000,1811442895.0000,558117.7667,408438.8667,542834.4286,317257.1429,1116517310.0000,1260380404.0000,1734526,1629932,298082.6667,569840.6667
2026-09-03,562888,243120,263682,262009,109963,117202,32763634.0000,12572212.0000,424513699.0000,892827507.0000,549853.0333,411993.0333,506029.8571,309166,606086703.0000,624705394.0000,1692614,1568427,346845,569809.6667
2026-09-02,625880,334103,301946,285004,144117,163042,57537318.0000,-23011834.0000,347212658.0000,871125233.0000,542186.9,414428.2333,508714.7143,331187.8571,536299673.0000,619428712.0000,1704554,1586838,383571.3333,585598.6667
2026-09-01,520754,317025,225169,254364,142917,151146,-22464067.0000,8980094.0000,486658122.0000,921991159.0000,539567.8667,421652.3667,509591.2857,345649.4286,678406570.0000,648105085.0000,1654366,1523827,359803.3333,580747
2026-08-31,562795,389407,271002,254759,168128,190837,49621741.0000,-18346497.0000,482139046.0000,942342106.0000,536047.5,425077.2667,484959,331350.5714,647191938.0000,718787357.0000,1632793,1498377,312381.6667,509174.6667
2026-08-28,673247,444282,305845,322140,208458,203872,-11980338.0000,-12766351.0000,517657486.0000,972362620.0000,539067.0667,433479.9667,463253.7143,320107.7143,710668719.0000,713725786.0000,1729214,1601666,226448.3333,386511
2026-08-27,506199,245721,226100,248201,109866,112494,-58505205.0000,30486261.0000,687061734.0000,1004632399.0000,536343.2667,439430.0333,459232.5714,337337.4286,791697877.0000,688506326.0000,1680868,1511162,307293.3333,432669.3333
2026-08-26,348078,247142,158683,165074,109919,115362,6636808.0000,1247035.0000,367978446.0000,811579267.0000,545202.7333,447710.6667,522705.1429,385445,572917423.0000,553430186.0000,1689026,1524267,364331.3333,492273.3333
2026-08-25,305256,186482,141026,144809,80324,89015,25694699.0000,9311602.0000,462655800.0000,860582479.0000,544000.6667,450907.8667,574837.5714,428748,622829844.0000,640096911.0000,1651516,1471647,398609,520644.3333
2026-08-24,644674,488256,289475,311408,220296,229340,-51500724.0000,34248542.0000,671383394.0000,1047058828.0000,535278.3667,447544.1,569379,419868.7143,866395946.0000,769533324.0000,1620658,1442630,357717.6667,479523
2026-08-21,526890,418256,232670,254150,216305,170814,-20003414.0000,-8893901.0000,465633160.0000,834217784.0000,533910.3333,449217.2667,603243.2857,441639.1429,678983821.0000,562048595.0000,1878520,1697949,340408.6667,463243.3333
2026-08-20,390369,289315,188167,175280,127684,137509,37821281.0000,19757913.0000,1379175229.0000,792604708.0000,532533.4,454184.7333,599543.4286,443165.7143,1092527959.0000,1001138422.0000,1848778,1662245,438602,597249
2026-08-19,521310,365582,232614,251266,159406,170634,-21650924.0000,21186731.0000,684197908.0000,688852233.0000,523943.9,449959.6667,606463.4286,444565,691182347.0000,594312314.0000,1871791,1689869,479942.3333,646873.3333
2026-08-18,478051,366329,202870,241313,175662,163514,-88551603.0000,42850312.0000,1027186538.0000,1152346678.0000,520074.7667,449762.0667,635624,469660.1429,1065730197.0000,973592429.0000,1801833,1610008,499866.3333,689677.6667
2026-08-17,792386,583895,367899,374811,257969,275820,37502260.0000,11966700.0000,1033283269.0000,1888741402.0000,502255.3667,439374.7333,586086.7143,439792.2857,1368656730.0000,1407798132.0000,1774280,1598868,495451,680195.6667
2026-08-14,670183,489603,305462,317657,183876,257457,12419485.0000,-7761258.0000,613044372.0000,1029124357.0000,501642.6667,448489.9667,568802.8571,426083,753915620.0000,783265952.0000,1884644,1690281,432250.3333,578291.3333
2026-08-13,606464,426101,288721,277873,181081,203607,104945635.0000,22729592.0000,837191684.0000,1561535360.0000,495837.4,449846.0333,540628,403376,1094282786.0000,1176512334.0000,1820708,1612663,415342.3333,566053.3333
2026-08-12,763940,570649,342399,368934,246760,274385,-82713150.0000,-22770412.0000,827605866.0000,1386807604.0000,479832.4667,439130.7,544726.5714,394668.2857,1077203403.0000,1009223630.0000,1809468,1599663,405791,538798.3333
2026-08-11,364470,300001,162998,171402,119321,154887,3013016.0000,776147.0000,729830853.0000,812704542.0000,481870.8667,440529.7,599269,446293.2857,718382800.0000,724023849.0000,1735509,1535156,430730.6667,565850
2026-08-10,569750,375377,246989,284111,160235,180837,-53259739.0000,-14075512.0000,630828795.0000,855900764.0000,483549.2,447785.4333,593630.5714,457489.7143,728575571.0000,689869707.0000,1723261,1521702,436817.6667,558998.6667
2026-08-07,682175,541995,302676,326160,233684,263410,-55942901.0000,-29187457.0000,710107139.0000,1041803480.0000,485037.1,454570.4,605516.4286,455749.1429,840252070.0000,811374936.0000,1877611,1625314,345203.3333,468020.3333
2026-08-06,445625,374820,200975,208708,149014,198823,-13056866.0000,-33205608.0000,797833154.0000,1106430229.0000,483281.7667,455703.7,598213.8571,451071.5714,864684774.0000,940192426.0000,1811941,1566257,390161.6667,583688.6667
2026-08-05,549196,393638,251755,261523,170566,189719,-9051073.0000,-14029821.0000,585756347.0000,1252508421.0000,475464.1667,453207.4667,595690.1429,470066,865924756.0000,885808795.0000,1856402,1572271,479407.6667,649379
2026-08-04,409240,267152,202768,180265,114879,129522,91021373.0000,-9663741.0000,682969450.0000,1433378580.0000,471313.9667,453126.8667,603387.5714,513559.2857,956527186.0000,1047770558.0000,1781377,1521235,541607.6667,689726
2026-08-03,792630,509695,362587,368483,207239,245898,17651367.0000,-2187162.0000,878641989.0000,1081651387.0000,463131.1333,456635.5667,535147,490709.2857,910730221.0000,924177458.0000,1759594,1484467,548313,680641.3333
2026-07-31,746267,661376,316321,369457,320773,297796,-84521522.0000,32544308.0000,1054958672.0000,1291457345.0000,450023.1667,445418.7667,485094,454392.5714,1176878794.0000,1018460945.0000,1971233,1606619,441880,563388
2026-07-30,530281,453752,261031,235250,205785,210948,79546274.0000,-13715147.0000,1746337877.0000,1708040076.0000,441948,439357.2667,472508.5714,465820.7143,1544194688.0000,1689200316.0000,1894639,1543824,466162.3333,563804.3333
2026-07-29,765376,529811,342325,367675,233190,245473,-27128678.0000,16915478.0000,1874964495.0000,1607509161.0000,429782.8333,433985.7667,428481.1429,460441.1429,1611915337.0000,1562108378.0000,1916097,1543493,480093.6667,463053
2026-07-28,394507,342077,170280,194377,148856,167982,-40688486.0000,-36828856.0000,1601190867.0000,1424250544.0000,435311.2333,438754.4,481242.1429,511053.4286,1400800551.0000,1429357672.0000,1858686,1467591,482649.6667,436532.6667
2026-07-27,531530,526599,243691,251654,232118,249317,-38054669.0000,-47374624.0000,1553896800.0000,1077456576.0000,431997.4667,433309.1333,465950,496428.2857,1198188025.0000,1216111119.0000,1840176,1442280,442836.3333,391321.3333
2026-07-24,463122,571605,202869,226741,294022,243065,-75916010.0000,64215815.0000,1004054947.0000,991337238.0000,425887.9667,422566.4,487484.2857,485564.8571,1017202331.0000,877974491.0000,2031684,1551988,430217.6667,384341.6667
2026-07-23,314946,349745,147053,148432,152275,161206,25206961.0000,-10960968.0000,872166207.0000,1280453182.0000,429025.6,421639.5667,480948.2857,475943.8571,910324358.0000,1014108884.0000,1958504,1512020,477687.3333,431754.3333
2026-07-22,395896,407159,176915,193079,187020,189929,-3103538.0000,-15799122.0000,609457421.0000,1031433111.0000,427178.4667,416773.1667,479106.7143,473113,772626571.0000,789402176.0000,1997073,1524768,574088.6667,554400.3333
2026-07-21,442183,533749,216654,194302,258114,236558,193589894.0000,-76904468.0000,1980768615.0000,1917074000.0000,438070.9333,432140.9,485344.7143,463784.7143,1667467455.0000,1957342116.0000,1827187,1462459,537580,548501
2026-07-20,457184,492154,210111,214775,232143,222058,4262438.0000,4401820.0000,1007136468.0000,981011582.0000,439005.9333,429633.5333,469898.5714,456096.8571,947264705.0000,941482703.0000,1779333,1432766,538715.6667,600727
2026-07-17,763834,696363,359595,354550,340658,306563,-23867491.0000,28984705.0000,1292108616.0000,1797002097.0000,422289.5,413906.2,398440.1429,390735,1473274884.0000,1443920874.0000,2177419,1735380,400727.3333,435847
2026-07-16,424485,424223,187685,207069,188243,213538,-17004616.0000,-27125945.0000,1905972320.0000,1380857057.0000,418453.6667,408615.6,389510.4286,381617.5714,1468642994.0000,1662357955.0000,2123328,1673959,388434,422020.3333
2026-07-15,613862,495561,265014,304398,222722,240334,-107275145.0000,-36377008.0000,1634367029.0000,1526703178.0000,411023.9,406032.5333,338645,349719.5714,1510158233.0000,1465677950.0000,2129294,1651141,379397.3333,379349.3333
2026-07-14,269194,282398,130959,117441,129920,123588,70938152.0000,-2278808.0000,670417452.0000,1194091658.0000,424638.6,417162.1667,393303.2857,418385.5714,852143860.0000,883530386.0000,2045759,1589664,431377.6667,405971.6667
2026-07-13,383005,387343,163196,193076,171242,190970,17702368.0000,8576146.0000,884982845.0000,1036539818.0000,426850.3667,418428.1333,400346.2857,429734.1429,894136861.0000,896224149.0000,1983643,1563944,381873.3333,366178.3333
2026-07-10,485849,468451,214781,232962,231969,201756,-17833619.0000,4774176.0000,612141283.0000,994103750.0000,432550.6,417333.0667,371481,398411,772378277.0000,735748248.0000,2332543,1684223,345856.6667,324887.6667
2026-07-09,349061,438339,164259,161166,197032,194671,46900653.0000,22787363.0000,1510965243.0000,1580871773.0000,444849.6667,421859.3667,382418.2857,384644.1429,1451400386.0000,1457229213.0000,2160368,1636533,290502,294468.6667
2026-07-08,263625,238830,122512,121973,110539,111504,34888154.0000,-24046786.0000,877503671.0000,1078076271.0000,453535.4333,429915.6,433343.2857,435246.8571,907216393.0000,937947049.0000,2109725,1581110,465245.3333,423861
2026-07-07,361977,360401,162976,172614,147721,175085,9929982.0000,9710462.0000,1720641363.0000,1888710546.0000,454795.9333,427088.8333,485462.5714,490267.2857,1697746933.0000,1687747501.0000,2035301,1513381,500706,447304
2026-07-06,257804,272275,121237,118166,96728,127182,85728315.0000,-23450964.0000,838434128.0000,1313659569.0000,455820.4,423803.9333,504771.2857,509773.5714,958631213.0000,1069933140.0000,1976895,1460086,493010.6667,455966.6667
2026-07-02,651802,763060,282499,326261,379383,330390,-102731284.0000,19796619.0000,1842392729.0000,1881547164.0000,446937,406583.7667,456609.2857,446300.8571,1781025011.0000,1673966690.0000,2238844,1590752,352647.6667,380573.3333
2026-07-01,432306,466783,180201,223398,218747,216219,-168083353.0000,98126797.0000,1382211955.0000,1831225974.0000,444429.9,401025.4667,435527.5714,417436.7143,1663186709.0000,1380081095.0000,2094728,1522848,394736.3333,443171.3333
2026-06-30,283792,249189,135360,132949,106181,124600,9237529.0000,29455359.0000,532428565.0000,1733094122.0000,450922.7667,410785.8667,473149.4286,469689.1429,1125403622.0000,1038270852.0000,2044506,1479450,560188,590844.6667
2026-06-29,425622,341971,196740,202956,151451,165931,26308268.0000,20460934.0000,1118634902.0000,2673982389.0000,448785.9667,409020.3333,462778.8571,467246.4286,1827413924.0000,1780121178.0000,1946198,1413703,582470.6667,579959
2026-06-26,620100,593049,277224,303510,320479,235918,-38473351.0000,64573302.0000,1018678942.0000,2493106077.0000,442705.8667,398670.5,415339.7143,421369,1870597335.0000,1461877999.0000,2235455,1593576,491038,478148.3333
2026-06-25,726812,745544,353541,337427,339096,358926,290494377.0000,23641777.0000,1830644189.0000,5104692980.0000,438725.9667,387421.4667,368712.4286,367529.2857,3168616930.0000,3447623492.0000,2054497,1531989,330768,330789
2026-06-24,392965,408819,173602,195956,183093,196838,-5423732.0000,-1986575.0000,1433914430.0000,2361349169.0000,447180.4333,388224.3333,392625.8571,378431.7143,1795559020.0000,1821691089.0000,1938064,1459605,399480.3333,382182.3333
2026-06-23,314668,318751,132462,163156,149199,145868,-200823184.0000,70600502.0000,1489528173.0000,2646549704.0000,467144.9667,400135.3,409404.2857,384787.4286,2031172720.0000,1885931042.0000,1884771,1400584,401520.6667,394969
2026-06-22,284734,264734,137009,130427,118073,122319,117325239.0000,31271940.0000,1070705871.0000,3901834180.0000,470658.2333,401580.1333,408704.7143,382585.8571,2231483200.0000,2446382755.0000,1809691,1349285,403911.6667,396066.3333
2026-06-18,547145,614956,265527,244220,291175,262667,400240096.0000,-12464075.0000,1268891648.0000,4354907001.0000,466572.1667,391144.8667,388980.4286,340726.4286,2345687846.0000,2867907160.0000,2338361,1711426,321815,347158.3333
2026-06-17,353028,324872,170245,164905,137619,169169,72464374.0000,5682140.0000,659594224.0000,2460046902.0000,475656.4,395418.5667,387188.1429,331625.7143,1473324641.0000,1521376627.0000,2259074,1693981,375236.3333,416268.6667
2026-06-16,288026,271907,121393,149497,121260,130425,-104350381.0000,82576736.0000,813139088.0000,2166566781.0000,478758.6333,395949.7667,455892.5714,434893.4286,1511139047.0000,1319006266.0000,2207390,1663302,405681,464299
2026-06-15,400421,368666,190288,182461,179008,157050,119657330.0000,19984533.0000,1060108193.0000,3645181940.0000,484227.6,395173.2,468008.7143,441788.7143,2143739181.0000,2221922594.0000,2085307,1599727,365900,424104.3333
2026-06-12,560359,485136,254747,272278,226327,214288,20663142.0000,10512975.0000,783089080.0000,2014380394.0000,474357.6,385092.1667,425434.7143,404561.1429,1276810321.0000,1377288175.0000,2296113,1734088,311501.3333,373676.3333
2026-06-11,432117,363241,216373,191631,173629,167629,167899266.0000,-40313589.0000,775465946.0000,1719351052.0000,467373,378921.5333,407905.1429,390598.8571,1080029311.0000,1286920029.0000,2211364,1703210,277476.6667,343131.3333
2026-06-10,279837,249323,122943,140427,113804,118029,-1985183.0000,24813034.0000,790441052.0000,1235321395.0000,466373.9333,376325.9,423781.1429,414705.4286,964262652.0000,941677423.0000,2166795,1672340,525962.6667,506171.3333
2026-06-09,409075,321940,178447,204558,140684,161083,-71602147.0000,50055420.0000,1163875632.0000,2060349316.0000,463546,373806.1,462146.8571,456755,1586129434.0000,1464142065.0000,2138479,1618444,557627,531557.6667
2026-06-08,340482,261167,163482,157757,121184,123476,118818606.0000,-13541375.0000,944187038.0000,2049938425.0000,469367.3333,376766.7333,477700.5714,480205.7143,1358890275.0000,1484532245.0000,2078774,1539430,545419,505510.6667
2026-06-05,768957,994781,337344,385250,427765,510008,-115028802.0000,-17372454.0000,2271633937.0000,2806252608.0000,458178.9,351636.5667,461686.1429,400322.5714,2422759605.0000,2346973788.0000,2259214,1685732,302327,352328.3333
2026-06-04,485234,416933,217509,241020,184687,197719,-160800472.0000,59248876.0000,896237157.0000,2580757686.0000,459328.5333,346844.3333,494943.1429,422779,1766915590.0000,1540944276.0000,2167663,1605827,302705.6667,320906.6667
2026-06-03,262341,224543,124406,123728,101212,101691,47571897.0000,2110266.0000,564743638.0000,1941883187.0000,457204.7,343419.7667,532351.2857,459346.7143,1155003198.0000,1212514205.0000,2133670,1573178,433287,459338
2026-06-02,309410,265505,146149,142525,111408,132204,76683142.0000,-29180680.0000,894213325.0000,2446347649.0000,454738.7,341128.5667,545263,460788.5714,1550207893.0000,1605695980.0000,2048557,1528184,486559.3333,505987.3333
2026-06-01,390969,418069,184727,183227,180276,172948,163753045.0000,35999950.0000,1274907298.0000,3919994684.0000,456470.8667,336863.7333,530630,425882.7143,2356320605.0000,2506201848.0000,1923327,1466632,492402.6667,594616.3333
2026-05-29,677635,616287,315475,315323,293686,286376,149693342.0000,90535882.0000,997065796.0000,2953569082.0000,444048.7,321729.2667,488867.8571,373049.5714,1834704742.0000,1851930161.0000,2109790,1614699,478349.6667,608082.3333
2026-05-28,449358,425322,210892,211308,190261,197320,-326489.0000,-21771870.0000,1171826725.0000,2543268968.0000,440851.8333,314502.1,475687.1429,355151.2857,1730449217.0000,1788476754.0000,2014959,1568984,496748,633029
2026-05-27,656856,435599,295069,322178,200199,198198,-79641107.0000,20287139.0000,2129463247.0000,5594183225.0000,436723.5333,310321.3333,450218.8571,370351.5714,3675872470.0000,3551599310.0000,1881151,1453216,443414.3333,547341
2026-05-26,718033,574128,347801,320824,254923,260339,298027119.0000,63122566.0000,1682267704.0000,4848574325.0000,420900.7667,296308.4,399288.1429,329619.7143,2944286034.0000,3168967360.0000,1699167,1351922,309947.6667,404176
2026-05-22,524198,480517,245478,241943,237477,192119,34547622.0000,23397106.0000,403384669.0000,1197407310.0000,416957.2667,289425.1333,386930.8571,301339.2857,752167416.0000,759307745.0000,1834576,1522249,231927,357876.6667
2026-05-21,399792,275598,192426,180760,120274,121295,69669444.0000,5494216.0000,404520958.0000,1406301583.0000,416375.4333,288027.3333,416591.2857,320264.2857,813974383.0000,901634592.0000,1776215,1488855,240072.3333,343643.6667
2026-05-20,288538,173728,134543,133998,75154,80807,39640029.0000,-15283021.0000,402326456.0000,1020121911.0000,418689.6,289852.0333,467742.8571,357289.5714,642392125.0000,698336050.0000,1734492,1457035,362830,406990.3333
2026-05-19,385300,246455,187037,173640,121509,107997,107406515.0000,13522270.0000,730570108.0000,1412724561.0000,414270.7,285894.5667,543214.8571,418664.5714,965285258.0000,1066853922.0000,1676256,1408017,377013.3333,399063
2026-05-18,357093,300034,148052,182442,140637,135039,-97439581.0000,63495430.0000,839907108.0000,1448181174.0000,412411.3,280424.8667,547934.7143,419813.8571,1134194168.0000,1011440250.0000,1619339,1328673,371186.6667,425931
2026-05-15,478578,542001,201872,242567,214937,231659,-114583209.0000,66829436.0000,839298674.0000,1309005639.0000,411479.5,273768.3,540218.2857,385513.4286,1105242197.0000,913451999.0000,1867707,1603408,326544,468876.6667
2026-05-14,361518,289005,154429,182997,131852,129477,-40622366.0000,38641964.0000,612223578.0000,1735733550.0000,418540.7333,274776.2333,577937.8571,408953.1429,1133604931.0000,1047217730.0000,1794767,1563978,374510.6667,563903.6667
2026-05-13,437697,282554,211175,198471,124678,131756,44857540.0000,26168468.0000,1808887084.0000,2757075821.0000,418412.7,276212.2667,569851.5714,409708.7143,2092858694.0000,2094151042.0000,1732018,1525425,505686,722539.3333
2026-05-12,607415,408073,272107,297219,200357,181073,-63635883.0000,94286043.0000,2174128203.0000,3403312865.0000,410972.8333,274269.8333,563719.4286,400751,2711900426.0000,2519428408.0000,1645756,1409799,472354.6667,650111.6667
2026-05-11,646599,432905,295901,311839,191676,180849,-79498398.0000,56582713.0000,1124097020.0000,4798774086.0000,402619.1333,271240.4,509099.4286,365008.1429,2804319728.0000,2703351065.0000,1505488,1290316,428685.6667,576099.6667
2026-05-08,913604,676080,449538,408381,295662,320510,225795870.0000,-31376524.0000,971774598.0000,3746883670.0000,386595.5667,263666.4,410381.5714,293871.2857,2069474051.0000,2317584236.0000,1664466,1387025,354353.3333,480083.3333
2026-05-07,390132,308079,176362,187285,144944,137877,-30157952.0000,31935118.0000,705688275.0000,1492084601.0000,386720.4667,261909.3333,390343.4286,274353.4286,1092821132.0000,977693486.0000,1607859,1348253,347608,477070.3333
2026-05-06,424563,301898,188092,205694,139763,136494,2944789.0000,7779659.0000,685294468.0000,1916409838.0000,381052.5667,258645.5333,376011.1429,266417.4286,1227103946.0000,1168745869.0000,1530009,1309339,362098.3333,523712.6667
2026-05-05,625555,453083,303471,280973,202977,214734,113218995.0000,-28086545.0000,813611319.0000,3011257163.0000,370522.1,251756.5333,360235,251689.2857,1694974712.0000,1895636018.0000,1419416,1234689,271972.3333,403280.6667
2026-05-04,381093,287843,174754,181167,139884,123085,5312300.0000,16961111.0000,419800931.0000,1519480625.0000,373795.7,256185.7333,367693.7143,244979.7143,907710623.0000,909584240.0000,1350081,1173810,235398.6667,350442.6667
2026-05-01,564490,345369,269920,249123,152603,159762,112866122.0000,-32317862.0000,288014774.0000,1113782886.0000,374503.3333,260366.1667,361298.4286,234665,536759498.0000,706946605.0000,1507692,1291706,177427,245567.6667
2026-04-30,264259,182705,116205,127514,74509,82876,5755045.0000,31660245.0000,295942637.0000,630203561.0000,376544.9,262726.3667,351922.2857,225965.1429,447566861.0000,420852197.0000,1483448,1254078,198640.6667,265560.3333
2026-04-29,222579,178122,104079,104055,89394,69273,2194780.0000,33365341.0000,263001140.0000,674924430.0000,376618.4,262380.6,353758.1429,228629,456280836.0000,422964373.0000,1448437,1233759,255928.6667,363074.6667
2026-04-28,249865,171454,110502,122774,74903,70125,-20781567.0000,7499458.0000,314918659.0000,697169827.0000,376229.2333,262895.3,381339.4286,245581.8571,468375000.0000,450819149.0000,1402833,1198503,279069.3333,424221
2026-04-27,324237,246346,147863,154627,126119,92933,-11191961.0000,29452953.0000,411384005.0000,1178367039.0000,379080.7,266428.2667,378587,233568.5714,747326584.0000,729107021.0000,1333805,1140152,288009.3333,489383
2026-04-24,515122,349986,233022,244184,187227,135431,40053623.0000,15040879.0000,251042735.0000,1026508189.0000,369392.8333,259920.1,355491.2857,213357.2857,573342862.0000,607119115.0000,1472302,1268655,211949.3333,383884.3333
2026-04-23,433304,240876,191611,205083,118879,101029,-14472490.0000,10404277.0000,266579705.0000,881629946.0000,362139.1333,257967.7333,369734.5714,223257.2857,546230242.0000,510847347.0000,1425113,1232802,197247,317926.3333
2026-04-22,519723,273166,250760,226381,126454,116719,105426646.0000,-3926800.0000,363664072.0000,1173482355.0000,353248.5,256509.3667,330252.7143,206196.4286,637176058.0000,789960143.0000,1360623,1185940,202899.6667,292330
2026-04-21,198626,121806,92910,91294,64217,47162,15833387.0000,9926983.0000,146724163.0000,378696215.0000,354641.8,258147.9333,359862.2857,227941.1429,235740458.0000,254672702.0000,1337011,1170068,216382,327778
2026-04-20,235430,196769,108417,104007,102715,77633,4119779.0000,1294938.0000,270284685.0000,434840015.0000,357115.4,260760.5333,380849,233211.8571,308213007.0000,340525638.0000,1255538,1131871,220294.6667,367118.6667
2026-04-17,442934,290124,189745,224295,152325,114960,-42653267.0000,50720947.0000,309357213.0000,592324385.0000,349344.6,256701.5333,368710.2857,224404,482295708.0000,371471319.0000,1500055,1369766,226978.6667,397143
2026-04-16,304970,162253,132191,143887,73947,70241,-8899277.0000,15497671.0000,155267671.0000,557942624.0000,347214.2,256318.4667,361247.8571,219472.2857,343063769.0000,301209261.0000,1462421,1334936,224141,376603
2026-04-15,353452,208507,156740,171147,101877,86204,-6642208.0000,32944164.0000,228516446.0000,782519048.0000,344815.5667,255626.0333,353799.1429,209106,493514332.0000,448602972.0000,1411474,1298683,245978.3333,394083.3333
2026-04-14,533007,310176,268026,221895,137908,143009,101999899.0000,-18919775.0000,335133405.0000,1201124285.0000,333441.5,251072.9333,342030.1429,213695.7143,666407666.0000,765377464.0000,1359252,1266564,220474.3333,343860
2026-04-13,243350,153740,110796,109514,70724,68381,5887727.0000,172638.0000,193778133.0000,451119459.0000,335409.5667,254534,389173.7143,237339,290632805.0000,301082854.0000,1315129,1222912,245384,382064.3333
2026-04-10,405893,274019,177156,191820,127296,117947,-73516392.0000,3182565.0000,195641610.0000,637314776.0000,332818.8667,252208.4,393168.4286,244712.7143,423323980.0000,333693150.0000,1451090,1342883,196621.3333,331011
2026-04-09,382337,233664,186231,165109,97704,107168,22489508.0000,-10999799.0000,188390447.0000,544368554.0000,327071.9,248644.7333,393437.2857,261303.5714,327416265.0000,352592597.0000,1406979,1310049,164047.6667,304002.3333
2026-04-08,357963,228469,162333,159366,101907,101332,18800859.0000,15197934.0000,222383487.0000,717618899.0000,323142.0667,245903.6,398869.4286,277525.4286,427671793.0000,422049578.0000,1365243,1266668,201992.6667,334889.3333
2026-04-07,252733,127731,103477,127142,62077,55753,-5086672.0000,8524175.0000,147514476.0000,335920993.0000,320386.7333,245227.7,424607.1429,323401,229103187.0000,216128502.0000,1345981,1228666,265830,441763.3333
2026-04-06,301311,135943,149983,133121,58419,64227,-22091011.0000,-3235688.0000,156586835.0000,487309066.0000,323642.7667,251727.8,437831.1429,340461.5714,314295278.0000,298781049.0000,1308644,1160117,329060.6667,485945
2026-04-02,450624,342304,205862,211026,148664,166264,-33722197.0000,-5360595.0000,216580462.0000,480150167.0000,316186.7,244315.2333,409817.1429,320701.5714,341397328.0000,311176672.0000,1403887,1285185,331559.3333,463810
2026-04-01,573355,319243,290887,236991,139738,148995,18153726.0000,6821580.0000,269259437.0000,842467883.0000,306012.9333,239784.4333,372143.7143,310297.2857,515408218.0000,527351414.0000,1362096,1244375,339152.3333,404687.6667
2026-03-31,433856,325635,225542,179404,141542,158732,44056624.0000,40828646.0000,659871624.0000,539805348.0000,299737.6333,234044.7,378635.8571,323880.7143,527352155.0000,567074021.0000,1347625,1146467,380227.3333,404368
2026-03-30,384219,349800,146946,203926,156471,157401,-93426485.0000,-52785874.0000,661262823.0000,524763071.0000,300454.9333,231258.5,407421.5714,341163.8571,555440355.0000,493546264.0000,1310371,1054052,348749.6667,407588
2026-03-27,395988,342022,181381,184646,161687,151421,-42074066.0000,11795492.0000,364095084.0000,467854869.0000,301247.6,228464.3,397352.7143,328519.4286,413048477.0000,357103076.0000,1437503,1204775,302737,360434
2026-03-26,432897,448860,184687,212729,211689,172233,-33660106.0000,15563046.0000,1336889143.0000,479311673.0000,298965.2333,220592.1,367622.2857,288360.7143,909323401.0000,647405669.0000,1396908,1116694,235254.6667,319348.6667
2026-03-25,393879,255367,157837,208827,106373,120961,-52871687.0000,-1098918.0000,348137180.0000,570094328.0000,291602.0333,216956.8667,345381,278579,439609645.0000,430773804.0000,1329230,1030553,290372,347822.6667
2026-03-24,254526,203984,104419,128232,91225,96491,-61005458.0000,-13719605.0000,286335888.0000,430871472.0000,288258.6333,215746.5,367560.2857,299772,346437254.0000,313294346.0000,1285110,983936,379304.6667,458220.3333
2026-03-23,309641,246413,135419,152063,124378,99157,-33039344.0000,17371865.0000,277455959.0000,539290096.0000,288349.2333,217797.7333,355395.2857,286676,415469375.0000,357616656.0000,1205129,920653,381670.6667,463508.6667
2026-03-20,479301,420719,197678,247416,213393,179509,-59676464.0000,17040796.0000,402282503.0000,707745757.0000,279993.2667,211247.5,317737,252616.8571,565524245.0000,487208179.0000,1520716,1183641,297347.3333,378669.6667
2026-03-19,585719,470782,267893,273930,220996,214662,-6077281.0000,-11856499.0000,634864584.0000,1084332777.0000,273211.0667,205310.2333,270206.2857,218135.8571,830321962.0000,802358284.0000,1419974,1117321,202718.3333,262826.6667
2026-03-18,325506,253511,144929,151115,113764,113982,-2541067.0000,10613675.0000,279719829.0000,1050515970.0000,270203.8333,202008.8,258051.8571,206343.2857,628692517.0000,607064514.0000,1350680,1045496,235659.6667,290918.3333
2026-03-17,224784,167749,105004,101141,62948,85606,19705833.0000,-8752846.0000,196403309.0000,826010627.0000,270214.5667,202621.4333,270173.8571,221685.8571,464216875.0000,485820380.0000,1315068,1012968,231323.6667,290819
2026-03-16,238190,186895,111388,107259,85917,76893,22177189.0000,15683989.0000,249933015.0000,821646356.0000,277987.2,208883.9,266119.5714,219037.1429,480717090.0000,510466989.0000,1272047,965688,229793.6667,283320
2026-03-13,409781,352335,192680,184768,158059,166199,24663523.0000,10219256.0000,226049658.0000,605594209.0000,273423.7333,205217.4333,242016.2857,190240.8571,382599574.0000,389800212.0000,1443629,1079909,188820.3333,231061
2026-03-12,224486,154741,94692,111278,70357,70758,-31613094.0000,175870.0000,188126501.0000,453248415.0000,276250.9667,208732.8333,250160.1429,194954.1429,314186976.0000,288795912.0000,1406999,1062833,194227.6667,236374
2026-03-11,215693,182305,101621,95745,79774,83997,7048847.0000,-16367867.0000,171235747.0000,566518752.0000,276879.1667,208051.1,246744.7143,193708.1429,322513110.0000,358273024.0000,1355015,1032988,225175,267689
2026-03-10,253004,229415,126223,110184,105338,104765,48456113.0000,-15643960.0000,252124949.0000,618829988.0000,273405.1,204245.0667,253800.1429,197730.5714,374583395.0000,443491918.0000,1302531,998686,204821.3333,253291
2026-03-09,240425,170963,113559,98560,71247,87708,10349484.0000,4704049.0000,285223527.0000,506674364.0000,279440.2667,209663.8667,266335.4286,202486,341460077.0000,346006810.0000,1291972,960936,198087.3333,253502
2026-03-06,309638,275147,121953,162047,146157,107471,-43814667.0000,35072853.0000,258361752.0000,433399198.0000,278398.7,208244.1333,252091.1429,181287,368119954.0000,271459489.0000,1390016,1066802,168949.6667,244120.3333
2026-03-05,209810,168354,85211,105867,69776,80815,-17262572.0000,-19685200.0000,202927757.0000,270494080.0000,281749.8,210688.7333,256413.7143,178127.1429,211731796.0000,230795726.0000,1357333,1040930,170692.6667,238112
2026-03-04,241058,150761,123323,99942,71647,63600,45651927.0000,8065966.0000,167088126.0000,376304170.0000,284121.2,212486.8667,246273,171940.4286,235450160.0000,277400356.0000,1311375,1011633,206296.3333,258556.6667
2026-03-03,281493,187734,115896,142292,94764,77915,-35892327.0000,14242643.0000,268517534.0000,442082697.0000,290865.4,220793.8,263058.5714,192399.2857,354235623.0000,293790015.0000,1249430,957980,211802,274116.3333
2026-03-02,191785,173583,89088,91329,83612,72307,-538658.0000,1542282.0000,187082777.0000,353026973.0000,290022.0667,219710.6333,268081,184734.1429,258488375.0000,253806601.0000,1185169,906767,196192.3333,280164
2026-02-27,302392,257572,144599,136172,138376,101711,-2517296.0000,-1069111.0000,160835121.0000,341646383.0000,283443.4667,213502.8333,263188.1429,174126.5714,235888909.0000,232484694.0000,1311058,1046070,159080,259389.3333
2026-02-26,328172,204251,137202,161870,98987,87978,-4530752.0000,13008266.0000,224672597.0000,505205533.0000,277318.4333,209569.6,251391.7143,166868.2857,355441541.0000,335105744.0000,1265353,994142,126814.3333,206689.6667
2026-02-25,209928,126754,103782,87392,55919,51128,47846835.0000,-9125323.0000,171140849.0000,519999421.0000,274834.3,208536.7667,279364.5714,186791.1429,268710493.0000,335987846.0000,1225018,978285,194878.3333,269711
2026-02-24,240068,146235,111616,112341,73747,57470,15569876.0000,9452304.0000,166336431.0000,447039381.0000,277989.7,209983.8333,305036,202785.5714,285604440.0000,293455301.0000,1183933,940961,186109,265335.6667
2026-02-23,170073,107454,74121,84577,55729,42029,-16172570.0000,13265247.0000,127298194.0000,297816717.0000,279584.3667,211793.0667,332800.7143,217819.8571,216436726.0000,182718006.0000,1149322,896009,211397.3333,298025.3333
2026-02-20,398992,330946,186693,186474,174195,130735,-42126365.0000,-11484250.0000,198645619.0000,536877183.0000,272295.9333,205840.1333,300513.7143,191443.2857,363753015.0000,329932338.0000,1310003,1111540,152229.6667,246893.6667
2026-02-19,226942,119927,94087,117082,49944,59386,-9543737.0000,7505856.0000,130375679.0000,346155037.0000,276785.1333,209971.8333,290125.4286,198264.1429,230890070.0000,215159714.0000,1291639,1069767,200992,306492.3333
2026-02-18,268142,183319,133008,114420,76770,85299,47912319.0000,-513958.0000,173090023.0000,497666295.0000,273601.0333,208711.7667,296442.1429,216068.5714,289105633.0000,336265042.0000,1255320,1028976,225951,357034.3333
2026-02-17,245597,153443,110955,115682,76221,63345,-13942791.0000,11392900.0000,156524389.0000,552780676.0000,278281.4667,214519.7,294017.1429,226178.4286,341569243.0000,325991278.0000,1224160,966078,245701.3333,396644
2026-02-13,405738,266214,185581,191674,124832,124326,6757184.0000,-17872591.0000,205385221.0000,524606346.0000,268643.8,208951.1,290662.1429,229957,322898217.0000,369713751.0000,1332079,1060330,205733.3333,319059
2026-02-12,419768,258196,196050,196880,110091,123849,35054781.0000,2465447.0000,252222275.0000,775953765.0000,259445.9333,204025.3333,264308,215138.7143,462484762.0000,511008668.0000,1270763,1015978,175559,230544.3333
2026-02-11,364426,212694,182494,154207,84926,110594,61233299.0000,-11591669.0000,221239871.0000,619756903.0000,252188.6333,200616.2,244405.1429,211343.5714,349773140.0000,435727424.0000,1238297,969044,207311,213188.6667
2026-02-10,172983,146310,76616,82688,72457,62956,-4421179.0000,29759702.0000,210260735.0000,282229721.0000,252283.1,199418.3,287031.7143,243980.5714,255543755.0000,206808884.0000,1213677,941145,233278.3333,231735
2026-02-09,154224,167673,69117,74487,75662,77294,-9720877.0000,25440246.0000,217131522.0000,278966159.0000,253450.0667,197607.9667,303982.1429,254647.4286,247502755.0000,219237607.0000,1157543,906540,274942,307744.6667
2026-02-06,312359,307950,138809,148050,131052,140428,-31275868.0000,1292628.0000,222191086.0000,419450060.0000,247006.3,190052.6,303545.5714,247826.4286,311739260.0000,279246594.0000,1225958,1022933,223781.3333,282054.6667
2026-02-05,228622,224212,101174,110916,103351,110075,-7759094.0000,-23657367.0000,680667965.0000,352447370.0000,245330.0333,186631.4,304390.8571,238918,511276377.0000,480649826.0000,1198131,991212,211086.6667,280882.6667
2026-02-04,382253,292664,149865,202737,138717,133433,-141322943.0000,5764591.0000,463509182.0000,889654938.0000,243454.1,185169.9333,271037.8571,213570.8571,704885521.0000,537344462.0000,1150905,938073,238455,310588
2026-02-03,235289,154468,91409,123919,79180,62963,-74247685.0000,15350191.0000,209761378.0000,657656446.0000,249514.5,190646.9,297636.5714,239150.7143,458476376.0000,345530747.0000,1108960,890676,267746,323117.3333
2026-02-02,225106,186128,110090,97807,89688,79873,27217395.0000,8258844.0000,175463496.0000,654467553.0000,249427.3,191403.8333,305248.7143,245783.1429,382480436.0000,395159919.0000,1030136,850565,292437.6667,351183
2026-01-30,471369,374769,207168,231870,184754,158259,-6227357.0000,25618598.0000,281435098.0000,913942749.0000,236491,182596.6667,282245,226772.1429,565425808.0000,541468874.0000,1183203,907127,221465.6667,272239.6667
2026-01-29,272877,242341,118320,134737,98314,120200,-24708750.0000,-7698537.0000,220481671.0000,587567670.0000,230010.5,176897.5,287862.5714,221395.5714,374909587.0000,370779696.0000,1136066,868626,179096.6667,230874.6667
2026-01-28,309303,260203,146629,139947,121661,118889,37203263.0000,-13346937.0000,314578106.0000,866684272.0000,224646.8667,171782,312793.4286,246644,538987947.0000,566110799.0000,1048062,818888,203538,268267
2026-01-27,234539,161853,118497,96168,71028,73725,72234753.0000,-23448977.0000,213421024.0000,687634302.0000,219408.9,168394.7,303071.4286,243677.5714,370626565.0000,463811675.0000,999887,790755,227105.3333,282884.3333
2026-01-26,148782,115234,61644,75636,57337,47728,-16117862.0000,7879460.0000,110477041.0000,332498765.0000,218553.5667,167138.7667,296821.7143,237406.7143,212610834.0000,199517341.0000,961645,754315,269258,336738
2026-01-23,421480,333527,191576,190113,155974,143375,12050597.0000,-5853558.0000,209416368.0000,638105470.0000,207248.6,158401.5,257241.8571,202082,378870992.0000,394742595.0000,1032785,810211,226317.3333,300311.3333
2026-01-22,278391,232555,125023,128844,90062,119077,6101494.0000,839695.0000,155474454.0000,494474495.0000,201280.3333,152533.5333,236815.1429,182541.1429,298028188.0000,299006837.0000,968216,773689,294446.3333,368787.3333
2026-01-21,310343,241692,149900,127373,104915,114427,36829297.0000,-29726278.0000,258101701.0000,718972186.0000,194678.4333,148504.6,240299,175106.1429,367182953.0000,473248884.0000,902193,737073,260911.6667,320834.6667
2026-01-20,312200,204705,142733,146480,101766,87506,-77056.0000,15673999.0000,188060755.0000,647387730.0000,187486.2333,144729.5,226829.4286,168967,378969761.0000,387610386.0000,881468,673734,216456,251779.3333
2026-01-16,483819,436942,223783,226619,205439,202144,24989688.00,15547807.0000,239797194.0000,686961170.00,173826.7,132484.4333,183475.1429,128312.1429,425838054.0000,435552160.0000,1149766,914197,99560,138646.6667
2026-01-15,166485,141088,77769,75027,62846,67497,13246974.00,8525190.0000,93476177.0000,234536453.00,170632.9667,129466.4333,211351.2857,142996.4286,149484265.0000,153966624.0000,1122833,899161,84453.6667,128286.3333
2026-01-14,105034,71338,43462,52906,30856,31748,-7617220.00,138127.0000,72854540.0000,153824628.00,169822.5667,128867.6,221006.2857,153593.4286,100175974.00,92251187.0000,1109424,879883,123890,204851.6667
2026-01-13,144421,86254,59103,71222,42783,35907,-34659069.00,4986680.0000,79003930.0000,244040390.00,167494.8,128075.7333,255519,188083,166327587.0000,125577618.0000,1087085,852292,149049,229349
2026-01-12,135404,95769,59791,65188,45660,40803,-1844242.00,8398814.0000,93231003.0000,273758760.00,165697.6,127130.8667,252833.8571,188566.8571,178863510.0000,158329734.0000,1044863,815432,167912,244327.3333
2026-01-09,334730,189647,168370,138384,79250,93191,62367917.00,-4634485.0000,85179045.0000,443978769.00,157203.7333,123114.6,225562.7143,177249.1429,210583249.0000,279021826.0000,1144492,893251,185989,253290
2026-01-08,217913,161731,88765,108948,78893,69935,-18330019.00,7755091.0000,134231323.0000,290095294.00,153448.8667,119888.1,215390.4286,169919,206234352.0000,180379050.0000,1124956,858005,180584.3333,238192
2026-01-07,180339,152358,77943,85177,71212,65885,-850130.00,5834147.0000,172256884.0000,324338745.00,154056.5,120883.4667,214744.4286,163921.1429,238241158.0000,218858385.0000,1091013,827230,239025.3333,306749
2026-01-06,361618,243878,178896,152559,94846,123957,61012290.00,-26332729.0000,193588236.0000,694167664.00,149212.2667,120891.8667,190118,145276.1429,360114611.0000,448846970.0000,1019062,771540,190784.6667,225079
2026-01-05,172619,145517,71461,83311,72788,58667,-26380831.00,13463660.0000,125317157.0000,342455130.00,148752.5333,121075.3,182464.7143,136100.7143,229410748.0000,191950267.00,976621,725940,179086.6667,215483.3333
2026-01-02,386010,327681,189380,159410,129721,170681,77878549.00,-9507741.00,145554245.00,553887514.00,139774.0333,113829.4667,152796.7143,106657.1429,273678517.00,366785343.00,979665,753970,106666.3333,135715.6667
2025-12-31,116608,99156,47017,53862,46748,42973,-4314355.00,8547935.00,48836198.00,145804251.00,140141.7667,113855.3667,182706.2857,128037.7143,87962596.00,74036166.00,957508,741318,110405.3333,155452
2025-12-30,143832,110423,62050,66018,48975,46193,-2350204.00,422682.00,100061125.00,195398558.00,142720.6667,116368.8,221744.7143,157802.5714,137148083.00,107477587.00,918430,725509,111385.3333,170585.6667
2025-12-29,146707,110420,68631,60415,42527,51751,25003454.00,-7445319.00,113360798.00,206913577.00,142342.7333,116540.5667,232570.8571,171862,101615005.00,136745286.00,895081,693699,101675,161365.3333
2025-12-26,175817,110373,68860,90933,46666,50918,-11038967.00,7092356.00,64350004.00,157313104.00,138648.5333,114867.1333,219351.2857,171887.8571,106500447.00,88369124.00,953014,774564,105409.3333,162204.3333
2025-12-24,189233,113363,96906,76030,46027,54201,23555800.00,-2095759.00,63780804.00,209929241.00,135439.5,114116.7,203526.8571,165888.2857,110813596.00,136952905.00,929416,759035,150561.6667,207785
2025-12-23,119046,81289,52616,55075,36015,36606,5172689.00,3770549.00,68073794.00,134769955.00,136432.8,114667.7667,207719.4286,169523.8571,84746862.00,93967402.00,903903,748420,229724.3333,307136.6667
2025-12-22,178334,121576,75125,83019,47508,59007,-7132486.00,-8677690.00,93085128.00,226702753.00,135850.1667,115623.9667,193300.2857,160760.7143,136080016.00,137512030.00,860768,693418,258811,321855.3333
2025-12-19,325975,248820,157224,142167,105157,123894,38613794.00,-2689613.00,103379864.00,369955707.00,128812.5667,111116.2,164321.2857,136294.4286,198998865.00,240212389.00,1153600,926685,212722.3333,240957
2025-12-18,417101,318777,194150,190375,138683,152528,57101192.00,-14197304.00,178956277.00,518818953.00,119277.2333,104132.3333,116497,100956.1429,290843950.00,365804423.00,1121777,893911,130252,128077.3333
2025-12-17,222490,208836,94717,105670,95593,94753,9041595.00,8231679.00,151644285.00,255154973.00,114150.9333,99901.1667,98904.5714,79196.1429,187592895.00,186996311.00,1048045,820500,96219.3333,103378.6667
2025-12-16,83280,110554,36543,38362,51012,45308,-5902814.00,9662715.00,77610110.00,104863789.00,114790.5,99449.5,103048.2857,80663.2857,91549836.00,75986807.00,1000876,804954,79446,101418.6667
2025-12-15,78462,71366,31953,39111,28587,32613,-12781708.00,-1838168.00,63837476.00,104480324.00,115440.8,100022.4333,105615.7143,83532.7143,78572823.00,67727460.00,981933,794399,81509.3333,116305.3333
2025-12-12,148394,106738,61468,73563,54526,42094,-19757403.00,1330978.00,63324452.00,139479688.00,112594.9,98429.6333,94992.7143,78225.8571,102462010.00,81895729.00,1042119,829249,69733,94284.3333
2025-12-11,77400,60234,33474,36705,25913,27464,-6746461.00,5275035.00,34310666.00,110556295.00,114228.3667,99495.5667,94031.7143,76842.1429,71334900.00,61355404.00,1030244,820383,68493.6667,101598.6667
2025-12-10,123122,77556,58190,48285,32125,36439,18422994.00,2196329.00,48442656.00,182285821.00,112495.1333,98572.5667,87974.5714,73387.4286,93386933.00,110420098.00,1014067,808485,82916.3333,97986.6667
2025-12-09,82331,71409,39281,34775,34054,29578,9543614.00,-680098.00,50235424.00,118189217.00,112585.4667,98822.9,86868.4286,72114.4286,72971146.00,81941358.00,995303,801932,89597.3333,102687.6667
2025-12-08,99343,56516,47825,44611,22495,26800,8049660.00,-1922993.00,31982000.00,132940195.00,116201.8333,100766.6667,84317.7143,73672.5714,71193381.00,81721730.00,981670,781594,93955.3333,94251
2025-12-05,112286,120824,57714,45741,61081,44320,20703536.00,6380126.00,47092666.00,99418060.00,115595.9667,98923.5333,79693.1429,66291.8571,56463254.00,70032664.00,1032411,838746,70530,80380
2025-12-04,96434,91452,37621,47602,39311,41887,-5222177.00,2051618.00,48856583.00,97214677.00,115715.0667,98477.8667,80955,62503.8571,59257466.00,51987361.00,1006647,820435,57837,75142.6667
2025-12-03,74033,69590,31280,35387,32866,30072,-8978952.00,7092447.00,38142932.00,97927062.00,115412.6,98314.0333,98745.7143,78593.7143,69304501.00,51861475.00,974354,819633,55473,75327.6667
2025-12-02,70673,50548,31609,32100,22057,24333,-5737151.00,2954937.00,26054512.00,88071266.00,117430.6,99350.0667,119548.2857,106248.2857,57181566.00,48489478.00,957097,811066,61098,78932.6667
2025-12-01,80722,53373,38344,36600,23009,25923,-3724140.00,298147.00,33668379.00,99032492.00,119371.8333,100378.7,130706.1429,120197.8571,63109939.00,60074815.00,934536,790289,66360,78663.3333
2025-11-28,74588,62498,34247,34361,23213,34730,4991242.00,-5375233.00,26798072.00,70406344.00,126610.8333,102873.4667,136715.7143,127027.5714,39914517.00,50280992.00,974045,848074,67172.6667,88889.6667
2025-11-26,81488,67423,39796,35550,33001,28685,1528725.00,1245401.00,38714163.00,89050245.00,126244.9333,101966.2,143308.8571,131671.8571,59618272.00,59831596.00,959003,838975,105438,127916.3333
2025-11-25,79914,69159,39858,34303,31656,32439,5418600.00,-658818.00,39444140.00,75715648.00,126008.5667,101020.1333,163492.4286,148338.5714,50798127.00,58393745.00,944043,829137,163761.6667,173375.3333
2025-11-24,105267,64936,50271,44887,25245,32942,8477900.00,406410.00,48471163.00,116127266.00,126198.7333,100675.8333,167792.7143,155572.4286,71809723.00,79649213.00,933694,812320,192456.3333,191228.6667
2025-11-21,198568,182219,99050,85623,79301,91886,8025226.00,-10763409.00,123843269.00,162926940.00,123695.6667,98482.8333,148710.2857,138136.8571,124544977.00,143333612.00,1061951,951670,168485.3333,163924.3333
2025-11-20,216291,244130,85395,110735,132531,92550,-13768867.00,20648763.00,444433022.00,204915885.00,119589.9,93489.2667,131091.8571,116239.7143,353971318.00,223221588.00,1069252,920828,120419.6667,134374
2025-11-19,158827,151020,65360,81288,73662,64885,-21550156.00,10006133.00,104606911.00,192526679.00,118896.8333,92032.9333,129665.8571,108639.8571,155076593.00,123120304.00,1027014,874831,132021.6667,155164.6667
2025-11-18,116655,110306,47656,61505,60438,42652,-13131518.00,8798578.00,81716498.00,135623502.00,119610,91920.5333,135980.1429,114347.8571,114182711.00,92252615.00,1007510,847541,133777.3333,161402.6667
2025-11-17,127640,99933,56093,61282,43276,48399,-9696094.00,-1426548.00,75560349.00,203639949.00,122929.6333,94001.9,134152.5714,116298.4286,132657291.00,120622570.00,968315,817963,120523,140519.6667
2025-11-14,221199,185826,103151,99448,86247,82485,2444058.00,3527058.00,94605552.00,252757932.00,126238.5333,93507.7,121272.8571,105360.5714,155799594.00,153992344.00,1020502,863395,88864.3333,97774
2025-11-13,135369,115573,58784,66200,60457,46202,-5076859.00,9999053.00,73237950.00,156476919.00,127015.1667,93095.2333,111748.8571,100550.2857,113802465.00,100981553.00,994549,853051,82947,102266
2025-11-12,64991,60170,28651,31553,19970,36622,1734890.00,-9468793.00,39202854.00,97989530.00,136259.8333,96977.5667,117102.5714,105812.2857,60552260.00,69228743.00,976153,846107,112977.6667,134220.6667
2025-11-11,92962,90850,34929,50301,47110,36930,-24353664.00,6420457.00,55425433.00,132714216.00,136216.4,95605.7333,117818.1429,105484.2857,103608105.00,72830414.00,956630,819392,120556.6667,141515.6667
2025-11-10,148845,97821,72021,63614,38742,48653,9630591.00,-8344569.00,67510253.00,264965081.00,135634.8667,94700.3333,105557,99931.8571,145968873.00,163944033.00,930364,789744,124370,135581
2025-11-07,160855,150262,73721,74933,73212,65904,-1098574.00,8292802.00,72396852.00,159004905.00,134273.2667,93540.9667,100635.4286,91639,112788229.00,103396853.00,998570,829850,101583,104863
2025-11-06,114847,113587,52117,53370,48875,52018,4584755.00,-2974692.5000,65389355.5000,148147232.00,136520.9333,95268.2667,94389.4286,82536,94823991.5000,102383439.00,986405,815710,96055.3333,100736.3333
2025-11-05,131041,109261,67170,54879,39486,55443,11015873.00,-3390889.00,69434494.00,173320123.00,145512.5667,101825.6667,87818,78201.4286,104449962.00,118896768.00,945338,799777,89153,89713
2025-11-04,68701,81901,23327,37478,42922,32051,-14376716.00,4539916.00,46225375.00,98221747.00,155729.8333,107612.4,107694.1429,82905.4286,74425947.00,55510177.00,925897,788415,81504,87818.3333
2025-11-03,102467,97004,51566,40066,40442,43977,21356060.00,3629542.00,63745661.00,163848802.00,159797.6667,108138.2333,106500.2857,78409.1429,91143021.00,109001123.00,885758,761914,79906.6667,95797.3333
2025-10-31,97971,88554,43554,44902,41627,39112,-1937423.00,5388809.00,38937514.00,110383778.00,164623.5333,110628.2667,106791.1429,76913.1429,69814541.00,62308309.00,974337,816248,67010.6667,86848.6667
2025-10-30,63017,58954,28144,29150,21101,32541,-6044868.00,-5304242.00,26523515.00,69591434.00,171392.2333,115329,107068.5714,77730.4286,44913725.00,44393429.00,962455,805052,73665.6667,94190
2025-10-29,126404,92212,61598,49462,43499,40113,23477910.00,-1043601.00,42691711.00,220537436.00,171541.5667,115062.7,107755.5714,76218.5714,103383403.00,133002914.00,926637,788778,81204.6667,121333.3333
2025-10-28,71125,49866,29380,26941,22261,22361,2616624.00,-290258.00,26383203.00,93584069.00,173060.2,115870.7333,117446.1429,81128,49952245.00,52859127.00,907285,783776,86426,128995
2025-10-27,85041,78919,37951,39058,42042,29526,-2528762.00,-677248.00,37647287.00,129397883.00,174329,116013.6333,146977.1429,89474,77315987.00,75464473.00,870718,766191,86147,133983.6667
2025-10-24,207834,114829,93617,88098,49015,53130,18941471.00,294066.00,49825069.00,206171464.00,175561.7667,117679.5667,127359.5714,78813.4286,101783206.00,120430611.00,908636,803592,69429,86358.6667
2025-10-23,94110,65530,46337,39997,28789,29324,13884173.00,1685008.00,24849761.00,77788344.00,186079.4,122446.8,124318.5714,75277.2857,41545558.00,53476723.00,895304,785492,74795.3333,98726.3333
2025-10-22,100007,78082,37046,46737,35231,30284,-11114807.00,2161848.00,34496992.00,121802153.00,189204.4333,122636.9333,125885,71923.7143,68585353.00,52604288.00,875188,764882,76845.3333,111710.3333
2025-10-21,64959,64675,26215,31211,31225,26191,-4906542.00,-289295.00,29223536.00,64131109.00,191708,122462.2333,134244.5714,79317.1429,44514477.00,39897230.00,847227,752416,101067.3333,187310
2025-10-20,131213,81629,64398,51894,35889,36067,5440142.00,516550.00,37737144.00,166922153.00,190676.6667,121390,128802.4286,81130.5714,89866795.00,95080226.00,817074,721427,87259.3333,167076
2025-10-17,138959,84232,59719,62275,35507,38247,-5649694.00,-75634.00,37850273.00,109508448.00,192975,121519.9333,128670.4286,84430.2857,68987440.00,63413380.00,1055748,907659,72774.3333,145030.6667
2025-10-16,291758,137341,140221,129437,59850,63428,16929004.00,-1678129.00,66483069.00,278239583.00,186637.6333,118913.4667,106712.1429,80086.4286,147259789.00,169171822.00,1022241,894262,45196.3333,84768.6667
2025-10-15,70511,40205,32891,30787,16357,19926,1765394.00,1774650.00,16675109.00,60092331.00,185754.4,118447.3667,129100.4286,97539.1429,34701903.00,34698963.00,1009417,885448,70604.3333,102423.6667
2025-10-14,72823,40777,25965,32354,18845,18234,-7302944.00,2418313.00,22442505.00,72066956.00,185188.3333,119117.5333,164478,116142.4286,43703219.00,33981962.00,998913,868350,88453,109188.6667
2025-10-13,110972,54607,49827,43098,20348,29381,7986794.00,-1868679.00,25009694.00,91667393.00,185182.5333,119152.4333,171291.7143,123084.1429,46594334.00,56768207.00,985694,845133,106027.3333,118209.6667
2025-10-10,123476,116429,50921,60851,57745,49373,-12797468.00,7274715.00,48929285.00,115609469.00,184359.1667,117747,202556.7143,131685.7143,85804319.00,65732136.00,1089484,895279,102862.3333,123067.6667
2025-10-09,93118,94323,37025,46281,47966,35796,-3355998.00,2125432.00,29914310.00,119467213.00,183005.2333,116050.9,202348.2857,125310.2857,70396126.00,65000076.00,1060103,882649,125546,167771.3333
2025-10-08,138035,107330,69073,56525,40653,54215,4082214.00,-3718763.00,45328486.00,202719209.00,179893.7333,113087.7333,201400.2857,120071.5714,111873774.00,115309662.00,1039193,867852,146769.3333,228581.6667
2025-10-07,138050,106934,51353,64507,46596,41829,-14704339.00,4153206.00,54921573.00,125797944.00,176583.4333,110587.4667,198822.7143,121292.5714,86600481.00,64926936.00,1001209,849591,145524.3333,235454.3333
2025-10-06,227229,162374,101926,102620,74558,74420,14058027.00,-2137915.00,64706066.00,289457744.00,171812.9667,107234.9667,192401,121725.7143,159160525.00,173588386.00,955882,819636,150279.6667,273821.6667
2025-10-03,320466,171000,146449,149131,67009,81721,6223480.00,-6675255.00,58517173.00,248900374.00,163070.2333,102455.3,203875.8571,141009,133599791.00,144114696.00,1006771,862443,109844.6667,197552.6667
2025-10-02,158668,103199,62353,73098,44458,48492,-62603.00,2197921.00,36120310.00,189917404.00,160839.3,102200.3667,234811.7143,162766.7143,82667045.00,80406521.00,975524,860742,98998,188463
2025-10-01,342331,176640,168871,135076,70330,89024,29513025.00,-10479814.00,62826072.00,292135105.00,150678.9,97241.9333,217979,153643.7143,140333924.00,181296763.00,918975,831024,78611.6667,114355
2025-09-30,91659,49695,44861,37676,21778,22583,4926791.00,-1454270.00,17414068.00,59583451.00,149815.6,96721.6333,239563,169866.5714,31281559.00,37663012.00,908635,826765,117182,144561
2025-09-29,131399,70659,64851,54882,25611,32471,7780073.00,-2243229.00,29138813.00,80115893.00,149037.3667,96996.8333,258802.8571,188340.4286,42156993.00,52180295.00,892961,800614,195623.3333,234358
2025-09-26,120007,115481,48994,58101,43848,55579,-7873930.00,-1743624.00,38085925.00,59562451.00,147146.5667,94314.0333,260356.7143,183875,41273192.00,35116806.00,1049567,971697,242297.3333,319428.6667
2025-09-25,182277,165406,76390,92879,75400,78784,-3162687.00,709677.00,61614559.00,71746753.00,143740.7333,89989.6,250986.2857,170832.2857,63839444.00,59967080.00,1048322,953096,224755,333503.6667
2025-09-24,400790,305983,158964,206499,129923,145007,4541948.00,729842.00,89949813.00,222798962.00,135904.2,82037.9333,211317,139007,174531396.00,118843502.00,1051981,951628,177179,280822.6667
2025-09-23,375219,255503,168765,170127,117356,115402,-5689026.00,1410332.00,80216879.00,252780985.00,128451.8667,77123.1333,192688.1429,126050.4286,155930181.00,149151088.00,929263,862571,158670,244442.3333
2025-09-22,224502,112779,97684,96980,50642,50042,14916330.00,454312.00,52441429.00,178571993.00,127694.1333,76841.9,219136.2857,139731.5714,97201477.00,111651072.00,888202,799254,149151.3333,213236.3333
2025-09-19,242747,163255,100824,125046,71109,72879,-7863651.00,3897709.00,62692046.00,155319207.00,122968.7,73385.4333,212137.8571,128378.8571,105754173.00,94182813.00,1142474,966657,119435.3333,171215.3333
2025-09-18,266078,199976,123159,113874,92977,86486,16462722.00,3042320.00,77849611.00,238779295.00,115967.5667,67862.6333,194136.1429,108301.4286,134846801.00,152029823.00,1078584,931198,80512,123557.6667
2025-09-17,130884,84223,53284,52535,40171,37637,5438894.00,448277.00,31970513.00,86783792.00,113961.9333,66945.2,189763.1429,103335.5714,50642591.00,55633208.00,1054514,891194,107373.3333,161535.3333
2025-09-16,116684,74107,47355,59712,35917,30922,2015977.0000,3425733.00,29055315.00,94639362.0000,112367.1,66404.2667,202795.2857,105338.8571,56221064.0000,54811308.00,1022339,861841,152186.6667,259187
2025-09-15,123105,83206,47323,62452,39641,37520,-9373122.00,-1300361.00,38052021.00,121212810.00,111197.1333,67142.1333,199728.4286,101901.8571,76205176.00,68137163.00,992698,833905,152380,282738
2025-09-12,244817,164807,110498,109460,72839,75371,9693789.00,-1769728.00,45646337.00,205191427.00,106852.6,64751.9,171042.2857,82104,103592163.00,115055680.00,1010216,850397,117255.6667,247821
2025-09-11,409639,208547,179550,174587,86491,100875,22536655.00,1865339.00,75685863.00,384163005.00,96252.7,59074.9667,120499.7143,61009,178020695.00,194579302.00,961289,813286,64227.3333,144699
2025-09-10,193758,83786,90389,85027,42349,32361,-1071925.00,943129.00,21460103.00,139923973.00,92962.5333,57815.7,108648.2857,56990.1429,73300684.00,71055421.00,949731,787008,65675.3333,149416
2025-09-09,140066,59434,65279,61713,23333,26252,-573134.00,-1434780.00,18520310.00,86340803.00,92201.1667,56884.8333,102749.5714,59109,46688211.00,47549857.00,938893,784111,65579.6667,136606.3333
2025-09-08,100273,49462,44296,45376,20933,19867,1204785.00,-439702.00,16046784.00,56540986.00,91966.8667,57482.6333,95924.8571,58248.7143,31548519.00,32640686.00,922862,761598,57833,117853.3333
2025-09-05,207909,88130,100270,82778,36475,44753,14116680.00,-3138729.00,24080365.00,115734802.00,88255.0333,56923.6,72607.8571,48292.2857,53190146.00,70445555.00,946772,786377,48750.3333,67164
2025-09-04,101637,59147,55050,37413,26729,26980,4003506.00,-560787.00,14531210.00,42554574.00,87453.8,56473.6667,63622.7143,44403.5714,23219952.00,27784245.00,929791,766542,47586,70217.6667
2025-09-03,44014,26222,15418,21240,12608,8898,-970228.00,-317922.00,9358918.00,15018746.00,90477.6333,59304.7,69351.4286,49486,9979422.00,9327116.00,921298,757703,63600.6667,88471.3333
2025-09-02,55841,60882,24975,25083,20546,30738,1983138.00,-293255.00,19641116.00,23743625.00,91917.8,59364.3333,69686.1429,44732.8571,18398222.00,20674711.00,894810,741613,57786.6667,87357.6667
2025-08-29,110798,55654,41399,56904,23180,25134,105488.00,-147255.00,14672304.00,32893743.00,92761.2667,59647.5333,66963.5714,50432.4286,20395296.00,20648039.00,946341,777074,45380.3333,65321.6667
2025-08-28,98775,74266,44670,44781,26961,37878,2612115.00,-1880791.00,15724610.00,37348913.00,94120.4333,61148.4667,58212.7143,43806.8571,21736563.00,26229469.00,927721,759775,31267,45310.3333
2025-08-27,52500,43440,21584,22535,17426,16063,-1448085.00,-1514455.00,9847329.00,18307466.00,96383.4333,62167.1667,60107,42470.5714,12320535.00,12386905.00,912127,746500,37386.6667,55848.6667
2025-08-26,44690,18435,22874,17326,6662,7208,2203800.00,-712764.00,7469273.00,15801393.00,98397.6,62901.4667,69158.7143,51110.5714,8185613.00,11102177.00,906215,734830,40445,60346.6667
2025-08-25,38741,31926,14232,18978,8270,14311,-2386924.00,-1204913.00,8297511.00,13505600.00,101088.6,64443.7667,72664.7143,51549.2857,9751380.00,8569369.00,895856,721242,61653.3333,78013
2025-08-22,84115,61799,42956,33981,23333,27083,1508336.00,-593320.00,13895711.00,23274250.00,101427.1667,64245.7667,72091.4286,47817,15087125.00,17188781.00,933491,758885,50349.3333,62481
2025-08-21,58184,27610,21181,29041,11042,14014,-3594687.00,-3082679.00,12053929.00,21205907.00,101971.1667,64144.6,87450,53506,14620293.00,14108285.00,926242,745573,52508,65006.3333
2025-08-20,91740,95551,38449,43847,39658,41686,-509013.00,506950.00,28065674.00,36135921.00,101803.8667,62461.9,96008.4286,55292.8571,29713501.00,28697538.00,903113,725619,46962.6667,70443.6667
2025-08-19,37519,27887,14342,18656,12851,10902,-268444.00,-372517.00,9352834.00,16223480.00,104102.7667,63018.2333,119472.8571,66215,10946759.00,11050832.00,894795,719654,49332.6667,79031.6667
2025-08-18,65760,34086,26374,27919,17793,13661,475142.00,43216.00,6944711.00,26890147.00,103955.1667,63224.1667,124504.8571,69854.2857,14336467.00,14768393.00,875605,700227,49861.6667,83812.3333
2025-08-15,108052,78915,39626,58171,28456,40180,-6665756.00,-1652171.00,15618207.00,44345082.00,102372.3333,61520,117075.1429,63479.5714,29691686.00,24678101.00,995040,830340,46034.3333,103026.3333
2025-08-14,63283,34997,27493,29404,11247,20574,-3758805.00,-527245.00,6575859.00,28750484.00,103839.6,62566.6667,118136.8571,66580,17973542.00,14741982.00,987805,820639,70388.3333,132481.6667
2025-08-13,80102,35673,31461,38414,17411,13688,-1642067.00,1652427.00,8834873.00,36217279.00,104190.3333,63028.6667,116527.8571,69752.2857,21304789.00,18011205.00,978600,808314,93278,173037.6667
2025-08-12,165694,67433,67655,78383,28535,30285,-1383538.00,1924886.00,18681070.00,86369988.00,101337.4667,62677.5,105429.5714,75167.8571,49629829.00,46321406.00,957039,779776,90654,151467.6667
2025-08-11,151649,108059,69183,67447,49680,47979,-422097.00,1259422.00,25234842.00,82835179.00,102705.0667,62538.7667,100119.8571,73030.8571,49835868.00,48218349.00,941772,764140,66065,119599.3333
2025-08-08,201770,104342,94928,83634,45720,48283,6351884.00,-986379.00,21506186.00,75251574.00,107385.6667,66161.4333,84387.2857,63587.5714,40736100.00,48074363.00,964952,812719,50184.3333,75914.3333
2025-08-07,100984,59561,44953,46386,19555,33214,-682031.00,-2582858.00,12455388.00,41051317.00,114269.7333,71296.8667,83540,61651.4286,23458664.00,25359491.00,948982,820940,49623.6667,65199.3333
2025-08-06,56044,34292,27321,23225,7669,23690,662706.00,-2440005.00,9975540.00,19641914.00,117697.1333,73671.9,92280.1429,61253.7143,11938422.00,15041133.00,936818,803924,73307,75853.3333
2025-08-05,70715,56700,33145,29832,26960,25107,1086462.00,-669404.00,16356094.00,20964511.00,118219.6667,73858.0667,95498.5714,62781.7143,15842264.00,17598130.00,937492,787715,85440.3333,90442
2025-08-04,68839,57879,25946,35047,27119,27188,-822306.00,-909823.00,17522788.00,17528982.00,119487.7667,74197.5667,99457.8571,64707.4286,16027118.00,16114635.00,915697,764894,78893.6667,98043
2025-08-01,88006,105342,40481,38662,47385,44378,2438604.00,3722038.00,45789607.00,28136072.00,119353.1,72800.8,97971.2857,56179.8571,33371695.00,32157471.00,944760,823003,59115.6667,100392
2025-07-31,114481,93100,42765,58523,40856,38656,-4789241.00,4676847.00,30969158.00,38019806.00,120211.2333,72133.8,100863.8571,58758.8571,35096429.00,25630341.00,920869,806830,38585,101306.6667
2025-07-30,91642,38239,41154,37425,16855,16118,-397316.00,6508.00,9418626.00,33742461.00,121209.2,72762.3667,101921.5714,62249.1429,18982070.00,18578246.00,910128,796269,48304,101840.6667
2025-07-29,95053,46008,40368,45276,18712,23239,-549933.00,1023563.00,10771585.00,28456358.00,120461.6667,73598.6667,107785.7143,64840.8571,18397265.00,16823769.00,898059,782537,56754.3333,102341
2025-07-28,117225,31508,31021,41964,14388,13853,-2503285.00,-1121004.00,10866710.00,23569167.00,118362.6,74459.5667,110975,77381.7143,15093855.00,13711574.00,887039,797409,61468,89132.6667
2025-07-25,93244,67396,34706,46184,20474,31721,-2021799.00,-2035740.00,15998234.00,23644887.00,119048.3667,74698.7667,114853,78325.2857,14344599.00,14358540.00,908701,860126,76053.6667,102961
2025-07-24,96554,71359,43343,39299,30411,28337,258416.00,5414119.00,20521948.00,37130551.00,119370.6333,74143.3333,116076,73911.7143,22444280.00,17114177.00,890277,844209,73157.6667,103791.6667
2025-07-23,77600,45649,31940,34209,15857,20724,-1748683.00,-5518419.00,23424169.00,24230866.00,120173.6,74251.2667,122057.5714,78561.1429,15693449.00,19463185.00,874945,819432,79324.6667,123292.3333
2025-07-22,134729,111153,54956,68258,40829,53666,-3805555.00,-1731833.00,41025427.00,34347986.00,119689.6667,73000.6667,116278,70662,34693659.00,32619937.00,839540,786919,82038.3333,124899.3333
2025-07-21,99046,62671,44222,42960,31800,23712,-256757.00,2571466.00,23173096.00,29756326.00,121544,73674.4,112772,65219.7143,25424612.00,22596389.00,818189,761619,85815,132014
2025-07-18,136102,64150,68571,53303,20429,34244,2404996.00,-1908618.00,18977077.00,36677540.00,119126.3,73603.3333,105717.5714,62494,21188261.00,25501875.00,933124,931458,77919.6667,121685
2025-07-17,139550,119294,56561,67015,55136,46078,-3812296.00,3507366.00,43877749.00,46132219.00,117566.8,71377.2667,100994.1429,51820.1429,44357169.00,37037507.00,920631,911856,64220,114992
2025-07-16,120390,74001,51540,56354,32501,32982,-1382507.00,17844.00,22208211.00,38443368.00,115878.9333,70217.5333,92557.2857,47000.5714,28195577.00,26795226.00,892711,886697,58172.6667,106286
2025-07-15,105115,40464,51496,44048,20058,17047,1854556.00,2609580.00,16368719.00,32513415.00,114535.5,70779.8,86193.2857,45190,23647188.00,21898164.00,876720,871706,52876.3333,96082.3333
2025-07-14,119471,78195,46641,60727,40069,29822,-4031090.00,3109627.00,23645495.00,42368816.00,112543.2,69617.3667,84454.7143,43504.5714,33265873.00,26125156.00,847395,846718,41834.6667,85165.6667
2025-07-11,94272,55859,35382,40194,17752,24475,-571594.00,-2118228.00,16941132.00,30046389.00,110637.3,69326.2667,83933.5714,42600.8571,14618701.00,16165335.00,862871,878512,38074,89237
2025-07-10,74504,24575,31365,35166,9448,12039,-1020167.00,-325558.00,7420416.00,22685301.00,111783.3,70087.7333,84734.1429,47218.4286,14155533.00,13460924.00,856927,869518,43303.6667,84846.3333
2025-07-09,86721,45070,32324,34094,17984,21999,701951.00,-514502.00,9490589.00,27964094.00,111149.4333,70835.9333,99870.7143,55622.2857,14743763.00,15960216.00,849649,867178,37543.6667,76128.3333
2025-07-08,106486,44577,46405,44336,17749,19950,-323004.00,-1293676.00,12280571.00,39211805.00,108556.8667,70360.3333,133542.4286,79685.8571,21868508.00,22889480.00,838864,853128,44817,76400
2025-07-07,61332,40264,23265,29205,18925,14989,-537435.00,4501127.00,15158150.00,20564340.00,108041.3333,70373.3667,168710.1429,104451.5714,18347281.00,13308719.00,825797,839175,47906.6667,86164
2025-07-03,60567,27790,25556,29027,10333,13793,-1072418.00,-3092338.00,9307997.00,20072386.00,106998.6667,70610.4333,182752.8571,115559.1429,12514547.00,14527123.00,860383,929686,57609.3333,92677.6667
2025-07-02,107301,66397,49777,44955,23423,36749,1604023.00,-11226086.00,26249728.00,36319168.00,104952.2,69696.5,179765.7143,114971.7143,20988241.00,33818350.00,845562,915880,70109.3333,121136.3333
2025-07-01,90624,49533,36763,43963,23385,22115,-1194401.00,846280.00,14612511.00,29188374.00,105017.4333,70304.4,182088.2857,117619,21437172.00,19396491.00,838827,906228,124605.6667,204991
2025-06-30,80108,56898,32168,38892,25467,26547,-3746912.00,3510989.00,15004293.00,31368907.00,104365.7333,70924.1667,182639.4286,118553.4286,24818511.00,17561663.00,826406,890541,176847.6667,280790.3333
2025-06-27,192677,103897,83423,92819,48070,44542,-6263044.00,5044698.00,22969545.00,65301026.00,101086.4,69457.9333,175146.2857,114152.4286,46579251.00,34431509.00,967415,1010273,177396.3333,269520
2025-06-26,342188,213022,136476,173581,91256,97476,-11608323.00,-3437700.00,55601581.00,102770802.00,95545.4333,65048.8333,143631,91877.2857,76135244.00,67964621.00,947980,948578,127150.6667,184254.3333
2025-06-25,307506,213624,102261,109630,92755,96469,2213206.0000,-1543532.00,55894328.00,175497878.0000,90104.6333,61657.7,110076.8571,71516.2857,74780131.0000,78536869.00,845744,816794,78630.6667,117379.6667
2025-06-24,158866,105543,63828,62554,44759,47450,-3234693.00,-2408974.00,41318316.00,105480839.00,87346.3667,59230.7,95132.1429,64629.4286,62692856.00,61867137.00,811537,775099,64596,92413
2025-06-23,86391,62285,31661,39483,27731,26298,-2063701.00,-245576.00,25029592.00,45652362.00,87616.4,58783.6333,99050.1429,66384.7143,31785603.00,29967478.00,793455,744609,68197.6667,110357.6667
2025-06-20,106882,68064,49320,45504,31753,27007,5713617.00,2529063.00,21606155.00,72465378.00,86601.9667,57975.7,98955.8571,64475,40367119.00,43551673.00,1026525,985531,64541.6667,115257.3333
2025-06-18,83966,63439,36528,35015,32674,22921,3456859.00,622614.00,19650699.00,49450467.00,85221.6333,56871.2333,101487.7143,62396.1429,28910805.00,31745050.00,1018514,972820,67094.3333,111477.6667
2025-06-17,140225,73090,64893,59863,32391,33764,1546736.00,-336632.00,26513912.00,85560239.00,81863.1667,55361.1333,98628.5714,62474,50274287.00,52347655.00,999942,958541,61842.6667,82820.3333
2025-06-16,121581,57096,60179,49174,23053,25504,10600738.00,-4154453.00,21459822.00,70194382.00,81594.1667,55507.4667,103356.4286,66157.8571,33551177.00,48306368.00,982966,941217,67668,80232.3333
2025-06-13,72627,71097,31526,33211,31074,33202,-711278.00,694572.00,14272190.00,34762270.00,81722.7667,54327.9333,102062.7143,64860.8571,23136681.00,21730831.00,1008610,971389,62201,91430.6667
2025-06-12,54253,57335,21594,27138,25280,26654,-738879.00,-664317.00,18719822.00,31347037.00,81549.5333,53535.5,107564.4286,64171.8571,22227945.00,22153383.00,988370,959546,59385,107242.6667
2025-06-11,113817,74572,51880,47678,32447,32274,1681789.00,-850648.00,24404263.00,84047889.00,79572,52279.9,101269.7143,59120,45125999.00,47658436.00,974234,938752,59072.6667,109374
2025-06-10,106222,54696,49206,44235,21913,25798,1709375.00,-1216399.00,16093821.00,65718401.00,77758.5667,52719.4667,95354,59496.5714,34132853.00,37387627.00,954557,925017,68468.3333,125525.3333
2025-06-09,101689,48887,42593,47581,21164,20067,-112301.00,3340575.00,19180365.00,54975460.00,80423.5333,53652.3333,89355.8571,58701.5714,33765627.00,30312751.00,941038,900952,72845.3333,112819.3333
2025-06-06,120211,73635,55853,50943,33369,32301,5880027.00,236465.00,23432187.00,71574225.00,81804.8333,53249.2667,77482.1429,54914.5714,39507685.00,45151247.00,974045,919155,65804.3333,103670.6667
2025-06-05,154676,82883,69159,60812,36766,35907,5128488.00,1522650.00,29061531.00,88801682.00,81131.6667,52825.6667,70940.4286,49848.2857,47676824.00,51282662.00,947661,896266,51246.3333,75363.3333
2025-06-04,63571,62018,28951,28539,19674,45461,2521801.00,88726.00,16147490.00,31873641.00,82567.7,52253.7667,71531,50633.7143,20159536.00,22162636.00,920702,883702,49684.3333,75777
2025-06-03,92765,52512,43099,33095,19522,23281,4240905.00,134809.00,18807686.00,42416744.00,81837.8,52879.5,62380.1429,47461.8571,23233566.00,27333833.00,906072,869144,46621,64756
2025-06-02,69754,39209,36334,25070,13115,20549,2256183.00,-1332544.00,13356929.00,24233905.00,83920.8,53861.5,58967.5714,47668.4286,14561290.00,18150017.00,890737,851060,49260,53869.6667
2025-05-30,64812,57332,21428,36616,26041,25337,-1403714.00,-1115022.00,18103228.00,20986249.00,85984.8667,57362.7,53892.5714,44464.1429,16368375.00,16079683.00,950981,894097,45955.6667,68560.3333
2025-05-29,59702,43322,21167,31827,18405,17757,-2774067.00,848291.00,22402172.00,16953634.00,87775.5,58008.3,51921.8571,43843.7143,14541608.00,10919250.00,933002,886918,54020.3333,71228
2025-05-28,37095,47126,16320,16922,23247,20732,15996.00,1995379.00,15168443.00,11140201.00,91388.3667,61756.7333,59848.4286,46792.8571,12326151.00,10346768.00,924974,884774,48414.6667,68432.6667
2025-05-27,108884,47419,34263,54829,15996,27271,-581524.00,-680137.00,13087500.00,28979145.00,91591.0667,64055.6667,52944.5714,50803.1429,16215929.00,18412761.00,912653,855224,46160,47426.6667
2025-05-23,67705,67516,30308,31750,21436,28102,1398494.00,-1454781.00,23772386.00,27479885.00,94712.9,65625.8333,56743.4286,49716.5714,20074568.00,22916693.00,932734,880845,35288.6667,34620.6667
2025-05-22,28709,30309,12698,12801,16749,9349,29268.00,2427731.00,9481785.00,10748986.00,100847.0333,69332.0333,77779.1429,56922.2857,9286222.00,7455209.00,923224,877018,38178.6667,40353.3333
2025-05-21,45866,40655,21084,20299,17072,18229,3347026.00,322429.00,13682791.00,25466657.00,104136.6333,71534.6333,91838.5714,67098.7143,15791525.00,19246122.00,911697,875087,47217,55925
2025-05-20,29287,34902,12135,13106,15076,15569,-307375.00,1233740.00,11684035.00,13993608.00,109028.4667,73668.9,98528.7143,66788.8571,12132272.00,10591157.00,897601,867911,60746.6667,66348.3333
2025-05-19,45907,38979,18385,22662,15394,17553,-2121117.00,436014.00,13272644.00,22046122.00,115994.9333,81601.7333,105469.4286,68202.2857,17505032.00,14947901.00,887077,856112,67723.6667,82478.3333
2025-05-16,92581,67770,39891,40911,25349,29730,2833412.00,-520803.00,14257093.00,49694135.00,121352.2667,89285.3,103164.8571,64781.7143,25902449.00,29256664.00,1003054,1056158,72050,110271
2025-05-15,60557,75491,29980,22283,32581,30456,-727330.00,3191176.00,21974407.00,26017725.00,121374.3333,88191.0667,100593.2857,58326.5714,20065916.00,16147410.00,993075,1046948,84183,138179.3333
2025-05-14,94297,59910,40443,41124,26601,26423,-1341012.00,2439824.00,22039234.00,42864025.00,121157.4,87333.2,92761,53737.5714,28462874.00,24682038.00,988904,1063363,75124,132119.6667
2025-05-13,175959,80749,82056,71030,42601,28772,4219904.00,4713028.00,22049766.00,106423659.00,119588.0667,87116.7,83839.8571,50985.7143,57339619.00,56846495.00,963473,1042876,64498.6667,104964
2025-05-12,144282,111890,67956,61144,54112,47171,4719217.00,591282.00,24977876.00,91576022.00,117942.7333,85737.2,74154.5714,40103,51417356.00,55545291.00,934482,1036496,41810.6667,82353
2025-05-09,76118,32733,32373,27395,11238,18987,3683510.00,-498101.00,9194358.00,32028804.00,118168.0333,86463.5333,70288.5714,40221.4286,12690146.00,16871757.00,968180,1061831,41001.3333,71165.6667
2025-05-08,94492,48873,47850,35945,17180,24830,7380787.00,-1545707.00,22120419.00,41593824.00,119539.7667,86893,64574.1429,38511.5714,20318813.00,29245307.00,956066,1052834,33972.6667,52825.3333
2025-05-07,76449,43826,35087,30136,18203,18303,-493433.00,-753888.00,16833121.00,21581730.00,121508.6333,87446.7,61055.5714,41948.2857,14901077.00,15161532.00,949391,1047343,39859.3333,65179.3333
2025-05-06,42556,30305,17262,15405,13537,14355,483059.00,143665.00,9094985.00,13491634.00,125525.9667,88443.5333,80924.4286,48600.8571,8479758.00,8819152.00,941824,1046746,41661.3333,76489
2025-05-05,39471,27787,16701,16579,9371,13800,-828857.00,-1457202.00,13111866.00,12959657.00,136870.0667,96913.8,98378.5714,53423.1429,9803625.00,10431970.00,933429,1034820,43586.3333,79684
2025-05-02,113511,61486,52648,48326,29124,22675,3640122.00,2479335.00,16943743.00,32360190.00,156813.7333,101072.6,101374.2857,54664.4286,20127677.00,21288464.00,986329,1105220,35392.3333,60010.6667
2025-05-01,76485,35711,30301,34298,12895,13955,1158227.00,-456970.00,31409005.00,30270750.00,156787.7,101425.5667,105683.8571,55971.5714,18322736.00,19937933.00,979771,1089455,46116.3333,51788.6667
2025-04-30,49056,33562,21255,19176,12738,12555,1166336.00,406657.00,12978049.00,13159736.00,160781,101570.4667,108799.8571,61360.4286,9785009.00,10544688.00,968952,1080256,60553.3333,95982.6667
2025-04-29,54491,36904,22144,26453,17945,15262,183132.00,-117359.00,13604926.00,17625694.00,162579.3333,102036.8,119907.4286,65898.2857,12618074.00,13684565.00,954108,1072924,68766.3333,131702.3333
2025-04-28,51819,67883,22540,22005,27961,32750,2565007.00,-1857238.00,21899371.00,20017549.00,165380.3667,102343.0667,130609.5714,79396.1429,15095198.00,19517443.00,925414,1068358,69530.3333,159256.3333
2025-04-25,181638,76873,92979,68909,30982,39369,7107146.00,-1844787.00,28697406.00,57690405.00,162052.4667,101838.5667,120864.2857,77370,34218341.00,43762274.00,1004307,1140159,58859.6667,134261
2025-04-24,161650,61543,77863,66303,19949,29807,2857680.00,-828218.00,35069284.00,54093331.00,161029.1667,102512.9667,118554.4286,91375.1429,29527027.00,33237925.00,1003855,1125137,62106.6667,104000.3333
2025-04-23,134481,70175,53519,67995,24532,35757,-2495542.00,-3594364.00,29005125.00,40661918.00,159519.2333,101795.7333,115766.4286,97976.8571,27731566.00,28545588.00,969450,1071632,61604.6667,103254.6667
2025-04-22,106652,44861,54982,36304,18782,21580,3941665.00,-1628169.00,38252531.00,28179596.00,162315.7333,103587.9333,123581.8571,107942.5714,23999453.00,29569287.00,957809,1038622,100773.6667,109948.6667
2025-04-21,70868,71284,22323,38974,26905,31829,-1204757.00,3538963.00,57102520.00,18456977.00,163240.1,103196.0667,143848.2857,117972.7143,33962708.00,29606578.00,934806,1007915,97909,124133
2025-04-17,132244,68669,57051,60461,27935,32299,3145336.00,-221829.00,32254973.00,19948971.00,161593.4667,102130.2333,145606.8571,123410.4286,19859477.00,23226642.00,1004451,1366329,128212.3333,128545.3333
2025-04-16,126734,162368,46046,57267,70329,49574,-1869301.00,6522944.00,246107356.00,23676176.00,159695.1333,98448.6333,152650.8571,114347.8571,106809970.00,42707425.00,1014859,1347800,112885.3333,124622.3333
2025-04-15,113421,62690,51438,47040,24867,22941,-246483.00,2388242.00,35244057.00,25488214.00,164853.1333,99478,172862.2857,144958.4286,24959598.00,21983123.00,1005350,1334433,130195.6667,140602
2025-04-14,145481,159579,64498,61196,50106,95016,3288962.00,-18131747.00,88547010.00,38774687.00,162306.8667,96460.1333,188265.1429,164772.4286,39369346.00,72331843.00,926059,1295458,124167.6667,163019.3333
2025-04-11,114965,116387,50720,49952,45468,59066,-2047149.00,-3212486.00,138178909.00,27082611.00,161027.4333,94491.2333,180587.1429,154240.5714,72474611.00,73214748.00,971068,1347425,120949.6667,172882.3333
2025-04-10,161360,114621,62938,83327,47496,54428,-7825600.00,-4636637.00,80416242.00,42015028.00,159135.1,93476.2667,170077,142748.1429,47714551.00,44525588.00,952980,1307631,115719.3333,177776.3333
2025-04-09,212733,141495,114230,86061,60437,68123,6188232.00,926081.00,100796764.00,65478202.00,157217.6,91297.9,158097.8571,133142.2857,74828805.00,80090956.00,929168,1274305,160875.6667,191832.3333
2025-04-08,144554,106733,59184,68993,45357,43475,-2218468.00,-3440291.00,71406910.00,47433282.00,155254.366666666667,89647.600000000000,151007.571428571429,127966.857142857143,50173484.00,51395307.00,896600,1239368,224723.666666666667,228081.333333333333
2025-04-07,176042,98930,77532,80573,44392,44082,1175153.00,2150246.00,94080719.00,61342158.00,152224.033333333333,88347.933333333333,137698.285714285714,121623.000000000000,70586190.00,69331097.00,869530,1188310,205968.333333333333,189807.000000000000
2025-04-04,254901,276964,100322,132823,136969,119982,-14144257.00,10660548.00,243626400.00,81335153.00,147411.666666666667,81911.733333333333,120661.571428571429,90879.142857142857,161849913.00,132293339.00,870393,1194866,125038.333333333333,134103.000000000000
2025-04-03,253301,298277,98307,127774,123933,110331,-1323006.00,9309857.00,331825493.00,65511650.00,141142.500000000000,73221.600000000000,103835.000000000000,56902.000000000000,127550896.00,110452233.00,858457,1102725,50364.000000000000,92629.000000000000
2025-04-02,61219,42664,26871,26191,17330,21483,-601443.00,2466675.00,17007082.00,15718438.00,142737.300000000000,74118.166666666667,118386.000000000000,59408.571428571429,16050517.00,12982399.00,841062,1089758,59644.333333333333,103863.333333333333
2025-04-01,87789,34174,39333,34722,15005,13601,-2009066.00,1322582.00,13471994.00,25844034.00,147927.500000000000,76459.166666666667,160101.000000000000,94797.285714285714,17771504.00,14439856.00,831681,1068274,66427.333333333333,102226.000000000000
2025-03-31,128879,74254,53297,61287,32289,33714,-4639112.00,85065.00,41280393.00,32919046.00,150102.566666666667,77072.766666666667,243378.428571428571,110796.714285714286,33968113.00,28663936.00,824039,1014884,62261.666666666667,104481.000000000000
2025-03-28,94922,70505,36934,45541,32126,26735,-844947.00,1492936.00,29871728.00,28554560.00,149775.400000000000,76491.400000000000,240633.000000000000,107338.857142857143,24060241.00,21722358.00,853386,1086454,58905.666666666667,118012.000000000000
2025-03-27,82877,54523,32675,34991,23617,24874,-4552897.00,-645904.00,19166451.00,23041114.00,150032.166666666667,77004.533333333333,252915.571428571429,104965.428571428571,19470026.00,15563033.00,848258,1066051,60801.333333333333,144745.000000000000
2025-03-26,135644,61757,51332,64508,27492,26158,-945043.00,1261766.00,20508132.00,33851909.00,147624.233333333333,76418.800000000000,249029.428571428571,103413.571428571429,24648506.00,22441697.00,833873,1032279,134180.666666666667,226128.333333333333
2025-03-25,135515,60437,55977,64126,28821,23387,-2026875.00,4162988.00,22690852.00,31681251.00,145488.800000000000,75905.500000000000,249077.285714285714,105789.857142857143,27078582.00,20888719.00,814999,1000085,176118.333333333333,418230.333333333333
2025-03-24,163076,60210,76038,69939,19661,30081,2223462.5000,-2472921.00,21120879.00,44447158.5000,143561.566666666667,76406.300000000000,237466.571428571429,106008.142857142857,26628436.00,31324819.5000,794491,974300,171481.666666666667,389106.333333333333
2025-03-21,379794,281895,165489,177312,125745,122369,-6118116.00,6096655.00,74336116.00,76000984.00,134623.966666666667,69020.766666666667,201917.571428571429,77419.571428571429,72957311.00,60742540.00,946393,1330174,90153.000000000000,318793.333333333333
2025-03-20,711821,186250,440914,175456,76014,79614,11485486.00,-1712692.00,48570477.00,104977555.00000000,113599.300000000000,64290.433333333333,112969.285714285714,57763.571428571429,56571023.00,79195993.00000000,878573,1197873,45034.333333333333,117666.666666666667
2025-03-19,75704,46300,31207,32811,18329,19799,2624467.00,1133664.00,14060606.00,35269763.00,113726.533333333333,63942.133333333333,129375.428571428571,65238.857142857143,20810791.00,22301594.00,863652,1178707,55291.333333333333,137715.333333333333
2025-03-18,168855,37909,41867,80511,20249,13278,-623026.00,3398404.00,17756320.00,48764537.00,110382.233333333333,64656.433333333333,119338.857142857143,68327.285714285714,29307268.00,28531638.00,851584,1080241,63234.333333333333,108697.333333333333
2025-03-17,108441,50894,52651,43454,23404,19962,9117245.00,2837518.00,18108031.00,51703376.00,111315.566666666667,65599.233333333333,115682.285714285714,66298.714285714286,27789850.00,34069577.00,837754,1061376,73528.000000000000,116200.666666666667
2025-03-14,135850,77071,62130,60074,32547,33606,4818537.00,-909051.00,24113299.00,46542512.00,112288.766666666667,65664.633333333333,106244.285714285714,62705.714285714286,28953931.00,34681519.00,864372,1102199,64057.000000000000,100645.000000000000
2025-03-13,81801,61738,36003,34756,25642,26365,320742.00,3574839.00,30305612.00,31800879.00,113503.133333333333,65675.466666666667,132867.142857142857,67253.285714285714,26599465.00,23345368.00,847763,1088640,76353.333333333333,136893.666666666667
2025-03-12,130951,81775,62823,53828,35776,37438,3872388.00,3404617.00,44104243.00,48118677.00,115454.600000000000,65544.433333333333,124030.285714285714,65434.428571428571,41602032.00,42069803.00,826146,1075805,68937.666666666667,126109.666666666667
2025-03-11,89183,48658,38244,40198,24785,17892,-1495541.00,9489127.00,47609069.00,30173095.00,120773.233333333333,70961.000000000000,122230.142857142857,66671.857142857143,40375743.00,29391075.00,817361,1071096,64949.666666666667,123997.000000000000
2025-03-10,190547,98627,82985,93339,40081,47121,3833335.00,4081564.00,55473908.00,56039883.00,117621.633333333333,70175.800000000000,109950.571428571429,64606.857142857143,48595864.00,49306095.00,765631,962965,49380.666666666667,83742.666666666667
2025-03-07,98599,59528,46808,42809,24247,26057,1164090.00,2620326.00,37740692.00,24395628.00,118707.900000000000,71415.033333333333,118037.571428571429,66980.571428571429,25027775.00,23571539.00,814168,1009161,60728.333333333333,140263.333333333333
2025-03-06,82845,36694,36763,37190,19549,12626,-1993351.00,4598284.00,22185918.00,21743802.00,121723.600000000000,72361.300000000000,118439.285714285714,69913.428571428571,22249832.00,15658197.00,810640,989721,71511.333333333333,135679.333333333333
2025-03-05,69784,51920,32928,26737,22469,23460,2235836.00,-1090145.00,17880564.00,19713293.00,124881.133333333333,73567.433333333333,120631.857142857143,71059.142857142857,13965776.00,17291757.00,797285,982160,73311.333333333333,137945.333333333333
2025-03-04,268161,93571,91897,125800,28609,54632,2421655.00000000,-11192957.00,73410217.00,40871394.00000000,120025.400000000000,73393.466666666667,98113.142857142857,69674.428571428571,42143725.00000000,59438337.00,799190,805371,70178.333333333333,83421.666666666667
2025-03-03,69093,69043,28435,33253,40991,22571,502969.00,3009426.00,22250447.00,22571480.00,121382.100000000000,73647.266666666667,97560.714285714286,65178.714285714286,21624868.00,19118411.00,770324,787269,72545.333333333333,112126.666666666667
2025-02-28,76582,57320,35767,33212,24584,26259,1855281.00,-2213032.00,23562783.00,24929336.00,125948.800000000000,74855.766666666667,102200.857142857143,66927.428571428571,19653542.00,23721855.00,813244,859309,72513.333333333333,115151.666666666667
2025-02-27,104590,84172,42462,52677,36925,39530,-2390700.00,-1165504.00,24177917.00,34819647.00,125407.966666666667,73574.233333333333,122044.428571428571,69817.714285714286,26555547.00,25330351.00,791470,845959,64436.000000000000,108665.666666666667
2025-02-26,155208,76144,70801,58549,30100,36134,2885435.00,-1216592.00,26954868.00,43715909.00,124498.366666666667,73517.766666666667,127604.857142857143,72177.428571428571,28407365.00,33099892.00,767781,817153,67014.000000000000,93773.000000000000
2025-02-25,85657,57224,34408,32135,27205,20226,178573.00,1206042.00,23187352.00,25594772.00,126687.266666666667,74007.700000000000,127526.285714285714,71583.142857142857,19719307.00,18691838.00,748492,786227,60463.666666666667,86962.666666666667
2025-02-24,85132,59940,31782,44006,21358,32132,-3372951.00,-2832620.00,25590603.00,26431215.00,129489.100000000000,75837.066666666667,128304.571428571429,73008.428571428571,23440496.00,22900165.00,722749,758257,63670.666666666667,94939.666666666667
2025-02-21,110530,83878,46838,50284,41193,32183,-3835538.00,-750592.00,20566757.00,39161817.00,141734.000000000000,79719.066666666667,121572.571428571429,67338.000000000000,28140278.00,25055332.00,839598,917651,70512.666666666667,139261.333333333333
2025-02-20,65226,37573,27708,30201,16087,17891,-844486.00,1672606.00,9335523.00,20744010.00,152287.633333333333,84326.366666666667,122462.000000000000,68404.428571428571,14527297.00,12010205.00,833811,915570,88875.666666666667,182229.666666666667
2025-02-19,109063,69561,43057,50752,29683,32969,-3818977.00,-857266.00,18142159.00,42257842.00,153037.933333333333,84313.933333333333,121918.571428571429,69214.857142857143,26827156.00,23865445.00,812624,899034,83376.666666666667,174244.333333333333
2025-02-18,243495,104404,117749,90456,45099,48214,11144975.00,-1300481.00,23214755.00,97856490.00,148789.933333333333,84041.066666666667,103085.857142857143,62918.428571428571,46759997.00,59205453.00,777557,874507,71881.000000000000,123272.666666666667
2025-02-14,194131,92662,94968,79306,35866,48686,3166364.00,-442418.00,18919357.00,48558900.00,145875.000000000000,82302.400000000000,86935.857142857143,56015.285714285714,27859527.00,31468309.00,823586,926771,55722.000000000000,79697.666666666667
2025-02-13,85107,53064,45381,31007,19149,27673,5976086.00,-4166487.00,18512703.00,35720818.00,147390.000000000000,83871.100000000000,86137.857142857143,53556.285714285714,15218491.00,35122264.00,816386,917458,53046.666666666667,75146.000000000000
2025-02-12,90580,69917,41698,37539,26107,37418,-309457.00,617136.00,24148150.00,27875404.00,147787.000000000000,83501.933333333333,82987.285714285714,52045.000000000000,21502380.00,20575787.00,797934,891696,54819.000000000000,80039.000000000000
2025-02-11,63406,44185,27795,29272,23256,17239,448989.00,-516677.00,9734621.00,14375446.00,149929.933333333333,83999.066666666667,93420.857142857143,57044.000000000000,10490814.00,11456480.00,778545,881623,60200.333333333333,96125.666666666667
2025-02-10,71452,45038,35473,28003,17676,22279,4109676.00,-2420004.00,13555442.00,22487308.00,150297.066666666667,83443.100000000000,106791.428571428571,61900.428571428571,12906391.00,19436071.00,775092,868814,59967.666666666667,99335.333333333333
2025-02-07,105259,75234,41921,49602,35544,31055,-4806745.00,3772362.00,40492948.00,26144273.00,152809.366666666667,83465.900000000000,108644.714285714286,60018.857142857143,33163837.00,24584730.00,818972,916058,46840.000000000000,90756.000000000000
2025-02-06,111666,60329,46471,49186,22167,32066,-811876.00,-3243290.00,17952136.00,38198545.00,158954.566666666667,88141.800000000000,119763.142857142857,62521.000000000000,22438330.00,24869744.00,810388,909720,46509.666666666667,76376.000000000000
2025-02-05,81081,44340,38981,33457,18807,18724,1512087.00,2134985.00,22080500.00,23514800.00,174301.366666666667,103407.466666666667,143714.714285714286,86351.714285714286,20130032.00,19507134.00,795722,896221,58122.333333333333,94829.333333333333
2025-02-04,79521,35851,38108,32472,9131,19046,-200559.00,-2711994.00,12791797.00,17301720.00,187322.700000000000,109026.933333333333,146068.714285714286,91954.571428571429,11845921.00,14357356.00,783323,880171,72516.333333333333,123337.666666666667
2025-02-03,68526,59338,29509,32437,31049,23810,315461.00,-1459558.00,18926338.00,19793077.00,193605.733333333333,109699.600000000000,155020.285714285714,97292.714285714286,16835072.00,18610091.00,757625,860989,73424.666666666667,139906.333333333333
2025-01-31,136441,79178,56454,65376,32399,36996,-4475042.00,-2670179.00,18932011.00,33680484.00,202692.233333333333,110706.600000000000,160288.142857142857,95279.000000000000,24276801.00,22471938.00,827224,934154,72980.000000000000,157591.000000000000
2025-01-30,165046,79033,78161,72650,40194,28348,5460123.00,746337.00,21912176.00,49496718.00,203459.733333333333,110260.533333333333,160211.571428571429,96574.857142857143,30244238.00,34958024.00,820033,915033,117020.666666666667,185489.666666666667
2025-01-29,118232,62063,54690,50537,25281,29412,672945.00,883426.00,23063491.00,31635329.00,203185.700000000000,109995.400000000000,160819.714285714286,100330.428571428571,23984380.00,23773899.00,796428,882293,121356.666666666667,178078.666666666667
2025-01-28,189495,77844,65856,70561,34750,33474,-3357595.00,144686.00,36233225.00,65027624.00,200789.133333333333,109093.433333333333,149433.857142857143,100160.857142857143,39092502.00,35590221.00,774015,796509,127643.666666666667,158642.666666666667
2025-01-27,248742,211155,96170,129250,84507,99953,-168213.00,-8399478.00,84325650.00,72379789.00,197739.666666666667,103730.966666666667,144411.142857142857,83363.714285714286,63233204.00,71598279.00,707508,729531,78952.666666666667,133500.666666666667
2025-01-24,95999,75071,39737,45039,34393,32584,-1697678.00,-1092527.00,13508046.00,25236541.00,197666.700000000000,102449.866666666667,143320.571428571429,79171.571428571429,17130868.00,16525717.00,737735,805538,83297.000000000000,156337.666666666667
2025-01-23,131187,96705,50507,63400,47195,39617,-741503.00,2064055.00,29699166.00,35791330.00,196302.166666666667,100840.400000000000,142853.857142857143,75992.285714285714,30329679.00,27524121.00,727006,786169,80512.666666666667,153438.333333333333
2025-01-22,173316,65082,73551,70518,27982,27421,1293312.00,1050150.00,16251998.00,68960815.00,193519.666666666667,99961.266666666667,139712.142857142857,76969.428571428571,30218095.00,30461257.00,704076,765555,84371.000000000000,132264.333333333333
2025-01-21,164510,88104,73025,64000,34707,43001,3023012.00,-544489.00,18683778.00,76179804.00,190794.600000000000,98284.666666666667,140380.285714285714,80786.142857142857,38039394.00,41606895.00,671481,737526,86194.666666666667,148622.000000000000
2025-01-17,122489,88352,57926,50538,39359,36948,2529387.00,-2200322.00,18375701.00,42333272.00,191003.900000000000,96893.966666666667,191150.000000000000,96784.142857142857,24098871.00,28828580.00,919468,1046742,71986.000000000000,137247.333333333333
2025-01-16,109794,76657,39688,58371,29538,36368,-3575381.00,-9983325.00,33205017.00,32661865.00,190046.100000000000,95427.600000000000,230013.000000000000,110946.285714285714,25695697.00,34327661.00,912084,1043736,71250.333333333333,143289.333333333333
2025-01-15,213583,93575,103911,81794,38597,42355,8096661.00,-1896093.00,23311120.00,74210404.00,186244.066666666667,93699.233333333333,218297.142857142857,107462.428571428571,38027027.00,48239781.00,888133,1018523,64032.666666666667,122536.333333333333
2025-01-14,88365,45726,38398,40049,17858,21508,1648917.00,-2564493.00,19420370.00,23348940.00,187703.533333333333,94346.300000000000,222252.857142857143,114675.571428571429,15692908.00,19906318.00,871422,1002921,87064.333333333333,149477.000000000000
2025-01-13,127920,74450,46607,64029,27787,36052,-2057431.00,-1811156.00,23918517.00,32413054.00,187333.666666666667,93569.900000000000,219219.000000000000,109825.857142857143,23204822.00,22958547.00,852537,986759,129027.000000000000,266129.333333333333
2025-01-10,151324,71922,64241,72955,32228,32453,-1010482.00,-480423.00,16149986.00,30455404.00,185585.466666666667,92637.533333333333,216252.285714285714,113854.857142857143,21516791.00,20986732.00,896434,1085436,163650.333333333333,342966.333333333333
2025-01-08,169187,114821,65735,84057,49311,51785,-3808971.00,-1501497.00,23997336.00,44191293.00,182605.900000000000,90502.533333333333,206724.142857142857,105857.857142857143,30555025.00,28247551.00,878177,1060337,148439.333333333333,330428.000000000000
2025-01-07,477877,200338,212263,215554,91242,86949,5737445.00,-382309.00,46711837.00,168729287.00,171519.766666666667,85324.333333333333,156698.000000000000,85680.857142857143,93348876.00,99468630.00,854581,1001430,113732.666666666667,209820.666666666667
2025-01-06,381835,175792,173382,153067,73603,83155,8520540.00,-1242459.00,41246545.00,160544782.00,160620.866666666667,80832.800000000000,113931.000000000000,64619.000000000000,78913823.00,88676822.00,815506,943279,68636.000000000000,118103.333333333333
2025-01-03,131572,69188,59979,57632,28213,31523,-1061123.00,-4356844.00,35851911.00,29256381.00,157932.166666666667,79184.000000000000,120939.000000000000,65580.428571428571,23618624.00,27328295.00,828669,1032179,78948.333333333333,117765.000000000000
2025-01-02,116055,96218,58274,46235,28484,46478,-603745.00,-11319507.00,124022908.00,22129716.00,156342.700000000000,76931.000000000000,146648.571428571429,80493.000000000000,31230346.00,49608108.00,810227,1022003,66489.666666666667,113243.333333333333
2024-12-31,106683,40502,40273,55739,17922,17755,-2568636.00,-442197.00,24920135.00,22084995.00,157340.766666666667,77979.466666666667,208763.142857142857,146465.571428571429,21906062.00,19779623.00,806572,995786,72688.666666666667,120247.000000000000
2024-12-30,130557,100125,48711,59478,44953,28803,-2160482.00,11610320.00,143411244.00,29859603.00,155932.000000000000,76922.666666666667,257278.000000000000,161367.000000000000,58162830.00,35054988.00,826530,957717,48766.666666666667,104216.666666666667
2024-12-27,102490,58842,40875,49658,24424,27002,-2895266.00,-1102491.00,17701034.00,17959323.00,156447.633333333333,76723.700000000000,279353.285714285714,164320.714285714286,15943329.00,14150554.00,869500,1123648,54458.666666666667,130262.666666666667
2024-12-26,127694,59099,59139,51723,27106,24932,1599466.00,-1179410.00,25180573.00,31591766.00,155888.100000000000,77196.766666666667,319545.000000000000,171504.857142857143,23199798.00,25978674.00,849081,1097849,101627.666666666667,186372.000000000000
2024-12-24,82466,28359,31235,43998,12837,12476,-878352.00,-185236.00,8829326.00,13466523.00,155561.366666666667,77760.533333333333,334631.428571428571,176832.285714285714,10407509.00,9714393.00,842388,1071065,259611.333333333333,339378.333333333333
2024-12-23,180628,75918,75802,89025,29099,36299,-1568786.00,-1046215.00,49865022.00,33884442.00,152594.400000000000,76744.333333333333,324543.285714285714,173716.714285714286,36527477.00,37002406.00,817405,993050,302450.333333333333,435889.333333333333
2024-12-20,296022,200606,142681,125463,86800,82786,-606625.00,-1442456.00,80478145.00,51513672.00,145376.700000000000,71347.033333333333,299054.142857142857,152313.714285714286,53245669.00,54081500.00,924155,1356280,262087.666666666667,422887.666666666667
2024-12-19,541485,502310,241506,253866,234252,212456,-9572174.00,16080913.00,507973639.00,125638655.00,132979.200000000000,56643.866666666667,244164.571428571429,87738.142857142857,279063271.00,265276544.00,957134,1228736,131113.666666666667,378738.000000000000
2024-12-18,470161,204435,197889,215544,88391,90025,-11414241.00,-9199851.00,77694270.00,217231289.00,119066.633333333333,50897.100000000000,190400.142857142857,63767.142857142857,133169920.00,130955530.00,889989,1079716,84852.333333333333,284708.000000000000
2024-12-17,257017,79518,117583,114554,27563,34819,-7693925.00,-3003626.00,38120758.00,105385137.00,112573.066666666667,49296.733333333333,166576.428571428571,59324.714285714286,63399775.00,58709476.00,859846,1044432,76382.666666666667,235706.000000000000
2024-12-16,409036,109388,183966,180574,47953,45160,6030738.00,56466.00,46185723.00,213225976.00,100716.166666666667,47163.066666666667,120977.142857142857,49227.571428571429,116106617.00,116490489.00,840358,934035,56848.333333333333,138560.000000000000
2024-12-13,188071,65651,89566,77694,27292,29202,2720470.00,270961.00,19913934.00,60389360.00,97596.933333333333,46870.466666666667,105932.428571428571,45249.714285714286,34196055.00,36645564.00,867866,988442,51725.000000000000,128289.000000000000
2024-12-12,110011,54109,45153,51211,27563,19701,-825063.00,3661593.00,20484598.00,39310054.00,96434.166666666667,46258.966666666667,108612.000000000000,44181.428571428571,29638451.00,24801960.00,858277,960070,45901.333333333333,122888.666666666667
2024-12-11,117598,50785,56530,49749,20629,24899,4029766.00,-2068836.00,25167268.00,57450625.00,94296.466666666667,45088.200000000000,103392.285714285714,41593.000000000000,34108765.00,41757962.00,836020,945950,45113.333333333333,113773.000000000000
2024-12-10,157258,50281,65732,73579,20827,20447,-242490.00,28132.00,18885759.00,60085290.00,90523.033333333333,44370.700000000000,95144.285714285714,40370.571428571429,34222633.00,33952011.00,817882,886982,41255.666666666667,91300.666666666667
2024-12-09,93810,36638,38639,36820,12711,19391,1268908.00,-2158373.00,15216769.00,30445927.00,90043.566666666667,44481.900000000000,100621.285714285714,44442.000000000000,16176316.00,19603597.00,803566,864351,41645.000000000000,87616.666666666667
2024-12-06,90251,48421,37479,41833,21077,22626,-679886.00,-256541.00,8367752.00,19423061.00,88836.166666666667,43807.566666666667,104417.428571428571,44833.000000000000,12540125.00,12116780.00,827936,907019,41048.333333333333,100455.666666666667
2024-12-05,89841,38708,35649,36781,16375,16487,31830,-93719,8766705,20837564,88584.200000000000,43976.500000000000,105708.428571428571,45582.000000000000,12275057,12400606,814750,900510,39034.333333333333,97528.666666666667
2024-12-04,82758,37806,38039,27546,13139,19348,2278561,-779206,9361226,24472594,88696.633333333333,43960.066666666667,105285.857142857143,47434.142857142857,12212141,15269908,807835,890428,40340.333333333333,103116.666666666667
2024-12-03,128768,46631,58829,54293,18733,22165,2286692,-1957336,16768738,34218652,87005.633333333333,43569.200000000000,107646.571428571429,47200.000000000000,20368339,24612367,796859,866463,46509.333333333333,104243.666666666667
2024-12-02,81060,32666,37860,33037,10984,16445,855477,-1500405,11976811,20396186,88459.133333333333,44297.500000000000,103904.857142857143,48397.142857142857,12500545,14856427,785467,844553,52673.333333333333,116165.000000000000
2024-11-29,99522,41724,52100,37014,18400,16685,3666783,2708476,17044883,17667944,91843.600000000000,45489.433333333333,96960.428571428571,45254.285714285714,14965009,15923316,797384,909128,53415.666666666667,115950.333333333333
2024-11-27,132149,65138,54465,55763,29834,26579,-1271976,569679,25365618,27049916,92640.666666666667,45497.566666666667,87849.285714285714,40038.571428571429,22611524,20769869,774174,887832,48626.666666666667,98500.666666666667
2024-11-26,116824,51158,56747,45411,17162,19029,2840007,1568211,20933865,24535283,93127.366666666667,45992.033333333333,90678.000000000000,43009.714285714286,15128884,16400680,754575,836765,46571.333333333333,107990.333333333333
2024-11-25,98878,43951,46123,41308,22782,17585,-40089,1504767,15368303,28647567,93571.166666666667,45619.266666666667,89166.000000000000,46505.428571428571,20294379,18749523,746285,820881,45603.000000000000,93320.333333333333
2024-11-22,79800,50771,36594,33969,24692,19162,281168,1378436,12377515,18794327,95968.600000000000,45687.000000000000,94617.285714285714,46805.714285714286,14544646,13447378,766967,866598,35254.000000000000,83690.666666666667
2024-11-21,145293,44992,75273,52984,14612,24815,3344789,-3048126,14032040,34149323,98744.000000000000,47269.400000000000,89705.142857142857,50848.428571428571,18257455,24650370,758971,839445,29799.333333333333,58050.000000000000
2024-11-20,54868,41046,26105,21911,17219,18940,591596,-1817078,13459204,12073863,100492.366666666667,47036.133333333333,92247.428571428571,51452.142857142857,10212016,12620690,742568,823162,40102.666666666667,85302.333333333333
2024-11-19,50911,19724,23864,20985,7307,10322,4804054,-226906,8285484,21826000,102246.400000000000,47524.666666666667,98062.857142857143,55124.714285714286,10714202,15745162,736749,806525,56335.000000000000,97763.333333333333
2024-11-18,68371,28628,27211,29474,7135,11072,-624943,-1694446,11386157,16703081,104815.933333333333,49100.866666666667,99651.428571428571,56561.714285714286,11013099,12082602,728276,774002,64416.666666666667,114292.666666666667
2024-11-15,136625,71956,45081,46610,29511,30503,-504041,-1775874,36001771,40180611,106952.966666666667,48820.033333333333,104356.428571428571,55027.285714285714,27603645,28875478,810044,926527,64861.666666666667,105720.333333333333
2024-11-14,88294,68421,37287,41852,36190,25605,-1020747,9213033,40711215,21034626,108928.300000000000,48130.600000000000,99283.571428571429,49828.857142857143,35540942,20749262,807563,911978,57145.333333333333,100510.333333333333
2024-11-13,117959,52873,53777,52803,21923,20082,-679205,3360240,38061523,42321889,110819.600000000000,48033.600000000000,91319.428571428571,46776.571428571429,38156073,33856958,794431,883983,54665.000000000000,91730.333333333333
2024-11-12,110908,73291,44123,52783,29375,34786,-1673200,2088256,22649174,30889662,113750.200000000000,48707.033333333333,83093.857142857143,42789.000000000000,24943592,21182136,767786,857467,43130.333333333333,81258.000000000000
2024-11-11,72664,45272,27832,34327,21820,17199,-1252949,1936713,13074700,21234821,119038.066666666667,50430.800000000000,86212.428571428571,44446.285714285714,16865297,13675635,751639,834775,48444.666666666667,113556.666666666667
2024-11-08,91619,45432,30290,44672,24835,15403,-1482247,537752,9516542,24705000,127245.233333333333,54056.066666666667,83856.571428571429,43065.142857142857,16069115,14049116,765334,875266,43978.000000000000,100611.666666666667
2024-11-07,79491,38687,35833,35549,14012,18776,1957381,-1204379,7684450,32460307,152438.066666666667,64630.100000000000,80138.857142857143,39775.857142857143,16114588,19276348,757632,861890,41584.666666666667,94851.333333333333
2024-11-06,169560,61215,82450,48076,27491,27575,10981123,-67565,13673177,64555381,159919.566666666667,68444.666666666667,62209.571428571429,35138.857142857143,23715075,38476263,748062,820267,36305.666666666667,56107.666666666667
2024-11-05,52784,32032,22508,21149,10663,12063,967997,-1101995,9551718,16370385,162414.166666666667,70091.433333333333,66015.571428571429,36273.428571428571,8892153,10962145,739429,808341,44586.000000000000,70011.000000000000
2024-11-04,62210,31507,28488,25672,10688,12550,-8827,157459,16202269,17972290,164895.133333333333,71431.400000000000,64846.857142857143,35799.714285714286,13227547,13061261,726567,790443,46005.000000000000,74317.000000000000
2024-11-01,53329,45378,23042,24300,15670,24678,-627506,-4077271,17622159,13551297,166440.233333333333,71571.600000000000,68983.000000000000,35570.857142857143,10440704,17008469,750551,835104,36099.666666666667,74363.000000000000
2024-10-31,94494,56873,38699,47171,24441,24206,893038,2522743,28835653,24289144,167813.533333333333,73176.266666666667,67788.285714285714,32776.571428571429,23835127,22205422,743833,821643,26727.333333333333,57550.000000000000
2024-10-30,75128,35764,26642,41904,13005,19051,-3303777,744712,9757040,19701932,167750.800000000000,73037.266666666667,68204.000000000000,32653.857142857143,15281804,11233315,735901,811888,28130.666666666667,58982.666666666667
2024-10-29,53467,15662,26515,21368,7594,6225,1679189,891126,5565573,14803077,168687.066666666667,73995.866666666667,78375.142857142857,38204.285714285714,8593422,9381485,731471,798520,32307.000000000000,59170.000000000000
2024-10-28,44055,28756,17206,22193,13123,10747,-1876070,1279247,8982444,13434003,171334.500000000000,75317.600000000000,100803.857142857143,45165.142857142857,10614088,7458771,718991,788638,37313.666666666667,71912.333333333333
2024-10-25,79426,39974,37079,33580,17985,17032,-482746,-205632,12020359,20176116,174390.000000000000,76459.300000000000,111751.714285714286,48794.857142857143,14698530,14421416,754408,847927,36426.666666666667,74147.333333333333
2024-10-24,54029,28191,22406,26272,10761,13025,-69506,-1497506,9214416,16101912,177733.800000000000,79483.200000000000,122808.285714285714,54195.000000000000,10298696,11726696,751301,842305,38664.666666666667,82150.333333333333
2024-10-23,82282,43776,36832,39007,23055,16164,972290,2972265,13777266,20829862,178550.966666666667,78999.533333333333,127081.142857142857,52622.428571428571,16809498,14809523,738476,826162,42244.333333333333,96278.000000000000
2024-10-22,86131,37313,48789,24876,11974,21538,1027455,1323638,11346978,19728639,177820.133333333333,79111.900000000000,136451.428571428571,54835.285714285714,13394603,13098420,723668,817493,55634.000000000000,134586.333333333333
2024-10-21,78038,34905,31036,36107,13529,14028,-3567209,-1516210,12041796,27354410,177505.800000000000,79258.000000000000,157953.857142857143,63058.000000000000,17772192,15721193,710064,795962,65793.000000000000,160594.000000000000
2024-10-18,124665,54515,55293,57903,23520,24694,2958937,-513588,12845844,37497859,175914.900000000000,79359.933333333333,155475.857142857143,60134.142857142857,20804521,24277046,858048,1049673,69618.666666666667,162847.333333333333
2024-10-17,201056,77482,89019,90087,32492,36571,751184,3014802,30837956,81457483,170746.466666666667,77935.466666666667,141543.857142857143,53976.714285714286,51959192,50241974,850701,1051986,54714.000000000000,133226.000000000000
2024-10-16,156061,65382,83132,57764,25335,32773,6358661,-1112111,12895731,49853342,168146.333333333333,76814.533333333333,140029.000000000000,55481.285714285714,24472832,31943604,837209,1034668,50521.000000000000,131780.000000000000
2024-10-15,131425,65992,56209,60090,28952,30870,1992070,-39170,15329641,39116621,167915.100000000000,76488.600000000000,149930.571428571429,55129.714285714286,23450986,25482226,813543,1022877,59345.000000000000,164156.666666666667
2024-10-14,112192,32768,53746,47101,13068,14674,3773392,-420763,9861099,36872900,167060.966666666667,76873.333333333333,154982.285714285714,57268.285714285714,18800151,22994306,808668,1003267,59771.666666666667,162532.333333333333
2024-10-11,151723,52803,69731,65729,19351,25263,2636279,-801315,9278218,38080577,165806.433333333333,77649.600000000000,158264.428571428571,56862.571428571429,18573257,22010851,857078,1077803,53630.666666666667,146468.666666666667
2024-10-10,228555,92464,112458,88330,31106,48367,6091376,1580459,26730903,57912684,162029.333333333333,76592.366666666667,154017.428571428571,57009.714285714286,32107656,35999573,852960,1070401,48114.000000000000,118769.333333333333
2024-10-09,107319,34048,46873,50235,11566,18490,171317,-2574730,10286934,24156162,160945.466666666667,76385.300000000000,171729.000000000000,66000.714285714286,14193856,16939903,842601,1050875,57941.666666666667,149908.333333333333
2024-10-08,103532,34380,45002,47152,13692,17106,-1761153,49183,13055406,27149090,160794.400000000000,76923.033333333333,205200.714285714286,83116.428571428571,18744865,16934529,838898,1037853,62394.333333333333,164582.333333333333
2024-10-07,145457,75914,64141,63616,35242,31888,1849661,540794,14929089,42423132,160803.633333333333,77168.666666666667,303746.285714285714,123115.571428571429,22646659,23955526,799891,1014031,53744.000000000000,174329.333333333333
2024-10-04,200736,63531,86679,95011,19547,36007,-1406122,-2527159,12758278,38471449,157881.133333333333,76468.533333333333,331356.142857142857,139132.857142857143,22099685,23220722,848437,1137135,63731.666666666667,173692.666666666667
2024-10-03,147554,47738,67439,63705,19979,22368,1634360,-707545,12116717,33650886,155528.300000000000,75887.033333333333,328508.714285714286,143946.714285714286,19091534,21433439,845628,1122739,80147.333333333333,201608.000000000000
2024-10-02,174698,49963,80005,78467,22164,20875,-5214773,233801,14790055,41074076,151687.233333333333,74943.333333333333,323071.714285714286,147052.857142857143,27540755,22092181,837336,1091565,114889.666666666667,255986.666666666667
2024-10-01,198826,93494,82844,94814,43878,38197,-2367302,1544412,27021307,48095171,148437.200000000000,73092.466666666667,308908.285714285714,140780.000000000000,34004275,30092561,808308,1060340,202361.000000000000,468136.666666666667
2024-09-30,231300,96985,97558,111299,41446,45449,-4692833,2347358,28147013,62203635,144928.933333333333,72017.700000000000,295250.142857142857,141926.857142857143,44213986,37173795,782905,1009152,228583.333333333333,522371.666666666667
2024-09-27,337834,154190,147202,157876,71814,62725,-1616069,5130644,30537973,82889514,140320.166666666667,69740.833333333333,257451.857142857143,124413.142857142857,52361489,45564616,893291,1145122,204331.666666666667,452301.000000000000
