date,call_volume,put_volume,call_volume_ask_side,call_volume_bid_side,put_volume_ask_side,put_volume_bid_side,net_call_premium,net_put_premium,call_premium,put_premium,avg_30_day_call_volume,avg_30_day_put_volume,avg_7_day_call_volume,avg_7_day_put_volume,bearish_premium,bullish_premium,put_open_interest,call_open_interest,avg_3_day_put_volume,avg_3_day_call_volume
2026-09-25,161253,77133,60696,73672,31102,36760,-3343697.00,630043.00,21706205.00,21176993.00,202621.4333,102490.6667,198106,126750.5714,18374702.00,14400962.00,2341689,2613122,105376,152423.3333
2026-09-24,138745,102080,57511,64954,39334,42996,-1699616.00,12946221.00,20723590.00,98097669.00,203237.7333,101730.6333,194861.2857,122897,46006674.00,27360157.00,2338239,2584115,104243.6667,185908.6667
2026-09-23,137713,96886,61674,60962,40930,41864,-700588.00,-1952011.00,24246139.00,38283030.00,205915.8667,101052.8,209960.2857,121362,26948697.00,28200120.00,2312621,2558730,153922.6667,277812.6667
2026-09-22,180812,117162,70141,88251,50623,51418,-1152575.00,404922.00,56880875.00,25689213.00,208448.0667,99934.4333,214245.7143,114803.2857,36930229.00,35372732.00,2283221,2499832,166595,270504.3333
2026-09-21,239201,98683,115548,97906,44257,41962,6724422.00,-154995.00,43634949.00,23501953.00,208573.0333,99800.4,200776.5714,117613.8571,26093595.00,32973012.00,2253447,2456286,157481,230090.3333
2026-09-18,413425,245923,179421,181777,108205,111023,-5423403.00,-223331.00,70202074.00,58435679.00,200642.9333,95586.9667,159270.8571,90218.8571,54748439.00,49548367.00,2469864,2895492,100541.6667,130959.3333
2026-09-17,158887,155179,63736,78586,78465,60159,-10084132.00,12692052.00,35780892.00,138394978.00,203103.6,92825.9333,165433.4286,81236.8571,93405355.00,53155721.00,2462598,2859300,77529,159132.3333
2026-09-16,117959,71341,47240,57656,32966,30684,-2812075.00,3436263.00,26668855.00,34225362.00,207506.3333,92764.1,197255.5714,94524.8571,29992874.00,23814656.00,2450284,2836684,77499,190082.6667
2026-09-15,116032,75105,46378,57096,31652,36632,-2559401.00,4153292.00,24282909.00,27721192.00,210588.4,92387.8333,205313.7143,100460.1429,27368404.00,19619311.00,2431591,2818158,91916.3333,199711
2026-09-14,243406,86141,110857,103086,34040,43307,4066525.00,-3470408.00,55399370.00,17706195.00,210495.8667,92929.3667,197180.7143,97155.8571,28859126.00,36396059.00,2421896,2805150,81255.3333,159537.3333
2026-09-11,210810,71251,101759,86449,22164,40651,235576.00,-7016588.00,33146009.00,26196205.00,211381.3333,95850.6333,184062,93738,18184475.00,25436639.00,2444864,2865192,88273.3333,156609
2026-09-10,144917,118357,64021,66132,42880,44593,-1091767.00,-2308746.00,26341738.00,153002449.00,211290.6,93968.6333,178987.1429,84288.5714,46781469.00,43478748.00,2437926,2839378,103606.6667,221874.6667
2026-09-09,122885,54158,46466,59618,20251,23472,-2044995.00,-2918406.00,30758932.00,16250566.00,216468.6667,95588.9667,193427.4286,90037,19816233.00,21039644.00,2427997,2813902,124438,238392.6667
2026-09-08,202025,92305,76914,99922,35008,41887,-1529802.00,-1420359.00,42593297.00,31997603.00,216096.7333,95601.5,188415.4286,93365.2857,26926687.00,26817244.00,2402958,2774802,114673.3333,233209.3333
2026-09-04,340714,164357,142589,155756,72506,66622,-11762470.00,742347.00,62905453.00,65337531.00,214689,95908.5667,153645,80380.1429,50138457.00,37633640.00,2412001,2818248,75663,159297.6667
2026-09-03,172439,116652,71428,77381,37993,42034,-3772348.00,6475390.00,39633602.00,150067700.00,216051.2333,99241,162908,76028.7143,56300900.00,40904272.00,2397472,2797013,54182.6667,138282.3333
2026-09-02,186475,63011,85480,75950,23347,26979,3376178.00,-1124767.00,41044963.00,14829239.00,220466.5333,101782.2,155688.8571,75437.7143,20305610.00,24806555.00,2384114,2768848,64644.6667,150779.6667
2026-09-01,118979,47326,50711,50161,19382,21162,-3463367.00,-1292589.00,48263129.00,10243103.00,228875.9,104800,166657.4286,83258.5714,24414760.00,22243982.00,2372958,2747033,87403.6667,166767
2026-08-31,109393,52211,46216,45124,19873,22236,-225078.00,734977.00,35819008.00,36428969.00,235214.8,107921.3,175257,94468.8571,23699188.00,22739133.00,2365677,2714735,94487,162743
2026-08-28,223967,94397,105987,91001,37723,39148,2117001.00,-725918.00,41914116.00,42460243.00,256818.7,123746.6667,184479.5714,94999.5714,25307708.00,28150627.00,2407321,2784963,91752,167180.6667
2026-08-27,166941,115603,67798,79609,36359,44542,-3629578.00,-2119465.00,33043306.00,161038087.00,270810.9333,129929.9667,199298,91186,48466492.00,45643479.00,2392701,2758503,72842.3333,156847.3333
2026-08-26,97321,73461,36804,40247,20368,22258,-895352.00,-257474.00,26393463.00,10558877.00,276175,130368.1333,210169.4286,93492.1429,12688591.00,12050713.00,2359173,2734661,82379.3333,189660
2026-08-25,237280,86192,110181,87760,33451,34166,5888258.00,1330784.00,57072185.00,19796135.00,275008.6333,130333.4333,214975.5714,98480.1429,28919540.00,33477014.00,2342500,2702839,97209.6667,167096.6667
2026-08-24,135941,58874,58326,59617,23575,27719,796254.00,607240.00,41821222.00,10397859.00,279128.4333,131903.5667,266053.7143,116866.4286,22539226.00,22728240.00,2326046,2662379,110289,217958
2026-08-21,195759,102072,82664,91860,40034,41450,-1187404.00,-1802788.00,37437947.00,49192190.00,286220.1,134501.1,260550.1429,113610.2857,24211386.00,24826770.00,2580139,3143761,105901,242928.3333
2026-08-20,169590,130683,71515,76974,53884,56730,-1651459.00,-6771063.00,38005256.00,97128551.00,287960.9667,133133.5333,267474,105877.1429,48044490.00,54789944.00,2559106,3130571,92208,244205.3333
2026-08-19,288525,98112,132852,111961,36209,46560,8104792.00,-3066080.00,70008778.00,19391314.00,284241.8667,132094.5,262938.7143,103805.5714,31462582.00,42628290.00,2544953,3136227,99873.3333,238338
2026-08-18,270670,88908,121596,116630,33263,38388,2234678.00,-1109126.00,63114901.00,19826246.00,281529.0667,131093.7,258978.7143,104627.5714,32304790.00,35679974.00,2531157,3119467,132763.3333,312610.6667
2026-08-17,173421,89604,62880,78927,38524,33769,-6518933.00,4710154.00,46267316.00,59091431.00,281962.6,130700.6,259278.8571,108901.2857,37803091.00,26574004.00,2518598,3086154,129321.6667,307215
2026-08-14,270923,121108,109448,129505,51726,47635,-20513149.00,12890465.00,94720613.00,79007858.00,291091.8,131831.8,253819.4286,101935.5714,82211383.00,49529734.00,2547146,3193164,114469.3333,289593
2026-08-13,493488,187578,249174,192639,74127,77740,-250445.00,9415743.00,114065449.00,191177029.00,283152.8667,128856.1333,219041.2857,85065.2857,119961395.00,98712832.00,2527017,3156434,79813.6667,210689.6667
2026-08-12,157234,79279,66057,70967,23128,38179,-13991110.00,-8726792.00,49666953.00,26611555.00,286568.4667,130656.6,226364.1429,82856.4286,32550214.00,27285896.00,2497201,3126171,84941.3333,239261.6667
2026-08-11,218057,76551,90485,97416,30012,33610,-5508916.00,87212.00,57994064.00,20168525.00,287601.9333,130794.3667,229588.8571,86547.2857,33662642.00,28066514.00,2474089,3092622,99264.3333,225083.3333
2026-08-10,256778,83611,121361,106913,34441,40680,1411464.00,5712040.00,56909869.00,31739135.00,294210.9333,137240.3667,226816.8571,97301.2857,39997448.00,34310122.00,2465718,3024662,95510,217059.6667
2026-08-07,242950,94662,110639,107030,47238,31052,-2483309.00,11558241.00,54441576.00,73982071.00,294244.7667,139008.9333,212423.2857,92620.5714,50229306.00,33920526.00,2497562,3090080,87118,219423.3333
2026-08-06,175522,119520,65039,89297,34195,48024,-6354388.00,-9817730.00,43140601.00,180488406.00,294972.0667,138417.6333,227095.4286,90227.4286,47681659.00,58363101.00,2482815,3075584,68550.3333,230414
2026-08-05,232707,72348,100594,102383,31248,30880,-7937125.00,715374.00,65952256.00,17571521.00,295241.7333,143311.1,221118.2857,93132.1429,39097502.00,30445003.00,2470751,3052418,78563.3333,233055
2026-08-04,250041,69486,128819,91151,28581,27913,6209177.00,1758615.00,65407135.00,17283776.00,303595.9667,148224.6333,228038.4286,108001.1429,31648053.00,36098615.00,2453056,2971195,108364.3333,228832.6667
2026-08-03,208494,63817,90156,82483,30422,25743,-2338701.00,-387424.00,60482316.00,15277997.00,306052.5333,150904.3333,228725.8571,129830.8571,31162877.00,29342300.00,2434393,2921475,107724.3333,206733
2026-07-31,240630,102387,112959,107690,45624,42956,-5163318.00,-9016109.00,39757146.00,68724942.00,307084,153464.1,239912.1429,135096.5714,29691743.00,34106213.00,2518679,3037553,107851.3333,219265.3333
2026-07-30,237374,158889,103365,108318,49545,53959,-5097615.00,8940124.00,41265881.00,170236921.00,311425.5,155038.2,259038.7143,132092.4286,61009823.00,44644534.00,2501169,3009687,85782,203763
2026-07-29,142195,61897,62452,63389,27918,27741,-1821774.00,-100805.00,35428137.00,11259931.00,313360,156094.1667,281519.4286,144085.7143,21606598.00,19885629.00,2492048,2997397,123006,255858.6667
2026-07-28,278227,102768,120193,125827,44363,44184,-473847.00,-1116307.00,59481452.00,23356459.00,312268,158785.8333,366356.1429,210712.8571,36426872.00,37069332.00,2471372,2975180,160958.3333,234218.3333
2026-07-27,190867,92681,86216,82267,33494,36852,10217983.00,-859164.00,48904598.00,35542765.00,312906.9667,160607.3333,422904.8571,240487.2857,30162461.00,41239608.00,2449621,2932105,176480.3333,276907.3333
2026-07-24,298482,173569,141972,128877,86449,57979,551823.00,11961838.00,40189513.00,166563523.00,309425.6667,157797.6,417156.4286,228064,74010107.00,56619566.00,2520328,3171855,164577.3333,301166.6667
2026-07-23,213306,216625,91165,94567,63343,74500,19778952.00,-5456432.00,65462357.00,402450599.00,308665,153882.2333,415582.5714,209282,101418515.00,113929729.00,2515999,3145770,140985.6667,329918
2026-07-22,318934,139247,140016,144377,67597,55989,-3353066.00,3159727.00,53939105.00,33058765.00,305188.0333,152158.4333,407097,204529.2857,42201321.00,34518487.00,2504478,3133777,284289.3333,514301.3333
2026-07-21,371260,137860,177446,151653,48700,69927,1751479.00,-3870304.00,84637414.00,47530095.00,306910.9333,152410.8,412418.2857,210549,52397140.00,58018923.00,2462375,3067455,338703.3333,586117.3333
2026-07-20,299560,145850,125182,131269,66220,57554,2722614.00,4466282.00,67747284.00,52239482.00,306555.9,151861.5,401312,202521.2857,48927307.00,47183639.00,2458722,2982023,318955.3333,572345
2026-07-17,872084,569158,397983,373660,253194,249056,-12711013.00,6059375.00,140323903.00,197042045.00,287548.5333,138679.3333,302007.4286,130776,160121496.00,140116332.00,2772495,3620590,157619.6667,349080
2026-07-16,586708,301102,240406,258789,126430,136325,-1980016.00,3104640.00,131536428.00,70725713.00,278458.3333,132567.9667,245232.8571,96173.4286,88331972.00,83737316.00,2681746,3402988,92578.3333,240022.3333
2026-07-15,258243,86606,103408,114958,37287,32875,-3709924.00,2387487.00,90830139.00,21049930.00,279452.4,132469.2,234973.4286,94917,49868802.00,43771391.00,2656831,3319064,123709,290111
2026-07-14,202289,85151,76758,96207,40230,33247,-1965311.00,509010.00,75634838.00,26666910.00,283202.2,132778.6333,283903.4286,104901.7143,45698855.00,40252534.00,2623029,3264357,125210.6667,296620
2026-07-13,259535,105978,100634,121308,32578,60108,-1210685.00,-2005779.00,85668726.00,40414233.00,283808.5333,133762.0333,283301.2857,103806,51373333.00,52169199.00,2581742,3193767,112198.3333,269092.3333
2026-07-10,408509,179998,180147,185067,77128,81284,-4843561.00,2809099.00,75528026.00,44829564.00,275864.1667,129915.1667,262043.1429,97133.8571,56607830.00,47290570.00,2592849,3273029,71827,196018
2026-07-09,221816,89656,101931,94254,39659,38410,-872519.00,14528028.00,38034551.00,54897129.00,274829.2,129883.2,265935.2857,95852.1429,49979208.00,23041111.00,2584632,3238594,67878.6667,184221.6667
2026-07-08,176952,66941,70651,84141,26949,29468,-3991585.00,266081.00,42148187.00,15135564.00,275801.8333,129864.0667,305663.2857,125859.2857,26546794.00,22289128.00,2571199,3198544,97246.3333,306837.3333
2026-07-07,189286,58884,84413,83380,24620,27908,-2870010.00,296619.00,61394450.00,11814009.00,279291.3,131203.7,313474.5714,138550,34818851.00,31652222.00,2558780,3191730,110387.6667,328848.6667
2026-07-06,186427,77811,69922,87484,31752,30863,-11031541.00,2083481.00,68368726.00,19337729.00,277536.5333,130932.7,315033.7143,141974.2857,41342686.00,28227664.00,2533835,3137241,128881.6667,353273.6667
2026-07-02,544799,155044,256761,212025,62984,74964,1613342.00,4228573.00,119937843.00,36938660.00,269502.5333,128396.8333,271604.8571,151132.5714,67330474.00,69884649.00,2562000,3228401,104095,254694.3333
2026-07-01,255320,98308,114745,110300,27167,49635,-321387.00,-6267889.00,48554330.00,75395890.00,272783,128167.4,306654.5714,168073.1429,37845308.00,58380385.00,2535569,3201563,163656,321270.3333
2026-06-30,259702,133293,98053,137248,61397,48340,-1566047.00,8914887.00,49657154.00,44771676.00,276880.1,127693.5333,309867.2857,169632.4286,45177206.00,35265888.00,2506752,3135632,168464.6667,316024.6667
2026-06-29,249061,80684,95950,117632,35365,36327,-7669259.00,2143205.00,52785856.00,19180289.00,277867.9,128875.1,313083.4286,183703.2857,36067870.00,26255406.00,2483108,3089963,175497,298784.6667
2026-06-26,455048,276991,214289,185513,128103,121630,907803.00,3511651.00,82076440.00,89539676.00,270141.4,122080.5667,300593.5714,173577.7143,72197207.00,62238199.00,2479322,3186718,156217.3333,227367.6667
2026-06-25,243965,147719,100104,103439,60676,61530,-5075326.00,9591757.00,49587506.00,145684901.00,273921.1,121719.6333,294345.7143,165843,81516372.00,61833904.00,2489317,3125947,179275,312935.3333
2026-06-24,197341,101781,73100,98549,45028,46052,-3774475.00,644315.00,37604658.00,40263576.00,277120.8667,123209.5333,301220.8571,177519.7143,35120850.00,30702060.00,2479106,3086273,193417.3333,341218.6667
2026-06-23,240797,219152,90789,124974,96273,109343,-11729728.00,-4831649.00,46744834.00,92886128.00,278163,119700.2667,296826.4286,167258.8571,68951132.00,60132453.00,2421455,3031448,180093.3333,351477.6667
2026-06-22,500668,216892,186592,250012,92918,92658,-10761993.00,3296578.00,103901412.00,92949186.00,269958.5667,116758.5,253022.8571,149028.1429,88143637.00,74085066.00,2377003,2876513,176500,307128
2026-06-18,282191,144208,130241,123922,62898,58829,-6555807.00,70356.00,61298523.00,78306339.00,268708.4333,116018.0667,239922.1429,142593.2857,52469252.00,45769211.00,2627519,3454321,159622.6667,279807.6667
2026-06-17,271574,179180,96729,135240,80759,84358,-6727439.00,3260553.00,45520119.00,148338759.00,271526.8,117148.0333,231786.5714,129500.8571,87591155.00,89390613.00,2651304,3381304,161068.6667,271105.3333
2026-06-16,367619,206112,143164,179169,78452,104161,-7215820.00,-8382511.00,72211804.00,61642485.00,266716.8,113553.8,239690.5714,120832.1429,56935284.00,59686416.00,2636755,3284352,141473.3333,218577.6667
2026-06-15,200230,93576,89536,86869,39473,44269,-271088.00,-1474761.00,41438385.00,47060055.00,271332.2,114193.1333,252359,125945.7143,36973417.00,40133390.00,2635923,3244898,140040.3333,216515.3333
2026-06-12,245467,183518,102156,113519,75298,92437,-3342393.00,-156436.00,39449989.00,36581516.00,275921.3333,112178.9333,260415.5714,124542.1429,33934972.00,30749015.00,2677561,3321663,111922.3333,198188.3333
2026-06-11,210036,147326,83257,104604,56084,67586,-8364743.00,-7139927.00,53113251.00,81927174.00,276632.9,109323.4333,275267.8571,120318.5714,48359332.00,48546036.00,2678148,3290386,91991.3333,199718
2026-06-10,194043,89277,74565,86307,35782,43472,-4583263.00,-2729951.00,54135016.00,24234769.00,280896.8333,110985.2333,288699.5714,119513.7143,34380595.00,32527283.00,2672009,3253885,110709.3333,276019.3333
2026-06-09,190486,99164,61045,103964,43670,39881,-8140439.00,-2512630.00,53261430.00,27271001.00,282432.9333,110257.3,306456.2857,118838,35153152.00,29525343.00,2679443,3225497,120778.3333,308827
2026-06-08,214625,87533,98776,89840,39382,34082,1024982.00,2741546.00,38724675.00,26895200.00,284841.9,111422.8333,315470.5714,125687.5714,29247640.00,27531076.00,2653388,3193551,149498.3333,337906.3333
2026-06-05,422947,145431,178811,203374,68988,60677,-5817647.00,80480.00,60183640.00,34186943.00,280528.0333,111823.0333,279360.7143,114139.1429,41977761.00,36079634.00,2675079,3328241,140275,301591.3333
2026-06-04,288909,129371,112514,146057,48232,57897,-6108973.00,-3801320.00,59414191.00,64464899.00,281386.2667,110621.4667,265340.4286,108328.5714,42012891.00,39705238.00,2655684,3284245,125032.3333,301310
2026-06-03,301863,173693,111501,156972,77288,73617,-9943961.00,-783466.00,63096960.00,55221907.00,284727.5,110884.8,251664.4286,92996.2857,55729275.00,45059870.00,2610421,3215261,98612.6667,305616.6667
2026-06-02,314002,117761,114699,161262,46626,48653,-15497893.00,-62254.00,69478772.00,40506506.00,293129.1333,117239.1333,248802.7143,90326.5714,54456918.00,39021279.00,2577981,3147838,104519,293524.3333
2026-06-01,288065,83643,137012,115702,32019,40746,-1445025.00,-425463.00,59767530.00,22137977.00,326706.0333,134009.0333,226762.5714,88332,36281214.00,35261652.00,2546331,3045596,98168.6667,254228.6667
2026-05-29,314783,94434,135487,145661,36159,39572,-2190945.00,-426794.00,55408659.00,21962062.00,348611.3667,142580.4667,225190.5714,86122.5714,32806069.00,31041918.00,2565514,3131735,96256.3333,212890
2026-05-28,277725,135480,96039,122737,51787,63180,-5274105.00,-16806579.00,74477307.00,87920417.00,348464.3,141382.5667,236049,79829,48529300.00,72147719.00,2555735,3093466,73218.6667,189025.3333
2026-05-27,170178,64592,62974,82876,23567,34313,-3052627.00,-2632786.00,24055459.00,15600980.00,378682.5667,143493.5667,266397.1429,87612.5714,17862750.00,17439899.00,2538523,3058481,84712.3333,230289.3333
2026-05-26,190767,88697,86637,77098,30533,37727,1793927.00,754640.00,30771204.00,23521694.00,379292.8,143269.1333,278958.2857,91531.7143,20206920.00,21246207.00,2505812,2989309,78373.6667,211295
2026-05-22,206131,66367,89989,99338,31836,27126,-4060232.00,1933321.00,29573218.00,13350384.00,380632,145878.2333,281404.2857,92501.4286,22280717.00,16287164.00,2572503,3151311,82574,243844.3333
2026-05-21,293970,99073,134684,121227,34271,44742,1904754.00,-2282702.00,58307574.00,19838042.00,383157.4333,146821.7667,290459.4286,97904,32343812.00,36544268.00,2557977,3103752,80024.6667,263765.6667
2026-05-20,133784,69681,50662,65983,27494,31879,-1562715.00,-22726.00,24705337.00,12541005.00,385153.3667,147215.3667,313252.2857,108875,17001432.00,15461443.00,2549825,3076775,96490,346709.3333
2026-05-19,303779,78968,127084,139065,33013,31581,-947438.00,-708572.00,60123164.00,14406193.00,378914.8667,146872.3,308721.1429,113861.5714,32884199.00,32645333.00,2542099,3090766,108877.6667,338348
2026-05-18,353734,91425,170747,142333,40148,40841,4900296.00,1127477.00,76163705.00,17933875.00,375573.5,147859.7,294549.8571,119177.8571,40365111.00,44137930.00,2522572,3027144,102787.6667,294854.3333
2026-05-15,382615,119077,175087,171724,40947,55791,-1657249.00,-1348918.00,59956957.00,22662879.00,373362.1667,148890,274845.8571,119594.7143,36221454.00,35913123.00,2804620,3506437,108725.6667,286434.6667
2026-05-14,278695,116131,102051,149357,53668,49485,-1765036.00,-5340370.00,54335415.00,55395735.00,368780.3,148165.1,285907.2857,133444.4286,47051380.00,50323364.00,2828810,3462900,118841.3333,291314.3333
2026-05-13,223253,73155,96805,104555,27466,37349,-1307319.00,-978342.00,40700097.00,21801149.00,369078.0333,149862.6333,285916.7143,137034.4286,28464653.00,28135676.00,2821763,3422337,132414.3333,307583.6667
2026-05-12,357356,136891,158643,156339,60950,64977,-1396923.00,-558768.00,82977210.00,34363653.00,361304.5,152050.2667,283250.4286,133586.5714,52139519.00,51301364.00,2807405,3377335,129663.6667,273310
2026-05-11,293334,146478,117432,147470,65293,50820,-7663741.00,2224027.00,55390777.00,38837166.00,361771.9333,155606.1,296080,130245.7143,47332109.00,34851402.00,2794015,3318601,121502.6667,257094.3333
2026-05-08,272061,113874,123930,123920,49183,48821,-1812638.00,-2052037.00,105072072.00,31348286.00,362846.1667,156214.8,290268.8571,122786.7143,62185447.00,62424846.00,2833859,3449288,154571,285115.6667
2026-05-07,254535,128639,103474,121324,59062,59772,13908667.00,-4625924.00,100415074.00,87904472.00,358640.0667,153951,299901.1429,124285.5714,75111989.00,100415280.00,2849840,3380286,144453,274710.3333
2026-05-06,244687,121995,103830,110257,47582,53646,-5652996.00,-108704.00,96946254.00,34353216.00,353842.9667,152347.3,298741.4286,117904.2857,61890945.00,56243761.00,2806734,3321817,141373.3333,306045.3333
2026-05-05,356125,213079,134825,170877,98302,86830,-6645732.0000,-125091.00,119539473.0000,50621958.00,347629.7,148938.6333,288851.2857,104964.2857,79051755.0000,74350404.00,2771822,3244043,111377.6667,315050.6667
2026-05-04,223319,98285,85149,111779,38632,35717,-16386154.00,213112.00,193657148.00,22200870.00,346735.9,149590.4,298881.5714,113414.5714,104771622.00,88172356.00,2740569,3164968,99169.6667,317738.6667
2026-05-01,338692,112756,136203,167804,49139,49775,-50079851.00,721950.00,122728007.00,17389354.00,343392.0333,152794.0667,295447.8571,110638.5714,82767171.00,31965370.00,2782142,3329365,107961.3333,312161.6667
2026-04-30,383141,123092,174107,163503,44445,61954,78046.00,-2794255.5000,112919913.00,26626071.5000,335316.2667,150903.5,298156.2857,118995.8571,53720697.00,56592998.5000,2781036,3298401,92706,263304.3333
2026-04-29,231383,61661,99045,108909,25833,23696,-210576.00,486066.00,63865474.00,23029746.00,333095.4667,152154.4,345966,154243,35358127.00,34661485.00,2766762,3275290,112985.3333,281808
2026-04-28,321961,139131,148552,141230,54299,66545,-4361322.00,-2670990.00,64351628.00,38128535.00,326672.6,150135.3,485024.7143,218187.1429,44157107.00,42466775.00,2736230,3202055,119087.3333,272331.3333
2026-04-27,236569,77326,101345,106445,33828,34909,-1306477.00,-4829151.00,73078032.00,19475297.00,325148.5667,152050.6333,590078.1429,257365.8571,33959046.00,37481720.00,2710240,3148164,124420,298360.3333
2026-04-24,286894,122499,127356,131173,49759,52053,-1623138.00,125472.00,56591666.00,30144855.00,321185.9667,152063.8,588138,254086.4286,35478816.00,33730206.00,2774904,3403000,144118,336762.3333
2026-04-23,293531,157437,115447,141983,65805,69153,-4801510.00,-999868.00,62753947.00,53373143.00,318877.1333,151149.3333,700023,249870,51895821.00,48172209.00,2767137,3347296,194436,427602.3333
2026-04-22,314656,93324,133259,147049,37046,45247,-3006314.00,-879163.00,69080974.00,20059933.00,314439.4333,151506.6333,684939.8571,248247.1429,36632558.00,34505407.00,2747457,3294643,358908,754507.6667
2026-04-21,402100,181593,165100,192750,91938,60692,-11097002.00,9000071.00,83898578.00,43115746.00,307747.2,150006.4667,662683.7143,242968.1429,62820859.00,42244380.00,2706640,3198719,415569.3333,944455.3333
2026-04-20,566051,308391,238370,260583,142064,136486,-9074534.00,7483782.00,109851115.00,75008289.00,300758.5,147505,634638.2857,217109.2857,90951730.00,74087807.00,2636129,3033631,345953.3333,846876
2026-04-17,1295372,586740,584157,585369,258659,272658,-24805188.00,1422980.00,236166764.00,129105643.00,267917.6,133273.5,477251.1429,144930.5714,177608897.00,150966539.00,2999776,3241474,193014,773994
2026-04-16,971943,351577,465954,429670,151185,166158,-2852659.00,2815046.00,298526150.00000000,62700490.00,247845.9667,126623.8333,355062.7143,104516.1429,183051127.00000000,142920997.00000000,2861805,3296300,103143,519704.3333
2026-04-15,273313,99543,117822,121842,45096,41860,1137078.00,-362342.00,121075907.00,23708904.00,249851.1333,130660.9333,352231.2857,107588.1429,63516972.00,64285902.00,2833239,3229861,118175.3333,510702.3333
2026-04-14,1076726,127922,592847,378342,53474,51515,12008242.00,1227429.00,417049706.00000000,33237342.00,235063.9,133509.0333,243595.4286,110740.1429,108698728.00000000,308296506.00000000,2804396,2904327,117994.3333,275038
2026-04-13,209074,81964,88992,92478,30903,38249,-5682047.00,-477488.00,145372629.00,18723758.00,304540.0333,153098.8333,233904.7143,112514.4286,83826164.00,52680841.00,2788828,2878452,117836,269900.6667
2026-04-10,246307,144640,109632,109703,51882,65443,8413648.00,1035415.00,117605237.00,25078540.00,315585.7667,158485.7,231887.2857,109577.4286,58120716.00,65498949.00,2834866,2970273,92514.6667,226673
2026-04-09,369733,127379,158997,166429,51111,56495,-2396799.00,1420289.00,105448988.00,28015851.00,339496.3,161120.7667,196804,120311.8571,59242126.00,55425038.00,2810273,2943024,90404,187926.3333
2026-04-08,193662,81489,76066,91599,37487,32783,-5758187.00,-822804.00,59890146.00,15343372.00,340959.8333,161724.3333,213046.1429,144835.2857,36420622.00,31485239.00,2800941,2902640,113236.3333,228797.3333
2026-04-07,116624,68676,46587,51081,34672,26191,-718727.00,554161.00,55192904.00,14774416.00,345538.1,166171.3,239855.2857,153900.8571,29443759.00,28170871.00,2787784,2892950,121805.6667,237002.3333
2026-04-06,253493,121047,97880,123244,61836,45256,-7361389.00,3106297.00,76707493.00,25608360.00,347555.1333,172286.9333,221978,145283.4286,49956823.00,39489137.00,2757714,2834180,122817,229899.6667
2026-04-02,316275,149986,141537,133727,60792,72406,4826925.00,-1870359.00,84966659.00,24145026.00,343627.5,174064.1667,191192.1429,134411.7143,43170359.00,49867643.00,2824615,2925225,140328.3333,165858
2026-04-01,141239,94384,63600,62520,33128,45165,-3596201.00,-785857.00,48072851.00,20046899.00,346239.5,174850.6333,195261.8571,136759.5714,31223540.00,26065196.00,2798053,2898482,193251.3333,221230.6667
2026-03-31,232185,124081,91988,103852,52456,55329,-67292009.00,249714.00,302132412.00,24824833.00,348841.2333,175555.3667,190164.7143,135867.7143,154462411.00,86920688.00,2766486,2827854,195936,245265
2026-03-30,124150,202520,50671,59267,110352,82852,1821913.00,1593447.00,43330279.00,17718998.00,354233.6333,176623.4667,206482.7143,136774.2857,27148355.00,27286821.00,2627794,2806318,148671,246665.6667
2026-03-27,307357,253153,131587,146576,112590,117646,-8430916.00,84518.00,76011152.00,31027120.00,360278.2667,187878.2,182698.5714,110091.7143,50608533.00,42093099.00,2573467,2898783,88914.6667,177804.6667
2026-03-26,304288,132135,147382,115322,52637,65014,-2266699.00,-3063771.00,84295437.00,26174907.00,358245.3667,188501.8,162765.8571,105385,44183456.00,44980528.00,2544535,2849890,81809.3333,132951
2026-03-25,128352,60725,48292,63587,27702,27354,-964944.00,-1177159.00,36117251.00,13728298.00,365389.1,190930.2,162897.7143,107932.5714,21828114.00,22040329.00,2527028,2816191,100847,155668.6667
2026-03-24,100774,73884,39962,44696,33148,24836,-3289578.00,772300.00,57035384.00,22423199.00,368462.1333,192869.3667,175765.4286,116632.8571,33470250.00,30422426.00,2504563,2799407,145841,201536
2026-03-23,169727,110819,75171,69894,48482,49329,-4095901.00,2865792.00,88060418.00,24411255.00,372594.8,195137.6667,175521,118357.8571,51184252.00,44222559.00,2467808,2748138,131026.3333,191916.3333
2026-03-20,196505,117838,91126,86241,50589,53083,-1943549.00,1084429.00,66765995.00,29646372.00,377006.2,198941.5333,179486.8571,120095.7143,40936952.00,37853974.00,2901536,3389690,124809.6667,181334.3333
2026-03-19,238376,208866,91078,112908,91749,94269,-7008551.00,-3192605.00,74035809.00,140036735.00,377264.5,197529.1333,171365.2857,105121,99477208.00,90305027.00,2893825,3357050,81373.6667,144967.3333
2026-03-18,140868,66375,63178,53486,25600,30082,-3081560.00,-2137551.00,59188273.00,14391348.00,383174.6,203159.3333,180003.1429,115151.4286,29212377.00,28268368.00,2877771,3322320,104177.3333,161627.3333
2026-03-17,164759,99188,62587,82244,40669,48758,-9353601.00,3582417.00,53527073.00,35947057.00,385833.4333,205577.6333,207379,134317,46507818.00,33074520.00,2851154,3282722,112079.3333,162713
2026-03-16,129275,78558,49898,60157,37530,33027,-4999453.00,-976779.00,52378825.00,24899170.00,390750.9667,207748.1,233217.5714,145922.2857,33879532.00,28860478.00,2826899,3254344,129227.6667,194376.6667
2026-03-13,190848,134786,81385,84181,63338,59590,1608340.00,-902473.00,68569959.00,31949003.00,396747.2333,215230.7,258781.2857,148393.8571,43052341.00,45563154.00,2901850,3385031,118980,191269
2026-03-12,168016,122894,73181,71449,62979,50129,-926941.00,11013147.00,60169884.00,77607969.00,401013.8667,214641.2333,282417.2857,162359.8571,68361837.00,56685669.00,2905149,3366204,123544.6667,202374.6667
2026-03-11,224266,130003,80276,108359,45593,59619,-12990922.00,6744347.00,85307535.00,36288590.00,403140.5667,214556.1,340823.4286,174268.7143,55301764.00,34337815.00,2878605,3346217,157992.6667,246416
2026-03-10,181525,104043,71283,92443,49573,43373,-11510971.00,-436684.00,62642132.00,24167070.00,406765.8333,215096.8667,642513.8571,255070.8571,44055772.00,32981485.00,2864182,3330085,176576.6667,289289.3333
2026-03-09,201333,136588,92545,87432,52141,63988,-2011330.00,-3907473.00,66556902.00,37675233.00,421957.9333,220889.7,696277.5714,279307.7143,42306435.00,44203293.00,2854885,3571240,181743,345443
2026-03-06,356390,233347,151381,171543,102580,109693,-3171947.00,3528274.00,91670605.00,35943428.00,443610.5,232516.4,800657.4286,275462.5714,60809079.00,54304648.00,2951413,3771167,177512.6667,337802.3333
2026-03-05,310145,159795,135243,143194,74720,62147,3810750.00,20506880.00,100538027.00,63724642.00,467616.7667,245766.8333,790289.2857,266862.7143,77719113.00,59583037.00,2915350,3755696,195369.3333,445457
2026-03-04,369794,152087,170703,158170,64284,67395,-3178956.00,-1585424.00,159250099.00,33375817.00,476600.5333,250739.8333,773743.2857,274005.2857,88912796.00,87319264.00,2880454,3735016,367893,1086645
2026-03-03,333468,220656,158020,142354,98484,101298,5532130.00,3178518.00,125438215.00,44528184.00,476154.1,248717.0333,770962.7143,285985.2857,77365411.00,79720936.00,2837495,3716685,396423,1168048.6667
2026-03-02,633109,213365,282228,272243,86382,101890,11260489.00,-6505282.00,570273385.00,54311656.00,465834.9,269241.3667,708868,284547.8571,266041496.00,283219267.00,2767223,3581086,394111.6667,1319362
2026-02-27,2293358,669658,952847,1107199,261900,319203,73842720.00,-7218391.00,933908719.00000000,138910709.00,403484.6667,252262.1,412616.7143,205736.4286,449338150.00000000,493716740.00,2782439,3429061,204091,634098.6667
2026-02-26,577679,306246,263873,244978,95565,148871,-1913758.00,-21254936.00,179340086.00,259387348.00,395386.6,250683.6667,374410.7143,182733.1429,123342824.00,165690452.00,2706717,3329273,169370.6667,526196.3333
2026-02-25,1087049,206431,578148,391349,65665,110249,23830949.00,-4249716.00,312494067.00000000,69530013.00,368456.9,252135.9333,259964,186752,101202539.00,186566517.00000000,2664144,3039108,202065.6667,268514.6667
2026-02-24,237568,99596,112104,98853,29699,41134,3499484.00,-987359.00,56049599.00,101247464.00,385126.0667,258104.2333,295839.4286,256923.2857,46360406.00,46064049.00,2643271,2982293,236634.6667,255474
2026-02-23,253972,202085,100383,129641,65159,75863,-2005551.00,-4066067.00,46633974.00,238594491.00,387216.6333,259337.0333,294315,249603,61730564.00,74703975.00,2604502,2913534,208599,244016.3333
2026-02-20,314004,304516,149664,138474,72455,193316,775598.00,-14619003.00,43075545.00,150523064.00,384681.3,254141.8333,298409.2857,225183.1429,40425458.00,63275209.00,2555088,3274322,155501.3333,242760.6667
2026-02-19,198446,203303,75621,104116,52558,48989,-5582764.00,6661315.00,37485857.00,408703255.00,387052.4333,253468.7667,297626.2857,215005.4286,74644273.00,59145744.00,2573950,3248328,165921.3333,271919.3333
2026-02-18,219599,117978,98767,94178,32795,58073,31768.00,-8355577.00,39959961.00,122607706.00,389091.7667,255736.6667,308213.1429,223704,38425956.00,59846538.00,2566342,3199271,323527,361618.3333
2026-02-17,310237,145223,131013,136100,42406,57828,-236341.00,-9175149.00,59121366.00,153649267.00,393770.9333,258307.7333,310871.7143,236094.1429,45305070.00,59858428.00,2546179,3111981,325400.3333,339306.3333
2026-02-13,285922,234563,128052,132294,82560,87682,-7489197.00,-14258588.00,58669757.00,282499840.00,390045.6333,264848.3667,305186.4286,226370,86254994.00,93202499.00,2568149,3227379,291738.3333,358220.3333
2026-02-12,488696,590795,181779,241052,254660,212039,-11171985.00,8949482.00,92394350.00,843538171.00,378691.3,254514.2667,280825.7143,175582.2857,366627117.00,265411950.00,2568477,3087595,138826.3333,259643.3333
2026-02-11,243301,150843,89385,117912,59665,58027,-5529210.00,-12456868.00,50146692.00,155361322.00,375502.0333,252952.6,281000.4286,178567.1429,66261146.00,73579784.00,2537207,3032768,148168,276445.3333
2026-02-10,342664,133577,159053,150857,55973,57874,2522073.00,-1292764.00,91040473.00,56794383.00,373324.9667,253011.9,271591.4286,180009.2857,58929802.00,63505979.00,2524258,2973932,180960.3333,271839.6667
2026-02-09,192965,132059,75422,88167,41898,59161,10430.00,706994.00,41586890.00,83983642.00,371424.4,260019.8333,296987.2857,212467.1429,31310798.00,30613602.00,2484206,2925099,192438.6667,289559.6667
2026-02-06,293707,178868,133508,127884,72278,71912,2218859.00,-3398674.00,46976239.00,109713066.00,367726.2333,258657.5667,297317,201944.5714,45720066.00,52676563.00,2513567,3062042,211243,297714.3333
2026-02-05,328847,231954,134776,152175,90495,88584,1342276.00,-277339.00,53367343.00,326107598.00,365930.3333,255190.7333,291491.2857,187015.2857,127141430.00,120684180.00,2500207,3020033,191170.6667,269606.6667
2026-02-04,246125,166494,97818,107962,58844,60652,-2240045.00,-4419104.00,48111698.00,196704609.00,368305.0333,258387.3333,297799.5714,180411.2857,61285922.00,69908097.00,2494258,2961671,183563.3333,279832
2026-02-03,318171,235281,116630,153763,96912,80769,-9307474.00,8217790.00,62023391.00,153588185.00,366974.7,265334.6667,346217.4286,191138.7143,69895122.00,52369858.00,2439180,2900410,224891,297353.6667
2026-02-02,244524,171737,107759,103728,48228,92348,-1437147.00,-17980057.00,51225890.00,125481212.00,370334.9333,265837.0333,454995,249768.8571,37369765.00,65899355.00,2382054,2847134,202715.3333,314517.3333
2026-01-30,276801,143672,134022,117307,57033,47108,2594089.00,89184.00,41960083.00,126104283.00,369079.5333,265946.8333,562642.4286,308859.7143,39144549.00,39619287.00,2433179,3071341,197307.6667,318272.6667
2026-01-29,370736,359264,152517,173569,138073,126414,-1545481.00,-32557.00,60843481.00,484936052.00,366308.4333,259201.6333,601009.7143,300575.8571,184338858.00,166498214.00,2391759,2995000,117641.6667,291455
2026-01-28,296015,105210,123638,138708,46055,41999,-2827636.00,4856877.00,47379081.00,60077553.00,373522.4333,262287.7333,604446.8571,308399,44878536.00,36058893.00,2372123,2962954,186029.3333,411815.3333
2026-01-27,288067,127449,129326,130881,45225,52054,-223674.00,-8098190.00,50092373.00,111823022.00,378675.0333,268401.2667,609513.4286,408634.1429,45519274.00,56432460.00,2353222,2919456,337595.6667,651115.3333
2026-01-26,290283,120266,118599,142173,38328,43902,-2169066.00,1543143.00,52852246.00,118532135.00,386435.1333,274438.3333,628451.7143,414350.4286,36267200.00,32554991.00,2325099,2837407,483276.3333,897798.6667
2026-01-23,657096,310373,317585,270440,127286,142723,26696616.00,-4443541.00,111790111.00,120885188.00,376292.7333,269808.1667,582400.4286,406996.1429,71552515.00,102748172.00,2441943,3149223,480244.3333,891869
2026-01-22,1005967,582148,316378,577796,160024,167885,-8217650.00,9065574.00,229642060.00000000,1071501435.00,362720.7333,262178.1,478570.5714,359546.2857,291296113.00000000,266873506.00,2458926,2883554,339519,663238.3333
2026-01-21,1030333,557308,451791,468399,239778,251555,-10946255.00,4492056.00,197884059.00,191289894.00,354671.5667,259746.5333,436757.7143,319737.2857,173933444.00,157598308.00,2357634,2662657,430114.6667,427638.3333
2026-01-20,639307,301277,280128,285445,137364,114011,5417076.00,-844668.00,183089166.00,76031153.00,343484.5333,255433.2,390669.4286,310850.4286,108011482.00,114273226.00,2222838,2389374,383115.6667,355486.3333
2026-01-16,320075,159972,122601,154920,65389,65049,-19868040.00,-1454072.00,91517145.00,40868349.00,346864.7333,258587.8,378936.4286,309234.4286,63810949.00,45396981.00,2956557,3362757,416089.3333,360373.6667
2026-01-15,323533,829095,122167,161721,389632,422257,-10447592.5000,-11777252.00,74730669.5000,1276075028.00,340089.5,234487.6333,371228.8571,216951,663873331.00,670896760.5000,3021214,3311509,223057.3333,345582
2026-01-14,422851,160280,164350,208941,69592,57528,-9128437.00,7419797.00,103719089.00,70114256.00,330928.9333,231367.5333,350932.8571,220627.4286,80196912.00,66368051.00,2988960,3239779,262512.3333,450512.6667
2026-01-13,334737,258893,144850,151820,109083,135685,-5697270.00,-5217160.00,96549079.00,357661039.00,325463.7667,225287.6,367486.4286,215407.7143,207246030.00,232361845.00,2969061,3183808,255904.3333,444496.6667
2026-01-12,279158,249999,125889,111321,84997,139096,-926774.00,-3709761.00,79724960.00,386112372.00,322409.7333,220662.7333,352487.1429,241233.8571,155289005.00,268648717.00,2930725,3108897,222124.6667,430758.6667
2026-01-09,737643,278645,346343,320098,92957,130310,4462434.00,-14928036.00,185774601.00000000,252507975.00,303932.9,214880.5667,268261.8571,241537.7143,106435516.00000000,211472828.00000000,2933181,2934162,190280,274737.6667
2026-01-08,316689,239069,132628,144384,137024,99441,-7675510.00,-1377978.00,72357112.00,351467280.00,300801.6667,212029.4,244109.5714,222241.1429,155062344.00,113669412.00,2927164,2864495,172595.3333,262767.6667
2026-01-07,237944,148660,93347,112110,54928,56259,-8104522.00,852610.00,59342065.00,177694834.00,302159.5333,214865.9,249739.2857,220340.5714,86583211.00,68399374.00,2916947,2824632,197160.3333,333657
2026-01-06,269580,183111,119379,118686,68586,71739,-4188309.00,-5555896.00,74335022.00,201994079.00,303486.2667,218625.8,230649,243081.4286,91509097.00,96969369.00,2900101,2749264,279717.3333,301851.3333
2026-01-05,280779,186015,130868,108993,76871,80188,8830281.00,-1889559.00,81331744.00,185252258.00,303084.6,218361.5667,216646.5714,236222.1429,107318992.00,108357167.00,2859648,2668159,311303,257613.6667
2026-01-02,450612,222355,180965,211616,79730,96391,-5008688.00,-5992721.00,80873210.00,151934423.00,300613.9333,217401.4667,191554.8571,222735.5714,86257950.00,94966858.00,2859025,2720880,271849,156617.3333
2025-12-31,174163,430782,71394,77540,273816,106590,5181550.00,12038309.00,50974021.00,682786931.00,303112.2667,208231.2667,212012.4286,198679.8571,482110449.00,171339745.00,2842047,2689697,173373.6667,191013.6667
2025-12-30,148066,280772,53735,72945,113216,152405,-462679.00,-15588607.00,38633986.00,412229863.00,302169.9667,202218.0333,230611.7143,221955.4286,179866142.00,246553490.00,2849292,2664496,193882,186974.3333
2025-12-29,147623,103993,56037,69949,33532,44806,-1708505.00,-7649753.00,35334758.00,113071945.00,299787.9667,200279.1333,258855.7143,233786.1429,52213384.00,70560702.00,2823411,2637196,205217.6667,198687.3333
2025-12-26,277352,135356,125254,120353,65609,54927,1418344.00,3507685.00,58173942.00,109109428.00,293981.8333,197641.8667,253396.7143,235444.7143,94820711.00,54633860.00,2862758,2817579,202748.6667,197893.3333
2025-12-24,135948,342297,59005,61184,215635,89449,767195.00,20435176.00,24798906.00,612373213.00,291641.3333,187507.8667,275061.7143,208960.5714,382939060.00,162635304.00,2869337,2792745,176113.6667,258366
2025-12-23,182762,138000,71125,89207,54178,52809,-1969166.00,1537148.00,47985848.00,125932354.00,287690.9667,184524.1,322157.8571,217502.4286,74870627.00,63806710.00,2875422,2752215,278014,290199
2025-12-22,274970,127949,100800,137270,52344,49293,-3483978.00,2550795.00,99469019.00,55516352.00,281618.5,182279.8667,346111.4286,243631.8571,72874962.00,65298350.00,2855524,2678023,297633.6667,313652.6667
2025-12-19,317366,262392,145654,132249,112306,112308,3647213.00,4054019.00,61924205.00,189297765.00,273085.2,174811.6333,375500,249201.2857,109320031.00,108112571.00,3359057,3459067,259158.3333,287577
2025-12-18,278261,443701,108318,137593,188012,236871,-1163647.00,-1433897.00,60102289.00,673238549.00,265977.1667,161219.9,386151.8571,210310.8571,327898180.00,390025519.00,3430014,3417578,163560.6667,290691
2025-12-17,345331,186808,145878,146410,86667,83608,-5037037.00,-5114899.00,81995323.00,147065923.00,256228.7333,156578.3,422362.7143,234087.7143,101664504.00,109503924.00,3451387,3382412,167222.3333,346392.3333
2025-12-16,239139,146966,106190,107861,57042,71971,73634.00,-9455965.00,49041928.00,189975506.00,251814.3333,154017.6333,500894,282287,108895198.00,110630507.00,3485406,3345959,221852,414227.6667
2025-12-15,287603,156908,108397,140408,73320,63449,-3653646.00,6423989.00,77303020.00,163347213.00,249122.3,152712.4333,503193,284425.4286,123857949.00,91709139.00,3477510,3270829,270008.6667,492722
2025-12-12,512435,197793,229150,225437,73076,85442,6826656.00,-5130079.00,116282691.00,100908397.00,234421.4667,147900.8,490199.5714,292542.1429,80761831.00,96393176.00,3554354,3492926,261233.6667,439518.3333
2025-12-11,442645,310855,194775,188365,135570,147073,4942813.00,-15289364.00,95405898.00,409176886.00,221348.9,138471.6667,444146.8571,263290,214719742.00,244082949.00,3582452,3419395,275364,491572.3333
2025-12-10,523086,301378,187835,265963,132032,119851,-11433979.00,2658547.00,114064507.00,132685167.00,206792.1,129744.5667,390568,229761.2857,108450474.00,94357948.00,3576689,3267357,336358.3333,580163
2025-12-09,352824,171468,141999,166103,66616,81461,3269188.00,-8462166.00,91400220.00,96803035.00,197940.5,125559.6,364562,216193.7143,78825314.00,90558482.00,3553509,3192509,336494.6667,563787
2025-12-08,598807,353246,251125,284512,150176,150001,-11019631.00,-6619360.00,142112539.00,173760695.00,184053.5667,118215.6333,305809.1429,181623.2857,137761874.00,137078478.00,3476688,3004912,303616,504678.3333
2025-12-05,788858,484361,330126,377289,195792,218602,-7885772.00,818851.00,179487127.00,117385101.00,163431.9,112437.4,219306.2857,127454.5714,137549097.00,128844474.00,3491848,3046931,177525.6667,281817.6667
2025-12-04,303696,171877,119700,140731,70482,74385,4041268.00,-5396528.00,74470762.00,118541604.00,162269.7667,114456.0333,207742.8571,124834.1429,52197696.00,72905322.00,3451463,2965292,142459,229930.3333
2025-12-03,421481,254610,157987,212545,101938,100505,-9922024.00,2560973.00,105564108.00,88186980.00,152695.6667,109726.6667,187342.7143,121854.8571,91662760.00,79259363.00,3404048,2857648,83087.3333,146364
2025-12-02,120276,106090,51106,53657,48566,31263,496365.00,7162588.00,35771118.00,33735413.00,150741.2667,108049.8667,214357.8571,148971.7143,35178187.00,25571464.00,3366225,2841916,84808.3333,168784.3333
2025-12-01,148034,66677,69223,62633,23804,32403,5130902.00,-797380.00,38286819.00,17274301.00,147922.8,107718.0667,231600,164887.5714,21823589.00,27751871.00,3354903,2815785,97642.6667,180552.3333
2025-11-28,170782,76495,72554,74281,31912,34678,883481.00,-1370951.00,28640003.00,14743583.00,144421.4667,107220.3333,260987.1429,181610,18173821.00,20393253.00,3444770,3017485,123322.3333,197875.6667
2025-11-26,187537,111253,71302,91235,39651,42795,-4444049.00,5793930.00,42870825.00,40675315.00,139355.4333,104354.7,269783.7143,187956.1429,39068541.00,29901662.00,3452100,2990811,164156.3333,228256.6667
2025-11-25,183338,105180,65699,93862,46127,47989,-4622725.00,-155294.00,38450193.00,75133302.00,134329.1,101579.7,260706.4286,187269.7143,55375145.00,50704504.00,3465314,2937536,227732.3333,270271.3333
2025-11-24,222752,153534,104922,94032,62067,70296,1266258.00,-8070453.00,42957953.00,67269390.00,127935.4,97394.4333,239765.1429,171882.8571,45305627.00,53016338.00,3437676,2889543,235917,285597
2025-11-21,278680,233755,111944,134383,100035,108927,4615888.00,-5649690.00,50705818.00,67498796.00,121174.3667,92142.2,214692,146523.2857,47030581.00,57386159.00,3819835,3493606,222516,318201
2025-11-20,309382,295908,101866,160314,163403,101207,-7060274.00,25651391.00,59928039.00,141054752.00,113150.8333,84347.9,179885,109718.8571,129972359.00,54823754.00,3885121,3479869,175772,298111.3333
2025-11-19,268729,178088,106085,129824,82807,76620,-3011119.00,3159371.00,58577928.00,47560127.00,106021.5667,79916.7333,150673.8571,91204.4286,51463526.00,45293036.00,3867127,3450170,149867.6667,248467.3333
2025-11-18,376492,193552,204879,125628,69241,102832,17443570.00,-1946778.00,92341872.00,42733992.00,95752.9667,75071.2333,110145.8571,72214.4286,49975572.00,69365920.00,3865297,3446346,100625.6667,148357.6667
2025-11-17,249113,155676,102890,117723,61134,64323,-1616293.00,204707.00,51648797.00,148421581.00,88766.6667,71249.8667,83325,55452.8571,42926247.00,38294847.00,388034,344057,67479.6667,99709.3333
2025-11-14,119797,100375,48103,61264,38775,53803,-8677665.0000,-2666847.0000,163249179.0000,104827060.0000,87436.8667,70893.1667,75499.7143,46249.1429,127588658.0000,119346340.0000,399162,375579,46780.3333,81688
2025-11-13,76163,45826,33231,38814,23271,19031,-1678645.0000,2991755.0000,191722350.0000,54311499.0000,88163.7,73664.0333,72173.2857,46496.8571,124463457.0000,106615069.0000,391541,373791,47667.3333,77717.3333
2025-11-12,103168,56238,49556,45367,20939,28492,30064266.0000,-4073739.0000,234982828.0000,74932975.0000,87280.3333,74194.0333,72678.8571,48483.7143,125954201.0000,164253206.0000,386862,372036,49128.6667,74260
2025-11-11,65733,38277,31979,28446,13424,16038,14912510.0000,-3017118.0000,142506895.0000,38708734.0000,86986.1333,74283.6,92837.2857,59837.2857,77023801.0000,94757989.0000,377692,360616,49151.3333,72804.6667
2025-11-10,64251,48487,29112,30393,19642,22022,-2911161.0000,-2943236.0000,135815281.0000,44481460.0000,86362.4,74396.5667,93860,60545.4286,85037740.0000,85069815.0000,370159,350670,44972,73061
2025-11-07,92796,60622,40477,44916,23222,30310,6361920.0000,-6157677.0000,111522862.0000,48192576.0000,84931.2667,74483.4333,87813.1429,55882.4286,68362258.0000,80881855.0000,399107,394138,40618,59755
2025-11-06,61367,38345,26993,28871,17042,18067,11359677.0000,15100260.00,96258239.0000,86232560.00,84311.6333,74356.8333,91386.7143,56056.7143,90773320.0000,84572377.0000,396679,390135,51218.3333,74868.3333
2025-11-05,65020,35949,28873,30997,15239,16762,5796159.0000,2956900.0000,104615165.0000,88572960.0000,83692.8333,74332.9,94566.1429,57481,85816652.0000,88131411.0000,389972,380314,78486,122142.3333
2025-11-04,52878,47560,22625,26955,16253,25312,6149372.0000,13862002.0000,111281466.0000,350554435.0000,83248.0333,73834.3,113040.5714,69676.2857,219505830.0000,87813225.0000,373867,370368,80447.3333,128319.6667
2025-11-03,106707,70146,43121,56893,32135,32192,-18225016.0000,-11935560.0000,234838951.0000,166595044.0000,80913.1667,72495.5333,122112.1429,104086,194969037.0000,182395781.0000,351229,345705,66392.3333,109573.3333
2025-10-31,206842,117752,98059,93508,46630,58588,33740147.0000,994461.0000,344091998.0000,103705057.0000,76657.3667,70331.5333,130967.8571,120469.4286,193404378.0000,228504194.0000,378350,395983,40330,69420
2025-10-30,71410,53444,27655,37932,25888,22781,-7197552.0000,7317390.0000,138171026.0000,206941391.0000,76279.4667,70205.9667,139946.1429,128938.7143,175788819.0000,146039667.0000,368937,386065,37821.6667,74708.6667
2025-10-29,50468,27981,20765,25421,11390,12532,20822811.0000,-2071469.0000,183930166.0000,64346846.0000,77055.3333,70964.5667,141542.7143,132910.8571,99205946.0000,124081786.0000,364311,378240,72803.6667,118619
2025-10-28,86382,39565,39853,40387,15544,19620,54543588.0000,-5144794.0000,264770034.0000,68731740.0000,75443.8667,70476.3,138271,135362,124538669.0000,183626676.0000,355442,365461,163286.6667,146561
2025-10-27,87276,45919,37181,43112,19198,21824,9045472.0000,2589037.0000,202969867.0000,92191056.0000,74647.3,70272.2667,135194.7143,137596.8571,135179522.0000,141903477.0000,342203,338488,225459,207079.6667
2025-10-24,182199,132927,72962,95805,60839,60671,-20662093.0000,14092011.0000,258851724.0000,212793856.0000,72031.6,68819.5667,114245.7143,122219.2857,239828344.0000,201113098.0000,390688,439620,218726.3333,191099.3333
2025-10-23,170208,311014,73176,85784,111844,182968,15554860.0000,-26978602.0000,441956063.0000,2221808736.0000,70581.9667,61652.7667,94580,80921.5714,977022177.0000,1505982809.0000,389935,399575,133650.3333,154911.3333
2025-10-22,268832,232436,104331,141048,106178,97757,-52783945.0000,22218310.0000,540343486.0000,878926374.0000,62880.8667,54839.8,60595.5714,51713,562315031.0000,524738722.0000,357265,324919,75079.3333,86460.6667
2025-10-21,134258,112729,60894,61220,49726,50263,-8818019.0000,624126.0000,378990066.0000,180881391.0000,59798.4,52194.6,52251.4286,46492.8571,262402197.0000,252848167.0000,303937,261510,58024,63622
2025-10-20,61644,55786,30439,26042,20336,24878,19363461.0000,-4130297.0000,257105118.0000,102090333.0000,58712.8667,51374.1,53256,47391.8571,155827004.0000,175380762.0000,281557,241765,47856.6667,54926
2025-10-17,63480,56723,28117,26734,23699,27122,36934091.0000,-110149.0000,205302999.0000,90336433.0000,58819.9333,51706.2,52023.2857,45739,120798127.0000,157842367.0000,334105,290773,36259,44615.3333
2025-10-16,65742,61563,27130,32587,27057,28238,-4462986.0000,-2811722.0000,184415380.0000,227618041.0000,59280.2333,51873,52407.8571,43828.1429,204798035.0000,187079046.0000,327696,279437,25063.3333,33015
2025-10-15,35556,25284,14074,18257,11250,11829,7828411.0000,-3985060.00,120385335.0000,53283059.00,59535.4667,52165.7667,52974.7143,46078.2857,75631552.0000,87580163.0000,322811,272188,42031.3333,46446
2025-10-14,32548,21930,14129,15336,9718,10455,-7071378.0000,-2028645.0000,150445886.0000,40300648.0000,59698.4667,52508.6,59739.7143,55756,91142971.0000,86163438.0000,317317,264948,55414.3333,58488.6667
2025-10-13,30941,27976,13679,14843,12324,12277,-20813648.0000,-1963728.0000,156703251.0000,46342492.0000,61598.4667,54140.4333,69315,70181.1429,104297559.0000,85447639.0000,309958,259339,61140,66458.6667
2025-10-10,75849,76188,32956,36424,33553,34907,2418882.0000,-1544025.0000,222446735.0000,67022830.0000,61405.3,53109.9333,69431.8571,69602.5714,131861819.0000,135823296.0000,347242,283827,51806.3333,63987
2025-10-09,68676,62079,33232,29314,24235,30396,8141461.0000,2613753.0000,189639770.0000,69968918.0000,60350.8667,51760.6333,67750.5714,66586.1429,116492826.0000,122360534.0000,339550,276727,44791.6667,54269.6667
2025-10-08,54851,45153,26370,23833,16325,20617,5611186.0000,-3465160.0000,148392293.0000,49418094.0000,59438.5667,50881.4,66420.2857,67546.5714,85255742.0000,94332088.0000,335999,271720,59632,62620.3333
2025-10-07,68434,48187,34544,28613,18948,22035,13116180.0000,-2019832.0000,178053613.0000,64898638.0000,59380.7333,50846.5667,63767.1429,69695.2857,103734964.0000,118870976.0000,331832,264947,86553.6667,72465
2025-10-06,39524,41035,17610,18086,15780,19203,-9172003.0000,-4088587.0000,103697444.0000,60239985.0000,60995.6333,51840.7,64232,68768.4286,76936133.0000,75402717.0000,322455,256121,96921.3333,84846
2025-10-03,79903,89674,33671,39368,38788,42523,9353640.0000,-798820.0000,264270841.0000,87494980.0000,59816.5333,50139.8,59453.8571,60990.8571,120961051.0000,213430151.0000,356434,277937,80684.6667,77180.6667
2025-10-02,97968,128952,41171,48745,54644,59961,-13198310.0000,4717368.0000,219585185.0000,194786669.0000,58246.9333,46978.8667,51106.1429,47226.5714,200169442.0000,180892764.0000,327452,261532,54992.6667,59704.3333
2025-10-01,76667,72138,31028,38164,33634,31309,-11227142.0000,7550107.0000,313945614.0000,113129667.0000,57922.4333,46151.7667,45391,41204.4286,212296750.0000,189800451.0000,307641,243035,52022.6667,50769.3333
2025-09-30,56907,40964,24868,26768,19175,18044,-4354105.0000,5969981.0000,327241829.0000,74500682.0000,57292.0667,45857.3667,48571.1429,42899.8571,168101202.0000,208984264.0000,299257,229340,49883.6667,46059.6667
2025-09-29,45539,51876,21566,19869,22988,23106,3718838.0000,-6268963.0000,255601650.0000,65425306.0000,58719.0333,46008.7667,50647.4286,42585.7143,120257462.0000,188317413.0000,283580,218903,44335.3333,46365.3333
2025-09-26,49862,63228,21646,22400,25237,32168,-732175.0000,-1853626.0000,74619985.0000,33106678.0000,60622.9667,46190.3667,54059.1429,40801.5714,48901157.0000,50022608.0000,312015,245368,34126.6667,42922.6667
2025-09-25,42778,34547,18369,20232,14378,16275,1247919.0000,2763335.0000,66006192.0000,37316799.0000,60990.7667,46371.4667,53382,39425.8571,49090428.0000,47575012.0000,308192,241774,32605.3333,40883.6667
2025-09-24,46456,35231,18351,24177,15702,15855,-8762529.0000,-4584112.0000,98096478.0000,50970174.0000,61117.5,46710.9,55799.5714,40078.2857,71093211.0000,67195794.0000,299957,232204,38472.3333,51787.6667
2025-09-23,39534,32602,16007,20513,14905,14547,-1839721.0000,-318887.0000,116574521.0000,39033293.0000,61425.2667,46750.5333,64970.1429,48184.5714,71252617.0000,69724260.0000,290927,225498,44164,58634
2025-09-22,36661,29983,15462,17979,10948,14950,19186837.0000,-1790879.0000,101197482.0000,37910721.0000,64636.9667,48724.3333,77835.5714,57617,55072825.0000,76050541.0000,278806,216182,51082.6667,70995
2025-09-19,79168,52832,39581,34400,18604,29005,10416351.0000,-7549950.0000,125287545.0000,48509823.0000,63544.4,48411.1333,71925.7143,54076.2857,73236858.0000,91168139.0000,344782,274549,41777.6667,57285
2025-09-18,60073,49677,26408,29539,20667,23736,4046753.0000,-2561764.0000,113161958.0000,80269509.0000,63689.4333,48141.3667,69313,51747.1429,86007898.0000,88077615.0000,337277,265190,38484.6667,58387
2025-09-17,73744,50739,36445,32698,19210,23652,12901697.0000,-4003164.0000,158279828.0000,46637545.0000,63040.2,48666.6333,62932.1429,48951.7143,88518478.0000,105422768.0000,327620,265841,51353.6667,68381.6667
2025-09-16,38038,24917,15974,19606,9842,12347,-5613273.0000,-122500.00,78018243.0000,40182127.00,62817.6,48773.5,67025.5714,54918.7143,58035557.0000,52372064.0000,321749,260546,75051.3333,97942
2025-09-15,63379,39798,29785,28677,15445,19069,-302022.0000,-2881411.0000,138449546.0000,97680976.0000,63285,49960.3,69335.8571,58742.8571,110189000.0000,114494419.0000,312326,251916,71134.3333,89415.3333
2025-09-12,103728,89346,40602,56272,39356,42282,-9582791.0000,-200377.00,138721241.0000,121752226.00,61594.5,51592.3667,60690.8571,50845.8571,127102071.0000,117719657.0000,324764,268363,52476.6667,68767.3333
2025-09-11,126719,96010,53535,63843,46678,42272,-9995367.0000,3924052.0000,191264318.0000,331552554.0000,58763.5333,49465.1333,47936.4286,41732.2857,327546435.0000,178660996.0000,306644,241363,30863.6667,36220.3333
2025-09-10,37799,28047,16126,19165,12569,12501,-9398764.0000,297706.00,108934181.0000,31786348.00,58975.2,49747.8667,55099.5714,48715.7143,71607936.0000,61911466.0000,301169,235884,43743.3333,45851.3333
2025-09-09,41784,33373,19028,19512,13276,15914,9900905.0000,-693728.0000,103494689.0000,37893167.0000,59878.5,50095.1,59138.1429,50415.7143,56760810.0000,74526923.0000,295334,230848,54808,58440.3333
2025-09-08,29078,31171,13175,13514,13174,14579,6008475.0000,-1441309.0000,76478230.0000,25830004.0000,62007.9667,51217.9333,60276,49048.4286,39318218.0000,49952944.0000,287094,224354,55773.3333,63152
2025-09-05,66692,66686,28128,33387,29696,30977,-2704578.0000,-1120539.0000,82883950.0000,50851178.0000,63507.0333,53540.2333,54674.5714,42204.1429,63511023.0000,61927140.0000,313010,246724,44283,53400.6667
2025-09-04,79551,66567,36791,36352,25864,33081,85038.0000,-3011721.0000,195564939.0000,105019819.0000,63985.0667,54156.8,52838.5714,39429.1429,136802010.0000,139898769.0000,301252,240544,47737.6667,56197.3333
2025-09-03,43213,34067,19329,19312,14763,16217,3076570.0000,318609.00,77269334.0000,25668631.00,65687.1667,56564.2333,59232.5714,44685.1429,46544118.0000,49302079.0000,294962,234690,51473,65144.3333
2025-09-02,37438,32215,16541,16903,14136,14528,-5282565.0000,1312585.0000,82718751.0000,37366964.0000,67842.4,58396.6,60245.7143,45604,59367986.0000,52772836.0000,286870,228313,47934.6667,65012.6667
2025-08-29,87941,76931,33780,45590,35073,34187,-10192863.0000,3117758.0000,105966336.0000,65024527.0000,74598.7667,64904.3667,54951.2857,39488.7143,86115117.0000,72804496.0000,310992,252346,28549.6667,44859.6667
2025-08-28,70054,45273,31249,32635,16444,22116,3411835.0000,225006.00,81410296.0000,36037767.00,76529.2333,67428.1333,54505.2857,39781.8571,53149727.0000,56336556.0000,299687,247490,29172.6667,43741.3333
2025-08-27,37043,21600,15498,18120,9508,9658,-4999716.0000,497231.0000,86392156.0000,22479762.0000,76552.5333,67755.8,54641.4286,41286.4286,53605918.0000,48108971.0000,296929,243966,45592.3333,60717.3333
2025-08-26,27482,18776,11785,13153,7781,9171,1275937.0000,-1163001.0000,59574935.0000,18959710.0000,76739.8667,68084.4,63336.5714,46663.8571,35791286.0000,38230224.0000,293632,240536,52216,66400
2025-08-25,66699,47142,33834,28170,17757,20791,3597662.0000,-3940220.0000,131150300.0000,75134210.0000,75827.4667,67996.2667,69091,49740.1429,93967229.0000,101666261.0000,284284,231427,47876.6667,61127
2025-08-22,87971,70859,36601,44219,29225,32911,-7063137.0000,-3783073.0000,93338244.0000,51675722.0000,76859.5333,68646.3,64211.1429,45328.8571,70092172.0000,66812108.0000,302302,256621,40032,54114
2025-08-21,44530,38647,18048,22447,14504,19458,-8154604.0000,-10036146.0000,86068505.0000,86644990.0000,78556.1333,70199.5333,65029.4286,46295.5714,64057638.0000,98166080.0000,297365,251236,37860.3333,51936
2025-08-20,50880,34124,23709,22886,15721,15787,1370331.0000,-1648661.0000,92870372.0000,41200314.0000,78346.0333,70050.4667,64727.5714,46248,61421398.0000,64440390.0000,294359,247435,45291.6667,64425.3333
2025-08-19,66932,47325,27704,34562,21969,21274,-15436429.0000,6428731.0000,147606416.0000,65808886.0000,77896.5667,69974.1333,74167.5714,52229.7143,111989841.0000,90124681.0000,280720,233925,52408.6667,77774.6667
2025-08-18,37996,32132,16094,19112,13170,15218,-2117235.0000,-437316.0000,123735486.0000,40907611.0000,77845.8667,69925.0667,75366.8571,53844.5714,78428026.0000,76748107.0000,269890,227872,55024.6667,83046.6667
2025-08-15,88348,56418,37559,43654,21881,28960,6826230.0000,-365362.0000,126788909.0000,39516377.0000,77269.6,69572.6667,71949.1429,51725.4286,72866176.0000,80495768.0000,348668,286767,51356.6667,70350
2025-08-14,106980,68676,50616,47889,27320,35144,-5286448.0000,-5391799.0000,255618891.0000,59616070.0000,76308.1333,68983.9667,64418.7143,51414.1429,146640824.0000,146453535.0000,343614,283252,39728.3333,50945.6667
2025-08-13,53812,39980,21893,26362,17253,18401,-5033550.0000,2129520.0000,181584050.0000,41764197.0000,77550.5667,70241.8333,61211.2857,49720.2857,102337359.0000,101530549.0000,336497,274566,56134,77345.6667
2025-08-12,50258,45414,22115,23850,16036,22574,6001202.0000,717360.0000,191868567.0000,43066063.0000,78100.8,70532.0333,65088.8571,54004.2857,104786376.0000,110294993.0000,326267,270417,55474.6667,76056.6667
2025-08-11,48767,33791,21595,22769,12832,15936,-22360174.0000,-2381580.0000,204590194.0000,47506117.0000,80116.7,72346.1333,65695.4286,68935.2857,125409582.0000,105406613.0000,318657,262837,58072.3333,81275.6667
2025-08-08,133012,89197,63382,59170,34781,45320,5094539.0000,-8874218.0000,211229756.0000,105921810.0000,78106.5333,71644.2,52663.7143,60791.8571,136283496.0000,150648153.0000,340640,289723,50505.6667,55027.3333
2025-08-07,46391,43436,19474,22594,16140,22873,-26701736.0000,-20765907.0000,180891739.0000,106369574.0000,78682.2333,72552.8667,52343.4286,59805.1429,106089191.0000,132540092.0000,335975,280540,45401.3333,50017
2025-08-06,64424,41584,32577,26176,15740,20812,-5415.0000,2853598.0000,126900131.0000,70016753.0000,78792.0667,73194.0333,52980.4286,60120.2857,94812322.0000,91874309.0000,332919,274797,56674,54342.6667
2025-08-05,54267,66497,20519,27423,25731,37061,-7222205.0000,-9419155.0000,85670228.0000,522413576.0000,78382.5,72379.6333,58508.2857,59885.8571,224238187.0000,371228687.0000,332075,263715,80611,53924.6667
2025-08-04,31360,28123,13795,14740,10090,14121,-2379192.0000,-3064837.0000,58935844.0000,70319119.0000,80426.3333,73555.9667,69980.2857,75347.5714,58521202.0000,61847267.0000,323975,256090,81967.6667,57401.3333
2025-08-01,77401,75402,32540,38416,32167,35849,-989110.0000,3941771.0000,80858866.0000,71645749.0000,79569.4667,72186.3667,72336.1429,76727.8571,74089242.0000,69158361.0000,346036,305475,69010,46317.3333
2025-07-31,53013,138308,20017,27147,65532,68368,-5171914.0000,11206754.0000,65241466.0000,1388675350.0000,78814.3667,68777.4667,78230.8571,72153.8571,725411584.0000,676839406.0000,345845,299384,37504,51607.3333
2025-07-30,41790,32193,20737,17758,12036,16335,4022502.0000,-6741852.0000,60534842.0000,77833546.0000,78387.7333,68569.2667,86845.8571,80010,56252219.0000,68402423.0000,343535,295018,48391.6667,68664.6667
2025-07-29,44149,36529,17679,23047,15032,17687,-5273364.0000,-3555004.0000,95660659.0000,108294204.0000,79431.3,69673.4667,122057.7143,113672.1429,92774740.0000,91107780.0000,336769,288952,81667,91169.6667
2025-07-28,68883,43790,29815,34044,18369,20478,-9130515.0000,-6338132.0000,133644019.0000,88476592.0000,78539.7667,69263.7333,130498.4286,124700.1429,104063523.0000,102623820.0000,325423,275204,95425,99506
2025-07-25,92962,64856,37954,48461,25911,31724,1172792.0000,-3989868.0000,117500081.0000,125360600.0000,77623.8667,68653.5667,122609.8571,119925,100530471.0000,104573781.0000,357324,345058,109236.3333,99944
2025-07-24,111664,136355,48864,53656,72648,55124,-9275609.0000,50432495.0000,159883129.0000,942439557.0000,76967.7333,66700.1667,111386.7143,104536.2857,657628843.0000,361035880.0000,355292,327592,92846.6667,96754.3333
2025-07-23,93892,85064,37610,48128,37124,36690,-12674729.0000,-4140573.0000,117531473.0000,241922787.0000,74957.7,65214.1667,103591.7143,98741.1429,153516389.0000,154246738.0000,344611,305062,155213.3333,162334.3333
2025-07-22,94276,106290,37100,50221,43708,51905,-21319225.0000,-37752416.0000,128037421.0000,781131219.0000,74078.8667,64104.6667,107114.1429,96465.4286,305089113.0000,523643619.0000,325211,282733,160112,173565
2025-07-21,102095,87186,47478,47669,36638,43047,26415321.0000,-7360318.0000,181486153.0000,316370242.0000,73036.0667,63652.9333,106161.7143,96188,184405393.0000,285651307.0000,308021,263907,141526.6667,152114
2025-07-18,290632,272164,118706,148072,114676,127115,-43565591.0000,-12961391.0000,374163113.0000,1399913907.0000,65076.9667,56389.7,71011,61543.4286,769087246.0000,628890332.0000,386692,310155,60350,66270.6667
2025-07-17,127968,120986,57424,59524,51586,56069,-13266073.0000,-6576146.0000,335663255.0000,235509878.0000,61901.2,53601.0333,60365.2857,50693.2857,270493896.0000,263803969.0000,349262,265407,34854,36723.6667
2025-07-16,37742,31430,16016,19177,12480,17135,-10869608.0000,-2278295.0000,137251153.0000,61879840.0000,61925.5333,53959.4,60184.2857,50583.2857,98694883.0000,90011625.0000,341198,254584,54497.3333,63787.3333
2025-07-15,33102,28634,15641,14924,12328,13765,-5793671.0000,-4991041.0000,147905207.0000,109473849.0000,64458.2,55649.1333,65606.8571,53042.1429,121692414.0000,122089909.0000,333734,247355,73367.3333,84562.6667
2025-07-14,39327,44498,18312,17984,19730,20886,-2614279.0000,-10145829.0000,148936720.0000,325709396.0000,65264.6333,56310.9,71151,53973.1429,223577413.0000,220558154.0000,318307,235043,68418.6667,86312.6667
2025-07-11,118933,90360,50444,60542,39716,42612,-2365254.0000,-4835632.0000,166159314.0000,378066271.0000,62204.2,54397.0333,67172.7143,52166.8571,249718561.0000,267734389.0000,338721,273225,53310.3333,64484.3333
2025-07-10,95428,85244,39388,48943,53067,25923,-23327159.0000,30616604.0000,188959670.0000,639350153.0000,60807.5,53142.7333,63078,47720.5714,646460888.0000,130080405.0000,332921,254230,35115.6667,44833.3333
2025-07-09,44577,29652,21550,19502,12554,14461,5353177.0000,2849412.0000,105064140.0000,77358085.0000,61370.5333,54232.9333,72316.1429,56086.5714,71643983.0000,101235748.0000,326191,247431,40513.6667,53661
2025-07-08,53448,45035,22663,27044,21098,20315,-13207568.0000,168721.0000,135007914.0000,154262933.0000,61064.1667,54073.6667,75067.4286,59387.1429,138501622.0000,131651293.0000,317391,240708,42507,61890.3333
2025-07-07,36475,30660,15106,18373,12966,14717,-11163555.0000,5066522.0000,121890260.0000,181503327.0000,62605.7333,55340.7667,78951.2857,65106.5714,160148107.0000,123078930.0000,307758,232965,58192.3333,80093.6667
2025-07-03,71060,45846,35995,30949,17671,24585,7643249.0000,-269158.0000,120195562.0000,157802975.0000,61182.7333,55056.2667,78474,67245.5714,128802530.0000,137061542.0000,334235,268998,60950.3333,78662
2025-07-02,78136,51015,32123,39814,23760,23947,-24132226.0000,17241825.0000,216472019.0000,198704591.0000,59895.2333,54863.5,73308.8571,65967,197481585.0000,155312284.0000,330121,254565,73350,89031.3333
2025-07-01,91085,77716,39672,45171,37989,34496,-13054073.0000,12410748.0000,226733862.0000,118214213.0000,60792.9333,55209.2333,73536,63923.7143,177774300.0000,152261704.0000,321763,237931,70157.6667,82905.3333
2025-06-30,66765,54120,30623,31149,22324,25923,5629890.0000,-2937436.0000,242828122.0000,70334416.0000,62644.3,56956.4333,71383.1429,61094.2857,142922511.0000,151674307.0000,306122,221025,75683,81871
2025-06-27,109244,88214,53436,48024,35605,44399,13505385.0000,-3441245.0000,280237571.0000,70745699.0000,61210.6667,55658.6,60114,53641,154531169.0000,173104134.0000,335306,241000,66551.3333,68029.3333
2025-06-26,72707,68139,34564,32905,26726,35105,16827123.0000,-9646949.0000,230026511.0000,118408470.0000,61268.3667,55115.7,53868.8571,47613.5714,151120298.0000,177323055.0000,321014,234032,57860,57787
2025-06-25,63662,70696,27511,31917,31814,33498,-4622330.0000,1735546.0000,245548238.0000,158549297.0000,61926,55426.5,55553.7143,47464.8571,197235102.0000,190177267.0000,290922,215287,55432.3333,67458
2025-06-24,67719,60819,31869,30604,23708,31266,-18040063.0000,340928.0000,215836356.0000,89705512.0000,61794.1667,55983.7333,51899.1429,43276.1429,150950369.0000,136411978.0000,273427,199341,46597.3333,62116.6667
2025-06-23,41980,42065,19341,19553,16614,21472,-715751.0000,-4555791.0000,132563207.0000,59209039.0000,62654,57462.2667,55257,43917,90175510.0000,93654975.0000,260129,189774,44589.3333,58243.3333
2025-06-20,92675,63413,41513,42199,26477,30415,15824686.0000,3739388.0000,504080085.0000,50630473.0000,62179.8,58173.6333,55157.7143,45965.5714,153185769.0000,168644493.0000,359500,250706,32100.6667,37015.3333
2025-06-18,51695,34314,23752,23906,14320,17340,3665701.0000,-1023243.0000,103756345.0000,33985687.0000,61947.7,58936.1667,52571.4286,46847,63183050.0000,67871994.0000,356823,242951,43881,44935.6667
2025-06-17,30360,36041,12393,14912,17489,14118,-689703.0000,1151793.0000,61025483.0000,36982225.0000,63039.3,61716.3667,57935.8571,52127.5714,47332882.0000,45494652.0000,344848,238550,42366.6667,48861.3333
2025-06-16,28991,25947,13414,13257,10120,13181,6948694.0000,-4395852.0000,66298153.0000,30288658.0000,65543.3,64931.8,63910.1429,58940,38891516.0000,50236062.0000,338947,231296,49234.6667,61026
2025-06-13,75456,69655,33123,34711,28029,34723,3094986.0000,-3942369.0000,110388426.0000,45540792.0000,65256.0667,65480.2,60539.1429,56741.7143,69695097.0000,78382143.0000,371090,264601,51934,66534
2025-06-12,42137,31498,16865,21701,11910,15592,-1318044.0000,-434873.0000,64725823.0000,45119958.0000,65947.0667,66301.4333,59190.2857,57574.2857,51422277.0000,51588481.0000,367487,259955,54929.3333,63685.3333
2025-06-11,65485,46551,31865,28379,20421,21418,8204575.0000,-4899527.0000,118757556.0000,60540245.0000,65957,66761.1,55331.2857,56950,78475852.0000,91439835.0000,363174,252148,63747.3333,64494
2025-06-10,91980,77753,40182,44918,35654,34736,8511379.0000,4104498.0000,240381741.0000,169326640.0000,65229.4667,66728.5667,57774.4286,57174.7143,178633129.0000,156677056.0000,351056,230586,62374.3333,57437.6667
2025-06-09,33591,40484,13323,17354,17866,17878,-3255692.0000,8787028.0000,70838632.0000,65377002.0000,68279.0333,68814.9,62050,60584.2857,70593360.0000,58550640.0000,335960,222291,66968.6667,63527
2025-06-06,67911,73005,28307,32449,32035,33565,-10897323.0000,-2883448.0000,131858721.0000,102870509.0000,72590.1333,71692.2,56222.7143,54861.2857,114191807.0000,102644391.0000,362049,243332,55075.6667,51788.3333
2025-06-05,70811,73634,32098,33469,31810,35105,-1761450.0000,-2127091.0000,165166494.0000,67068560.0000,74018.5333,71965.8333,53753.5714,51144.2857,107582794.0000,107948435.0000,347565,235288,44591.3333,41008.6667
2025-06-04,51859,54267,24557,22508,21600,26582,5979497.0000,-10829376.0000,145561969.0000,90813933.0000,78826.5,74775.6667,55126.2857,52300.1429,102174634.0000,119916251.0000,331905,228956,52944.3333,60083
2025-06-03,32695,37326,13957,15890,15814,18107,-7728478.0000,166711.0000,101682881.0000,48178065.0000,83417.8,77255.0333,56778,52718.8571,75271302.0000,65016045.0000,324842,223965,61952.6667,70358
2025-06-02,38472,42181,17099,18602,17760,20349,-6388338.0000,-2353145.0000,113256430.0000,50489536.0000,88225.6333,80874.6,63099.4286,56503.4286,80795659.0000,73260946.0000,310540,215113,58873.6667,66574
2025-05-30,109082,79326,49458,50924,32944,39642,6798744.0000,-5430822.0000,270769277.0000,65470212.0000,87562.6,80352.9333,51569.1429,50501.2857,130400300.0000,101187226.0000,337479,242026,48303.3333,48055.6667
2025-05-29,63520,64351,24678,32556,29927,28889,-4059997.0000,-3604950.0000,99357392.0000,126198186.0000,89312.4667,80607.0667,48139.2857,47770,103815683.0000,109388346.0000,331428,231803,47639,47371.6667
2025-05-28,27120,32944,11433,13473,12022,16891,-4274983.0000,-6058091.0000,65534342.0000,43422685.0000,89995.6667,80462.3,61124.4286,55647.7143,50472302.0000,52255410.0000,325516,228352,50076.6667,53084
2025-05-27,53527,47615,26628,23028,18807,23889,3101102.0000,-3443025.0000,112860070.0000,49926101.0000,90506.6,80329.7333,70950,64065,72383569.0000,78927696.0000,312021,216862,57096,62815.6667
2025-05-23,61468,62358,25243,31262,24693,31507,-3692232.0000,442204.0000,79311586.0000,40722226.0000,90198.8333,79857.2,71631,62196.5714,61277816.0000,51663380.0000,345041,247080,48747,51783
2025-05-22,44257,40257,19249,21047,17375,19529,1419745.0000,1135789.0000,75556978.0000,32274303.0000,91008.2,80219.0667,75942.5714,63853,51335240.0000,51619196.0000,340535,240730,50405.3333,50201
2025-05-21,82722,68673,38134,39099,29749,32844,-1128656.0000,-1987647.0000,169580528.0000,79226005.0000,90366.9,79863.9,76038.1429,65474,116915781.0000,117774772.0000,329736,235397,56877,61965.6667
2025-05-20,28370,37311,12090,13803,15976,18750,6044615.0000,-1470405.0000,83584470.0000,43982150.0000,91198.2667,80385.3667,81094.4286,71220.4286,55837770.0000,64722674.0000,321657,230730,79952,93277.6667
2025-05-19,39511,45232,18453,17867,18270,23106,4210641.0000,-238479.0000,95473863.0000,50996719.0000,93336.0667,82001.2,85132.1429,77104.5714,65837068.0000,70286188.0000,309891,220889,81301,102185.6667
2025-05-16,118016,88088,54112,55452,35648,45033,3419488.0000,-2390633.0000,216695267.0000,67335181.0000,92295.4333,81478.3,79479.7143,76628.2857,132088364.0000,136041220.0000,380115,270288,69222.3333,87659.6667
2025-05-15,122306,106536,59551,54775,45706,51570,7426970.0000,-20555222.0000,254246967.0000,203369438.0000,89854.9667,79045,68397.7143,69578.8571,198921050.0000,231645884.0000,354818,263455,60383.6667,74688
2025-05-14,66235,49279,30669,32038,20558,25135,-4784830.0000,-5370282.0000,189692789.0000,121139678.0000,89043.7667,78572.5,67951,79602.8571,151633320.0000,143987772.0000,346278,261575,69802.6667,73864.3333
2025-05-13,74438,51852,38895,30163,21935,25615,1099363.0000,-728377.0000,156296400.0000,70168230.0000,88022,78147.3,72190,89682.5714,106488843.0000,107457333.0000,337660,252796,81325.6667,71643.3333
2025-05-12,83391,80020,34252,43823,37716,35985,-4579701.0000,7123346.0000,180818346.0000,111805816.0000,88495.4333,78422.6,69825.4286,90552.1429,144840988.0000,133279451.0000,326039,234236,82903.6667,69996
2025-05-09,63764,77536,24256,34033,33218,37827,-4850653.0000,608714.0000,91245127.0000,57910547.0000,88561.8,77194.6333,69697.2857,87494.8571,71407811.0000,67989444.0000,385692,267711,76121.6667,63652
2025-05-08,67775,86421,30147,32880,40921,39060,6297161.0000,1413556.0000,143115884.0000,84900776.0000,87897.5,76025.2,69412.7143,83769.1429,102587149.0000,110017554.0000,377620,258633,87130.3333,62096.3333
2025-05-07,78449,84754,36525,35380,37887,40943,2600561.0000,-1774745.0000,203213991.0000,79320556.0000,87596.2333,74917.1667,68227.7143,82629.5714,147835737.0000,116271618.0000,362360,249764,99682.3333,70650.3333
2025-05-06,44732,57190,20170,21233,23587,28854,15088727.0000,-2687153.0000,206058793.0000,62058381.0000,87935.4333,74396.7,79705.7143,89184.4286,119582562.0000,136489692.0000,355817,243371,109321.3333,78019.3333
2025-05-05,63108,119447,28250,29854,53014,57285,-6595983.0000,149014.0000,156440360.0000,144263236.0000,88168.7667,72609.4667,98868,94881.1429,144573322.0000,137828325.0000,326162,231436,88217.3333,77939
2025-05-02,104111,122410,49127,47073,52776,56809,8679407.0000,-1469703.0000,212450864.0000,87238782.0000,86540.7333,70346.1333,100232.5714,89085.8571,134604193.0000,144753703.0000,359948,261883,67527.6667,65163
2025-05-01,66839,86107,28909,31344,38259,39743,-6170912.0000,2980703.0000,163511161.0000,75828120.0000,86606.8333,69757.2333,118698.1429,96579.4286,115866864.0000,105936089.0000,345325,256836,64417.6667,66268
2025-04-30,62867,56135,29142,28666,26797,25057,4679002.0000,2271812.0000,132127150.0000,65672515.0000,86319.5,69398.1,134064.8571,104518.2857,91574023.0000,93981213.0000,336709,253101,80064,87005
2025-04-29,65783,60341,30625,29815,24929,29911,3388199.0000,461105.0000,145757180.0000,72328222.0000,86996.1667,69468.3,150768.2857,117436.4286,100055165.0000,102982259.0000,323106,245545,113058.3333,130825.3333
2025-04-28,70154,76777,32018,32412,35300,34979,10129775.0000,3615224.0000,143476237.0000,70763444.0000,86768.1333,68468.6,153487.8571,115564.8571,96676511.0000,103452830.0000,299221,235444,114747,145328.3333
2025-04-25,125078,103074,55925,59162,42698,50375,840032.0000,1815279.0000,194829924.0000,64521448.0000,83946.5333,66556.0667,152193.2857,111122.1429,115037023.0000,122043776.0000,391653,290079,126576.3333,169001.6667
2025-04-24,197244,159324,101004,82525,64349,82641,24016545.0000,-15878808.0000,361702458.0000,132351840.0000,79014.6,62756.2,130817.8571,92447.4286,205136415.0000,253369558.0000,349463,284790,110704,160065
2025-04-23,113663,81843,50869,53862,36615,38831,-4882711.0000,851568.0000,178466563.0000,74068906.0000,77192.0333,61540.7333,124416.7143,86989.5714,122064603.0000,116330324.0000,335954,269287,133679,183079.6667
2025-04-22,196098,138562,95198,87415,58576,68847,21021537.0000,-8357421.0000,443883894.0000,164403308.0000,72496.5333,58754,103864.8571,74078.1429,271638442.0000,302038791.0000,312815,260733,108717,147444
2025-04-21,170434,111707,78013,80002,48397,52830,10281084.0000,-4618097.0000,276545653.0000,152540533.0000,70974.7,59468.0333,89308.2857,65421.8571,194068570.0000,208967751.0000,286089,233310,95473,129304.6667
2025-04-17,182707,150768,85512,87003,69987,68572,-22099183.0000,2134467.0000,389482171.0000,242113163.0000,68993.6,57883.5,72276.2857,52171.8571,311321750.0000,284843724.0000,318434,263728,54750.6667,84274.3333
2025-04-16,89191,63676,40475,43091,30070,28765,-3368666.0000,7942213.0000,189460835.0000,117626528.0000,67645.4667,56895.9667,67150.5714,50640.2857,152157184.0000,140516055.0000,305667,248664,48071.3333,77495.6667
2025-04-15,116016,71975,58799,51623,31613,35491,7530171.0000,-9823292.0000,419227016.0000,133597852.0000,65611.3,55684.3333,65383.2857,53744.8571,317758998.0000,215795231.0000,283456,227886,40140.3333,56235.3333
2025-04-14,47616,28601,22295,22617,13445,13399,2469581.0000,-894883.0000,130615094.0000,68636270.0000,65093.7,55844.4667,70980.5714,60002,93940735.0000,96111449.0000,275152,215321,47644.3333,63209.3333
2025-04-11,68855,43638,30114,34912,19331,21481,-15334398.0000,959465.00,119400782.0000,57131462.00,64578.0333,56329.8667,68157.2857,58559,93216034.0000,76922171.0000,301199,244557,52437.6667,61418.6667
2025-04-10,52235,48182,23148,26585,21895,23773,-10919837.0000,-142721.0000,133545762.0000,84122374.0000,64460.3667,56384.9667,66680.7143,56690.7143,110441947.0000,99664831.0000,290313,239785,54028.6667,61777.3333
2025-04-09,68538,51113,32759,32486,22543,26103,-12300227.0000,-12373000.0000,302385549.0000,135103019.0000,63763.9,55816.2333,63144.5714,54974,255519118.0000,151683552.0000,280529,230409,68226.6667,73479.6667
2025-04-08,63483,58018,28218,31986,29247,26196,-14807692.0000,11198777.0000,162144742.0000,140915975.0000,63503.166666666667,55296.666666666667,68017.571428571429,59297.000000000000,162343497.0000,130181028.0000,266030,218658,73021.000000000000,81251.000000000000
2025-04-07,53311,52955,26260,24815,24138,26698,-13500236.0000,-11836280.0000,325299760.0000,146638141.0000,63047.333333333333,54751.466666666667,69795.285714285714,57545.857142857143,308370868.0000,153119778.0000,250224,208809,66548.333333333333,79844.666666666667
2025-04-04,103645,93707,41641,56355,47362,41958,-24286762.0000,10516065.0000,158043956.0000,226091595.0000,62002.900000000000,53813.366666666667,61824.000000000000,51493.142857142857,201430995.0000,166628168.0000,271408,234520,47014.000000000000,59262.666666666667
2025-04-03,86797,72401,39428,41578,33169,34858,-2434132.0000,-1480001.0000,140377279.0000,103739318.0000,61081.533333333333,52742.200000000000,59340.285714285714,48509.142857142857,116974212.0000,116020081.0000,264805,219961,35912.333333333333,44925.333333333333
2025-04-02,49092,33537,23306,23177,14463,16696,-6925250.0000,-2387276.0000,91730637.0000,47006722.0000,60620.933333333333,52516.566666666667,60171.142857142857,49657.571428571429,68646456.0000,64108482.0000,260243,214091,54159.666666666667,61092.666666666667
2025-04-01,41899,35104,18464,19927,16685,15748,-1532432.0000,1122434.0000,93159893.0000,63095654.0000,61448.566666666667,53332.200000000000,64201.000000000000,54047.000000000000,76507126.0000,71901260.0000,252464,206933,56024.000000000000,69044.666666666667
2025-03-31,43785,39096,19423,21456,17481,18888,-3579979.0000,663274.0000,140034613.0000,81529980.0000,63082.400000000000,54851.000000000000,65841.714285714286,56249.000000000000,132733720.0000,80076435.0000,245095,199203,60104.666666666667,70398.333333333333
2025-03-28,97594,88279,39357,50438,42536,38365,-10367234.0000,3828038.0000,103191417.0000,113938201.0000,62057.266666666667,54134.000000000000,61731.428571428571,53414.857142857143,108260567.0000,94065295.0000,265988,223620,47849.333333333333,61004.000000000000
2025-03-27,65755,40697,30088,30204,16392,20844,-2512111.0000,-1032288.0000,101590317.0000,40410503.0000,62037.533333333333,54306.833333333333,60087.428571428571,54081.142857142857,65961425.0000,64481602.0000,260745,215369,48142.333333333333,57388.333333333333
2025-03-26,47846,51338,19192,25511,26247,21749,-8291976.0000,5292898.0000,94353135.0000,55215610.0000,62163.766666666667,53750.933333333333,65549.857142857143,55668.142857142857,77890806.0000,64305932.0000,255858,209759,52973.000000000000,64809.000000000000
2025-03-25,69411,51513,34665,30121,21177,25312,11255048.0000,-49536.0000,175167170.0000,57656894.0000,61453.833333333333,53684.333333333333,64678.714285714286,54992.857142857143,103717968.0000,115022552.0000,245676,201175,53972.000000000000,60095.333333333333
2025-03-24,54908,41576,24375,26874,17806,19979,1121021.0000,-439177.00,103964890.0000,47153879.00,63025.900000000000,54800.100000000000,62610.428571428571,55581.714285714286,71636470.0000,72896668.0000,234989,192364,62926.666666666667,64733.333333333333
2025-03-21,70108,65830,32428,33310,25933,33699,-8711949.0000,-2330992.0000,88326621.0000,43683177.0000,63957.600000000000,54328.500000000000,59635.857142857143,52652.857142857143,63796775.0000,57415818.0000,314958,255932,56103.666666666667,59446.333333333333
2025-03-20,55270,54510,22122,29743,23619,27209,-8230970.0000,8741499.0000,71947605.0000,51266003.0000,65421.600000000000,54379.966666666667,60166.714285714286,51348.428571428571,67722592.0000,50750123.0000,309746,250674,58749.333333333333,69717.333333333333
2025-03-19,68822,68440,32794,31473,27014,36506,-11674911.0000,-5876739.0000,330733494.0000,59344984.0000,67784.900000000000,54470.866666666667,58225.428571428571,49422.714285714286,299215492.0000,82780569.0000,300191,244493,51531.333333333333,67881.000000000000
2025-03-18,54247,45361,23438,27805,22121,20575,13123109.0000,2693641.0000,103183995.0000,58494104.0000,68329.533333333333,54323.266666666667,68301.428571428571,61960.857142857143,72651740.0000,83081208.0000,293357,236221,51643.666666666667,63275.333333333333
2025-03-17,86083,62447,40951,39645,27903,29566,-6595937.0000,-4559920.0000,297632849.0000,72357371.0000,69431.166666666667,54524.300000000000,73614.428571428571,67787.285714285714,212137534.0000,130786507.0000,279642,222272,45937.333333333333,51009.666666666667
2025-03-14,63313,46786,29755,29396,18815,24560,10371294.0000,-2236973.0000,104368873.0000,49206130.0000,71222.133333333333,54699.233333333333,71533.571428571429,65967.857142857143,67948996.0000,80675623.0000,303170,248634,45468.333333333333,49567.333333333333
2025-03-13,40430,45698,16465,20093,23854,19277,-8907337.0000,2183398.0000,148945642.0000,61002193.0000,73063.166666666667,54300.333333333333,73613.714285714286,64529.000000000000,106103888.0000,94963203.0000,301985,243836,48555.666666666667,54501.666666666667
2025-03-12,49286,45328,23754,23120,19434,22483,4074060.0000,-1200411.0000,88433375.0000,59283313.0000,73823.266666666667,53908.100000000000,71156.857142857143,62825.714285714286,68516714.0000,73791185.0000,293090,238755,77822.333333333333,79666.000000000000
2025-03-11,58986,45379,30573,25446,18395,23698,-23032586.0000,-8619153.0000,317498617.0000,83271253.0000,74457.166666666667,54079.966666666667,70356.714285714286,64657.285714285714,197136737.0000,182723304.0000,285290,232096,97106.666666666667,101095.333333333333
2025-03-10,55233,54960,24265,27219,25652,26010,-16888906.0000,-1652980.0000,326990327.0000,135543706.0000,77719.433333333333,55851.233333333333,69424.142857142857,63925.142857142857,225201848.0000,209895742.0000,281251,219439,90136.666666666667,98933.333333333333
2025-03-07,124779,133128,55596,61391,60857,64147,-6086724.0000,2119004.0000,311245741.0000,264198766.0000,80754.500000000000,55879.400000000000,58404.857142857143,49771.285714285714,278136306.0000,269930578.0000,291928,248113,57636.000000000000,75670.666666666667
2025-03-06,123274,103232,47185,67406,48273,47880,-62067428.0000,12301633.0000,556597445.0000,270347574.0000,87617.033333333333,59775.400000000000,48745.857142857143,41085.428571428571,436472986.0000,353866325.0000,279946,223097,34360.333333333333,45275.333333333333
2025-03-05,48747,34050,22634,23641,14028,17408,-49581116.0000,-2382238.0000,535544736.0000,37435270.0000,91530.866666666667,62779.233333333333,47444.285714285714,41449.571428571429,296488501.0000,249319623.0000,269874,216307,42410.333333333333,46821.333333333333
2025-03-04,54991,35626,24926,25899,16721,16450,-40152206.0000,2985447.0000,636353094.0000,68483362.0000,92487.366666666667,63287.933333333333,49918.714285714286,45726.428571428571,351586678.0000,302508025.0000,263938,206099,47146.666666666667,44726.000000000000
2025-03-03,32088,33405,13915,15363,15095,16254,-5897587.0000,1212427.0000,70337775.0000,38336518.0000,93800.400000000000,63766.733333333333,53785.571428571429,46706.571428571429,54970043.0000,47860029.0000,256157,198313,47362.000000000000,49911.333333333333
2025-02-28,53385,58200,25824,23053,23918,30021,3225950.0000,-4293791.00,71941790.0000,56505039.00,93960.366666666667,63196.833333333333,51198.285714285714,42216.285714285714,56958157.0000,64477898.0000,277082,226189,42105.666666666667,50670.000000000000
2025-02-27,48705,49835,19632,25604,24148,22284,-5065171.0000,615559.0000,43903697.0000,48775902.0000,93725.466666666667,62980.533333333333,53773.000000000000,43607.428571428571,46420378.0000,40739648.0000,272884,218040,37693.666666666667,47647.000000000000
2025-02-26,47644,34051,24193,20715,13546,17457,5191137.0000,-4294525.0000,88792467.0000,38208141.0000,93180.766666666667,62995.166666666667,60223.857142857143,50837.285714285714,55158741.0000,66048153.0000,263693,210623,48198.000000000000,55869.666666666667
2025-02-25,55661,42431,23563,28304,19440,19850,-772171.0000,-1422378.0000,88330710.0000,87035366.0000,94101.733333333333,64447.333333333333,61820.857142857143,54314.142857142857,82660392.0000,83240599.0000,260702,197909,47476.333333333333,57034.666666666667
2025-02-24,39636,36599,18336,18513,16055,17497,-4163257.0000,2199941.0000,91436367.0000,47276042.0000,94004.800000000000,64342.200000000000,65467.571428571429,55640.285714285714,67438306.0000,62860108.0000,251690,189446,44199.333333333333,55580.666666666667
2025-02-21,72312,65564,28602,37747,32010,27776,-3542505.0000,3535161.0000,89137562.0000,57331680.0000,92521.466666666667,63268.033333333333,62513.428571428571,51225.571428571429,72588072.0000,65510406.0000,308541,247267,42202.333333333333,53719.333333333333
2025-02-20,59156,40266,23877,30586,18897,18192,-15463767.0000,3336208.0000,99708118.0000,43613608.0000,91930.533333333333,63320.066666666667,60935.857142857143,52546.857142857143,81998903.0000,55155228.0000,302651,238203,57000.333333333333,64934.000000000000
2025-02-19,35274,26768,16324,16454,10206,14104,-6679302.0000,-1716922.0000,74423423.0000,31350427.0000,92375.366666666667,64133.466666666667,70478.142857142857,59444.142857142857,52837125.0000,47874745.0000,295776,234530,70334.000000000000,75456.000000000000
2025-02-18,66728,59573,28513,32900,27947,26004,161710.0000,1317134.0000,135985210.0000,57410191.0000,91598.100000000000,63888.466666666667,74954.000000000000,58316.857142857143,91584328.0000,89629404.0000,280472,219347,65770.333333333333,74934.333333333333
2025-02-14,92800,84660,44499,39521,32137,43964,4249817.0000,-10842518.0000,153140049.0000,54347291.0000,89658.833333333333,62039.066666666667,75866.857142857143,54230.285714285714,87397054.0000,102489389.0000,305416,241684,49104.000000000000,61212.000000000000
2025-02-13,66840,66769,31803,30057,26178,33277,12830830.0000,-8736435.0000,138842330.0000,47152628.0000,88489.500000000000,60770.200000000000,86278.428571428571,54858.571428571429,76993078.0000,98789043.0000,296528,238546,43352.666666666667,54969.666666666667
2025-02-12,65163,45882,28720,30432,18096,22516,-6913140.0000,-1965860.0000,125215015.0000,46113065.0000,89048.400000000000,61668.833333333333,87053.142857142857,54151.571428571429,82359417.0000,77412137.0000,285405,234331,53075.000000000000,67272.000000000000
2025-02-11,51633,34661,21184,25771,15945,15801,-6516626.0000,-4519325.0000,94056587.0000,42009027.0000,89347.633333333333,62447.966666666667,96695.857142857143,58982.571428571429,65258381.0000,63261080.0000,280431,225306,58748.666666666667,82747.333333333333
2025-02-10,48113,49515,21741,21970,18011,25685,-10817578.0000,-3900165.0000,133013413.0000,45587357.0000,89731.933333333333,61706.400000000000,106542.857142857143,59342.428571428571,86935788.0000,80018375.0000,265035,217701,60928.333333333333,99773.000000000000
2025-02-07,102070,75049,47136,46508,32693,36106,9370273.0000,2256797.0000,144193624.0000,48406567.0000,87380.833333333333,60299.166666666667,105627.285714285714,53439.857142857143,85330422.0000,92203898.0000,294681,254321,59634.333333333333,112323.333333333333
2025-02-06,98059,51682,42770,44250,21531,25004,-3655997.0000,8355.0000,135989088.0000,38760321.0000,85549.633333333333,60022.533333333333,101917.285714285714,50851.142857142857,80945139.0000,77280787.0000,284484,250138,56051.333333333333,103165.666666666667
2025-02-05,99190,56054,48682,43472,23139,27491,14486093.0000,-3465891.0000,188178816.0000,40184263.0000,83423.800000000000,59240.766666666667,98890.571428571429,50062.714285714286,97481043.0000,115433027.0000,273143,239199,60192.666666666667,109813.000000000000
2025-02-04,139721,71167,69945,61456,30391,34396,29171509.0000,-798484.0000,245557566.0000,68932356.0000,79901.600000000000,57889.700000000000,100802.000000000000,55338.571428571429,129080787.0000,172283120.0000,255620,222998,53815.000000000000,102253.333333333333
2025-02-03,70586,40933,31785,34197,18057,19211,-24942691.0000,-1220963.0000,127027380.0000,40119896.0000,78353.800000000000,57151.266666666667,121551.285714285714,68630.000000000000,91113142.0000,67391414.0000,245209,210105,51414.333333333333,110611.666666666667
2025-01-31,119132,68478,55721,54514,30756,32115,7368977.0000,1504977.0000,109616578.0000,47305151.0000,75396.400000000000,55575.833333333333,151553.857142857143,90292.000000000000,71119843.0000,76983843.0000,284579,262259,39775.333333333333,94930.666666666667
2025-01-30,117042,52034,53982,54788,20996,25588,6295758.0000,-2634465.0000,112226935.0000,32177059.0000,73478.400000000000,55164.000000000000,158571.000000000000,100596.428571428571,61840404.0000,70770627.0000,277377,261011,39275.666666666667,81917.666666666667
2025-01-29,95661,33731,44454,44588,15121,16217,8129658.0000,-2222712.0000,107583430.0000,35347684.0000,71635.866666666667,55133.000000000000,156860.285714285714,103047.285714285714,62931683.0000,73284053.0000,272029,248517,64064.666666666667,101064.333333333333
2025-01-28,72089,33561,31287,34608,13421,16339,-4873347.0000,2142455.0000,128029887.0000,47678672.0000,71323.400000000000,55568.433333333333,156773.142857142857,105077.000000000000,85939993.0000,78924191.0000,264049,237744,97535.333333333333,148978.333333333333
2025-01-27,78003,50535,34196,37928,22496,22159,-2812106.0000,-71540.0000,118581823.0000,47525369.0000,69811.466666666667,54643.033333333333,153941.857142857143,103729.571428571429,79821226.0000,77080660.0000,254124,226292,154061.000000000000,232694.000000000000
2025-01-24,153101,108098,62045,80000,47514,50447,-8799171.0000,-1480268.0000,179341407.0000,69754500.0000,66429.766666666667,52302.500000000000,138021.428571428571,94479.285714285714,122117188.0000,114798285.0000,322017,299350,159416.666666666667,237047.666666666667
2025-01-23,215831,133973,107373,94810,58363,64790,40920271.0000,-1095461.0000,304265805.0000,96518528.0000,61560.533333333333,49319.933333333333,111660.285714285714,80267.428571428571,170606962.0000,212622694.0000,298076,290586,131721.333333333333,192999.333333333333
2025-01-22,329150,220112,142137,166054,102349,99928,19205398.0000,9441620.0000,1072464344.0000,183253689.0000,52733.700000000000,43584.200000000000,76537.428571428571,61108.000000000000,605479015.0000,590092589.0000,254831,261974,74273.666666666667,107109.000000000000
2025-01-21,166162,124165,73944,76450,54500,58883,2247190.0000,-3717592.0000,388324865.0000,178793553.0000,49482.666666666667,40673.600000000000,58046.857142857143,48148.000000000000,257669964.0000,263589996.0000,202438,172361,46586.333333333333,71116.333333333333
2025-01-17,83686,50887,42935,34207,21082,25121,8714733.0000,-2998246.0000,110711846.0000,46861874.0000,47695.000000000000,39763.900000000000,50064.857142857143,45641.142857142857,68307186.0000,80020165.0000,341805,277967,44072.666666666667,57107.000000000000
2025-01-16,71479,47769,30437,35866,22248,21495,-3716903.0000,6450511.0000,89238671.0000,58859288.0000,47167.000000000000,39159.866666666667,45771.857142857143,44792.285714285714,75283356.0000,65115942.0000,337488,268626,39646.333333333333,43715.000000000000
2025-01-15,58184,41103,28709,24775,17069,19171,11785401.0000,1298485.0000,95892840.0000,57214822.0000,47134.766666666667,38954.666666666667,44405.428571428571,46230.428571428571,66673034.0000,77159950.0000,332419,257485,54610.666666666667,52083.666666666667
2025-01-14,41658,43346,17136,21004,17036,22405,-2225051.0000,-8350257.0000,58404759.0000,82560010.0000,48104.766666666667,39464.000000000000,44655.714285714286,47498.571428571429,62496661.0000,69570367.0000,325445,246430,51310.333333333333,50440.333333333333
2025-01-13,31303,34490,13516,15323,15461,16151,-4101545.0000,-1865332.0000,53855328.0000,65081563.0000,49220.566666666667,39692.133333333333,45129.857142857143,46739.714285714286,57155359.0000,54919146.0000,320232,239870,50926.666666666667,49276.666666666667
2025-01-10,83290,85996,31780,46131,39029,39861,-9439569.0000,5509918.0000,111406317.0000,116767107.0000,49170.633333333333,39031.833333333333,37768.428571428571,38555.000000000000,114830607.0000,99881120.0000,329982,251208,36203.666666666667,35322.666666666667
2025-01-08,36728,33445,16643,17495,13942,15427,-5574347.0000,319189.00,100945350.0000,37038879.00,50530.433333333333,40031.833333333333,44225.857142857143,44183.000000000000,68110801.0000,62686847.0000,326962,244372,42112.000000000000,39286.333333333333
2025-01-07,27812,33339,12852,12640,14762,15283,1062397.0000,-3324173.0000,47946741.0000,42295354.0000,53388.866666666667,41896.100000000000,48911.285714285714,47711.000000000000,39405946.0000,43792516.0000,322514,240070,48406.666666666667,44485.666666666667
2025-01-06,41428,41827,17718,19807,18599,18705,-5296618.0000,4519746.0000,84723574.0000,48124449.0000,55741.500000000000,43112.766666666667,51513.285714285714,45631.142857142857,67462221.0000,57603357.0000,310571,228252,44190.333333333333,42217.000000000000
2025-01-03,48619,51170,20222,23656,20990,24982,-12245640.0000,3758163.00,92096303.0000,44945925.00,57898.566666666667,44328.966666666667,49073.000000000000,43011.428571428571,71688055.0000,55038360.0000,328539,248476,36701.333333333333,36597.333333333333
2025-01-02,43410,52223,18674,21977,21020,25472,-7588607.0000,-2927198.0000,73456239.0000,74716018.0000,59250.266666666667,45049.100000000000,49032.000000000000,41748.571428571429,71316331.0000,67035922.0000,328411,242992,43574.000000000000,49437.333333333333
2024-12-31,34622,29178,15120,16584,12867,13580,10527359.0000,-686087.0000,145564370.0000,31913887.0000,60370.766666666667,46595.400000000000,49145.285714285714,42237.571428571429,78757845.0000,90192041.0000,322085,237642,53193.000000000000,58100.000000000000
2024-12-30,31760,28703,13963,14904,12840,12899,-1457345.0000,-1358897.0000,102468264.0000,35414391.0000,62169.033333333333,47351.500000000000,49473.142857142857,42513.571428571429,66235545.0000,66137097.0000,317513,231232,52714.666666666667,67394.000000000000
2024-12-27,81930,72841,35511,40189,34316,32345,4913681.0000,8985489.0000,135520757.0000,64526853.0000,61988.166666666667,46951.966666666667,41219.142857142857,34790.571428571429,106874020.0000,82596171.0000,324086,247912,39378.333333333333,50596.333333333333
2024-12-26,60610,58035,27708,28563,22987,28241,770495.0000,-4082220.0000,133385158.0000,53843953.0000,62110.866666666667,46542.400000000000,36904.857142857143,29530.571428571429,85480023.0000,92911362.0000,306808,236893,34494.333333333333,44767.333333333333
2024-12-24,59642,27268,31904,24011,11176,13072,10551800.0000,-798346.00,83370851.0000,20311324.00,61460.366666666667,46769.500000000000,36884.857142857143,31303.571428571429,43170678.0000,54520824.0000,301942,225287,36272.000000000000,36691.666666666667
2024-12-23,31537,32832,13420,15795,13493,15174,-8977776.0000,348297.00,126470019.0000,22993473.00,61943.600000000000,47000.200000000000,38148.857142857143,31299.142857142857,74069919.0000,60552976.0000,293488,216018,35539.666666666667,37531.000000000000
2024-12-20,43123,43383,18592,21168,18484,20704,177218.0000,-871604.00,75193275.0000,27108674.00,62786.600000000000,47039.866666666667,40947.714285714286,31762.142857142857,46254340.0000,47303162.0000,358441,273770,27338.666666666667,31207.333333333333
2024-12-19,35415,32601,16174,16454,14433,15796,-4769448.0000,-3107566.00,58423495.0000,34094553.00,63147.266666666667,47087.566666666667,40552.000000000000,30358.142857142857,43351926.0000,41690044.0000,355110,269450,23543.333333333333,29539.000000000000
2024-12-18,34055,30635,13383,16901,15077,13315,-1503559.0000,2333491.0000,77100588.0000,36444279.0000,63127.833333333333,46918.766666666667,43065.571428571429,31393.428571428571,55459322.0000,51622272.0000,350069,266018,26558.000000000000,38021.333333333333
2024-12-17,24152,18780,10928,11840,8089,8769,4705492.0000,-1145425.00,98665453.0000,16173522.00,63175.466666666667,46988.600000000000,49580.142857142857,35067.142857142857,51268627.0000,57119544.0000,345245,262219,31231.666666666667,43432.333333333333
2024-12-16,30410,21215,14487,13816,9259,9963,3838805.0000,-247629.00,174236626.0000,15244849.00,63888.533333333333,48234.100000000000,54428.000000000000,38899.285714285714,88417234.0000,92539268.0000,337746,257225,39701.333333333333,54200.666666666667
2024-12-13,59502,39679,28339,26539,17663,17869,652242.0000,-117708.0000,67407306.0000,29773001.0000,63295.200000000000,47941.566666666667,55732.142857142857,38494.714285714286,44911766.0000,45681716.0000,361705,283876,34066.000000000000,45248.333333333333
2024-12-12,40385,32801,15541,21646,14115,15814,-7296197.0000,137963.0000,59927875.0000,23703422.0000,62701.566666666667,47540.233333333333,54256.571428571429,37179.714285714286,43762681.0000,36328521.0000,357419,275367,35759.666666666667,49003.333333333333
2024-12-11,62715,46624,30418,27707,19923,22019,8512567.0000,-2071651.0000,139471111.0000,35853558.0000,62057.300000000000,47150.433333333333,53245.714285714286,34754.571428571429,76898339.0000,88557557.0000,346993,271864,35050.333333333333,51349.666666666667
2024-12-10,32645,22773,14554,15418,8716,11478,-78632.0000,-279778.0000,83795734.0000,17810217.0000,61864.233333333333,47252.000000000000,56756.000000000000,36493.714285714286,46891634.0000,48285400.0000,341197,265510,43472.666666666667,61916.333333333333
2024-12-09,51650,37882,21277,26426,18461,16227,32941694.0000,5406085.0000,246660150.0000,34713200.0000,62338.200000000000,48141.333333333333,59485.714285714286,39457.142857142857,117503127.0000,145038736.0000,330640,251577,43127.666666666667,67576.666666666667
2024-12-06,69754,44496,30257,33617,15715,23987,-3992698.0000,-4461691.00,95752064.0000,26454286.00,61355.600000000000,47850.066666666667,58774.714285714286,39005.428571428571,56156802.0000,56625795.0000,354703,270246,36161.000000000000,54344.000000000000
2024-12-05,64345,48040,29892,29353,19946,23331,627417,-273548,117323958,37287867,61299.266666666667,48633.366666666667,61267.142857142857,41597.857142857143,71311880,72212845,345270,266409,30030.333333333333,51442.000000000000
2024-12-04,68631,36847,28807,34602,15175,17101,-9357277,-1487012,130876850,26764456,60433.700000000000,49214.133333333333,62537.285714285714,45397.571428571429,77510001,69639736,337683,260075,29397.000000000000,47637.333333333333
2024-12-03,30056,23596,13750,13797,10152,10854,-52600,-783864,57054701,17434799,62700.766666666667,51015.633333333333,74467.142857142857,54779.142857142857,34547505,35067619,331216,255497,41073.666666666667,61204.666666666667
2024-12-02,55639,29648,23317,24207,12224,13856,-5965764,-167927,151827609,21579608,72564.200000000000,60933.100000000000,82519.714285714286,61733.285714285714,61360055,57922218,323034,248754,44969.000000000000,64250.666666666667
2024-11-29,57217,34947,26513,26235,13780,17940,-137766,-1019866,63391149,13145096,75197.500000000000,64471.300000000000,90536.000000000000,69263.142857142857,35408595,36290695,355682,283065,55382.333333333333,72442.333333333333
2024-11-27,70758,58626,32106,31333,24398,28361,4343434,-52890,92119401,36708110,74036.000000000000,63769.066666666667,92422.142857142857,71434.714285714286,58603224,62220548,349061,271595,56988.666666666667,74697.000000000000
2024-11-26,64777,41334,29363,29922,17033,20133,-4334211,-3060469,109372357,35051504,72699.033333333333,63319.900000000000,92916.428571428571,76325.142857142857,67824101,66099659,342794,261471,72966.333333333333,90959.666666666667
2024-11-25,81792,66187,35067,39317,32978,27674,-16598022,-4562720,203261132,70666191,70918.233333333333,62157.966666666667,93475.857142857143,74210.714285714286,137187331,125152029,332804,240122,77013.000000000000,101031.333333333333
2024-11-22,77522,63445,34406,35479,26021,29929,-2010735,-1911983,175902289,40805643,70016.833333333333,61568.766666666667,93330.428571428571,73840.714285714286,103743709,100444957,375161,263599,85083.333333333333,112967.666666666667
2024-11-21,113565,89267,53460,51569,36383,44371,-1313959,-1416167,192142136,56511441,67305.300000000000,60155.233333333333,86291.285714285714,67623.714285714286,116297926,116400134,357111,252376,79936.666666666667,103099.666666666667
2024-11-20,112007,78327,52252,51633,33943,37014,-5729675,3132657,182861906,51075528,64496.633333333333,58677.400000000000,76022.714285714286,61302.857142857143,112843080,103922492,346182,236416,79016.666666666667,88509.666666666667
2024-11-19,113331,87656,53752,51149,34009,43905,-2989474,-8329192,186186519,56262778,61810.766666666667,57214.366666666667,66408.857142857143,54459.571428571429,109672522,115012240,326601,224111,66926.666666666667,79302.000000000000
2024-11-18,83961,73827,38790,37641,28287,37982,-2593456,-5122945,141466904,50121174,60207.933333333333,55828.233333333333,64187.714285714286,50280.428571428571,91998580,89192627,305575,208600,62602.666666666667,76816.333333333333
2024-11-15,68237,75567,29671,32726,39068,31146,-5220652,8262092,84765800,43119010,59724.033333333333,54934.066666666667,61044.571428571429,44346.857142857143,69093431,52131687,354903,261016,52663.000000000000,75501.000000000000
2024-11-14,85708,51386,38451,41212,21250,25210,-985280,-283504,108992970,30216168,57827.566666666667,54038.766666666667,53582.285714285714,40659.000000000000,68498344,63943443,343377,244417,46894.666666666667,60307.333333333333
2024-11-13,76504,60855,35585,34299,27257,27550,-7478333,-887826,156521297,36086876,56074.900000000000,52794.166666666667,46307.571428571429,34947.571428571429,95925500,84548893,328550,234437,39860.666666666667,50150.666666666667
2024-11-12,64291,45748,30694,29046,16352,22659,-7890711,-4627751,124904032,29172790,55017.366666666667,52197.033333333333,44523.428571428571,36780.714285714286,74174844,70911884,314567,226466,39469.000000000000,51524.666666666667
2024-11-11,40127,34081,18566,19052,13428,15909,-29016888,-966108,113000555,23396209,54351.233333333333,51800.533333333333,44748.428571428571,36326.714285714286,79685754,48895774,304610,219355,39452.666666666667,53560.666666666667
2024-11-08,46034,39753,19170,22491,18569,17172,-3254089,-320976,77879600,47533455,54521.966666666667,51893.100000000000,41397.285714285714,33613.571428571429,60546288,57613175,326181,234190,34725.333333333333,49373.333333333333
2024-11-07,68413,44573,33348,28845,16258,23179,23481908,-4151222,152987171,25713827,54083.166666666667,51891.533333333333,37822.142857142857,32236.000000000000,73065321,96982641,314748,231291,26826.000000000000,35096.000000000000
2024-11-06,46235,34032,20473,22143,13195,17111,-8908451,-325565,86281318,22341044,53816.800000000000,51873.066666666667,35053.285714285714,31062.857142857143,68125254,35008568,308043,228382,35008.666666666667,36951.666666666667
2024-11-05,33472,25571,15762,14600,10880,12095,-268730,-3188076,42968452,39107343,55102.566666666667,52649.766666666667,39681.428571428571,36633.000000000000,37205203,40124549,301077,222138,36786.000000000000,39695.000000000000
2024-11-04,25581,20875,11014,12371,9358,9082,-1950347,760456,32286188,23948757,55215.266666666667,52784.200000000000,41780.714285714286,38759.142857142857,27986328,25275525,295144,215118,36748.000000000000,38693.333333333333
2024-11-01,51802,58580,22190,25148,25075,28538,-245902,9841225,37005761,184548675,55109.933333333333,52060.800000000000,43331.142857142857,40610.428571428571,111102106,101014979,320411,240145,28864.666666666667,35888.333333333333
2024-10-31,41702,30903,18950,20210,12819,14561,1884338,88273,38283809,23540124,56306.633333333333,52444.233333333333,43468.571428571429,43948.571428571429,28205360,30001425,316193,235734,27170.333333333333,30938.666666666667
2024-10-30,22576,20761,9157,11984,9188,9337,-9028795,-419986,46385289,14888365,57381.433333333333,52727.433333333333,54253.142857142857,52074.285714285714,32157519,24798040,311560,230498,41770.666666666667,45369.666666666667
2024-10-29,43387,34930,18654,19763,13658,17176,-1881765,-1251646,55042039,30841479,57431.000000000000,52482.000000000000,98275.285714285714,93823.142857142857,39440998,38810879,308513,222247,42046.666666666667,44332.666666666667
2024-10-28,26853,25820,10625,13907,11227,11225,-1311196,-124666,28589047,19290099,57395.733333333333,52255.166666666667,113898.571428571429,110290.714285714286,23181764,21995234,298138,213789,57286.333333333333,56266.666666666667
2024-10-25,65869,64562,29225,31730,28432,29878,-5111357,522005,77181324,36022225,57556.266666666667,51715.500000000000,109619.142857142857,106433.142857142857,56683808,51050446,340963,246617,53855.666666666667,48531.666666666667
2024-10-24,40276,35758,19302,18387,14690,17538,10004711,2058957,46606499,44619174,57791.966666666667,51573.433333333333,107389.428571428571,105304.714285714286,38987254,46933008,336282,245203,67816.666666666667,67795.666666666667
2024-10-23,62655,71539,24878,32012,34927,29938,33254,7995121,63911495,56352503,56683.133333333333,50064.266666666667,102491.285714285714,99560.428571428571,59712253,51750386,331192,238391,153027.666666666667,164091.333333333333
2024-10-22,42664,54270,17905,21525,24968,24843,-8337935,4079319,89758772,39491547,55863.966666666667,48863.200000000000,103607.857142857143,98346.000000000000,79742736,42147082,323455,235353,181968.666666666667,195275.333333333333
2024-10-21,98068,77641,45160,46124,35103,36608,21305106,220047,147658894,67400619,53335.466666666667,47186.366666666667,94200.857142857143,93948.857142857143,92073138,113158197,305623,218477,168608.000000000000,174557.000000000000
2024-10-18,351542,327172,169480,157543,137638,164458,65800664,-16461421,480656807,174789790,43126.200000000000,38016.300000000000,47944.428571428571,52066.000000000000,270097119,352603304,358789,279795,68837.000000000000,65599.000000000000
2024-10-17,136216,141093,60337,64371,63546,63833,938610,-3612400,207408298,197422619,39613.133333333333,34218.333333333333,33164.285714285714,38162.000000000000,187507756,192058766,311022,229870,32249.000000000000,29649.666666666667
2024-10-16,35913,37559,15567,16511,15155,18103,941193,1483438,71678459,67352680,39412.933333333333,33642.600000000000,33159.000000000000,37402.571428571429,63778753,64750943,299557,215412,34985.666666666667,34505.333333333333
2024-10-15,24668,27859,10922,11186,12354,12355,-224722,-351696,42416695,45649266,40190.133333333333,33876.766666666667,37309.285714285714,40385.857142857143,40761269,40888243,291819,209537,41319.666666666667,37022.333333333333
2024-10-14,28368,31329,11877,14530,13181,14886,-3404985,-6180175,81517315,53029954,41951.133333333333,34319.700000000000,37373.000000000000,39414.142857142857,62199015,64974205,279962,198367,42207.333333333333,36815.333333333333
2024-10-11,50480,45769,19690,26482,20688,20864,-3013447,1302646,57511195,40177124,41882.166666666667,33753.300000000000,33579.285714285714,36235.285714285714,47532056,43215963,304146,215626,41539.333333333333,30907.000000000000
2024-10-10,32219,46861,15452,14018,19230,21928,2909433,-1086285,44526343,31075058,42278.066666666667,33262.100000000000,33628.714285714286,33517.142857142857,32118185,36113903,299874,212089,36666.666666666667,32126.000000000000
2024-10-09,27747,33992,12737,12857,14715,16601,21674,-521088,37763129,26727027,43829.766666666667,33585.133333333333,32542.428571428571,31830.571428571429,29380663,29923425,295284,207959,41583.333333333333,40783.666666666667
2024-10-08,32755,43765,16624,13476,16363,23051,-886597,-6075446,59297696,35163301,43390.600000000000,32692.800000000000,35171.142857142857,31654.142857142857,41774377,46446826,283429,203849,35170.666666666667,39470.000000000000
2024-10-07,35876,32243,15315,18191,14911,14494,-4746590,273726,52250444,29779106,44041.133333333333,33428.633333333333,37938.714285714286,33408.857142857143,41241261,36220945,273842,195154,32262.000000000000,35486.000000000000
2024-10-04,53720,48742,24808,24819,18971,25235,1706500,-2463825,55131050,26121474,44210.066666666667,33044.733333333333,35727.857142857143,31228.285714285714,35584453,39754778,287561,209289,25292.666666666667,28434.333333333333
2024-10-03,28814,24527,11030,15169,11188,11069,-631962,341425,33791662,21097405,44658.233333333333,33326.333333333333,41903.714285714286,34706.142857142857,25856960,24883573,283681,206056,24512.333333333333,25544.000000000000
2024-10-02,23924,23517,10577,11277,10676,10947,-2364270,-846574,42544186,16550257,47514.600000000000,34769.100000000000,42623.428571428571,34904.857142857143,28507981,26990285,278951,201574,30850.000000000000,34621.333333333333
2024-10-01,32565,27834,15095,14528,12415,13206,2420894,-1394575,57846921,28083692,47568.400000000000,34895.666666666667,44920.142857142857,36196.857142857143,38685504,42500973,275595,195750,36414.000000000000,42182.666666666667
2024-09-30,20143,22186,8246,10198,9140,10990,-299617,-3845375,25542924,18938917,49479.200000000000,35938.766666666667,53128.714285714286,39085.428571428571,18890767,22436525,268633,190594,40178.000000000000,48216.333333333333
2024-09-27,51156,42530,22329,25167,17579,21072,-2652056,-1982356,55205596,26446055,49441.933333333333,35558.600000000000,53652.142857142857,37189.285714285714,38818599,38148899,280086,205765,42292.000000000000,55179.333333333333
