date,call_volume,put_volume,call_volume_ask_side,call_volume_bid_side,put_volume_ask_side,put_volume_bid_side,net_call_premium,net_put_premium,call_premium,put_premium,avg_30_day_call_volume,avg_30_day_put_volume,avg_7_day_call_volume,avg_7_day_put_volume,bearish_premium,bullish_premium,put_open_interest,call_open_interest,avg_3_day_put_volume,avg_3_day_call_volume
2026-09-25,24939,16248,10260,11521,10068,4284,265563.00,1715078.00,2704088.00,6639639.00,39260.8,19903.6667,33830.8571,20071.2857,3871809.00,2422294.00,252251,503051,14186.6667,23656
2026-09-24,25110,23681,11500,11990,11220,8889,-741702.00,2418207.00,3223722.00,16017466.00,39361.1333,19527.2,33483.4286,18731.1429,8377179.00,5217270.00,246931,494386,11042,27992
2026-09-23,18047,8945,7232,9519,4317,3724,-545776.00,187270.00,3324273.00,3413633.00,40045.7333,19656.7333,35388.5714,20024.8571,3489326.00,2756280.00,243983,491816,15600.3333,34454
2026-09-22,27811,9934,11993,12870,4676,4193,80065.00,405345.00,5556246.00,1988559.00,41247.2333,20347,40733,25248.5714,3581520.00,3256240.00,239634,486281,27091.3333,48302
2026-09-21,38118,14247,17774,16692,5314,7078,-101844.00,-380176.00,7878020.00,3397175.00,43272.6667,21535.5,39766.1429,26283.8571,4901355.00,5179687.00,235592,472789,27897.3333,42576.6667
2026-09-18,37433,22620,16128,18105,11020,9147,-727811.00,246725.00,4751791.00,3709151.00,43124.3,21459.2333,39420.4286,24297.2857,4390110.00,3415574.00,279555,546329,25124,37658.3333
2026-09-17,69355,44407,34883,26971,17315,17212,342019.00,2152768.00,12996989.00,11921436.00,41245.4667,20295.6667,38854.7143,20929,11977838.00,10167089.00,270041,535952,16322,25001
2026-09-16,20942,16665,10386,8910,4646,10637,787763.00,-5360599.00,4012014.00,9977535.00,41486.3333,20468.6,43265.8571,20786.4286,3578341.00,9726703.00,264487,530319,26267,39761
2026-09-15,22678,14300,12058,8830,4319,4942,360046.00,-585466.00,3792722.00,7231733.00,41603.7333,20304.2333,50654,20591.7143,3256337.00,4201849.00,259223,523294,28665,42651.6667
2026-09-14,31383,18001,13591,14788,5273,6647,-349918.00,-678051.00,4502096.00,6927300.00,41297.0667,20203.3667,49407.4286,19800.8571,4365192.00,4693325.00,258794,512342,25569.3333,43861.6667
2026-09-11,65222,46500,27116,32633,23561,17508,-1357001.00,2879656.00,12901321.00,13770794.00,40074.1333,19256.0333,43965.2857,15315.4286,14905362.00,9859205.00,268285,522737,17012.3333,43919.3333
2026-09-10,31350,21494,10908,17135,12881,6803,-368919.00,376164.00,6680838.00,7826892.00,39857.7667,18919.3333,43356.7143,14204.8571,6861595.00,6116512.00,257113,518571,15070,50742.6667
2026-09-09,35013,8714,12078,19998,3997,3687,-588265.00,814974.00,6338037.00,3455135.00,39523.6333,19010.4333,43914.5714,16809.5714,5104491.00,3701252.00,253970,504422,16477.6667,63870
2026-09-08,65395,20829,33760,26250,7031,10151,2230960.00,232707.00,14773690.00,6817958.00,38284.7333,18663.9667,39720.8571,15514.2857,7968199.00,9966452.00,248863,490486,13689.6667,49624
2026-09-04,51820,15667,26587,20723,7769,6323,293985.00,810070.00,9354960.00,4265492.00,37679.9,18862.3333,38839.7143,16030.2857,6468669.00,5952584.00,257785,497754,13501.3333,41393
2026-09-03,74395,12937,9999,61958,4825,6157,-2318164.00,-900461.00,17729374.00,7465148.00,36001.0667,18796.7667,35425.2857,17767.8571,16157758.00,4468555.00,261250,441270,13762.3333,25624.6667
2026-09-02,22657,12465,11002,9872,6269,5114,-594058.00,655646.00,3288616.00,3107894.00,36850.4333,18794.2333,35832.1429,18160.1429,3542466.00,2292762.00,257399,433614,18589.6667,31045
2026-09-01,27127,15102,11340,13298,7385,6182,284334.00,925737.00,4513588.00,5619642.00,36836.2,18737.3,36377.4286,19442.1429,4710994.00,4069591.00,252422,423653,17476.3333,34015.6667
2026-08-31,27090,13720,12175,11762,4239,7420,1837750.00,-2210921.00,5254123.00,9568360.00,37114.4667,18611.8,36778.8571,22988.4286,2975718.00,7024389.00,248315,412211,19329.3333,40203
2026-08-28,38918,26947,15013,19898,15376,8654,-991585.00,-288102.00,6687493.00,5759408.00,36766.9,18408.1667,43459.2857,20958.1429,5288833.00,4585350.00,260165,436067,18713.6667,44061.6667
2026-08-27,36039,11762,16523,17231,4626,6017,-680843.00,-770929.00,7119142.00,4290786.00,36723.8,20856.3,43315.8571,22575.7143,5290413.00,5380499.00,257699,427020,19863.3333,40550.3333
2026-08-26,45652,19279,18124,23908,7904,9446,-1576967.00,196146.00,9436307.00,5456938.00,35994.1,20536.1,40394.7143,22736.5714,7756076.00,5982963.00,251423,414310,21462.3333,35647.6667
2026-08-25,50494,25100,25696,19302,10631,11731,646561.00,-335093.00,9933338.00,8767790.00,35224.6333,20039.9,38603.7143,22622.7143,8149493.00,9131147.00,239971,401058,25943.6667,28783
2026-08-24,25505,15211,9661,12891,7329,6214,-520497.00,695387.00,6040388.00,6637408.00,35708.2333,20306.0333,41467.1429,22654.7143,6279248.00,5063364.00,231535,391914,25118.3333,48841.6667
2026-08-21,30944,24076,14097,14357,8561,12658,-556665.00,1384414.00,6798619.00,3903247.00,36066.5,20112.1333,41063.7143,20984.8571,5839179.00,3898100.00,266476,447706,24788,50205.3333
2026-08-20,29900,38544,13533,13422,21350,15975,-1107915.00,4095828.00,6548387.00,45746765.00,39717.3333,19229.3,42304.4286,17311.5714,36535527.00,14751254.00,262891,440752,18741.6667,48640
2026-08-19,85681,12735,19396,63647,4982,6699,-2381642.00,-612984.00,11768256.00,5245359.00,37690.9,19285.9,39186.5714,19869.7143,10593522.00,5548719.00,259334,448747,22597.6667,32732
2026-08-18,35035,23085,16108,16517,7377,7254,139550.00,188870.00,5876221.00,6999846.00,37640.1667,19096.9333,48307.4286,23700.7143,5243763.00,5194443.00,257455,445117,20047.6667,36236.6667
2026-08-17,25204,20405,10480,12190,6534,11975,-983871.00,-10594571.00,5038291.00,17149903.00,37680.0333,18832.6,49418.5714,23690.2857,4601422.00,15131292.00,254049,438626,17375,37208.6667
2026-08-14,37957,24303,13041,20843,13612,6784,-1483872.00,466563.00,8761099.00,8578916.00,37873.6333,18767.4333,45851.8571,21575.5714,7335600.00,5385165.00,270950,467948,13551,37418
2026-08-13,45549,15435,24014,16819,4540,7034,1295685.00,-3798584.00,9532748.00,12746078.00,37313.8,19279.8333,43368.8571,22492.4286,4658919.00,9753188.00,270058,456218,18620,43520.3333
2026-08-12,28120,12387,10212,15116,5879,5459,-1275806.00,-54707.00,7497067.00,4099495.00,37311.2667,19334.1333,43094.5714,22061.2857,5832893.00,4611794.00,266244,450059,31125,67107.3333
2026-08-11,38585,12831,19944,15475,4481,6978,2125771.00,-2376664.00,10795566.00,6132196.00,37052.9,19346.5333,40751.4286,22367.5714,5586836.00,10089271.00,263555,438376,33625.3333,65239.6667
2026-08-10,63856,30642,24952,29793,13163,10452,-3678592.00,2238689.00,12366508.00,10680841.00,36025.6,19270.7333,35705.4286,20573,13095455.00,7178174.00,245781,417275,26578,48284.3333
2026-08-07,98881,49902,47857,42225,27530,19141,262454.00,1857471.00,26093801.00,10445819.00,33975.6667,18551.2,25130.8571,15071.7143,17616084.00,16021067.00,261663,432131,17228.3333,24713.3333
2026-08-06,32982,20332,13194,15562,7283,9309,-144712.00,-473589.00,7470674.00,5493530.00,33974.9333,18433.2667,23989,13802.4286,5428880.00,5757757.00,251221,419422,13574,22452.6667
2026-08-05,12990,9500,5265,6420,2330,6559,107863.00,-1199973.00,3524440.00,4382764.00,34600.1333,18617.8,26165.8571,13936,2969158.00,4276994.00,246531,415343,15399,25517
2026-08-04,28168,21853,13262,12339,8294,12232,154588.00,-733988.00,7557485.00,7635153.00,34645.1,18496.1,26952.5714,13902.4286,6286379.00,7174955.00,235436,406637,14141.3333,25639
2026-08-03,26200,9369,13407,10465,4115,4554,585035.00,-666520.00,5223085.00,5025348.00,35491.5333,19129.2333,26642.5714,14131.1429,4093283.00,5344838.00,229967,393360,14816,25192
2026-07-31,22183,14975,8473,11397,8148,5432,520504.00,855274.00,4294982.00,4365345.00,35783.1333,19486.8667,30350.4286,13761.7143,3925954.00,3591184.00,247011,420843,13640,26127.3333
2026-07-30,28534,18080,15176,10817,9463,7357,728101.00,-51048.00,5507075.00,6151225.00,35606.5333,19403.7667,30088.4286,13092.2857,4569010.00,5348159.00,238870,414219,11091.6667,26025.3333
2026-07-29,24859,11393,7609,15083,5513,4830,-641609.00,1104178.00,3927529.00,6718508.00,36024.4,19502.4,31599.7143,12886.8571,5624249.00,3878462.00,238036,405898,14500,28964
2026-07-28,24989,11447,9562,13112,6188,3830,-411701.00,377402.00,4775986.00,7548621.00,36123.2667,20038.1,32100,14228.4286,4860716.00,4071613.00,232510,398863,14341,28644.3333
2026-07-27,28228,10435,12717,13217,5432,3853,-162684.00,1292845.00,6403016.00,6653855.00,36557.5333,20220.7,33031.1429,24910,6709779.00,5254250.00,229690,387253,14992.3333,35281
2026-07-24,33675,21618,12548,17260,8132,12064,-1092769.00,474948.00,5176357.00,4165086.00,36182.7,19907.4667,31614.8571,23203.5714,4888203.00,3320486.00,235269,405272,12251,32956
2026-07-23,24030,10970,9752,12293,5861,4481,-508979.00,1721407.00,4378403.00,8249050.00,36933.5667,20216.7,32097.7143,23095.5714,7145175.00,4914789.00,235814,398954,11912.6667,36758.6667
2026-07-22,48138,12389,19692,24983,5520,6879,-517300.00,-248844.00,10905178.00,3958774.00,36496.3,20391.5333,30937,24639.2857,6866169.00,6691713.00,230194,386825,14729,30209.6667
2026-07-21,26700,13394,14012,9925,5179,6236,43081.00,-776362.00,6358991.00,5304357.00,38548.2333,21855.2667,33078.7143,25334.2857,4469468.00,5288911.00,223159,376673,38666.3333,32891.6667
2026-07-20,35438,9955,14991,13507,3205,6012,1787011.00,-1866580.00,11363183.00,5509830.00,39436.3,22401.9667,47934,25634.8571,4736247.00,8389838.00,217810,360664,38572.3333,28999.3333
2026-07-17,28491,20838,11025,13939,10964,7331,-1029600.00,-1427372.00,6344472.00,13408062.00,41737.8667,22491.2667,47419.2857,24719.8571,8304617.00,8702389.00,254654,446863,35031,28639
2026-07-16,34746,85206,12660,18857,35565,47315,-2126613.00,-4106084.00,8876127.00,125290763.00,46038.7667,20798.7667,47243.1429,15035.5714,58272625.00,73277914.00,256306,439478,14360.6667,30394.6667
2026-07-15,23761,9673,9165,10728,4250,4714,-284425.00,-723048.00,5573161.00,5029741.00,47675.5667,21155.4333,47620.1429,15435.8571,4543885.00,4982508.00,255307,434688,17222.6667,36371.6667
2026-07-14,27410,10214,10520,14805,3645,3840,-1145217.00,-455325.00,6423381.00,5593647.00,49429.7,22769.2333,49956.5714,17169.2857,5221488.00,4531596.00,252042,426529,17837.6667,73710
2026-07-13,40013,23195,14613,21773,9783,11715,-708454.00,-1505457.00,11915407.00,12239749.00,50224.9667,22607.5,48348.1429,18256.7143,10650376.00,11447379.00,242977,412374,14917,68668.3333
2026-07-10,41692,18259,17731,19212,7239,8580,-674474.00,-1548221.00,9653354.00,7657226.00,50177.7667,22494.2667,46398.4286,17650.5714,7399119.00,8272866.00,258434,433488,14636,65942
2026-07-09,139425,12059,118262,16666,3013,7909,4045127.00,-6744186.00,80476885.00,9977419.00,47993.2,23059.1,30885.4286,17814,6945537.00,81543250.00,258491,407208,14774.6667,28267
2026-07-08,24888,14433,8290,14013,4022,7862,-899170.00,-2093817.00,5736293.00,8529605.00,49447.2333,23911.0333,32049.5714,19804.7143,5314005.00,6508652.00,254701,401804,17413,34559.3333
2026-07-07,33513,17416,12824,17552,6520,8455,-1269651.00,-1659375.00,9082844.00,9377026.00,50001.3,24157.4667,32602.4286,21361.8571,8192062.00,8581786.00,250893,394953,21876.6667,32973
2026-07-06,26400,12475,10091,13481,4603,6175,-1575923.00,-2415428.00,7414512.00,10546237.00,51384.4333,24724.6333,33539.5714,21978.8571,7416820.00,8256325.00,245863,388614,22390.3333,33521
2026-07-02,43765,22348,19667,19598,12058,7969,-165476.00,-354008.00,10940806.00,5505339.00,51420.9333,24657.3667,31822.5714,20934.2857,6941880.00,7130412.00,258685,404547,19342,29210.6667
2026-07-01,28754,30807,12658,13880,10738,16665,-558417.00,618965.00,7134313.00,10188203.00,52022.3,24679.2,31931.5714,19133.5714,8150693.00,6973311.00,253229,399809,18529,30638.3333
2026-06-30,28044,14016,12142,12266,6367,6105,-268270.00,-187480.00,7246499.00,5324954.00,52660.3333,25987.7,35295.7143,21183.1429,5733550.00,5652760.00,247397,389134,23295.6667,33751.3333
2026-06-29,30834,13203,13664,14536,6904,5280,-539382.00,872200.00,6257239.00,9708082.00,53244.7333,26445.0333,35309.5714,22969,8198494.00,6786912.00,242735,377005,24492.6667,34460
2026-06-26,33037,28368,14927,13667,10117,11050,-37866.00,-417652.00,7639180.00,9741904.00,54329.4667,26573.3667,33909.4286,21143.1429,6899810.00,7279596.00,267073,399666,20048.6667,34029.6667
2026-06-25,37383,28316,14083,20522,10088,16483,-852698.00,-5000641.00,6603537.00,14446953.00,55730.2667,27177.5333,33911.1429,19148.2857,7790324.00,11938267.00,257999,384895,16677.3333,31407.6667
2026-06-24,32960,16794,11921,18763,9314,5773,-234241.00,1687106.00,7482892.00,8099882.00,57214.0333,27761.3,33196.1429,20680.2857,8047108.00,6125761.00,252871,377366,20533.6667,37618.6667
2026-06-23,31746,15036,14538,13632,5931,6751,171874.00,-404369.00,10416297.00,5877199.00,58359.0667,28457.3333,34554.7143,20805.5714,6832566.00,7408809.00,247158,367122,24089.6667,37347
2026-06-22,29517,18202,11784,15308,8257,8124,545099.00,-129518.00,8766237.00,6909434.00,60197.4667,28709.4667,33542.2857,19951.1429,6662546.00,7337163.00,237454,354632,23218,35253.3333
2026-06-18,51593,28363,24513,22260,14363,9551,1469268.00,-250921.00,13626679.00,7120954.00,61443.9667,29236.5667,32822.7143,18791.7143,7667292.00,9387481.00,281962,440821,18547.6667,30520.6667
2026-06-17,30931,25704,15560,12841,11429,12698,848964.00,-8907417.00,8301589.00,23947836.00,61285.4667,28938.2,33406.8571,17638.8571,7420642.00,23898459.00,278013,433719,19152.3333,29528.6667
2026-06-16,23236,15587,9453,11676,6112,8016,-558929.00,-1306374.00,5623144.00,6116825.00,61583.7333,29315.6667,42695.7143,23598.7143,4935974.00,5683179.00,272384,427964,19261,35535.3333
2026-06-15,37395,14352,18155,16472,5411,5871,-142239.00,-367467.00,9971875.00,4951797.00,62093.3,29966.2,46222.1429,25313.5714,6630985.00,6856213.00,270881,412756,18550.6667,30547
2026-06-12,27955,27518,11844,12669,18803,7036,-212399.00,-191438.00,7171049.00,5528497.00,63170.4333,30745.0667,56162.5714,24742,5625128.00,5604167.00,282766,441001,16127,36747.3333
2026-06-11,41256,15913,17854,19994,7505,7401,-1283916.00,-82373.00,10950087.00,7870598.00,63310.2333,31320.1333,73665,27387.4286,9386866.00,8185323.00,277992,427888,16700.6667,34668.6667
2026-06-10,22430,12221,7501,12688,4771,6437,-2249997.00,-1708378.00,6585618.00,9068649.00,64154.8,32157.2333,80870,28552,7510016.00,6968397.00,276595,423328,31729,56611.3333
2026-06-09,46556,20247,19135,23381,9222,8438,274967.00,-223558.00,12717708.00,10215161.00,64279.1667,32402.9333,85652.5714,34035,9730899.00,10229424.00,272615,414946,33765.3333,61786
2026-06-08,35020,17634,15177,16485,7123,7627,-1114861.00,-855730.00,10560101.00,11557850.00,66678.2,33684.9333,89774.1429,34136.2857,8348276.00,8089145.00,265128,403813,35726.3333,82625.3333
2026-06-05,88258,57306,35121,45748,21454,30406,-2556707.00,-2968421.00,26643256.00,20363251.00,68962.4667,33523.3,82919.5714,28072.8571,20884814.00,21296528.00,287275,447988,28101.3333,107797
2026-06-04,62080,26356,23939,31414,11249,12675,-2063070.00,-1560122.00,20619447.00,6960485.00,69141.5667,33677.2,84606.4286,28451.1429,12710487.00,12207539.00,276089,437816,26107,111392
2026-06-03,97538,23517,35603,53295,10204,10962,-7152884.00,-2218525.00,42868917.00,13226188.00,67031.5667,33686.0333,80459.4286,30804.5714,27840390.00,23298031.00,278226,430453,37810.6667,105557.3333
2026-06-02,163773,34431,78881,71903,12244,18113,3398652.00,237960.00,76419761.00,10820201.00,62947.3333,33346.5667,64225.4286,29430,38288480.00,41449172.00,266916,395241,32448,72256.6667
2026-06-01,72865,20373,32389,35175,7639,10738,138959.00,468270.00,33985753.00,5307432.00,65442.7667,34183.4667,63515.2857,30732.4286,18419086.00,18089775.00,257298,373862,30611,61393.6667
2026-05-29,80034,58628,35176,36284,20687,24320,-1654062.00,-3282463.00,23415595.00,10112862.00,65051.8667,32970.2667,58490.4286,25261.2857,14507300.00,16135701.00,277738,402919,20736.3333,59345
2026-05-28,63871,18343,28679,29334,9156,7232,-345343.00,1362472.00,24545232.00,5621276.00,66620.0333,33867.8333,56051,27135.4286,14383786.00,12675971.00,271374,387412,27952.3333,60891
2026-05-27,40276,14862,17005,18735,6015,6783,-1056749.00,328745.00,12170688.00,4878227.00,68115.5667,34235.1,57038,32622.4286,8296389.00,6910782.00,266519,381291,31268,64177.3333
2026-05-26,73888,29004,32683,34356,15598,10791,1098672.00,1424448.00,31262468.00,10056000.00,67156.7,33712.9667,53392,32325.1429,19274840.00,18949064.00,254782,358684,31430,62179.3333
2026-05-22,68509,39991,29318,31719,24632,12600,-252910.00,2591674.00,23014520.00,7090119.00,66312.3,32954.2667,52973.4286,31214.7143,15133835.00,12289251.00,268690,385864,24876.3333,54296.3333
2026-05-21,50135,24809,24609,21595,10521,11895,-475638.00,1072999.00,17049361.00,7361226.00,65328.0333,32688.2,57155.1429,34305,12198098.00,10649461.00,260739,374292,27094,53183
2026-05-20,67894,29490,30879,30347,14092,12295,823428.00,778778.00,22515698.00,8480771.00,64039.9333,32123.3,58523.5714,34993.1429,13882238.00,13926888.00,247229,361592,35021,46280
2026-05-19,44860,20330,21179,18077,9952,8545,3466014.00,-667484.00,21285460.00,12174418.00,63208.2667,31806.8,61557.4286,37219.8571,13626838.00,17760336.00,241833,349984,37218.6667,47448.6667
2026-05-18,46795,31462,20873,20414,14363,12888,973211.00,-14803.00,15379614.00,11737332.00,62550.2667,31067.0333,66968,36406.1429,11277140.00,12265154.00,226950,335202,37470.6667,53710
2026-05-15,47185,53271,21422,22237,19347,27040,2986309.00,-440191.00,18546674.00,15857735.00,61644.6333,30043.2667,72939.8571,35106.8571,13653387.00,17106509.00,285245,402913,35194,64450.6667
2026-05-14,48366,26923,20337,21879,14808,9962,-1171697.00,954527.00,14190581.00,10131217.00,60750.2667,29528.4667,69769.8571,33654,11949084.00,9822860.00,278287,399542,37655.3333,74153
2026-05-13,65579,32218,23995,35211,16264,12157,-5095519.00,1220109.00,22834993.00,8904701.00,59665.5667,28824.6,64999.1429,32895.8571,17809449.00,11493821.00,271011,398132,38888.3333,74325.6667
2026-05-12,79407,46441,31255,41307,21819,19376,-4950852.00,1286818.00,39371320.00,19178493.00,57992.8,27870.6,61181.2857,31099.7143,30298299.00,24060629.00,261106,369478,31996.6667,76079.6667
2026-05-11,77473,34307,35371,35660,13850,14299,2562004.00,2291753.00,42463880.00,14040061.00,56014.9333,27516.2667,58723.5714,33467.8571,25903035.00,26173286.00,246220,349949,35286.3333,79918
2026-05-08,66097,35917,26024,35058,22333,10003,-2286674.00,386970.00,23565147.00,6096864.00,54482.9,26790.1333,55774,33074.7143,14698048.00,12024404.00,280759,371138,28898.3333,66611
2026-05-07,84669,25766,25243,49253,14049,8387,-6243244.00,1439163.00,28283269.00,8225600.00,52237.9333,26162.2333,50502.2857,34727.2857,20037786.00,12355379.00,270967,355309,29280,49116
2026-05-06,88988,44176,44863,37276,15485,23094,3734423.00,-3242280.00,49673010.00,16404116.00,49825.5667,25119.9667,44973.5714,32361.8571,26581354.00,33558057.00,257665,347679,25844,37014
2026-05-05,26176,16753,12050,12015,7777,7094,-347509.00,-1286786.00,9643269.00,6288385.00,50004.3333,24895.8,56518.5714,37982,6883992.00,7823269.00,250564,341306,37221,48378.3333
2026-05-04,32184,26911,12567,16882,13658,8583,-1123209.00,1731176.00,14151677.00,9092470.00,50122.3333,25098.8667,74318.8571,41631.4286,11686259.00,8831874.00,238801,335303,39305.6667,52800.3333
2026-05-01,52682,33868,22204,25790,15757,14907,-1229569.00,-509321.00,17336907.00,7349515.00,49402.3,25046.6667,76429,41217.8571,11622316.00,10902068.00,283935,372994,40461,51162
2026-04-30,60269,50884,32439,21588,18820,28941,4650019.00,-1935060.00,25766240.00,12801063.00,49278.8,24411.2667,72710.2857,37346.1429,14433355.00,21018434.00,258284,367429,32705.6667,47834.6667
2026-04-29,45450,33165,17651,23956,17163,13477,-611524.00,371336.00,16188648.00,10134126.00,50333.7,24795.1,72109.7143,36072.1429,12749866.00,11767006.00,248227,355961,40348.6667,68348.3333
2026-04-28,47767,37334,17746,24202,18746,15624,-1098604.00,1161898.00,20132432.00,13635010.00,49724.7,24069.2667,86389.8571,37235.8571,16150373.00,13889871.00,232393,345567,45389.6667,104688
2026-04-27,50287,27618,22454,23507,15458,9915,-2027706.00,1892623.00,26233225.00,11031789.00,48839.5333,24114.6333,88964.1429,36466.4286,18784992.00,14864663.00,220174,335890,46508,110410
2026-04-24,106991,56094,44437,53625,33091,19289,-4137218.00,2998417.00,44141535.00,13772324.00,45847.5333,22795.9,89524.8571,34920.1429,29879417.00,22743782.00,239216,367624,35737.3333,86159
2026-04-23,156786,52457,68651,75314,23561,21097,-2750091.00,1644993.00,92786794.00,19297589.00,41227.6,21337.1667,79290,31123.4286,52761665.00,48366581.00,222606,345424,26334,47645.6667
2026-04-22,67453,30973,36034,25249,13245,15132,4351348.00,1173849.00,37744084.00,12727387.00,39694.4333,20688.9667,76099.8571,28604.4286,21253653.00,24431152.00,213226,331777,31169.6667,74404
2026-04-21,34238,23782,12245,18074,14699,7324,-3204673.00,1142728.00,17530678.00,8309945.00,39693.7667,20528.9667,77376.8571,27668.4286,13818521.00,9471120.00,201918,326131,30653,85760.3333
2026-04-20,41246,24247,17149,17552,12515,9756,-362453.00,1411000.00,18972954.00,5527758.00,39384.6333,20677.4667,74428.4286,26608.4286,11332539.00,9559086.00,188750,310616,37660.6667,108983.6667
2026-04-17,147728,45480,69098,67336,23831,17127,509125.00,345251.00,59874021.00,13356734.00,35427.9333,19885.1,57503.1429,21903.1429,33019809.00,33183683.00,231403,354932,31127.3333,88121.6667
2026-04-16,68307,22232,28640,34506,10044,9571,-2937937.00,1176246.00,32112223.00,8148954.00,34117.8333,19466.4333,50589.2857,20275,20586973.00,16472790.00,223278,341075,28163.3333,80393.3333
2026-04-15,110916,45270,50262,51427,21814,19946,-885639.00,-1813208.00,53964817.00,15538425.00,31072.0667,18280.5667,38609.1429,15132,31324150.00,32251719.00,203467,332653,18816.6667,57813.6667
2026-04-14,85142,25880,39808,37899,12801,10712,-765526.00,-171207.00,31499767.00,7126019.00,29191.7,17864.5,29305.4286,14657.4286,18000048.00,17405729.00,193933,311703,15799,36302
2026-04-13,45122,13340,23961,16775,5590,6264,1436968.00,-496680.00,10641127.00,4851166.00,28688.6667,18578.5333,25935.8571,14391.5714,5961608.00,7895256.00,189035,298566,15533.3333,31011.6667
2026-04-10,43177,17230,20645,17457,7919,7118,-2141329.00,936644.00,13600312.00,5541166.00,28172.2333,18765.1,24487.4286,13516.1429,9460528.00,6382555.00,197873,306830,13401.6667,23256
2026-04-09,20607,16827,8500,10237,6498,8809,-1680303.00,-619905.00,6753637.00,3664508.00,28334.8333,18717.7333,25718.4286,13658.1429,5264723.00,4204325.00,189279,300183,10882.3333,25405.3333
2026-04-08,29251,12543,15847,11397,4911,5996,1619257.00,115990.00,8620218.00,4445004.00,28461.6,18779.7,24130.7143,15248.7143,5207156.00,6710423.00,185773,288704,14220.6667,22327
2026-04-07,19910,10835,9315,7901,5634,4242,665059.00,1169374.00,6205443.00,5367492.00,28571.2,18944.0333,24163,15719.8571,5322796.00,4818481.00,183092,282638,14435.3333,22868.6667
2026-04-06,27055,9269,15917,8867,4410,4122,144947.00,-432177.00,7276836.00,4003719.00,28658.2333,19749.9,22772.2857,15385.5714,4776586.00,5353710.00,178318,268646,15046.3333,24863
2026-04-02,20016,22558,8875,9506,8756,8112,-552929.00,-258861.00,4396913.00,6719853.00,28559.3333,19608.5333,22286.7143,14007,5269108.00,4975040.00,185484,289234,13467.3333,27932.3333
2026-04-01,21535,11479,9234,10364,6505,3888,-310773.00,1164558.00,6128103.00,4598732.00,28551.5667,19670.7,23715.8571,13799.7143,5637245.00,4161914.00,183148,283132,17533.3333,26799.6667
2026-03-31,33038,11102,18297,11701,4881,5248,746201.00,-523331.00,8654603.00,5688223.00,28219.9667,19765.7333,24099.5714,16928.4286,5894222.00,7163754.00,179465,270651,18543.6667,22499
2026-03-30,29224,17821,13645,10886,10147,6179,174033.00,2216919.00,6298723.00,11269986.00,28192.2,20291.4,24364.8571,18997.1429,8931056.00,6888170.00,175593,258046,14913,18531
2026-03-27,18137,23677,7518,8017,15279,6683,-311245.00,-48637.00,3086610.00,8472005.00,28541.4,20085.2333,29854.4286,20160.7143,5412062.00,5149454.00,188011,282962,11323.3333,18024.3333
2026-03-26,20136,14133,7185,10375,7769,4992,-877037.00,-299795.00,6028946.00,7636185.00,28768.4,20191.6333,37991.7143,24524.5714,6308606.00,5731364.00,183608,279976,9955,21825.3333
2026-03-25,17320,6929,8856,6620,3858,2255,330667.00,166721.00,3729038.00,2131459.00,28870.1,20604.9333,39731.2857,25757.4286,2507498.00,2671444.00,181614,274755,18646.3333,27960
2026-03-24,16617,12908,7339,7263,6640,4477,190775.00,247201.00,3868986.00,5357841.00,29281.2667,20848.2333,40747.7143,28053.2857,4121991.00,4065565.00,174625,269468,25111,32781.3333
2026-03-23,31539,10028,17825,10008,5101,3929,1298447.00,157603.00,7425544.00,4270715.00,30131.5667,21964.7333,38703.7143,28982.4286,4422023.00,5562867.00,172040,256364,32375.6667,41123
2026-03-20,35724,33003,16358,16086,16893,13622,-410716.00,-14104.00,8950548.00,11828748.00,29864.4333,22120,36198.5714,25509.8571,9294737.00,8898125.00,219056,345094,36268,54914
2026-03-19,31081,32302,12136,16053,21620,8622,-2696545.00,12652889.00,8794927.00,40187502.00,30521.4333,22383.0667,34823.8571,22542,40290824.00,6917205.00,223921,342631,30687,54386
2026-03-18,56564,31822,24810,26823,17096,11323,107126.00,5412021.00,16546115.00,20399768.00,29771.1667,21969.9667,31631.5714,20707.7143,19710614.00,14405719.00,223361,342171,29739.3333,43442
2026-03-17,77097,44680,27269,41050,19613,18141,-4465852.00,1793544.00,23290904.00,15734435.00,28723.0333,21439.7667,25185.1429,18425.1429,20609417.00,14350021.00,205713,314495,20356.6667,23486.6667
2026-03-16,29497,15559,14440,11911,6820,6341,1019562.00,667803.00,10023913.00,6819783.00,29458.1333,22403.7333,25118,19303.7143,7560551.00,7912310.00,200253,302921,18068.6667,19717
2026-03-13,23732,28979,10052,10789,18848,7390,895279.00,1092300.00,7454919.00,9394351.00,30805.6667,22306.3333,25871.1429,16545.5714,7495228.00,7298207.00,218906,323703,12251.3333,18959
2026-03-12,17231,16532,6446,8203,6734,8805,-342029.00,-227474.00,4281985.00,5401486.00,33334.3333,22746.9,26201.4286,15568.7143,4482384.00,4189829.00,214724,320180,13068,24621.3333
2026-03-11,18188,8695,8125,8255,3107,4665,-367648.00,-775240.00,5395610.00,5616968.00,34379.1667,23142.6667,27707.5714,16240.5714,4866416.00,5274008.00,212463,316472,19737,29216
2026-03-10,21458,11527,10669,9424,4548,6194,169554.00,-1298930.00,6990042.00,5938138.00,35063.3333,23494.3,28932.2857,19559.7143,5308817.00,6777301.00,210491,309696,23131,31739
2026-03-09,34218,18982,18154,12027,7080,8757,958558.00,-609400.00,9297074.00,10946306.00,35598.5667,24480.5,27998.8571,20109,7652478.00,9220436.00,208491,299210,20027.6667,30001
2026-03-06,31972,28702,12453,16418,18422,8172,-1098266.00,850592.00,5952404.00,9268973.00,35824,24349.0333,27072.1429,18209.5714,7761356.00,5812498.00,223397,319457,13691.6667,25858
2026-03-05,29027,21709,10302,15533,11234,7398,-1189703.00,1877743.00,7544997.00,20514544.00,37617.3667,24722.5333,27647.4286,17165.7143,9903388.00,6835942.00,221422,316541,10921.3333,25759.3333
2026-03-04,29004,9672,16090,11068,5571,3242,1109852.00,17698.00,9454685.00,4856650.00,37822.1667,25154.6333,26818,18036.1429,6192368.00,7284522.00,218287,305573,19284.3333,26101.6667
2026-03-03,19543,9694,7079,11039,5296,3712,-1455487.00,1620791.00,7449728.00,7056602.00,39085.0667,26587.8,28264.1429,21429.1429,8292814.00,5216536.00,216698,300959,23662,28815.3333
2026-03-02,28731,13398,15050,10627,6952,5341,2419493.00,-412340.00,10584902.00,5704517.00,39438.8667,27526.9667,26595.2857,22131.8571,6062926.00,8894759.00,212118,289518,24331.3333,27733.3333
2026-02-27,30031,34761,12008,14913,22025,10671,-312580.00,648804.00,8077365.00,9171155.00,39516.5,27285.4,25348.2857,19072.2857,8305501.00,7344117.00,234306,309121,17545,28741
2026-02-26,27684,22827,13032,12503,12695,8905,-54079.00,-1376684.00,9983907.00,5978346.00,39777,27248.3,24692,17804.5714,6803177.00,8125782.00,224925,304362,15191,27245.6667
2026-02-25,25485,15406,13900,9497,10092,4587,1785156.00,830525.00,10682574.00,5112571.00,40195.1667,27620.2667,25107.1429,20402.4286,7025843.00,7980474.00,216796,301405,21204,28639.3333
2026-02-24,33054,14402,18068,12533,5675,7465,2915711.00,-16601.00,13346851.00,6340039.00,43892.7333,30070.5333,24472.7143,20843.8571,7823786.00,10756098.00,210620,287100,22509,23304.3333
2026-02-23,23198,15765,11431,10165,9063,5740,909586.00,1005264.00,8838045.00,7896240.00,44181.3667,30187.8667,25008.1429,21066.7143,7786654.00,7696234.00,205639,278290,21702,22672.3333
2026-02-20,29666,33445,11494,15026,22708,8567,-1779594.00,1503932.00,12479280.00,8855395.00,44908.5333,30173.9,23680.2857,19050,11523936.00,8240410.00,233115,316319,15204.6667,20480.3333
2026-02-19,17049,18317,8015,7343,8409,8882,1121236.00,-848962.00,11006084.00,6678986.00,46491.4333,30740.1,25380.7143,19320,7366772.00,9336970.00,226285,313729,20296,24261
2026-02-18,21302,13344,8964,10778,6317,6053,-1955261.00,-550992.00,11104890.00,4623369.00,48324.1333,31736.9667,30487.2857,23631.2857,7948030.00,6543761.00,221462,309064,21678.6667,26698
2026-02-17,23090,13953,10897,10530,6330,6425,-791657.00,-130444.00,7528746.00,8619970.00,49034.8333,32696.6667,31147.2857,27018.1429,7865425.00,7204212.00,218048,302153,22802.6667,27983.3333
2026-02-13,28391,33591,13477,12180,9924,21533,1294688.00,-937440.00,8876285.00,6904891.00,48802.7667,32080.6667,34347.2857,27961.4286,6093558.00,8297972.00,233368,324148,18048.3333,25310
2026-02-12,28613,17492,9929,16782,6693,6935,-2490885.00,85949.00,8389388.00,9746671.00,48512.2,32181.2333,35124.8571,28238.1429,8715628.00,6138794.00,236357,317273,18953.3333,25423
2026-02-11,26946,17325,9005,14224,7887,8253,-1313786.00,-1892191.00,8287441.00,11092704.00,48650.2333,32285.2,37797.2857,29873.7143,8713013.00,9291418.00,235147,310889,27686,35457
2026-02-10,20371,19328,7485,11411,9652,7745,-1895100.00,1206937.00,9164700.00,7487797.00,49132.0333,32735.0333,42251.4286,33466.5714,9447294.00,6345257.00,228320,308266,33797,37903.3333
2026-02-09,28952,20207,12690,12804,9990,8985,-707642.00,166105.00,11910661.00,7965078.00,48727.3667,32435.5333,47280.8571,34302.2857,9519574.00,8646367.00,219622,299315,40459.3333,45183
2026-02-06,57048,43523,31753,21590,16142,18542,3851204.00,1523132.00,17638822.00,13849711.00,47721.2667,31474.0667,52429.8571,32334.5714,13398225.00,15726297.00,239706,317041,32428,37519
2026-02-05,27710,37661,9584,14773,14105,19062,-1813890.00,-5246579.00,11028991.00,30423366.00,47876.1667,31112.6667,55547.4286,29892.7143,16066088.00,20741777.00,241534,310288,29465.6667,43500
2026-02-04,50791,40194,17575,27652,19246,17440,-3811886.00,-1463797.00,23174208.00,27287251.00,47832.0333,30788.2333,54289.1429,27304.4286,24142405.00,21794316.00,237489,302209,30893.6667,43753
2026-02-03,34056,19429,16397,13973,8136,9324,1200593.00,132575.00,17223036.00,11174420.00,47665.9333,30997.6333,56606.1429,31467.1429,12512984.00,13581002.00,231395,295637,33103,53787
2026-02-02,45653,28774,18474,21833,11975,14214,-1765612.00,-1348158.00,22333424.00,17916879.00,47399.0667,31039.5667,55617.8571,30893.4286,18498896.00,18081442.00,223871,285202,33428,69599.6667
2026-01-30,51550,44478,18984,26454,26817,14449,-2692087.00,-3276104.00,20545236.00,15259167.00,46619.4333,30470.5,60086.1429,29241.4286,16054395.00,16638412.00,252284,312357,25458,68927.3333
2026-01-29,64158,26057,21038,35464,11753,11259,-9196467.00,234156.00,33001273.00,11637457.00,45662.6,30490.3333,55941.8571,28752.5714,24749350.00,15318727.00,246892,305465,24131,61535.6667
2026-01-28,93091,29749,46318,38411,14447,11029,6320488.00,-763659.00,64565161.00,9742810.00,44637.8333,31331.9,50847.4286,32029.7143,30627952.00,37712099.00,236007,296688,30404,47263.6667
2026-01-27,49533,20568,20734,21984,8855,7852,-6003048.00,75052.00,25559431.00,8973490.00,44284.3667,31478.1333,49392,35030.4286,18160159.00,12082059.00,227081,283410,31800.6667,43664.3333
2026-01-26,41983,22076,15669,20181,10883,7943,-4054129.00,891381.00,18994395.00,11582099.00,44350.5,31577.5,48017.2857,35807.2857,15740169.00,10762159.00,219842,275251,35413.3333,57279.3333
2026-01-23,50275,48568,19576,25327,31946,13287,-6383382.00,1206924.00,23482424.00,11954270.00,43712.6,30486.2,45906.4286,31971,19779120.00,12188814.00,237219,299687,26769,52237
2026-01-22,38735,24758,14926,19053,12568,8749,-1499763.00,-167979.00,21077023.00,9928254.00,43600.8333,30329.7333,45805.7143,32229.1429,14387252.00,13055468.00,227645,289192,36079.3333,58468.6667
2026-01-21,82828,32914,33324,41993,16761,13580,-1393500.00,3980063.00,38100214.00,20819831.00,43072.8333,31342.1,54541.8571,40085.7143,29560355.00,24162982.00,216559,271958,38965.6667,43974.3333
2026-01-20,35148,22635,14717,16908,10719,9621,-2097133.00,1003872.00,19259591.00,11140619.00,45943.9667,32975.0333,54071.7143,39607.1429,15351297.00,12250292.00,207594,263088,40592,43045
2026-01-16,57430,52689,27195,26165,27223,21100,-603985.00,417558.00,36972960.00,17948358.00,45013.8333,31732.7,53221.8571,36798.1429,26209667.00,25188124.00,349479,360357,30267,35734.6667
2026-01-15,39345,41573,18381,18058,25795,11873,314505.00,145083.00,20727573.00,15381298.00,45313.0667,30961.3667,56820.5714,35902.4286,17149364.00,16450786.00,328679,355421,25264.3333,35296.3333
2026-01-14,32360,27514,12050,16979,13238,11688,-2106476.00,1357657.00,17813731.00,11150498.00,45037.4,30800.8333,63095.2857,38150.4286,14730869.00,11266736.00,323105,348946,45396.3333,72503.3333
2026-01-13,35499,21714,12540,19868,12030,7121,-4149070.00,1234040.00,24055160.00,7947926.00,45186.0333,30630.7667,64368.4286,41154.7143,17210288.00,11827178.00,318423,344122,44586.6667,71289.3333
2026-01-12,38030,26565,14995,19566,12783,10904,-3272825.00,127313.00,26787316.00,9886819.00,45215.8667,30608.3,61996.8571,39518.4286,18345454.00,14945316.00,310387,336565,46740.3333,75773
2026-01-09,143981,87910,66803,66810,44182,36522,5379010.00,810105.00,110186883.00,25585189.00,41972.3667,29050.3,44270.4286,29889.7143,61180407.00,65055297.00,322009,351333,29204.6667,49291.3333
2026-01-08,31857,19285,12398,16937,7594,9534,606074.00,-427570.00,16821312.00,7766281.00,42169.2,29385.1,44160.4286,30055.2857,10413367.00,11447011.00,318914,349759,37193,64100
2026-01-07,51481,33026,24321,23070,13944,16065,1953647.00,-1768927.00,37307336.00,11517431.00,42563.1,31424.7333,41781,30026.2857,20546832.00,24269406.00,308251,344409,40432.3333,61743.3333
2026-01-06,64536,35303,29621,28509,17600,14108,113941.00,-8530.00,41635533.00,14815129.00,42663.7667,33364.3333,34963.2857,26586.1429,25169077.00,25291548.00,298364,336040,33701.6667,47374.3333
2026-01-05,76283,43250,37482,32230,17985,19039,5286202.00,-1706753.00,49028267.00,14185016.00,41785.1,32974.3,27903.5714,22504.5714,25045651.00,32038606.00,284264,318707,26121.3333,28578.6667
2026-01-02,44411,42744,21703,18034,21141,18212,1530234.00,-535754.00,17978661.00,23659491.00,44631.8333,32690.7667,26181.5714,20229.5714,16226713.00,20979201.00,291016,330500,18688,24137.3333
2025-12-31,21429,15111,8054,11036,6250,7063,-931102.00,400288.00,6762131.00,11746688.00,45030.4667,33384.3333,30187,22422.4286,8660160.00,7328770.00,288802,326134,24592,28602.6667
2025-12-30,19896,20509,6945,10184,7411,8644,-1329294.00,-1147737.00,7137118.00,16995390.00,46548.2333,35644.1,31498,23165.5714,9035698.00,8854141.00,284659,322635,21496.3333,27574.6667
2025-12-29,31087,20444,11916,15526,7868,9909,-1925727.00,-2484256.00,14329178.00,12493802.00,47476.1667,37408.5333,32435.1429,24535.2857,11567386.00,12127405.00,280566,315437,19574.6667,26167.3333
2025-12-26,34825,32823,12837,18206,14868,13919,-3179745.00,32742.00,12611141.00,12167207.00,48981.6,38853,31483.1429,23761.4286,12531512.00,9319025.00,292024,336274,17573.3333,25344.6667
2025-12-24,16812,11222,6180,8810,5491,4501,-884186.00,-1625934.00,6483279.00,9699513.00,50377.2667,41631.6333,34146.1429,25965.7143,5987606.00,6729354.00,290294,332879,23986.3333,36229.6667
2025-12-23,26865,14679,12512,12736,6028,6221,-358614.00,22801.00,10965815.00,9254144.00,50638.3,42258.3,39215.1429,31725.2857,9347261.00,8965846.00,286946,327639,27663.6667,36965.6667
2025-12-22,32357,26819,14360,15237,13845,10266,-1166647.00,327672.00,15550653.00,14044869.00,51243.5667,43860.2667,40154,31459,14435085.00,12417266.00,273555,314972,28734.6667,38729
2025-12-19,49467,30461,24861,19010,14262,13591,3566649.00,702786.00,18696542.00,9838549.00,51078.7,45555.1333,39368.2857,30687,11253227.00,14117090.00,320091,371878,27716.3333,31627
2025-12-18,29073,25711,10894,15694,9371,12724,-939975.00,-2633767.00,11516014.00,15235291.00,51034.0333,45715.9333,39663.2857,29275.2857,10495507.00,12189299.00,318355,362754,28030,33753.6667
2025-12-17,37647,30032,15003,18287,15242,12297,-814220.00,1570448.00,14556968.00,17685877.00,50873.7333,46554.8,39339.7143,27851.2857,15840761.00,13456093.00,319122,354799,36351.3333,41987.3333
2025-12-16,28161,27406,11418,13342,10735,13950,-267414.00,-1900997.00,13481170.00,16131603.00,51117.9667,46996.2333,44886.4286,32976.8571,12601921.00,14235504.00,314961,348212,35534.3333,45576.6667
2025-12-15,35453,26652,12383,18615,10841,13137,-1919475.00,-2257299.00,18356206.00,19779657.00,51310.7,48226.7,57147.7143,39401.2857,17392411.00,17172235.00,313541,345556,35002.6667,48414.6667
2025-12-12,62348,54996,20847,35874,30844,20016,-5312176.00,2166171.00,26595994.00,25925904.00,50309.5333,47894.4333,52458.8571,33747.4286,27828879.00,20350532.00,330241,365649,21947,38011.3333
2025-12-11,38929,24955,15578,19782,12030,11184,-173141.00,774943.00,19636486.00,10800464.00,51585.2,48946.3,53800.7143,32815.7143,14492109.00,13544025.00,324227,361155,20316.6667,36829
2025-12-10,43967,25057,18387,21831,10061,11905,-3039737.00,1911118.00,30503757.00,16874014.00,51401.3,49095.5333,50961.1429,32478.7143,24227283.00,19276428.00,315978,353470,33059.3333,44502.6667
2025-12-09,31138,15829,13100,15294,6220,8082,-394983.00,913512.00,19089432.00,9304198.00,52006.6,50233.4667,52221.1429,32590.5714,13517436.00,12208941.00,312687,349342,51657.3333,74550.6667
2025-12-08,35382,20064,14764,17036,9385,8806,-1106420.00,720204.00,23903671.00,11098716.00,54811.8333,51506.5333,52727.2857,33423,16751402.00,14924948.00,307624,343323,50109,72598.6667
2025-12-05,66988,63285,29354,32466,38156,21144,-1402183.00,1996265.00,34389303.00,15438307.00,54776,51520.6333,49825.5714,30263.7143,24728422.00,21329974.00,327459,367688,35158.3333,66376.6667
2025-12-04,121282,71623,61848,48973,30280,34546,6693423.00,-5914313.00,83091634.00,27359594.00,54082.7667,54354.2333,37894.1429,24221.7143,43511351.00,56119087.00,304725,349788,18850,33979.3333
2025-12-03,29526,15419,13216,13113,5655,7350,403048.00,-511712.00,16555220.00,8311085.00,55032.6333,56413.1,42718.7143,35478.2857,10541644.00,11456404.00,300937,344673,19247.6667,37456.6667
2025-12-02,48322,18433,23637,21314,7466,9120,867881.00,-1006578.00,24120001.00,9434970.00,54607.7667,57428.6333,45466.4286,46200.8571,14349262.00,16223721.00,296621,332953,21733.6667,34324.3333
2025-12-01,24090,22698,9857,11465,8516,12272,-634816.00,-2901523.00,15118058.00,12337257.00,56614.3,59778.8667,49156.8571,47465.2857,11195494.00,13464302.00,289841,327222,27891,41853
2025-11-28,39958,16612,18026,17906,7142,7904,62270.00,-955766.00,21021441.00,5358780.00,58009.5667,61838.6333,61993.2857,49983.2857,11208594.00,12226630.00,315876,355106,32130,41121
2025-11-26,38925,25891,19297,15520,12282,11018,4019634.00,-1149182.00,23531631.00,11715199.00,60440.2333,64570.9,61202.2857,51415.7143,12905194.00,18074010.00,309459,348103,54904.6667,49245.3333
2025-11-25,46676,41170,20485,21908,16636,20615,-590232.00,-2027035.00,26176504.00,29977343.00,61700,65738.3,63881.2857,58148.8571,23759831.00,27417634.00,303118,343343,72345,56205.3333
2025-11-24,37762,29329,16791,18071,14465,11603,-1654638.00,2686470.00,23005411.00,16449480.00,63546.1,67622.3667,66904.5714,64441.4286,20381909.00,16040801.00,295146,331370,73085,60259
2025-11-21,63298,94215,26657,32794,45447,40973,-2317241.00,-543353.00,32403330.00,57458202.00,67761.3333,68916.3,69288.8571,61861.7143,41568390.00,39713266.00,371277,405642,53092.6667,82430.6667
2025-11-20,67556,93491,22593,35134,49434,40099,-4651263.00,-2626408.00,31018890.00,130642022.00,67212.1333,67400.1667,68021.1429,62017.4286,76523141.00,80693476.00,364163,399418,33901.6667,71041.3333
2025-11-19,49923,31549,25849,21156,13842,15675,2392540.00,-471963.00,28473470.00,17854800.00,66824.4667,67305.6,65845.8571,62293.1429,20376631.00,23241134.00,355334,387682,52819.3333,76210
2025-11-18,129813,34238,64630,62841,13897,18277,298673.00,-4148297.00,356203614.00,22846016.00,64235.8,67816.3333,54517.5714,68098.8571,193613704.00,182544974.00,348289,371818,65865.6667,52580.6667
2025-11-17,33388,35918,15635,14652,18289,14578,1097355.00,2400457.00,23568853.00,25330884.00,66728.2667,69057.3667,56108,74583,22971793.00,21672396.00,339977,363866,79278.6667,68114
2025-11-14,65429,88302,28610,31452,39064,43198,1170927.00,-3094242.00,32873004.00,40643773.00,68004.1,69053.6333,50722.8571,66330.5714,30211944.00,34477113.00,384592,414237,81371.6667,65865
2025-11-13,58925,73377,24227,23582,30433,28122,-1223445.00,2849245.00,29472192.00,35959010.00,69996.7,68919.0333,46996.1429,63733.5714,31426994.00,27354304.00,384479,406400,68072.3333,57788.6667
2025-11-12,79988,76157,38001,36232,32363,38010,42229.00,7607550.00,43331905.00,36537489.00,69029.9,68305.1,40639,58661,41048485.00,33483164.00,384061,395770,67646,47964.3333
2025-11-11,58682,94581,26209,27612,38952,44683,-1671125.00,348155.00,37632009.00,35741379.00,69178.6,66931.9,38146.5714,54230.2857,35586255.00,33566975.00,350331,373358,63221.3333,43244
2025-11-10,34696,33479,15918,16348,14938,16081,-196946.00,-5767382.00,30806175.00,28914131.00,70261.0667,68013.7,37806.1429,55880.1429,24885090.00,30455526.00,338696,362945,62240,40923
2025-11-07,50515,74878,24893,22480,32649,37710,535899.00,-725027.00,30163919.00,48606954.00,71444.3333,70670.9,41618.1429,53256.2857,36446055.00,37706981.00,377180,387138,55680,35030.6667
2025-11-06,44521,81307,19529,22334,39957,36094,-2519174.00,-3786051.00,33934980.00,52514734.00,73034.6,74476.4333,40750.8571,45860.1429,40044531.00,41314828.00,353121,375596,42127.3333,32019.6667
2025-11-05,27733,30535,15511,10049,12432,15575,5001135.00,-681546.00,24150854.00,20004824.00,74483.2333,76721.0667,43831.4286,48636.1429,17677530.00,23360211.00,348178,366439,53137.6667,36520.3333
2025-11-04,32838,55198,14753,15107,25652,24655,-2121696.00,2495939.00,30852125.00,36843718.00,75824.1,78824.8,56217.2857,49073,33499986.00,28895931.00,329846,360255,49747.6667,36345.3333
2025-11-03,35488,40649,14615,17654,18731,18199,-963604.00,-724646.00,36345751.00,28658648.00,81216.3333,82336.7,60563.7143,52367.1429,29954665.00,29715707.00,314370,349734,55035,50249
2025-10-31,41235,63566,16569,21208,28004,30940,-2467125.00,-383484.00,32544762.00,26649081.00,92195.8333,91105.1,69028,65662.1429,28450841.00,26367200.00,373238,385760,43691,49320.6667
2025-10-30,32313,45028,13337,16333,21754,19966,-4362469.00,-1468251.00,33314353.00,23141221.00,96876.0333,93282.4333,72700.7143,70256,27410189.00,24515971.00,364276,381024,45337.3333,54982
2025-10-29,77199,56511,44373,28279,26701,26491,16777914.00,-826511.00,107440846.00,30818546.00,97303.5667,92785.5333,66754.5714,69168.5714,52430591.00,79421816.00,352079,369344,45919,69095.3333
2025-10-28,38450,29534,17595,18038,12070,14185,-2714693.00,-771604.00,45998224.00,18166573.00,98908.5667,93253.6,73302.5714,78264.4286,30559621.00,28616532.00,347188,359662,57310.3333,78249.6667
2025-10-27,49297,49967,21476,23507,23940,21875,-2735484.00,3206727.00,63504339.00,29583291.00,105737.6667,94548.2667,77948.1429,82327,44464395.00,38317284.00,330280,346922,92865,95312.3333
2025-10-24,119539,58256,58639,55659,26000,27935,6520495.00,-480650.00,269885504.00,25165867.00,105416,93554.7667,76849,89413.1429,132015532.00,156188667.00,369738,381941,99174.6667,74806.6667
2025-10-23,65913,63708,32783,28581,24700,34504,7996409.00,-5980430.00,66257839.00,50468490.00,108969.1333,93982.3667,79499.8571,91196.5714,43978586.00,59082337.00,371593,368485,94238.3333,64694.3333
2025-10-22,100485,156631,42778,48867,75458,69373,4956531.00,4427514.00,116673687.00,116829259.00,107035.6333,89414.5333,78451.2857,81085.1429,105728677.00,107253197.00,345562,346290,73096.3333,59294.6667
2025-10-21,58022,77185,23180,29733,41201,30188,-10924659.00,9223891.00,74862029.00,58301746.00,106815.8,87495.2667,97270.2857,89063.4286,71451990.00,51929495.00,329373,334495,73503,67226
2025-10-20,35576,48899,15372,16896,21159,24073,-5489730.00,-101803.00,57668560.00,32574120.00,106548.9667,87410.6333,99485.1429,88936,44703996.00,37141069.00,313537,326910,93156.3333,92649
2025-10-17,84286,93205,34370,44450,41574,46297,-4191480.00,-902856.00,75863226.00,51430275.00,105750,85643.8667,92914.7143,79722.7143,60198066.00,57459670.00,388708,385252,87485.3333,92710
2025-10-16,81816,78405,34399,41587,39743,33855,-6320523.00,9321379.00,98942919.00,56650672.00,105440.1,84676.4333,88677.1429,75602,78921893.00,63984621.00,380092,380214,89967.3333,96486.3333
2025-10-15,111845,107859,48460,52662,54017,44793,-6402121.00,8342620.00,226393453.00,88812764.00,102856.4,81666.2667,88151,70643.4286,140419319.00,129782967.00,365084,365944,98358.6667,122456.3333
2025-10-14,84469,76192,39156,38736,31922,38337,-1014876.00,-3267635.00,226999701.00,58844928.00,101967.8,80543.6667,90898.8571,72357.4286,135534949.00,124709508.00,348466,350736,88963.6667,111326.6667
2025-10-13,93145,85851,47444,39633,31752,47556,10867539.00,-11540834.00,217784426.00,68300845.00,101137.3333,79225.7,94550,69998.5714,123684482.00,144610585.00,320608,336422,69917.3333,93042.6667
2025-10-10,189755,133033,97253,80207,61394,62497,22114716.00,6563968.00,248575412.00,72754475.00,98008.0667,76925.6,74725.5714,59242.2857,137318520.00,160039068.00,352196,359340,42093,47175.3333
2025-10-09,51080,48007,21799,25003,23084,21492,-2463217.00,47981.00,48859654.00,20506811.00,97504.1667,76074.2333,76448.8571,60010.5714,32882687.00,30371489.00,342732,355261,50473.6667,66202.6667
2025-10-08,38293,28712,18319,17393,12254,14152,-27968.00,94613.00,34703663.00,17333431.00,100058.1667,77009.2333,80574.1429,65327.8571,24087467.00,23964886.00,336590,345940,70299.6667,88006.3333
2025-10-07,52153,49560,19814,26657,25384,20271,-8506738.00,2953886.00,73365913.00,35734085.00,99385.6333,75931.0333,85411.2857,80332.7143,58651875.00,43042026.00,329215,334917,76892.6667,110189.6667
2025-10-06,108162,73149,52064,49631,30442,37402,2626880.00,-3754930.00,163478705.00,50630218.00,97403.0333,74412.4333,83135.1429,97807.5714,97587936.00,105411681.00,309658,317540,71756,91130.3333
2025-10-03,103704,88190,41524,53642,33119,47467,-3379514.00,-2153815.00,73225151.00,23853072.00,95956.5333,73132.0667,78490.5714,99191,44471225.00,45204860.00,332394,353458,60154.3333,77610
2025-10-02,118703,69339,58199,51184,30520,33470,5146457.00,-3464442.00,106268473.00,30077368.00,94233.4667,72490.6333,71970.7143,106186.8571,58147178.00,66758077.00,324651,341844,59019,60432.3333
2025-10-01,50984,57739,22068,23270,25615,26949,-1829339.00,787557.00,49325884.00,28967757.00,94944.7,71227.3667,92866.5714,118796.4286,36599168.00,33982272.00,318908,331835,91304,72108.6667
2025-09-30,63143,53385,28537,30753,28083,21527,-1406125.00,4256110.00,47846324.00,32403702.00,94853.2,70369.8,136791.8571,157829.7143,40581846.00,34919611.00,311649,322425,138666.6667,81804
2025-09-29,67170,65933,32531,29395,31961,29403,949561.00,1851965.00,56959372.00,36519680.00,94136.6333,69469.9,151870.2857,164174.7143,43606503.00,42704099.00,294392,303070,149313.6667,83144.6667
2025-09-26,86013,154594,34650,44978,73216,69649,-7057218.00,4026239.00,48906071.00,69026141.00,93066.1667,65599.6667,152443.4286,148033.2857,60108250.00,49024793.00,381254,366105,137219,78828.3333
2025-09-25,92229,195473,38936,45246,97405,86857,-5449881.00,14028584.00,77864969.00,127942926.00,92149.3,60167.8667,151639.2857,126333.7143,106173204.00,86694739.00,359916,355814,120730,113837
2025-09-24,71192,97874,30566,36281,48568,42862,-7579258.00,2689828.00,93218736.00,59322929.00,94415.4,59934,177779,125038.4286,77370090.00,67101004.00,347108,348283,196978,213646.3333
2025-09-23,73064,118310,35197,34059,52674,58705,4624821.00,-6786595.00,111523035.00,67898980.00,94405.2333,57937.7667,183039.7143,112201.4286,80264621.00,91676037.00,320022,333419,194324,246864.6667
2025-09-22,197255,146006,123981,66340,67644,67989,96440.00,1914477.00,498730191.00,92987061.00,90475.3333,55024.9333,179504.2857,102277.1429,146457897.00,429061167.00,283955,302977,159523.3333,211121.3333
2025-09-19,370620,326618,177796,166265,111509,179982,26154877.00,-29233562.00,411091595.00,138135184.00,80582.9667,45753.5,132627.1429,58416.8571,219501415.00,279484763.00,286372,372768,65176,116448
2025-09-18,172719,110348,87152,77116,49871,55778,18477783.00,-3199315.00,166817414.00,40419100.00,76082.7667,42949,115299.7143,45453.8571,91018527.00,107590685.00,253898,364159,57995.6667,143598.3333
2025-09-17,90025,41604,39635,45280,20662,19013,-550195.00,-395258.00,106678799.00,12510030.00,76449.9667,43360.8667,106377.7143,46133.2857,52886094.00,60331157.00,238920,348200,53611.3333,150219.6667
2025-09-16,86600,43576,36755,43973,19836,17173,-3531767.00,-240102.00,68392365.00,13552853.00,75365.2667,42831.7333,102623,45651.2857,40961864.00,33729159.00,233504,346719,64598,178855.3333
2025-09-15,254170,88807,128848,114631,36798,48003,15874083.00,-1359534.00,207116928.00,26122618.00,70069.9,41892.5667,76672.8571,40019.1429,109651536.00,113266023.00,214474,322213,41527.6667,108292
2025-09-12,109889,28451,53838,50421,11523,14009,2233905.00,-336523.00,64062194.00,9535119.00,69962.4667,42865.9333,65879.2857,38462.4286,43751153.00,26921581.00,240127,356640,38579.6667,88804.6667
2025-09-11,172507,76536,84318,80091,34499,39674,5135277.00,-1859851.00,64173557.00,11029792.00,66842.0333,41599.2333,49494.1429,33602.1429,35636346.00,36452662.00,227264,327433,28521,40492.6667
2025-09-10,42480,19596,21146,18519,8528,9015,723237.00,-510995.00,19383415.00,5074278.00,67001.1333,42087.0667,53172.8571,37418.7143,10663255.00,11897487.00,219258,321009,35389.6667,46438.3333
2025-09-09,51427,19607,24698,22207,7864,10205,-472316.00,-811106.00,19881977.00,4791927.00,67287.3333,42610.1333,59522.8571,43764.8571,11248456.00,11587246.00,214914,314466,45314.6667,53469
2025-09-08,27571,46360,12317,13775,35303,9140,-1380243.00,1456599.00,10217586.00,5962538.00,69159.8333,42993.4667,60721.7143,40351.4286,9055368.00,6218526.00,207590,304588,35712.6667,55723.3333
2025-09-05,60317,40202,32631,24616,19010,19272,-626612.00,522287.00,15392122.00,7957505.00,74607.3,45855.4667,68521.1429,42717.1429,11517589.00,10368690.00,229138,331827,36483.3333,54888
2025-09-04,72519,49382,39480,21075,23620,24614,-145818.00,-788768.00,13586131.00,6389055.00,78391.8667,46398.5333,62729.4286,38121.7143,8370700.00,9013650.00,224643,317853,35460,53458.6667
2025-09-03,34334,17554,16044,15538,7723,8291,-467187.00,177232.00,11651240.00,4932138.00,80661.7333,47443.8333,64779.4286,39555.5714,8046845.00,7402426.00,219384,309624,50952,73973
2025-09-02,57811,42514,15011,32135,28972,12361,2862489.00,2553217.00,17793053.00,8824522.00,81524.9667,47193.7667,65136.2857,40593.4286,12266469.00,12575705.00,205715,297911,44269.3333,66690.3333
2025-08-29,68231,46312,27161,37432,23823,20015,-682350.00,-6497.00,18405884.00,7922814.00,82147.0667,46669.5,64962,41134,12621283.00,11945430.00,240944,334109,47752.6667,82251
2025-08-28,95877,64030,43961,46970,37383,23607,1624118.00,-249712.00,47777868.00,9359237.00,82333,45674.2667,61596.8571,34821.2857,27003167.00,26995472.00,233689,330243,32147.3333,60951
2025-08-27,35963,22466,16223,17389,9972,10711,563457.00,-445632.00,14782957.00,6304949.00,84210.3333,46206.5667,65087.5714,35563,9371729.00,10380818.00,229474,328416,33855.6667,65191.3333
2025-08-26,114913,56762,48276,60885,22507,32467,-4101721.00,586382.00,55495515.00,9338408.00,82727.6,45089.3333,55196.1429,33016.4286,35886397.00,25883711.00,216037,301883,31528,46990
2025-08-25,31977,17214,15140,14630,6485,9502,107375.00,163629.00,12755401.00,3585623.00,86620.7667,45991.2,58327.8571,36055.4286,7623061.00,7497807.00,207364,290778,42488.6667,58668
2025-08-22,48684,27591,21732,23292,12805,12394,-54144.00,461598.00,16945423.00,6230901.00,87352.7667,46092.2,60619.1429,36759.4286,10857003.00,10341261.00,241190,354159,39905.3333,66547
2025-08-21,60309,49779,36470,20677,28768,18986,1717900.00,2461844.00,18568169.00,10887247.00,86818.8,45051.2667,71885.7143,42627.8571,14150290.00,13406346.00,228367,348825,32531.6667,66576.6667
2025-08-20,67011,50096,20625,43040,18460,29276,-3428887.00,-2732960.00,17647678.00,13960690.00,86222.3667,44146.5333,72706.8571,43817.4286,14877676.00,15108543.00,209129,327682,28811.6667,59464
2025-08-19,72321,19841,49265,20116,9539,8848,1777169.00,909180.00,16896495.00,8358737.00,85394.5333,44007.2667,73712.1429,49357.4286,11310948.00,12178937.00,205380,303328,35027,53323.3333
2025-08-18,60398,27658,14433,43905,13037,12830,-2945414.00,954112.00,14954702.00,8512588.00,84781.7,43684.6333,75633.7143,52331.2857,13040062.00,9140536.00,195003,279932,36647.3333,54765
2025-08-15,45673,38936,22148,20688,16690,18146,-948525.00,2340521.00,17884294.00,12735934.00,84408.0333,43082,74496.5714,50513.7143,16138809.00,12849763.00,267067,364000,53954.6667,85932.3333
2025-08-14,53899,38487,22735,21413,24433,11233,-137778.00,2658696.00,16128196.00,11358373.00,83698,42323.4333,81231.1429,52724.1429,13970420.00,11173946.00,265380,359373,60600,92219
2025-08-13,64723,32519,29112,31572,15206,14629,-787148.00,740156.00,31485468.00,8131775.00,82958.1,41969.2,79707.7143,52036,19006849.00,17479545.00,258455,353915,69300.6667,97097.3333
2025-08-12,139175,90858,59328,70082,45396,40855,1937534.00,1798651.00,54761234.00,24399159.00,79907.7333,40022.2333,73441.1429,47718,37509121.00,37648004.00,249398,339854,55173,75322
2025-08-11,72759,58423,32888,32924,26458,25339,-531857.00,-23213.00,32071567.00,18448984.00,81087.1,39378.0667,78285,47607.8571,22712614.00,22203970.00,219678,316051,44436.3333,63640
2025-08-08,79358,58621,33144,41976,32712,22473,-4039541.00,1828635.00,30579609.00,16402812.00,79482.3333,37993.2333,78218.7143,44738.4286,25103096.00,19153780.00,246321,343535,42882.6667,70867.6667
2025-08-07,73849,48475,29765,38682,25510,19871,-5644859.00,-91671.00,34102655.00,15080770.00,78613.5667,37183.9,74419.2857,42703.5714,25791187.00,20237999.00,236659,329011,35958.3333,64271
2025-08-06,37713,26213,15125,19712,12104,12482,-2060636.00,56849.00,25295986.00,9844868.00,79592.9,37152.9,77605,44001.5714,17451837.00,15334352.00,232521,325926,47431.3333,83469.6667
2025-08-05,101041,53960,50366,44778,18041,32855,5987600.00,-2573487.00,66664212.00,18060769.00,78371.2333,37189.9,75134.2857,44558.7143,33816940.00,46694155.00,216970,307331,48662,85344.6667
2025-08-04,54059,27702,28769,21619,10963,14967,2045141.00,-2396735.00,35025927.00,11671018.00,78325.6,37561.8,99374.5714,58610.1429,19746510.00,24188386.00,203598,297427,52273,93623
2025-08-01,95309,60632,41355,44460,29337,27705,-4776028.00,1031008.00,34607916.00,15511312.00,77119.9667,36715.3333,112338.4286,59330.4286,26725566.00,20918530.00,240489,330440,43472.6667,77604.3333
2025-07-31,106666,57652,48729,51813,25935,22496,-3843804.00,961427.00,68457525.00,14561821.00,75906.2333,36143.9,111733.2857,58082,40220604.00,37438480.00,228019,313058,36021.6667,62053.3333
2025-07-30,78894,38535,39134,34855,15550,20295,4028526.00,-2785348.00,51821118.00,13174109.00,76568.8333,36273.8667,112421,57578.7143,27264957.00,34078831.00,219467,304502,42463.3333,63670.6667
2025-07-29,47253,34231,17948,26136,17451,14414,-4881638.00,1948926.00,28138872.00,11940472.00,78302.3,37336.1,118084,57057.7143,22430896.00,15600332.00,210914,299604,73073.6667,122500
2025-07-28,60013,35299,25889,29899,14131,17712,-3708665.00,-1314739.00,33558107.00,9713586.00,80681.8667,39349.9333,124004.2857,56896.8571,21755223.00,19361297.00,201148,286110,83198.6667,164514.3333
2025-07-25,83746,57860,39363,39231,22383,32045,-1654776.00,-2207519.00,28939867.00,12075262.00,84449.5333,45068.7667,125223.8571,54121.8571,19083117.00,19635860.00,242184,341822,80216.3333,170742.3333
2025-07-24,223741,126062,112180,100810,40750,72943,6042951.00,-5004504.00,122267856.00,25607992.00,78017.8667,41425.0333,103322.4286,39433.7143,65689530.00,74720370.00,203716,330868,49866.3333,124064.6667
2025-07-23,186056,65674,87278,93814,23942,31771,-4304104.00,1214178.00,89347305.00,14535987.00,73213.2667,39994.5,97996.1429,36376,52841765.00,46800445.00,192416,274252,38169.6667,91010.6667
2025-07-22,102430,48913,48805,41518,23647,18284,1024885.00,821921.00,28755111.00,10627916.00,71180.6333,39278.8667,93455.2857,33762.8571,17997642.00,18200606.00,178878,229903,33256.3333,90685.6667
2025-07-21,83708,35012,35176,43847,16260,15686,-5391576.00,180243.00,39046692.00,9172139.00,69256,38735.4667,87824.1429,31411.2857,25529274.00,19957455.00,164041,212681,34397.3333,93544
2025-07-18,86894,30584,41804,39634,13103,15309,1288361.00,-304278.00,31588005.00,4568628.00,67943.2,38776.7,82427.5714,30321.2857,15997984.00,17590623.00,267924,272677,31951,88056.3333
2025-07-17,101455,34173,44051,50348,12937,18892,57866.00,-1200191.00,43396496.00,6604108.00,66927.5,38553.8667,74717.7143,27677,22752914.00,24010971.00,258498,272460,35316.6667,103828.6667
2025-07-16,92283,38435,44737,42212,16893,14186,3202556.00,162522.00,38075986.00,6088764.00,64743.4667,37881.5333,67536.2857,24754.7143,19170040.00,22539352.00,248291,262411,32712,96615.6667
2025-07-15,70431,23245,26712,38960,10597,10077,-5831886.00,812969.00,28953146.00,6905324.00,64451.2667,39393.6333,62398,24413.5714,19969311.00,13324456.00,240129,253488,31147.3333,87902
2025-07-14,148772,44270,72025,67361,18791,21961,4208762.00,-588628.00,54779281.00,7439579.00,61121.1,39120.1333,45801.7143,20336.4286,26053258.00,32169990.00,225717,227244,24042,54684
2025-07-11,70644,30621,32495,34217,13722,15243,1494157.00,208438.00,15999068.00,4374021.00,61861.8333,40450.6,41784.8571,19089.4286,8903352.00,10189071.00,243542,254862,19056,46964.6667
2025-07-10,44290,18551,20220,21126,7397,9197,-136506.00,-451515.00,13248075.00,4657117.00,64226.4667,42205.9,42266.8571,21074.8571,8123038.00,8438047.00,239519,250160,18865.3333,46205.6667
2025-07-09,49118,22954,17626,24358,10907,6238,-977835.00,9550.00,14315770.00,6575805.00,73708.9667,44936.2667,50698.5714,23381.1429,10115455.00,9128070.00,231996,237387,18166.3333,41320.6667
2025-07-08,47486,15663,19760,24437,8133,6010,-1495314.00,608459.00,17918472.00,4476775.00,73714.1667,44908.8667,48374.1429,23583,11497920.00,9394147.00,225562,227630,18188.6667,36358
2025-07-07,42013,17979,19627,18854,8252,7916,589426.00,452896.00,14224767.00,4493815.00,73796.8333,44820.5333,49198.8571,24471,8566514.00,8704692.00,217298,215715,19493,36529
2025-07-03,34463,20857,17908,14015,8406,9419,767430.00,388918.00,8499395.00,4104200.00,74417.3333,44626.6667,53860.2857,25103.2857,5532448.00,5910871.00,228944,235638,23357,40929.3333
2025-07-02,32598,15730,12050,15177,6781,7320,-368984.00,-181122.00,9552781.00,5785912.00,75544.1333,44783.4333,58402.1429,30723.2857,6647477.00,6459615.00,229316,228849,31146.3333,66110
2025-07-01,42526,21892,13140,26281,10981,8647,-1912004.00,929020.00,12927274.00,7795570.00,76774.9333,44906.5667,59854.1429,33147.1429,10952410.00,8111583.00,224544,220209,29541,62339.6667
2025-06-30,47664,32449,23120,21758,11459,18764,-1117126.00,1056579.00,14282400.00,6250791.00,77218.6,44509.4333,61493.5714,33545.5714,10527418.00,8353681.00,206606,209923,26789.6667,62380.3333
2025-06-27,108140,39098,41184,60741,18270,17885,-262972.00,404030.00,28317297.00,8859161.00,77553.4,44953.9,56081.2857,33747.1429,17842999.00,17175774.00,234697,232228,22184.6667,48698
2025-06-26,31215,17076,13674,15140,9548,6432,-181516.00,1632415.00,8354757.00,5320858.00,79534.3667,46117.5667,65732.2857,37369.7143,7322131.00,5508200.00,230647,225659,34849.3333,59756.6667
2025-06-25,47786,24195,21275,23597,11933,9219,-1531117.00,804091.00,16673861.00,7750753.00,79091.0667,45943.7333,73085.2857,43355.8571,12565993.00,10230785.00,225595,217366,39737.3333,61391.3333
2025-06-24,67093,25283,33472,28801,10911,12525,2362291.00,258716.00,25834626.00,5666344.00,78459.6667,45516.2,82272,53417.4286,13674239.00,15777814.00,218000,207681,43055.6667,58740.3333
2025-06-23,64391,55070,19881,36595,24759,22806,-1419707.00,398073.00,18643838.00,11908729.00,77218.5333,44142.4333,101184.1429,78325.2857,15043733.00,13225953.00,195986,185607,38202,60694.6667
2025-06-20,52690,38859,21382,26706,17036,15948,-19196.00,1251446.00,17177726.00,9289730.00,76375,43221.0333,98055.7143,75166.8571,12673875.00,11403233.00,261084,256630,39393.6667,76055.3333
2025-06-18,59140,35238,22416,32591,16976,15552,-3197523.00,1623397.00,17828997.00,8608117.00,76047.8667,42489.7333,95595.4286,73384,14790323.00,9970030.00,257770,251803,49680.3333,89427.6667
2025-06-17,70254,40509,27510,38911,16363,21115,-7268075.00,308115.00,33895001.00,10357007.00,74112.5667,41352.4667,91480.7143,71517.5714,24828329.00,17206070.00,247287,242847,68082,109809.6667
2025-06-16,98772,42434,43988,47370,18871,19487,-475377.00,38871.00,51519431.00,10775439.00,71656.7667,40275.5333,81080.2857,68128.4286,29193165.00,28678917.00,236844,230065,130412.3333,142477.6667
2025-06-13,99257,66098,43928,48993,29675,30615,-1093770.00,824731.00,28509874.00,11732421.00,69439.9667,38486.3667,73687.8571,63231.7143,19721371.00,17801638.00,298087,259074,113963,119655.6667
2025-06-12,131400,95714,62162,60837,48380,40807,3716431.00,2625949.00,61386220.00,21549483.00,65593.2667,35635.8667,65057,53485.1429,38211888.00,39302370.00,279087,243292,89644.3333,89828.3333
2025-06-11,196776,229425,102753,82554,90953,112555,14645831.00,-73661.00,124427065.00,45059907.00,59306.2667,28167.1667,40769.2857,23319.4286,71554742.00,87316843.00,174250,218594,22317.3333,38053.3333
2025-06-10,30791,16750,13153,15897,7695,7604,-247426.00,357635.00,12280187.00,5136974.00,58755.5333,27812.2667,45179.8571,30727.7143,8504312.00,7899251.00,170196,215284,22970.6667,36446
2025-06-09,41918,22758,22816,16608,7788,13044,6418834.00,-2496813.00,20972514.00,6557342.00,57958.6333,27296.1667,46172.5714,32628.7143,8486150.00,17401797.00,162069,208469,25991.6667,38310
2025-06-06,41451,27444,20178,17389,9478,15326,1559484.00,-1062860.00,10208773.00,6318021.00,57533.0333,26869.3333,53517.5714,38784.5714,6259213.00,8881557.00,177854,232780,26006.3333,48154.3333
2025-06-05,25969,18710,11117,12577,9187,8314,712489.00,486948.00,7328020.00,4152945.00,57675.5,26682.0333,66269,46284.5714,5266799.00,5492340.00,175507,229392,25858,48418.6667
2025-06-04,47510,31821,21398,19122,13449,10204,1657811.00,969108.00,12582998.00,6730446.00,56550.7333,25860.2333,107138,56719.4286,8298977.00,8987680.00,166357,223482,38120.3333,53137
2025-06-03,70984,27488,29806,35088,14235,10721,-1306418.00,1460260.00,31663826.00,7480766.00,54752.8333,25158.1,103803.4286,54912.7143,19441313.00,16684696.00,158140,208649,40979.3333,45764.6667
2025-06-02,26762,18265,13794,11261,7187,8827,1295724.00,-1285202.00,10286323.00,4797289.00,54507,24954.1333,106336.4286,54493.2857,5738843.00,8319769.00,152294,204408,58402.6667,67799.3333
2025-05-30,61665,68608,27973,28808,34869,29329,1019356.00,-64484.00,18926080.00,8980510.00,53042.5333,22895.4333,105109.7143,46840.8571,12506620.00,13590460.00,201549,237690,59270,85654
2025-05-29,48867,36065,20147,25554,15837,17053,-712916.00,-597101.00,23085265.00,7316851.00,52073.2333,21893.6667,107614.7143,44607.7143,14502881.00,14387066.00,197867,238839,82203.3333,180562.6667
2025-05-28,92866,70535,44220,41849,35551,28674,1710441.00,-23542.00,49954941.00,10925534.00,49511.3,19816.7667,105698.1429,38186.4286,27339597.00,29073580.00,165823,233509,63638.6667,165488
2025-05-27,115229,71210,54796,51290,26503,40929,-592624.00,-2618672.00,61569627.00,14264405.00,46567.5333,17847.5333,97947.4286,30947.1429,34252852.00,36278900.00,124434,219996,45011.6667,141909.3333
2025-05-23,333593,104865,161540,155092,51927,46849,8970061.00,1268799.00,135136210.00,18806550.00,36011.4,14602.5333,67174.7143,23456.7143,68954486.00,76655748.00,123587,225609,15070.3333,48404.3333
2025-05-22,47642,14841,24257,19485,5497,7238,1095956.00,-88453.00,14499363.00,2256345.00,35349.8333,14551.1333,73317.8571,28763.1429,7122971.00,8307380.00,119941,225789,16934.3333,54657.6667
2025-05-21,44493,15329,17068,23886,7198,6815,-1555734.00,619427.00,10797904.00,3180525.00,34540.7333,14434.9,71888.4286,29284.7143,7432535.00,5257374.00,116078,222279,20353.3333,66310
2025-05-20,53078,15041,20581,28005,7079,7170,-1531549.00,306939.00,11970876.00,2532637.00,34111.5667,14665.2333,71184.5714,28915.5714,7563528.00,5725040.00,110144,211614,22184.6667,68942
2025-05-19,66402,20433,33419,27079,10828,8469,963881.00,996085.00,17148182.00,4095918.00,33302.6,14803.1,65578.1429,27976.1429,9821502.00,9789298.00,102652,193893,32851,86202.6667
2025-05-16,79450,25586,32914,40768,12689,11775,465623.00,69201.00,21189323.00,3440760.00,31489.8,14501.3667,58140.1429,25923.4286,11071116.00,11467538.00,148755,251599,41651,89934
2025-05-15,60974,20535,26399,29445,8020,11241,-1027147.00,-501286.00,13930941.00,3055399.00,30036.2,14049.8333,56476.1429,24889.7143,8058471.00,7532610.00,144049,252402,41132.6667,81105
2025-05-14,118184,52432,58229,52788,20800,27132,1778262.00,464415.00,44168924.00,6417389.00,27052.7,12704.6333,41334.8571,18312.4286,23114541.00,24428388.00,135175,247236,27807.6667,57760.6667
2025-05-13,90644,51986,43392,37149,20597,21676,904493.00,537870.00,25786445.00,6497986.00,24938.3667,11367.9,31971.1429,12332.4286,14350126.00,14716749.00,114450,224339,15098,36598.3333
2025-05-12,34487,18980,15285,16435,9122,8023,-241418.00,955763.00,9968838.00,3273921.00,24509.2,11554.9333,31723.4286,11395.7143,6683210.00,5486029.00,105553,214560,12510.3333,34230.6667
2025-05-09,48151,12457,21960,22222,5807,5570,314668.00,206369.00,7162645.00,1611984.00,24085.0667,11998.1333,27130.2857,11073.1429,3970988.00,4079287.00,117462,228409,12791,34622.3333
2025-05-08,27157,13857,12295,13156,6277,6485,-42522.00,291226.00,5414916.00,1584103.00,24483.4,12432.2,24417.2857,9859.8571,3430982.00,3097234.00,113078,221186,10302.3333,29635
2025-05-07,27384,11217,12860,12948,6639,3863,16832.00,590771.00,5234038.00,2087020.00,25360.5333,13303.5,22543.7143,9129.2857,3700934.00,3126995.00,111459,215513,9938.6667,28873
2025-05-06,49326,13299,25537,19865,5327,6938,1024740.00,4738.00,8968430.00,2560635.00,25979.8333,14000.7667,18070.1429,8268.7143,4754539.00,5774541.00,105544,198618,9646.6667,23348.6667
2025-05-05,12195,6391,3668,6525,2695,3082,-590275.00,50512.00,2036567.00,1170210.00,26350.5,14238.3333,20425.5714,9447,1726135.00,1085348.00,104079,194474,10916,24616.6667
2025-05-02,25098,10126,10466,12505,3813,5508,-700235.00,-87295.00,4865781.00,1710405.00,26361.9333,14269.9,21160.5714,9870.5714,3289443.00,2676503.00,111930,203833,9328.6667,18972.6667
2025-05-01,32753,12423,18249,12019,6627,4368,982975.00,484011.00,6243394.00,2318456.00,26080.5333,14221.1,18448.2857,9119.7143,3676655.00,4175619.00,107053,195541,7222,12811.3333
2025-04-30,15999,10199,10641,4293,1571,5127,281679.00,-93536.00,1993903.00,820110.00,26050.1333,14204.4333,18598,8580.4286,1028071.00,1403286.00,106380,194038,6247.3333,13482
2025-04-29,8166,5364,3477,4033,1371,2166,-200302.00,-73272.00,1475941.00,936059.00,26712.6,14360.4333,20201,9549.2857,1078496.00,951466.00,103439,190665,9339,20321
2025-04-28,14269,6103,6824,5673,3320,2277,72558.00,139215.00,2365442.00,874320.00,27246.4667,14948,20695.5714,9655.5714,1441519.00,1374862.00,100969,185347,11668.3333,25645.6667
2025-04-25,18011,7275,7153,7889,2750,2762,333253.00,49000.00,2427072.00,1350547.00,27213.3667,15081.1333,20949.4286,9475.1429,1106077.00,1390330.00,111799,199587,11632.3333,24231
2025-04-24,28683,14639,13743,12842,6473,7258,891325.00,61375.00,5206284.00,1034001.00,26945.2333,14970,19138.7143,8559.2857,2455016.00,3284966.00,106931,197037,8894,20352.3333
2025-04-23,30243,13091,13961,9888,5638,6228,320721.00,-150799.00,5741411.00,1744977.00,26646.6333,15019.4333,18663.4286,8422.4286,2890690.00,3362210.00,103433,185321,8579,16733.6667
2025-04-22,13767,7167,6908,5796,3133,3538,-187932.00,465068.00,2601253.00,1519894.00,27034.9333,15457.9,19112.2857,8472.1429,2262051.00,1609051.00,101303,180567,8472.3333,18055
2025-04-21,17047,6424,4039,5728,2940,2480,-273733.00,25230.00,1658961.00,1258556.00,27553.3333,15759.4,20647.7143,9454.2857,1390146.00,1091183.00,97738,173773,8335,18968.6667
2025-04-17,19387,12146,11047,7169,8255,2731,-218119.00,70411.00,1364577.00,1258383.00,27922.5667,16035.6333,20766.7143,9410.8571,1344727.00,1056197.00,108458,208601,7029,17842.3333
2025-04-16,17731,6847,7168,9239,3186,2651,-100831.00,76690.00,1724334.00,1663811.00,28102.5667,16027.4333,23977,11568.5714,1602703.00,1425182.00,108889,204294,8791,20904
2025-04-15,19788,6012,7389,8410,2486,2939,1479.00,22483.00,2496191.00,1371166.00,28459.9333,16576.2667,27169.1429,14219.5714,1586593.00,1565589.00,106972,197607,9292,19944.3333
2025-04-14,16008,8228,7087,7573,4388,2828,-470174.00,665106.00,2604968.00,2069036.00,28980.6333,17168.9333,28463.1429,15406.1429,2704814.00,1569534.00,103195,193215,10982.3333,23873.3333
2025-04-11,26916,12133,12370,12524,2580,3247,-110297.00,-108153.00,3093949.00,1735412.00,29005.2667,17561.7667,27098.8571,14671.2857,2213155.00,2211011.00,114669,213329,10885.3333,21641.3333
2025-04-10,16909,7515,6687,8647,3976,3003,-292058.00,87263.00,3027985.00,1207033.00,29536.7667,17897.8333,28780.2857,15322.8571,2073442.00,1694121.00,113901,208521,15697.3333,29406
2025-04-09,27795,13299,13676,11595,5562,6799,49338.00,59039.00,5401526.00,2844997.00,29975.4,17999.0667,28697.2857,15120.7143,3809975.00,3800274.00,111990,201730,19454,34185.3333
2025-04-08,20220,11842,6666,11683,6395,4676,-1005373.00,-93305.00,3230189.00,2151969.00,30560.966666666667,18582.233333333333,28896.142857142857,16942.000000000000,2899214.00,1987146.00,109442,198744,21018.000000000000,35800.666666666667
2025-04-07,40203,21951,17564,19084,12841,8086,131090.00,96405.00,9063328.00,6384789.00,30155.000000000000,18977.500000000000,28213.857142857143,17485.142857142857,7049692.00,7084377.00,100178,187462,16030.666666666667,28188.333333333333
2025-04-04,42133,24569,15642,22089,12191,11158,38521.00,325577.00,5284508.00,7463021.00,30128.566666666667,19629.766666666667,27781.571428571429,17815.142857142857,5912404.00,5625348.00,108791,204208,11866.3333333333333333,23703.666666666667
2025-04-03,25066,16534,10057,12710,8079,7245,-1047118.00,766929.00,4391734.00,4287968.00,30444.666666666667,20251.833333333333,31871.857142857143,20789.714285714286,4901329.00,3087282.00,103597,196661,10316.3333333333333333,24419.666666666667
2025-04-02,17366,6989,7455,8188,2800,3350,-53806.00,-113631.00,2873016.00,1968060.00,31169.633333333333,20955.300000000000,39091.714285714286,24679.428571428571,2129040.00,2188865.00,102287,191390,16183.666666666667,25835.000000000000
2025-04-01,28679,12076,11002,13040,5391,5277,-529022.00,-104694.00,5238542.00,3824294.00,31225.600000000000,21030.066666666667,38325.428571428571,24885.428571428571,3890320.00,3465992.00,100382,183492,20742.666666666667,28084.333333333333
2025-03-31,27214,11884,12951,12129,4935,5390,561735.00,-202813.00,3417184.00,3517979.00,32188.933333333333,21537.733333333333,38072.142857142857,24769.571428571429,2676949.00,3441497.00,98226,173045,25741.000000000000,32048.666666666667
2025-03-28,21612,24591,8705,10094,9486,12794,-224898.00,-86259.00,3128640.00,5047066.00,32909.633333333333,21438.733333333333,38457.714285714286,22822.142857142857,3567762.00,3429123.00,117614,213159,29996.000000000000,42744.000000000000
2025-03-27,35427,25753,12953,18686,12938,9337,-892732.00,233978.00,5140030.00,4787910.00,33145.200000000000,21248.766666666667,35552.000000000000,20528.714285714286,4822720.00,3696010.00,111852,202283,32817.333333333333,53570.000000000000
2025-03-26,39107,26879,15246,21393,12889,9343,-442225.00,396599.00,5407067.00,4242333.00,32832.866666666667,21186.500000000000,33971.000000000000,18123.714285714286,4670662.00,3831838.00,107909,193840,28363.666666666667,48306.000000000000
2025-03-25,53698,37356,21742,28265,14832,16289,61799.00,288097.00,7903361.00,5393904.00,31853.566666666667,20552.100000000000,30626.285714285714,16177.142857142857,6240599.00,6014301.00,104014,184643,19602.666666666667,38887.000000000000
2025-03-24,67905,34217,35474,24985,12764,16561,2166702.00,-392096.00,15924250.00,4399592.00,33306.833333333333,22209.833333333333,23356.714285714286,12898.857142857143,8018853.00,10577651.00,87958,161812,11850.0000000000000000,24355.666666666667
2025-03-21,23315,13518,9076,11897,6717,5322,-1008841.00,-283128.00,4893551.00,4530435.00,34404.333333333333,22627.066666666667,22974.428571428571,12582.714285714286,4664149.00,3938436.00,120609,233649,10577.0000000000000000,21613.000000000000
2025-03-20,25441,11073,10765,12908,3534,6446,-796065.00,-975323.00,5802390.00,3435220.00,36063.800000000000,23851.300000000000,22380.714285714286,13082.857142857143,4231050.00,4410308.00,117064,226077,10234.0000000000000000,22479.333333333333
2025-03-19,24311,10959,13859,8823,3849,5899,419604.00,-115501.00,4546479.00,3073579.00,36595.633333333333,24433.366666666667,22538.571428571429,14420.285714285714,3211841.00,3746946.00,113900,217499,14491.000000000000,24470.666666666667
2025-03-18,15087,9699,6181,7584,4350,3844,348542.00,-760721.00,3175889.00,3787992.00,38283.533333333333,25586.000000000000,25040.285714285714,15244.571428571429,2409748.00,3519011.00,111156,213232,15014.333333333333,25114.333333333333
2025-03-17,28040,10044,13363,12222,4485,4572,1236781.00,-86617.00,6536566.00,2790016.00,39913.266666666667,27278.100000000000,25386.571428571429,16728.714285714286,3553111.00,4876509.00,108235,208437,15434.666666666667,22647.333333333333
2025-03-14,30285,23730,13368,13091,12696,9367,-13688.00,458186.00,4837847.00,4008610.00,41277.833333333333,28510.900000000000,24364.571428571429,14281.714285714286,4356880.00,3885006.00,125679,223719,12382.6666666666666667,19647.333333333333
2025-03-13,17018,11269,5872,9263,4798,5889,-824543.00,-35782.00,3461842.00,3068489.00,42714.000000000000,30263.866666666667,26291.857142857143,15882.857142857143,3412588.00,2623827.00,128888,219553,15400.000000000000,22446.666666666667
2025-03-12,20639,11305,9542,9634,4816,5673,349524.00,-177751.00,5435370.00,2165792.00,43433.500000000000,30825.433333333333,27861.857142857143,17983.285714285714,3302675.00,3829950.00,123705,214329,16788.000000000000,26433.333333333333
2025-03-11,21285,14574,12099,7971,6733,7076,756759.00,801767.00,4887149.00,4103081.00,44859.133333333333,33502.666666666667,28771.857142857143,19318.142857142857,4276595.00,4231587.00,118094,209903,18741.000000000000,29493.000000000000
2025-03-10,25416,20321,9038,11679,6012,12846,144551.00,-164178.00,4208860.00,4808902.00,47249.533333333333,35461.866666666667,29834.428571428571,18929.000000000000,3883273.00,4192002.00,110198,201475,14167.666666666667,28731.333333333333
2025-03-07,32599,15469,16708,13276,7813,6626,337228.00,-221559.00,4614781.00,5436106.00,49712.533333333333,36888.266666666667,31028.000000000000,19052.857142857143,4347996.00,4906783.00,123701,228276,16503.666666666667,28034.666666666667
2025-03-06,30464,20433,10483,17726,13338,6085,-306192.00,300166.00,5305942.00,5528263.00,50583.033333333333,37197.400000000000,32074.142857142857,20324.857142857143,5258293.00,4651935.00,125593,219633,18362.000000000000,28423.000000000000
2025-03-05,23131,6601,12036,9677,3209,2894,340442.00,-60037.00,4391235.00,2046917.00,51778.866666666667,37875.700000000000,32773.142857142857,24211.714285714286,2800098.00,3200577.00,125082,211976,24134.333333333333,29931.000000000000
2025-03-04,30509,22477,12767,16003,8030,12922,144746.00,-1655079.00,6437024.00,6071131.00,52144.433333333333,37806.666666666667,34320.428571428571,27306.000000000000,4857973.00,6657798.00,118701,201060,22507.666666666667,30712.666666666667
2025-03-03,31629,26008,14495,15324,14244,10523,371913.00,667068.00,7065549.00,6404894.00,51958.333333333333,37326.566666666667,34737.571428571429,28618.571428571429,6548684.00,6253529.00,105924,188767,19283.666666666667,33821.000000000000
2025-02-28,27655,23918,14619,11242,11402,10712,953951.00,42786.00,5712757.00,5530981.00,52388.033333333333,37308.933333333333,36374.714285714286,29215.000000000000,4790291.00,5701456.00,126980,215356,21090.000000000000,37198.333333333333
2025-02-27,32854,17597,13481,16492,7597,9000,-1089469.00,75703.00,7750567.00,3495745.00,51850.333333333333,37100.733333333333,36018.142857142857,28746.714285714286,5774998.00,4609826.00,123450,209847,26494.000000000000,35588.333333333333
2025-02-26,40954,16336,20770,18246,7459,7709,1639004.00,-131042.00,11706506.00,4500846.00,51154.466666666667,37118.966666666667,38183.857142857143,30286.428571428571,6848326.00,8618372.00,116829,197600,35761.000000000000,35717.000000000000
2025-02-25,37787,29337,15838,19312,16122,11650,-556366.00,1488911.00,9423559.00,10185860.00,50582.800000000000,36641.433333333333,38961.857142857143,29184.142857142857,10138898.00,8093621.00,111441,184842,37714.000000000000,34637.666666666667
2025-02-24,28024,33809,13027,13309,17026,13798,-495988.00,956596.00,8595095.00,14066940.00,50868.433333333333,37000.433333333333,41029.000000000000,27219.142857142857,11302704.00,9850120.00,100690,175945,35808.666666666667,38334.666666666667
2025-02-21,41340,44137,17119,21018,24925,16188,-465995.00,1996251.00,10289645.00,10924696.00,50627.700000000000,36544.800000000000,39371.428571428571,24486.857142857143,10874053.00,8411807.00,153639,214077,25869.333333333333,34674.000000000000
2025-02-20,34549,35196,16093,16762,16503,16032,717307.00,-1250156.00,12326709.00,9057004.00,51504.833333333333,37197.700000000000,37910.000000000000,22076.571428571429,8987878.00,10955341.00,144409,207867,23175.333333333333,41862.333333333333
2025-02-19,39115,28093,16011,20390,15915,9847,-923281.00,801481.00,16363274.00,7290680.00,53029.966666666667,37410.233333333333,48251.142857142857,30056.000000000000,11786274.00,10061512.00,140386,204341,21018.000000000000,43235.000000000000
2025-02-18,30358,14319,15111,13638,6978,6301,231472.00,-80082.00,12221511.00,3526468.00,52796.133333333333,37223.733333333333,51948.571428571429,31729.714285714286,7288459.00,7600013.00,136315,197118,22929.666666666667,47280.333333333333
2025-02-14,56114,27114,25740,26751,10537,14403,-1968236.00,-683390.00,19081227.00,5823070.00,51963.800000000000,36838.666666666667,54678.714285714286,34684.857142857143,12624242.00,11339396.00,163015,217078,22228.666666666667,38488.000000000000
2025-02-13,43233,21621,19269,21058,9938,9620,-1832696.00,217889.00,16668145.00,4075691.00,51289.866666666667,36410.733333333333,54254.857142857143,35656.285714285714,10815626.00,8765041.00,158336,216411,21129.666666666667,32183.333333333333
2025-02-12,42494,20054,23631,16130,7423,10923,2921666.00,-749585.00,17523878.00,4555776.00,50859.833333333333,36406.866666666667,57573.428571428571,39116.857142857143,8452752.00,12124003.00,156380,206102,42428.000000000000,55186.333333333333
2025-02-11,29737,25011,11671,15599,12139,10075,-1531915.00,-340831.00,13660378.00,6545728.00,51256.466666666667,35859.800000000000,64315.571428571429,44230.571428571429,10120194.00,8929110.00,151784,202461,42769.333333333333,64020.666666666667
2025-02-10,24319,18324,10420,12010,7728,8484,311673.00,169977.00,17188365.00,4628682.00,51535.766666666667,35487.566666666667,71016.000000000000,50286.285714285714,10103780.00,10245476.00,146323,195266,52594.666666666667,80989.333333333333
2025-02-07,111503,83949,54505,49667,36990,41441,6903734.00,-1656259.00,63319292.00,17311670.00,49445.500000000000,33093.866666666667,63673.142857142857,47416.142857142857,33283743.00,41843736.00,170549,217954,34085.333333333333,57243.666666666667
2025-02-06,56240,26035,24750,28257,12827,11075,90618.00,800977.00,24144300.00,5881954.00,49952.900000000000,32858.566666666667,61670.857142857143,47718.571428571429,14625721.00,13915362.00,164371,211761,40166.333333333333,60405.000000000000
2025-02-05,75225,47800,34270,35197,18554,25355,454915.00,1161798.00,38626374.00,9312818.00,50818.066666666667,32148.566666666667,60075.000000000000,54445.857142857143,22661081.00,21954198.00,149358,199838,44502.000000000000,60974.000000000000
2025-02-04,40266,28421,18359,19682,12169,13523,869776.00,1236008.00,21977995.00,4981776.00,54094.766666666667,31971.900000000000,68198.142857142857,61685.285714285714,13015864.00,12649632.00,137418,192848,55266.333333333333,71292.666666666667
2025-02-03,65724,44278,34153,27322,17689,22856,3695338.00,-961240.00,36795998.00,10051070.00,52515.600000000000,30681.133333333333,74021.714285714286,63682.857142857143,20027504.00,24684082.00,121867,172453,61793.000000000000,69419.000000000000
2025-01-31,76932,60807,34983,36759,28827,27518,-603142.00,848093.00,33253115.00,8476946.00,50541.966666666667,29002.766666666667,71114.142857142857,59240.000000000000,19934343.00,18483108.00,179279,200467,50908.000000000000,57849.666666666667
2025-01-30,71222,60714,37569,29827,23514,31238,2732717.00,-665683.00,29611522.00,10307418.00,48705.366666666667,27288.766666666667,69369.000000000000,54416.571428571429,17118938.00,20517338.00,163759,194027,62300.333333333333,55460.333333333333
2025-01-29,60103,63858,24690,31343,18749,42402,-2296308.00,1100772.00,22985971.00,7570107.00,47228.666666666667,25320.066666666667,66708.000000000000,48209.142857142857,16148288.00,12751208.00,132484,184799,67380.000000000000,67802.000000000000
2025-01-28,42224,28152,21204,18032,10844,13518,741151.00,437188.00,13305896.00,7053484.00,46616.566666666667,24692.366666666667,64396.857142857143,45845.285714285714,9262131.00,9566094.00,127412,172278,77416.333333333333,89223.666666666667
2025-01-27,64054,94891,25440,33428,47801,41461,-2153836.00,712043.00,24535962.00,28801228.00,45272.133333333333,21887.533333333333,61038.571428571429,35630.714285714286,26088509.00,23222630.00,121455,162591,55688.333333333333,86732.000000000000
2025-01-24,97128,79097,46090,42972,35615,36557,926314.00,1093164.00,49998469.00,14973555.00,42666.033333333333,19565.933333333333,49552.142857142857,25952.714285714286,30077498.00,29910648.00,125040,180998,38306.000000000000,74024.666666666667
2025-01-23,106489,58261,51738,48820,23594,30567,396532.00,-1333185.00,47673024.00,10224617.00,40158.700000000000,17955.700000000000,37207.714285714286,20041.571428571429,26381813.00,28111530.00,99487,155393,25687.666666666667,52353.666666666667
2025-01-22,56579,29707,27211,25032,11577,15240,451673.00,9929.00,23189570.00,4992477.00,39068.266666666667,17275.166666666667,32073.142857142857,17942.142857142857,12904820.00,13346564.00,86736,145829,19653.666666666667,42176.000000000000
2025-01-21,59006,26950,29620,24460,10320,13029,1484577.00,-328154.00,17872646.00,4138554.00,37822.933333333333,16745.900000000000,28871.285714285714,20460.571428571429,9149091.00,10961822.00,74545,129762,18466.666666666667,36022.666666666667
2025-01-17,41476,20406,21051,16585,6471,11864,1147661.00,42752.00,7354766.00,1992151.00,37925.533333333333,16717.333333333333,27820.142857142857,21898.000000000000,3669717.00,4774626.00,102015,187251,15448.333333333333,27771.666666666667
2025-01-16,26046,11605,10213,14070,4829,5681,-1608214.00,-437722.00,5130964.00,1949821.00,37694.333333333333,16878.866666666667,32794.000000000000,28066.285714285714,3934379.00,2763887.00,98939,183728,17207.666666666667,25782.333333333333
2025-01-15,40546,23389,15932,18705,12150,9971,106875.00,1208702.00,7826323.00,3527224.00,37593.766666666667,16428.166666666667,39125.857142857143,29649.142857142857,5680491.00,4578664.00,90332,181267,14415.000000000000,19146.000000000000
2025-01-14,16723,11351,8179,6477,5291,5040,442563.00,-191343.00,3270284.00,2002347.00,37668.566666666667,16299.366666666667,40071.571428571429,29273.857142857143,2016788.00,2650694.00,87571,175374,25491.000000000000,25769.333333333333
2025-01-13,20078,16883,6917,10093,9584,5242,-493138.00,272486.00,4062064.00,3239111.00,37884.633333333333,15915.933333333333,41652.428571428571,29085.142857142857,3578350.00,2812726.00,85033,170632,30019.333333333333,30449.333333333333
2025-01-10,20637,15011,8521,10082,6200,6803,-346502.00,-252280.00,4592236.00,2539414.00,38773.500000000000,16238.033333333333,41992.142857142857,28195.428571428571,3192544.00,3098322.00,107513,186305,43276.666666666667,43858.000000000000
2025-01-08,36593,44579,16578,16057,24889,14256,753828.00,991811.00,9775034.00,7260671.00,39281.700000000000,15459.533333333333,40992.142857142857,24675.285714285714,7667402.00,7429419.00,106682,181071,39906.666666666667,59950.000000000000
2025-01-07,34118,30468,17440,14274,9294,18011,1155301.00,-451611.00,12372279.00,3602019.00,40777.200000000000,15441.166666666667,42066.142857142857,21551.142857142857,6598448.00,8205360.00,113767,179136,32658.666666666667,56358.333333333333
2025-01-06,60863,54783,28935,23064,23415,27825,2965420.00,313228.00,26329844.00,5779017.00,39781.900000000000,14214.466666666667,38042.571428571429,14747.428571428571,13129661.00,15781853.00,81678,171503,19585.000000000000,46452.000000000000
2025-01-03,84869,34469,40836,30834,13774,17580,2671022.00,-391643.00,21998308.00,3697448.00,38136.833333333333,13611.366666666667,32889.142857142857,11557.285714285714,9957397.00,13020062.00,81886,184738,11023.0000000000000000,25834.000000000000
2025-01-02,23343,8724,12203,9501,2954,5073,178461.00,-185941.00,3584888.00,751399.00,39750.100000000000,14010.900000000000,39763.285714285714,13021.857142857143,1800391.00,2164793.00,78762,183183,14761.000000000000,27917.333333333333
2024-12-31,31144,15562,10494,16182,5108,6107,-502292.00,-291141.00,5567766.00,2828800.00,41167.566666666667,15400.966666666667,49768.428571428571,14584.428571428571,3539761.00,3328610.00,72466,175245,12440.0000000000000000,31414.666666666667
2024-12-30,23015,8783,8005,9231,3063,4050,-785118.00,-276480.00,5348969.00,1389621.00,41777.166666666667,15678.100000000000,66275.857142857143,16632.714285714286,2811279.00,2302641.00,67981,167290,11898.0000000000000000,34642.333333333333
2024-12-27,29593,19938,10600,14739,13415,4814,-189772.00,1479405.00,5600976.00,3450554.00,41965.266666666667,15889.166666666667,64669.571428571429,14578.000000000000,4833166.00,3163989.00,66588,185444,9298.0000000000000000,41043.000000000000
2024-12-26,41636,8599,18767,15835,3012,3839,-446498.00,-202346.00,10228737.00,1226152.00,41687.400000000000,15910.566666666667,61253.428571428571,14843.285714285714,4930418.00,4686266.00,63610,179375,12757.0000000000000000,50985.000000000000
2024-12-24,32698,7157,14684,12088,2417,3444,821144.00,-247733.00,7567588.00,798073.00,41397.433333333333,15924.100000000000,58885.714285714286,15148.571428571429,2929082.00,3997959.00,61485,178741,19204.666666666667,73812.333333333333
2024-12-23,48795,12138,19275,19924,5257,4540,719611.00,945364.00,10294823.00,2058465.00,41453.066666666667,16028.333333333333,54172.428571428571,14099.857142857143,5168118.00,4942365.00,56294,165004,22865.666666666667,103736.333333333333
2024-12-20,71462,18976,29145,25810,5343,4373,-199698.00,40409.00,14089548.00,1544211.00,41396.000000000000,16089.366666666667,47372.285714285714,12720.571428571429,6530263.00,6290156.00,104626,233326,18392.000000000000,86032.000000000000
2024-12-19,101180,26500,45913,42761,10487,11093,777120.00,-22117.00,15912881.00,2480903.00,39022.933333333333,15561.000000000000,36306.714285714286,10470.0000000000000000,7578376.00,8377613.00,100772,235352,13044.0000000000000000,58213.000000000000
2024-12-18,138567,23121,67256,55364,9020,10617,2160274.00,-185134.00,22677156.00,2520028.00,35091.933333333333,15168.066666666667,19217.857142857143,8516.8571428571428571,10114008.00,12459416.00,95766,194101,8435.0000000000000000,17398.666666666667
2024-12-17,18349,5555,7916,7866,1852,2586,235997.00,-84673.00,2294387.00,807655.00,35349.733333333333,15549.933333333333,21063.571428571429,9145.2857142857142857,1122256.00,1442926.00,96226,191836,8182.3333333333333333,16549.666666666667
2024-12-16,17723,10456,7624,7775,4655,2307,362856.00,281362.00,2793840.00,1063460.00,36062.500000000000,15976.500000000000,21941.142857142857,8978.8571428571428571,1638833.00,1720327.00,96589,186454,7804.0000000000000000,18595.666666666667
2024-12-13,16124,9294,6288,7495,3503,3952,148590.00,21051.00,1989004.00,1417724.00,36484.500000000000,16297.866666666667,22730.000000000000,9232.8571428571428571,1246007.00,1373546.00,107166,199625,8288.0000000000000000,21128.000000000000
2024-12-12,15802,4797,5319,8744,1950,2246,-405669.00,4124.00,2608146.00,618615.00,38494.600000000000,17106.900000000000,26837.428571428571,11340.2857142857142857,1629382.00,1219589.00,105595,200346,9838.6666666666666667,22175.666666666667
2024-12-11,23861,9321,13196,7450,2523,4828,681914.00,-330295.00,3998505.00,1409429.00,39699.866666666667,17580.000000000000,26158.714285714286,12358.857142857143,1660205.00,2672414.00,101742,193092,10049.6666666666666667,24645.000000000000
2024-12-10,23721,10746,8410,11291,4829,4468,-108260.00,50087.00,3884372.00,1415754.00,43238.766666666667,18967.166666666667,28131.285714285714,12233.428571428571,2102749.00,1944402.00,97116,185082,9564.6666666666666667,24693.333333333333
2024-12-09,18945,9449,5864,9923,4193,3799,-465107.00,-186405.00,3844841.00,1297179.00,44015.066666666667,18972.000000000000,28134.428571428571,11953.142857142857,2269926.00,1991224.00,91543,181426,10105.6666666666666667,25593.666666666667
2024-12-06,31269,9954,13660,10830,3395,4990,1039871.00,32120.00,4811066.00,974277.00,43885.566666666667,18925.500000000000,27461.714285714286,11299.7142857142857143,1760501.00,2768252.00,110071,203553,13304.0000000000000000,30022.000000000000
2024-12-05,23866,9291,9300,10555,5172,3051,42497,27637,3938352,812253,44990.333333333333,19343.466666666667,30809.857142857143,13497.285714285714,1886000,1900860,107830,196677,15690.666666666667,28436.666666666667
2024-12-04,21646,11072,9989,9423,6305,3321,358717,159666,2946887,862111,46023.066666666667,19991.300000000000,35123.142857142857,14947.571428571429,1557181,1756232,102830,189194,15289.333333333333,33731.000000000000
2024-12-03,44554,19549,22629,11958,6090,8765,1434675,-171283,6191342,2557864,47758.600000000000,20198.633333333333,40041.571428571429,16428.714285714286,2619054,4225012,93111,186016,11268.6666666666666667,25202.000000000000
2024-12-02,19110,16451,8051,7822,3265,11703,-87830,-265513,3650358,991225,52171.766666666667,21364.000000000000,41740.714285714286,16647.428571428571,1713270,1890953,82388,181042,7578.3333333333333333,27685.333333333333
2024-11-29,37529,9868,20280,12025,3655,4394,1032184,-67682,5196220,840394,53390.700000000000,21705.133333333333,41453.285714285714,17577.142857142857,2026224,3126090,100678,204348,12513.6666666666666667,30943.333333333333
2024-11-27,18967,7487,9597,6508,2909,3330,82209,31991,2347554,736662,58066.966666666667,22507.600000000000,48992.428571428571,19466.142857142857,1287909,1338127,98197,199371,17092.666666666667,41900.666666666667
2024-11-26,26560,5380,8486,14644,2035,2456,-1983751,-20215,6658546,667130,60470.066666666667,22588.866666666667,55722.142857142857,26878.142857142857,4263891,2300355,96207,201024,25271.666666666667,59375.000000000000
2024-11-25,47303,24674,20606,19353,7887,13948,2492234,-826818,11781959,3171369,59784.733333333333,21844.900000000000,54865.000000000000,25795.714285714286,4871593,8190645,89005,184897,23041.000000000000,53942.000000000000
2024-11-22,51839,21224,19053,26264,9553,8735,-2730451,962059,11685631,2756127,58360.633333333333,21189.800000000000,52493.142857142857,26516.571428571429,8119814,4427304,114853,203984,21425.000000000000,48501.333333333333
2024-11-21,78983,29917,33159,35851,8374,18221,-1727972,124834,18453527,2251712,55848.700000000000,20213.933333333333,45967.000000000000,23562.857142857143,9825785,7972979,111734,191614,18356.000000000000,46087.333333333333
2024-11-20,31004,17982,12434,13838,6006,10107,-1035545,-877385,6249323,3681075,54970.066666666667,19635.833333333333,44966.285714285714,22074.428571428571,4289029,4130869,105900,184927,31450.000000000000,60308.666666666667
2024-11-19,35517,16376,15138,15491,8926,4871,530957,100711,7715279,1367022,54112.233333333333,19138.033333333333,47101.571428571429,21915.714285714286,3557825,3988071,96830,177925,31690.333333333333,62237.333333333333
2024-11-18,71741,20710,31537,30799,8273,9971,902848,137814,15263974,2739792,52196.866666666667,18507.500000000000,46817.142857142857,21929.571428571429,7453026,8218060,88583,158063,33543.666666666667,50069.000000000000
2024-11-15,73668,57264,27599,36124,25444,23939,-608398,-498636,11520730,10072137,50850.766666666667,16665.866666666667,40577.142857142857,15270.285714285714,9201232,9091470,144570,231452,17536.000000000000,36613.000000000000
2024-11-14,41303,17097,18561,17130,7641,6879,777568,51643,9781057,2320057,49670.700000000000,16126.166666666667,37624.857142857143,14446.857142857143,4847357,5573282,138494,223178,14358.000000000000,30845.000000000000
2024-11-13,35236,26270,15211,13549,14097,10122,611036,2079397,8575931,4159526,49720.533333333333,15325.200000000000,36317.285714285714,13124.142857142857,6050429,4582068,123452,217376,10689.6666666666666667,35921.000000000000
2024-11-12,33300,9241,13725,16425,4498,3181,-476637,154228,6701119,1216648,48820.900000000000,15036.600000000000,37146.714285714286,15125.857142857143,3808946,3178081,120907,214521,14545.000000000000,48071.000000000000
2024-11-11,23999,7563,10413,9796,2434,3905,34811,-506139,6623377,1826438,48140.633333333333,14806.666666666667,37830.285714285714,16750.428571428571,3400940,3941890,118259,208827,15573.666666666667,50067.333333333333
2024-11-08,50464,15265,20118,22600,7031,6594,-210840,-63357,12178417,1704456,46585.900000000000,14323.566666666667,41493.285714285714,18722.285714285714,5809353,5661870,133426,221028,14263.000000000000,40125.000000000000
2024-11-07,69750,20807,33313,26967,6931,10790,380557,-363075,19816450,2494369,44351.533333333333,13667.333333333333,40103.142857142857,19109.000000000000,9248891,9992523,125491,214804,12997.6666666666666667,25569.333333333333
2024-11-06,29988,10649,14156,12521,4615,4317,-207651,-864664,7025314,2207669,43479.100000000000,13349.366666666667,54374.571428571429,25067.857142857143,3859010,4516023,120140,210482,17199.000000000000,28608.666666666667
2024-11-05,20637,11333,6236,11572,6523,2597,-1808238,827218,5098065,1985697,43595.766666666667,13057.833333333333,57459.857142857143,24819.428571428571,4425699,1790243,113563,207569,19733.000000000000,31324.333333333333
2024-11-04,26083,17011,10397,12338,6223,8975,-583000,-345977,5909305,2424570,43018.633333333333,12543.966666666667,57645.714285714286,23612.000000000000,3690044,3453021,109633,203152,23752.000000000000,47998.333333333333
2024-11-01,39106,23253,15790,16862,12720,7614,113502,875367,8901206,3628548,43722.433333333333,11918.600000000000,60203.285714285714,23408.714285714286,5753987,4992122,116724,224264,23839.000000000000,54969.333333333333
2024-10-31,28784,18935,10829,13849,9147,7454,-928821,158164,7447940,4648104,43060.400000000000,11311.300000000000,63609.571428571429,25061.857142857143,5771927,4684942,118114,222361,34981.000000000000,88670.666666666667
2024-10-30,76105,29068,27220,40426,17654,7656,-4046817,2170282,27718705,7590984,40650.466666666667,10357.866666666667,66540.285714285714,24590.571428571429,18527809,12310710,104881,207146,28489.666666666667,77380.333333333333
2024-10-29,60019,23514,25793,26042,9108,10682,1463715,-660540,23805404,3489086,38696.866666666667,9579.3000000000000000,79609.714285714286,28576.000000000000,10838795,12963050,101079,198295,23504.666666666667,66502.000000000000
2024-10-28,129888,52361,65195,48238,17917,27275,4549700,-412265,46296632,7513698,34384.900000000000,7836.8666666666666667,71639.571428571429,23967.571428571429,20781930,25743895,78945,176849,13327.6666666666666667,42209.000000000000
2024-10-25,42234,9594,16616,17147,2326,3808,-873913,-301044,14859115,2645083,33026.566666666667,7519.5666666666666667,88356.857142857143,27105.714285714286,6695046,6122177,74037,165998,20298.666666666667,45673.666666666667
2024-10-24,27384,8559,12137,11963,3001,4161,596962,-71054,7898562,1744128,32196.100000000000,7239.2333333333333333,98538.142857142857,26999.857142857143,3723187,4391203,70711,161056,26035.333333333333,68752.333333333333
2024-10-23,57009,21830,16358,26456,9729,4841,-2950032,841872,16417879,7090949,30328.566666666667,6514.2333333333333333,94214.428571428571,24217.714285714286,9488226,5696322,62075,150159,35896.000000000000,100251.000000000000
2024-10-22,52628,30507,22544,23283,14518,13005,110696,836399,20813344,6473759,28851.166666666667,5504.1666666666666667,87998.428571428571,20084.000000000000,12374968,11649265,51813,143116,32427.666666666667,107407.333333333333
2024-10-21,96620,25769,42190,38040,11009,11082,2418749,320807,40374715,5909782,25701.000000000000,4674.4666666666666667,74713.428571428571,16494.285714285714,18048005,20145947,42247,124557,34358.333333333333,128285.666666666667
2024-10-18,151505,51412,70453,63216,29281,16659,852211,902638,40357571,6415735,20674.300000000000,2969.6333333333333333,53733.428571428571,9241.0000000000000000,20293839,20243412,42133,149495,19827.000000000000,110668.333333333333
2024-10-17,74097,20102,31800,35078,10217,8339,553981,152322,15822466,2125850,18217.833333333333,2303.3666666666666667,44545.571428571429,6575.2857142857142857,7556511,7958170,37200,143900,13911.333333333333,94883.666666666667
2024-10-16,159255,31561,78661,64479,13292,15365,1140447,-30172,35291533,2817394,12934.566666666667,1278.2000000000000000,23834.857142857143,2322.8571428571428571,16483584,17654203,23771,117432,3914.6666666666666667,44837.333333333333
2024-10-15,98653,7818,50482,39923,3772,3142,1657428,-29209,13147938,683665,9680.3333333333333333,1052.2666666666666667,14496.571428571429,1493.8571428571428571,5458008,7144645,20592,102612,1522.3333333333333333,13161.3333333333333333
2024-10-14,26743,2355,15264,8589,1298,595,334345,64796,1732003,200670,8849.0000000000000000,1018.8333333333333333,11519.142857142857,1286.8571428571428571,743532,1013081,19419,94041,950.3333333333333333,5795.3333333333333333
2024-10-11,9116,1571,3044,5504,742,749,-213638,28879,736326,121863,8558.5333333333333333,970.5333333333333333,15464.142857142857,1382.5714285714285714,526123,283606,18824,92224,907.3333333333333333,6017.3333333333333333
2024-10-10,3625,641,1496,1863,260,143,31285,-4137,295698,36812,8479.8333333333333333,973.1000000000000000,15847.857142857143,1374.2857142857142857,120189,155611,18488,91777,1291.6666666666666667,9569.0000000000000000
2024-10-09,4645,639,2757,1498,226,308,61912,1503,451701,44945,8335.8666666666666667,954.7666666666666667,15697.285714285714,1378.0000000000000000,189506,249915,18230,90152,1750.3333333333333333,19115.666666666667
2024-10-08,9782,1442,3463,5754,553,657,-21410,33820,811660,163526,8040.0000000000000000,908.7000000000000000,14845.857142857143,1282.2857142857142857,478128,422898,17270,88988,1571.6666666666666667,17822.000000000000
2024-10-07,14280,1794,3724,9072,602,1000,-302361,34148,1499715,203324,7691.4000000000000000,855.8333333333333333,13194.285714285714,1186.0000000000000000,932339,595830,16177,87302,1720.6666666666666667,25305.666666666667
2024-10-04,33285,2015,21881,8206,795,1034,1332380,17835,4220782,230475,6835.6333333333333333,799.9666666666666667,8984.2857142857142857,1056.7142857142857143,1338291,2652836,15770,77811,1243.3333333333333333,16314.333333333333
2024-10-03,5901,906,2401,2710,330,502,18637,16816,583128,91006,6728.1333333333333333,782.2666666666666667,11589.428571428571,1296.8571428571428571,285779,287600,15487,77256,1163.0000000000000000,15544.333333333333
2024-10-02,36731,2241,16069,17883,1229,782,-190680,12805,2961801,143795,5853.7000000000000000,747.5666666666666667,7594.8571428571428571,1204.5714285714285714,1488543,1285058,15315,72265,673.3333333333333333,4574.6666666666666667
2024-10-01,6311,583,2909,3087,200,347,-44438,35848,520851,63328,5827.6333333333333333,805.1333333333333333,15296.142857142857,1763.0000000000000000,307565,227279,15172,71186,852.3333333333333333,3377.3333333333333333
2024-09-30,3591,665,1065,1736,204,267,-4317,17481,347808,77722,5798.8333333333333333,825.2666666666666667,16057.857142857143,1770.2857142857142857,173079,151281,14750,70655,1000.6666666666666667,3452.0000000000000000
2024-09-27,3822,772,2098,1433,303,406,82328,41274,365240,121344,6082.2333333333333333,837.9000000000000000,16055.714285714286,1726.4285714285714286,208315,249369,14295,69818,1605.6666666666666667,10223.6666666666666667
