date,call_volume,put_volume,call_volume_ask_side,call_volume_bid_side,put_volume_ask_side,put_volume_bid_side,net_call_premium,net_put_premium,put_premium,call_premium,avg_30_day_call_volume,avg_30_day_put_volume,avg_7_day_call_volume,avg_7_day_put_volume,bearish_premium,bullish_premium,put_open_interest,call_open_interest,avg_3_day_put_volume,avg_3_day_call_volume
2026-09-25,239704,138742,110147,107059,65249,59488,-6849286.00,3720487.00,50894429.00,61107404.00,233203.0667,122647,259987.2857,138991.5714,56612204.00,46042431.00,1554334,1689451,151427.3333,286460
2026-09-24,418415,310938,176774,205928,131175,139258,-12929758.00,-5528734.0000,150973253.0000,152949339.00,228791.1667,115350.6333,232652.4286,113553.4286,141960421.0000,133547447.00,1468175,1587980,70353.6667,206015
2026-09-23,216167,73655,78224,116004,33558,32949,-13885616.00,674094.00,41875407.00,80216716.00,228084.0333,116305.4667,244788.1429,123107.5714,62163434.00,47603724.00,1446476,1596845,95239.3333,230223.6667
2026-09-22,224798,69689,98683,106210,32138,30871,-2789540.00,4342974.00,38030276.00,95974452.00,228586.4333,116744.9333,340245.5714,168549.4286,64248724.00,57116210.00,1431704,1554682,133142.3333,242913.3333
2026-09-21,177080,67717,81303,78233,29676,31797,3591627.5000,3170393.00,37780205.00,77737212.5000,229660.5667,117325.9667,380559.1429,198075,53127441.00,53548675.5000,1409791,1506321,150314,261150.3333
2026-09-18,288793,148312,120986,136965,52448,81709,-5538864.00,-5668725.00,53993951.00,80875067.00,225021.6,114743.8333,368319.2857,192118.1429,61496616.00,61626477.00,1569997,1953824,145167,240576.3333
2026-09-17,262867,183398,126052,112468,66989,76960,10260549.00,4666804.00,333716029.00,91787989.00,220053.6333,110267.9,369924.4286,184746.4286,149354189.00,150228577.00,1548990,1927467,130879,253326.3333
2026-09-16,231791,119232,98339,109835,48966,55778,-4407613.00,2089113.00,143405537.00,91650043.00,225551.3,110254.7333,374891.5714,182090.1429,96741185.00,88750589.00,1538943,1904052,220395.6667,473729.3333
2026-09-15,227071,132871,88465,119047,61062,58419,-13451000.00,7401021.00,179310271.00,85744036.00,236272.7667,110822.6333,384012.8571,181661.8571,127760026.00,110094255.00,1524802,1856360,267570.6667,551130.6667
2026-09-14,301117,140534,118651,157508,64758,62814,-16548588.00,1283697.00,102608068.00,128482099.00,235401.2,109223.8667,358960.8571,168934.5714,114132896.00,98300316.00,1506122,1800500,256264,518463
2026-09-11,893000,387782,372140,446416,174061,182177,-23067684.00,6560636.00,118372184.00,264914689.00,218623.4,100427.5,262499.8571,130786.1429,192396848.00,162947588.00,1640628,1910124,170935.3333,312164
2026-09-10,459275,274396,180032,226307,131323,110255,-32137353.00,16265027.00,131558410.00,279854706.00,208561.6,93696.7667,208995.7143,99034.7143,207924850.00,159522470.00,1522388,1754819,113016,247926
2026-09-09,203114,106614,77637,92128,54002,42057,-12036796.00,5219174.00,63686777.00,196427745.00,207831.2,93590.0667,204082.4286,95679.7143,117677116.00,100421146.00,1481725,1707987,120769,277194.6667
2026-09-08,274103,131796,119267,126058,67277,51923,-751638.00,14223875.00,83801600.00,239364833.00,205731.8333,92325.3667,188200.1429,86872.8571,153335292.00,138359779.00,1443534,1662745,93984.6667,227744.6667
2026-09-04,266561,100638,122071,116674,45962,46035,1444693.00,-2926.00,65816933.00,145774884.00,208217.5667,95915.8667,171095.8571,83760.5714,94014982.00,94282751.00,1488424,1715565,100686.3333,211482
2026-09-03,290920,129873,135535,126185,52049,58215,13060557.00,-528618.00,109743992.00,160096458.00,207031.1667,97136.6667,141878.2857,75300.1429,97693958.00,110323058.00,1470624,1644038,74774,142757.3333
2026-09-02,125753,51443,60583,50996,20402,25293,4001498.00,-1395825.00,38678024.00,64627848.00,209405.7333,97425.2333,137348.7143,77089.7143,42096324.00,47493647.00,1458655,1618858,85336,157080
2026-09-01,217773,120743,82111,104674,54022,56240,-10995749.00,-3505928.00,88711894.00,101838793.00,210856.1667,96555.0667,137551.5714,75460.8571,88184028.00,80795107.00,1404954,1564415,68471,138798
2026-08-31,84746,52136,32965,41076,22276,25174,-3223461.00,-1310446.0000,29457520.0000,54000338.00,216153.1,98639.7667,141003.2857,84708.8571,36791887.0000,34878872.00,1384234,1540103,77376.3333,159493
2026-08-28,168721,83129,73294,76179,36346,33504,-4664405.00,-2085560.00,46838203.00,78892294.00,223267.6333,101336.3667,140973.7143,89155.7143,50099210.00,47520365.00,1430747,1613469,73216.6667,132051.6667
2026-08-27,162927,70148,74655,66363,31307,30239,-2744592.00,-1857791.0000,37373166.0000,91054363.00,227240.5667,108539.7667,134266.2857,87809.1429,52611526.0000,56754405.0000,1417429,1586801,71157.3333,109091.3333
2026-08-26,146831,78852,63813,66694,28843,34988,5485661.00,1619078.00,50569175.00,72680351.00,230956.5667,109181.8333,131350.7143,86926.4286,48806799.00,52673382.00,1384630,1552729,81320.3333,133212
2026-08-25,86397,70650,36021,43593,28661,36472,-6104044.00,515365.00,42735059.00,41762957.00,236100.1667,111785.5667,146218.8571,93555.1429,43132126.00,36488217.00,1355623,1526198,96727.6667,140715.6667
2026-08-24,94046,63970,34495,47581,28227,27030,-11529211.00,6495949.00,36365304.00,80883438.00,244526.5667,114830.8,167689.4286,101556.2857,59959727.00,41934567.00,1323323,1504900,113490,165538.3333
2026-08-21,219193,109341,97040,92114,43718,49191,4270632.00,-2629269.00,57600504.00,108813563.00,246948.4333,115041.3333,177241.5714,99085.7143,55318655.00,62648556.00,1485284,1825415,97283.6667,131132.3333
2026-08-20,108908,116872,42737,56337,62727,45688,-1825796.00,10486674.00,219138377.00,47634056.00,257093.5,114317.5333,189533.7143,97004,158982723.00,72749879.00,1465587,1807838,82550.6667,136970.3333
2026-08-19,168514,114257,74521,78847,48936,54204,-5679370.00,-9729720.00,109677438.00,69591059.00,259187.1,112731.3333,199727.4286,92520.5714,77378259.00,91596015.00,1436978,1761973,83482,144290.3333
2026-08-18,115975,60722,40198,65622,29841,25239,-13223225.00,-4142825.00,58416633.00,69306780.00,262539.3333,113224.3667,213060.1429,96010,63839402.00,51311810.00,1429518,1767777,103234,187078.6667
2026-08-17,126422,72673,44791,63158,26852,38808,-9575726.00,6244646.00,59540498.00,83452172.00,263975.8667,112793.9333,216374.7143,95749.2857,70029671.00,52730649.00,1399900,1748023,109692,240290.6667
2026-08-14,190474,117051,82891,86695,50376,55012,-9322050.00,-7120022.00,60283304.00,103783473.00,266846,112977,205425.2857,86044.8571,68275442.00,63939999.00,1452333,1844007,104775,241783.6667
2026-08-13,244340,119978,115704,98829,52448,49893,15753224.00,-11395538.00,87918635.00,159212860.00,264545.5333,111873.6333,227194,85881.8571,79095173.00,107456935.00,1422658,1825321,92406.6667,240293.6667
2026-08-12,286058,92047,125558,125409,40649,42042,6620096.00,-1182983.00,47618435.00,175530785.00,259560.9,111475.5333,264716.4286,94147.7143,92519765.00,100323337.00,1401495,1770211,90107,214709
2026-08-11,194953,102300,70996,98680,50294,38585,-12968068.00,3701033.00,73769844.00,141123829.00,258152.2667,111524.7,276147.4286,92757.8571,93187641.00,75038487.00,1359049,1749102,79623,199599.3333
2026-08-10,239870,82873,109061,107332,30721,42314,13560501.00,-2571406.00,58169835.00,155672996.00,254631.4667,112010.2,297546.8571,98617.5714,85848035.00,102058942.00,1333032,1688273,68372,157585.3333
2026-08-07,209304,85148,96385,90445,33112,41942,3912076.00,-4416472.00,46685367.00,128972105.00,250763.2,112911.2333,290135,96807,71923703.00,77279876.00,1392685,1770591,79601.6667,220057.6667
2026-08-06,149624,70848,57109,62330,24222,34065,-1565145.00,-4846671.00,72131622.00,100770709.00,250655.3333,115407.9,294646.1429,101459.1429,53425823.00,56707349.00,1373361,1769664,105955,353088
2026-08-05,113828,49120,50774,52193,18883,23415,5266381.00,1447082.00,37035553.00,88055836.00,250433.3667,117102.3667,308545.2857,107849.8571,55035466.00,57446765.00,1359246,1760868,120438.6667,406802
2026-08-04,396721,118837,183140,156291,47714,57739,40557525.00,1895207.0000,80938802.0000,326398828.00,241064.3333,115163.7333,300604.1429,120637.8571,153475749.0000,192719786.00,1339784,1745513,122123.3333,404450.3333
2026-08-03,548715,149908,256293,209834,64201,72736,46703073.00,9242310.00,111571931.0000,361050476.00,227813.9333,112893.4667,258691.7143,123007.7143,184874867.0000,218456486.00,1295241,1630625,96312,274019
2026-07-31,274970,92571,113476,134588,36451,45538,603159.00,-4575668.00,78639396.00,104250036.00,221986.3333,113344.8333,247551.7143,118369,71491764.00,75554591.00,1379968,1813566,99926,242763
2026-07-30,389666,123891,185650,169964,45136,62033,17119735.00,-283567.00,136330424.00,164985296.00,212453.6,110906,229211.7143,114190,103517303.00,120467363.00,1346501,1685347,89914,183248.3333
2026-07-29,157421,72474,56533,82678,30563,32076,-7486588.00,2552893.00,67205870.00,72640682.00,214102.2333,110998.7333,241530.7143,120219,67840124.00,50271603.00,1332046,1656827,135207,244485.6667
2026-07-28,181202,103413,79026,81433,43134,42998,-3474996.00,-3838168.0000,122175188.0000,82715168.00,213760.4667,111973.5667,270238.5714,128878.1429,80563377.00,74603049.0000,1316173,1597733,156235,269194.3333
2026-07-27,211122,93855,100006,91688,38540,41892,8223990.00,-1809659.00,89375626.00,75783299.00,223968.0667,120704.6,280380.4286,156363.1429,64175176.00,75661825.00,1290603,1564628,144983.3333,264483.6667
2026-07-24,341133,208353,123891,178286,90393,86792,-19636736.00,16395577.0000,186601694.0000,106581788.00,224354.5667,120980.3,268548.7143,140614.7143,131153233.00,95530245.0000,1300660,1647932,107078.3333,237868
2026-07-23,255328,166497,70117,134814,67101,74218,-23197134.00,6278889.0000,286264758.0000,102889667.00,223106.5667,118578.9,266459.7143,138081.1429,117514909.00,95192236.0000,1295258,1613175,89805,233976.6667
2026-07-22,196990,60100,71206,97356,22228,22482,-7507769.00,-835442.0000,53063391.0000,80433433.00,220357.5667,118788.7,287866.5714,151685,59607732.00,50935405.0000,1269708,1559091,124447.3333,295699
2026-07-21,261286,94638,120236,103450,37423,42391,20770396.00,-3807651.0000,89692587.0000,156230076.00,220085.2667,121454.6,292232.7143,154687.7143,89791406.00,114890893.0000,1252368,1492565,188318,302642
2026-07-20,243654,114677,112355,103221,50222,51782,-7570914.00,-1921541.0000,118157890.0000,114623353.00,220296.4,120489.0333,316462.1429,151899.2857,93734229.0000,88159707.00,1211295,1425769,182797,307527.6667
2026-07-17,382157,164027,185191,156845,75809,65765,5481982.00,15890372.0000,146821912.0000,150449063.00,214526.0667,118051.5667,294914.2857,137991.2857,127152273.0000,116192737.00,1274036,1674999,177708.6667,260377
2026-07-16,282115,286250,97881,151341,149193,119927,-29410033.00,10119976.0000,785046649.0000,127933556.00,213437,114830.5,285546.7143,107886,440691180.00,373619918.0000,1280830,1605131,134067.6667,281951.3333
2026-07-15,258311,98114,112832,118289,39259,51128,-4831874.00,-8903551.0000,149984244.0000,112203646.00,224796.6,117600.6333,272862,102406.8571,106734757.0000,138340978.0000,1267187,1554604,139915.3333,293130.6667
2026-07-14,240705,148762,86205,119310,57885,67393,-16743716.00,-17771084.00,192309742.00,121552462.00,238713.2667,117791.2333,277986.7143,98661.2857,129812114.00,128139382.00,1236641,1493887,122047.3333,350649
2026-07-13,346838,155327,127791,182718,67456,74880,-30811695.00,8546010.0000,164807203.0000,196486177.00,241734.0667,115729.5667,253485,88882.7143,190412781.0000,140265476.00,1186880,1363864,92495.3333,312143.6667
2026-07-10,291849,115657,112446,135928,55313,47003,-8655415.00,5189941.00,58254873.00,103717368.00,235456.3667,113472.7667,231295,83803.7143,76602643.00,62757287.00,1240660,1425353,79114,287041.3333
2026-07-09,413260,95158,180107,179174,38321,46215,7158471.00,-1750298.00,66001361.00,181497415.00,227007.9333,112990.1,194071.2857,85034.7143,101585161.00,104939949.00,1220704,1370105,67314.6667,205794
2026-07-08,231322,66671,99143,99397,24180,32822,-5703090.00,922996.00,54872341.00,88814933.00,226604.3667,113290.8667,180203.2857,89430,61823501.00,55197415.00,1193412,1292360,85938.6667,220879.3333
2026-07-07,216542,75513,88225,99458,32411,30802,-3328922.00,2243021.0000,96234389.0000,107854950.00,224782.7,112275.0333,162591,94668,84922812.0000,79350869.00,1165647,1235191,89726.6667,207140.6667
2026-07-06,169518,59760,65067,83195,26463,27137,-7490192.00,7469479.0000,65672016.0000,82707669.00,223094.8667,112119.7667,159286.7143,106952,74176594.0000,60619048.00,1147349,1175970,96508,196141
2026-07-02,276578,122543,108336,142603,57653,55055,-20009620.00,518059.00,92583561.00,113263913.00,217084.7333,109362.3,135085.4286,103725,106564765.00,85837686.00,1145029,1184916,90252,154846.3333
2026-07-01,175326,86877,65206,92591,36187,42958,-8475822.00,-9825771.00,105138285.00,74554642.00,216514.5333,108587.3667,126560.2857,99982.2857,80023340.00,83549173.00,1121486,1117989,93772.3333,141153
2026-06-30,136519,80104,59318,58165,39282,33950,2877958.00,43024947.00,114468386.00,68282263.00,218777.2,108883.5667,128658,100224.5714,108359064.00,59787396.00,1102690,1083995,104464,126732
2026-06-29,152694,103775,65577,71223,45615,46922,-2750893.00,4573178.00,117999939.0000,86266351.00,224937.9333,108582.0333,121150.5714,100558.4286,90257584.00,88427763.00,1067885,1034226,118455,124630
2026-06-26,134246,97438,52598,65572,41429,47905,-8406315.00,-1163796.0000,75175530.0000,56361192.00,225332.3667,107157.3,116784.5714,93885.2857,62070676.0000,55368157.00,1090396,1095537,119293.6667,115604.3333
2026-06-25,93256,112179,34755,49567,43351,59258,-6862226.00,-4542085.00,151150821.00,49978587.00,228789.8,106123.1667,133016.5714,88610.5714,83205473.00,101106742.00,1088170,1075262,102126.6667,123069
2026-06-24,146388,145748,58161,68265,61309,68732,-5134386.00,-19740479.0000,162947798.0000,72125621.00,229141.8667,103217.6,136525.2857,86740.5714,95181223.0000,109787316.0000,1067024,1040322,80810.6667,124674
2026-06-23,107169,99954,43119,52409,39852,50201,-1235941.00,-8623534.00,94686322.00,52848584.00,236187.5667,104241.6667,195122.5714,123288,61948318.00,69465911.00,1034736,1017187,82863.3333,122331.6667
2026-06-22,115650,60678,39598,61064,25322,27131,-6266361.00,-5650280.00,50103598.00,62727038.00,243349.7333,106070.4,228990.8571,145566,48455001.00,47838920.00,1015396,992081,79546,118343
2026-06-18,151203,81800,69275,66297,37255,36086,4818835.00,4309048.00,47230900.00,80206983.00,249430.1,106435.0333,238517.2857,147373.8571,57721062.00,58216769.00,1241399,1361029,77364.6667,136902
2026-06-17,100142,106112,38974,49073,59717,39618,2058803.00,694327.00,210526128.00,64411282.00,253822.0333,106121.4667,240571.2857,141699.8571,154639256.00,102236419.00,1241303,1356208,86213.3333,160504.3333
2026-06-16,103684,50726,43774,51629,23163,23245,-1281431.00,710333.00,32036674.00,58173530.00,260533.6667,107821.5,261918.8571,159398.2857,43171105.00,41200002.00,1234271,1343163,187900,298393
2026-06-15,206880,75256,83489,101055,34015,34186,2208998.00,5682732.00,65348989.00,119352388.00,267134.1333,109540.8667,268077.1429,160891.7143,86449857.00,82976123.00,1221771,1309616,235022.6667,347009
2026-06-12,170949,132658,81752,69682,56486,60689,14763075.00,4275336.00,98635828.00,85099021.00,265733.9333,107727.2,273519.7143,154926.7143,72877087.00,83419826.00,1322591,1498896,222288.3333,362655.3333
2026-06-11,517350,355786,213870,255122,151849,166244,-13306552.00,-17532306.0000,328320786.0000,221710722.00,252875.2333,98203.2,235247.2857,131188.4286,238060522.00,257855462.0000,1311144,1423214,125824.3333,228378.6667
2026-06-10,352728,216624,141132,172828,89453,103639,-6788583.00,2048970.0000,131736568.0000,288262972.00,246042.9667,94231.8333,270443.1429,126130.4286,196294857.00,187242304.0000,1226254,1328863,111821.3333,195175
2026-06-09,217888,94455,88456,109477,43823,37273,-14403169.00,1507845.00,90553994.00,218567602.00,243408.9,94166.7333,333345.5714,134705.4286,150499284.00,135006090.00,1196325,1275955,108906.3333,205875
2026-06-08,114520,66394,46180,56749,28287,28624,-10952856.00,1411215.00,71966712.00,123123587.00,248779.1333,97164.5,379480.1429,138574.4286,91630973.00,78204402.00,1181938,1248495,117076,237384
2026-06-05,253117,174615,97918,130480,89294,70042,-15675189.00,8960018.00,118573158.00,203287567.00,248503.8333,96920.0333,358108.8571,120479.8571,155510250.00,130390123.00,1249586,1378151,122077,236159.3333
2026-06-04,249988,85710,113273,114449,36400,38559,8231538.00,2583524.00,82437039.00,218246644.00,248577.3333,96887.5333,345225.8571,119761,131856595.00,137584109.00,1234749,1336698,153913,352529.6667
2026-06-03,209047,90903,79982,107930,39269,42655,-36877373.00,-6081744.00,77343162.00,261011964.00,253103.5667,97759.5333,346678.4286,117588.2857,171171443.00,138298814.00,1213598,1326583,175105.3333,502249
2026-06-02,249443,189618,103815,114608,100714,72101,-2956275.00,-1021084.00,155124260.00,395439000.00,250181.1333,94094.4667,334171.1429,96934,249449181.00,247753784.00,1158991,1317164,143058.3333,564922
2026-06-01,599099,181218,272026,267870,73072,79804,64346817.00,5281706.00,283453703.00,1005175236.00,243548.1333,94679.1333,265568.8571,78917.4286,546369045.00,606451509.00,1097849,1252447,98636.6667,399728.3333
2026-05-29,658205,154480,328428,271074,64018,72980,61577555.00,2552791.00,113936496.00,652148794.00,236366.9,95347.3333,185293,62537.2857,316214461.00,375994773.00,1138525,1303018,74036,233595.6667
2026-05-28,437462,93477,207501,188860,37389,47253,28008186.00,-15184318.00,81286345.00,272122059.00,235269.1333,95785.1667,145401.2857,58273.2857,139499077.00,183258757.00,1115632,1224704,68108.3333,160846.6667
2026-05-27,103518,47953,47217,47053,15591,29341,206012.00,-10939705.00,37627396.00,81639815.00,248691.2667,99447.2333,159812.8571,64135.7143,51633083.00,61371249.00,1093594,1217217,67136.6667,180304.6667
2026-05-26,159807,80678,75827,71810,43766,32418,-5932146.00,7384274.00,66960846.00,98922123.00,258554.7,101966.3,185199.8571,66143,82744209.00,72855629.00,1068201,1183147,58611.3333,166663.3333
2026-05-22,219215,75694,101635,97663,36972,33550,-83251.00,-317231.00,44569409.00,107972546.00,257561.9,103427.2333,174751.8571,63143.2857,71264957.00,71498937.00,1117825,1249304,46653,125683
2026-05-21,161892,45038,77909,71458,17142,23686,3016479.00,-2614391.00,24611295.00,92755329.00,257434.3667,109255.2667,179764.2857,68302.8571,51888693.00,57452173.00,1109508,1226103,52850,124459
2026-05-20,118883,55102,56388,47252,21479,30651,5761946.00,-8254433.00,34864503.00,70354942.00,257740.6667,109605.5667,185202.4286,68799.8571,37860464.00,51876843.00,1087114,1193752,64146,152964.3333
2026-05-19,96274,39819,35927,44802,18749,18423,-5661802.00,-3094048.00,29486560.00,65002532.00,256795.6,109875.8333,216954.7143,81779.4286,45159104.00,42030350.00,1070527,1171885,82449.3333,233378.3333
2026-05-18,158220,63629,67184,75166,31577,26299,898051.00,2611952.00,40156627.00,108771593.00,253855.9,108952.5,241568.2857,89195.2857,71236066.00,66753665.00,1040150,1137020,79471.6667,229331.3333
2026-05-15,204399,88990,90005,92489,41769,36401,848140.00,1135325.00,46457003.00,105757332.00,249646,108174.9667,260027.5714,89730.8571,67685981.00,66435196.00,1180629,1402646,76860,226858
2026-05-14,337516,94729,159001,147610,39974,43679,13585717.00,-4441086.00,77813434.00,206290396.00,240944.4333,106840.6333,244939.5714,90013.1429,120378821.00,137796799.00,1159282,1383333,64810.6667,166669.3333
2026-05-13,146079,54696,67909,61827,21646,26799,480932.00,-899287.00,39414857.00,96404248.00,239728.1333,107325.4667,267647.2857,96731.8571,61634752.00,63014971.00,1146939,1359483,90137.3333,224156.3333
2026-05-12,196979,81155,82106,95479,37452,36317,-11500279.00,-3978099.00,52458927.00,128053279.00,236227.1333,108064.8667,297349.4286,103257.8571,86433638.00,79455458.00,1118430,1348081,101599,268668.3333
2026-05-11,156950,58581,63264,76587,24859,23304,-8889239.00,2377908.00,60617274.00,132028952.00,234923.3,110073.9667,293348.4286,106067.4286,88363139.00,75443992.00,1096479,1318594,112985,327556.3333
2026-05-08,318540,130676,137167,151105,62955,55974,-11225758.00,-1863273.00,60723713.00,169973709.00,228563.8667,108948.0333,266641.1429,97408.8571,108433924.00,98420439.00,1159471,1414163,101661.3333,298676.3333
2026-05-07,330515,115540,138821,149248,53852,47383,6993585.00,-4694156.00,68539152.00,254468440.00,221782.4,108489.6667,240533.2857,94829.2857,135987259.00,146705000.00,1122322,1371808,97057,290182.3333
2026-05-06,333614,92739,162833,138476,35228,44356,20554406.00,-1035147.00,71553953.00,250809320.00,214367.8333,109129.7667,212712.1429,94795.4286,131192181.00,152248584.00,1103512,1332997,108423,313942.3333
2026-05-05,231900,96705,113109,93272,46935,39970,7387971.00,4537811.00,43735683.00,170347693.00,210636.0667,108653.8,218958.8571,103312.8571,95101709.00,97951869.00,1098999,1313872,102270.6667,279623.3333
2026-05-04,305033,101727,144196,129088,49307,38081,13655467.00,-1085064.00,79698015.00,197573669.00,206000.5,109552.0667,210362.4286,112677.7143,110671060.00,129671696.00,1074085,1273517,91717,221808.6667
2026-05-01,404894,126837,185203,175462,56944,51309,7749871.00,987763.00,63430290.00,154963249.00,196071.5,120855.8333,188548,106663.1429,88344719.00,97193327.00,1137478,1385998,81932.3333,136097.3333
2026-04-30,128943,78248,46728,67341,29118,38315,-6795552.00,-12406336.00,90281045.00,44920855.00,194549.9667,125486.7,219389.5714,112208.1429,47590117.00,48276671.00,1131419,1366296,86683.6667,139405
2026-04-29,131589,70066,56181,63036,31055,31388,-12519.00,2216377.00,53546787.00,51867338.00,194210.7,129833.9667,223701.1429,113579.5714,48616308.00,46188968.00,1111887,1352602,115437.3333,187417.6667
2026-04-28,147760,97483,53383,76288,42880,39230,-11466534.00,-231224.00,56158230.00,73924182.00,193708.1667,133460.6667,259751,128047.4286,63224683.00,51989473.00,1083530,1324969,138703.3333,219783.6667
2026-04-27,138866,92502,53607,72336,46780,29037,-5696429.00,2443551.00,53592457.00,66094505.00,196674.3,140377.5333,303165.5714,139765.1429,56447602.00,51118872.00,1059363,1297137,136114.3333,257559.3333
2026-04-24,275627,156327,111170,132400,75010,57022,-15811626.00,10853780.00,67183613.00,120235926.00,195420.9667,148693,321580.1429,132663,93756586.00,67091180.00,1129383,1422464,123026.3333,280628.3333
2026-04-23,244858,167281,99186,118380,78842,73526,-17356220.00,4152492.00,68639307.00,128699891.00,209724.9333,158402.9333,358912.1429,131310.7143,96131005.00,74622293.00,1083574,1409069,93821.3333,252932.3333
2026-04-22,252193,84735,118907,106476,35783,35523,4320659.00,773682.00,50176107.00,171320125.00,214109,163210.2667,387986,141527.1429,92764357.00,98786334.00,1062366,1367298,131829,302237.6667
2026-04-21,344834,117063,152464,148714,61076,42405,1705300.00,5783259.00,67219007.00,200981646.00,207990.2,162567.9,365785.5714,141878.4286,116073194.00,111610835.00,1025315,1328480,150983.3333,334882.3333
2026-04-20,161770,79666,76275,67788,35381,30535,3562316.00,2156547.00,37404747.00,92459362.00,211075.5333,165938.8333,365256.4286,161908.8571,55861329.00,57267098.00,1000656,1282196,159965.3333,415802
2026-04-17,400109,198758,166097,197119,97093,76243,-11980415.00,1731398.00,73518012.00,220433369.00,203629.6667,165656.1,326394,142887.8571,137001476.00,123289663.00,1107751,1518788,146317.6667,451159.6667
2026-04-16,442768,174526,194528,202260,78854,79043,14721116.00,4379297.00,138112266.00,229481163.00,193276.1333,163626.1667,272844.5714,124802.2857,161935627.00,174408316.00,1065958,1454024,140225.6667,455473.6667
2026-04-15,404529,106612,191442,176966,47197,47921,14299274.00,-712953.00,52117323.00,253137618.00,183446.0667,163563.7,225058.8571,114704.7143,130424712.00,145381229.00,1042437,1406634,144529,383774.3333
2026-04-14,506182,157815,231764,212170,66940,73575,2889298.00,-652074.00,74095764.00,292322407.00,172684,165272.2,163904.5714,101540.2857,159681863.00,160536991.00,1009378,1302029,165217,267735.6667
2026-04-13,455710,156250,234172,172834,59787,78414,25651424.00,-6742390.00,109687495.00,193579706.00,161535.1,167750.9667,109727.2857,87033,119606706.00,153770220.00,982159,1190026,135004,158523
2026-04-10,189431,119522,90350,74085,45666,54358,2442873.00,8715698.00,138110331.00,66893064.00,159246.9,170330.7,98321.4286,79850,68098731.00,62243906.00,1009992,1209259,111139,118020
2026-04-09,158066,219879,62846,70054,53667,73379,-4748668.00,-6683585.00,663723161.0000,79827018.00,159422.2333,167442.2,88876.1429,63201.1429,77056412.00,120923009.00,1035066,1156024,49822.3333,88674.3333
2026-04-08,128072,65611,47665,55287,31677,27478,-3963913.00,3574977.00,49078168.00,98644765.00,158938.8667,170041.8667,87413.7143,70807.2857,51161228.00,43622338.00,1020156,1130578,49840,72017.6667
2026-04-07,67922,47927,29391,32580,20640,23000,-1536619.00,-5233248.0000,46464549.0000,33846348.00,161934.5667,174267.7,95961.5714,77803.1429,34321575.0000,40350454.00,1004099,1116074,52097.3333,74866.6667
2026-04-06,70029,35929,31502,30674,16240,13905,-2530805.00,-290325.0000,28833043.0000,28694680.00,166256.0333,180633.9333,104110.4286,87211.7143,24549148.0000,22348368.00,991891,1098461,63201.3333,88053.6667
2026-04-02,78102,65664,35928,33593,23658,35408,-2121402.00,-1691014.00,27574567.00,34991642.00,166662.5667,184251.4,108835.4286,93822.8571,28789261.00,28358873.00,1107414,1160793,75759,92669.3333
2026-04-01,76469,54699,34025,35202,23523,25679,-1129963.00,-476783.00,35859964.00,29583199.00,167447.1333,186973.1667,115046.5714,97783.8571,30659874.00,30006694.00,1095301,1146788,97144,106458
2026-03-31,109590,69241,57868,39780,25371,34387,3331481.00,-4010455.00,38495045.00,42492837.00,167462.7,190277.1,123100.2857,106274.4286,33700497.00,41042433.00,1087923,1120334,106363,112513.6667
2026-03-30,91949,103337,42285,40783,42990,46374,-2280928.00,6716554.00,47807067.00,36368678.00,169643.2333,190195.1,125253.8571,158076.2857,43104154.00,34106672.00,1066788,1090595,105847,124221
2026-03-27,117835,118854,48807,55394,45709,60346,-3485312.00,-2846020.0000,60300353.0000,38196180.00,169431.7,196277.3,120319.8571,172122,45303944.00,44664652.0000,1148841,1152611,103543,122001.6667
2026-03-26,127757,96898,51992,56369,47912,42381,-966414.00,-5098293.00,34365024.00,56969029.00,169415.5333,197629.1333,119413.2857,186920,37894562.00,42026441.00,1120836,1112222,98719,119398.3333
2026-03-25,127071,101789,50704,61244,42581,35266,-2989768.00,1052730.00,42461123.00,50438699.00,172346.0333,197599.5667,120215.1429,201847.8571,42599997.00,38864384.00,1085680,1078948,107681,132363.3333
2026-03-24,111177,111942,35025,58706,47877,54977,-6223734.00,-5809616.00,44238052.00,48075285.00,178218.7333,200387.2667,136882.7143,228714.4286,37867370.00,38666472.00,1070715,1047403,225683.6667,130979
2026-03-23,119947,82426,62685,43664,42525,30747,4895762.00,3856229.00,28409749.00,47421479.00,181304.9,204967.2667,153751.2857,274909.4286,34100520.00,35113218.00,1045622,1004917,270599.6667,118762.3333
2026-03-20,165966,128675,66460,85854,66722,51080,-6318345.00,-2785356.00,59071866.00,45396643.00,182881.2667,221133.4667,226324.2857,322038.5714,40929665.00,37396676.00,1309956,1426223,294536,103910.6667
2026-03-19,107024,465950,49022,47583,236663,206278,880143.00,-3690757.00,2401623415.00,36953516.00,186192.1,212425.5333,265851.5714,288182.1429,1268466731.00,1024955874.00,1309526,1407142,207980.6667,112464
2026-03-18,83297,217174,31230,43264,100250,77282,-3987899.00,2986963.00,745163093.00,27096591.00,189886.9667,212541.1333,276990.5714,271127.5714,314079447.00,307210910.00,1274407,1389510,235592,160648.3333
2026-03-17,121411,200484,42800,63323,75082,86535,-8210653.00,7090598.00,833413953.00,40305661.00,191853.4,211967.6333,295979,268314.7143,283116880.00,378858974.00,1259595,1361947,304027.6667,199520.3333
2026-03-16,132684,206284,54361,58970,124855,64424,-3122988.00,5847368.00,813812963.00,54447180.00,192572.3667,209270.9667,302271.7143,266027.8571,496154474.00,300561883.00,1223967,1332227,388126,379951.3333
2026-03-13,227850,300008,81197,108866,105425,87109,-9064559.00,3388540.0000,841059332.0000,72772846.00,193937.4333,213100.6333,288602,239402.1429,69165044.0000,56711945.00,1329123,1477353,364441.6667,431906.3333
2026-03-12,238027,405791,99589,115425,92469,84781,-2747163.00,-91484.0000,1848852206.0000,91591339.00,193758.8667,203914.8333,270259.1429,196394.5714,67480006.00,65011372.0000,1322828,1460026,261775.3333,406320.6667
2026-03-11,673977,458579,310045,292920,196393,205104,21270939.00,3511412.0000,303266200.0000,351109069.00,177269.1667,192067.8333,200165.2857,160750.4286,218430445.00,233961902.0000,1210237,1409706,169180.3333,266438.3333
2026-03-10,383715,228955,139462,186452,91894,97907,-32412042.00,-7704915.00,134392509.00,189918360.00,172015.6,186802.5,162669.2857,160987.2857,147714424.00,122863252.00,1111808,1273431,156287.3333,197444.3333
2026-03-09,161270,97792,62474,73282,45370,40939,-7712049.00,6619070.00,76366789.00,101021193.00,173498.6,186810.4333,156885.7143,175147.5714,83882621.00,69549712.00,1089435,1231846,161566,187741.6667
2026-03-06,254330,180794,106164,109444,84003,68120,-7161292.00,-5965105.00,286273205.00,141945055.00,170649.5333,186488.7667,143885.1429,168351.8571,116243918.00,115532972.00,1269261,1327133,136214,139507.3333
2026-03-05,176733,190276,81451,74558,37144,65142,19805834.00,-2352469.00,824926074.00,96846430.00,170853.9,184403.4,134862,161684,55520182.00,77686345.00,1266877,1297091,142478.6667,141703
2026-03-04,132162,113628,60831,53105,35175,51417,4260139.00,-819989.00,296729085.00,64683979.00,170873.6,183415.3,138523.5714,170408.8571,45880383.00,50960511.00,1270905,1268771,181473.6667,138063.3333
2026-03-03,109627,104738,47442,52211,41750,40354,5264854.00,2686977.00,295071998.00,52870669.00,172945.3,183834,151387.2857,187862.8571,53229297.00,60965202.00,1256991,1248141,212199,141782.6667
2026-03-02,183320,209070,93212,74035,81516,88446,7124190.00,1797647.00,357470755.00,67222382.00,170068.1333,189151.4667,138098.4286,182879.7143,66953871.00,73631447.00,1239672,1182965,186917,135118
2026-02-27,121243,230613,44847,60513,109028,81069,-5678183.00,4445257.00,433645902.00,46422038.00,170860.5,189107.1667,135064.5714,169413.8571,58105078.00,49653038.00,1317452,1282608,157913,132560.6667
2026-02-26,120785,196914,55053,53918,53166,84425,3640726.00,-9926369.00,694582896.00,58652009.00,170756.0667,187928.8667,133532,165334.5714,47165973.00,61416021.00,1272034,1262310,150509,144896.6667
2026-02-25,163326,133224,80042,68438,57278,49135,4225752.00,9869649.00,239425687.00,75256161.00,174263.5667,188405.5,132680.4286,160713.5714,70953692.00,63503861.00,1224869,1204288,181739.6667,157012.3333
2026-02-24,113571,143601,58974,44429,74336,48070,5877020.00,2050809.00,283563215.00,63407017.00,181451.2,187837.7667,132383,183244.8571,63874607.00,68052818.00,1154524,1171352,191935.3333,149254.6667
2026-02-23,157793,174702,60828,79123,75710,62489,-2860603.00,31244998.0000,491189924.0000,81465773.00,184900.1333,184856.7,128022.8571,177923.5714,129010935.0000,94524194.00,1121758,1108612,179152,129992.3333
2026-02-20,199673,226916,76186,105932,114195,75342,-10050010.00,5234328.00,270122377.00,77067767.00,181147,178475.0667,130210.4286,159921.5714,77839359.00,62674496.00,1200443,1357859,159633,100120.3333
2026-02-19,90298,174188,43020,38687,35165,95182,2128777.00,-38689275.00,796469407.00,39280546.00,182539.5333,174515.9,158361.8571,162976.5714,111124740.00,378259684.00,1189553,1338496,135196,122476
2026-02-18,100006,136352,48336,44076,67515,52591,1973487.00,7053170.00,392348736.00,38627212.00,185247.2667,172111.3667,174437,174901.4286,157043336.00,133727428.00,1167206,1308320,190185.3333,126303.6667
2026-02-17,110057,168359,43784,47582,76667,66087,27702.00,14168933.0000,397806145.0000,58561459.00,185223.3667,168187.5667,189179.8571,238516,187871791.0000,113110510.00,1153349,1294649,179883.3333,132042
2026-02-13,157365,100877,80114,63767,38620,27307,8245796.00,5847042.00,339820292.00,62421293.00,182008.0667,165780.2333,196177.5714,253349.5714,77990446.00,47465300.00,1282794,1367928,179891.6667,151249
2026-02-12,111489,301320,46699,54354,91232,135486,-1294870.00,-3767897.00,812350875.00,45667710.00,181572.3667,156889.9,207985.2857,241824.1429,106987601.00,161280998.00,1250410,1351160,144642.6667,209872
2026-02-11,127272,137453,49910,57589,47260,51987,-514020.00,4595595.00,251760848.00,61851404.00,179958.7333,153768.2667,215575.5714,248370.7143,50881285.00,45771670.00,1243666,1333768,172100.3333,238292
2026-02-10,214986,100902,98950,94409,43936,40548,1915215.00,-978890.0000,122796637.0000,115149151.00,178382.3667,152618.6,206899.4286,251868.1429,76706985.0000,79527580.0000,1230563,1309956,343020,237715.6667
2026-02-09,287358,195573,145960,112242,93130,71725,15591779.00,2414683.0000,255559634.0000,150196203.00,171659.9,147359.1,204248.5714,283200.2857,104985083.0000,118902804.0000,1152512,1260120,346066.3333,210712.6667
2026-02-06,212532,219826,97076,96468,72820,76669,10773858.00,-5468465.00,661296701.00,79251496.00,169733.2333,143197.8333,207125.4286,270399,96056740.00,116057338.00,1159510,1342734,346338.3333,204583
2026-02-05,213257,613661,84344,109576,198586,137045,-6748242.00,1007868.00,3184395292.00,94237453.00,169976.4,125725.7333,202272.4286,197471.5714,438896906.00,296090811.00,1137655,1281149,202877.6667,193632
2026-02-04,206349,204712,74696,94969,81805,79823,-4361233.00,-2718508.00,433653486.00,90031495.00,181623.7333,129007.5333,205095.1429,178369.1429,127188502.00,123902352.00,1106677,1210438,176435,176266.6667
2026-02-03,194143,220642,67257,87720,81546,92333,-5922808.00,-14944450.0000,320050990.0000,87779899.00,182626.9667,134619.7667,206754.7143,160853.1429,100698486.0000,117657003.0000,1079254,1154689,241187,201153
2026-02-02,180404,183279,82177,73174,79560,77098,10142656.00,-13197737.00,276972370.00,95524374.00,186815.2667,140672.4333,205105.2857,159119.5714,100127261.00,120088591.00,1028991,1109041,223499.6667,218575
2026-01-30,154253,125384,58871,82154,47765,52043,-4042044.00,-2826358.00,263787402.00,49580321.00,187948.8667,142450.0333,209192.5714,159452.5714,61159162.00,61731021.00,1078337,1219578,216094.6667,226919.3333
2026-01-29,268802,414898,113472,123836,159575,139918,-2703351.00,14121758.00,1304031904.00,110216588.00,187267.5,135336.2667,189757,112179.2857,265370623.00,197595920.00,1116813,1169266,101460.3333,212688
2026-01-28,232670,130217,103751,101629,66623,45970,2676937.00,-15309.00,99238439.00,112231410.00,196021.1333,143097.8,181058.1429,110333.8571,59413264.00,61890510.00,1047643,1126105,90731.3333,203718
2026-01-27,179286,103169,72068,86502,54018,28342,-4455337.00,2942397.00,151756976.00,90135146.00,219846.7333,165628.1,169303.7143,148251.7143,71019948.00,63522844.00,996787,1074073,113389.6667,200242
2026-01-26,226108,70995,115960,82248,25425,27847,10709266.00,-2982271.00,109684367.00,95804467.00,226314.7333,170696.8667,157718.8571,170864.4286,57605932.00,70943719.00,984712,1020699,132296.3333,185827.3333
2026-01-23,205760,98030,83244,95064,34710,47696,134420.00,7419141.00,143202621.00,63834024.00,224290.9,169974.6333,145132,179940.8571,60147791.00,51004270.00,1027741,1075286,127614.6667,161491.6667
2026-01-22,168858,171144,75088,73803,77949,45494,1256748.5000,5662168.00,475478157.00,92297431.5000,224542.7,166418.6333,159373.8571,176566.4286,77397079.00,72405959.5000,958366,1023649,109666.3333,162465
2026-01-21,182864,127715,75061,84938,63240,45212,-6837629.00,10472680.00,144537948.00,86612127.00,226990.5667,165133.2333,180279,176402.7143,94791703.00,77965294.00,935816,963028,189959.3333,133845.3333
2026-01-20,132753,83985,50836,68034,37796,31360,-2251961.00,825686.00,108868900.00,70424878.00,230332.2333,165248.3667,198637.2857,176586.2857,68402186.00,65887869.00,910097,922693,238392.3333,137932.3333
2026-01-16,171778,117299,80326,74754,58531,46700,5874485.00,1195634.00,56677867.00,57941156.00,229287.8333,163344.2,186537.4286,164896,45974419.00,50653270.00,1057817,1210244,253147.6667,119890.3333
2026-01-15,97005,368594,35431,51577,172518,176653,-4090989.00,16218070.00,1613404334.00,39517855.00,231959.0667,153554.9667,191547.2857,120155.8571,896814117.00,647626198.00,1039721,1192453,179457.3333,177072.3333
2026-01-14,145014,229284,53106,74925,106184,110326,-7297182.00,-3316297.00,930718723.00,81426231.00,230687.0667,148271.8,196722.1429,96574.7143,426079112.00,547858887.00,1020717,1171341,145219,238467.6667
2026-01-13,117652,161565,49281,56286,64541,86743,-2816523.00,-4827804.00,739054323.00,66172230.00,231269.2667,145400.3333,195534.7143,80729,296173452.00,480970823.00,1015114,1158023,119787.3333,286337.3333
2026-01-12,268551,147523,133874,107412,50977,85084,12939275.00,-9920537.00,436390989.00,146672249.00,229754.3667,144800.3,165871.1429,63748.1429,175523810.00,365099487.00,1000334,1112430,82435.3333,225846.6667
2026-01-09,329200,126569,165398,127332,49182,56928,12795585.00,653150.00,145520802.00,91262725.00,226255.2,147609.2667,132902.2857,50611.1429,63652630.00,86815565.00,1040877,1157412,58716.6667,160138
2026-01-08,261261,85270,56959,58876,40181,33999,-4071185.00,-1138395.00,54725990.00,799045811.00,223740.1667,148572.6333,106845.4286,44687.4286,43911743.00,40848953.00,1018566,1147859,51698.6667,133463.6667
2026-01-07,87079,35467,37461,37962,15305,15449,-929156.00,-7466604.00,28309938.00,37624598.00,231527.4667,157822.2667,118362,49108.1429,25383470.00,34792668.00,1009193,1132195,56758,140884
2026-01-06,132074,55413,56969,48687,24095,21898,759693.00,-1671916.00,41051060.00,47081513.00,232580.1333,162613.9333,111734.8571,46590.2857,35932195.00,38676304.00,988368,1100276,47839.3333,117161.3333
2026-01-05,181238,64216,72829,78037,32707,23196,-1928554.00,4643753.00,42614838.00,86039497.00,231538.1,162897.3667,107948.2857,50986.2857,52405767.00,45828828.00,970150,1041506,37970.6667,89554.6667
2026-01-02,109340,50645,46110,52723,20296,23478,-2414615.00,1183862.00,28291835.00,42988030.00,233372.3,165094.6,123835.7143,56536.7143,33203881.00,29605404.00,1015791,1086637,35690.3333,79395.6667
2025-12-31,60906,28657,24561,29657,13667,11724,-1326337.00,3387955.00,27097911.00,30275250.00,235861.7,166768.2,194530.4286,95752.2857,28454293.00,23952831.00,1013922,1086134,48275.3333,114992
2025-12-30,98418,34610,43159,43377,14889,15887,6365195.00,-1607793.00,26438313.00,47526512.00,244290.2,171747.0667,212505,146380.7143,29515709.00,37488697.00,1008256,1074108,49334.6667,110747.3333
2025-12-29,78863,43804,28283,37487,18509,18658,-3085954.00,-3190751.00,31710529.00,39014254.00,248946.1667,176311.2,244960.7143,192245.7143,29743718.00,29848515.00,997582,1065907,66396,136037
2025-12-26,167695,66412,71007,78174,27516,31156,-585793.00,-3262597.00,37012400.00,45847326.00,248790.0667,178658.1667,247898.7143,208288.5714,35428866.00,38188870.00,1048439,1176108,74091.3333,153656
2025-12-24,85684,37788,39045,36073,12495,18463,3163662.00,-2823858.00,44840663.00,30274007.00,250939,181179.5,271138.2857,231673.8571,18270122.00,24257642.00,1043527,1170366,162550.6667,310351
2025-12-23,154732,94988,65731,72441,45302,34969,753528.00,280660.00,69928651.00,75963295.00,249883.6,180371.6667,319787.8571,269970.2857,54165298.00,54638166.00,1018808,1126765,260557.6667,333520.3333
2025-12-22,220552,89498,102750,96550,34126,42143,-1830768.00,-2907791.00,77425384.00,113256288.00,247716.4667,181798.8333,416002.4286,368481.7143,76071022.00,77164245.00,1003995,1089525,352344.6667,362020.6667
2025-12-19,555769,303166,261827,217985,130830,139994,18711955.00,2829760.00,117479733.00,231987242.00,233740.5333,176515.7,396628,357037.7143,126286864.00,137976151.00,1128512,1376266,310860,239518
2025-12-18,224240,389009,87817,101674,143688,164592,-2825258.00,-28008596.00,1497638852.00,95526911.00,230035.5667,165012.7333,385314.4286,312374,473704895.00,627119633.00,1121762,1347997,248352,247558.3333
2025-12-17,306053,364859,115486,156270,139579,196243,-4795568.00,-12018019.00,796880758.0000,125498430.00,224151.7,156049.6333,366794.2857,269460.4286,316039967.00,522340203.00,1101983,1289226,247753.3333,310633.6667
2025-12-16,188261,178712,89292,72029,68343,78378,7228913.00,-12001558.00,507402166.00,105420969.00,221504.5,152416,376514.1429,256666.2857,262558626.00,210867938.00,1066453,1241370,447875.3333,545898
2025-12-15,248361,201485,98605,120347,106125,80531,-10373432.00,3932651.00,287978470.00,124452969.00,218550.1667,149577.0333,374320.1429,240374,196158203.00,192074870.00,1019564,1191038,455066.3333,603160.3333
2025-12-12,495279,363063,192100,254938,162756,153426,-18878534.00,-413757.00,305312782.00,178207706.00,208712.5667,142970.4667,323629.7143,197104.1429,168189761.00,152671372.00,1141816,1390284,359499.6667,486415.6667
2025-12-11,894054,779078,387714,420608,239063,254055,-10413165.00,-10495642.00,2444944312.00,375367261.00,183774.5333,119441.7,221213.7143,96509.7143,374410990.00,399253100.00,1082369,1210056,121295,247201.6667
2025-12-10,420148,223058,179559,184520,105661,88543,-4948819.00,7776214.00,112228541.00,300241090.00,174320.3333,113545.0333,176457.4286,74757,183228694.00,171293165.00,986527,1058836,76660,192585.6667
2025-12-09,145045,76363,65691,64601,34763,31832,9627736.00,-3697138.00,61373473.00,141789259.00,173024.5333,112735.6,175039.2857,74622.4286,84432020.00,99738170.00,964266,1026901,80352,221905
2025-12-08,176412,64464,80894,80052,29265,26141,-4865044.00,4695698.00,54638629.00,176156312.00,171891,113458.0333,181709.5714,83916.4286,110054147.00,99643405.00,940835,990223,78922,209916.3333
2025-12-05,256300,89153,111975,121479,36346,42916,14604167.00,-9201983.00,55538135.00,174152973.00,168353.5333,112890.6333,177127.4286,101300,91898518.00,118013943.00,979841,1046803,74176.6667,183530.3333
2025-12-04,233003,87439,110056,100579,32718,42496,14476557.00,-10314910.00,68460064.00,173060913.00,165218.8667,112424.6667,170385.5714,105118.8571,91544614.00,123373171.00,953118,1008261,68626.6667,141480.6667
2025-12-03,140446,60174,69865,56365,21373,30501,6743436.00,-8739892.00,64105528.00,101890646.00,165717,112923.2,196135.8571,141230.5714,66817912.00,81657730.00,935053,980039,73709,139704.6667
2025-12-02,177142,74917,77520,83308,32778,31226,8292948.00,2009291.00,63306109.00,120223915.00,168417.7,115033.8333,194209,158980,80257080.00,86806945.00,913051,935467,91910.6667,155025.3333
2025-12-01,106854,70789,47887,50020,34156,29177,-8914114.00,-2098172.00,61901319.00,81325969.00,177580.0333,119912.4333,200369.4286,159255.7143,68750893.00,61957381.00,905339,915889,138593.6667,194149
2025-11-28,135118,75421,48311,72163,30192,38100,-10703916.00,-3172220.00,40088421.00,63155912.00,183201.5,122481.9333,204547.7143,165133,51481010.00,43949314.00,953135,983664,151510.3333,211046.3333
2025-11-26,223104,129522,102844,103038,60933,51308,4146347.00,2437331.00,108528873.00,132571620.00,179138.8333,119956.0667,192045.4286,157896.2857,102339585.00,108205466.00,907096,951415,212655,243577.6667
2025-11-25,224225,210838,96992,105257,99059,81989,-1897621.00,1612396.00,392157544.00,127253429.00,176056.3333,115202.4333,210195.1429,154058.8571,192621040.00,173328158.00,877935,906701,208763.3333,223387.3333
2025-11-24,185810,114171,83272,84676,39708,49344,-11778709.00,-4701315.00,185626561.00,118380688.00,176228.2,113912.5,214871.1429,163567,116657066.00,108663107.00,852440,859008,194946,211443
2025-11-21,320698,312956,125060,167265,144836,142539,-18160101.00,-3257942.00,285124026.00,176177404.00,177552.2333,108762.1,192344.5714,138404.8571,223302376.00,206120698.00,875944,994904,129481.3333,159332.3333
2025-11-20,163654,199163,63195,86192,128300,53849,-10504483.00,51495594.00,594994135.00,94158095.00,182100.8333,105659.4,190415.7143,126157,505556612.00,145117935.00,875582,979515,89382,149977
2025-11-19,149977,72719,70428,66901,29485,38023,3942534.00,-10033072.00,101936082.00,102236171.00,191719.7,105603.2333,186571.8571,125876.1429,81644748.00,111556179.00,869283,968459,126467.6667,217075.6667
2025-11-18,164366,116562,72383,78307,45918,59849,6946618.00,-6208604.00,142423520.00,91600694.00,193959.8,107087.9,185310.7143,128126.2857,92621634.00,108912184.00,843699,956018,147856.3333,235134.3333
2025-11-17,135588,78865,72185,53050,34165,38999,-1784443.00,-504834.00,108544227.00,71495265.00,193101.3667,105891.9333,185439.7143,137527.2857,78150979.00,86713900.00,821885,925904,167175,244275.6667
2025-11-14,351273,183976,165517,150919,80483,86901,3368998.00,7846975.00,186604305.00,162819152.00,188039.0333,102917.6667,151413.7143,117519.2857,159603748.00,156260697.00,825104,961337,143659,177235.3333
2025-11-13,218542,180728,87453,107999,75353,77616,-7304439.00,-14544221.00,267627927.00,131547486.00,185773,99265.3667,138698.7143,105410.4286,144559134.00,152929470.00,811807,904997,107000.6667,145411.3333
2025-11-12,163012,136821,62431,81928,58518,64793,-7467526.00,1799842.00,125188685.00,130323155.00,188635.3333,98624.2333,130960.5714,95822.1429,121524201.00,115364933.00,782607,861327,105498,142920
2025-11-11,150152,113428,61226,70099,47551,51084,-4725126.00,-161672.00,109803843.00,100843082.00,189521,98570.5333,132329,96234.7143,97150777.00,92737323.00,754143,839839,115912.6667,138366.3333
2025-11-10,123070,70753,51071,58126,26198,36904,-2570154.00,-5531716.00,69936952.00,107658349.00,192015.0667,100158.4,143340.5714,109679.4286,77031732.00,79877869.00,731799,800643,106968.3333,135040
2025-11-07,155538,132313,69185,68129,55705,63407,165202.00,-13653766.00,144352879.00,114432918.00,196466.4333,103476.0667,141965.5714,101236.8571,107443989.00,120815207.00,749881,860512,94852.6667,126373
2025-11-06,136491,144672,51549,71498,70256,62860,-2973137.00,4721633.00,256519510.00,82777175.00,204160.0333,107208.3667,141970,87163.4286,170545097.00,119925597.00,734954,849787,69863,117157.6667
2025-11-05,113091,43920,50093,52071,18480,22068,-6611470.00,-915497.00,59054164.00,73654196.00,208424.9,109931.6667,140981.4286,88329.1429,64800886.00,60020913.00,725097,820433,93995,132704.3333
2025-11-04,129537,95966,48637,62225,43906,41900,-958214.00,-505594.00,114934916.00,127892705.00,213498.1667,111199.2333,142819.8571,86925,101600296.00,105897481.00,702942,793978,116961.6667,156242.3333
2025-11-03,108845,69703,43246,53324,29323,26459,-3389953.00,-2744603.00,71031081.00,99054711.00,224341.3667,114835.0333,148724.2857,87271.8571,75019503.00,74242653.00,685980,770818,118132.3333,168598.3333
2025-10-31,159731,116316,70159,74292,51209,54389,-843314.00,4029551.00,103564470.00,94683702.00,232246.4,115845.7,145757.4286,81149.5714,92956752.00,87451787.00,724872,852704,94746.3333,160862
2025-10-30,200151,164866,71275,107214,76435,68984,-22738099.00,9806101.5000,237520678.5000,137896212.00,233047.9333,113993.7333,139363,68330.1429,205172112.00,130397311.5000,706979,813460,57151,129535.3333
2025-10-29,145913,73215,57075,75368,37326,27304,-18701369.00,6539157.00,55770781.00,118398714.00,238550.3667,116166.0667,155398.7143,77618.8571,92907961.00,65267435.00,687925,786021,61458.3333,128366.3333
2025-10-28,136522,46158,61527,60279,20444,20307,3174185.00,-1587994.00,28211798.00,101545951.00,251380.8,122473.2333,190427.5714,102045.8571,55205174.00,61783778.00,671416,750702,70116,132917.6667
2025-10-27,106171,52080,45356,53230,22122,21543,-9773669.00,-7664097.00,37069039.00,126668209.00,259703.4667,126161.6667,218654.8571,116392.4286,80368293.00,75632921.00,650089,719979,77242.6667,143848.3333
2025-10-24,142406,86137,59091,69910,33287,44315,-1990124.00,-3526308.00,37253023.00,94388435.00,276109.2667,144790.9667,212771.7143,111765.1429,59575909.00,61112093.00,699013,840816,73573.6667,148176.3333
2025-10-23,150176,72131,75428,61618,27037,36984,10884426.00,-7084103.00,60205413.00,101797510.00,292290.4,164470.3,210139.4286,111207.7143,65355453.00,86537172.00,700759,836979,95608.6667,184172
2025-10-22,138963,73460,55325,68844,31830,30777,-12961846.00,5941405.00,69764783.00,104413796.00,314947.8333,192002.0333,217568.4286,111495.2857,86863606.00,69339299.00,680436,807287,143504.3333,265092.3333
2025-10-21,155390,75130,65827,73571,32502,31511,-351715.00,9206744.00,64951476.00,130348158.00,317890.7,194867,246858.2857,123397.2857,92718999.00,84005540.00,656852,776949,169296.3333,314549.6667
2025-10-20,258163,138236,88768,141749,66407,56989,-53089962.00,-2089105.00,123895612.00,229300378.00,313080.2667,192633.9667,252851,118803.8571,185244130.00,134177638.00,602923,687385,141133,262236.6667
2025-10-17,381724,217147,133517,205064,93161,95727,-47851002.00,6786055.00,140322353.00,256455415.00,303123.6333,186718.8667,260968,97930.5714,208100444.00,152396907.00,728157,859053,91493.6667,178912
2025-10-16,303762,152506,150084,128267,60666,70598,32504119.00,-14061201.00,103780406.00,295469634.00,294192.9,182916.9333,250654.7143,99158.5714,150442387.00,210994247.00,703507,828484,65816,141313.3333
2025-10-15,101224,53746,43857,45000,18114,26112,4299710.00,-3713694.00,32953120.00,117823585.00,291792.7667,181918.9667,251884.8571,97621.4286,63568347.00,71687328.00,695016,816464,100715.3333,227711.6667
2025-10-14,131750,68229,55569,62953,28136,33115,-9536270.00,-2900008.00,71551173.00,122054332.00,288413.7667,180496.1333,261549.5714,101409.8571,92604363.00,88110101.00,675786,795254,113333,283832.3333
2025-10-13,190966,75473,95976,76752,29425,37801,29911882.00,-435836.00,69088371.00,238582471.00,285454.6667,180304.0333,255777.4286,100793.5714,124655435.00,154765453.00,663422,766064,111853.3333,366358
2025-10-10,360419,158444,159425,167051,68618,72294,5236476.00,-1870665.00,67513795.00,260992598.00,274840,175828.5667,239843.5714,94956.8571,142471186.00,149578327.00,721750,851644,112739.3333,323408
2025-10-09,300112,106082,134945,138464,42645,49749,8851138.00,-276003.00,113321556.00,214880031.00,265648.6333,172911.1333,222216.4286,95776.1429,130127784.00,156637651.00,705509,804635,91707.3333,259982.3333
2025-10-08,438543,71034,69336,60225,30450,31573,6482836.00,-4174432.00,54511820.00,3091744014.00,251864.7333,171190.0333,187837.7143,102541.1429,73173250.00,83830518.00,691092,822822,99612,180269
2025-10-07,231569,161102,95484,115110,70201,74518,-13595074.00,-1857905.00,109421539.00,173657373.00,245139.2,166328.1667,196053.4286,112647,136219264.00,124525185.00,664017,789644,69631,153266.3333
2025-10-06,109835,42986,50772,46990,20199,18493,7283057.00,-1559878.00,33512591.00,94262491.00,243362.9,165761.1667,232834,143169.1429,52172850.00,62591785.00,651726,778920,94498,199615.3333
2025-10-03,199403,94748,81674,97416,40909,43326,4731613.00,-4263115.00,59479194.00,121707964.00,237642.4,163321.7333,238781.7143,147579.2857,78187625.00,87182353.00,696776,879204,100187.6667,192055
2025-10-02,150561,71159,62397,72896,31831,31166,-3846103.00,12728833.00,62086518.00,93024630.00,234404.8333,162376.9,257520.8571,156555.5714,80762086.00,56879750.00,698019,863718,115931,207832
2025-10-01,248882,117587,115278,108279,44666,57306,4265396.00,-3181917.00,85908417.00,162340044.00,228335,160006.2667,283986.4286,165297,108897466.00,115818779.00,671840,834901,154016.3333,221231
2025-09-30,176722,111817,62884,76310,44349,51128,-3305514.00,-4832065.00,88222315.00,153091193.00,223313.5,157246.6333,315437.8571,170271.1429,83248222.00,84926273.00,643499,822938,202291,284756.6667
2025-09-29,197892,118389,76048,86877,49677,55497,-4486729.00,-12197975.00,119327527.00,186513780.00,219308.4,154533.0667,319195.7143,168973.7143,110504076.00,118215322.00,616039,785559,204701,299138.3333
2025-09-26,289079,231843,108066,151836,102614,106463,-17740615.00,-13220378.00,162395860.00,145337890.00,211893.6667,147909.6667,322325.2857,155622.5714,142499456.00,137940239.00,680020,934479,172084.3333,296690.3333
2025-09-25,367299,256641,142587,191749,116748,119893,-21690419.00,-2658697.00,192091508.00,230078881.00,202154.4,140737.6667,344344.7143,152584.2857,205493597.00,186461875.00,650523,858497,146129.6667,318971
2025-09-24,241037,125619,100771,118269,60362,54453,-27444119.00,6614170.00,90097508.00,253472137.00,196310.1,137262.4,360746.7143,157886.2857,177425336.00,143310647.00,629563,817949,153135.3333,370919.3333
2025-09-23,281735,133993,114668,145042,65953,56931,-29735440.00,2669227.00,109252229.00,301293018.00,188172.2667,133272.6333,411153.1429,230889.5714,197911514.00,186586847.00,604151,781479,144906.6667,351740
2025-09-22,434141,178777,220936,178280,71962,84540,54141368.00,-6610079.00,107058950.00,506676728.00,175167.6667,128147.8333,439934.4286,299994.4286,245541620.00,306293067.00,555955,743760,131442.6667,310688.3333
2025-09-19,396882,146636,177311,191247,58685,73686,27555880.00,-4036591.00,65703806.00,247775042.00,163801.0667,124236.1667,500192.1429,407533.8571,131307486.00,163478757.00,744147,979478,161021.6667,352206
2025-09-18,224197,109307,91503,116754,45693,54834,-14439859.00,-10242847.00,77706878.00,156155009.00,157558.4667,121109.8333,502974.8571,414929.8571,108909721.00,112635337.00,723587,939026,178830.3333,396090.6667
2025-09-17,310986,138385,138561,152203,68373,59246,-28066897.00,5033063.00,92886180.00,535563915.00,149135.2333,117358.4667,474812.5714,405338.4286,332339298.00,277239338.00,700421,868208,347707.3333,503955.3333
2025-09-16,521435,235373,237337,247734,107691,108039,-2729587.00,5717155.00,147148620.00,434229276.00,132948.7667,110210.8667,412182.5714,377384.2857,282719639.00,265586477.00,660297,808099,490086.6667,542013.6667
2025-09-15,355851,162733,155505,162574,76245,73663,-53809.00,3468832.00,90784038.00,361066626.00,123063.4667,106472.6333,366466.7143,359629.2857,168642902.00,161941486.00,621062,746472,735646.3333,696292
2025-09-12,634580,645016,254856,315119,301454,286685,-35603634.00,22037195.00,338674552.00,416974535.00,105395.9667,86604.8667,279986.7143,270885.1429,346000407.00,293629578.00,796888,848418,574334,565990.6667
2025-09-11,635610,662511,268151,312384,327626,282050,-29417870.00,38379950.00,409588944.00,579959993.00,85262.3,65073.7,193525.2857,179889.8571,473628047.00,407697727.00,735961,753764,377245.3333,392070.6667
2025-09-10,818686,899412,377411,370020,410380,418477,142442918.00,-22577864.00,516319458.00,2222802699.00,60553.4667,35958.4667,91169.1429,61361,1120368455.00,1298260846.00,512343,668259,90672.6667,146850.3333
2025-09-09,243676,161079,107236,113225,72410,70990,-9688061.00,-239261.00,71418543.00,190994411.00,56983.3333,31239.5333,62355.2857,41804,126111420.00,116662620.00,436582,571849,49795.6667,77571.6667
2025-09-08,113850,71245,51934,51121,31887,30952,10568855.00,1525379.00,41885888.00,115165205.00,54950.9333,29748.2,49572.5714,34277.4286,67664229.00,76707705.00,407960,535354,33983,49361.6667
2025-09-05,83025,39694,38638,36948,16817,18603,3667164.00,-2319742.00,22280424.00,67930100.00,54263.4,29131.2,41287,31378.4286,38836377.00,44823283.00,415715,550646,29266.3333,31813.3333
2025-09-04,35840,38448,14687,17430,22769,11729,-511245.00,10056059.00,39134524.00,24249688.00,55303.7667,28613.6,40424.5714,28063.8571,38841848.00,20710284.00,406739,539943,39687,53931
2025-09-03,29220,23807,11085,14928,10939,10122,379125.00,2307458.00,19859922.00,19328238.00,56418.5,29240.8,44328.2857,28373.7143,19034251.00,17302783.00,398846,535456,39811.3333,58184
2025-09-02,30380,25544,12238,13306,10286,12186,-1853319.00,-1905042.00,19520162.00,23488919.00,57204.6,29164.3,43958,27805.2857,18794630.00,18846353.00,388339,529584,37483,56181
2025-08-29,102193,69710,39447,51969,32148,31165,-6554103.00,1358921.00,39046690.00,52305598.00,56606.9667,28135.1667,36992.4286,23963,45600723.00,37687699.00,392277,552804,20713.3333,30458.6667
2025-08-28,41979,24180,20272,18144,9476,12588,1817143.00,-786297.00,9836222.00,27900473.00,62665.3667,30047.6667,40536.4286,27147,16173078.00,18776518.00,390975,542710,17735.3333,26400
2025-08-27,24371,18559,11177,10283,10051,7034,390031.00,-1874076.00,10666188.00,16543034.00,65902.3,30795.1667,40780.1429,28642.5714,11206002.00,13470109.00,382831,533412,20207.6667,37125
2025-08-26,25026,19401,11326,11222,9768,8058,1278140.00,1164306.00,13625168.00,17873129.00,67429.4667,30720.5,48310.5714,31154.1429,14557710.00,14671544.00,374459,526325,20929,38045.6667
2025-08-25,29803,15246,10893,16485,6708,7066,-9371130.00,-944534.00,8067471.00,35988749.00,68594.8,31070.6333,53572.5714,33710.5714,24943234.00,16102238.00,366600,518330,30118.3333,45922.6667
2025-08-22,56546,25976,23175,27700,11640,11249,584582.00,1045493.00,11558595.00,27509113.00,69663.9667,31898.2667,56226.1429,35925.5714,18160248.00,17699337.00,383995,540726,36949,49336.3333
2025-08-21,27788,21565,11423,14505,8617,11211,-4262684.00,1340000.00,24697889.00,27686071.00,71630.3,32244.1,61643.2857,35896.4286,26500395.00,24041971.00,380239,535963,39436.6667,48766
2025-08-20,53434,42814,22380,26401,21251,18046,-2266808.00,2390283.00,31037856.00,29590816.00,78036.2667,31478.0667,59381.2857,31823,30579140.00,25922049.00,373116,522890,37492.6667,56867.6667
2025-08-19,66787,46468,25865,33941,20944,19109,-8587398.00,812610.00,25669498.00,57803550.00,82045.8333,31352.1667,56126.4286,28760.8571,43662057.00,34262049.00,358654,506564,33050.3333,56817.6667
2025-08-18,26077,29028,11573,11649,9197,17281,-23332.00,-2978608.00,16404940.00,25783902.00,85288.5333,31592.1,60384.5714,28797.7143,18110758.00,21066034.00,344454,500291,37201.3333,73165.6667
2025-08-15,77739,36982,37006,33235,14532,19036,-829568.00,-3055601.00,14315068.00,39340327.00,89600.0333,32508.7333,54553.1429,25731.2857,23959636.00,26185669.00,438401,585371,31994.3333,69155.3333
2025-08-14,66637,33141,28024,31585,13627,17237,-960902.00,-3099564.00,20272761.00,29071868.00,94031.9333,33447.8333,53360.5714,24688.8571,22202587.00,24341249.00,432015,578810,25714,59476.3333
2025-08-13,75121,41481,28178,38726,18359,19052,-8197793.00,-1709206.00,17190669.00,54038619.00,94125.5667,33152.7333,47749.1429,21755.1429,35220493.00,28731906.00,421252,563662,20231.3333,49103.6667
2025-08-12,65708,21361,28830,31580,9040,10269,501324.00,-199855.00,11525443.00,43661000.00,100534.4333,34778.3333,46832.5714,25930.1429,25263783.00,25964962.00,413496,554677,22873,45829
2025-08-11,37600,14300,16829,16212,6709,6083,-130417.00,213954.00,6796546.00,29547211.00,101312.2667,35170.3,56397.5714,30884.8571,16700850.00,16356479.00,409616,547218,23278.6667,45602
2025-08-08,44003,25033,20327,18923,10574,10026,1665212.00,604692.00,9354376.00,32060744.00,101656.0333,35002.5,54625.7143,29676.7143,17752231.00,18812751.00,421525,564510,23549,50364
2025-08-07,55884,29286,20723,29495,13386,12873,-8081578.00,1573525.00,12045879.00,43445404.00,102710,34987.9667,57702.4286,29200.8571,30968803.00,21313700.00,416601,558056,20768.6667,43683
2025-08-06,36919,15517,17745,14656,6810,7276,6206841.00,-160733.00,6795249.00,112021982.00,105735.0667,36088.4667,71938.5714,29771.4286,52158628.00,57896202.00,413677,551066,32458.3333,51140.6667
2025-08-05,58289,25844,25563,28039,11490,11390,859728.00,-1814254.00,14091553.00,37102988.00,106766.1,36026.3,71165.5714,29865.8571,21998432.00,26197414.00,403894,540817,40171.3333,66562.6667
2025-08-04,35841,20945,16087,16420,8860,9954,-2720032.00,-1797339.00,11561493.00,26704352.00,108107.3333,36960.8667,74959.5714,29900,18471046.00,17548353.00,396995,533839,38715,65149
2025-08-01,59292,50586,24696,30031,23910,21785,-3490627.00,1117812.00,23760690.00,33448456.00,111135,37352.5667,76068,25947.7143,29265624.00,24657185.00,410210,560595,30504.6667,71192
2025-07-31,104555,48983,49925,45712,20031,23076,1083465.00,-325871.00,19586289.00,96001695.00,113037.1667,38405.6333,70083.2857,25039.1429,52573676.00,54264424.00,402362,561341,20680.6667,81864.3333
2025-07-30,31600,16576,13567,13943,7002,6449,2172138.00,-339561.00,8474220.00,20587128.00,117305.0667,41164,73278,25992.4286,12229250.00,14740949.00,396800,557528,23990.3333,88957
2025-07-29,77421,25955,35158,35596,11263,11739,804513.00,409226.00,13685774.00,51597222.00,131172.8333,51205.2,74255.5714,27832.5714,30434928.00,30830215.00,389936,551288,22400,83949.6667
2025-07-28,136572,19511,72875,59379,7597,9548,-1763850.00,955402.00,9108387.00,372786136.00,140635.7333,60516.6333,86706.8571,36696,219060536.00,160091784.00,383697,518784,23536.3333,60776
2025-07-25,52878,26505,24133,23198,11332,12323,-3112360.00,480566.00,9295836.00,33324798.00,143306.0333,63819.1,96507,38764.4286,21096250.00,17503324.00,403446,562464,28909,64037.3333
2025-07-24,62399,21184,24816,29685,9140,9593,-2052410.00,-1620718.00,11791116.00,45943728.00,142764.5333,64372.2667,97713,38189.7143,22011593.00,21579901.00,397942,555856,29597.3333,61225.3333
2025-07-23,67051,22920,32229,29217,8735,11323,626360.00,-946100.00,11445506.00,49085236.00,142187.4333,64887.4667,97386.1429,38594,28079477.00,29571787.00,391270,537209,34902.6667,66963
2025-07-22,62662,42623,25434,30672,18864,20504,-4286980.00,-766888.00,20458826.00,33067405.00,141608.1333,64254.9333,101094.5714,39762.8571,26220472.00,22700380.00,380063,530164,47880,120652.6667
2025-07-21,53963,23249,19594,29810,8936,10321,-2385124.00,-600344.00,16971915.00,41971214.00,141102.7,64291.3667,105782.4286,41004.4286,25185011.00,23975231.00,372355,511412,53791.6667,143158
2025-07-18,84264,38836,35744,40492,15981,19299,-2384036.00,-231921.00,12799897.00,46622141.00,138912.5333,63425.2667,128832.2857,38289.7143,28530622.00,26378507.00,439132,576957,46566.6667,138683.6667
2025-07-17,223731,81555,106592,99648,34382,37422,4334109.00,-2446529.00,41383055.00,141596394.00,132310.2333,61138.6333,123595.5714,32737.7143,77938680.00,84987318.00,412686,551085,27965,85694.3333
2025-07-16,121479,40984,58156,50564,17948,19521,1425329.00,-354040.00,10988751.00,73437791.00,129154.3333,60434.8333,123864,32058,37604123.00,39383492.00,402146,536418,31238.6667,74741.6667
2025-07-15,70841,17161,33568,31146,7650,7822,2154032.00,464306.00,5330436.00,38700650.00,127892.6667,60220.1,143327.2857,38818,19556845.00,21823321.00,398303,526973,36165,80054
2025-07-14,64763,25750,29866,29353,12525,10877,-97469.00,2124703.00,11097756.00,36852690.00,126522.4333,59732.9667,162588.8571,43898.5714,23887617.00,21665445.00,389230,517063,34192.6667,140337.3333
2025-07-11,88621,50805,32578,37607,16851,17399,-5541897.00,1891024.00,16693250.00,82965749.00,124480.8,58510.3667,161061.5714,41301.8571,26271418.00,18838497.00,396852,535456,31488,173155
2025-07-10,86778,31940,35208,45169,13655,12907,-1885020.00,-449878.00,16740723.00,59162889.00,122311.6333,57769.1333,185518.1429,46757.4286,34018143.00,31909391.00,391062,519739,32916.6667,185348.3333
2025-07-09,245613,19833,37180,40326,8877,9317,2725790.00,434705.00,7828782.00,996333128.5000,114697.2333,57666.9333,159135.5714,47646.8571,36339760.00,36942557.5000,386146,548517,47799.3333,172505.3333
2025-07-08,187074,42691,84132,88196,18494,21018,3541474.00,283830.00,17659762.00,99262627.00,108961.7667,56484.9,140170.1429,44405.1429,53282562.00,56540206.00,371834,520789,54007,176678.6667
2025-07-07,123358,36226,54061,57475,18644,13103,669534.00,2427631.00,14738660.00,75194697.00,105338.1667,55563.2333,135048,43351.4286,42620363.00,40862266.00,364278,498809,52807.6667,161536
2025-07-03,207084,64481,99420,91740,23046,35757,11295140.00,-2097699.00,17318286.00,130686717.00,99549.6,54046.3667,123703.2857,41073,62614279.00,75987943.00,385301,535425,54690.3333,178499.3333
2025-07-02,199594,61314,106524,78911,24890,30917,11652973.00,-175197.00,14834889.00,84394046.00,93667.7333,52315.6,107935.5714,35739.4286,40347411.00,52175581.00,371402,516665,42938.6667,132279.6667
2025-07-01,77930,32628,31022,37863,14837,15171,-1007273.00,2483828.00,11922719.00,38077007.00,92089.9,51755.2,107671,38075.7143,24066989.00,20575888.00,364783,505010,38729,124408.3333
2025-06-30,257974,70129,117220,122002,35871,28962,-379048.00,232909.00,24577089.00,420772949.00,84231.7,50066.3,92263.5714,36962.5714,218993900.00,195266963.00,346004,440783,24969.3333,67584.6667
2025-06-27,60935,26059,22023,33698,12342,11446,-2787703.00,883309.00,7190482.00,25628543.00,83100.7,49829.4333,106647.1429,44750.5714,17156971.00,13485959.00,369262,470045,32460.3333,89830
2025-06-26,54316,19999,24342,25058,8433,9854,656357.00,-464395.00,5729879.00,22869874.00,82890.5667,49880.6333,121693,56083.1429,12788071.00,13908823.00,364383,459522,33787,101464.6667
2025-06-25,87503,28850,33859,44953,13688,12403,-2426987.00,86677.00,9063496.00,33624186.00,80987.3333,49621.1667,179686,98703.2857,19927268.00,17413604.00,357456,450496,40497.6667,97656.3333
2025-06-24,127671,48532,58083,56918,17986,21943,-1391006.00,-3386260.00,20174629.00,68415343.00,77197.2667,48309.1667,221512.8571,134463.5714,34224677.00,36219931.00,347306,431144,45099.3333,105140
2025-06-23,89220,23979,26710,28536,10502,11529,-10918464.00,1429826.00,12051476.00,132671797.00,74880.6,47796.5,227765.2857,148977.8571,30457833.00,18109543.00,343115,396873,63964.6667,129273.3333
2025-06-20,76078,48982,28522,38440,24664,18304,-4780066.00,1231618.00,11299060.00,40712352.00,72826.9333,46419.0667,223490.4286,147377.4286,26969816.00,20958132.00,483962,538519,80746.3333,157126.3333
2025-06-18,150122,62337,64941,75258,27066,29003,5103240.00,-1476401.00,15176777.00,58422470.00,68202.3667,44922.1333,209149.8571,143954.4286,31271998.00,37851639.00,474172,531196,169031,271570.3333
2025-06-17,161620,80575,72741,76029,41027,33287,2939377.00,3930112.00,26309961.00,62172053.00,63222.1667,42575.9333,192530.2857,135821.8571,41956953.00,40966218.00,474160,517274,241790.6667,357850
2025-06-16,159637,99327,66892,78335,45872,44907,6653871.00,1874115.00,30586224.00,95371176.00,59062.5333,40061.1667,175267.8571,125109.7143,55244561.00,60828867.00,465260,492436,250541.3333,348966.6667
2025-06-13,493454,327191,239387,212740,136655,159674,42934542.00,-3304910.00,74608677.00,276911887.00,43666.0667,29826.1667,107425.7143,80204.2857,141779001.00,187355653.00,496513,512690,154070.6667,199866.6667
2025-06-12,420459,298854,202495,178772,124956,138982,30888494.00,1741247.00,63577158.00,295041061.00,30830.8,20274.2333,51026.1429,39361.7143,144117037.00,173264137.00,415631,452865,67244.6667,76293
2025-06-11,132987,125579,60538,56806,57378,55991,2327279.00,-3603756.00,34731019.00,70018361.00,26799.8667,16329.8667,35856.8571,24260.4286,43948404.00,48304814.00,355567,403763,33267.3333,47058.3333
2025-06-10,46154,37779,21759,17061,15501,19157,2632969.00,1612207.00,15366728.00,30614672.00,25788.3333,15518.7667,33976.4286,20394.7143,20052744.00,21073506.00,335827,385959,28788.3333,44607
2025-06-09,49738,38376,29721,20420,14720,19053,8605505.00,-2260191.00,13801760.00,37420847.00,25063.5667,14648.8333,30250.4286,16503.2857,20211263.00,26591889.00,321081,370614,20280.6667,34214
2025-06-06,45283,23647,20624,17966,11013,10727,1998079.00,-582018.00,9455879.00,31016463.00,24385.2333,14770.9333,27691.7143,15143.2857,15345911.00,17793021.00,323395,384830,16717,27673.6667
2025-06-05,38800,24342,17223,17297,11193,9586,2934990.00,-129277.00,8406749.00,24713945.00,24241.9333,14432.9,25249.2857,13052,13295807.00,16360074.00,314364,378870,15226.3333,23674.3333
2025-06-04,18559,12853,7778,8697,6581,4852,-862361.00,712769.00,6558652.00,11264131.00,24364.0333,14808.2,25052.4286,13611.1429,8751762.00,7176632.00,309088,374079,14515,28485
2025-06-03,25662,12956,12701,9464,4843,6326,1831726.00,-875517.00,6764120.00,16149440.00,24532.5,15557.0667,23530.7143,12793.1429,9217607.00,11929448.00,302869,366620,13908.3333,27816.3333
2025-06-02,26802,19870,12088,12410,5642,10315,-176354.00,-1909536.00,7904239.00,14272727.00,24429.5667,15368.3667,21794.7143,11179.7143,9389801.00,11122983.00,294451,355711,11994,28006.3333
2025-05-30,32991,10719,16975,12329,4737,5000,755697.00,290832.00,4037451.00,12704323.00,23922.6667,16245.2333,21857,12359.1429,7412582.00,7877447.00,304473,369252,11655.3333,24243.6667
2025-05-29,23656,11136,9480,10768,4068,6314,29746.00,-665622.00,4646325.00,9366156.00,23560.2333,16264.2,21783,12109.8571,6177438.00,6872806.00,300388,366051,13532.3333,22085.3333
2025-05-28,27372,14127,12700,11360,7841,5082,1823050.00,1350126.00,5325893.00,12649357.00,23455.2,16333.5333,22243.4286,12351.1429,8080506.00,8553430.00,292958,354656,11233.3333,17964.6667
2025-05-27,21703,9703,10736,8637,3468,5341,-212483.00,-1383297.00,5107700.00,9567676.00,23378.3667,16565.4667,22318.4286,13745.2857,6216685.00,7387499.00,289629,345805,10857.6667,15613.6667
2025-05-23,17181,16767,8226,7486,9570,6269,359692.00,1675058.00,6624241.00,7159518.00,23441.4,17249.5667,23721.8571,14057.5714,7158271.00,5842905.00,290747,364312,11593.6667,21029
2025-05-22,15010,7230,6708,6980,3724,2943,162887.00,190735.00,3137917.00,6602804.00,24432.3667,17779.6333,28436.4286,16101.1429,4580714.00,4552866.00,289887,360915,12314,23738.3333
2025-05-21,14650,8576,5411,7799,4480,3405,596826.00,-73729.00,3640502.00,5702428.00,24857.1333,18616.5333,30687.2857,17885.4286,3899569.00,4570124.00,288311,358558,14727.3333,29053.3333
2025-05-20,33427,18975,15552,15428,8820,9045,-738659.00,-421226.00,5505310.00,26631316.00,24925.8667,19222.9333,27907.5714,16485,15356600.00,15039167.00,278726,347030,14889.6667,25320.3333
2025-05-19,23138,9391,10902,9156,3824,4875,-613655.00,110646.00,3835527.00,7619908.00,26078.3,20967.3667,27419.2857,16371.8571,5290661.00,4566360.00,276461,339503,18077,26609.3333
2025-05-16,30595,15816,11769,15177,7195,7008,-2610778.00,1230625.00,7205367.00,17932170.00,26615.2333,21107.1667,25115.4286,15206.5714,12786428.00,8945025.00,337230,440363,19983.3333,32415
2025-05-15,22228,19462,9401,10458,7909,9632,-718348.00,942875.00,8805098.00,10592952.00,28708.2,21125.1667,23566.4286,14916.1429,9585526.00,7924303.00,331055,441040,20518,35141
2025-05-14,27005,18953,12407,12196,9992,6404,-581927.00,511179.00,5124094.00,13645749.00,28685.5667,20942.8,21453.4286,13664.1429,9237488.00,8144382.00,327906,434699,17257.6667,30795.6667
2025-05-13,48012,21535,24026,18320,10655,8441,1180651.00,881275.00,9497205.00,21358835.00,28820.0667,21051.3,19572.8571,13999.7143,13836684.00,14136060.00,321149,422035,12945.6667,21365
2025-05-12,30406,21066,14265,12708,7201,12464,515460.00,552033.00,4869967.00,16752900.00,29772.4333,21870.4333,19737.7143,13867.5714,10009940.00,9973367.00,321250,412609,8476.6667,16052.3333
2025-05-09,13969,9172,5309,6626,2664,3518,204589.00,-18346.00,3576021.00,6267682.00,30344.2,22583.2333,22799.4286,14313.8571,3678449.00,3901384.00,329907,425734,11229,15191
2025-05-08,19720,8599,9214,8993,3710,4151,728644.00,1179477.00,4251046.00,6996291.00,31207.6667,23824.3333,21705,14120.8571,5198978.00,4748145.00,329020,424199,11759,12689
2025-05-07,14468,7659,6946,6717,2786,4386,-668587.00,-695484.00,4670708.00,3989525.00,31548.1333,24649.2,21896.4286,14947.5714,4044580.00,4071477.00,325893,419006,17167.3333,19482.3333
2025-05-06,11385,17429,5171,5420,3872,11025,-656065.00,-1869247.00,5474292.00,6475712.00,32383.6,24771.3667,24269.2857,14211.7143,5031669.00,6244851.00,317726,415938,18071.3333,26207.3333
2025-05-05,12214,10189,6247,4916,5577,4082,1216575.00,655320.00,3791047.00,6984388.00,33006.3667,25154.0667,26086.2857,16657.5714,4688473.00,5249728.00,313352,411957,18773.6667,33936.3333
2025-05-02,34848,23884,16898,15048,8956,13943,1630375.00,-235102.00,10196425.00,17870308.00,32540.1333,25565.3333,26036.7143,15274.2857,12211576.00,14077053.00,314720,423030,13228.3333,26340
2025-05-01,31560,20141,13907,15046,10292,8168,719110.00,-912509.00,9491551.00,17081263.00,32140.5667,25515.3667,24702.7143,15841.5714,11313081.00,12944700.00,311875,415319,10996.6667,21089.3333
2025-04-30,35401,12296,7407,6981,5347,6282,116373.00,1330667.00,7281378.00,34513322.00,31851.5333,25542.6667,24033.4286,19145.2857,6818850.00,5604556.00,304468,390084,10990.6667,18620.6667
2025-04-29,12059,7248,3758,5905,2468,3970,-499603.00,589895.00,4710951.00,5301170.00,33301.8333,25992.3667,25698.4286,20139.7143,4623437.00,3533939.00,301369,384226,17678,22912
2025-04-28,15808,13446,7536,6011,6723,5607,1162857.00,1310239.00,8797445.00,6569439.00,34303.5,26624.4667,25980.7143,23508.1429,6722965.00,6575583.00,294391,379017,17929.6667,29143
2025-04-25,27995,12278,12680,11759,5579,5370,587167.00,1524904.00,8234153.00,8733639.00,35247.8333,27390.9,23807.5714,23426.2857,7818901.00,6881164.00,305395,391713,21874.3333,27218.6667
2025-04-24,24933,27310,12584,9904,9362,11037,2182585.00,-5276279.00,35304253.00,11035570.00,36155.9667,28098.2,23705.8571,21840.1429,14229101.00,23010570.00,298221,384661,24578.3333,29146.3333
2025-04-23,34501,14201,15581,15640,4963,6026,1073621.00,-295265.00,9330748.00,12814087.00,38242.4,30970.4667,21548.2857,22191.5714,8451787.00,9820673.00,294933,375363,24581,25550.6667
2025-04-22,22222,24112,11583,8824,5327,4645,260140.00,3477391.00,38862954.00,6869035.00,41349.4333,33184.6,21098.2857,24074.1429,10446104.00,6802453.00,291205,365530,28885.3333,24071.3333
2025-04-21,30716,35422,12215,16059,10421,20498,-3135267.00,-7180594.00,38595479.00,13723298.00,42688.1,33063.4,23101.5714,22318.4286,15605715.00,19549092.00,284899,349164,20979.6667,18093.6667
2025-04-17,23714,14209,6522,14487,4319,7946,-1207773.00,-2103420.00,12843507.00,9753083.00,43693.1667,33817.5667,23627.1429,25100.4286,8077661.00,8991076.00,327311,430632,21645.6667,18262.6667
2025-04-16,17784,37025,8566,7863,12161,17360,-309269.00,5111262.00,82277289.00,9354856.00,43833.3,33062.3,26156.4286,25120.7143,33727106.00,22943365.00,320921,425534,14857.6667,18800.6667
2025-04-15,12783,11705,6116,5616,4417,6429,70991.00,-2074864.00,15642743.00,4465085.00,44832.6333,33697.2667,32574.7143,32266.2857,8010599.00,10156454.00,322235,420839,23386,20897
2025-04-14,24221,16207,12976,9870,4944,9773,-911651.00,-4762164.00,19765404.00,7183562.00,44649.7,33712.6,35786.4286,32809.5714,9032892.00,12883405.00,319984,411490,25694.3333,27736.3333
2025-04-11,19398,16661,6952,10657,7185,7859,-1381655.00,-2513307.00,22101348.00,9030663.00,44953.7667,33909.1,45160.5714,33286.8571,12365032.00,13496684.00,326962,435140,31368.3333,30401.3333
2025-04-10,19072,37290,8774,8719,13364,12820,-467895.00,-607049.00,90716520.00,7742344.00,45001.2667,33590.5667,46196.8571,29885.7143,21973149.00,23419223.00,331751,430153,31327.3333,35873.6667
2025-04-09,44739,23132,22179,19994,11788,10094,-2543355.00,-1139973.00,20722604.00,20245881.00,44363.3667,33401.6,47240.8571,30122.5714,19905543.00,18502161.00,328376,425689,44191.3333,40197.6667
2025-04-08,27393,33683,10407,14302,10295,10484,-1426394.00,-315409.00,25514527.00,10007847.00,44094.666666666667,32925.366666666667,51752.857142857143,31830.714285714286,14281982.00,13170997.00,327501,417959,39633.666666666667,46634.333333333333
2025-04-07,35489,37167,15923,16556,20588,15344,1091478.00,-5637015.00,39215427.00,15411481.00,43952.733333333333,32571.166666666667,51129.000000000000,30886.285714285714,22984706.00,29713199.00,322322,409171,33912.000000000000,63143.666666666667
2025-04-04,57711,61724,28624,25345,24838,33400,561201.00,-5283455.00,48443477.00,17101428.00,44935.666666666667,31583.100000000000,49402.285714285714,28616.000000000000,28210909.00,33852365.00,335639,447584,17831.333333333333,52682.000000000000
2025-04-03,46703,20010,16753,25020,8273,9537,1159888.00,-428364.00,13983323.00,12512511.00,44383.866666666667,31726.333333333333,46256.428571428571,30386.714285714286,11542325.00,13130577.00,333584,440826,19424.666666666667,54463.333333333333
2025-04-02,85017,20002,42258,33260,6814,9933,-242218.00,-1157579.00,8730700.00,19937582.00,42594.566666666667,31635.466666666667,39318.142857142857,30542.714285714286,12425814.00,13341175.00,325101,411787,27970.666666666667,45783.333333333333
2025-04-01,26326,13482,11619,12058,5087,7121,1482680.00,-1265447.00,11780702.00,9354208.00,44340.466666666667,32221.233333333333,39971.142857142857,31712.428571428571,8375412.00,11123539.00,318197,399866,33662.000000000000,47382.000000000000
2025-03-31,52047,24790,21515,23918,9354,14110,1811258.00,-2481411.00,15444564.00,20778759.00,43535.633333333333,31830.033333333333,35516.000000000000,33345.571428571429,13892401.00,18185070.00,308219,373756,40676.000000000000,45241.000000000000
2025-03-28,58977,45640,21031,32684,21250,19353,2113946.00,211761.00,27352973.00,20283144.00,42448.100000000000,30598.133333333333,29886.857142857143,29488.714285714286,20996710.00,22898895.00,323330,376360,36264.333333333333,33809.333333333333
2025-03-27,31122,30556,10134,16654,15050,12430,750017.00,-1983473.00,15749375.00,11411975.00,42459.400000000000,30173.200000000000,29259.428571428571,26997.142857142857,10763972.00,13497462.00,321384,367246,33110.333333333333,35585.000000000000
2025-03-26,45624,45832,17078,23797,23219,20109,-1090976.00,446850.00,12700195.00,12834780.00,41584.566666666667,28928.300000000000,30680.000000000000,23412.428571428571,12817828.00,11280002.00,309534,355883,25056.333333333333,30676.000000000000
2025-03-25,24682,32405,9001,13402,10015,19028,-2129794.00,-2170756.00,8973964.00,10653799.00,42572.533333333333,28429.100000000000,33705.142857142857,23413.000000000000,8863113.00,9147778.00,284934,348117,26328.666666666667,29402.333333333333
2025-03-24,36449,21094,16866,11207,7848,7677,2652115.00,431155.00,8849964.00,20085417.00,43460.333333333333,28529.166666666667,36544.571428571429,25438.285714285714,9967694.00,12188654.00,277616,331256,25511.333333333333,23777.000000000000
2025-03-21,30897,21670,10510,17338,6349,13884,-1895744.00,-2209076.00,8323726.00,10266108.00,44494.100000000000,28492.266666666667,39584.571428571429,29275.285714285714,8544444.00,8857776.00,343551,436742,22659.666666666667,22388.000000000000
2025-03-20,20861,36222,8759,10340,23131,12013,644539.00,5751793.00,57321732.00,8200803.00,45142.433333333333,27699.566666666667,50475.000000000000,38439.142857142857,42135625.00,22267771.00,349103,433924,17498.666666666667,33957.000000000000
2025-03-19,19573,18642,9798,7159,9523,6883,936126.00,-1345715.00,6467393.00,10146695.00,45434.566666666667,27416.666666666667,64169.285714285714,48709.714285714286,5957070.00,8238911.00,345201,428536,22087.666666666667,42718.666666666667
2025-03-18,26730,13115,11172,13679,5240,4113,855143.00,1459919.00,8326822.00,10606602.00,45746.466666666667,27554.333333333333,70475.857142857143,51377.000000000000,8131267.00,7526491.00,341925,420444,29473.000000000000,52583.666666666667
2025-03-17,55568,20739,28764,19241,8983,10206,1036505.00,-440690.00,7331819.00,16584495.00,46695.166666666667,27718.266666666667,70232.714285714286,53676.285714285714,10060491.00,11537686.00,339895,398061,38736.333333333333,51453.333333333333
2025-03-14,45858,32409,18388,22107,14250,15913,-837776.00,-220116.00,22397747.00,12508690.00,48581.066666666667,27902.533333333333,66822.714285714286,51098.857142857143,17112749.00,14717139.00,375793,439658,61389.666666666667,68532.000000000000
2025-03-13,56325,35271,22097,29432,17835,14680,-2268211.00,-3700441.00,33678706.00,15471389.00,48292.066666666667,27374.433333333333,64885.285714285714,50453.571428571429,24774306.00,22338396.00,377923,428422,79811.333333333333,88234.666666666667
2025-03-12,52177,48529,23856,24929,21507,23297,-931092.00,395974.00,17925081.00,15555142.00,50465.366666666667,27165.733333333333,60107.571428571429,45901.857142857143,16357848.00,15030782.00,365282,424761,74230.333333333333,94467.666666666667
2025-03-11,97094,100369,36922,51686,37784,56187,-589334.00,-1393073.00,43725341.00,29088920.00,54939.900000000000,27886.133333333333,50311.285714285714,34785.714285714286,33350777.00,34154516.00,353492,399638,53052.000000000000,80058.333333333333
2025-03-10,115433,90536,50680,51639,41593,39392,647976.00,2034896.00,46759618.00,40520938.00,53580.700000000000,26362.233333333333,36749.000000000000,25814.000000000000,40131770.00,38744850.00,317778,349080,27662.333333333333,48910.000000000000
2025-03-07,70876,31786,35329,30609,14478,15251,-808210.00,626654.00,17066493.00,19975449.00,54461.566666666667,27235.533333333333,30281.285714285714,23767.857142857143,17953287.00,16518423.00,323086,369674,27318.333333333333,39539.000000000000
2025-03-06,53866,36834,21892,26308,21089,14025,-1990661.00,5170633.00,20647653.00,17206050.00,61638.500000000000,28650.900000000000,25347.857142857143,21276.714285714286,21327394.00,14166100.00,312997,354459,20596.000000000000,27828.000000000000
2025-03-05,21988,14367,10689,8438,5411,6936,239772.00,535374.00,6838327.00,8849639.00,67865.866666666667,29275.500000000000,26668.285714285714,23015.857142857143,7368734.00,7073132.00,309344,349302,23325.666666666667,30005.333333333333
2025-03-04,42763,30754,21712,17657,15019,13510,1643763.00,-196630.00,22221315.00,18201314.00,68026.100000000000,28799.433333333333,33016.285714285714,23205.571428571429,17928205.00,19768598.00,300631,335735,22319.000000000000,22583.333333333333
2025-03-03,18733,16667,10623,6749,9316,6149,2295624.00,2580322.00,10274449.00,9621201.00,68492.433333333333,30000.900000000000,34647.142857142857,24297.000000000000,9432704.00,9148006.00,294497,332851,22584.333333333333,24873.000000000000
2025-02-28,28520,22556,11967,12886,8644,12064,-826373.00,-938771.00,13292753.00,12781672.00,68733.633333333333,30078.833333333333,35049.714285714286,23542.714285714286,11434778.00,11547176.00,304405,348270,21531.000000000000,21810.333333333333
2025-02-27,20497,27734,8243,10805,15791,8986,-430764.00,1381530.00,11018752.00,9965267.00,69339.500000000000,29974.466666666667,43364.857142857143,24017.142857142857,10371209.00,8558915.00,291925,344846,21133.333333333333,25388.333333333333
2025-02-26,25602,17463,12087,10793,7794,7613,2556053.00,556147.00,9280434.00,13669290.00,69504.233333333333,30703.466666666667,43693.428571428571,23387.285714285714,9241306.00,11241212.00,286995,341962,26006.333333333333,45920.666666666667
2025-02-25,19332,19396,8173,9668,9820,8203,-707936.00,801850.00,9554414.00,9414715.00,70975.600000000000,32259.033333333333,44696.142857142857,21856.857142857143,9654324.00,8144538.00,281224,337961,27643.333333333333,49526.333333333333
2025-02-24,31231,26541,13869,14331,11047,12409,-416398.00,-182774.00,13879753.00,13706275.00,72581.700000000000,31732.600000000000,44729.000000000000,20609.285714285714,12651321.00,12417697.00,274751,328345,24555.000000000000,49562.000000000000
2025-02-21,87199,32082,17684,24731,13178,13816,-3979251.00,-1014370.00,13548166.00,32574158.00,70763.066666666667,31476.700000000000,35040.428571428571,17238.285714285714,15996273.00,13031392.00,317515,361330,24212.666666666667,46730.000000000000
2025-02-20,30149,24307,11758,16525,10209,12356,-929218.00,-1962695.00,10680751.00,12238670.00,70414.666666666667,31029.333333333333,38493.571428571429,16255.714285714286,10418500.00,11451977.00,314562,356514,20461.666666666667,45981.000000000000
2025-02-19,31338,17276,15230,13365,9869,6430,-65410.00,183406.00,6524931.00,15232944.00,69996.400000000000,30903.266666666667,43028.571428571429,17230.000000000000,10352626.00,10103810.00,308092,353662,17597.333333333333,44318.666666666667
2025-02-18,78703,31055,39005,31407,12836,14188,3192575.00,541431.00,10630323.00,32839975.00,67775.333333333333,30355.800000000000,40629.571428571429,15731.142857142857,17717543.00,20368687.00,298375,339403,13181.6666666666666667,28571.333333333333
2025-02-14,27902,13054,11873,13514,5694,6454,-1298906.00,-383685.00,3817977.00,9554066.00,67406.300000000000,30256.733333333333,42402.285714285714,15643.571428571429,6633559.00,5718338.00,306796,371317,11658.6666666666666667,25730.333333333333
2025-02-13,26351,8683,11623,11734,4177,3821,421347.00,723507.00,3705904.00,8659373.00,67173.766666666667,30204.100000000000,42686.000000000000,15853.857142857143,5829457.00,5527297.00,305111,368436,14574.000000000000,35053.666666666667
2025-02-12,31461,17808,12314,15305,8105,8307,-1512064.00,396388.00,6390673.00,10711779.00,66937.400000000000,30162.433333333333,43346.857142857143,15773.428571428571,8709147.00,6800695.00,304160,362632,16670.000000000000,45594.333333333333
2025-02-11,19379,8485,6763,10971,3578,3750,-1642107.00,-367689.00,2772531.00,9685512.00,66967.500000000000,30133.133333333333,52582.571428571429,18226.571428571429,6345443.00,5071025.00,301882,362411,20696.000000000000,59771.333333333333
2025-02-10,54321,17429,25407,23299,7991,5677,511512.00,-70916.00,3829547.00,25939114.00,65863.433333333333,29859.266666666667,59456.000000000000,21156.285714285714,13392854.00,13975282.00,295342,360006,19033.333333333333,55101.333333333333
2025-02-07,63083,24096,30439,25943,11547,10472,4391852.00,1220580.00,8369324.00,23611298.00,64481.533333333333,29323.400000000000,57252.000000000000,20489.428571428571,12655475.00,15826747.00,311081,388536,14386.333333333333,43519.333333333333
2025-02-06,61910,20563,27449,28888,10839,7877,-2412557.00,484621.00,5464192.00,25268098.00,63628.033333333333,29326.066666666667,65175.714285714286,23590.142857142857,15550878.00,12653700.00,304306,384430,13280.3333333333333333,34911.666666666667
2025-02-05,40311,12441,20754,16308,4412,5790,-122982.00,-824861.00,5344842.00,16190844.00,63206.500000000000,29738.666666666667,92464.142857142857,39238.714285714286,9502650.00,10204529.00,301645,382656,17685.666666666667,49484.333333333333
2025-02-04,28337,10155,13171,12708,4707,4196,502611.00,533271.00,3883031.00,12097371.00,63512.033333333333,29893.800000000000,99081.285714285714,44190.714285714286,7289301.00,7258641.00,297995,378302,26946.333333333333,74183.666666666667
2025-02-03,36087,17245,17197,15399,8151,7660,718022.00,-648666.00,9064306.00,17323139.00,63269.633333333333,29935.833333333333,107826.285714285714,50010.714285714286,11730674.00,13097362.00,291983,374093,27674.000000000000,78039.666666666667
2025-01-31,84029,25657,39241,38298,10865,11550,1790525.00,-670139.00,7086315.00,25932037.00,62114.666666666667,29526.866666666667,134275.571428571429,57673.285714285714,14064668.00,16525332.00,313036,416830,33211.000000000000,89155.333333333333
2025-01-30,102435,37937,52181,42790,16261,19273,5620090.00,-2093039.00,9344072.00,42041058.00,60360.200000000000,29716.900000000000,149471.857142857143,56983.000000000000,20174759.00,27887888.00,307795,414662,61225.666666666667,132120.333333333333
2025-01-29,47655,19428,22286,21825,9591,8081,-3817375.00,9801.00,8236768.00,27095897.00,60360.800000000000,30357.733333333333,149459.714285714286,56560.714285714286,18427540.00,14273364.00,300839,404662,69689.333333333333,141121.000000000000
2025-01-28,117376,42268,57087,50651,18838,17014,-2111483.00,1584142.00,18924126.00,48887402.00,59658.200000000000,31064.666666666667,137366.428571428571,58052.571428571429,32647869.00,28952244.00,288891,397177,74928.333333333333,134429.666666666667
2025-01-27,231330,121981,91257,123392,53139,59726,-7594891.00,-1325028.00,69046303.00,83182069.00,58427.400000000000,30781.900000000000,109427.285714285714,44183.000000000000,73376720.00,67106857.00,248662,302874,60699.666666666667,147044.333333333333
2025-01-24,74657,44819,30604,38704,24578,15710,-2174148.00,1288200.00,10325098.00,26172381.00,61833.300000000000,33315.333333333333,104286.714285714286,41295.000000000000,18381811.00,14919463.00,267653,346289,56795.000000000000,191761.666666666667
2025-01-23,97302,57985,41481,48628,29036,24672,3077359.00,2204649.00,15121745.00,53328529.00,61142.666666666667,33000.866666666667,94749.857142857143,38630.428571428571,30807096.00,31679806.00,242248,328262,42957.333333333333,175184.333333333333
2025-01-22,269174,79295,126454,124123,38474,33906,-1385194.00,3808958.00,30339461.00,175562241.00,53240.866666666667,30937.400000000000,65364.000000000000,36740.142857142857,100209639.00,93764157.00,213213,303916,34096.000000000000,96367.333333333333
2025-01-21,208809,33105,108278,84876,13241,17036,2814001.00,-1194366.00,9925423.00,66634642.00,47924.866666666667,30809.566666666667,46879.000000000000,33546.285714285714,33183311.00,37191678.00,201304,244399,31359.000000000000,38683.000000000000
2025-01-17,47570,16472,20347,21741,7644,7598,-1079165.00,25528.00,6292498.00,13350585.00,46929.066666666667,30852.833333333333,44746.142857142857,34679.571428571429,9449290.00,8344597.00,311213,344694,34069.333333333333,35717.333333333333
2025-01-16,32723,52711,14086,14763,27926,22918,73622.00,-3704676.00,96166444.00,10128633.00,46874.100000000000,29854.766666666667,42885.285714285714,28704.571428571429,54319810.00,50299803.00,314556,340014,29610.000000000000,34991.000000000000
2025-01-15,35756,24894,15942,15890,9233,13394,649329.00,-3940870.00,23826731.00,11152195.00,46364.133333333333,29343.400000000000,40461.571428571429,27076.000000000000,12855869.00,20357568.00,312283,331937,43333.000000000000,44230.000000000000
2025-01-14,38673,24603,17951,16193,12152,10841,377683.00,-8375594.00,28797961.00,7827665.00,46563.600000000000,29574.733333333333,36661.285714285714,25651.428571428571,12020578.00,23125755.00,315230,320931,38714.666666666667,57810.333333333333
2025-01-13,30544,39333,13127,15316,21894,13452,-129202.00,14076050.00,54514241.00,10651539.00,47237.466666666667,29402.366666666667,34702.285714285714,21472.714285714286,40876787.00,18810835.00,312015,309904,33738.666666666667,58509.000000000000
2025-01-10,63473,66063,25819,32277,24132,34974,101182.00,-1934964.00,36681088.00,16383446.00,45648.400000000000,27738.733333333333,28402.571428571429,13050.000000000000,22202009.00,24755125.00,305459,313242,15346.333333333333,43917.000000000000
2025-01-08,79414,10748,37281,37109,5585,4449,478280.00,177349.00,4753190.00,301714213.00,43989.700000000000,27780.666666666667,20539.142857142857,13880.000000000000,139675443.00,155518694.00,305477,323565,16261.666666666667,23709.000000000000
2025-01-07,32640,24405,14223,15857,9529,13234,-981870.00,-1263138.00,8572175.00,12969173.00,44684.800000000000,28077.533333333333,18773.714285714286,11480.142857142857,10042103.00,10323371.00,297776,314787,13003.6666666666666667,16852.666666666667
2025-01-06,19697,10886,8079,9670,4938,4609,-756208.00,-86983.00,5136567.00,9780298.00,44696.400000000000,28119.033333333333,18988.285714285714,11241.1428571428571429,7372295.00,6703070.00,293597,309174,12735.6666666666666667,15897.333333333333
2025-01-03,18790,13494,9059,6976,7621,4749,136439.00,314533.00,3860717.00,5657764.00,44451.833333333333,27955.066666666667,19393.428571428571,10459.1428571428571429,4497971.00,4319877.00,293454,319437,10605.6666666666666667,16092.333333333333
2025-01-02,12071,14631,5221,5688,5039,5547,-382089.00,-1941377.00,9426430.00,3670464.00,44415.300000000000,27707.333333333333,22855.428571428571,11318.0000000000000000,4226638.00,5785926.00,289768,316635,11248.0000000000000000,20192.000000000000
2024-12-31,16831,10082,7673,7912,4560,4353,-580194.00,-316960.00,5566462.00,5502846.00,44670.933333333333,28142.233333333333,24403.142857142857,13423.285714285714,5259161.00,4995927.00,287209,314902,10422.6666666666666667,21342.333333333333
2024-12-30,19375,7104,7840,10183,3010,3431,-1313480.00,-708097.00,5188052.00,5389530.00,44462.133333333333,28244.866666666667,26992.857142857143,14524.000000000000,5245065.00,4639682.00,285229,309678,11125.6666666666666667,21950.333333333333
2024-12-27,24370,16558,10898,11520,7797,7416,-9306.00,-242986.00,5384656.00,7499422.00,44597.533333333333,28349.800000000000,27627.857142857143,14802.285714285714,5850630.00,6084310.00,288525,324768,8279.6666666666666667,21035.666666666667
2024-12-26,20282,7606,9432,9013,2595,2808,853594.00,-750374.00,2870612.00,8186404.00,44639.600000000000,28403.566666666667,31784.714285714286,15628.285714285714,3860962.00,5464930.00,286039,322563,12625.3333333333333333,26376.666666666667
2024-12-24,21199,9213,10445,8446,2104,6429,508396.00,153478.00,2260101.00,5640979.00,44721.166666666667,28369.900000000000,35870.714285714286,20546.142857142857,3501889.00,3856807.00,285104,318773,17827.333333333333,28532.000000000000
2024-12-23,21626,8020,9889,9620,2735,4500,-243876.00,-859749.00,3405614.00,6180206.00,46795.700000000000,28701.000000000000,39591.714285714286,24922.285714285714,4000925.00,4616798.00,283911,312014,20090.333333333333,33824.333333333333
2024-12-20,36305,20643,13773,17660,8586,10460,-1657810.00,-1377876.00,6153788.00,11726130.00,46893.866666666667,28517.200000000000,48162.142857142857,31041.285714285714,7819747.00,7539813.00,341662,399307,19378.000000000000,31327.666666666667
2024-12-19,27665,24819,12002,13071,11499,10747,-2637148.00,5189296.00,16954513.00,11044040.00,47200.233333333333,28264.633333333333,71982.285714285714,43709.714285714286,17990939.00,8887195.00,337825,396957,15567.666666666667,38566.000000000000
2024-12-18,37503,14809,16372,18622,8265,5107,-317872.00,-181417.00,5897997.00,12369034.00,46257.600000000000,28013.633333333333,91886.714285714286,58854.428571428571,8705606.00,8569151.00,338183,392129,25177.333333333333,42665.333333333333
2024-12-17,28815,18506,13086,12982,6417,8256,39143.00,-1894854.00,7809741.00,11862120.00,45720.366666666667,27657.833333333333,98710.714285714286,63146.571428571429,8126592.00,10060589.00,339178,385372,31893.000000000000,48951.333333333333
2024-12-16,49380,13388,17845,26474,5682,6409,-2967699.00,-1082583.00,6670552.00,18983111.00,44817.800000000000,27759.533333333333,96245.000000000000,63718.428571428571,12330427.00,10445311.00,339890,375457,48589.000000000000,64590.666666666667
2024-12-13,49801,43638,19351,24045,13415,15225,-914565.00,-1458388.00,11505406.00,25861354.00,44130.833333333333,26840.766666666667,96177.571428571429,61665.857142857143,16443794.00,16215417.00,361827,431729,71875.666666666667,112792.333333333333
2024-12-12,47673,38653,17429,23539,21326,14655,-2946089.00,543721.00,20636957.00,15065047.00,43397.500000000000,25915.400000000000,91895.142857142857,58682.571428571429,18248828.00,14759018.00,359597,424737,99265.333333333333,155846.000000000000
2024-12-11,96298,63476,41922,42825,30146,25252,1881952.00,-1865934.00,13514909.00,35746875.00,40700.300000000000,23989.366666666667,82577.428571428571,52867.285714285714,17847520.00,22197906.00,351704,421513,94290.333333333333,149274.333333333333
2024-12-10,194406,113498,83044,94509,47026,56782,-6085063.00,-1335006.00,38997375.00,59609623.00,35372.733333333333,20519.766666666667,57727.571428571429,38018.000000000000,48837677.00,44087620.00,357581,382576,62254.666666666667,95179.000000000000
2024-12-09,176834,120822,75181,84404,56152,53174,-6744847.00,-745934.00,39430684.00,112967517.00,30198.966666666667,16912.233333333333,38845.142857142857,25263.857142857143,73581131.00,67582218.00,309057,306661,31737.333333333333,52677.333333333333
2024-12-06,76583,48551,35019,31242,16290,27053,2541142.00,-10341557.00,23247265.00,50622265.00,28062.500000000000,15681.466666666667,35156.142857142857,23208.285714285714,26512354.00,39395053.00,307977,304191,21477.000000000000,33048.333333333333
2024-12-05,32120,17391,13972,13230,5324,10775,-2206554,-565867,5695538,23472111,27284.733333333333,15477.866666666667,32824.857142857143,23031.571428571429,14184665,12156478,301669,292694,23269.666666666667,32699.666666666667
2024-12-04,49329,29270,22534,20055,13132,12845,2406807,192844,11333148,27807139,26115.166666666667,14803.833333333333,30014.000000000000,20565.285714285714,16503326,18717289,292447,284939,16697.333333333333,23075.666666666667
2024-12-03,17696,17770,9371,6664,7400,8462,1014766,992126,7366057,8405347,26091.433333333333,14461.300000000000,35127.857142857143,22785.428571428571,7401262,7423902,284827,282858,21288.333333333333,32062.666666666667
2024-12-02,31074,22769,15521,12151,9166,9642,2633748,-1358909,11361342,14900770,25807.166666666667,14241.300000000000,33552.285714285714,21265.714285714286,9670201,13662858,280928,278421,25086.000000000000,38624.666666666667
2024-11-29,20457,9553,9608,8013,3376,5197,84731,-318623,2291111,8468351,26117.500000000000,14422.733333333333,32266.000000000000,21126.000000000000,4693147,5096501,287439,294828,27286.333333333333,37072.666666666667
2024-11-27,44657,31543,17271,22394,12970,15145,-1168762,-2194181,10909966,16856636,25683.400000000000,13805.433333333333,27454.285714285714,17648.285714285714,12108328,13133747,285562,288661,20774.000000000000,32071.333333333333
2024-11-26,50760,34162,19889,27689,20309,12031,-2219114,3492439,10180973,16174665,25756.800000000000,13088.133333333333,23702.857142857143,16072.142857142857,15329254,9617701,264049,272106,20490.333333333333,32982.333333333333
2024-11-25,15801,16154,7147,7256,7273,6986,300967,-515787,6634363,12024440,26782.733333333333,12913.900000000000,23318.571428571429,15219.142857142857,8184994,9001748,259209,267124,19149.333333333333,34397.000000000000
2024-11-22,29653,12006,11932,15461,6629,4497,-205592,518762,3617485,22882782,26745.300000000000,13046.066666666667,23144.142857142857,16319.142857142857,12526590,11802236,266331,273356,18005.666666666667,28330.333333333333
2024-11-21,53493,33311,22419,25451,11641,20164,-2038695,1364204,9898966,30464520,26401.033333333333,12967.666666666667,18580.000000000000,12877.428571428571,20656974,17254075,248067,265536,9301.6666666666666667,14157.666666666667
2024-11-20,20045,12131,6932,10565,5939,5226,-758900,354704,4454411,15930997,30347.500000000000,13620.100000000000,19094.428571428571,12316.285714285714,9856320,8742716,243022,261139,12967.6666666666666667,15642.666666666667
2024-11-19,11453,8575,6622,3884,4757,2906,512970,138143,3592532,7393733,31887.966666666667,14286.100000000000,29438.571428571429,13656.000000000000,5033909,5408736,239853,257969,13503.666666666667,16195.333333333333
2024-11-18,10975,7199,5103,4877,2924,3106,1174314,246825,2584574,9010127,32567.466666666667,14784.166666666667,33477.857142857143,14788.857142857143,4941724,5869213,237312,253589,17672.666666666667,22014.333333333333
2024-11-15,24500,23129,11496,9695,11772,9384,2456905,-701474,6511774,13376388,33396.466666666667,14714.900000000000,35243.000000000000,13947.857142857143,7641462,10799841,276817,303486,13036.0000000000000000,21029.000000000000
2024-11-14,13111,10183,5905,5681,5196,4179,957392,-354344,3742463,8489710,33522.033333333333,14741.833333333333,34687.714285714286,13533.000000000000,4919863,6231599,274965,303171,12376.0000000000000000,24540.666666666667
2024-11-13,28432,19706,13505,11973,7589,10668,829778,995154,6343919,17502316,33442.966666666667,14735.333333333333,32440.000000000000,11836.714285714286,11233406,11068030,265405,298580,11791.6666666666666667,43017.333333333333
2024-11-12,21544,9219,10703,9064,3252,5189,655650,-268953,2550780,18424424,33890.366666666667,14969.666666666667,32548.428571428571,12868.142857142857,9180274,10104877,262629,294527,13761.666666666667,48919.333333333333
2024-11-11,23646,8203,10864,10889,3915,3449,1358353,882412,2630048,21880821,35038.566666666667,15188.033333333333,33340.714285714286,13992.714285714286,11416745,11892686,260748,290321,16774.666666666667,53322.666666666667
2024-11-08,83862,17953,40301,36889,6791,8962,-3245424,-406155,5708344,38034308,33805.133333333333,15300.166666666667,25028.000000000000,12984.000000000000,21519066,18679797,264815,286617,13216.6666666666666667,28443.333333333333
2024-11-07,39250,15129,17862,16295,5346,8620,1589753,-169002,4698612,25877004,33601.133333333333,15266.766666666667,21618.285714285714,11636.285714285714,12765708,14524463,258521,281575,10784.3333333333333333,19592.666666666667
2024-11-06,36856,17242,17171,15208,6556,8468,167285,-543035,4329037,21848898,33597.566666666667,15366.533333333333,21293.000000000000,10517.4285714285714286,11378716,12089036,254867,277480,10516.6666666666666667,14741.666666666667
2024-11-05,9224,7279,4170,3958,3185,3222,499870,-147705,4411599,4573605,34558.533333333333,15637.500000000000,23064.000000000000,11277.0000000000000000,3797199,4444774,251907,275820,13448.666666666667,21397.666666666667
2024-11-04,12698,7832,4821,6210,4490,2733,-734917,613632,2862219,5352568,35344.333333333333,16149.866666666667,23034.142857142857,11819.285714285714,4369242,3020693,248396,273728,14468.666666666667,25722.666666666667
2024-11-01,22303,16439,10360,9798,6395,9038,-109361,920919,6549276,8898754,36493.100000000000,16615.733333333333,21103.285714285714,11082.7142857142857143,7852733,6642453,251558,288008,10887.3333333333333333,23415.666666666667
2024-10-31,29192,16075,14185,11699,6670,8159,1172841,-162417,6877585,11455529,38370.700000000000,17346.700000000000,18967.571428571429,10079.0000000000000000,7771902,9107160,248528,283423,8665.6666666666666667,25211.333333333333
2024-10-30,25673,10892,11808,10217,3835,5725,-722244,-544213,4306315,11884366,40722.833333333333,19037.400000000000,17726.285714285714,9593.5714285714285714,7430367,7252336,245175,282916,9233.6666666666666667,23860.666666666667
2024-10-29,15382,5695,6567,6822,2357,2631,-195246,-24884,1890184,4667619,43366.800000000000,20914.800000000000,18749.714285714286,11089.8571428571428571,2971435,2801073,244038,281361,11211.3333333333333333,22896.333333333333
2024-10-28,34579,9410,14929,16745,4348,4236,-6953819,926052,3180946,47855659,53651.600000000000,26429.266666666667,18062.285714285714,11887.857142857143,27650596,19860725,240343,271979,11835.6666666666666667,14299.000000000000
2024-10-25,21621,12596,10145,9690,5738,5454,-687274,136800,2685919,10197249,61436.600000000000,31941.033333333333,19492.714285714286,11949.000000000000,6512881,5771307,249707,280908,10653.3333333333333333,11839.3333333333333333
2024-10-24,12489,11628,4809,5129,5103,5641,398964,-153499,2841087,6386889,64291.933333333333,34246.966666666667,25274.571428571429,12094.000000000000,3480376,4032839,249621,279499,9275.3333333333333333,13337.666666666667
2024-10-23,8787,11283,3725,3987,5507,4872,-222774,466665,2573705,3541757,66258.800000000000,35709.200000000000,30673.428571428571,12043.142857142857,3151062,2461623,245628,278115,10904.0000000000000000,17924.000000000000
2024-10-22,14242,9049,6066,4734,3074,2928,1026656,-474457,4580591,5952786,72601.966666666667,40875.833333333333,32714.571428571429,13032.000000000000,3050576,4551689,239935,275242,12886.3333333333333333,23099.000000000000
2024-10-21,16984,7494,7097,7891,2995,3568,-524380,393057,2580242,6414086,76081.000000000000,45584.966666666667,36454.714285714286,16384.142857142857,4524961,3607524,237423,270589,14729.666666666667,27982.333333333333
2024-10-18,22546,16169,10212,10635,8625,6067,-556409,1169892,4667420,8074556,76538.133333333333,46025.066666666667,53010.857142857143,18603.428571428571,6758705,5032404,287934,324994,13554.333333333333,38121.000000000000
2024-10-17,29767,14996,13353,14257,4723,9027,-2343767,-1523854,4561773,12256456,76267.833333333333,45983.100000000000,56996.571428571429,20540.428571428571,8380297,7560384,281985,327594,12198.0000000000000000,43725.000000000000
2024-10-16,31634,13024,14500,13224,4594,7077,-347073,-1318172,4495781,7323563,75906.800000000000,45905.666666666667,56957.428571428571,21842.857142857143,4884608,5855707,280580,328739,13180.3333333333333333,42690.333333333333
2024-10-15,52962,12643,24377,25735,6851,4385,-1365075,91220,3345816,18304940,75172.833333333333,46320.233333333333,56444.285714285714,23044.000000000000,11126072,9669777,276745,325546,19285.666666666667,39424.666666666667
2024-10-14,46579,10927,21544,18436,3406,3675,-258224,455031,3182920,12410696,74329.000000000000,46303.866666666667,52201.285714285714,23053.142857142857,6630732,5917477,271334,311777,26211.333333333333,70044.666666666667
2024-10-11,28530,15971,12502,13761,7683,5670,-599075,2091744,5686431,10028740,74065.833333333333,46083.966666666667,51848.428571428571,23558.857142857143,8214346,5523527,286522,321538,30406.000000000000,79757.000000000000
2024-10-10,43165,30959,13797,24381,17913,10298,-5613971,375530,4381541,20985621,72929.200000000000,45309.233333333333,50677.142857142857,21457.428571428571,13107962,7118461,287082,320370,27466.666666666667,75822.000000000000
2024-10-09,138439,31704,77457,46423,12856,15603,47157288,-665797,4520014,202417525,68511.100000000000,44499.466666666667,39199.000000000000,19036.000000000000,47945916,132580701,278437,329643,23915.666666666667,46132.333333333333
2024-10-08,57667,28555,25985,25367,10163,15747,439234,-385474,5677042,20440296,66867.933333333333,43803.300000000000,37655.000000000000,18002.000000000000,11555187,12379895,267239,315171,18061.000000000000,32536.000000000000
2024-10-07,31360,22141,12670,16148,9816,10891,-89955,-148619,5010070,10361527,66400.866666666667,43310.700000000000,37907.857142857143,16857.142857142857,7082611,7141275,263212,311416,17184.333333333333,30769.333333333333
2024-10-04,49370,21051,25658,18609,9274,10382,-276684,-58623,4210946,14366816,65267.100000000000,43024.533333333333,36104.857142857143,16740.571428571429,8196591,7978530,271943,324846,15583.666666666667,25968.000000000000
2024-10-03,16878,10991,5464,8729,7025,3452,-480469,1233996,3557750,5244181,65046.233333333333,43083.866666666667,39129.857142857143,17371.571428571429,4664490,2950025,268804,324338,16838.000000000000,39706.000000000000
2024-10-02,26060,19511,11566,12347,9974,7873,566226,-253885,4117390,10356006,64597.333333333333,43331.800000000000,40588.714285714286,17899.000000000000,6290546,7110657,263314,320338,17440.000000000000,46639.000000000000
2024-10-01,34966,16249,15374,16366,8531,6311,1307029,494098,4933405,11844884,63950.166666666667,43228.800000000000,43703.000000000000,19922.714285714286,7182506,7995437,261380,319558,16732.666666666667,46027.000000000000
2024-09-30,58092,14754,29845,23860,6320,6964,1998184,-433361,3418808,28522405,62803.300000000000,43073.300000000000,47621.285714285714,23244.142857142857,13369102,15800647,257409,313907,18559.666666666667,38912.666666666667
2024-09-27,46859,21317,26539,17411,9875,9695,1367339,516382,2743996,14712420,61634.833333333333,42614.333333333333,54675.285714285714,29000.714285714286,7810289,8661246,277124,335785,16590.000000000000,35977.333333333333
