date,call_volume,put_volume,call_volume_ask_side,call_volume_bid_side,put_volume_ask_side,put_volume_bid_side,net_call_premium,net_put_premium,put_premium,call_premium,avg_30_day_call_volume,avg_30_day_put_volume,avg_7_day_call_volume,avg_7_day_put_volume,bearish_premium,bullish_premium,put_open_interest,call_open_interest,avg_3_day_put_volume,avg_3_day_call_volume
2026-09-25,16949,13023,6494,8811,3693,8388,-535703.00,-185101.00,5010796.00,4974463.00,18698.7333,19898.6667,16275.8571,15259.1429,4316338.00,3965736.00,422938,558124,8827.3333,13695.6667
2026-09-24,11112,9975,3325,6786,6746,2097,-518917.00,13070544.00,20193868.00,2018574.00,18780.5333,19793.7333,16253.5714,16506,16046114.00,1342989.00,423101,553513,8679,17224.3333
2026-09-23,12454,5221,3881,7295,1558,3499,-678832.00,-1403744.00,2722888.00,3569424.00,18739.3333,20274.5,17066.8571,18038.5714,2596428.00,3321340.00,420775,549726,10773,20203.3333
2026-09-22,17521,11286,9427,7095,1799,4361,-957810.00,-248907.00,1216325.00,3772495.00,18980,20371.6333,16979.2857,17681.1429,2653434.00,1944531.00,412410,543812,19346.6667,18539.3333
2026-09-21,21698,9530,11018,8647,6154,1952,136817.00,908953.00,3418347.00,4049890.00,18947.7333,20411.4,15608.8571,19415,3356128.00,2583992.00,407165,532531,23600.6667,17048.6667
2026-09-18,21391,11503,11315,9005,6448,4287,-27155.00,1368410.00,4790164.00,4526056.00,19063.7333,20401.7333,15087.5714,19330.4286,5016403.00,3620838.00,457665,673308,26000.6667,13570.3333
2026-09-17,12529,37007,3049,6641,12961,19286,-960463.00,-4730702.00,71323713.00,2151467.00,18983.5333,19676.9667,16198,17139.1429,30059853.00,31732889.00,458291,666543,18981.3333,15443
2026-09-16,17226,22292,4156,12395,5665,15909,-3203423.00,-7574249.00,31899642.00,4353778.00,18773.4,19379.6333,15461.8571,15475,14146645.00,21283581.00,451380,656484,14478.6667,15337
2026-09-15,10956,18703,2765,7415,11519,5384,-2364234.00,-350354.00,17246659.00,4042060.00,19462.7667,19747.7,16343.2857,20127.5714,9276041.00,8890511.00,441643,650843,15466.6667,15720
2026-09-14,18147,15949,11525,5914,11064,3452,1974628.00,2217965.00,6090636.00,4018195.00,19333.8333,19673.7,14902,19316.8571,4934711.00,4691374.00,433723,643645,13787.3333,15585
2026-09-11,16908,8784,8638,6584,4346,3922,-257512.00,679845.00,9859728.00,3282261.00,19251.3333,19616.1667,13685.8571,19483,6418092.00,5480735.00,436736,643294,18082,16716.3333
2026-09-10,12105,21667,4387,6630,7797,5555,-567674.00,3463525.00,49451478.00,2600843.00,20178.8333,19494.7,14746,19074,15063303.00,5263354.00,456530,637146,14407.3333,16705.6667
2026-09-09,17742,10911,7207,8979,5602,4520,-9191.00,279098.00,3340877.00,3809275.00,19848.7667,19371,14845.7143,22377.4286,3526655.00,3238366.00,456786,629405,27860.6667,16500.3333
2026-09-08,20302,21668,9188,9421,10591,6960,57447.00,-298433.00,17875995.00,4781386.00,20000.0667,18944.8667,17774.8571,28964.2857,6182546.00,6538426.00,448354,619789,24062.6667,12419
2026-09-04,12073,10643,6103,5299,3845,3649,-191492.00,2407635.00,21240422.00,2043224.00,19797.1,18841.9,17810.2857,29685.7143,9159601.00,3152564.00,452027,629328,23830.6667,11193
2026-09-03,17126,51271,8321,7715,24615,7953,-900657.00,14489876.00,127506440.00,2547502.00,19505.5,17534.1,18920.8571,24196.2857,42249196.00,13439423.00,461418,622605,13008.3333,11993
2026-09-02,8058,10274,2690,4267,3950,3483,-155521.00,61769.00,3612406.00,1281582.00,19546.5,17561.6667,22758,26774.4286,2103623.00,1886333.00,463060,619041,20928.6667,15453.6667
2026-09-01,8395,9947,2182,5802,4477,4951,-1510834.00,-1023387.00,4159048.00,2466226.00,19576.2667,17400.3333,27599,28943.7143,3450911.00,2963464.00,465416,621370,40205,26257.3333
2026-08-31,19526,18804,7782,10142,4203,3294,-1020231.00,3156463.00,34418310.00,3910135.00,19775.6,17196.5667,27262.4286,28437,6037917.00,1861223.00,460681,614454,39168,23855.6667
2026-08-28,18440,34035,7578,5964,20776,5449,1065812.00,1015241.00,34566366.00,4859510.00,20111.2667,16648.0333,27381.5714,24933.1429,5375936.00,5426507.00,466827,635107,32104.6667,26009
2026-08-27,40806,67776,18530,10529,22214,14143,1166118.00,7918001.00,114757441.00,9948735.00,19069.0333,14952.8,22622.2857,16040.4286,30517345.00,23678642.00,459122,608123,18953,24046.3333
2026-08-26,12321,15693,3136,8507,8690,5060,-1426708.00,1431692.00,6622332.00,2861837.00,19671.4333,14703.6333,23292.1429,17521.8571,5827158.00,2968758.00,448961,602492,22099.3333,34033.3333
2026-08-25,24900,12845,10124,13867,6623,5751,-95228.00,687823.00,4841292.00,5956388.00,19158.1333,14479.6667,23298.7143,18723,5586104.00,4803053.00,442914,596396,22903.3333,31456.6667
2026-08-24,34918,28321,18031,15216,15534,11040,-17959.00,1709196.00,5192108.00,6483731.00,18314.2,13755.4333,22044,18979.2857,6448334.00,4721179.00,436814,596469,16632.3333,26242
2026-08-21,42282,25132,20067,19986,11508,10663,1628279.00,101062.00,4497836.00,7996182.00,17523.4667,13315.7,17941.7143,16364.2857,4913848.00,6441065.00,473209,648347,10097.3333,14645
2026-08-20,17170,15257,6095,9269,5354,7272,-237697.00,-3736666.00,16977476.00,3169950.00,17624.6333,13242.4667,17091.4286,16991,3860626.00,7359595.00,472227,642788,13699.3333,14591.6667
2026-08-19,19274,9508,11271,7125,3630,4336,1249475.00,-410720.00,1780823.00,5527223.00,18215.8333,13335.3333,17872.4286,17661.2857,2598972.00,4259167.00,470870,636750,17614.3333,16482.3333
2026-08-18,7491,5527,3752,3319,3170,1996,-24712.00,104678.00,1272678.00,1935338.00,18275.9667,13545.6,19763.7143,18403.5714,1589389.00,1459999.00,468330,634315,25810.3333,22697
2026-08-17,17010,26063,9125,7129,10685,8754,-285516.00,743438.00,15233742.00,3438554.00,18671.1667,12878.2667,20886.7143,16282.1429,6664391.00,5635437.00,464129,629158,19398.3333,21549
2026-08-14,24946,21253,12353,10115,6791,4212,-249211.00,4821384.00,40109591.00,9725256.00,18458.5333,12549.2667,18769.1429,15426.5714,9585777.00,4515182.00,469256,643846,18862,16973
2026-08-13,26135,30115,11027,13266,11728,8515,-150614.00,2561202.00,45873441.00,4994868.00,19060,12173.7333,16595.8571,13034.7143,11350686.00,6001210.00,469473,634659,13557,16508.3333
2026-08-12,13566,6827,5745,7389,2840,3635,-534236.00,-439205.00,1850786.00,2712140.00,19087.8,12170.9667,19177.4286,16308.7143,2229382.00,2134351.00,466822,630301,14855.6667,18896.3333
2026-08-11,11218,19644,5069,5597,8426,8695,-570841.00,667123.00,5099961.00,3782067.00,19324.2,11898.4667,19614.7143,15463.7143,4702358.00,3464394.00,453869,625345,12045.3333,23447.3333
2026-08-10,24741,14200,10707,9355,3373,9629,272537.00,-2516348.00,7612815.00,8563816.00,19572.4667,12276.8333,18142.1429,14443.4286,4654215.00,7443100.00,445592,612240,12400,18574.6667
2026-08-07,20730,10723,12198,7199,3962,4625,885730.00,667660.00,9631735.00,5695861.00,19823.7667,13309.8333,20885,15486.2857,3843997.00,4062067.00,453480,630726,13283,15305.3333
2026-08-06,24871,11213,17864,4792,3686,4390,3180176.00,3160103.00,12725135.00,6138401.00,19710.4667,13648.8,18452,14913,5836205.00,5856278.00,448690,615586,19460.3333,17560.6667
2026-08-05,10123,15264,4635,5049,4036,10984,-244522.00,-1737393.00,3732392.00,5092592.00,20210.2333,13949.8333,20554.5714,14001.5714,3573048.00,5065919.00,442698,613970,18948.6667,18946
2026-08-04,10922,13372,6305,2317,3946,7677,534515.00,-1570296.00,3966317.00,2432047.00,20469.5333,14270.6,19849.1429,13170.4286,1693634.00,3798445.00,434804,609798,16844,20116.3333
2026-08-03,31637,29745,12468,4457,7836,7535,1322001.00,-41819.00,8347616.00,10214625.00,20556.9333,14052.7667,16526.4286,10640.7143,3701069.00,5064889.00,414222,591416,12936.6667,22880.6667
2026-07-31,14279,13729,7638,5742,4303,7886,726968.00,320281.00,10882533.00,3283738.00,20896.4667,18147.6667,15813.4286,10265.2857,3469708.00,4208515.00,420116,607764,10760.3333,20734.3333
2026-07-30,14433,7058,5809,5943,1929,3984,-294814.00,2618505.00,9533129.00,4193920.00,21061.5333,18863.7667,15078.4286,9986.5714,5690889.00,2777570.00,419417,603034,11369,24203.6667
2026-07-29,39930,18023,15511,10381,2903,14706,449504.00,-3056435.00,4755982.00,13199519.00,20608.4333,19958.6667,13017.8571,9224.8571,4416319.00,7922258.00,407796,580355,7879.3333,12888.3333
2026-07-28,7840,7200,4195,3178,3252,3758,-31579.00,-262876.00,2711887.00,2069220.00,20981.1333,20605.3,15970.7143,10707.5714,2085811.00,2317333.00,404632,577310,9491.6667,13067.6667
2026-07-27,24841,8884,12326,6656,2231,3615,1206986.00,-1358427.00,4549041.00,4717935.00,21615.9,21999.4,13784.7143,11855.4286,2128513.00,4693926.00,400248,562700,10230.6667,7883.3333
2026-07-24,5984,7554,2097,3496,2837,2617,-554904.00,3080111.00,13313290.00,1481615.00,21969.9,22106.7333,17271.7143,11950.2857,4964233.00,1329218.00,414235,575797,9415,8984.6667
2026-07-23,8378,12037,2847,4790,3683,6642,-776210.00,3190782.00,18272802.00,2292948.00,22471.9667,22100.3,17432.1429,11105.8571,8785426.00,4818434.00,410776,573255,9633,14694
2026-07-22,9288,11101,3622,5101,4776,5929,-631266.00,-73779.00,3398416.00,2115812.00,23091.3,22589.2,17476.7143,10462,2798257.00,2240770.00,402901,572401,11792.3333,21101.3333
2026-07-21,9288,5107,3475,5241,2900,2020,-614024.00,334600.00,1663441.00,2390600.00,23729.6667,23585.5,18801.2857,11438.1429,2433774.00,1485150.00,400528,568044,15729.6667,21185
2026-07-20,25506,12691,11226,12586,5670,5261,-1105004.00,183468.00,7195337.00,6011240.00,23349.0333,25167.7333,18044,11490.8571,4640836.00,3352364.00,396407,550940,14238.6667,22814
2026-07-17,28510,17579,7777,16080,8888,6875,-1609141.00,-1222334.00,14065979.00,7464243.00,23300.4,25105.3,19258.2857,10735.8571,7753137.00,7366330.00,423887,684768,10421,16477.6667
2026-07-16,9539,16919,5254,3386,5634,7758,358783.00,904517.00,11990284.00,2682435.00,24332.4333,24898.3667,19223.4286,10009.5714,3519392.00,2973658.00,413571,683242,6979.3333,16498
2026-07-15,30393,8218,13535,10757,2783,4967,-283641.00,448461.00,1824737.00,7901338.00,24873.8,25199.8,19005.2857,9698.8571,3912868.00,3180766.00,410024,671154,8220,12553.6667
2026-07-14,9501,6126,2464,5184,1712,3931,-1477513.00,-126096.00,3598202.00,3544846.00,26218.7,26180.1,20300.4286,10449.8571,3318197.00,1966780.00,406506,666078,10531.3333,16121.6667
2026-07-13,9600,6594,3071,5779,3154,2486,-67112.00,-268554.00,6781988.00,3126134.00,29360.6333,30005.6333,25240.2857,12200.5714,2842145.00,3043587.00,404572,662218,12431.3333,25258.3333
2026-07-10,18560,11940,7987,8792,2107,3357,-307669.00,-228303.00,6507927.00,5171247.00,32181.6667,32135.0333,24646,11458.2857,3047615.00,2968249.00,412755,676342,12396.3333,22170
2026-07-09,20205,13060,8751,9039,4281,6218,3037674.00,3126554.00,16718843.00,7927757.00,34527.7667,33022.9,24375.2857,11231,7190384.00,7274004.00,408373,666173,10057.3333,25057
2026-07-08,37010,12294,11232,10091,4768,6143,1107533.00,211938.00,5613030.00,13748583.00,34585.4667,33348.7,23686.5714,13124.8571,4574579.00,5470174.00,401702,644725,9753.6667,18909.3333
2026-07-07,9295,11835,1744,4425,7230,4142,-742199.00,898989.00,2389830.00,4831905.00,34901.1,33202.6333,26397.1429,17393.1429,2786104.00,1144916.00,395827,640525,12091.6667,30537.3333
2026-07-06,28866,6043,11949,9326,3177,2386,-661190.00,-1063484.00,3691229.00,7789907.00,35018.4,33290.5333,25340.8571,19584.4286,4007063.00,4409357.00,393712,626229,12325.3333,25715.3333
2026-07-02,18567,11383,8026,8904,5505,4653,298428.00,3219294.00,9047507.00,3975321.00,35235,33305.9333,26276.4286,21429,6647757.00,3726891.00,394160,645860,12354,25629.6667
2026-07-01,44179,18849,23139,18313,8935,4788,-290491.00,5823789.00,23592995.00,11949067.00,34661.2333,33203.2667,22636.7143,22021.2857,14937362.00,6891457.00,390586,636566,14588,21633
2026-06-30,14400,6744,6768,4573,3279,2842,858224.00,-478603.00,7356434.00,3602778.00,35044.1,33972.3667,25473.7143,24373.5714,3537637.00,4874464.00,388784,628451,26244.3333,26256
2026-06-29,18310,11469,9763,7411,5714,5176,145821.00,-2326555.00,12909794.00,5335409.00,35551.2333,34243.9667,26353,42246,7183092.00,9655468.00,381469,619969,29548.6667,27310
2026-06-26,32189,25551,17537,12452,8029,11563,1285723.00,-4239235.00,60104443.00,6486389.00,36433.8333,33820.5333,24523.8571,42673.1429,20636696.00,24041204.00,378469,642808,29130,24952.3333
2026-06-25,28269,41713,8202,18104,20791,7703,-1701256.00,12273724.00,81365999.00,6319443.00,36272.8333,33221.4667,24247.8571,43981.2857,31536651.00,12139941.00,398893,629051,22890.6667,21763
2026-06-24,21472,21382,5673,15025,16112,3840,-3027496.00,2560696.00,16408302.00,6546186.00,36488.0667,32854.1667,23897.7143,44726.5714,12045880.00,6457688.00,397128,614825,23500,26025.3333
2026-06-23,25116,24295,11046,12941,16577,4953,332314.00,4822641.00,20780727.00,8543959.00,36491.7,32878.9667,26578.8571,48499.7143,16076980.00,11586653.00,385231,602703,60927,25808.3333
2026-06-22,18701,22995,5271,9091,13516,6064,-3109094.00,13693577.00,27202517.00,7926019.00,36583,32581.3667,26279.2857,46753.8571,23602589.00,6799918.00,371267,592204,62775.6667,26036.3333
2026-06-18,34259,23210,12858,15789,8450,7441,-2516514.00,-199029.00,23565255.00,13303896.00,36824.1333,32306.5333,24733.7143,45130.1429,12189746.00,11161701.00,420250,742079,71995.6667,23395.6667
2026-06-17,24465,136576,4965,16662,39077,79746,-4422315.00,-17357747.00,304922213.00,7870356.00,36625,28044.6667,25219.8571,29300.4286,97698827.00,153113359.00,433063,728593,35336.6667,21581
2026-06-16,19385,28541,6754,11684,13059,14964,2418521.00,-1953194.00,14644031.00,9123953.00,36592.2333,27607.6667,26513.2857,30222.5714,10018806.00,13314091.00,424102,719302,42725.3333,29747.3333
2026-06-15,26337,50870,13428,10348,39236,8162,238883.00,13072734.00,67121252.00,7604310.00,36243.8333,26586.6333,24763.2857,31549.4286,58280732.00,14386841.00,402753,709297,29360,26503
2026-06-12,19021,26599,6533,11091,8621,15657,-1269603.00,-4482012.00,50628773.00,4174404.00,37277.3333,26250.3,25910.4286,29993.2857,16932823.00,35793482.00,404752,718006,24441.6667,27976
2026-06-11,43884,50707,22253,18390,12984,13787,-2679049.00,-6624984.00,105938221.00,14245198.00,36193.1,24850.6667,25427,24279.5714,19257939.00,20049874.00,411248,705456,16128.6667,22637.3333
2026-06-10,16604,10774,4680,10757,5006,5320,-1904724.00,-846480.00,5251420.00,3897134.00,36033.9667,24758.0333,29717,25206.2857,4763296.00,3705052.00,415952,697717,24202.6667,26582.3333
2026-06-09,23440,11844,5857,15113,5010,6330,-2578989.00,-2581206.00,11110978.00,7082844.00,35805.0333,24808.3333,33489.5714,28590.7143,8417737.00,8419954.00,413378,687881,40307.3333,23464.6667
2026-06-08,27868,25768,10698,14725,10348,10939,-1966507.00,-3111451.00,26174355.00,10130586.00,35757.8667,24326.9,44345.2857,42246.7143,12382366.00,13527310.00,424003,673269,36953.3333,23192.3333
2026-06-05,28439,34996,9865,16760,8168,3364,-1282981.00,6840014.00,90403736.00,5078043.00,35701.8,23878.0667,55024.1429,48079,15113010.00,3998015.00,440373,695772,28858.3333,27212.6667
2026-06-04,14087,60158,7351,5493,12487,12006,57089.00,2972230.00,145627444.00,3599462.00,35958.3333,22302.5333,65952.8571,45155.8571,18139622.00,10355371.00,443845,691926,14559.3333,38061.6667
2026-06-03,27051,15706,11921,13418,9746,5130,5094.00,2800937.00,8060321.00,12023370.00,36336.5667,22756.8667,67622.8571,46064.7143,10474543.00,7678700.00,438039,683954,21169,45660.6667
2026-06-02,40500,10711,25432,12854,5314,4582,8613334.00,-292432.00,6011929.00,17495445.00,36081.5333,22899.7,64517.7143,45599.2857,6176661.00,15082427.00,436448,684179,58052,66780
2026-06-01,46634,17261,27249,15850,5553,7604,2363915.00,1619019.00,13326767.00,13686496.00,37032.0667,23246.6,62482.1429,44373.4286,11448283.00,12193179.00,428400,679067,77572.3333,85632.3333
2026-05-29,49848,35535,23976,20319,16353,10815,-527542.00,6515167.00,39837734.00,10222344.00,39499.9667,22936.6667,58941.7143,40989.1429,17793936.00,10751227.00,440197,731444,78959.3333,99212.3333
2026-05-28,103858,121360,39315,56582,48831,34633,-4489216.00,4993539.00,184428911.00,36105665.00,37302.7667,19375.7667,47957.1429,25904.7143,66675782.00,45214897.00,444175,673261,45862,77506.6667
2026-05-27,103191,75822,30707,65265,43287,24162,-6634217.00,14851341.00,45878254.00,23879910.00,35196,17140.5667,36913.5714,19332.5714,41865743.00,20380845.00,433264,635194,23072.3333,49364.3333
2026-05-26,90588,39696,45938,38015,18331,12504,509326.00,-606552.00,12271307.00,18999334.00,32948.6667,16119.1333,28761.5714,16464.1429,12110864.00,13226742.00,419830,596046,12733.6667,29963.3333
2026-05-22,38741,22068,13952,18129,10865,9576,-2050267.00,-500828.00,9578784.00,8153016.00,32474.3,16071.2,31608.1429,15147,9004091.00,7454652.00,431031,615216,9326,25404.6667
2026-05-21,18764,7453,9227,7897,3799,2207,-1257206.00,382462.00,5162923.00,3949262.00,32549.7,16800.3333,32276,17473.8571,3537144.00,1897476.00,429939,606488,12098,28138.6667
2026-05-20,32385,8680,9883,19331,2596,4515,-24449.00,-1912142.00,3957629.00,9833935.00,34065.5333,16965.6333,31639.4286,17714.2857,5136058.00,7023751.00,426732,600292,19143.6667,25972.3333
2026-05-19,25065,11845,14872,7254,2830,6149,469647.00,-1100592.00,3716221.00,4396816.00,33719.1667,17005.2,31662.2857,19599.1429,2720497.00,4290736.00,421751,599309,21734.3333,28792
2026-05-18,26966,15769,11390,13826,8702,6105,-2260843.00,472930.00,5969129.00,8296080.00,33326.1333,16690.8333,30872.8571,19356,8188785.00,5455012.00,412725,586421,20760.6667,39359
2026-05-15,25886,29817,7962,14674,13500,14557,-1234615.00,3090841.00,15721417.00,7227939.00,32999.8667,16298.5,33102.4286,17234.2857,12916618.00,8328997.00,452682,777276,18735.3333,38543.3333
2026-05-14,33524,19617,9944,18769,8239,9501,-2989985.00,-678858.00,10689392.00,7306941.00,32740.3667,16383.9,30954.8571,15677.5714,8193063.00,5881936.00,447440,766702,15650.6667,36678.3333
2026-05-13,58667,12848,25781,28938,4462,6595,-320992.00,-753919.00,3638689.00,12744861.00,31888,16264.0333,25202.7143,16046.5714,7270094.00,7703021.00,444345,745608,19714.3333,25531
2026-05-12,23439,23741,6288,15030,10291,6239,-1773232.00,1465303.00,11501033.00,5460056.00,31967.0667,15838.5333,24123.5714,15546.2857,6702421.00,3463886.00,437418,734190,16489.6667,24864.6667
2026-05-11,27929,10363,11503,12471,3909,4881,-596527.00,-522404.00,3680847.00,9300180.00,31944.3667,16412.0333,27280.2857,16424.2857,5706527.00,5632404.00,435366,719276,18023.6667,29386
2026-05-08,25225,25039,7315,11619,11527,8605,-1088786.00,661003.00,10677818.00,10145973.00,32456.9333,16945.4333,25299.1429,14092.7143,6159380.00,4409591.00,441263,726144,12584,27141.3333
2026-05-07,21440,14067,5978,9464,4113,6151,-406968.00,-1135042.00,4477709.00,5708848.00,34418.9667,17937.8667,23926.2857,13225.2857,3198374.00,3926448.00,435274,717743,13038.6667,26128.6667
2026-05-06,41493,14965,26614,11684,5376,7199,2692791.00,-113013.00,4577954.00,11127877.00,34793.5,19223.2667,20366.1429,12995,5805370.00,8611174.00,429950,709771,14796.6667,17592.6667
2026-05-05,18491,8720,8565,8461,4455,3822,-692740.00,23443.00,3021966.00,4344408.00,35174.6333,19675.6667,21503.5714,13367.1429,3773384.00,3057201.00,426726,701372,17393,28104.3333
2026-05-04,18402,15431,7658,8732,8510,6372,240447.00,771156.00,3586306.00,5395067.00,35644.9,19941.3333,22697.1429,14238.5714,4402679.00,3871970.00,418662,693096,15155.3333,25756
2026-05-01,15885,20239,6523,7425,10912,6817,146226.00,2472856.00,11596947.00,2881008.00,37781.7667,29674.5,23539.7143,13189,7234150.00,4907520.00,430142,726940,11074,24404.3333
2026-04-30,50026,16509,18522,25326,5454,10045,214649.00,-2632157.00,6247624.00,7783645.00,39505.2333,30110.5333,21878.5714,15021.4286,4707243.00,7554049.00,420421,701508,10022,13253
2026-04-29,11357,8718,3359,7524,2586,5415,-885679.00,-1750526.00,3476934.00,2114584.00,39491.4,30425.6333,24948.8571,15918.2857,2261789.00,3126636.00,416221,695766,10891,18285
2026-04-28,11830,7995,3246,7500,3629,3851,-1173953.00,-202622.00,2869643.00,3574027.00,39799.7667,30822.8667,33994.5714,18728.7143,3521497.00,2550166.00,412747,692451,15403,23260.6667
2026-04-27,16572,13353,8994,6441,5022,6283,-167165.00,-185642.00,6603390.00,3571475.00,39938.8,30796.5667,49325,20569.2857,4540847.00,4559324.00,404069,687727,15249.3333,24997.6667
2026-04-24,26453,11325,13779,11132,5409,4826,922135.00,439415.00,4264173.00,4149383.00,40037.9,31324.6,50966.2857,21027.5714,3447338.00,3930058.00,417125,701565,21253,28979.3333
2026-04-23,26757,21531,6691,17411,9521,7883,-3821986.00,647943.00,9405771.00,7999574.00,39754.4333,31007.3667,52856.4286,19204,10025092.00,5555163.00,412622,690085,19074.6667,31010
2026-04-22,21783,12892,7677,12376,3838,6185,-732013.00,87966.00,5067992.00,6658114.00,40437.8333,31141.1,53054.2857,18655.5714,5642836.00,4822857.00,406972,683120,24000,48799
2026-04-21,38398,29336,10495,24731,16162,10770,-10099350.00,-1830808.00,12684737.00,21461250.00,40341.6667,30850.5333,51070.2857,17411.8571,19560713.00,11292171.00,393562,663304,22967,77294.6667
2026-04-20,32849,14996,11613,17976,5765,4919,-512763.00,48314.00,7162483.00,20257262.00,40826,30761.7,49381.2857,19459.1429,11911486.00,11350409.00,384333,647082,22812.6667,78992.3333
2026-04-17,75150,27668,38375,32909,13185,13680,1560991.00,884481.00,5470913.00,24522221.00,38672.8,30743.5,49768.4286,17455,13889473.00,14813733.00,420889,720844,16512,67271.6667
2026-04-16,123885,26237,65481,52609,8105,10680,-7840200.00,725887.00,15496090.00,39741666.00,34982.1,30306.7667,34166.8571,15568.5714,27795676.00,19229589.00,411187,665934,10784,33699.3333
2026-04-15,37942,14533,18361,15363,5293,6425,-194252.00,-875326.00,7646284.00,16690572.00,34696.7667,30671.4667,30914.4286,14397.8571,9396727.00,10077801.00,405078,642802,12816.3333,29222
2026-04-14,39988,8766,21269,16427,3952,4131,-35569.00,667085.00,2481501.00,6919354.00,33788.4,30785.2333,27501.5714,15723.7143,4775576.00,4072922.00,401502,616850,19670,22901.3333
2026-04-13,23168,9053,11508,10515,3908,4542,-178610.00,880074.00,8513600.00,6819315.00,33645.8333,30967.4,27868.8571,17598.8571,7316550.00,6257866.00,409034,613608,21198.6667,41132
2026-04-10,24510,20630,10203,10346,9161,9654,155524.00,3229456.00,7738641.00,6404021.00,33373.7,30665.0333,29095.4286,15973.4286,7575051.00,4501119.00,421156,619767,18666,37853.3333
2026-04-09,21026,29327,8355,10121,11353,5348,-2122786.00,7562868.00,21006406.00,9685450.00,33012.2333,29884.7333,29779,13351.8571,19215496.00,5317992.00,411284,609939,11003,35903
2026-04-08,77860,13639,46768,26208,4917,7537,3070564.00,689526.00,14143608.00,12094032.00,30900.0333,29774.5333,22548.7143,15341.7143,10931011.00,13312049.00,404698,584722,12472.3333,15315.6667
2026-04-07,14674,13032,5329,8276,8030,3307,-1130305.00,2581273.00,11055027.00,6054171.00,31232.3,29617.3667,26252.7143,19343,7978593.00,4267015.00,399256,578283,15521.3333,19004
2026-04-06,15175,6338,5382,6519,2175,3738,-298222.00,78924.00,4997090.00,7720765.00,32906.4667,30063.2,35556.4286,24700.4286,3663980.00,3286834.00,398854,572542,16492.6667,24977.6667
2026-04-02,16098,18047,5914,9142,7197,9595,-138749.00,-2411300.00,11535667.00,2655966.00,33094.6,34621.4,40789.4286,29769,4931866.00,7365217.00,417362,589945,14135.6667,28215.3333
2026-04-01,25739,22179,16496,8118,13730,7134,1125410.00,9847552.00,24947368.00,8543717.00,32691.6667,34966.1667,41387.4286,29785.1429,24947075.00,5888588.00,420600,579227,15932,28718.3333
2026-03-31,33096,9252,10700,20066,3194,5731,-1320528.00,-1251385.00,3370481.00,6231967.00,32575.0667,35741.9,41303.7143,31806.4286,4507347.00,4438204.00,420949,560745,26528.3333,31220.3333
2026-03-30,25811,10976,11484,12787,5315,3542,-669725.00,-1379327.00,9601286.00,11617320.00,32205.8333,37105.6333,49043.7143,74843.2857,7295396.00,8004998.00,420990,550849,37483,49383.6667
2026-03-27,27248,27568,11311,13276,10290,10928,-261510.00,207020.00,33657598.00,8022300.00,32057.4333,39404.7667,59684,75132.1429,8607590.00,8139060.00,461098,589543,46136,57877.3333
2026-03-26,40602,41041,14604,21770,14073,22446,-862234.00,-8085637.00,58157407.00,8011500.00,31222.6667,38303.8667,55446.8571,71865,12509948.00,42974801.00,472033,570327,39886.3333,54318.3333
2026-03-25,80301,43840,38496,38347,18860,22032,2277318.00,-1651194.00,9565234.00,26891697.00,28936.1667,37024.6667,46986.8571,68446.7143,15554699.00,19483211.00,467552,551315,33073.3333,38388
2026-03-24,52729,53527,20708,25212,18384,22966,-1821039.00,-660596.00,13195435.00,14862334.00,27640.0333,35763.1,42417.4286,62594.8571,11821834.00,10661391.00,432356,524650,119309,47475.3333
2026-03-23,29925,22292,13309,15020,8286,13275,-2692827.00,-2477165.00,10317122.00,9121749.00,27600.9,35548.3,42346.1429,63291.1429,9486379.00,9270717.00,420699,509147,121741.6667,71410.3333
2026-03-20,32510,23401,8627,21320,11182,11704,-4613039.00,-1780663.00,11861830.00,10631126.00,26805.4,36218.6,40309.4286,61664.4286,11986065.00,9153689.00,519918,660699,119998.3333,64221
2026-03-19,79991,312234,22318,54616,52065,259291,-5312088.00,-29846612.00,617121514.00,14109309.00,24843.5667,26279.4667,34922.8571,19474.4286,87956753.00,542429057.00,546252,616758,22557.6667,44584.3333
2026-03-18,101730,29590,30046,68302,14305,12368,-4462867.00,2591860.00,27735078.00,14839644.00,21854.8667,25546.9,25463.2857,18192.8571,23405870.00,16403603.00,551216,550233,16882.3333,17588.6667
2026-03-17,10942,18171,5400,5043,8212,8620,-144638.00,-1025120.00,5350817.00,2774539.00,22640.4333,25426.6667,30668.5714,17358.5714,3351700.00,4232182.00,554312,547727,19880.6667,23750
2026-03-16,21081,19912,9695,9675,11436,7336,-180849.00,-840407.00,5559315.00,3334430.00,22398.2667,25425.2667,29164.7143,18388.5714,3803122.00,4462680.00,553952,543158,17248,22807.3333
2026-03-13,20743,12564,9846,10263,5888,6294,-443316.00,390536.00,3569084.00,5557235.00,22442.8,26568.2,28082,18470.1429,4850096.00,4016244.00,566674,550999,18694.6667,29988
2026-03-12,29426,27166,12862,15264,10409,10926,-582597.00,3509595.00,41197033.00,9877781.00,22761.9,26120.2,28075.7143,18228.4286,22961349.00,11724157.00,562619,535029,16512.3333,32017
2026-03-11,18253,12014,5313,12007,7109,4034,-2205096.00,2297320.00,5911303.00,5548508.00,22715.1333,26216.3,27287.7143,18252,7711952.00,3209536.00,556388,526152,16618,41725.6667
2026-03-10,42285,16904,15833,24110,6216,10141,-104377.00,-1672010.00,5697879.00,11257512.00,21955.4,26327.3333,23945.7143,17911.1429,7322907.00,8890540.00,554833,507732,20024,31148.6667
2026-03-09,35513,20619,12542,18224,7980,11776,-1490048.00,-424608.00,4842731.00,9442488.00,21600.2333,26242.2333,21207.5714,16616.8571,6854414.00,5788974.00,544622,488099,17529.3333,23699
2026-03-06,47379,12331,19966,25968,6028,5820,884097.00,350570.00,4898748.00,7102504.00,21557.1,26183.0333,15893.7143,15700.7143,5533328.00,6066855.00,553883,489323,21910.3333,17700
2026-03-05,10554,27122,3611,5359,11777,6663,-1408913.00,-131224.00,54582469.00,4353794.00,22411.9,26353.7667,16456.5714,13302.2857,18897720.00,8864831.00,547823,485777,16929.3333,18427.6667
2026-03-04,13164,13135,5326,7101,4057,6250,-267515.00,-4546.00,5709186.00,4220864.00,22805.0667,27095.2,18096.2857,12614,4206621.00,3943652.00,542887,480187,17390.3333,20336.6667
2026-03-03,29382,25474,12274,13751,13355,9202,-523899.00,2269358.00,10312214.00,6659773.00,22775.2667,27367.2,23241.7143,11791,8756305.00,5963048.00,533629,472316,12752,15991.3333
2026-03-02,12737,12179,6223,5018,4495,6068,-269682.00,262695.00,6627808.00,3543483.00,23227.1333,34954.3667,24528.1429,32164.4286,4311479.00,3779102.00,525967,466567,10665,15139.6667
2026-02-27,18891,14518,8175,9508,7723,5906,-539138.00,2142176.00,8900277.00,5545087.00,24195.5333,37539.3,23779.5714,34736.4286,7269613.00,4588299.00,528210,480552,9270,13674
2026-02-26,16346,11559,5305,9354,5961,5305,-598681.00,779602.00,10737462.00,4329449.00,25444.0667,40461.1333,25672.7143,37731.4286,7973948.00,6595665.00,524732,475674,8189.3333,16439.3333
2026-02-25,10182,5918,3509,5679,2828,2920,-1222478.00,94766.00,2343268.00,3809988.00,26158.1,41539.9333,26323,44298.5714,3555662.00,2238418.00,521418,472054,12787.6667,34845.3333
2026-02-24,14494,10333,6178,6993,6746,2556,-1664557.00,816825.00,4006136.00,8454239.00,26447.8,41951.4,27509,56614.1429,6967492.00,4486110.00,517113,467481,60941,37261.3333
2026-02-23,24642,8317,14166,9067,3802,3967,5474017.00,-113065.00,4369181.00,14538125.00,26420.8333,42594.7,26211.4286,56570.8571,6370826.00,11957908.00,513635,456793,69009.3333,33597.6667
2026-02-20,65400,19713,34224,23203,9360,7426,8249303.00,1620416.00,6103919.00,25220404.00,24955.1333,42606.8,18540.8571,54535.2857,11180528.00,17809415.00,574726,538520,73279.6667,21663.6667
2026-02-19,21742,154793,7724,13134,115430,16477,-4081626.00,37117945.00,266400384.00,11069827.00,26521.1667,38471.2,17412.7143,34662,189720768.00,37431147.00,577530,530042,38978,19327.6667
2026-02-18,13651,32522,5188,6719,13432,18911,-1332360.00,-1884736.00,62609052.00,5425861.00,26919.7667,38430.9,19569.8571,32280,26847851.00,39713697.00,577848,527211,60318,22376
2026-02-17,29598,32524,13443,14384,12093,20229,-2971619.00,-4105858.00,61305548.00,6880558.00,26740.3,38063.4667,16576.5714,33849.4286,27746547.00,39555936.00,577574,514091,52148,17696.3333
2026-02-13,14734,51888,6161,8012,19626,26150,-539819.00,-3230850.00,91657117.00,3906036.00,26859.0667,38788.7667,17491.1429,28445.4286,35961729.00,51259370.00,580358,518354,36673.3333,16687
2026-02-12,22796,96542,8241,12992,26780,58139,-1347982.00,-2404310.00,186896667.00,7856045.00,26634.2333,36643.9,15958.7143,15741.2857,44655675.00,118464893.00,587121,511409,9719.3333,13703.3333
2026-02-11,15559,8014,5686,9108,2932,4774,-1224765.00,-420579.00,2475368.00,5306728.00,26703.5,37133.7333,18665.8571,16677,4150619.00,3346433.00,587306,502715,12330.6667,18100.6667
2026-02-10,11706,5464,5401,5733,3715,1534,509312.00,378029.00,3480935.00,4017573.00,27219.0667,37840.5,18967.2857,18735,3570872.00,3702155.00,585746,497940,25012.6667,17080.3333
2026-02-09,13845,15680,3783,9526,4488,5731,-1735469.00,-868270.00,12675379.00,4335192.00,27129,39474.4,20143.5714,23188.1429,6571471.00,5704272.00,577566,494955,24472.6667,19510.6667
2026-02-06,28751,15848,14305,12446,8257,5210,-675603.00,2357738.00,7667281.00,7692193.00,26858.4667,40779.5,21607.5714,22885,8436102.00,5402761.00,585580,500950,21727.6667,13950
2026-02-05,8645,43510,3222,4974,17582,23312,-1230860.00,146825.00,98643359.00,4807974.00,27340.7,40273.8,22779.7143,18797.4286,38602566.00,55849181.00,583010,498390,12079,22571.3333
2026-02-04,21136,14060,8131,12041,6071,3108,-540427.00,2050431.00,8869963.00,4067714.00,28220.6,41429.6333,22545,19679.5714,6320357.00,3729499.00,584814,499484,14015.6667,20131.3333
2026-02-03,12069,7613,5465,5374,3498,3587,-415688.00,1687074.00,7164843.00,3150732.00,28507.3667,44429.0333,24372,21172.8571,5654920.00,3552158.00,583332,495425,27095.3333,23468
2026-02-02,34509,14564,8891,24452,4061,9236,-4067296.00,-3378284.00,13076624.00,9885093.00,28940.1667,46267.1,26025.7143,20600.1429,10432699.00,9743596.00,575829,473212,26816,24964.6667
2026-01-30,13816,19870,5599,7362,9645,7872,-471898.00,649671.00,17053082.00,4171012.00,29075.6,47287.9667,29223.1429,22367.8571,9048476.00,7926907.00,579637,490052,25158.3333,25976
2026-01-29,22079,46852,5878,11731,22141,17700,-1196098.00,2624529.00,76696881.00,5989248.00,29621.0333,47230.0667,29634.5714,20728.7143,38161966.00,29055687.00,576986,480945,16286,25114
2026-01-28,38999,13726,12325,20638,8479,4662,-1873180.00,1971743.00,6326039.00,8776077.00,28908.3333,48202.5333,28133,23572.7143,8550990.00,4706067.00,573039,459186,17732.6667,20400.3333
2026-01-27,16850,14897,5926,9734,6902,6800,-1300599.00,-980799.00,4943877.00,3963558.00,29226.6,51559.8667,29482,55700.8571,4357136.00,4037336.00,562362,453526,16285.3333,30145.3333
2026-01-26,19493,20235,6565,11984,3577,6720,-3807946.00,-2237982.00,8758084.00,7791637.00,29193.8667,51998.9667,33546.2857,65962.4286,8346229.00,6776265.00,547932,444078,20288.3333,35713.6667
2026-01-23,24858,18066,8821,13444,7294,8750,-1105813.00,-139200.00,6761069.00,5331031.00,28937.2667,52125.4,37681.1429,77555,5713330.00,4746717.00,565345,455851,26059,35747.3333
2026-01-22,46085,10555,23404,19937,5306,3962,15591.00,206597.00,5500286.00,8869166.00,27892.4,52609.5333,35612.2857,81516,6198781.00,6007775.00,564775,429240,33752,29881.6667
2026-01-21,36198,32244,15397,17746,13382,12255,-697681.00,589454.00,9968034.00,11970062.00,27264.9,52109.6,33753.2857,80149.2857,9357424.00,8070289.00,544296,414575,102935.3333,26580
2026-01-20,24959,35378,9635,13657,18154,12949,-817334.00,2794991.00,20044837.00,7383341.00,27340.2,52306.5333,33592.4286,79040.4286,13328265.00,9715940.00,537861,402847,121831.3333,34241.3333
2026-01-16,28488,33634,11980,15013,14319,10183,-2471833.00,2029797.00,14686567.00,9944240.00,26879.7333,51484.8333,32584,77103.5714,11638053.00,7136423.00,691096,643795,143691.3333,42679.3333
2026-01-15,26293,239794,9643,13735,124797,81966,-1477066.00,15059538.00,473319665.00,7925290.00,26403.9333,43950.9333,38645.4286,47236.5714,249570837.00,142189713.00,704196,634046,76520.6667,44449.3333
2026-01-14,47943,92066,20088,24960,40844,43443,647021.00,-15257801.00,131932394.00,17974134.00,25704.3,41238.0667,35454.8571,38557.5714,54030337.00,81137564.00,677381,611658,53391,36196.6667
2026-01-13,53802,99214,24185,26117,43897,41812,-1184800.00,4105430.00,112058859.00,15816504.00,24552.5333,38348.6667,31228,27455.7143,68950799.00,50844034.00,633405,594010,29525,26207
2026-01-12,31603,38282,14382,15657,19784,15354,-326540.00,3318170.00,45394905.00,8939553.00,24248.2333,38193.6333,29327.1429,32507.8571,25153457.00,24478607.00,617343,583667,23456.3333,22815.6667
2026-01-09,23185,22677,10048,10657,8901,6667,-1554677.00,4112921.00,42943015.00,8363007.00,24206.5,38031.9667,28308,33867.7143,16733828.00,9750630.00,621845,598591,26139,37995
2026-01-08,23833,27616,12084,10465,12157,7324,348767.00,4236034.00,75444972.00,5751230.00,25540.3,37657.8667,27422.8571,33166.7143,29176387.00,16734995.00,617322,586956,27371.3333,38587
2026-01-07,21429,20076,8833,8504,7746,9958,-254027.00,-205927.00,21500073.00,7936842.00,25963.6333,37836.1,28243.4286,34108.2857,9226132.00,9765032.00,603508,582149,27846.3333,39515.3333
2026-01-06,68723,30725,41049,23293,14414,12209,7593555.00,-2016383.00,24047525.00,31516867.00,25291.0667,39852.8,20017.7143,38961.4286,16223240.00,29307378.00,593354,558661,42153.6667,22706.6667
2026-01-05,25609,31313,12453,11051,16865,7041,1321263.00,5589913.00,58628401.00,8693230.00,25621.8333,40277.8,19307.1429,42345.4286,30126090.00,14364040.00,589853,550202,42448,19520.6667
2026-01-02,24214,21501,10629,8651,10725,7217,-125394.00,1240094.00,36549018.00,8715876.00,27653.9333,42792.1333,19149.7143,43322.2857,20301905.00,9095167.00,594112,560841,42850.6667,17328.3333
2025-12-31,18297,73647,6448,8183,22540,27512,-72087.00,2058426.00,213534955.00,3802188.00,29950.1667,42573.7333,23326.2857,39763.4286,41666419.00,62417336.00,589988,561259,27190.6667,20287
2025-12-30,16051,32196,5295,8677,2793,11310,-1359087.00,-8122482.00,95597039.00,6762387.00,30904.9667,42561,23986.4286,49106.1429,5757402.00,28708142.00,587488,554058,38024.3333,18651
2025-12-29,17637,22709,9425,7056,6743,7322,775116.00,-1415091.00,53583087.00,5319445.00,30763.8333,42132.8667,28251.5714,55820,9174113.00,14651620.00,583515,544142,48788.3333,19650.3333
2025-12-26,27173,26667,12756,11749,4966,11026,1572314.00,-6690018.00,62070167.00,8496442.00,30366.4,41720.2667,26923.8571,59224.1429,8863384.00,21547876.00,590197,557224,49345.6667,18296.6667
2025-12-24,11143,64697,6036,3877,15001,27893,396613.00,-9455846.00,178964308.00,2739580.00,31349.1333,39952.9,30823.7143,56426.7143,30015760.00,64877309.00,588612,555166,44025,30426.6667
2025-12-23,20635,55001,7099,10115,9996,18636,133398.00,-6703397.00,104312872.00,9780853.00,31595.8,38479.4333,30392.7143,54698,16097493.00,34607128.00,563026,546527,58223,30439
2025-12-22,23112,28339,9132,11084,11584,10452,-2152941.00,1213897.00,33183439.00,9075968.00,31509.5,38149.4667,30862.1429,67166.2857,13985927.00,7986589.00,559201,542560,72012,38566
2025-12-19,47533,48735,16481,24158,17796,16377,-4772283.00,-5987013.00,77842657.00,16435619.00,30848.6667,36853.4,26716.1429,64976.7143,18271670.00,23017600.00,593584,686222,72599,28681.3333
2025-12-18,20672,97595,11002,8516,31388,31467,1291334.00,-1332840.00,258272081.00,6295665.00,31160.9333,33909.4333,26214.4286,54157.2857,59777937.00,73465101.00,599641,679667,55105.6667,34604.6667
2025-12-17,47493,69706,15679,23184,38682,18735,-800869.00,9662222.00,124037036.00,17052739.00,30457.8,32416.6333,21535.2857,47782,66132728.00,28222842.00,601102,656304,46170.3333,24646.3333
2025-12-16,17879,50496,7718,9009,21952,18623,454811.00,4552434.00,117939606.00,5491211.00,31657.7333,31108.4667,21463,43032,46180079.00,39339946.00,605092,649308,67877.3333,27486
2025-12-15,38442,45115,15846,20627,13785,19557,-240325.00,-1265317.00,96953333.00,6759069.00,32364.2333,30230.2667,19859.5714,42485,24123796.00,28701538.00,598708,643827,63975,20842.3333
2025-12-12,17618,42900,6834,9240,16374,18059,-858810.00,-5607198.00,77431491.00,4112100.00,32976.8333,29560.7333,19439,37639.7143,21456878.00,26487656.00,602001,671716,56961.3333,20689.6667
2025-12-11,26398,115617,12024,12719,71255,19415,142812.00,16591023.00,268488301.00,5679722.00,33448.9,26004.1,17384.8571,23091.1429,142605695.00,32000736.00,620207,664826,26782,16803.3333
2025-12-10,18511,33408,9040,8252,13351,10083,-319413.00,1170561.00,48931363.00,6054527.00,33638.4667,25188.0333,18591,19844.2857,9240529.00,8875555.00,614426,659979,21394.6667,16424
2025-12-09,17160,21859,8297,8432,7842,6326,76268.00,-1388300.00,47359173.00,4650053.00,35612.4,24926.3667,18889.4286,18511.8571,14267593.00,13943211.00,613709,656631,27870.3333,19776.6667
2025-12-08,14739,25079,7964,6304,10442,7091,64920.00,2648677.00,65091745.00,3798090.00,38274.8667,24651.3,19994.4286,19733.5714,21225669.00,15742942.00,610043,649218,22505,19755
2025-12-05,17373,17246,4871,6663,6646,4180,110447.00,2964355.00,32111240.00,4533140.00,39193.3,24785.3333,20645.8571,19816.5714,12617155.00,5431212.00,620364,662042,21348.6667,17970.3333
2025-12-04,27218,41286,10215,15371,17865,15666,-812238.00,-4191536.00,94892731.00,6099219.00,38690.8333,23967.1667,25878.5714,16260.4286,34994187.00,35554925.00,616833,659194,11146.6667,17882.3333
2025-12-03,14674,8983,6655,7083,1997,2604,-834460.00,-1743571.00,20580591.00,4832314.00,38551.4333,24184,28657.8571,18609,3378447.00,4407478.00,615319,657458,12329.6667,19407.3333
2025-12-02,12019,13777,5221,6901,6652,4143,-466376.00,1520212.00,21645471.00,4070018.00,39256.5667,24038.1667,33876,29673.1429,5454237.00,4152449.00,612477,654238,18947.6667,22892.3333
2025-12-01,26954,10680,14947,9466,4991,5229,720068.00,-141941.00,3422788.00,10254150.00,39665,24597.1333,35101.4286,34442.1429,5949168.00,6811177.00,606910,643078,21330,21218.6667
2025-11-28,19249,12532,8518,9951,3257,6770,-442312.00,-2229553.00,13853068.00,5130530.00,39481.8333,25294.2,44519.7143,46499.1429,3958127.00,6670368.00,614528,723015,22617,36084.6667
2025-11-26,22474,33631,8135,11637,14385,6555,-2764850.00,7344262.00,69351839.00,8941126.00,39286.5,24370.7333,53764,51279.7143,28756977.00,6924765.00,608279,713227,19881,39969.6667
2025-11-25,21933,17827,10014,8263,5033,3814,152909.00,1620190.00,35359313.00,7026195.00,39106.7667,24403.9,57015.7143,53277.8571,6750494.00,5283213.00,607395,704356,44347.3333,48840.6667
2025-11-24,63847,16393,23615,38107,6390,3326,-4198956.00,1470759.00,33468232.00,10356110.00,38117.4333,24539.5333,49809.4286,52345.2857,10519993.00,4850278.00,606152,675663,53570.6667,39402.3333
2025-11-21,34129,25423,14509,17140,12146,8269,-1348140.00,2946999.00,27796421.00,9995947.00,41452.1667,26651.4333,47112.4286,50754.7143,15171517.00,10876378.00,676897,894248,77406.6667,56418.3333
2025-11-20,48546,91226,17616,29089,48725,24480,540102.00,24438763.00,166428189.00,12011879.00,42060.4667,24989.2,45980.8571,39390.4286,96729260.00,29283889.00,678233,884350,69363,69297.6667
2025-11-19,35532,44063,12695,18843,16163,16806,-2406664.00,3213303.00,42677078.00,15952692.00,41982.7667,24168.6667,44909.8571,34638.1429,24949427.00,25339960.00,695428,869280,65280,72352
2025-11-18,85177,96931,41148,40487,45452,39221,1754552.00,135955.00,85835385.00,23191916.00,40285.4,21819.3667,35673.5714,23425.1429,35863765.00,39152762.00,697782,836265,36258,48427.3333
2025-11-17,87184,67095,35784,42854,39483,22391,-1772421.00,5205037.00,21016987.00,25169137.00,38758.9333,19890.0333,27177,15247.7143,25444705.00,17234557.00,661428,785974,18656,24449.3333
2025-11-14,44695,31814,18386,22489,16471,11578,-270407.00,2803160.00,15089079.00,12128073.00,39321.2667,19633.4,25083.4286,12028,13905619.00,10835382.00,668381,802027,11943.3333,23092.6667
2025-11-13,13403,9865,6551,6334,5377,4162,-543866.00,133075.00,5555446.00,5990407.00,41585.5,20098.9333,26940,14179,5941155.00,5264214.00,665184,800268,12254,27970
2025-11-12,15250,14289,7382,7043,6626,6253,2357137.00,875354.00,4655533.00,11324083.00,42624.2333,20179.4667,32458.1429,13745,6959903.00,8441686.00,659760,796922,13637.6667,29727.6667
2025-11-11,40625,11676,23820,11866,6422,4669,2819918.00,746348.00,4772081.00,20092269.00,43183.3333,20436.7333,35174.1429,14758.2857,8181600.00,12854510.00,656160,777078,13030,25422
2025-11-10,28035,10797,18576,8991,4198,6218,3770222.00,-936014.00,3913781.00,13845819.00,43388.1333,20639.9,36311.4286,16475,5247178.00,12248374.00,651565,759952,12523,26090.3333
2025-11-07,20523,18440,10942,8982,11163,6543,275002.00,2320258.00,7591716.00,6966937.00,44410.9333,21189.8667,39173.8571,15114.7143,8107007.00,6061751.00,658023,812599,14683.6667,28049
2025-11-06,27708,9853,16548,9707,4780,4652,1314773.00,391044.00,3573605.00,8146011.00,44859.5,21361.4,38672.4286,14982.2857,5118514.00,6042243.00,656077,805479,15149.6667,36772
2025-11-05,30040,9276,20114,8307,4329,4482,950987.00,1117823.00,4108078.00,7309689.00,46399.9,22096.1667,45292.1429,15658.4286,5523244.00,5356408.00,653223,797665,18314,46637.6667
2025-11-04,26399,24922,15117,8429,8915,15527,829941.00,-5801971.00,12087384.00,6159575.00,47160.9333,22608.2,55037,14502,4737540.00,12398442.00,645690,789384,17611.3333,49836.6667
2025-11-03,53877,11251,21451,27621,6196,4471,-479961.00,-337724.00,3829374.00,19107301.00,47034.9,23241.2,53758.2857,15932.8571,10687161.00,10729544.00,642043,771972,16833.6667,45397.6667
2025-10-31,59637,18769,27038,30933,10403,5934,-810807.00,1633222.00,5709464.00,17109802.00,48722.9333,23960.0333,46973.5714,15643.1429,13564774.00,7725245.00,651055,792516,13552.6667,33584.6667
2025-10-30,35996,22814,17204,15447,14703,6243,-46907.00,3531210.00,11077627.00,11481257.00,50162.8,24028.6667,43330.1429,14596.5714,12672158.00,8414441.00,634290,781926,10617.6667,47045.3333
2025-10-29,40560,8918,17976,18056,3618,3533,-1195776.00,-28317.00,2310726.00,12519561.00,55922.2667,24979.6,42274.8571,14665.7143,7088825.00,5921366.00,631576,769155,13254,65063
2025-10-28,24198,8926,8586,13039,4332,4015,-5023006.00,-314211.00,2957225.00,12560442.00,58396.3667,25854.2,44419,17311.8571,9828795.00,5120000.00,630080,765843,17367.6667,71972.3333
2025-10-27,76378,14009,45580,23516,5514,7702,5367618.00,-819517.00,4593555.00,47408133.00,59855.9,26177.9667,35472.7143,20088.2857,19608551.00,30361486.00,625464,729419,18278.3333,50561
2025-10-24,94613,16827,39935,49188,7494,8068,1567037.00,31488.00,4966092.00,32010581.00,58285.2,26108.3667,24330,18531.1429,16002109.00,18964556.00,665654,757511,17832,22520.6667
2025-10-23,44926,21267,25369,17460,13188,7431,2240728.00,-229846.00,4494909.00,11575386.00,59964.6667,25965.4,20275,18181.8571,6516625.00,8987199.00,667156,735940,13877,18603
2025-10-22,12144,16741,5356,5533,6424,8196,-1254754.00,-177757.00,4968235.00,5886389.00,60902.5667,26016.9667,23421.1429,18713.4286,5607615.00,4545967.00,657485,732648,17446.3333,27624
2025-10-21,10492,15488,4507,5337,9016,6035,-467464.00,2913237.00,11622928.00,3864686.00,63780.5333,26187.2333,41089.5714,29183.7143,9102604.00,5721903.00,648104,730363,23431.6667,28711.3333
2025-10-20,33173,9402,21462,10104,4562,4516,2144374.00,-1055975.00,4794734.00,10240364.00,63602.9667,26349.1667,45892.7143,33749,5661686.00,8862035.00,646053,715163,22273.3333,23191.6667
2025-10-17,39207,27449,24314,13465,9403,13149,-43386.00,-425362.00,10152524.00,7908884.00,63507.7667,26177.5333,45034.7143,32605.8571,6754995.00,7136971.00,745440,863055,19397.6667,15636.3333
2025-10-16,13754,33444,6004,5897,18199,11443,-176040.00,3873312.00,15431714.00,5680181.00,65583.5667,25873.6,47963.5714,31607,10720411.00,6671059.00,736863,859292,15070.3333,22440.6667
2025-10-15,16614,5927,6451,8408,3055,2508,840554.00,520165.00,1846115.00,6567053.00,67817.4667,26453.2667,51503,32076.7143,3830589.00,4151378.00,735048,856755,42688,61626.3333
2025-10-14,16541,18822,7238,8233,9788,5369,-55454.00,511816.00,7149073.00,6174219.00,69530.8667,26643.9667,57935,32832.8571,6080248.00,5512978.00,727458,854237,50200.3333,78377.6667
2025-10-13,34167,20462,16542,11167,10544,8787,683286.00,-57429.00,5669176.00,9988795.00,70288.1333,27310.3667,64672.5714,33314.1429,6573795.00,7314510.00,723495,846102,49862,78055.6667
2025-10-10,134171,88780,62295,58032,46168,32630,-1083901.00,4550724.00,35019886.00,32273188.00,67174.6333,25387.7333,52135.5714,23017.7143,32400806.00,26766181.00,739960,889735,29086,44750.6667
2025-10-09,66795,41359,34382,28296,27445,10333,2008130.00,2195658.00,13548594.00,22392548.00,67449.6667,25387,50793.1429,19879.8571,16807241.00,16676768.00,720750,891092,18371.3333,36282.3333
2025-10-08,33201,19447,17481,13620,6230,12857,2269794.00,-3120136.00,13563166.00,18444648.00,71503.9,27597.3333,50932.8571,19514.8571,9985882.00,20728392.00,708130,885790,19927.3333,45737
2025-10-07,34256,26452,14831,16116,16196,7932,354910.00,-2490980.00,8016431.00,11115378.00,79661.5667,31009.3333,53354.4286,20727.2857,6959153.00,9805043.00,691041,885802,19053.6667,61428.3333
2025-10-06,41390,9215,20842,16811,5236,3515,3559753.00,805506.00,4710161.00,12712967.00,93161.9,35132.1333,53322.2857,21553.5714,6901264.00,9655511.00,687133,873004,21550.3333,63102.3333
2025-10-03,61565,24115,35258,23122,13724,7713,2108495.00,587076.00,6858017.00,14183715.00,96941.6667,36437.5667,55420.4286,22582.7143,9016498.00,10537917.00,698154,936344,19976.6667,61713.3333
2025-10-02,81330,23831,38411,33207,8099,8762,756584.00,-299434.00,5141207.00,34880832.00,95160.6667,36368.2333,50834.7143,24933,15045426.00,17151444.00,686735,915018,17663.6667,45996.3333
2025-10-01,46412,16705,23779,19575,8896,6851,865734.00,1043402.00,7170967.00,16411620.00,94800.6333,36472.4667,51361,26866.7143,11062787.00,10885119.00,679017,908143,23741.6667,47594.6667
2025-09-30,57398,19394,21131,31237,8179,9967,134483.00,-176515.00,7315944.00,20309871.00,94844.6,36507.1667,58915.2857,29858.1429,12579245.00,12890243.00,673309,883995,22276.6667,42183.6667
2025-09-29,34179,16892,16080,14282,7934,6982,274267.00,-57033.00,6241102.00,12680403.00,96544.3667,36876.5667,65345.7143,30998.2857,7809638.00,8140938.00,664672,872962,27085.6667,56208
2025-09-26,51207,34939,24084,25212,13113,20172,-1036259.00,-3445854.00,17189752.00,16270502.00,95502.8,36080.2,88508.1429,31356.4286,14668936.00,17890071.00,687528,1157363,28867,55549
2025-09-25,41165,14999,16996,21016,5671,8608,-978451.00,-1917368.00,5141292.00,8474226.00,95962.7,36180.7,96687.5714,34237.1429,5813023.00,6751940.00,683601,1153787,33947.6667,58526
2025-09-24,76252,31319,43935,23428,13669,9547,4624151.00,-271424.00,13628597.00,26053675.00,96241.5333,35726.4,102960.7143,33151.8571,11648339.00,16543914.00,674078,1137627,36952.6667,69868
2025-09-23,49230,40283,23927,21256,18593,20017,298553.00,-343444.00,18806638.00,11061031.00,95163.4,34910,102712.4286,29502.7143,13159959.00,14227656.00,644831,1123767,31816,79855.3333
2025-09-22,50096,30241,17546,28309,12957,10809,-3275249.00,531367.00,11501691.00,13334029.00,94162.6667,35112.2667,109171.5714,27608,12428035.00,8620712.00,624291,1114996,34217.6667,134271.3333
2025-09-19,110278,40334,42795,59932,20776,18194,-1861166.00,2102952.00,11825994.00,26730244.00,91484.7,34327.7667,99172,24458.5714,19923280.00,15959162.00,790356,1326667,32494.3333,130319
2025-09-18,79192,24873,36814,32448,8921,11143,2419463.00,1055499.00,10145536.00,30945904.00,89602.8333,33932.9333,101691.8571,23847.5714,16671201.00,18035165.00,779541,1303941,32110.6667,143976.3333
2025-09-17,213344,37446,120096,80380,15618,19041,14333586.00,-445304.00,15465598.00,88176039.00,83046.2333,32840.8,75192.1429,20535.2857,42256538.00,55885518.00,766538,1269029,24541.6667,88692.3333
2025-09-16,98421,35164,49831,38472,9190,24195,1284239.00,-4982997.00,14668468.00,30098480.00,80376.8333,32047.2333,66325,18697.5714,17228505.00,23691341.00,750887,1238427,18479.6667,87655.3333
2025-09-15,120164,23722,67932,37410,10895,11042,4608489.00,-840973.00,6082101.00,29943369.00,77363.9,32056.4,60019.8571,18783.8571,13031790.00,18622892.00,746731,1197570,16668.3333,61027.6667
2025-09-12,47492,14739,26737,17537,7461,5534,1895669.00,1940701.00,5496402.00,10727775.00,76332.7333,32023,65182.5714,20009.2857,7574047.00,7529015.00,752080,1221564,18620.6667,77474
2025-09-11,95310,16978,55918,34937,7322,8333,3476833.00,-326877.00,5927813.00,25044456.00,73768.9,32089.5667,61273,21090,12474640.00,17208158.00,747256,1180040,17714.6667,54986
2025-09-10,40281,18288,12962,18983,6569,4415,-1788955.00,708673.00,7048594.00,25968241.00,72967.9,32842.7667,63645,24256.5714,9383358.00,6885730.00,736673,1170437,19052,53676
2025-09-09,96831,20596,51889,31185,7695,11853,827227.00,-789510.00,6146421.00,23050296.00,70818.8667,32865.9,55635.7143,25757.2857,12064675.00,13681412.00,730446,1117230,20295.3333,46741.6667
2025-09-08,27846,14260,13586,12635,7891,5736,-525919.00,1637443.00,6068840.00,8446380.00,70623.9667,32925.4667,62378.5714,29625.4286,8010239.00,5846877.00,726603,1111779,23314.3333,65336.6667
2025-09-05,36351,22300,17490,15971,11174,9825,820526.00,1424581.00,6122847.00,8372560.00,70461.6,33329.6667,79303.8571,38690.7143,7058305.00,6454250.00,736525,1164414,24062,75867.3333
2025-09-04,76028,24326,45293,26483,8107,11901,1292023.00,-1930568.00,10761532.00,18889424.00,71361.7667,34200.8333,108297.8571,53617.2857,11452435.00,14675026.00,725508,1136839,29438,69486.3333
2025-09-03,83631,23317,51788,27748,7331,13579,11652153.00,-53312.00,16513018.00,28847630.00,71345.6333,34339.4667,160122,69271.8571,14335409.00,28840874.00,713408,1101818,32032.6667,55198
2025-09-02,67943,24543,18585,45770,13516,9040,-5522525.00,471888.00,12383785.00,15161004.00,71214.2667,34601.2,175409.8571,74805.4286,15645015.00,9653059.00,701386,1075188,37630.6667,57565.6667
2025-08-29,56885,40454,25595,26497,20082,16390,541258.00,3131706.00,13409439.00,9860943.00,71092.5,34442.8,171269.1429,72133.5714,11799868.00,9209420.00,762889,1263482,52731.6667,90213.3333
2025-08-28,40766,31101,15780,20029,13506,13601,-804569.00,-3398317.00,23404567.00,13941941.00,71241.8333,34141.7333,170532.7143,70523.7143,14751364.00,19820292.00,763325,1256901,85302,169620
2025-08-27,75046,41337,28756,30153,18877,18525,-3896362.00,3383143.00,23307985.00,28975480.00,69786.8333,34124.4667,168200,67537.7143,22590326.00,15310821.00,756523,1237772,115822.6667,293404.6667
2025-08-26,154828,85757,59498,79174,36659,35609,-4016610.00,-5212.00,37701361.00,50402754.00,66436.7333,32149.8333,158249.1429,59283,38924915.00,35033852.00,726861,1188242,108329.6667,300114.6667
2025-08-25,278986,128812,129245,133630,45743,70629,1025525.00,-6494459.00,49874968.00,102291709.00,58260.1333,28972.9,121245.4286,42459.5714,64598073.00,75474657.00,680787,1121169,72642.6667,216419.3333
2025-08-22,446400,132899,259387,128668,50197,56372,49117308.00,-2136765.00,30745192.00,223199729.00,44060.8,25112.1333,65325.7143,26047.4286,70643189.00,137965872.00,642142,931383,34953.6667,79489.6667
2025-08-21,174958,63278,107739,57769,20667,25462,18098635.00,-41367.00,21106953.00,75898014.00,38612.0667,23142.8667,52419.8571,19534.8571,31479014.00,56145340.00,612312,828424,20672.6667,40742.6667
2025-08-20,27900,21751,13039,12402,10206,9816,89402.00,52301.00,7211602.00,10212155.00,38361.3667,22750.4333,50846.4286,18683.4286,8217994.00,8255095.00,602512,819455,22747,59833.3333
2025-08-19,35611,19832,15104,15120,7820,8057,-481661.00,-281670.00,9471286.00,15789568.00,39104.9667,22578.7333,48626.8571,21037.2857,9059542.00,8859551.00,595038,806476,19819,54616.3333
2025-08-18,58717,20435,33300,18845,9169,10364,5649182.00,-1678659.00,10646873.00,19176399.00,37956.2333,22310.1333,44515.7143,20517.8571,10354743.00,17682584.00,584264,772071,19012,53364.6667
2025-08-15,85172,27974,51790,29094,10985,13968,7666065.00,-491318.00,9336705.00,29745659.00,35440.0667,21646.7667,35596.2857,18382.7143,14631032.00,22540855.00,678855,830543,15584,53179.6667
2025-08-14,19960,11048,6529,10865,4275,4739,-2225044.00,-831208.00,6637901.00,9117213.00,35635.6667,21731.5,35122.8571,17473.2857,7331456.00,5937620.00,675584,828360,17165,52155
2025-08-13,54962,18014,34993,16782,10759,6748,6369169.00,1064169.00,6097770.00,22975144.00,34234.7333,21631.1333,29891,16522.2857,10455251.00,17237851.00,667612,803684,23263.3333,40525.6667
2025-08-12,84617,17690,59678,18847,7345,7378,13138715.00,137782.00,9244334.00,31657483.00,31938.3667,21681.4333,22056.5714,17423.2857,11709576.00,24710509.00,660306,759733,22966.3333,22299.6667
2025-08-11,16886,15791,4219,7399,5913,4609,-3193760.00,-722972.00,4042443.00,11228040.00,31885.9333,21856.2667,22009.5714,17129.8571,5891340.00,3420552.00,650055,752091,22045.3333,24249.6667
2025-08-08,20074,36309,10287,9010,16041,18646,570627.00,865859.00,12641281.00,5092244.00,31809.5333,21103.2667,21769.7143,14653.5714,8560955.00,8265723.00,651399,758327,11503,23107
2025-08-07,29939,16799,20211,8850,6986,7297,4373389.00,-86119.00,8225070.00,10329644.00,32055.9,20976.7667,19814.2857,18094.2857,5810529.00,10270037.00,644602,742373,9689,19240.3333
2025-08-06,22736,13028,10473,9592,6893,5315,710659.00,-187923.00,5708966.00,6626396.00,34011.2333,21622.3333,21189.1429,19274.5714,5206913.00,6105495.00,640142,733557,13345.3333,21587
2025-08-05,16646,4682,8283,5890,2190,2189,51520.00,26560.00,2518800.00,6066571.00,34080.8667,22075.5667,21953.8571,20898.1429,3353948.00,3378908.00,639477,726466,16363.6667,21557.3333
2025-08-04,18339,11357,8645,8109,5236,4051,-785091.00,524213.00,4532691.00,5015201.00,34769.5667,22524.1667,23831.1429,24193.7143,4671526.00,3362222.00,634624,718916,18903,21576
2025-08-01,29776,23997,13501,14199,14206,8198,225062.00,2275055.00,8392348.00,9278273.00,34481.1667,25767.2,34296.4286,27974.2857,9355166.00,7305173.00,646983,725686,24532,17067.6667
2025-07-31,16557,13737,7143,8415,7853,4932,-728934.00,-351751.00,4780197.00,3950931.00,34335.9667,28264.4667,43809.2857,29937,4383995.00,4006812.00,643634,720848,27049.6667,22335.3333
2025-07-30,18395,18975,8466,8868,9774,6887,116451.00,-236124.00,6146806.00,6369173.00,34346.3333,29222.0333,50324.5714,31854.1429,5228779.00,5581354.00,639647,717202,26073.6667,23536.6667
2025-07-29,16251,40884,7632,7453,8953,6699,-362051.00,1963842.00,37325763.00,6955859.00,34835.5667,29087.8333,55607.5714,31113.8571,7683325.00,5357432.00,608437,713457,23921,28613
2025-07-28,32360,21290,11076,16413,8965,6166,-92450.00,988618.00,7627897.00,17854542.00,34467.2,29987.6,57448.4286,31225.1429,8445455.00,7364387.00,597147,711540,33644.6667,52170.6667
2025-07-25,21999,16047,8577,8263,5299,5613,391161.00,1225301.00,7942026.00,13787490.00,34951.2333,30120.4333,58790.8571,34764,5838714.00,5004574.00,609448,720151,37454.3333,72553.3333
2025-07-24,31480,34426,15565,13109,8214,9768,858902.00,-1730694.00,26597554.00,14578025.00,34758.8333,29728.7,62054.4286,33634.2857,10406231.00,13504847.00,592846,723140,36777.3333,83394
2025-07-23,103033,50461,41373,55526,25174,22690,-4134504.00,873850.00,15537682.00,50262483.00,32611.2,29066.3333,52148,31211.8571,33797606.00,28789252.00,571171,688176,31857.6667,66793.6667
2025-07-22,83147,27476,46984,32706,11397,12798,3761558.00,-1277472.00,14479922.00,27709236.00,30801.7,28588.1667,43187,29726.1429,18683304.00,21104344.00,557796,661202,30055.3333,54160
2025-07-21,64002,32395,34782,16627,7703,13777,6946176.00,-3669854.00,12959765.00,46111813.00,29788.8,29077.3,35686.1429,25698.2857,9969167.00,27327871.00,540672,623534,32863.3333,43291.3333
2025-07-18,53232,35702,21910,28779,15742,17353,-2217896.00,-1820934.00,10425012.00,20912462.00,29531.0333,28600.2667,30992.8571,22023.4286,15310985.00,14180203.00,628373,722874,29802,43655.6667
2025-07-17,45246,22069,21512,19794,10691,10733,-619686.00,-128974.00,13213668.00,12026515.00,30255.2333,28947.0333,32803.2857,20968,13102881.00,10747219.00,624413,713333,33613.6667,39803
2025-07-16,31396,40819,13601,15855,24169,16004,-1464192.00,4330366.00,24074627.00,9579757.00,29927.6,28591.9,31783.1429,16904.8571,20150029.00,12544702.00,597630,703808,25699.3333,36144.3333
2025-07-15,54325,26518,28432,19384,7791,16079,2110164.00,-2355179.00,10465696.00,14589250.00,29826.1667,30672.3333,25406.2857,14269.8571,8931128.00,13396471.00,592516,697140,18260,21868
2025-07-14,33688,33504,11650,15710,12816,11121,-552186.00,706880.00,8486084.00,9959124.00,31009.6667,35078.2667,24283.4286,11425,8260028.00,7000962.00,578154,684772,10418,17431.6667
2025-07-11,20420,17076,7345,11123,8362,5347,171075.00,-5336.00,5456099.00,5683068.00,34922.5333,37710.8,23214,11128.8571,4422531.00,4598942.00,578565,694188,9619.6667,29931.3333
2025-07-10,11496,4200,5644,4740,1902,2121,408143.00,70831.00,1471307.00,3652840.00,44046.2,43722.8667,23818.2857,13271.5714,2298410.00,2635722.00,578482,692164,12345.3333,34184.3333
2025-07-09,20379,9978,5727,13709,6230,2696,-10933389.00,997697.00,3968302.00,20379043.00,45252.6667,44770.2667,23094.5714,14851.2857,19750411.00,3724325.00,576408,692349,11710.3333,30620.3333
2025-07-08,57919,14681,32705,23427,6461,6494,5455360.00,-2109285.00,8849270.00,22123812.00,45677.8333,44873.2,17360.7143,14713.8571,9309669.00,19071254.00,571312,666704,11346.6667,19923.3333
2025-07-07,24255,12377,13825,8839,6382,5232,1899875.00,428367.00,4944954.00,7134269.00,45464.3333,44862.3667,19228.5714,14803.4286,5035733.00,6507512.00,567438,655609,12222,16149.6667
2025-07-03,9687,8073,4641,3986,4706,2893,616274.00,1572155.00,2868062.00,2003299.00,46350.5333,45270.2,29472.7143,18278,2812363.00,1856482.00,577306,664004,15930.6667,18162.6667
2025-07-02,25828,13590,9102,15482,5734,6345,-6916812.00,88937.00,4072100.00,21324255.00,45987.7,45321.3667,28459.4286,18947.8571,19270882.00,4697933.00,569341,659555,18412.6667,14657.6667
2025-07-01,12934,15003,5097,6821,7224,6516,-2184242.00,-560314.00,6651051.00,7831469.00,46393,45245.0667,32183.1429,20349.5714,7838728.00,6214800.00,562519,654504,17984.6667,16273.6667
2025-06-30,15726,19199,7609,6575,8397,7128,233495.00,928459.00,5101310.00,3819921.00,46753.8667,45290.7333,32954.2857,34933.7143,4265474.00,3570510.00,549502,649984,15919.6667,23475
2025-06-27,15313,21036,8263,6286,6566,12606,973632.00,-1239793.00,8648479.00,5363930.00,47114.0333,45373.4,32509.7143,44593.5714,5611073.00,7824498.00,562410,670809,19706,45502.6667
2025-06-26,17782,13719,7894,8776,6717,5841,1254785.00,1793880.00,5528901.00,11239319.00,48481.2333,46004.1,32641.7143,49448.2857,8225086.00,7685991.00,558017,667174,21226,45820.3333
2025-06-25,37330,13004,14696,19883,6467,5095,-7533421.00,-28592.00,7083897.00,31397499.00,49382,46590.8,31727.1429,52856,21495569.00,13550889.00,553817,663061,25163,46377
2025-06-24,81396,32395,46275,30347,14164,16225,5003347.00,868422.00,10778181.00,25656392.00,47227.2,46177.9333,23143.2857,55125.7143,15307493.00,19442418.00,543622,629592,54794,26286.3333
2025-06-23,18735,18279,6603,9658,6903,7651,-714821.00,-3176537.00,17124696.00,4218268.00,47784.2333,45882.3667,25684,55376.1429,6169460.00,9415056.00,539089,622543,78252.6667,24108.3333
2025-06-20,39000,24815,19792,15346,10437,11391,3239043.00,290996.00,13549997.00,23452429.00,47141.3333,45288.6,23785.1429,55070.2857,15789833.00,18599635.00,652425,923929,85881.6667,17343.6667
2025-06-18,21124,121288,9677,10070,51711,62441,765823.00,-2882001.00,277352032.00,7884500.00,47418.6,41476.3667,26282.2857,42113.4286,127940290.00,133377109.00,660005,917636,57738.3333,20611.6667
2025-06-17,12201,88655,5810,4987,52612,30551,551074.00,10224214.00,172979229.00,5336709.00,47551.9,38917.5333,28662.4286,31324.2857,100791691.00,54613876.00,657195,916845,44281,23647.6667
2025-06-16,18706,47702,9191,8390,21490,20066,234834.00,3794774.00,99199420.00,4104853.00,48905.0333,37963.4667,30792.2857,31233.8571,52015852.00,36439037.00,647784,909926,35057.6667,29585.6667
2025-06-13,30928,36858,10215,19200,13581,8693,-381535.00,2514615.00,83692010.00,7696174.00,48848.2667,36966.4333,32873.8571,29024.2857,20361011.00,9361986.00,657927,920293,30329.6667,27845.6667
2025-06-12,21309,48283,8942,8623,3390,12404,295101.00,-7586243.00,156334478.00,4924027.00,49073.7,35747,39397.1429,26765.5714,3333639.00,26434333.00,662445,916589,24432,33610.6667
2025-06-11,36520,20032,16272,17853,5954,7578,1948774.00,-463605.00,32203703.00,10196356.00,48744.6667,35470.4333,37261,28213.1429,6307266.00,8719645.00,657501,917047,22131.6667,31058
2025-06-10,25708,22674,11024,9295,5907,4531,-573073.00,944479.00,46170877.00,10204063.00,48649.0667,35076.9,40914.4286,37678.4286,6580821.00,5063269.00,650380,908386,30263.3333,33693.6667
2025-06-09,38604,30590,20598,15003,9405,11888,1354701.00,1183565.00,45052065.00,11777830.00,48450.7667,34900.7,45284.2857,56977.2857,8475774.00,8646910.00,647529,903803,27197,35992
2025-06-06,28862,13131,14175,11772,3587,8023,-544008.00,-1077977.00,8467364.00,6879368.00,48824.9333,35111.1667,60847.7143,68823.1429,4636913.00,5170882.00,663317,920582,33644,48695.3333
2025-06-05,33615,47069,14008,16149,10804,12042,-1195371.00,-794806.00,119170395.00,7983799.00,50444.4,34296,96789.2857,88465,9076445.00,8675880.00,657700,910563,28009.3333,44679.3333
2025-06-04,45499,21391,18278,23135,5386,8235,-3052248.00,353552.00,35526149.00,15449516.00,51164.6667,34406.3,98371.2857,91323.4286,11673203.00,8267403.00,653581,903828,50522.6667,46607
2025-06-03,66972,32472,36108,24946,8934,12047,11034871.00,-6654942.00,56396948.00,32485379.00,49648.6667,34236.2,98900.1429,89223,14754915.00,33920511.00,647592,881107,94926,47347.3333
2025-06-02,21567,30165,8628,9861,7936,12041,-304372.00,-7412581.00,75065276.00,5274092.00,50155.6,35243.6333,98369.1429,86635.4286,6316629.00,6640713.00,639083,873878,116888.3333,86093.6667
2025-05-30,51282,88931,19935,26818,33887,24969,-2529960.00,1388689.00,60938479.00,14707202.00,49386.1667,36758.5667,96225,76832.1429,17504882.00,13586233.00,636176,926431,148765.3333,164068.3333
2025-05-29,69193,165682,32131,28542,57985,37678,-1390257.00,9262805.00,424141733.00,15531630.00,48291.3,32853.4333,88475,55324,93348513.00,64037346.00,645701,915441,107338,159861.6667
2025-05-28,137806,96052,53967,69062,26535,25874,-8236157.00,-272039.00,169688563.00,90931589.00,45616.2333,31251.9667,72373.1429,43418.5714,60890128.00,47013335.00,662006,894108,81243.6667,137484.3333
2025-05-27,285206,184562,137611,125429,79998,91327,6858037.00,-950091.00,95594596.00,166348070.00,39001.2333,29244.8667,35422.5714,19991,108741072.00,131734943.00,581277,758017,23740.3333,48365.6667
2025-05-23,56573,41400,21074,31021,18191,18392,-258553.00,-731343.00,13331771.00,16915278.00,38548.9,31956.1,31071.8571,17436.1429,13742461.00,14215251.00,581744,768167,16709.6667,41599
2025-05-22,70674,17769,35287,28084,6454,10268,5343845.00,-1836683.00,9811281.00,21783034.00,38160.0333,35697.3,29375.2857,19560.5714,10885954.00,18066482.00,576091,728514,15828.3333,23022
2025-05-21,17850,12052,6687,9749,5606,5374,-1403673.00,-984641.00,5910107.00,6952974.00,39365.0333,37830.5667,36018.5714,22211,6258953.00,5839921.00,570157,724027,16049,25436.3333
2025-05-20,36273,20308,21303,13496,12246,6928,765866.00,1666734.00,6529977.00,7956350.00,39857.9333,39221.3,33229.8571,22168.2857,7398947.00,6498079.00,555922,699800,16136,22196
2025-05-19,14943,15125,6908,6330,9484,5127,406283.00,1219141.00,5831091.00,4722322.00,40868.1,42038.4667,36158.8571,21352.1429,5436709.00,4623851.00,545300,694956,18933,25921
2025-05-16,25093,12714,16413,7711,6114,5763,2718067.00,-1483233.00,8653075.00,9074859.00,41178.3333,43612.8,35390.2857,20536.1429,6490617.00,10691917.00,645162,787167,25575,37156
2025-05-15,26552,20569,11946,12064,8168,10455,6853082.00,-1362294.00,17061524.00,22883189.00,41199.6667,44579.8,35803.1429,18586.4286,11032252.00,22602410.00,635871,776877,28920.3333,49756.3333
2025-05-14,26118,23516,12453,12023,10827,11555,1228561.00,580642.00,7535979.00,10013031.00,42040.2333,44448.3,34386.2857,16925.5714,7587391.00,8235310.00,632646,773521,27751.3333,46634.3333
2025-05-13,58798,32640,21197,29747,18257,9006,817062.00,1908271.00,11661631.00,19361643.00,40661.8333,44472.6333,34458,14988.4286,13920795.00,12829586.00,613831,750150,20008.6667,38850.3333
2025-05-12,64353,30605,36671,19408,9266,19042,-2184271.00,-6712229.00,21452876.00,39367479.00,39298.6,44641.9667,29439.7143,11608.7143,21221386.00,31780554.00,600190,731213,12141,23970.3333
2025-05-09,16752,20009,9857,5842,10076,9509,1528579.00,-2126817.00,17393156.00,5039917.00,39983.6667,44435.9,31056.8571,10421.7143,11124710.00,11042871.00,619181,753072,7778.3333,28200.3333
2025-05-08,35446,9412,18028,13058,4418,4637,730576.00,1665677.00,3668148.00,9130921.00,40354.8333,44790.9,29800.1429,10753.5714,6590854.00,5655753.00,616503,742381,8604.3333,21785
2025-05-07,19713,7002,8591,8387,3661,2847,-333310.00,217489.00,2269781.00,8130711.00,40394.2,45336.5,30246.8571,11305.8571,4781800.00,4231001.00,613777,744455,12630.3333,34980.6667
2025-05-06,29442,6921,14392,13450,4303,2252,394771.00,713787.00,2778301.00,8284927.00,40326.8,45998.7,30705.8571,13932,5454678.00,5135662.00,612209,728130,12639,34908.3333
2025-05-05,16200,11890,6993,6717,4439,6761,-1158782.00,304557.00,6517446.00,7499762.00,41762.6,47678.9667,34118.2857,15011.2857,7369077.00,5905738.00,608535,724805,12575.6667,38865.6667
2025-05-02,59300,19080,35834,20281,8173,8961,3682131.00,1172432.00,7289303.00,19375228.00,45803.8,50593.9667,37389.5714,15516.1429,11099547.00,13609246.00,633011,739562,10127.3333,27982
2025-05-01,29225,6947,13906,12765,2991,2707,2071340.00,1171643.00,8315472.00,10031671.00,48399.8667,53061.4,42801.2857,18052.2857,4437640.00,8334317.00,631119,731688,11434.3333,25853.6667
2025-04-30,28072,11700,18127,7049,5490,5314,9454272.00,1227594.00,6012197.00,15820453.00,48776.7,53481.3333,41861.2857,20290.7143,4836442.00,15112095.00,627615,723451,15969,27381.3333
2025-04-29,26649,11735,17528,7769,4613,5984,4150500.00,-1254755.00,7287792.00,17514284.00,51438.2333,54310.1,43307.8571,27241.1429,4334984.00,17737259.00,624739,712056,18539,31860.6667
2025-04-28,22840,10868,4909,15141,3733,4830,-1103916.00,-341913.00,6032008.00,6476280.00,51907.4667,54863.6333,44073.4286,44885.5714,4014239.00,3252236.00,620986,700541,22454.3333,51647
2025-04-25,32655,25304,15854,13820,7952,16530,1509774.00,-250071.00,16063670.00,10522709.00,52051.3667,54609.3,44600.8571,48203.2857,7852001.00,16910916.00,635651,779070,22253,63131
2025-04-24,40087,19445,18839,14287,7279,9095,-1308045.00,-1005363.00,27611044.00,15416313.00,52258.7333,54866.6667,47096.1429,52283.7143,14262265.00,13959583.00,628433,758272,24894.3333,56932.6667
2025-04-23,82199,22614,30319,34362,7819,8373,-1231155.00,-627126.00,11545195.00,25231807.00,51321.3667,54397.8,47747.1429,66817.2857,12284492.00,11680463.00,617577,725356,37485.6667,41791.3333
2025-04-22,67107,24700,30717,26676,9832,13302,-923898.00,-1370027.00,16086298.00,35921116.00,50391.9,54015.8,44303.7143,80822.5714,17765497.00,24665318.00,609730,701696,74045.3333,28822
2025-04-21,21492,27369,12542,6962,10121,10265,125991.00,-1797475.00,41955226.00,5909214.00,51323.9333,53565.6333,49663.1429,95484.8571,13647062.00,15570528.00,615271,691383,81098.3333,33773.6667
2025-04-17,36775,60388,17255,17244,32338,23830,-907400.00,5506708.00,32839257.00,12026475.00,51382.5,52087.8,52123.8571,97722.2857,19944469.00,13530361.00,652060,817129,76971.6667,40700
2025-04-16,28199,134379,13253,12001,66623,30092,1186248.00,13099786.00,351705694.00,9824051.00,54750.5667,48429.9333,55389.7143,87386.7143,157160546.00,59385418.00,671522,811664,73628.3333,60219
2025-04-15,36347,48528,12535,15994,14747,22288,562755.00,-9395493.00,44957556.00,17026757.00,55041.9667,47265.5,56661.2857,94688.4286,14783360.00,27807558.00,662843,794989,98364.6667,62437.6667
2025-04-14,57554,48008,29142,23043,18556,25810,2335585.00,-7324668.00,40692169.00,23856945.00,54369.4667,46424.5667,53353.5714,96393.5714,21680945.00,36175198.00,651306,778521,125697,62922.3333
2025-04-11,86756,124349,44046,38468,73150,43842,-857396.00,15103756.00,86788327.00,23714284.00,52636.3,43150.5,44844.4286,85712.1429,58032447.00,40216905.00,637447,803984,109597.3333,52003.6667
2025-04-10,43003,122737,18628,22406,55771,42535,-3769010.00,-6261614.00,162749296.00,17934482.00,52332.5667,39534.1,46034.7143,70974.1429,45928277.00,54608291.00,619181,787709,89361.6667,54689.3333
2025-04-09,59008,130005,27057,28843,69846,46914,-1400560.00,6665911.00,112863464.00,21888895.00,51480.9,35699.1333,40097.2857,57169.1429,58615310.00,47497934.00,582186,762062,79240,50102.6667
2025-04-08,54000,76050,21083,21364,34720,32093,-2154292.00,-470046.00,50634098.00,22064525.00,50555.066666666667,33620.833333333333,35733.857142857143,51402.714285714286,29737313.00,28053067.00,566121,733103,73871.333333333333,43569.333333333333
2025-04-07,51060,62030,23279,24106,29447,28865,176825.00,-1593191.00,48002648.00,44425811.00,51193.300000000000,33422.500000000000,33768.714285714286,44516.571428571429,42375305.00,45516521.00,548108,733869,69721.000000000000,35613.333333333333
2025-04-04,45248,99640,18288,15272,49695,43033,645658.00,8601806.00,75574837.00,17636808.00,55434.433333333333,31735.166666666667,33959.142857142857,33148.285714285714,46493680.00,38537532.00,573096,766241,43031.333333333333,37642.333333333333
2025-04-03,34400,59944,18805,14212,28687,25885,1512134.00,402580.00,31445454.00,13282320.00,56629.033333333333,30409.633333333333,32029.714285714286,27923.428571428571,17490889.00,20008493.00,564994,753815,34173.333333333333,31991.000000000000
2025-04-02,27192,49579,11247,12051,25194,21171,-593496.00,-1934344.00,15223683.00,11602083.00,57689.700000000000,29596.733333333333,32062.285714285714,24667.428571428571,11560470.00,12901318.00,541772,745362,29542.000000000000,30745.666666666667
2025-04-01,51335,19571,26948,20928,6428,10176,465199.00,-2929586.00,9208617.00,14579518.00,59699.700000000000,30198.000000000000,33196.428571428571,30771.285714285714,8765433.00,12160218.00,533650,710473,27627.333333333333,26068.666666666667
2025-03-31,17446,33370,3057,3639,10790,10836,-195419.00,347217.00,25045152.00,12171815.00,63293.666666666667,30598.000000000000,56495.000000000000,41222.714285714286,6178222.00,5635586.00,508279,699437,23191.333333333333,35780.333333333333
2025-03-28,23456,35685,11047,10233,13833,19117,848028.00,-3044683.00,20993408.00,9899097.00,64000.933333333333,30022.233333333333,68445.142857142857,47692.000000000000,10111967.00,18689693.00,513178,742438,19086.333333333333,34926.333333333333
2025-03-27,37304,13827,18770,13720,6318,6822,1596783.00,1198080.00,8845197.00,10755043.00,64609.533333333333,30305.100000000000,68741.285714285714,49187.857142857143,7811272.00,8209975.00,509267,731623,23406.333333333333,31631.666666666667
2025-03-26,46581,20062,15547,27371,11856,7255,-690093.00,1411429.00,7187852.00,10880295.00,64798.900000000000,30254.733333333333,77300.428571428571,51550.142857142857,9716568.00,7615046.00,502638,729828,37485.000000000000,35862.666666666667
2025-03-25,20894,23370,7209,12062,9285,7640,-1921840.00,-109866.00,11777745.00,9336396.00,65966.966666666667,30372.533333333333,79589.428571428571,52136.428571428571,10443943.00,8631969.00,496238,725196,65205.000000000000,89076.666666666667
2025-03-24,27420,26787,12142,13574,13030,11970,2698851.00,587012.00,19855826.00,15988696.00,67194.700000000000,30844.600000000000,80954.000000000000,50834.571428571429,16079739.00,18191578.00,483328,717444,83266.000000000000,115639.000000000000
2025-03-21,59274,62298,29985,25509,29968,28863,1266317.00,-4786561.00,37077787.00,20254688.00,67619.500000000000,29586.033333333333,79101.714285714286,45815.714285714286,22876008.00,31358886.00,576186,1008950,70599.333333333333,109006.666666666667
2025-03-20,180536,106530,96892,68244,51183,48864,8231345.00,431252.00,29437579.00,75522849.00,62660.833333333333,27495.000000000000,61036.285714285714,31818.285714285714,38994585.00,59914622.00,548338,961048,47288.666666666667,84326.333333333333
2025-03-19,107107,80970,53573,37220,36279,35924,754532.00,-902713.00,44391791.00,46878382.00,62146.766666666667,26529.633333333333,51338.571428571429,22142.571428571429,35921866.00,39813976.00,516242,916259,29456.666666666667,60929.666666666667
2025-03-18,39377,24298,14540,14099,8130,8900,-1935436.00,-1929978.00,12556258.00,16908374.00,62746.366666666667,27708.766666666667,52778.000000000000,20652.000000000000,12388217.00,12382759.00,503274,911166,27248.666666666667,60128.000000000000
2025-03-17,106495,36598,62497,34914,19810,13003,11668736.00,239569.00,20511718.00,51030938.00,61119.100000000000,27578.766666666667,43069.000000000000,17717.000000000000,30174002.00,36023729.00,484320,870914,24104.666666666667,40065.666666666667
2025-03-14,36917,27474,16162,17209,11980,13488,545532.00,1062694.00,9398975.00,15408255.00,63807.900000000000,27413.333333333333,56258.142857142857,17312.571428571429,11772667.00,11255505.00,492229,903003,17796.000000000000,45786.000000000000
2025-03-13,36972,17674,18255,17051,8387,6224,3598120.00,921731.00,10448148.00,17611920.00,64066.066666666667,27112.766666666667,57417.714285714286,16729.857142857143,11024906.00,13701295.00,489375,894199,16318.000000000000,46536.333333333333
2025-03-12,46308,27166,27691,16725,10390,13440,-565924.00,-1188593.00,18306597.00,22243906.00,64628.966666666667,26922.166666666667,56142.142857142857,16103.285714285714,21273319.00,16572888.00,474436,894251,11884.0000000000000000,47584.666666666667
2025-03-11,54078,8548,21720,29009,3236,4593,-4082726.00,-261616.00,4971683.00,17719654.00,64628.966666666667,27334.200000000000,53382.571428571429,18614.571428571429,13739420.00,7554100.00,471715,864217,14385.666666666667,42402.666666666667
2025-03-10,39223,13240,11472,25446,6678,5572,-4394018.00,660595.00,6697051.00,17074417.00,69146.500000000000,28384.833333333333,52620.857142857143,18758.142857142857,14402637.00,7889964.00,468126,847799,18186.666666666667,72408.666666666667
2025-03-07,49453,13864,23535,24143,5758,5500,-3141853.00,496948.00,4457071.00,21434341.00,68492.633333333333,28405.066666666667,50335.857142857143,18914.142857142857,14006407.00,10367606.00,487650,875255,18097.000000000000,70954.000000000000
2025-03-06,38532,16053,18995,15486,8890,6335,-134573.00,1110702.00,7007918.00,13761270.00,68150.066666666667,28353.966666666667,48577.714285714286,18578.142857142857,10213735.00,8968460.00,484414,869223,20339.333333333333,70569.666666666667
2025-03-05,129241,24643,81511,37936,12394,10688,14809655.00,3086092.00,13431204.00,51734639.00,65567.800000000000,28367.566666666667,40144.285714285714,23069.142857142857,22050713.00,40188636.00,473478,794181,20834.000000000000,39076.333333333333
2025-03-04,45089,13595,13645,29706,5751,7076,-3107487.00,-2170532.00,11012376.00,19783419.00,69686.733333333333,29414.366666666667,58343.285714285714,28129.857142857143,16041329.00,13804374.00,470338,769540,21050.666666666667,35343.666666666667
2025-03-03,37379,22780,10807,17974,10357,7291,-711324.00,1074534.00,10422341.00,10654000.00,69335.966666666667,31756.733333333333,63037.428571428571,27758.142857142857,8640268.00,6854410.00,456703,769985,18442.666666666667,34036.666666666667
2025-02-28,34761,26127,17085,15582,12627,11562,85324.00,-356910.00,12715000.00,12815803.00,69591.700000000000,31653.500000000000,66501.857142857143,27624.571428571429,11817091.00,12259325.00,478698,840252,14300.666666666667,31191.333333333333
2025-02-27,33891,14245,12779,18727,7415,6429,-986005.00,109558.00,5457619.00,9225419.00,69886.200000000000,31750.366666666667,77608.142857142857,30962.285714285714,7588976.00,6493413.00,472975,835746,28245.666666666667,43296.666666666667
2025-02-26,33458,14956,13552,17123,7141,7019,127030.00,611487.00,6776864.00,14781273.00,70153.800000000000,31741.633333333333,90723.428571428571,35307.142857142857,10508847.00,10024390.00,467748,830451,39600.333333333333,89638.000000000000
2025-02-25,26225,13701,11886,12312,5592,5444,1951689.00,-1026554.00,7896674.00,14561937.00,71204.200000000000,32744.600000000000,93359.000000000000,35980.142857142857,8122300.00,11100543.00,465037,823830,41759.333333333333,104309.000000000000
2025-02-24,70207,56080,31989,30816,32735,20047,-1568529.00,3075789.00,20601299.00,31640560.00,70122.666666666667,31712.600000000000,91266.857142857143,31156.285714285714,26136003.00,21491685.00,445844,806941,31463.333333333333,100577.333333333333
2025-02-21,172482,49020,73160,82067,22789,20649,3447332.00,975665.00,14504985.00,67195906.00,65907.466666666667,30598.600000000000,74092.571428571429,26803.571428571429,32692020.00,35163687.00,531729,925212,27659.666666666667,80295.000000000000
2025-02-20,70238,20178,37780,28541,9172,8732,1585947.00,944488.00,7780373.00,22839814.00,66046.733333333333,30770.400000000000,72049.428571428571,27764.428571428571,13721377.00,14362836.00,523350,907104,36057.000000000000,98637.333333333333
2025-02-19,59012,25192,25440,27910,12891,10965,-2656121.00,2231206.00,8039143.00,24233028.00,65052.166666666667,30589.166666666667,72798.000000000000,30015.428571428571,17512523.00,12625196.00,511510,890671,33797.000000000000,93858.000000000000
2025-02-18,111635,37609,53744,50892,18309,17666,6636140.00,-8984066.00,24646732.00,42710898.00,62027.000000000000,30087.700000000000,67138.428571428571,28148.571428571429,23373913.00,38994119.00,498353,853489,28698.333333333333,75167.000000000000
2025-02-14,125265,45370,65545,50421,20924,19811,6487002.00,8258062.00,39708000.00,57701840.00,59735.233333333333,29331.300000000000,53782.857142857143,27924.142857142857,42042400.00,39467580.00,510334,871422,19758.666666666667,50832.666666666667
2025-02-13,44674,18412,22052,19882,9100,8053,-1066642.00,1936424.00,6983990.00,20516458.00,59789.433333333333,29752.900000000000,60498.714285714286,32723.714285714286,14654232.00,11651166.00,502277,865342,22589.333333333333,54586.666666666667
2025-02-12,55562,22313,23890,22510,7680,12559,389943.00,-1774425.0000,9846462.0000,20982460.00,59003.433333333333,29525.466666666667,60756.285714285714,38060.714285714286,12219727.00,14384095.0000,493316,842066,28801.333333333333,57483.333333333333
2025-02-11,52262,18551,26002,20924,7330,8116,1273459.00,-169077.00,4994630.00,17883693.00,58229.700000000000,29211.500000000000,61529.857142857143,40081.714285714286,8395452.00,9837988.00,489774,833444,30798.000000000000,64068.666666666667
2025-02-10,55936,26904,24902,27418,13654,10822,-1682583.00,2526782.00,9160849.00,25445303.00,56987.466666666667,28508.900000000000,70336.285714285714,39454.142857142857,18559288.00,14349923.00,484199,815390,36429.666666666667,56015.333333333333
2025-02-07,64252,40949,31510,26579,19291,18095,1592374.00,-81693.00,9182444.00,18521132.00,55675.633333333333,27388.933333333333,67545.571428571429,34841.000000000000,12200783.00,13874850.00,507668,850144,40116.333333333333,65159.666666666667
2025-02-06,72018,24541,41803,26431,12469,10593,-4813344.00,158673.00,9199760.00,18897599.00,54364.766666666667,27170.300000000000,66285.142857142857,34399.142857142857,16036088.00,11064071.00,500004,826568,51826.666666666667,60275.333333333333
2025-02-05,31776,43799,11171,15539,16247,23927,-974896.00,-3363264.00,17285935.00,10923402.00,54186.466666666667,27400.766666666667,69471.142857142857,31129.142857142857,9725775.00,15209583.00,486509,823440,48126.333333333333,68909.000000000000
2025-02-04,91685,52009,46130,36542,20187,24109,2048347.00,-852211.00,19718246.00,30015115.00,52152.033333333333,26044.566666666667,81337.428571428571,30093.428571428571,21030839.00,23931397.00,462820,795436,38293.666666666667,77541.000000000000
2025-02-03,57365,59672,22736,29079,33244,21446,-108461.00,4022553.00,15762366.00,19219220.00,51542.000000000000,24482.933333333333,77404.857142857143,23636.142857142857,18255273.00,14124259.00,436647,781788,21288.666666666667,73325.000000000000
2025-01-31,57677,32698,21672,32011,16081,14216,-1675122.00,2328117.00,8381263.00,13667599.00,50770.133333333333,23767.333333333333,73201.714285714286,21039.285714285714,12390366.00,8387127.00,450627,819623,17538.666666666667,75164.333333333333
2025-01-30,117581,22511,77767,31819,11114,8950,7273203.00,-1914490.00,8280575.00,31113063.00,48532.200000000000,23666.966666666667,63800.571428571429,21402.142857142857,13642580.00,22830273.00,441590,774094,17004.666666666667,53996.666666666667
2025-01-29,44717,8657,22259,18604,4021,3846,804097.00,387418.00,3312015.00,11928083.00,48674.866666666667,24172.000000000000,81506.285714285714,26593.857142857143,6852558.00,7269237.00,438757,761148,29038.666666666667,97340.666666666667
2025-01-28,63195,21448,24007,27481,10303,9508,789952.00,972871.00,12160139.00,17030029.00,49292.000000000000,24511.066666666667,76315.000000000000,36822.857142857143,12906515.00,12723596.00,429669,747466,26713.000000000000,86221.333333333333
2025-01-27,54078,20909,20235,28600,9820,6241,-635330.00,464338.00,6513394.00,19550996.00,49734.866666666667,24642.433333333333,74651.428571428571,37125.857142857143,12679206.00,11579538.00,424361,726955,24583.333333333333,77613.666666666667
2025-01-24,174749,44759,98337,64141,16657,24616,8178857.00,-3045992.00,16376811.00,41779635.00,52395.333333333333,24933.633333333333,55791.000000000000,33181.857142857143,21609053.00,32833902.00,428674,730937,18014.000000000000,36621.666666666667
2025-01-23,29837,14471,13510,13987,3936,8663,-32184.00,-498482.00,4465176.00,6736668.00,52737.000000000000,24967.800000000000,57455.142857142857,33213.714285714286,4855425.00,5321723.00,427582,725639,28190.000000000000,82895.000000000000
2025-01-22,28255,14520,12760,10110,6219,7480,852274.00,1870644.00,5803579.00,10556107.00,52792.066666666667,25742.700000000000,61666.857142857143,37395.142857142857,6610375.00,5592005.00,420175,714656,54367.000000000000,82428.666666666667
2025-01-21,51773,25051,18357,27685,12168,9891,-965436.00,-1109995.00,8773494.00,26698535.00,52032.000000000000,25501.666666666667,59665.142857142857,37405.000000000000,16566549.00,16711108.00,408139,701427,53693.333333333333,79315.333333333333
2025-01-17,168657,44999,81809,75555,20676,20142,-505396.00,178045.00,13280086.00,53730639.00,47274.566666666667,24492.466666666667,42146.428571428571,33205.142857142857,31645600.00,30962159.00,535513,923330,44410.666666666667,37338.333333333333
2025-01-16,26856,93051,10976,13025,70496,19594,-349060.00,19874643.00,176799075.00,5845619.00,48368.766666666667,22818.733333333333,48940.714285714286,23531.000000000000,135604672.00,45640754.00,554799,917109,18291.666666666667,42215.000000000000
2025-01-15,42433,23030,25269,14467,11581,9029,539878.00,1745127.00,21377172.00,12104955.00,48747.900000000000,23006.666666666667,47046.714285714286,23063.142857142857,16565693.00,15360444.00,547368,897019,25211.666666666667,47316.333333333333
2025-01-14,42726,17151,19998,16530,5248,9869,-1369826.00,-6486122.00,15681914.00,15956460.00,48954.766666666667,23758.300000000000,43925.857142857143,23836.571428571429,10411731.00,15528027.00,542488,877417,27868.000000000000,45661.333333333333
2025-01-13,41486,14694,9888,9834,5778,7584,297527.00,-2016660.00,20334387.00,12093045.00,48657.600000000000,24342.766666666667,46072.428571428571,24977.142857142857,11340929.00,13760416.00,541390,850695,28170.000000000000,47174.666666666667
2025-01-10,57737,43790,16022,38827,20439,14939,3912564.00,4037794.00,31068854.00,19449837.00,48381.800000000000,24026.966666666667,44438.571428571429,23158.571428571429,14961207.00,14835977.00,542358,879257,22017.333333333333,52734.333333333333
2025-01-08,37761,25120,12802,19730,9945,8738,1259100.00,-4965777.00,33483293.00,15167073.00,50397.933333333333,27156.566666666667,43613.000000000000,21782.857142857143,7683603.00,14080480.00,536999,866736,20229.000000000000,49872.333333333333
2025-01-07,46026,15600,25351,16966,7034,6166,-404664.00,-405350.00,13052087.00,11000330.00,54413.666666666667,33226.166666666667,41187.857142857143,20858.857142857143,7411516.00,7412202.00,531594,864074,22550.666666666667,41490.333333333333
2025-01-06,74416,25332,35913,33373,13426,7669,-227720.00,-6197.00,12938933.00,15899862.00,55614.966666666667,36049.600000000000,33224.000000000000,18072.285714285714,10125567.00,9904044.00,524135,831579,21666.000000000000,35522.333333333333
2025-01-03,29175,19755,11074,15165,5099,10167,1840865.00,-936084.00,17974650.00,17619870.00,56217.866666666667,36127.300000000000,32612.857142857143,16300.142857142857,9201444.00,11978393.00,530737,850465,25434.333333333333,41230.666666666667
2025-01-02,20880,22565,8384,11131,6447,4472,-289316.00,8759333.00,67914762.00,3708357.00,57718.066666666667,36045.533333333333,34300.285714285714,15645.428571428571,15975771.00,6927122.00,523950,850636,23076.000000000000,44931.333333333333
2024-12-31,56512,22678,27904,23695,9256,12197,1575584.00,-11970994.00,46835674.00,10239852.00,57464.200000000000,36323.633333333333,30002.428571428571,19650.428571428571,20893527.00,34440105.00,515718,844321,18560.666666666667,35777.333333333333
2024-12-30,46300,31060,17101,24610,13315,14267,-3566540.00,-9316615.00,41913805.00,16795629.00,57818.533333333333,37728.933333333333,27767.000000000000,16830.857142857143,21309104.00,27059179.00,519781,828496,10149.3333333333333333,26567.000000000000
2024-12-27,31982,15490,11870,15744,7248,5332,-1816108.00,1227075.00,10276277.00,11637834.00,57359.133333333333,37676.466666666667,28778.714285714286,16449.857142857143,8830449.00,5787266.00,525723,851422,7436.0000000000000000,24205.333333333333
2024-12-26,29050,9132,12057,14380,2000,2914,-2365947.00,-133894.00,19225094.00,11649088.00,58772.800000000000,38763.066666666667,29560.285714285714,16749.571428571429,7695084.00,5463031.00,526097,837576,10386.0000000000000000,25419.333333333333
2024-12-24,18669,5826,7585,7763,2489,2795,-497646.00,-213451.00,1889826.00,3169694.00,59713.533333333333,39362.700000000000,34099.428571428571,18703.000000000000,2153516.00,1869321.00,531069,832071,25348.333333333333,28005.333333333333
2024-12-23,24897,7350,15064,7070,3478,2592,955758.00,122935.00,5917577.00,3968386.00,62123.100000000000,41163.466666666667,37542.285714285714,21054.142857142857,2485160.00,3317983.00,532451,823297,26672.666666666667,29923.666666666667
2024-12-20,32692,17982,12776,16478,6593,9733,-288304.00,-63465.00,5401108.00,9462302.00,66232.333333333333,41580.133333333333,44544.714285714286,23002.428571428571,6745679.00,6520840.00,600074,998491,24953.000000000000,32047.666666666667
2024-12-19,26427,50713,11869,12676,16326,21519,948752.00,-8623752.00,80970093.00,6785316.00,67023.333333333333,40677.066666666667,50392.857142857143,19307.714285714286,27679938.00,41517682.00,598310,996230,11792.0000000000000000,34745.666666666667
2024-12-18,30652,11323,11942,16206,5130,4339,-291752.00,-392358.00,4265064.00,7157574.00,67201.000000000000,40788.700000000000,82380.142857142857,25332.285714285714,4756610.00,4857216.00,596144,993567,14517.666666666667,41342.666666666667
2024-12-17,39064,12823,18178,13975,5431,6655,947061.00,242020.00,5186202.00,11714977.00,66926.500000000000,40962.433333333333,82526.285714285714,25714.142857142857,5806147.00,6511188.00,594416,980079,18179.333333333333,44653.666666666667
2024-12-16,34521,11230,13079,16646,4948,5581,-1258972.00,1763936.00,11195384.00,8243626.00,66661.800000000000,41078.933333333333,81867.142857142857,29505.142857142857,9346042.00,6323134.00,591843,970297,24976.000000000000,60383.000000000000
2024-12-13,50443,19500,18155,28225,6163,11372,-1128341.00,-4665135.00,15287692.00,9174826.00,65999.566666666667,41408.066666666667,78799.714285714286,29265.142857142857,7751578.00,11288372.00,628037,1014981,26759.333333333333,66023.333333333333
2024-12-12,48997,23808,22340,21881,5576,11607,-359582.00,-3307947.00,29201621.00,7924018.00,65608.533333333333,42037.700000000000,75505.000000000000,27967.285714285714,8496356.00,11444721.00,623993,1005088,36655.000000000000,134545.333333333333
2024-12-11,81709,31620,37872,38108,15825,10100,5021571.00,2319933.00,13279277.00,37916497.00,63798.833333333333,41269.166666666667,72358.285714285714,29570.000000000000,21655966.00,24413544.00,611261,990832,31280.333333333333,120671.333333333333
2024-12-10,67364,24850,29590,30830,11158,8187,-1165961.00,-87974.00,8367138.00,14870612.00,63130.600000000000,40892.966666666667,70421.571428571429,30115.428571428571,11280207.00,10202220.00,604270,980170,35586.000000000000,108185.666666666667
2024-12-09,254563,53495,119520,118150,21467,23268,-4734285.00,577549.00,21938528.00,111593069.00,56545.200000000000,39823.166666666667,41045.714285714286,28144.714285714286,66044171.00,57501917.00,585565,902726,23694.333333333333,32988.333333333333
2024-12-06,40087,15496,16854,17262,5930,5671,-1034559.00,-1127079.00,17017587.00,8991300.00,56308.833333333333,40351.033333333333,39972.000000000000,30535.000000000000,5604779.00,5697299.00,598309,935084,23436.666666666667,28270.666666666667
2024-12-05,29907,37767,12978,14779,4695,23279,-192394,-7722621,56369376,6391957,58619.233333333333,40382.933333333333,42765.714285714286,30042.000000000000,7457460,18869937,584062,925451,25127.333333333333,38195.666666666667
2024-12-04,28971,17820,10678,11164,4608,7190,782003,-367818,28294279,7452508,63112.533333333333,41731.933333333333,52662.000000000000,44497.428571428571,4689399,5839220,581249,915709,28743.333333333333,46474.333333333333
2024-12-03,25934,14723,13037,11449,3255,5000,3170939,-752149,26521656,9775713,63458.933333333333,41895.166666666667,72742.571428571429,70635.285714285714,4998718,8921806,576355,907433,37069.000000000000,54140.333333333333
2024-12-02,59682,42839,23019,29468,14903,18529,-1187442,1279486,30831766,18798283,65873.300000000000,41728.866666666667,79995.857142857143,80234.714285714286,13319416,10852488,551378,881345,33532.000000000000,45103.333333333333
2024-11-29,53807,28668,19745,29069,8367,13687,-2845195,-1321557,29480370,17989269,65659.333333333333,44327.300000000000,79060.857142857143,79294.428571428571,13758877,12235239,563017,928042,35414.666666666667,43655.333333333333
2024-11-27,48932,39700,21520,19893,8651,8514,796152,3234259,100441841,11034057,65748.933333333333,44035.800000000000,81482.857142857143,76496.142857142857,16138302,13367695,557521,910896,61850.666666666667,60093.000000000000
2024-11-26,32571,32228,13305,13251,6529,9294,-1062362,-6760700,84472426,9096092,68136.866666666667,46127.700000000000,83815.000000000000,76323.714285714286,7515690,13214028,564250,898939,117004.000000000000,104735.333333333333
2024-11-25,49463,34316,20502,24772,11626,15688,2857565,-2142504,34833658,21829014,70814.633333333333,47346.233333333333,84881.714285714286,81881.285714285714,17203791,23079700,554113,878733,142243.666666666667,125066.000000000000
2024-11-22,98245,119008,40995,43166,63173,42191,3346275,13735694,65441483,28378025,70047.666666666667,44994.200000000000,73446.714285714286,66868.142857142857,41427519,26939110,581336,980759,109936.333333333333,108071.666666666667
2024-11-21,166498,197688,55425,94171,85620,59577,-4580018,23839925,349376938,37482024,66998.333333333333,39870.533333333333,59869.857142857143,44588.428571428571,127216563,73466735,617776,977131,50744.333333333333,74534.333333333333
2024-11-20,110455,110035,66283,35499,59566,39699,1049772,8708815,36600401,25868019,66249.766666666667,38458.733333333333,50789.285714285714,32271.285714285714,31437267,23533724,559997,920253,24406.333333333333,54014.666666666667
2024-11-19,47262,22086,23687,19404,9656,10973,-236423,549238,8504485,19131744,69293.300000000000,40512.133333333333,57921.000000000000,37883.714285714286,13352731,12567070,547974,902659,41450.666666666667,57237.333333333333
2024-11-18,65886,20112,27515,26868,9412,6781,1338011,-838100,10219662,25042269,72869.966666666667,43065.666666666667,70790.000000000000,39365.142857142857,12953669,15129780,538384,868315,39385.333333333333,41342.000000000000
2024-11-15,48896,31021,25569,17440,12561,9890,1872762,2837865,11851817,17603240,79589.300000000000,46710.533333333333,70970.142857142857,38308.000000000000,12064599,12009576,619864,1081355,42955.000000000000,48863.333333333333
2024-11-14,56930,73219,19101,30357,52636,14988,-4062791,11320922,93938721,18638037,82777.166666666667,48614.700000000000,67977.571428571429,29944.142857142857,77490972,23568509,624827,1055641,26487.000000000000,45517.000000000000
2024-11-13,18200,13916,6900,9679,6536,6582,-73179,-580870,5809851,4918261,93090.500000000000,55621.400000000000,69781.714285714286,30532.571428571429,4823354,5331045,627277,1051739,42306.000000000000,71845.000000000000
2024-11-12,71460,41730,27470,37837,22390,15230,-3777944,780564,19358574,22625611,98221.800000000000,58091.966666666667,63370.285714285714,26674.714285714286,20556146,15997638,624013,1039355,38556.666666666667,100014.666666666667
2024-11-11,46891,23815,23201,19569,9854,9472,-368610,-1333322,13951542,13306554,104186.366666666667,61201.133333333333,61039.571428571429,27468.857142857143,11408080,12372792,622151,1020262,38492.000000000000,101103.333333333333
2024-11-08,97184,61373,37245,51707,23323,29476,-1520410,1262509,17825458,37984026,113578.100000000000,64978.133333333333,52479.857142857143,24800.857142857143,27265504,24482585,636380,1066053,22925.000000000000,80702.666666666667
2024-11-07,155969,30482,59517,67036,14047,12133,-451416,190288,13132303,50903899,122053.466666666667,70648.133333333333,34115.428571428571,21669.714285714286,28446864,27805160,625181,989110,18776.000000000000,38989.333333333333
2024-11-06,50157,23621,18940,28294,11353,10355,-3380509,886766,7860095,18260481,122941.666666666667,71620.100000000000,33709.714285714286,20233.000000000000,14511735,10244460,622525,980982,15810.666666666667,31130.333333333333
2024-11-05,35982,14672,16641,15470,6524,7547,803437,-226066,7533719,13773402,130552.600000000000,75640.766666666667,36712.428571428571,21194.285714285714,9251214,10280717,617748,971692,20711.333333333333,29328.333333333333
2024-11-04,30829,18035,13906,14688,6502,10368,-2365253,-1366826,8313640,10306581,131501.500000000000,76242.000000000000,37022.000000000000,23093.857142857143,9255110,8256683,611854,958753,28932.000000000000,31474.000000000000
2024-11-01,26580,14725,10914,12890,5783,7593,-325372,-746628,5650570,9318153,132661.533333333333,77076.366666666667,47399.000000000000,26522.285714285714,6400243,6821499,637991,1027508,26878.333333333333,31753.333333333333
2024-10-31,30576,29374,13170,14582,15151,9872,-2767953,501532,33570471,13708182,134435.100000000000,79894.800000000000,66426.714285714286,30653.142857142857,20477297,15120312,633605,1020754,21608.333333333333,37333.666666666667
2024-10-30,37266,42697,19421,15300,24181,12716,373338,4027271,16513090,13871179,134008.400000000000,79982.466666666667,66292.428571428571,27356.428571428571,14595494,10966561,616080,1011601,14509.666666666667,43912.000000000000
2024-10-29,27418,8564,12757,12676,3665,3880,2449163,1771809,5129737,11457039,134409.066666666667,80854.900000000000,81248.857142857143,31540.142857142857,7613245,8290599,612530,1003533,22099.000000000000,45771.333333333333
2024-10-28,47317,13564,23602,19020,7415,4852,-435648,666080,4976680,18523988,134806.866666666667,82658.100000000000,81259.000000000000,44834.000000000000,11295624,10013266,606990,989379,30485.666666666667,63072.000000000000
2024-10-25,57001,21401,29224,22443,8397,11168,1077568,-1508491,8154204,9901086,136333.433333333333,86163.700000000000,80490.285714285714,46198.857142857143,6978885,9564944,631187,1067158,42782.000000000000,98661.666666666667
2024-10-24,32996,31332,14276,16146,13382,15881,-276608,-1080193,37574980,7269960,138507.033333333333,89495.366666666667,90663.571428571429,55292.142857142857,20049616,20002061,634250,1061960,38878.000000000000,99771.666666666667
2024-10-23,99219,38724,32820,59191,16956,19946,-4186676,-435575,9307755,21820776,137735.000000000000,89251.900000000000,95031.714285714286,59884.714285714286,16557140,12806039,627202,1049012,38586.666666666667,110736.333333333333
2024-10-22,163770,58290,75797,71930,26082,25441,-1199289,-598774,14113715,48785620,133750.333333333333,88298.166666666667,82384.000000000000,58478.571428571429,28986764,28386249,608996,1012954,54697.000000000000,71942.333333333333
2024-10-21,36326,19620,16099,16664,10810,7710,1305621,172904,7129344,13189649,134093.400000000000,89267.966666666667,87911.428571428571,61958.285714285714,9180761,10313478,605268,1003975,58475.333333333333,77040.333333333333
2024-10-18,132113,37850,54005,66064,20196,14795,-1627093,992119,8265230,26998429,132007.400000000000,90076.533333333333,81609.285714285714,66219.857142857143,17061351,14442139,704730,1251267,77520.333333333333,67739.000000000000
2024-10-17,47388,106621,19133,24723,49969,53540,-2293329,14822917,181496711,20297195,132812.066666666667,92106.700000000000,94635.000000000000,62943.714285714286,96340955,97900819,727217,1242857,65604.000000000000,95208.333333333333
2024-10-16,51620,30955,22633,25391,13413,15641,393605,849788,14654625,18167791,133931.166666666667,93180.100000000000,112001.571428571429,72338.428571428571,15716031,15259848,728894,1229151,71434.666666666667,103080.333333333333
2024-10-15,104209,94985,38205,60083,45637,43014,-3777820,-7692259,70246599,35963679,134389.233333333333,91817.966666666667,132896.857142857143,78821.571428571429,48305795,52522534,711630,1195743,54432.333333333333,93350.000000000000
2024-10-14,129796,70872,63214,60694,33711,29819,10600803,703690,32183508,58432568,137052.800000000000,94355.800000000000,136149.714285714286,87317.571428571429,38065075,49342423,685623,1145820,53368.666666666667,79417.333333333333
2024-10-11,75236,48447,38181,30431,22627,22012,1825112,923310,14288441,30597671,141214.033333333333,101629.833333333333,172201.714285714286,112413.285714285714,20326326,21228128,780401,1251496,65115.666666666667,100528.000000000000
2024-10-10,75018,43978,31648,38120,24104,16679,-308177,3841701,20658206,22685587,149473.966666666667,109938.333333333333,193684.714285714286,122680.285714285714,20461243,16311365,782386,1241671,82695.666666666667,133250.666666666667
2024-10-09,87998,67681,51683,32587,35471,29305,2661776,1241344,17453777,25388263,155144.533333333333,114197.933333333333,213374.714285714286,129738.714285714286,19787311,21207743,777359,1213159,106924.333333333333,187410.000000000000
2024-10-08,138568,83688,69363,60634,37295,43078,17949830,-562788,35303139,223590922,165328.100000000000,123548.566666666667,247713.000000000000,142738.000000000000,107614007,140656570,751987,1223523,122476.333333333333,192076.000000000000
2024-10-07,173186,96718,76022,87016,50754,41919,-4812199,2144312,35904023,100140781,165153.266666666667,123201.466666666667,281576.428571428571,157575.714285714286,68874325,59902854,700812,1148612,164942.666666666667,243547.333333333333
2024-10-04,250476,140367,107014,130174,69142,63096,-3715092,918688,36700780,135751146,158255.166666666667,119862.033333333333,256766.000000000000,145063.285714285714,87583810,76048030,795723,1213906,156769.333333333333,235188.333333333333
2024-10-03,152566,130344,67574,65209,45393,65933,12030059,-3682183,60317943,103838264,154924.466666666667,116120.600000000000,272729.428571428571,145770.142857142857,48387644,68556686,748568,1176088,152351.333333333333,259609.000000000000
2024-10-02,327600,224117,159058,136503,95499,100643,22360248,-5922038,79102506,242732232,145823.566666666667,109748.433333333333,234400.285714285714,118906.571428571429,121159547,153039733,666152,1103719,135873.333333333333,276721.000000000000
2024-10-01,225399,115847,117729,90895,47009,59365,-20213396,3529379,32623276,195813979,139909.800000000000,108095.700000000000,210969.142857142857,108036.428571428571,123260072,93097612,627311,1040954,164118.333333333333,338331.333333333333
2024-09-30,225828,117090,102152,110606,54754,52878,-30917810,2388735,34650496,145400662,134159.166666666667,105070.833333333333,190677.000000000000,107584.571428571429,101888385,69181000,594419,975032,142681.666666666667,288656.333333333333
2024-09-27,378936,174683,170563,175806,73106,86843,-41685893,-1964718,37334399,309693843,122284.133333333333,99713.133333333333,140038.285714285714,89105.142857142857,177374937,139755247,646685,1023802,129551.333333333333,250447.666666666667
