date,call_volume,put_volume,call_volume_ask_side,call_volume_bid_side,put_volume_ask_side,put_volume_bid_side,net_call_premium,net_put_premium,put_premium,call_premium,avg_30_day_call_volume,avg_30_day_put_volume,avg_7_day_call_volume,avg_7_day_put_volume,bearish_premium,bullish_premium,put_open_interest,call_open_interest,avg_3_day_put_volume,avg_3_day_call_volume
2026-09-25,239332,171329,102249,119662,82529,74924,-11584294.00,3717874.00,45751681.00,145613382.00,272337.2,180177.8333,261406.2857,147809,97409293.00,77581594.00,1736290,1703600,161587.6667,272228.6667
2026-09-24,235203,172256,99832,114759,73306,83646,-10709800.00,139057.00,49248921.00,130775033.00,273219.2333,182306.3,260914.2857,143709.5714,86901434.00,76052577.00,1697748,1666818,141819,273521
2026-09-23,420710,226925,188934,188325,88165,104288,-6353922.00,-5971096.00,81952165.00,325543935.00,268323.6,184268.4667,236251.7143,128983,179617313.00,179203487.00,1654613,1627680,131523.3333,261533.6667
2026-09-22,160773,85582,71950,71286,36886,40775,-1416921.00,-2566365.00,33575203.00,114900606.00,278936.7333,192230.3,243048.7143,140248.4286,66576210.00,67560654.00,1635027,1609296,148935.3333,285448
2026-09-21,239080,112950,105256,112642,43094,55784,-2327229.00,-1094202.00,46419954.00,153725173.00,312043.5333,205988.8,241489.2857,149828.5714,100553664.00,82169662.00,1612862,1545266,145650,258026
2026-09-18,384748,196038,178495,171191,87973,85842,-21852267.00,761369.00,37489010.00,327147867.00,308357.7667,206227.6333,217844.7143,137304.2857,187947388.00,148002827.00,1868624,1819647,128157.3333,207029.6667
2026-09-17,232516,137818,104437,104274,62278,60991,-1501507.00,-1922477.00,46228633.00,123872155.00,313666.5333,210354.7,210461.5714,139049.5714,74470662.00,74891632.00,1838413,1795114,123497.6667,212215
2026-09-16,156814,103094,71461,68800,42730,41962,4817477.00,-1611667.00,36379275.00,80216108.00,354007.2,228647.4333,223202.1429,161803.7143,49068431.00,55497575.00,1822706,1776608,143946.3333,229394.3333
2026-09-15,231759,143560,106913,100015,68053,62749,-49739719.00,810876.00,40521565.00,277036927.00,362097.5333,231973.9333,252658.1429,181025.1429,168181418.00,117626653.00,1787812,1754384,156096.6667,228196
2026-09-14,248072,123839,116819,103282,44280,52485,6516644.00,-5128234.00,44919868.00,161036832.00,363379.0333,232812.1667,273253.2857,203801.4286,86299253.00,98464309.00,1773135,1706368,150939.6667,218584
2026-09-11,208352,164440,90074,96273,73171,72603,3132527.00,-3614856.00,37671822.00,64613839.00,364210.4333,231339.2333,266460.1429,203662.5714,42153213.00,49152846.00,1865391,1828568,146138,209411.3333
2026-09-10,228164,180011,81814,113305,73217,64372,-8011978.00,6434105.00,71326596.00,80680651.00,361892.7667,228405.3,256994.5714,201226,66346663.00,51835030.00,1830463,1793374,173592,215356
2026-09-09,219236,108368,105638,96467,47450,50817,-5474984.00,-1903374.00,43326654.00,180185895.00,363270.8333,231503.3667,272766.7143,217640.7143,78677522.00,133565597.00,1814188,1760893,230172.6667,288261
2026-09-08,180834,150035,67279,95610,71599,64267,-11983602.00,183099.00,48871993.00,90738884.00,366099.8333,230621.4333,315491.2857,233421.8571,69102267.00,55094196.00,1793040,1704256,274585.3333,358729
2026-09-04,245998,262373,94876,127893,121592,110428,-8504849.00,-500814.00,67113582.00,115663441.00,364430.8,226688.5667,311769.1429,217079.5714,84591510.00,76587475.00,1888629,1820897,241617,330329.6667
2026-09-03,437951,278110,205522,181798,117897,133957,12716296.00,-1614002.00,101648226.00,233564979.00,357248.7,223043.9333,280929.2857,197290,142239790.00,155736472.00,1855944,1794627,203232,238314.3333
2026-09-02,392238,283273,151264,197360,123726,118201,-17585152.00,-44045.00,149758303.00,162406517.00,356866.6667,218911.5333,253445.2857,176256.4286,136770703.00,124288171.00,1820115,1744684,183231.3333,217448.6667
2026-09-01,160800,163468,67733,73931,74559,59338,-4970320.00,5367236.00,75881775.00,115586602.00,356185.8,215840.1,326206,204183,87281671.00,74214615.00,1806494,1732502,215576.3333,323817.3333
2026-08-31,161905,162955,77924,67969,75714,68457,6417554.00,-884416.00,51886214.00,135227341.00,359821.7333,213845.0667,327284.5714,202398.4286,77282505.00,91167560.00,1742497,1704780,210583.6667,343163.3333
2026-08-28,329641,223271,144993,150776,99711,100594,-2138508.00,-1707199.00,57300177.00,175096271.00,359736.4,213011.1667,317593.8571,193943.4286,106147139.00,106804580.00,1842213,1829313,182687.6667,307307
2026-08-27,479906,260503,223122,203057,97740,133953,10332108.00,-9904600.00,75015758.00,302754167.00,353560.9,208575.0667,273984.2857,175412.5714,160370018.00,178213766.00,1778565,1782532,141199.3333,213955
2026-08-26,219943,147977,102917,93232,55169,78197,9118420.00,-7383283.00,45594885.00,85702621.00,354885.5667,206943.2667,271523.1429,173413.4286,51287206.00,67788909.00,1754433,1764748,211525,364015.6667
2026-08-25,222072,139583,98468,99167,58318,65965,-279407.00,1446932.00,59415305.00,101413328.00,362541.6,208782.6333,281215.8571,194161.8571,67852578.00,72202239.00,1739187,1744523,215151.6667,346476.6667
2026-08-24,199850,136038,87549,93547,58276,62723,6815921.00,1156691.00,48031228.00,96184479.00,364512.2667,208154.7,310507.2857,206124,61752909.00,67412139.00,1718675,1707293,224501,367128.6667
2026-08-21,670125,358954,314235,286631,159422,168145,-154063303.00,-9030864.00,74302401.00,781034027.00,357437.1,202890.8333,252155.7143,188574.8571,504379334.00,248476679.00,1947579,1913984,148445.3333,201966.6667
2026-08-20,169455,150463,72145,75317,71634,63459,-1452641.00,4264479.00,38028414.00,77957911.00,362094,202593.3667,267068,207907.2857,53458418.00,47741298.00,1919967,1898611,142952,213053.3333
2026-08-19,261806,164086,119978,114171,69508,75924,2807155.00,-2428717.00,59426930.00,148739836.00,362099.8333,202144.7,298119.5714,230814.5714,84124972.00,89472618.00,1899034,1879487,183197.3333,222425
2026-08-18,174639,130787,75717,76394,59484,57106,-3061004.00,878398.00,49894135.00,220031679.00,368386.9667,203284.3333,449211.7143,287231.4286,92987715.00,89050822.00,1874238,1875676,212859.3333,299175.3333
2026-08-17,202715,133983,86196,88468,56140,57533,139973.00,-896184.00,46486521.00,145579644.00,371958.7,202168.3,459420.2857,297120,85701627.00,86737784.00,1831880,1831419,246901.6667,318825
2026-08-14,289921,284822,123361,134732,128423,118318,-9880603.00,-217751.00,100137192.00,177826886.00,383333.3,200986.9667,473971.4286,293806.8571,116822929.00,110694335.00,1941006,2018588,247224.3333,313465
2026-08-13,404890,219773,199911,159675,79038,112885,11656422.00,-4112917.00,67182590.00,239287105.00,389983.1667,202200.1667,611420.5714,355535.8571,131369641.00,145231655.00,1899589,1978812,282112.3333,338224
2026-08-12,261664,236110,114670,119128,107305,102605,-10476359.00,5166518.00,93161516.00,180511327.00,388384.5333,197872.2333,641821.2857,356570.8571,130739531.00,109472629.00,1907491,1947104,378644,661764
2026-08-11,273841,285790,119576,123897,117477,116637,8204951.00,-1657345.00,127438666.00,233479573.00,389304.0667,193663.5667,643632.1429,337027.4286,164335581.00,157583627.00,1827685,1907853,351115,661875.3333
2026-08-10,479167,324437,215014,202839,129897,128832,1118230.00,-1820564.00,134595306.00,377147500.00,388863.6,192586.4,608507.4286,307858.1429,215026306.00,216484900.00,1727356,1846794,330179.3333,632746
2026-08-07,1232284,525705,527000,486005,218375,243759,37795767.00,-12308871.00,130143510.00,997161614.00,360852.9333,189114.5667,455128.8571,245899.2857,398554372.00,408915805.00,1874886,2073873,372236.3333,677662.6667
2026-08-06,274175,203203,116217,124138,92919,85279,-125756.00,10173420.00,70812535.00,132850398.00,363087.1333,190340.4333,453186.4286,245628.8571,96356965.00,85245289.00,1869094,2057346,385620.3333,744427.3333
2026-08-05,391779,261630,166700,180006,110012,108735,7883014.00,-5266602.00,85065056.00,298109595.00,360272.7667,188209.3,435175.7143,225907,162098368.00,174318958.00,1858345,2018902,348072.3333,709340
2026-08-04,1367034,651876,673795,567974,248686,307705,109525815.00,-46301955.00,244057611.00,1224746624.00,325777.9333,174986.0667,267874.7143,153408.5714,581514540.00,746180608.00,1728662,1910564,170864.3333,331426.6667
2026-08-03,474469,243355,197419,206240,101766,108240,-4042260.00,262576.00,90620751.00,227688088.00,327315.0333,175495.5333,231877.4286,142753.7143,139973573.00,134256737.00,1625145,1723522,120410.3333,226148.3333
2026-07-31,286517,148986,123828,131402,72465,55999,4237975.00,890829.00,49216396.00,104945461.00,328299.5667,176297.1,245343.1429,144227.2857,61887833.00,71757813.00,1697790,1858699,137851.6667,217502
2026-07-30,233294,120252,98623,106880,58998,46310,-9399400.00,1461898.00,74679368.00,99896130.00,327783.9667,175797.2667,232068.8571,137237.7143,77278230.00,66416932.00,1673352,1814607,138960,228305.3333
2026-07-29,158634,91993,70530,70474,36810,46685,1505584.00,-2126509.00,41888160.00,58877300.00,333252.8,176700.7333,248118.7143,138825,43900486.00,47532579.00,1666213,1801969,156424.6667,240736.3333
2026-07-28,260578,201310,108193,125563,88534,78854,-16637942.00,8116506.00,93450173.00,129926793.00,334216.5,176193.7667,257619.1429,138388.4286,107635061.00,78600576.00,1633797,1759266,145578.3333,228039.6667
2026-07-27,265704,123577,127579,107531,44528,60222,16169859.00,-15099560.00,84605012.00,137560474.00,333731.3,178276.5667,261753,138937.4286,81111320.00,112380739.00,1610161,1700687,157486.3333,266397.3333
2026-07-24,195927,144387,85726,88888,67114,48511,5856137.00,-729820.00,48683268.00,58961249.00,335961.4333,177428.9,270861,132456.8571,41075290.00,47661247.00,1694471,1872306,133132.3333,247879.6667
2026-07-23,222488,168771,83228,115523,78777,66120,-14290237.00,13670628.00,87486132.00,92030395.00,338810,177997.2,303613.1429,136170.1429,89124495.00,59832294.00,1670413,1840923,111243.3333,264044.6667
2026-07-22,380777,159301,141876,186039,72075,63416,-20927358.00,10890135.00,79110113.00,131259465.00,333255.8333,175601.8,286212.1429,130155.7143,107078176.00,75260683.00,1642187,1788021,124227.6667,246146
2026-07-21,140374,71325,56877,66073,29103,31276,-7716365.00,722653.00,33584587.00,69273357.00,341868.6333,183351.5,331568.7143,148686.1429,49705291.00,41266273.00,1630545,1768376,142926,297568.3333
2026-07-20,270983,103104,125730,111863,44063,47699,83449.00,-563032.00,36843601.00,115880003.00,347782.1667,184991.5667,337022.8571,154176.8571,67722918.00,68369399.00,1597942,1691673,141565.6667,293801.6667
2026-07-17,327081,198254,142847,143478,94973,76755,-2649780.00,11473317.00,52507851.00,98611143.00,351013.4333,185002.7333,327722.8571,147372.8571,74845570.00,60722473.00,1778637,2005398,140402.3333,335359
2026-07-16,294641,127420,135095,123910,49218,63590,7509830.00,-950526.00,43858837.00,101862265.00,352994,186365.1667,337524.5714,152738,58657458.00,67117814.00,1765173,1975211,136995.6667,323468.6667
2026-07-15,259683,99023,111098,108259,41936,44111,10261275.00,4241253.00,37634686.00,99589275.00,365388.6667,189739.2,344693.7143,152949.2857,55784452.00,62328580.00,1755165,1936709,171000.6667,389531
2026-07-14,451753,194764,209411,185100,72760,83926,3792770.00,-267311.00,70795886.00,194364508.00,389780.0667,196508.3,370323.1429,160751.8571,112284906.00,116439595.00,1735083,1893958,153259,342000.6667
2026-07-13,258970,117200,123337,104676,50520,53345,9528840.00,4566900.00,46692348.00,96376884.00,404661.9,199783.5667,419668.2857,180604.5714,61534312.00,66496252.00,1717634,1837074,164401,343004.3333
2026-07-10,457870,201038,194583,223311,85336,88579,-15626564.00,-2105137.00,39360392.00,113672889.00,399701.2,196800.1333,384787.5714,167066.5714,74279887.00,61556660.00,1799369,1965348,152380.3333,311465.3333
2026-07-09,309162,141539,131288,137329,55525,66380,-3323826.00,-2678685.00,54196187.00,112022099.00,397224.6,195468.7,383682.5714,169636.7143,72163689.00,71408818.00,1776709,1926156,138701.3333,311700.3333
2026-07-08,261981,150626,117130,111869,64895,65596,-115398.00,7456562.00,54293120.00,161821940.00,399884.9,196226.9333,412821.4286,189850.4286,84000325.00,109097965.00,1756879,1895623,171620,434759.6667
2026-07-07,363253,164976,168060,148936,68235,74065,16432916.00,-2914141.00,75523952.00,191760036.00,397445.9,194570.5333,416923,226503.8571,108867870.00,126509927.00,1740046,1881998,202017.6667,515137.3333
2026-07-06,309867,100502,140830,131980,41234,44678,1943700.00,-3526277.00,45904225.00,153741700.00,393336.4667,194880.9333,421399.2857,246429.1429,73806827.00,103130948.00,1724321,1818261,203941,483083.3333
2026-07-02,631159,249382,282238,277704,99494,100784,19885214.00,-4345276.00,79791334.00,296020417.00,378587.2667,189326.1333,375140.5714,239045.4286,144958425.00,171100715.00,1794453,1970557,173990.3333,373172.6667
2026-07-01,604386,256169,285979,251209,105040,106749,21500482.00,-4055885.00,94170574.00,237999851.00,365777.4,184131.2,336255.2857,238904,123066754.00,148623121.00,1768662,1914940,185974.6667,327028.3333
2026-06-30,213705,106272,96804,88930,42823,46940,1952287.00,-855183.00,45127072.00,76398313.00,371888.9,186379.5333,380094.8571,260670.7143,51599633.00,54407103.00,1751849,1874073,291067.3333,386448
2026-06-29,301427,159530,133098,133982,57791,79863,-9275.00,-1960682.00,90685908.00,114950149.00,372733.1,186320.6333,382184.2857,262599.7143,76387413.00,102428820.00,1720777,1815893,317883.6667,399706
2026-06-26,465953,292122,212786,202483,126299,118908,2728684.00,-3167293.00,134611563.00,129619703.00,371474.4667,185079.4333,346737.5714,235904.7143,97032921.00,102928898.00,1751295,1971354,286408.3333,346837.6667
2026-06-25,391964,421550,166294,173097,193677,161297,-5315212.00,20351136.00,368032393.00,132951613.00,365773.2333,174425.3,336842.5714,192697.1429,205838857.00,160900274.00,1701096,1871044,230951.3333,326912.6667
2026-06-24,341201,239979,127012,170695,104659,94325,-7795212.00,4052867.00,137834199.00,112872882.00,362835.9667,170722.2667,329455.1429,185000.2857,114651854.00,102905275.00,1675658,1810827,237171.3333,386706.3333
2026-06-23,307348,197696,107458,164836,81158,80948,-13119241.00,-4285044.00,103795541.00,112133350.00,366573.9,172721.5,321426.5714,183338.1429,95188096.00,86369899.00,1648882,1744882,228950.3333,389608
2026-06-22,332189,255179,119451,172282,125720,93491,-24932957.00,11457264.0000,114513347.0000,138673539.00,370686.2667,170186.2667,311518.2857,163877.8571,129448800.00,93058579.0000,1582449,1655266,178976.3333,351487
2026-06-18,520582,258639,202631,253048,113374,113289,-152574870.00,3091600.00,81776536.00,664964940.00,371015.2,168914.7,281141.5714,153475.1429,389495864.00,233829394.00,1848407,2024491,132462.3333,285526
2026-06-17,316053,173033,138063,139283,80575,67563,-5002870.00,17134669.00,97199813.00,162934087.00,382783.1667,176295,266584.2857,141247.4286,131654555.00,106675876.00,1844725,1993702,136818.3333,276671.3333
2026-06-16,217826,105257,89184,101557,43808,45688,-13289919.00,182042.00,37839499.00,91317106.00,389915.3333,182874.3,292431.7143,169613,67150483.00,45825148.00,1832509,1966051,163753,287778.6667
2026-06-15,322699,119097,146324,138660,48882,55955,-689214.00,11357512.00,72274018.00,119050306.00,393510.9667,187215.3333,310387.4286,174357.1429,93934173.00,80397119.00,1814378,1889504,163706.3333,267822.6667
2026-06-12,289489,186101,114935,139961,74166,80234,-17142494.00,-6690107.00,67504042.00,84136902.00,391870.8333,185145,329606,176141.1429,72428454.00,61976067.00,1875495,2023591,163612.6667,273974.6667
2026-06-11,251148,186061,107642,112633,74362,92970,-9163892.00,-8651952.00,94665195.00,110398518.00,392731.0333,185882.1,344307.4286,173602.8571,82009295.00,84217737.00,1864935,1997256,130738.6667,261642.6667
2026-06-10,262831,118957,101629,125847,50245,46285,-8651293.00,4949396.00,62861162.00,95179780.00,388800.7333,184805.4667,396977.7143,185215.2857,69712795.00,56112106.00,1851595,1943820,192358.3333,306951.6667
2026-06-09,307945,185820,117946,157505,81125,75550,-13530208.00,-1939193.00,87753114.00,129805544.00,387163.2333,181818.8,522056.2857,215503.4286,98154329.00,96928914.00,1827903,1915096,181187,353766.3333
2026-06-08,214152,87439,85204,104448,31724,41842,-2864586.00,-2000981.00,43003860.00,83988222.00,391575.8333,187789.8667,592238.1429,233791.8571,54249126.00,53385521.00,1803809,1871336,218237,423722
2026-06-05,398758,303816,150280,207447,130101,130401,-18500298.00,-5043356.00,97828217.00,160467353.00,391656.3667,186834.2667,579422.5714,206323.1429,118746064.00,93601451.00,1895800,2105651,173062.6667,408822
2026-06-04,448389,152306,191374,213403,69499,64594,-995544.00,1471373.00,63858462.00,135318545.00,390173.0333,187129.5333,548919,199078.8571,94118045.00,85380440.00,1881998,2043698,189042,469866.6667
2026-06-03,424019,198589,170467,207812,91144,81708,-10512354.00,450730.00,82421718.00,162346136.00,385704.1333,185272.1667,537172,195476.5714,109275249.00,99164165.00,1846013,2011270,255458,723025.3333
2026-06-02,354058,168293,132335,178913,73413,68223,-17198802.00,-225560.00,70686773.00,192177093.00,380923.1333,184112.2333,528032.7143,187903.8571,122652223.00,105682241.00,1824216,1959305,271179.6667,840147.6667
2026-06-01,631523,200244,265287,296294,72135,83590,3578610.00,-2057325.00,102404599.00,445652533.00,377525.5667,186232.9667,464470,174985.2857,231421135.00,240897854.00,1789999,1873401,241610,732656.3333
2026-05-29,1183495,397837,576047,486831,164656,181342,46643582.00,-6933470.00,100301426.00,661111033.00,349472.2333,181106.9333,322354,129971.1429,309691043.00,366405595.00,1840705,1928791,142863,416446
2026-05-28,705425,215458,365999,268547,73522,104439,29118476.00,-8632589.00,76836994.00,280244659.00,340314.0333,180888.4333,253020.4286,113523,133026992.00,178513347.00,1817711,1831123,128834.6667,295234.3333
2026-05-27,309049,111535,114411,161442,42282,48228,-9353745.00,-2633790.00,43030078.00,93871394.00,343327.0667,183549.3667,265592,122406.8571,62196946.00,55477365.00,1783595,1782352,130084.3333,288912.3333
2026-05-26,234864,101596,102170,103294,43597,44386,-6594238.00,985048.00,34584383.00,99974370.00,351244.5,187072.4,278719,130430.7143,63711058.00,56131772.00,1763376,1723997,132823.6667,272819
2026-05-22,341790,173373,138488,160144,76582,73191,-6079973.00,-216779.00,32578967.00,86253754.00,376255.1667,206211.2333,291062.4286,142075.4286,51012804.00,45149610.00,1839500,1882187,102612,221783.3333
2026-05-21,290083,115284,131455,122495,46855,49039,5722298.00,-614482.00,62137776.00,74318764.00,389577,221747.9667,281183,140167.1429,44550027.00,50892777.00,1836695,1853068,97624.3333,198452.3333
2026-05-20,186584,109814,82174,84530,37261,46841,2997269.00,-2962768.00,53901838.00,64040875.00,396945.9333,227184.4667,290682.8571,142892,40701401.00,46657982.00,1816258,1816389,118927,268607.6667
2026-05-19,188683,82738,81688,83923,36028,36558,-3476179.00,-1084912.00,36209952.00,78766197.00,395322.6,228549.4667,323654.7143,167882.7143,52106554.00,49715287.00,1805550,1782993,143935.3333,314631
2026-05-18,220090,100321,95168,97467,43242,42722,2613613.00,1921361.00,38175316.00,86590794.00,394478.9667,228285.9333,357293.2857,179140,53384212.00,54076464.00,1784017,1732714,195457,383999
2026-05-15,397050,173722,160150,177566,67913,81778,8675210.00,-193120.00,45376373.00,111155839.00,389275.4667,228737.7333,376350.4286,185821.4286,63398916.00,75020871.00,1981320,2057439,171525,325291.3333
2026-05-14,326753,157763,149571,136982,64231,74881,-4050706.00,-12104300.00,62812215.00,133993901.00,383772.7,229126.9333,425256,219632.7143,80558761.00,89531445.00,1981698,2030787,161900,300734.6667
2026-05-13,428194,254886,173141,206361,123419,103916,-17457182.00,6552089.00,91134005.00,179754584.00,380474,225149.3333,425769.8571,226454.1429,132957512.00,108948241.00,1928200,1938124,162829,297832
2026-05-12,220927,101926,74137,99799,43818,42010,-23356687.00,-2523586.00,52134197.00,130699162.00,382156.2,226981.5,455718.5714,247511.5714,80842661.00,60376060.00,1913968,1896187,188561,376043
2026-05-11,253083,128888,108675,115712,53578,58265,-13066946.00,-1607701.00,54862069.00,133108054.00,381328.5,231328.3333,453890.2857,246812,90017636.00,78502891.00,1881058,1836348,219095.6667,468498.6667
2026-05-08,419486,257673,184794,186598,109990,102912,-6116298.00,-4789916.00,67128994.00,115090954.00,379706.3667,229819.1667,433528.5714,239740.7143,81387282.00,79942900.00,2045117,2077201,264685.3333,551700.6667
2026-05-07,455560,179122,204257,206760,76084,81467,-560701.00,-1309200.00,78193243.00,153794854.00,370942.0333,228098.9,389151.7143,226531.5714,96927883.00,96720347.00,2047946,2045056,305856.6667,543777.6667
2026-05-06,530450,220492,168825,231090,90224,92974,-22240149.00,6207283.00,102836052.00,221101495.00,361674.4667,226225.6,350347.4286,208778.4286,123844562.00,95397130.00,2004228,1947762,315468.6667,510483.6667
2026-05-05,669092,394442,271785,331147,176381,159379,-28050631.00,7170156.00,186060536.00,251007162.00,350782.5333,220226.8333,304267.1429,190511.1429,204053252.00,174480803.00,1948170,1824426,225318.3333,367548
2026-05-04,431791,302636,182541,196620,117286,139088,1182978.00,-4948749.00,106431063.00,254437984.00,349177.2667,218118.4,299893.2857,186584.2857,150535549.00,158979490.00,1820313,1688838,193831,315935.6667
2026-05-01,430568,249328,200694,184218,108923,113884,9616404.00,2415645.00,66035645.00,150255912.00,342507.7667,218342.0333,296082,173989.4286,93441108.00,99740647.00,1898842,1799909,139607.6667,220720.3333
2026-04-30,240285,123991,104136,97041,58371,51195,-6839780.00,767189.00,41565898.00,93658255.00,339517.3333,218861.6,303177.2857,176686.1429,58183513.00,50576544.00,1880448,1757829,130350.6667,226898.6667
2026-04-29,276954,208174,99958,134662,93451,85674,-8591462.00,-2023317.00,96132784.00,96913941.00,336896.7333,217272.1667,293702.1429,166017.7143,83265206.00,76697061.00,1829207,1715240,149816.3333,250090.6667
2026-04-28,144922,86658,58481,69911,33961,41701,-5175204.00,-4800709.00,35435180.00,74596958.00,339095.4,219558.0333,348655.5714,191333.1429,47952014.00,47577519.00,1816827,1694100,212646.3333,335508
2026-04-27,258820,96220,84257,90476,39460,44997,-4809224.00,-2646111.00,38082750.00,169278810.00,344808.2333,224536.6333,360523.4286,212452.5714,65494358.00,63739890.00,1792133,1642317,234294.3333,383864.3333
2026-04-24,346530,266571,143497,161783,118214,115503,-7552851.00,-3548109.00,75703354.00,101746508.00,346937.8,224679.2333,372544.7143,204214.2857,78880970.00,74876228.00,1884324,1771274,193060,365005
2026-04-23,401174,275148,150560,197923,111252,112743,-17485868.00,-3367254.00,87557734.00,154911791.00,340946.3333,220227.2333,372297,192245,109999521.00,95717407.00,1828784,1719711,145842.3333,301489.6667
2026-04-22,403889,161164,188127,170919,54490,86842,15996081.00,-2520870.00,65977218.00,179568471.00,335713.1,221311.6667,382082.4286,198834,98844795.00,116930346.00,1804104,1696674,180076.3333,343392
2026-04-21,289952,142868,131023,124560,62068,61952,3627937.00,3521439.00,53937449.00,127665610.00,334967.3333,222334.6,496676.4286,285215.4286,77750867.00,77647365.00,1763823,1661922,213805.6667,360706.3333
2026-04-20,210628,133495,87225,100335,49905,52287,-6962165.00,3070749.00,69497207.00,91831344.00,352453.2,235744.9,565120.7143,349199.8571,71765103.00,61792889.00,1731082,1605524,238941.6667,434056.6667
2026-04-17,529596,263866,221174,233103,110226,126021,-15276744.00,-2928517.00,63575295.00,221702706.00,347952.7333,235246.0333,547700.1429,350491.7143,133911683.00,111857570.00,1946894,1934204,214774,390671.3333
2026-04-16,341895,244056,146775,154873,98968,105821,-5193519.00,-3392003.00,74398149.00,144008644.00,351496.9,236287.2667,518855.5714,333296.2857,97348161.00,94853445.00,1912986,1901338,202517.6667,434168.6667
2026-04-15,430679,208903,212188,168691,74691,104836,18135587.00,-191994.00,66648920.00,195058269.00,348321.1,237976.6,485155.8571,316655.1429,106411939.00,124085420.00,1886498,1882352,382062.6667,654645.6667
2026-04-14,399440,191363,181734,176272,76431,85947,11384308.00,-590313.00,67129757.00,191731400.00,351761.4667,241862.1333,462513.7143,316071.2857,109574749.00,121631770.00,1856638,1866002,512070.3333,751411.6667
2026-04-13,472387,207287,207069,216906,86000,97162,6594466.00,-4348159.00,92799790.00,185700482.00,351180.9,244826.8,418125.5714,310664.4286,115713148.00,126655773.00,1817357,1809703,533944.3333,729833.3333
2026-04-10,1092110,747538,472386,510989,326186,333483,-16005620.00,8776623.00,289694794.00,296020768.00,324903.0667,231483.9333,309143.1429,223238.7143,263408887.00,237566324.00,1864257,1864227,325994.3333,412457.6667
2026-04-09,689738,581386,267802,335045,237377,242406,-26248770.00,3934994.00,390933047.00,253211674.00,312414.7,219882.6667,249379.5714,162596.5714,248023200.00,230251012.00,1761585,1691336,163004,247472
2026-04-08,407652,272909,170415,193452,122099,114649,-15611589.00,604947.00,112946422.00,150713716.00,306868.9333,217256.9,223751,160651.4286,123956920.00,107740384.00,1719515,1624280,134459.6667,191903
2026-04-07,139983,123688,61170,57228,46484,52162,-1087568.00,-15044883.00,74631307.00,58981240.00,311007.5667,222647.6333,256728,173324.2857,53414999.00,67183814.00,1702465,1604261,149710,199132
2026-04-06,194781,92415,69429,97668,34862,44957,-5386965.00,-2879900.00,71944182.00,111969550.00,318842.7667,229568.2667,256420.7143,178338.4286,88021799.00,73495849.00,1680215,1547164,164091,243949.3333
2026-04-02,240945,187276,103997,115230,72832,89451,-3613595.00,-4593647.00,47234083.00,76716183.00,319433.8333,240428.9667,258060.4286,175055.1429,54475967.00,55389769.00,1755339,1652025,153962.6667,254098.6667
2026-04-01,161670,169439,72038,70078,77457,74843,3421311.00,-218538.00,47799778.00,65908751.00,327596.7667,246102.3333,283869.5714,181489.4286,47351516.00,50991365.00,1729772,1629612,183914,276292.6667
2026-03-31,329233,135558,129747,115657,53197,67181,8982355.00,-4196371.00,59722173.00,166599580.00,325599.4,251387.2667,291641,196321.5714,63293997.00,76472723.00,1706885,1566864,209527.3333,290155.6667
2026-03-30,271393,156891,115600,125152,69756,67590,-3991349.00,-851920.00,83615042.00,92851114.00,329569.5333,260956.7,285796.7143,210485.2857,78716776.00,75622197.00,1679068,1529018,199735,263901.3333
2026-03-27,228252,259293,102665,102876,119336,108850,-2116692.00,1685363.00,117116978.00,78859607.00,336775.7333,287894.5,274699.5714,193383.1429,85303350.00,83712015.00,1753255,1693477,168068.3333,271958.3333
2026-03-26,370822,212398,138425,189502,93819,80316,-13285286.00,4863138.00,506786354.00,111348079.00,333371.6333,293243.7667,250058.7143,185967.8571,179387043.00,199260219.00,1728110,1612738,168762,262462.3333
2026-03-25,192630,127514,86509,88455,62361,52236,4683563.00,2539959.00,49901227.00,77237133.00,335741.6333,298608.6,252666.1429,189927.8571,56885426.00,59029030.00,1704130,1593065,206051.6667,326130
2026-03-24,252423,164293,107000,117699,74064,66663,-1691349.00,2485761.00,193483916.00,118304609.00,343172.5667,301384.8,278063.5714,201540,90256903.00,145275093.00,1690053,1564844,236633,318816.6667
2026-03-23,342334,214479,173352,132214,90154,95395,17403259.00,702925.00,323390858.00,169809208.00,347481.0333,306734.1,287789.7143,209592.8571,227133082.00,130858414.00,1640905,1488867,211666,254896
2026-03-20,383633,239383,147181,189197,96457,95177,-51539275.00,6479824.00,221256583.00,367811199.00,356590.3,323680.9,264617.8571,195622.1429,194159145.00,136155046.00,1953104,1834671,185368.6667,193130.3333
2026-03-19,230483,256037,108850,95452,92403,124596,6177478.00,-5978585.00,679464497.00,91049746.00,375477.7333,338174.2,266962,186716.4286,160906805.00,334534968.00,1921567,1815752,151767.6667,186596.6667
2026-03-18,150572,139578,63920,69573,64210,55060,-2784380.00,3906129.00,218774396.00,105427009.00,393745.4,353003.8,283677.2857,191570.4286,99437448.00,116086458.00,1895145,1801926,187101,279807.6667
2026-03-17,198336,160491,87799,83606,64272,74810,2210646.00,-1800491.00,267595099.00,104204261.00,403533.6,359832.4,360372.7143,245186.5714,145785132.00,123208684.00,1877627,1777653,223887,350501.3333
2026-03-16,210882,155234,105280,84062,55915,75233,4108645.00,-18012999.00,248693501.00,92563554.00,410259.4,365984.6667,386615.5714,258567.4286,61183207.00,163735941.00,1848034,1723424,219338.3333,354017.3333
2026-03-13,430205,245578,185884,208616,109231,98039,-1225913.00,674165.00,364832361.00,111155278.00,415936.7667,375687.6,389189.1429,262812.4286,189576046.00,77541968.00,1977546,1848958,202044.6667,292913
2026-03-12,410417,270849,187406,178228,104183,110585,5723674.00,-1001959.00,691218547.00,151080957.00,414553.9,375128.6667,378473.1429,261203,318259718.00,100922647.00,1945713,1810330,169613.6667,245300.3333
2026-03-11,221430,141588,97441,103738,56040,58476,5644321.00,3383200.00,262933379.00,81214751.00,412770.5333,374811.2667,418647.5714,284966,53686531.00,133617652.00,1930297,1786998,301019,416558.3333
2026-03-10,246892,193697,105365,116858,80987,77325,-6495353.00,-1325869.00,320898879.00,114317994.00,410336.0333,372163.1333,448373,299613.1429,82494994.00,154715510.00,1905035,1763140,319420,465788.3333
2026-03-09,267579,173556,119339,123341,65336,82170,2588277.00,-12784665.00,301491435.00,168714651.00,413536.7,376291.7333,453543.8571,324426.8571,101320579.00,198376550.00,1902076,1731800,353332.3333,526002
2026-03-06,735204,535804,345923,304424,246338,218918,25626131.00,-9353286.00,438736286.00,403678953.00,398384.8667,365998.5,393527.1429,281218.8571,293291985.00,244722519.00,1985336,1876777,261258.6667,392735.6667
2026-03-05,394582,248900,170649,180197,88926,108215,-3973808.00,-5526628.00,675243974.00,161662520.00,400467.6667,367547.3,371626.7143,273395.4286,103613058.00,261932797.00,1969216,1834302,280935,428758.6667
2026-03-04,448220,275293,203277,191579,114245,118054,14157575.00,8746945.00,315736426.00,282196772.00,394231.2333,365726.7333,345329.8571,274840.7143,242087223.00,173438253.00,1914832,1781150,287913,431008.6667
2026-03-03,335405,259583,153901,144440,90409,114908,13872521.00,-2682482.00,328800806.00,168083131.00,408244.4333,370412.9667,358820.1429,280619.4286,110301524.00,213705769.00,1868392,1754671,317136,420465.3333
2026-03-02,502651,307929,242664,204265,122146,129166,19453580.00,-1196976.00,498403503.00,248866122.00,403078.6,367784.2333,323966.7143,309929.1429,159552647.00,263022313.00,1789796,1672814,292275.6667,357944
2026-02-27,454970,296227,225318,185427,122118,116743,8805047.00,-10355922.00,411007295.00,126088646.00,397538.6667,365876.2333,317050.7143,316131,78134394.00,97770363.00,1890665,1815059,258245.3333,286713.6667
2026-02-26,303775,347252,133008,143825,112809,125733,4080951.00,-3411342.00,1127517239.00,115264178.00,395365.8333,359339.2667,312127.4286,308538.7143,87678379.00,110087312.00,1871521,1781828,237631.3333,273502.6667
2026-02-25,315087,233348,150455,128380,95400,104491,10071928.00,3087058.0000,195624557.0000,123428757.00,395302.1,356437.8667,322900.2857,338628.1429,92609809.0000,100566529.00,1835361,1737259,259860,311752.6667
2026-02-24,241279,194136,99932,112739,71328,86618,2031673.00,-12089280.00,322072405.00,88172801.00,399370.5667,358101.1667,351923,463384,74442714.00,88563667.00,1814017,1674608,366180.3333,317552
2026-02-23,264142,285410,118232,116950,118277,112742,-33463525.00,-17787226.00,469656922.00,253226363.00,404764.7,358564.8,352574,475879.1429,185556655.00,169854856.00,1742976,1610353,384257,365024
2026-02-20,429837,300034,201874,183172,125423,132501,2729863.00,1597427.00,287205274.00,99336538.00,403723.2,358291.9667,328844.4286,474225.5714,83060559.00,83490835.00,1994130,1988092,382281,311515.6667
2026-02-19,258677,513097,121684,107009,201701,233459,4817953.00,-28239357.00,1041566304.00,92889033.00,404383.2,347277.5,359797.8571,436294.4286,280093755.00,451146595.00,1979820,1947365,359240,355455.6667
2026-02-18,406558,339640,177595,179961,149408,150300,3547856.00,13401882.00,267080751.00,163282074.00,403251.5,342022.5,369087.8571,441339.8571,189199176.00,149248865.00,1942730,1906992,601835.6667,368082.3333
2026-02-17,269312,294106,127437,111103,117182,137729,10999344.00,-14651464.00,390204992.00,98168199.00,419662.2,346239.3333,424459.1429,506151.4286,153173380.00,175968313.00,1915535,1849013,628092.3333,367878
2026-02-13,390497,443974,187922,162138,188238,170015,6553466.00,5548008.00,645553456.00,110267776.00,414449.2,338419.9,482546.1429,541417.4286,115781161.00,105109385.00,1970642,2017858,576254,325622.3333
2026-02-12,444438,1067427,172013,218725,392235,400126,-17025235.00,-18033959.00,2564065900.00,155602700.00,408117.1,308555.6,518855.2857,472423,525470063.00,681017767.00,1941296,1928719,302971.3333,335926.6667
2026-02-11,268699,372876,111721,127399,149764,162001,-9793744.00,-9934831.00,435094615.00,109002307.00,409071.4333,302076.1333,550752.8571,471347.7143,133072552.00,194744759.00,1912134,1889902,303665.3333,403556.3333
2026-02-10,263730,288459,98001,133304,124857,122257,-29449427.00,2157002.00,190151131.00,164600010.00,412513.9333,299294.8667,572028,478682.4286,140392200.00,105258871.00,1865321,1850631,456774.6667,534616.6667
2026-02-09,475351,247579,233266,193670,100454,99663,-10556022.00,4099715.00,359905472.00,257860201.00,401011.6,293992.0667,589910.1429,519980.5714,172886727.00,176533580.00,1817549,1773707,604527,641868.3333
2026-02-06,471588,374958,218407,205227,165286,148343,1551805.00,10468056.00,355039076.00,176040195.00,395412.0333,286870.9,575244.8571,502712.4286,162428322.00,155363773.00,1905892,2028435,674363,717539.6667
2026-02-05,656911,747787,251482,281525,268083,301826,-28933283.00,-23989285.00,1780322817.00,311875909.00,386324,270449.9333,505390.2857,414752.2857,447582987.00,543555647.00,1883591,1876330,546883.6667,662563.3333
2026-02-04,797106,690836,335408,369128,300343,295889,-10730377.00,-9500698.0000,508997958.0000,391052871.00,383802.6333,261594.7667,416354.7143,332383.2857,363162157.00,366966698.0000,1820162,1757518,429872.3333,534413.3333
2026-02-03,698602,584466,301524,322349,258928,257062,-4580261.00,-3030881.00,292301525.00,378583611.00,376599.4667,251907.5,368497.1429,291375.8571,269948486.00,268355856.00,1779797,1719537,413939,501721.3333
2026-02-02,491982,365349,214652,207711,151872,151958,-1949141.00,6409697.5000,226239191.5000,269729150.00,377281.2333,247112.2333,338306.7143,271612.7143,213588938.00,205179279.5000,1646295,1568454,376849.6667,460704.3333
2026-01-30,412656,339802,172197,191141,156276,132695,-21502963.00,8329326.00,222921306.00,216018489.00,372907.6333,243761.4333,344651,265264.4286,199938092.00,158242478.00,1682630,1700994,307604.3333,379128.6667
2026-01-29,600526,536666,245259,292106,246231,214728,-43944396.00,-3781802.00,863474614.00,292663879.00,360644.4667,231261.2,296165.4286,220123,434366708.00,318538402.00,1630713,1590761,166800,236905.6667
2026-01-28,368931,254081,145692,165441,114672,106218,-52691346.00,4117285.00,178487954.00,226347110.00,364334.8,233984.6333,351432.5714,240992.8571,179813078.00,120804577.00,1585031,1530072,181244.3333,235128.3333
2026-01-27,167929,132066,68366,80526,54838,58515,-7702963.00,3380941.00,123777777.00,89286682.00,374382.3,237508.2,377110.7143,254850.1429,73262482.00,60772203.00,1560369,1506885,212891.3333,272701.6667
2026-01-26,173857,114253,69390,84927,45113,49376,5265845.00,-5903174.00,102546895.00,145579709.00,384218.2,244731.5667,393527.1429,272669.2857,82612614.00,93781633.00,1532460,1466081,273261.6667,367104.6667
2026-01-23,363599,297414,172235,153808,121486,129600,2424434.00,-4735766.00,162091115.00,135043917.00,375864.8333,238725.3667,375668.7143,251773.4286,87557832.00,101226406.00,1608707,1601169,247682.3333,332947.3333
2026-01-22,280649,227007,120330,130234,91726,96520,-9454643.00,-13962068.00,361223094.00,112830891.00,372839.1,236369.2333,380315.2857,240244.7143,112380665.00,129008540.00,1586015,1540400,305403.3333,491331.3333
2026-01-21,457066,295364,196220,213952,129915,130167,46915811.00,-6892125.00,210837110.00,270255222.00,370316.9667,234126.4,366924.8571,232912,166647185.00,223984811.00,1552079,1482752,283304.3333,454868
2026-01-20,261127,220676,110133,117267,100234,87586,-8325889.00,5624691.00,173180157.00,153562313.00,372541.8333,232337.1333,390473.2857,244146.7143,124965552.00,110402247.00,1498881,1446215,289408,464083
2026-01-16,755801,400170,299242,393414,175937,177878,-211753178.00,3174668.00,148559175.00,697798451.00,355532.7667,224328.1,339443.4286,228672.2857,487614553.00,271771043.00,1910081,1914297,206399,291679.3333
2026-01-15,347676,229067,162849,155488,95970,90747,37773594.00,10539779.00,284255360.00,309551442.00,354271.6667,223903.5667,329557.8571,222043.1429,170616439.00,208590601.00,1891257,1868898,178812,280179
2026-01-14,288772,238987,128591,134052,101953,98806,-3111729.00,4477604.00,117057211.00,137940025.00,351542.0667,220587.0667,341534.2857,213900.7143,120506829.00,84604423.00,1838298,1845025,180494.6667,305032.6667
2026-01-13,238590,151143,104435,106864,62164,71737,-70715351.00,-109622.00,63572238.00,240095214.00,350875.7333,220138.9667,416254.7143,252396.1429,166797519.00,95042566.00,1811206,1811202,229886.6667,367491.3333
2026-01-12,313175,146306,141999,137935,53628,70654,40526338.00,-6542599.00,65332177.00,244908468.00,353462.6,222174.8333,404959.2857,261408.2857,110943934.00,162251530.00,1778324,1725472,278401,395963.6667
2026-01-09,363333,244035,156492,158177,108623,109298,29798624.00,4388901.00,60683205.00,166378572.00,349556.8,221723.2,389408.1429,251045.8571,83867031.00,110327554.00,1868402,1869771,257943.6667,367678.3333
2026-01-08,425966,299319,170351,210255,116699,130900,-72578514.00,-866521.00,202869271.00,278798473.00,345807.2,219571.8333,371031.4286,233784.8571,206959329.00,147787836.00,1854901,1837923,218834,349892
2026-01-07,398592,291849,181725,165973,123571,132033,22136745.00,-11945352.0000,107525302.0000,294578837.00,352814.8333,228119.8,366519,221380.8571,165404355.00,198585052.0000,1813537,1809038,261754.6667,470905.6667
2026-01-06,278477,182663,141230,105995,74963,80528,31151685.00,-4670773.00,90815857.00,220918800.00,363675.8667,246975.3667,345348.1429,207928.2857,120041956.00,155787414.00,1780391,1784371,270664,456115.6667
2026-01-05,372607,181990,166097,173810,69323,80577,47012646.00,-5632620.00,98652370.00,317210646.00,363614.5667,249119.7333,335490.1429,204975.8571,156023210.00,218653976.00,1742820,1710443,267166.6667,416738.3333
2026-01-02,761633,420611,313194,369531,195828,170090,-189743660.00,7413666.00,210197420.00,502618516.00,347483.5,245033.8333,281581.1429,181339.7143,416450082.00,215043781.00,1744383,1821622,186460.3333,261970.3333
2025-12-31,234107,209391,93293,108192,81524,86918,-13831657.00,2690207.00,261010115.00,162657857.00,349865.0667,247104.8,351203.7143,212166.8571,111496422.00,104331078.00,1724378,1788662,185003.6667,306269.6667
2025-12-30,254475,171498,100475,117896,84032,62346,-15346456.00,9249167.00,103987723.00,161539454.00,359358.1,258937.7667,383779.7143,229645.4286,104066311.00,75199833.00,1699949,1760778,157336,264871.6667
2025-12-29,297329,178492,115285,160785,72315,72161,-41698837.00,6922392.00,84522848.00,185970982.00,369184.4667,269741.9,414509.1429,235788.1429,143878236.00,93088241.00,1659661,1731144,151613,266962.3333
2025-12-26,367005,205021,142343,190314,91651,90719,-51138535.00,-1552582.00,50570177.00,174250662.00,372764.9,272226.9,402286.7143,240682,127255205.00,76535352.00,1759647,1869778,168325.3333,272717.3333
2025-12-24,130281,88495,61434,56905,37314,38241,-11510318.00,-3338897.00,22640615.00,107126864.00,377846.3667,276901.9667,416908.1429,251134,63622763.00,49800842.00,1745792,1851736,280554,469778.6667
2025-12-23,303601,161323,126174,141489,58119,83994,10827678.00,-862940.00,52920973.00,202069702.00,389510.1,286519.0667,442056.7143,276057,111622479.00,125081897.00,1696146,1816652,324729,529414
2025-12-22,384270,255158,159390,188486,98685,130041,-2040519.00,2239165.00,88668013.00,241925513.00,399830.9667,297979.9333,454211.5714,273573.4286,153953636.00,148547987.00,1667602,1744132,313506.6667,572135.6667
2025-12-19,721465,425181,342344,313056,171622,205838,12598892.00,-11966138.00,101142645.00,342468272.00,397671.3,301637.8,418135.7143,260112.4286,176537819.00,202000439.00,1907876,2013371,251539,425463.3333
2025-12-18,482507,293848,234933,212293,138874,123935,27818369.00,-7057840.00,70488355.00,439094291.00,403315.4,305325.0667,365348.7143,234881,208487504.00,278013023.00,1845844,1981343,207476,342171.3333
2025-12-17,512435,221491,218935,250994,108351,87889,13842460.00,16010588.00,89294477.00,241752592.00,415773.6,320532.1,319269,225571.2857,153586977.00,148215289.00,1833934,1924771,245573.6667,331240
2025-12-16,281448,239278,128191,123660,108971,100097,11400213.00,-4570374.00,74178978.00,136059425.00,425158.5667,327119.5667,333548.1429,223971.4286,84665019.00,100635719.00,1790662,1889589,245072,393875.3333
2025-12-15,232631,161659,111794,96191,66066,71873,-2510783.00,2216278.00,56555470.00,135924297.00,445359.8,334618.6667,347154.1429,224734.1429,89722501.00,83717634.00,1761664,1838854,301503.6667,472643
2025-12-12,479641,335784,213184,224135,163152,133492,4259058.00,6730565.00,85915708.00,205652765.00,443930,331303.6,313709.5714,199607.7143,132961215.00,130571732.00,1858599,1936986,228651.6667,350428.6667
2025-12-11,469354,237773,190554,212586,102711,109012,-13187328.00,1792698.00,68196486.00,188736364.00,451929.6,334594.2,290922.2857,196544.5714,118550110.00,107144584.00,1826984,1885189,201501.6667,257269.6667
2025-12-10,468934,330954,212900,206053,143284,154658,12558491.00,-6846073.00,101770578.00,309285027.00,448408.1667,328480.5333,253486.5714,169192.8571,175078340.00,194368023.00,1773146,1874925,167210,228092.3333
2025-12-09,112998,117228,49957,50958,45337,49937,11574513.00,279641.00,54154241.00,126007900.00,460772.1333,332470.7,268572.5714,172117.4286,75488774.00,86308062.00,1761007,1864001,183800,299717.3333
2025-12-08,189877,156323,77448,91458,70457,66174,538323.00,7344257.00,61891463.00,93936595.00,471106.5,338589.8333,297273.1429,179411.5714,72871409.00,65661585.00,1717854,1825393,184992,318268
2025-12-05,381402,228079,177879,157239,94031,107812,27082250.00,-7690011.00,60575161.00,252564604.00,467842.0667,338025.1667,277952.7143,179755.4286,121684226.00,156910757.00,1819064,1940431,181076,294415
2025-12-04,327873,166998,142052,143702,73365,74186,-2487609.00,-254261.00,57992924.00,155781075.00,472866.2,343930.2333,275896.2857,189438.2857,92920808.00,89895150.00,1787734,1902526,171907.3333,254085.3333
2025-12-03,245529,159899,118140,100694,65377,74346,11243788.00,-3543657.00,70464280.00,141041192.00,471772.0333,343015.9667,327795.1429,244922.4286,88693316.00,103017261.00,1757020,1861586,164507.6667,245109
2025-12-02,309843,216331,157649,116995,94332,94938,2699501.00,450653.00,86832616.00,172154823.00,468937.0667,340770.2,369861.5714,320922.2857,106318984.00,123853187.00,1728403,1828818,161524.6667,272088.3333
2025-12-01,206884,139492,88703,99533,54092,68709,3288365.00,-7986912.00,59151234.00,79555796.00,477936.5333,347043.1,393273.5714,336183.5714,57695248.00,69015935.00,1703166,1767547,191856,285180
2025-11-28,218600,137700,110505,90145,60852,63079,-2258205.00,-1003033.00,28564607.00,87112652.00,486322.2333,350677.6333,401716.5714,359088.4286,53223722.00,51968550.00,1824619,1930794,224215.3333,316806
2025-11-26,390781,207382,184690,171899,92653,90102,31430376.00,-3875574.00,78828469.00,182226110.00,482948.9,349686.8667,389541.2857,368251,97739003.00,133044953.00,1780466,1871487,337850.6667,389486
2025-11-25,246159,230486,111226,104278,92592,112590,10614438.00,-10860558.00,103672414.00,106094120.00,485749.1667,348696.3333,431413.7143,410536.8571,80843713.00,110104009.00,1753213,1839186,510465.3333,508869
2025-11-24,313478,234778,146375,130607,89693,118493,18601814.00,-18646747.00,113176668.00,198295932.00,486021.2667,347293.7333,471219.7143,448799.4286,122703086.00,158763847.00,1708675,1770452,514313,527965.6667
2025-11-21,608821,548288,266521,289055,238112,256312,-13768445.00,-23261783.00,290694287.00,275039654.00,483859.7333,343776.3667,452019.2857,410411.2857,248132393.00,257469929.00,1909310,2062263,430895,417592.3333
2025-11-20,604308,748330,261127,290266,339532,350135,7590466.00,30760901.00,1031718449.00,331322328.00,481280.5667,326521.3,406078.8571,336185.1429,575351122.00,697239602.00,1908658,1996681,271958.3333,318007.6667
2025-11-19,370768,246321,158122,174971,112068,104231,-8211508.00,266827.00,135525305.00,149979649.00,476225,323324.6333,446471,365258.7143,128739435.00,120261100.00,1863635,1982005,365347,374173.6667
2025-11-18,277701,298034,123186,126798,122600,137347,1395101.00,-11915471.00,165579240.00,152328785.00,480709.2,321830,505927.4286,408251.5714,132980648.00,148095640.00,1845138,1941119,433541,478980
2025-11-17,305554,271520,123855,150407,123237,115534,227206.00,-1084865.5000,156086259.5000,199913908.00,482072.9,320018.2333,556087.5714,445879.7143,158573421.00,159096984.5000,1784207,1885388,436224.6667,535268
2025-11-14,539266,526487,258614,231181,232877,240275,23753757.0000,3822227.00,190838124.00,234046558.5000,497299.9667,327983.3333,572168.1429,428448.1429,181818808.0000,201283898.00,1883434,2094123,336978,449754.3333
2025-11-13,592120,502616,241071,292488,238509,206421,-74588643.00,14721943.00,253023108.00,315452493.00,492309.4,318092.4,614176.8571,453460.4286,300184225.00,194094004.00,1830999,2012238,319384.6667,470218.6667
2025-11-12,474418,279571,180374,238546,132296,115283,-35722547.00,11287091.00,113874250.00,371124015.00,487365.4,316290.3,626831,475936.2857,246682104.00,200777715.00,1810451,1955987,425855.6667,543378
2025-11-11,282725,228747,113647,131741,92093,105407,-12128691.00,4347649.00,96674080.00,181935717.00,487633.7333,314289.1333,706251.4286,498491.2857,130544626.00,114833146.00,1793721,1937271,527912.3333,668028
2025-11-10,653513,449836,307202,271223,172228,217186,104920342.00,-92332.00,186804401.00,555873652.00,474061.2333,304365.8667,675284.8571,467990.7143,291113900.00,383976680.00,1718919,1850048,512789,667467
2025-11-07,693896,598984,312110,310266,252785,282111,744561.00,-21179872.0000,249299201.0000,297201507.00,471385.4333,294402.4,677491.4286,430491.7143,228221288.0000,252374935.00,1858750,2124760,539028.3333,731562
2025-11-06,656675,534917,263111,328443,250161,229951,-23772249.00,3662085.00,314580483.00,386184290.00,469141.4,288859.3333,635579.4286,375152.7143,331994034.00,304955780.00,1829344,2028860,506356.6667,700336
2025-11-05,651830,404466,271690,307677,168711,186599,-95574839.00,-5486944.00,188061501.00,580682675.00,458258,282572,611591.8571,351219.4286,376095086.00,286955647.00,1785724,1942281,500412,762615.3333
2025-11-04,886181,677702,347714,430942,301867,295413,-44684958.00,14946317.00,330052893.00,718454362.00,449564.9333,268161.4333,556410,302961.5714,488553748.00,400820685.00,1719993,1801363,353288.6667,612804
2025-11-03,562997,436902,245362,245439,178049,197984,-1940763.00,-10211089.00,243730781.00,749388592.00,441165.7667,262473.7333,516477.4286,270709.7143,435001533.00,443799007.00,1549618,1645916,319818.3333,661585.6667
2025-10-31,838668,386632,353969,399075,170822,168657,10654710.5000,6949292.00,159705691.00,681607872.5000,443287.3,266662.7333,465038.7143,264640.8571,421116841.5000,317959572.0000,1686043,1782557,240122.3333,503126.6667
2025-10-30,436747,236332,184984,215938,100292,108833,-54525153.00,575321.00,88246822.00,369015923.00,454314.8667,272038.4,433032.5714,249803.5714,237853787.00,184925263.00,1660958,1739165,240322.6667,518850
2025-10-29,709342,336491,326740,300894,141497,148281,-30920678.00,-1029990.00,157097824.00,740392228.00,445798.9,272428.8333,363811.4286,223013.1429,424746493.00,393955335.00,1598241,1695473,241458,449038.6667
2025-10-28,363291,147544,156832,169460,68089,61250,-9307374.00,5178897.00,62634759.00,227544057.00,439825.8333,272039.7667,380036.7143,248746.7143,138635523.00,124146452.00,1564366,1664672,262656.3333,422431.3333
2025-10-27,483917,236933,225321,207774,96255,113593,12399356.00,-9053889.00,98101230.00,349421605.00,435273.1,270842.4333,378073,250147.1429,189218749.00,209342486.00,1540528,1595734,298395.3333,420658
2025-10-24,499908,339897,222664,217405,137592,155516,5830992.00,-4368773.00,86256515.00,200244973.00,441410.7333,273181.1333,348026.2857,226970.2857,116531680.00,124763420.00,1668767,1721357,229253.3333,324923.3333
2025-10-23,283469,211139,134053,118349,94127,92606,7398617.00,-5928219.00,64577657.00,139163759.00,441945.0667,273188.7333,354697.4286,225489,85168115.00,98494951.00,1622755,1706163,208526.3333,305365
2025-10-22,478597,344150,172066,241090,158177,143697,-34811837.00,5174053.00,133954923.00,217421631.00,448513.7333,273208.4333,332275.1429,203853.2857,174733936.00,134748046.00,1573304,1664074,203036,304788.6667
2025-10-21,212704,132471,83001,104505,56927,57356,-64050949.00,-114138.00,51842264.00,222571881.00,459364.8,280077,379599.5714,248181.2857,154080973.00,90144162.00,1554393,1632576,241124.3333,390611
2025-10-20,224794,148958,100107,98542,50597,75408,7457992.00,-8366581.00,54424511.00,131972735.00,461829.1667,282844.6333,422762.2857,259855.5714,73570493.00,89395066.00,1518793,1580853,250691.3333,412206.6667
2025-10-17,476868,327679,204996,222454,146884,142606,-1226911.0000,8545743.00,100417729.00,214461313.0000,471835,292080.4,385938.4286,234533,145878840.0000,139410142.00,1791680,1894639,208388.3333,363306.3333
2025-10-16,470171,246736,199425,214830,104527,109487,1081912.00,6632223.00,105856955.00,187808942.00,467964.5667,294103.0667,377660.7143,235455.7143,127941211.00,122390900.00,1759618,1849996,190376.3333,313796.3333
2025-10-15,289581,177659,123624,135804,82417,75038,-4983040.00,3388287.00,70296179.00,145679133.00,471553.9333,299755.0333,385787,241099.7143,100671492.00,93821440.00,1737117,1829354,278745.6667,398594.3333
2025-10-14,330167,200770,145212,143626,84926,90265,6243334.00,-3304081.00,93237799.00,237066998.00,471461.9667,304456.3,480917.1429,321766.8571,143577577.00,153101756.00,1712789,1805260,288715,464183
2025-10-13,321641,192700,134962,148718,80373,87036,-4132647.00,-7262659.00,101210531.00,265356026.00,475924.4667,310189.2667,498168.8571,323650.8571,152166821.00,165819883.00,1677878,1739306,274622,430003
2025-10-10,543975,442767,224863,260648,201115,189796,-21649020.00,10658428.5000,143636801.5000,254629751.00,472216.2333,307638.5,467043.5714,292613.8571,194180803.5000,161188355.00,1771874,1881796,211431.3333,386087
2025-10-09,526933,230678,220588,239301,95914,101247,-2622401.00,-2117216.00,77703386.00,216181472.00,469443.3,310547.2,433306.7143,283761.5714,128441255.00,129808770.00,1752788,1839602,206927.6667,325931
2025-10-08,219101,150421,94916,101064,60713,67459,3515879.00,-5476268.00,60189088.00,147188454.00,477115.5667,315784.4667,437197.7143,284006.8571,89652570.00,95459717.00,1741095,1819622,411934,584923.3333
2025-10-07,412227,253195,174779,186180,109610,112632,6581314.00,-1322854.00,102849891.00,263451025.00,478621.6333,321712.1667,465968.4286,290704.7143,157057101.00,164961269.00,1710930,1800483,396165,594982
2025-10-06,346465,217167,160632,149093,90004,97912,26790188.00,17481.00,95876273.00,230813090.00,498669.3667,338253.6333,500666.8571,312341.5714,132319360.00,159092060.00,1672510,1760641,398945.3333,588193
2025-10-03,996078,765440,404741,488016,359196,323178,-59852664.00,12478986.00,257931236.00,469220543.00,485973.5,331475.3,404845.4286,233828.1429,361405982.00,287964082.00,1733047,1851682,200036,353092
2025-10-02,442403,205888,203734,180492,72835,99407,24488939.00,-5246916.00,67453803.00,246493249.00,514943.6667,367381.1,430986.2857,239470.5714,125834339.00,152634222.00,1709448,1793594,182119.3333,287737
2025-10-01,326098,225508,146960,138688,79219,116841,13954957.00,-8064241.00,87436450.00,231332085.00,533780.9667,388236.7333,428832.5714,245293.8571,129030802.00,151063120.00,1676507,1763004,206976.6667,383578.3333
2025-09-30,290775,168712,138390,120715,72372,76155,35775828.00,-2236253.00,62549389.00,190082954.00,535051.4667,394689.8333,516195.2857,294378.1429,94861169.00,132873250.00,1636617,1728492,273614.3333,483104.6667
2025-09-29,246338,152138,104476,113393,58848,67336,17199455.0000,3338314.00,60607061.00,151864991.0000,544104.9667,405883.2333,590657.5714,329444.4286,87443518.0000,101304659.00,1606303,1687126,294850.3333,509434.6667
2025-09-26,613622,300080,258645,289110,127514,139618,-12146231.5000,-2917982.00,78718329.00,183968054.5000,537001.1667,406942.1333,567834.8571,336319.2857,121779094.5000,112550845.00,1744428,1853245,276618.6667,513357
2025-09-25,589354,368625,258614,269917,158692,172025,-23746417.00,935804.00,118528206.00,322322308.00,526062.0667,405957.6,509941.2857,303068.8571,212008135.00,187168644.00,1712193,1821098,242500.6667,420579.6667
2025-09-24,325328,215846,126027,163433,105268,86694,-22903249.00,5925834.00,85147605.00,227374382.00,527709.8333,408633.2333,513085.1429,300949.8571,157852761.00,129023678.00,1672005,1797548,341319.3333,612908.3333
2025-09-23,625389,245385,282055,280699,112784,105946,15933624.00,5259038.00,87462809.00,368004295.00,516186.3333,411076.1,521463.4286,324474.5714,199468066.00,216793442.00,1633926,1752287,392058.3333,660303.3333
2025-09-22,311022,266271,129614,146048,124055,97212,-9009979.00,5563403.00,86461273.00,231847652.00,527307,423121.7,519817.2857,316631.1429,149883578.00,130770129.00,1553404,1704124,419369.3333,707917
2025-09-19,902314,512302,401270,378339,205846,246964,20772911.00,-19725616.00,131165520.00,665350591.00,516559.6,424129.9667,487437.7143,292693.8571,340471376.00,388067797.00,1991772,2052188,293892.6667,468512
2025-09-18,767574,397602,378449,300225,154279,188214,49690222.00,-13322383.00,122485866.00,562100510.00,511829.6,426953.9,454675.1429,284254.7143,258548742.00,341580798.00,1928248,2018296,228363,328432.3333
2025-09-17,453863,348204,190193,216282,163659,146504,-54988979.00,968290.00,109266796.00,359649487.00,522526.2667,442118.1667,432512.5714,267652.2857,235896357.00,179939174.00,1880103,1969390,248981,405157
2025-09-16,184099,135872,80106,80125,63753,58355,-5252304.00,768467.00,40753216.00,259585959.00,535538.7333,453227.9,517218.8571,334635.1429,139780559.00,137767788.00,1856416,1948701,274146,443623.6667
2025-09-15,347335,201013,151446,156480,81330,90481,12818111.00,1187753.00,71424193.00,355429382.00,541650.5333,458404.8,518179.2857,349835.5714,184289706.00,199681966.00,1819181,1906474,322055.3333,553064.3333
2025-09-12,684037,410058,314967,297500,169663,205650,59199702.0000,-8356725.00,82246327.00,342351930.0000,529739.0667,451429.8333,477211.4286,340858.4286,151281852.5000,218838279.5000,1951109,2060309,298212,504464
2025-09-11,299499,211367,125733,140688,92749,94768,-56338803.00,3420536.00,54842591.00,188460690.00,526791.2333,449740.2667,481198.4286,359492.8571,142917978.00,79689399.00,1932469,2029863,305085.3333,504206
2025-09-10,675657,344741,291468,297019,136833,161504,11811736.00,-6316981.00,96637716.00,354564392.00,511680.5667,444741.1667,449749.7143,362342.5714,189468806.00,208745350.00,1901789,1984795,391755.6667,538001.3333
2025-09-09,538236,338528,279319,195283,131592,161681,27302207.00,-6983383.00,103780089.00,305508295.00,504569,443405.1333,434677.1429,366302,119343828.00,245841067.00,1850984,1901016,381385,476608.6667
2025-09-08,298725,231987,114714,141567,92747,106959,306856.00,-3512315.00,88015317.00,207446241.00,520014.4,452095.1667,455394.2857,378580.8571,131681755.00,114970126.00,1803377,1840435,419795.3333,509454.3333
2025-09-05,777043,604752,353091,362175,258834,264973,-23721439.00,5313760.00,182315814.00,224717065.00,501814.1,438692.1667,408569.4286,336121.8571,190986122.00,158308823.00,1909003,1965498,332147.3333,359576
2025-09-04,354058,307416,148086,168677,129036,138283,-10052090.00,-1726880.00,137123694.00,126322701.00,498860,435439.2333,423333.8571,353780.4286,115268095.00,114145185.00,1870384,1941034,351238.3333,393395.3333
2025-09-03,397262,347218,162750,190915,147287,154814,-6542170.00,2853771.00,129171120.00,152256840.00,494943.6,432097.3333,501996,406093.7143,126368567.00,116972626.00,1832976,1908595,357580.3333,405217.3333
2025-09-02,327408,341808,144376,147787,138345,162234,-4944710.00,-7492599.00,125075803.00,180750814.00,493401.7667,427739.3333,543109.4286,437562.5714,134982234.00,142675024.00,1770521,1832656,349624,443996.3333
2025-08-29,455516,364689,168850,223476,150063,169073,-15487319.00,-2782208.00,93826454.00,177106136.00,490467.7,425280.5,665394,568758.7143,120049764.00,109814669.00,1903313,2026072,330574,441914
2025-08-28,432728,366244,190541,200726,151471,174921,783454.00,-12602969.00,230962016.00,128686590.00,497065.8333,425630.1667,730892.4286,638034.8571,133581340.00,175961613.00,1871213,1978940,352168,450141
2025-08-27,443745,317939,177820,216528,146103,130859,-7437725.00,9034997.00,101997071.00,205176918.00,493665.3,423112.5333,714484.5714,644372.8571,142610220.00,128102298.00,1830876,1910209,483992,618191.6667
2025-08-26,449269,307539,204951,189633,119269,149903,51899628.00,-10513874.00,109740468.00,251452265.00,492211.6333,420862.0667,724295.1429,670144.4286,131313082.00,193726676.00,1792801,1864858,568842.3333,673502.6667
2025-08-25,457409,431026,190759,209079,189031,183509,-37802420.00,-2371836.00,162745141.00,262860981.00,493621.5333,417422.3667,716166.4286,655976,208234189.00,172317465.00,1705167,1796776,852854.3333,958202.3333
2025-08-22,947897,713411,418595,428433,312043,321467,9786197.00,-6400841.00,167530575.00,332880138.00,476563.5667,403014.6333,618064.1429,602501.4286,215906489.00,232198527.00,1902906,2072635,898776.3333,939309
2025-08-21,615202,562090,274105,272826,228430,274230,-9115199.00,-7165350.00,285209679.00,270004953.00,469916.3667,392432.7667,583715.4286,564505,207356992.00,296214763.00,1836771,1981883,832181.3333,843871.6667
2025-08-20,1311508,1283062,578622,580432,566197,566600,15900897.00,1302905.00,684685919.00,669835275.00,444857.4,357216.7,436312,426734.8571,600103820.00,615712212.00,1731992,1793529,567140.6667,579350
2025-08-19,891217,851177,345972,454999,404844,347170,-42404870.00,19472639.00,443898421.00,522775773.00,424655.1667,334348.3667,401087,394800.8571,477563791.00,402709700.00,1628860,1640300,394030.6667,415780.3333
2025-08-18,328890,362305,128517,161288,161353,153356,-10283371.00,5015481.00,142153212.00,176031474.00,427105.4667,329623.0333,436944.4286,420550.1429,149193118.00,133894266.00,1560665,1569362,386292,393210.6667
2025-08-15,517943,487940,222581,244152,223028,210867,-11492035.00,8620221.00,148618506.00,259588146.00,420082.4667,319999.7,452334.5714,419747.2857,193694692.00,173940166.00,1881792,1843306,322350.3333,345483.3333
2025-08-14,400508,331847,153923,200940,149949,139625,-20372354.00,3369371.00,103772105.00,344278739.00,418388.3,316299.1333,505799.5714,487073.7143,217759419.00,191039161.00,1866346,1781947,317958.3333,305208.6667
2025-08-13,261181,339089,109467,121584,150873,139338,-1080906.00,2616180.00,103980500.00,192643355.00,428559.8667,316875.3333,550555.5714,505655.8571,133163281.00,129466195.00,1816690,1750207,414141.6667,433029
2025-08-12,374761,296115,148033,134957,113128,145516,3775931.00,-12801085.00,96448940.00,262851118.00,429719.3,315434.7667,572831,514256.5714,144811017.00,161388033.00,1777821,1712441,496286.6667,501406
2025-08-11,279684,318671,110954,135399,142820,136590,12278542.00,4473790.00,113448601.00,272747958.00,450699.2,320658.7333,579546.5714,497419.1429,171602318.00,181226309.00,1726284,1655044,550836.3333,616736
2025-08-08,644642,627639,280971,296104,256333,303047,8450957.00,-21869819.00,157159231.00,528534423.00,445061.7,308333.2,517606.8571,430710.7143,293821985.00,325925477.00,1942958,1877914,609334,660109.6667
2025-08-07,579892,542550,235821,279895,238421,243327,-25294473.00,-6917999.00,165620312.00,487928994.00,437350.8333,297494.1667,466527.5714,381027.5714,314173581.00,280581842.00,1854406,1839949,584872,658303.3333
2025-08-06,625674,482320,257773,259086,187993,240922,9194530.5000,-17695578.00,157416015.00,528857348.5000,425173.4333,287976.2333,423558.2857,354760,287246040.00,329016438.5000,1758676,1770057,542872,626641.6667
2025-08-05,774763,803132,324956,361376,339279,362680,-3846735.00,-12416685.00,230057773.00,755736879.00,409637.7333,267847.1333,421747.4286,310410.8571,435820522.00,443923407.00,1649259,1723022,342097.6667,477285
2025-08-04,574473,469164,259828,242122,192369,211426,12226314.00,998226.00,204612512.00,476473254.00,409370.2333,261635.0667,372684.7143,272339.1429,296785324.00,301652950.00,1470110,1608663,239269.6667,356148.6667
2025-08-01,530689,356320,237130,237506,159220,152191,2413388.00,2955627.00,124897418.00,257222355.00,400141.8,255506.7667,334791.2857,251411.7143,166970574.00,166785735.00,1581968,1744816,185419,253364.6667
2025-07-31,326693,200809,134612,147078,93855,86060,-9674533.00,-1282122.00,65305045.00,199292120.00,399920.3333,257549.4333,328088,258004.8571,125224552.00,115899801.00,1547940,1725497,217965,252763.3333
2025-07-30,211064,160680,102228,88026,66836,72480,18580357.00,-1273795.00,54277749.00,154335940.00,412173.2,262252.5,338100.7143,265203.1429,84756036.00,104962428.00,1519902,1714383,328634.3333,436437.6667
2025-07-29,222337,194768,91487,110125,89449,84409,-4007167.00,6191412.00,68009267.00,160014881.00,429220.5,272033.8,358837.4286,278939.7143,110379037.00,98101872.00,1482073,1680392,331265.6667,439336.6667
2025-07-28,324889,298447,134407,158208,134290,130141,-8363673.00,5107440.00,93865719.00,238911238.00,426234.7333,268104.8333,402520.7143,290123.5714,158803229.00,145335175.00,1422527,1622736,301726,419518.6667
2025-07-25,762087,492688,323450,353688,205382,223254,4559180.00,-10142137.00,112779669.00,391417362.00,422328.5,264980.2667,342469.5714,254369.5714,208693271.00,230217728.00,1505594,1730671,219817,258746.3333
2025-07-24,231034,202662,102831,104306,76516,102149,8378311.00,-5808266.00,53442637.00,137314468.00,424401.6333,265228.4667,367416,259707.1429,78963624.00,93458601.00,1485681,1704873,222619,275452.6667
2025-07-23,265435,209828,128017,106344,79130,101868,1265827.00,-6761526.00,69229922.00,165618924.00,427260.7667,265618.6667,400883.2857,276565.2857,101571340.00,109748693.00,1439823,1685402,249651,309472.3333
2025-07-22,279770,246961,115189,133864,111897,107598,-18270214.00,8519794.00,87067495.00,212588961.00,440373.0667,269338.3,423224.4286,281453.5714,150403257.00,121792349.00,1408484,1648488,292908.6667,426439.6667
2025-07-21,281153,211068,115771,133865,87300,97554,-13250225.00,292433.00,70003820.00,194533239.00,454008.2333,279074.0333,442457.7143,286248.7143,126750343.00,113456893.00,1358240,1579020,303356,446631.6667
2025-07-18,367494,290924,163845,167560,127416,131852,-40515259.00,-3867041.00,63972691.00,276183208.00,457564.4,277997.2,469921.2857,277056.7143,177840609.00,133546541.00,1688523,1911189,286389.6667,459353.3333
2025-07-17,630672,376734,255524,286979,151012,176330,4448206.00,-8272008.00,102464603.00,449370450.00,451180.6,272979.3667,420561,246827.1429,234948703.00,259101496.00,1633590,1830979,270090,415698
2025-07-16,341729,242410,162519,143065,92577,122593,49817348.00,-8406680.00,86221542.00,257410936.00,459340.8333,273237.9333,429228.1429,243703.5714,127055527.00,189058157.00,1583971,1808005,283013,447174.3333
2025-07-15,405659,240025,157421,214476,104196,108065,-34290964.00,-866159.00,72463879.00,292042172.00,489886.0333,290684.0667,415170.1429,237877.1429,184500814.00,152327685.00,1559318,1793683,284549.3333,450550
2025-07-14,499706,327835,253480,191911,120917,164401,40570203.00,-12346049.00,109822255.00,372406852.00,484363.3333,285705.2667,393738.2857,222590.7143,193971080.00,247804812.00,1473263,1728970,250797.6667,470561
2025-07-11,436158,281179,190872,198087,119554,130295,-21496939.00,-5745794.00,61702197.00,178512337.00,477612.1667,281169.8,412334,233333,117729921.00,101971999.00,1579640,1904028,212113.6667,420225
2025-07-10,415786,244634,174701,202388,104403,107263,-1800883.00,-1856359.00,75760400.00,255924354.00,475111.4667,281034,411442.2857,234513.5714,152389276.00,152099165.00,1553015,1871480,204084,415762.6667
2025-07-09,559739,226580,199282,254727,89007,111455,8304631.00,-9720218.00,62595806.00,327764543.00,470359.1,283938.8667,461348.2857,270057.8571,143814993.00,149898701.00,1521362,1798541,194970.6667,331600.6667
2025-07-08,285150,165127,118782,137631,68272,73787,4843181.00,-2363049.00,50255357.00,164712571.00,473655.2667,286787.5667,488543.5714,283307.2857,93922244.00,101578474.00,1490745,1764590,213538.3333,353111.6667
2025-07-07,402399,220545,195380,157967,91555,98965,20924021.00,-2787149.00,66483696.00,253930541.00,473820.4,288919,480853.1429,282855,128968862.00,161719515.00,1434863,1692516,258815,407754.6667
2025-07-03,307253,199240,144907,131442,91015,89230,5089937.00,333639.00,43621334.00,95203056.00,471856.0333,287358.7333,474153,282503.8571,59916566.00,64667341.00,1545571,1907697,276701,441851.6667
2025-07-02,349683,220830,144946,169032,96189,95978,-6105525.00,-5395429.00,74493958.00,127213117.00,469578.4333,286983.3,468297.1429,279422.2857,88113906.00,87916310.00,1503813,1870364,361554.3333,628317.6667
2025-07-01,566328,356375,225919,287962,164399,145827,-26418839.00,10939064.00,142268415.00,219453963.00,467644.8333,283890.6333,468314.2857,268911.8571,180272351.00,142142448.00,1449503,1769335,328720.3333,598047.3333
2025-06-30,409544,252898,190658,177855,103368,118720,2589589.00,-822542.00,107283932.00,214558601.00,468621.6,285806.0667,446070.2857,257422.2857,139552115.00,142964246.00,1386176,1694460,316880.6667,577721.3333
2025-06-27,909081,475390,363727,475637,235600,191979,-52881396.00,24970386.00,140005698.00,341233026.00,455040.2,279795.6333,361922.8571,226950.7143,259918097.00,181781847.00,1468031,1745706,224011.3333,361478.3333
2025-06-26,475517,257873,198161,241050,111401,114017,1471221.00,3452002.00,79834522.00,233241353.00,472810.0667,290441.4667,376656.1429,233222,141836325.00,143038657.00,1427755,1707394,204473.3333,305870
2025-06-25,348566,217379,157249,160681,96054,93140,5210924.00,4269202.00,71353731.00,210919378.00,474391.8,292212.7667,431683.2857,271911.7143,127840761.00,127902883.00,1402859,1678683,226281,378497.3333
2025-06-24,260352,196782,117817,116230,79759,94192,5340426.00,-1047957.00,69774026.00,183283524.00,485124.6333,298757.3,428106.7143,269596.8571,112619894.00,118891772.00,1361124,1651715,218177.3333,376325.3333
2025-06-23,308692,199259,132039,140307,78502,94667,-6890914.00,-3177422.00,70973790.00,198586977.00,506263.0667,313601.4,476136.4286,298124.2857,122486767.00,118984176.00,1322422,1574629,239120.6667,380111
2025-06-20,566448,282802,208684,264305,122898,129985,-18768009.00,596880.00,67711672.00,234351577.00,503446.5333,315211,437105,287739.4286,145639684.00,126376752.00,1731583,1933234,245444,384178.3333
2025-06-18,253836,172471,115284,112216,65894,83290,4629040.00,1179380.00,50456053.00,142639543.00,527660.3667,336070.2333,451015.4286,294748.4286,84775832.00,88225492.00,1703879,1914342,350689.3333,544151.6667
2025-06-17,320049,262089,131317,153974,127946,107146,-23142996.00,11087882.00,79896363.00,283133440.00,536655.8333,348700.4667,501456.8571,308528.5714,180374898.00,143785020.00,1680349,1891115,323519,515907.3333
2025-06-16,578650,301772,226033,291393,123949,133597,14984116.00,-8451180.00,97424837.00,605890650.00,542658.8333,358192.8,517393.7143,337295.4286,385923461.00,248193061.00,1602363,1837399,355912,537990.6667
2025-06-13,733756,488207,301840,342841,211185,229045,-11054699.00,-5501643.00,113318803.00,318934870.00,531837.4667,352694.2333,480311.2857,304497.1429,186489534.00,192084844.00,1748223,1980773,263212.3333,391148
2025-06-12,235316,180578,94131,112752,68756,91391,-5234393.00,-4222853.00,48449419.00,128742755.00,537942.7,357198,509431.5714,311014.4286,80322515.00,79717155.00,1730832,1969993,276864.3333,429779
2025-06-11,644900,398951,276120,288584,162296,190757,22601692.00,-6904286.00,141368648.00,400686214.00,527696.3667,351811.7,501093.8571,289759.5714,222454782.00,268701882.00,1645105,1913512,263397.3333,439192
2025-06-10,293228,210108,135388,129601,86759,95715,4346176.00,4738327.00,85233678.00,154740224.00,531789.0333,355143.0667,648063.4286,368802.5714,107237981.00,107273180.00,1600831,1881671,361074.6667,571518.6667
2025-06-09,351209,221534,156688,153605,88331,104708,9423580.00,349203.00,74289993.00,175509775.00,543091.9333,362834.3333,645608.5714,362650.7143,107670104.00,118497176.00,1554178,1822903,373436.3333,612508.6667
2025-06-06,673139,358550,316892,297088,137963,181278,17484377.00,-9526789.00,81637807.00,197632698.00,537684.9,365144.6,582820.5714,332160,111969462.00,139141703.00,1680908,2025634,329319.3333,534515
2025-06-05,690208,503140,268522,347114,239078,216577,-24852101.00,10264651.00,173374456.00,267895244.00,533336.4333,360691.7667,532900.1429,294648.5714,218048643.00,182927715.00,1632329,1967283,244995,499957.6667
2025-06-04,474179,258619,190329,234820,120946,110422,-14015756.00,7684084.00,79167729.00,234610560.00,527669.8,358149.5,524755.7143,302521,149960273.00,136246033.00,1606852,1944383,413258.3333,782569.6667
2025-06-03,439158,226199,195761,199673,94857,106058,1633980.00,-3856114.00,80103203.00,266537292.00,522591.9,356742.3667,516881,306005.1429,154355086.00,160391620.00,1566778,1901532,397349,747525.3333
2025-06-02,586536,250167,215638,280620,103084,119629,-13134980.00,-6594049.00,99997464.00,310563803.00,516314.7333,357274.2333,491283.4286,310908.1429,185531962.00,182471631.00,1514371,1825299,362331.6667,629887.6667
2025-05-30,1322015,763409,661936,543551,341797,347112,61011620.00,-4374628.00,181470826.00,487679168.00,488089.5667,344808.5333,337898.7143,223625.7143,274658419.00,342869473.00,1579599,1930687,188048.6667,302804.3333
2025-05-29,334025,178471,126648,170626,78440,80595,-3538153.00,2125826.00,58974777.00,110123422.00,497103.1333,351734.1333,330374.4286,228068,77687138.00,72023159.00,1551287,1886847,233133.6667,330518.6667
2025-05-28,233623,145115,102188,106753,59752,67800,2514225.00,-965951.00,42027776.00,115132077.00,504401.5,356129.7667,369616.8571,244993.7143,70438642.00,73179618.00,1531109,1872844,268291.3333,380656
2025-05-27,340765,240560,140653,155665,102659,104305,-8425884.00,-1011993.00,67372886.00,197642401.00,505880.3667,355364.5,383628.5714,254965.2857,117273111.00,109859220.00,1481213,1801910,282934,402852
2025-05-23,417168,313726,182166,196295,138550,148799,-8982875.00,-2620606.00,69603719.00,133686826.00,502629.2,357325.9333,395695.8571,252301.1429,96799910.00,88921391.00,1636117,1943277,229169.3333,346570
2025-05-22,384035,250588,167993,165195,102452,122606,5874467.00,-1026792.00,68877985.00,154927441.00,511121.4,361980,484921.2857,298966.8571,99160310.00,103034374.00,1599033,1903448,215495.6667,312343.3333
2025-05-21,407353,284488,156648,204929,137110,116346,-16452791.00,9339900.00,85528566.00,220204596.00,511247.2,365930.4,483302,296971.1429,152045407.00,129817431.00,1567332,1855732,208531.3333,345999
2025-05-20,248322,152432,105913,115023,70608,59905,6777723.00,10006468.00,56399952.00,177378671.00,515629.5667,371457.2333,531018.4286,331354.8571,106464929.00,104040824.00,1540091,1801418,261174.3333,409507.3333
2025-05-19,281355,209567,119031,131422,90668,94462,-4288695.00,1778200.00,74732360.00,208285019.00,526098.6333,386835.4333,625517,393499.8571,129951098.00,127897203.00,1498063,1732646,289677.6667,482935.3333
2025-05-16,508320,263595,203178,239693,114262,119599,-43889461.00,2945803.00,62111084.00,649242770.00,516994.6333,389831.2,621750.1429,403142,344341672.00,312915198.00,1891362,2118683,394228.6667,649699.6667
2025-05-15,438847,310361,180281,196107,145596,126036,-19186035.00,6506730.00,84279698.00,344446429.00,510611.3333,390546.0333,699093.5714,472840.1429,204717552.00,179374015.00,1853818,2075165,380947.6667,635423.3333
2025-05-14,501639,295077,229053,219268,120538,120892,14586427.00,4543340.00,103833556.00,403039147.00,501005.4333,393757.9333,711704.1429,522257.1429,218033922.00,228213759.00,1797609,2029728,413628,662322.6667
2025-05-13,1008613,577248,485590,399090,229868,285985,53508687.00,-20726957.00,201459917.00,718332956.00,475909.2,385125.3667,676008,523584.8571,376672091.00,454099980.00,1698238,1937936,436072.6667,640400
2025-05-12,396018,270518,163741,185937,108714,125758,-23377663.00,-962912.00,91235371.00,258993333.00,480300.6667,390773.4333,677879,531118,170298627.00,147809398.00,1642279,1887022,456263.3333,669044.6667
2025-05-09,582337,393118,235687,288262,171488,172490,-81346737.00,9947086.00,86655360.00,386874151.00,471318.5,386038.6667,654469.8571,520057,262975283.00,171681460.00,1908186,2143057,591306.6667,801682.6667
2025-05-08,942845,644582,432933,379619,244792,318275,24996601.00,-20987382.5000,164440001.5000,452821467.00,450085.7,373015.4667,567993.4286,461882.7143,258700894.5000,255569312.00,1834686,2052919,590111.3333,684038.6667
2025-05-07,481952,331090,209776,216842,131575,160877,3613194.00,-6942675.00,94887004.00,203117433.00,442270.2667,367308.2,558572.8571,458876.8571,126058395.00,140252314.00,1804958,2026445,675262,776301.3333
2025-05-06,980251,798248,416618,464299,349839,361368,-29258116.00,14316160.00,341338223.00,437742679.00,427067.8667,350137,517150.7143,409451.7143,376718348.00,325362154.00,1738238,1897487,516929.3333,585922.6667
2025-05-05,589913,640996,247708,268428,290050,271089,-15619475.00,9050946.00,237247012.00,520941513.00,424582.3,339522.6333,505867.1429,379003.4286,344755864.00,320860943.00,1477416,1744901,408494.3333,528776
2025-05-02,758740,586542,362689,317248,241243,283191,50253738.00,-9642825.00,147655078.00,552533387.00,410996.1667,327941.5333,477440.5714,348005.2857,277890840.00,345777784.00,1633518,1843544,292101,388366
2025-05-01,409115,323250,167743,195436,146095,142719,-2670370.00,5023191.00,87786530.00,274484674.00,406030.9333,323541.8333,462449.8571,327876.8571,164830012.00,157136451.00,1594442,1830214,287700.6667,390663.6667
2025-04-30,418473,315691,195964,171586,135314,148737,12778841.00,2146622.00,110504270.00,289708253.00,402449.6667,319389.2333,443642.4286,309061.7143,172583045.00,183215264.00,1542409,1791510,333227.6667,481271.3333
2025-04-29,337510,237362,149415,149603,99121,109864,-6024712.00,-2826669.00,75930517.00,242201228.00,401725.4333,317859.1667,452315.4286,313170.4286,142546147.00,139559574.00,1498856,1766126,396726.3333,539077.3333
2025-04-28,416008,310049,182381,190778,125744,151688,-5162511.00,1317782.00,101376115.00,286754710.00,406787.7,320921,460780,324511.7143,176380489.00,171430648.00,1419679,1694316,416561.6667,586992.6667
2025-04-25,690296,452272,314935,289846,195961,208840,16176166.00,-6863230.00,102786139.00,362473741.00,394112.1333,313196.5667,448513.7143,315078.4286,194172018.00,219265190.00,1632285,1835384,326588,458287.3333
2025-04-24,510928,427858,234807,212424,173546,212670,13489937.00,-16196713.00,107877471.00,281028746.00,389650.8,307354.5,440177.4286,293525,159620388.00,189307038.00,1541252,1787806,245297,383585
2025-04-23,559754,369555,242646,260506,158104,170474,13578974.00,-7011805.00,108636200.00,364564581.00,383623.2,302997.5333,415231.2857,271817.4286,250770122.00,183968271.00,1467894,1728723,210819.6667,329740.6667
2025-04-22,304180,182351,152678,119360,78252,83135,8321298.00,1299264.00,57863565.00,126118113.00,389005.7333,308967.9667,417438.8571,298991.4286,77556997.00,87016531.00,1434687,1675108,279848.6667,386767.3333
2025-04-21,286821,183985,116659,132616,76880,83130,-4146349.00,12989.00,64816101.00,113270272.00,397096.9667,316976.1,467721.7143,328452.1429,80744196.00,76754858.00,1408075,1599405,347266.6667,492637.6667
2025-04-17,398221,266123,165480,188038,108012,129237,-6323233.00,846313.00,52159654.00,108995859.00,400698.8667,320574.0333,469565.4286,348006,75732794.00,68563248.00,1693616,2027539,350887,510755.3333
2025-04-16,475260,389438,191026,231443,184926,164856,-12711173.00,1416822.00,103569131.00,169874206.00,399002.5,315910.2333,455927.2857,337834.4286,130987664.00,117174219.00,1675755,1996063,293608.3333,480712.3333
2025-04-15,604432,386239,296819,238610,146735,185983,17032607.00,-6450430.00,116573096.00,252728230.00,394897.2,315005.9333,454640.8571,378502.1429,148372354.00,178939450.00,1572470,1914275,289051.6667,385779.3333
2025-04-14,452574,276984,201450,201360,117004,129380,1008801.00,-3087605.00,97124159.00,221043656.00,395897.0667,315907.5,423587.4286,389428.4286,142356609.00,146453015.00,1514376,1853239,326793.6667,447855
2025-04-11,385131,217602,190685,161487,92369,103915,-3540796.00,-7369566.00,56745181.00,102027865.00,407934.0667,326499.9,403904.1429,405743.2857,70382423.00,73092693.00,1622109,1997486,388593,456520.3333
2025-04-10,319633,372569,145229,144370,158068,185287,2257564.00,3340750.00,97577998.00,148518566.00,415248.4667,328871.9,388736.8571,408438.2857,113111680.00,112600334.00,1632060,1963469,370482.3333,476573.6667
2025-04-09,638801,390210,307836,287658,158255,196275,31696627.00,-15300163.00,140329159.00,328944933.00,410061,325906.8,334011.8571,398161.2857,191888988.00,250510350.00,1572470,1907641,464050,462115.6667
2025-04-08,411127,403000,195479,177777,176649,184912,22686354.00,-8909690.00,164093990.00,206212843.00,416896.366666666667,331319.700000000000,350674.000000000000,403441.285714285714,152334259.00,188135663.00,1513272,1847126,447539.333333333333,403473.333333333333
2025-04-07,379793,318237,169675,180292,129478,157037,1953184.00,-19034990.00,182538841.00,189839968.00,431125.100000000000,350486.366666666667,341113.857142857143,393846.714285714286,160380925.00,181369099.00,1493778,1785034,452062.333333333333,359325.000000000000
2025-04-04,595427,670913,290758,259260,290802,317879,-16415505.00,-5576821.00,279800085.00,236070990.00,441606.866666666667,360478.533333333333,299747.285714285714,334271.428571428571,244138746.00,230645160.00,1665519,1943347,358902.666666666667,232003.333333333333
2025-04-03,235200,353468,94413,113682,149439,159569,-5844330.0000,-762812.00,107383910.00,94717513.5000,481431.433333333333,397244.966666666667,301502.857142857143,306614.857142857143,91512033.00,86430515.0000,1657086,1910749,347170.333333333333,238845.333333333333
2025-04-02,247348,331806,116265,101062,149848,148877,5425520.00,-1656688.00,77627119.00,87681721.00,496040.600000000000,418123.733333333333,341050.142857142857,299658.571428571429,70627753.00,77709961.00,1556303,1880419,383221.666666666667,332316.666666666667
2025-04-01,213462,391434,95911,95606,239129,118599,900707.00,13378907.00,86439292.00,74177758.00,509585.633333333333,420265.200000000000,384176.428571428571,289820.142857142857,78579105.00,65880905.00,1351681,1840334,336435.333333333333,365453.333333333333
2025-03-31,255726,318271,102246,121859,127697,159747,1069386.00,-4536108.00,101356882.00,107215027.00,523589.266666666667,425581.100000000000,397809.285714285714,278511.285714285714,90812219.00,96908997.00,1356652,1789557,314973.666666666667,382165.000000000000
2025-03-28,527762,439960,233014,243304,225068,168406,-10844672.00,3165317.00,105243843.00,111565944.00,518133.700000000000,421331.900000000000,359580.142857142857,242982.571428571429,104309647.00,90299658.00,1357295,1943778,221611.000000000000,288740.666666666667
2025-03-27,312872,251075,130046,145239,120556,102847,3998608.00,685584.00,45063340.00,91203792.00,520588.166666666667,424234.833333333333,359317.714285714286,234416.571428571429,59211860.00,63567884.00,1371672,1905225,232290.000000000000,359176.333333333333
2025-03-26,305861,253886,117602,152989,108182,109635,-6335383.00,1368071.00,64890964.00,100964856.00,524860.900000000000,429766.333333333333,360735.142857142857,225498.571428571429,78101955.00,69092501.00,1338111,1878546,255183.000000000000,429004.666666666667
2025-03-25,247489,159872,102505,111825,68243,71724,7567296.00,2787919.00,39665984.00,110907226.00,532803.166666666667,437681.900000000000,406504.714285714286,260074.571428571429,63090581.00,67869958.00,1309374,1834566,281595.333333333333,463560.333333333333
2025-03-24,524179,283112,229799,217725,91899,151914,18935092.00,-6460478.00,65619831.00,242985378.00,554577.766666666667,458194.633333333333,375911.857142857143,251135.571428571429,121414726.00,147621132.00,1216536,1748288,250977.666666666667,375553.333333333333
2025-03-21,515346,322565,219454,222301,131523,154729,5366332.00,-2951095.00,57894875.00,141540077.00,570313.000000000000,472008.166666666667,356160.714285714286,241140.000000000000,81207979.00,92028646.00,1497002,2132701,207160.333333333333,307449.666666666667
2025-03-20,351156,239109,151243,153681,100590,105754,-1800410.00,15860513.00,70146774.00,116084608.00,576979.033333333333,477845.966666666667,360127.857142857143,241102.428571428571,91215428.00,70583245.00,1482787,2101129,191277.333333333333,295658.666666666667
2025-03-19,260158,191259,115314,108524,72362,92761,-92168.00,-5452729.00,49493682.00,94394254.00,607862.933333333333,503302.800000000000,389484.714285714286,265417.428571428571,59977656.00,65338217.00,1463220,2086457,261492.333333333333,398231.333333333333
2025-03-18,311035,191113,125800,141964,86685,78235,-6390654.00,3490610.00,58023173.00,138306099.00,614062.200000000000,511550.000000000000,420702.285714285714,298719.714285714286,88243288.00,78362024.00,1446147,2044336,271301.000000000000,397896.000000000000
2025-03-17,315783,191460,126704,154136,80026,89535,-471291.00,3955400.00,55687104.00,130308676.00,622205.333333333333,517993.366666666667,447915.857142857143,324805.571428571429,85734515.00,81412316.00,1408693,1981304,291679.666666666667,418331.000000000000
2025-03-14,567876,401904,272010,231769,163960,189977,8135916.00,-7107232.00,75882272.00,163799357.00,612602.066666666667,509261.500000000000,427414.857142857143,303037.000000000000,97901001.00,113144149.00,1505211,2180869,237327.000000000000,355347.666666666667
2025-03-13,310029,220539,123174,151417,97042,93273,-8392511.00,-3703401.00,84131023.00,89285271.00,608179.733333333333,505997.266666666667,451878.285714285714,322832.857142857143,74370368.00,69681258.00,1506798,2136030,284302.000000000000,407223.333333333333
2025-03-12,377088,252596,169687,163759,100153,122978,3335981.00,-5671383.00,76229023.00,153397037.00,606215.466666666667,503581.366666666667,466947.142857142857,330180.714285714286,99089189.00,108096553.00,1477941,2105854,341513.000000000000,458046.666666666667
2025-03-11,378926,238846,177590,149090,102631,109774,-7682772.00,-2392384.00,102318310.00,161781257.00,605330.466666666667,502995.233333333333,519420.714285714286,372541.857142857143,121377159.00,106618771.00,1446220,2049244,386584.666666666667,500497.333333333333
2025-03-10,465656,361464,185871,227304,163868,152365,-8913094.00,-1411964.00,174033228.00,183628597.00,610197.433333333333,504117.666666666667,529907.714285714286,384294.000000000000,165387790.00,158072055.00,1407845,1979294,349271.333333333333,486735.000000000000
2025-03-07,529558,424229,240619,226385,184368,195568,1371164.00,-7354571.00,112934263.00,151590989.00,602848.433333333333,497414.900000000000,523281.857142857143,366726.571428571429,115372475.00,124098210.00,1530244,2195353,327565.000000000000,470640.000000000000
2025-03-06,506278,374061,196948,255123,180781,149907,-20312601.00,18572167.00,141427697.00,235711350.00,599710.733333333333,491859.666666666667,538983.285714285714,394058.857142857143,191174680.00,150250112.00,1520513,2117992,304221.666666666667,462737.333333333333
2025-03-05,424369,249524,192409,180558,98453,120794,7158659.00,-5744659.00,77724387.00,152621749.00,595291.666666666667,488407.200000000000,593595.571428571429,486017.857142857143,96942034.00,111155912.00,1480686,2064542,399505.000000000000,570028.000000000000
2025-03-04,481273,359110,230937,201570,152743,170346,5344655.00,-13804095.00,145009758.00,170215383.00,591193.933333333333,483034.366666666667,654825.142857142857,573384.714285714286,133504386.00,153428136.00,1446631,1989537,427711.333333333333,589292.000000000000
2025-03-03,482570,304031,197909,228590,135339,136054,-5419748.00,987995.00,98957847.00,174238146.00,587435.466666666667,479859.000000000000,790163.285714285714,738017.571428571429,126472371.00,120064628.00,1416289,1907971,426786.666666666667,589494.333333333333
2025-02-28,746241,535374,344122,334445,238734,241111,-4577759.00,-9360341.00,166882502.00,174617038.00,571964.966666666667,467154.700000000000,781503.571428571429,798416.857142857143,152740006.00,157522588.00,1551776,2133077,436791.000000000000,546143.333333333333
2025-02-27,539065,443729,231877,259678,206805,190810,-11907888.00,5508534.5000,188853534.5000,170904354.00,562227.600000000000,457817.466666666667,793039.000000000000,800123.857142857143,164572530.00,154848487.5000,1581090,2077017,586627.000000000000,635340.000000000000
2025-02-26,483177,301257,209465,225630,130637,136734,1966378.00,-4482919.00,95743246.00,155363776.00,556192.333333333333,455695.800000000000,820561.571428571429,825336.857142857143,111548742.00,117998039.00,1566560,2050346,809767.333333333333,777574.333333333333
2025-02-25,616188,565387,262985,294163,248639,253129,-4395614.00,-3638076.00,251535491.00,239506816.00,547686.066666666667,447924.966666666667,784548.285714285714,789207.857142857143,224144255.00,223386717.00,1558101,1922676,1106792.000000000000,1048824.000000000000
2025-02-24,806655,893237,338615,391361,425984,378104,-10586231.00,15641872.00,396251617.00,367225222.00,533966.166666666667,430444.600000000000,724527.000000000000,709911.571428571429,361862619.00,339347680.00,1488004,1762421,1128436.000000000000,1008480.000000000000
2025-02-21,909880,970678,395256,429326,440641,439252,-38674860.00,8181120.00,221434689.00,536679090.00,520337.700000000000,409732.066666666667,656550.285714285714,631219.142857142857,374110463.00,327254483.00,1955064,2175538,956769.333333333333,911791.000000000000
2025-02-20,1429937,1456461,607889,683812,686802,641510,-88857735.00,47332452.5000,572569504.5000,800185178.00,486640.933333333333,373156.766666666667,521667.428571428571,479916.000000000000,702517000.00,566800734.5000,1853712,1941296,630531.666666666667,660423.666666666667
2025-02-19,685623,958169,278724,340582,485789,393887,-40252094.00,44387743.00,291237858.00,492145891.00,478450.733333333333,353514.800000000000,591923.714285714286,471391.000000000000,397948906.00,323712069.00,1778900,1870222,415303.333333333333,553247.666666666667
2025-02-18,619813,455678,281755,280596,190790,216060,29256499.00,-1023000.00,142295162.00,527147326.00,468171.966666666667,346878.566666666667,644436.571428571429,511575.714285714286,286092410.00,331852151.00,1663260,1745957,376131.666666666667,475478.666666666667
2025-02-14,675835,477748,305373,304266,202814,227033,5960828.00,-9559523.00,83247081.00,365366653.00,455813.033333333333,338216.700000000000,626622.571428571429,502503.571428571429,195566010.00,210657917.00,1872476,1944284,356826.000000000000,394881.333333333333
2025-02-13,364095,312484,162301,169247,124577,150726,-13308197.00,-3611568.00,70661741.00,218929436.00,452599.333333333333,334683.866666666667,744134.000000000000,594286.428571428571,136632843.00,124870514.00,1839697,1924243,385111.000000000000,435435.333333333333
2025-02-12,386506,338163,181255,162777,140978,160676,-1850216.00,-4276804.00,95685596.00,322032939.00,456573.500000000000,336339.766666666667,759920.714285714286,608624.428571428571,187262546.00,188312999.00,1775110,1896112,571888.000000000000,699072.333333333333
2025-02-11,434043,419831,186182,207746,186615,187409,-11335779.00,3810605.00,120405699.00,307273072.00,452819.700000000000,330573.900000000000,777925.571428571429,603614.428571428571,204629639.00,189756495.00,1720649,1830626,677601.333333333333,883525.666666666667
2025-02-10,485757,397339,220834,213191,160494,188801,2924549.00,-10744663.00,109115666.00,395362542.00,451797.566666666667,327527.066666666667,748500.000000000000,566844.285714285714,223592928.00,236848265.00,1621705,1752858,683236.000000000000,905319.000000000000
2025-02-07,1177417,898494,513235,550298,406870,399950,-24559434.00,-3863881.00,214796825.00,784047053.00,426070.900000000000,308847.666666666667,605634.571428571429,456004.000000000000,473401229.00,454039033.00,1840084,1987580,702059.333333333333,908405.000000000000
2025-02-06,987403,736971,476080,419018,306278,349415,72804525.00,-14583692.00,160790860.00,685943322.00,421308.433333333333,301560.133333333333,510028.428571428571,376453.714285714286,363699147.00,417600916.00,1658180,1880949,602578.666666666667,744941.666666666667
2025-02-05,551137,414243,223909,263255,182808,186812,9950065.00,2111947.00,108367282.00,503362794.00,416463.366666666667,300226.600000000000,481634.000000000000,348885.000000000000,280343274.00,286438438.00,1618062,1793655,592751.333333333333,747921.666666666667
2025-02-04,1186675,954964,580020,507534,398588,457404,145804472.00,-17049010.00,221420466.00,1330719779.00,395740.066666666667,282467.066666666667,399489.714285714286,268909.714285714286,627663065.00,817874568.00,1429953,1703129,321079.333333333333,445622.666666666667
2025-02-03,497013,438529,222201,215883,175358,201157,10092756.00,-127373.00,124718715.00,305158829.00,393296.033333333333,274362.066666666667,372643.285714285714,238140.714285714286,185999765.00,195861494.00,1272038,1557458,215773.666666666667,339071.333333333333
2025-01-31,560077,384761,270914,210925,182686,162272,23101280.00,-2100284.00,70103673.00,292129479.00,398426.333333333333,271139.366666666667,351510.428571428571,212804.000000000000,134246344.00,183019988.00,1349780,1668652,147559.666666666667,258432.333333333333
2025-01-30,279778,139948,132953,117485,55082,66812,7073555.00,-1821936.00,30740821.00,112568068.00,411421.233333333333,276177.100000000000,353227.428571428571,213661.428571428571,60478925.00,69374416.00,1326153,1635892,174664.333333333333,282631.666666666667
2025-01-29,177359,122612,76384,79359,54512,55420,-2389091.00,943320.00,29490405.00,68820755.00,421195.200000000000,279104.600000000000,379082.000000000000,224420.428571428571,45774695.00,42442284.00,1313679,1611089,265506.000000000000,427400.333333333333
2025-01-28,318160,180119,150876,127281,70374,84704,11952822.00,-6119225.00,50857144.00,156027218.00,426630.733333333333,281856.733333333333,386461.428571428571,228513.428571428571,82377132.00,100399779.00,1287255,1588795,279848.333333333333,424376.333333333333
2025-01-27,352376,221262,140785,165704,104293,92229,-6807157.00,3761596.5000,66827007.5000,134701228.00,429041.966666666667,285582.200000000000,376425.714285714286,218939.571428571429,97402829.00,86543943.5000,1256180,1542218,275229.000000000000,444300.000000000000
2025-01-24,611665,395137,285504,258863,171798,176728,9790068.00,-4153064.00,66596892.00,234746827.00,432152.366666666667,290701.666666666667,324322.714285714286,185864.571428571429,127715835.00,141905967.00,1317712,1642002,192166.666666666667,337677.333333333333
2025-01-23,309088,223146,135854,130271,73292,98727,2666168.00,-2866013.00,47561398.00,117758227.00,449875.366666666667,301434.300000000000,323327.142857142857,187930.428571428571,63269186.00,68801367.00,1272096,1616209,183759.666666666667,354095.000000000000
2025-01-22,412147,207404,183672,180330,87049,94502,714653.00,848975.00,39736622.00,154414288.00,449817.466666666667,303306.266666666667,316020.428571428571,205767.285714285714,86034436.00,86784674.00,1233563,1566556,184215.000000000000,339984.666666666667
2025-01-21,291797,145950,119053,121840,61319,66845,3323168.00,3140809.00,34991092.00,86412401.00,453818.033333333333,307988.366666666667,330772.000000000000,237606.714285714286,52901620.00,53083979.00,1197648,1512155,186980.000000000000,336761.000000000000
2025-01-17,358341,197925,165953,153641,84358,87043,9468909.00,-1355292.00,31587874.00,133344720.00,461514.566666666667,316562.666666666667,351155.571428571429,259232.000000000000,68783200.00,79607401.00,1674240,2032825,175542.333333333333,299628.666666666667
2025-01-16,369816,208770,153463,167488,92393,90748,4859461.00,403743.00,41315657.00,156181989.00,455432.133333333333,314863.800000000000,358186.714285714286,280722.285714285714,84902294.00,90333068.00,1658591,2003544,185154.666666666667,277063.000000000000
2025-01-15,282126,154245,138717,115698,63984,71370,2771197.00,-750868.00,29975565.00,159585251.00,453188.800000000000,314438.766666666667,380728.285714285714,311388.714285714286,84671238.00,88193303.00,1639677,1948407,244493.666666666667,303354.333333333333
2025-01-14,246944,163612,104282,113601,69862,71457,289512.00,-69516.00,36976115.00,81052730.00,453594.566666666667,315874.033333333333,389943.428571428571,324671.428571428571,52254073.00,52967661.00,1618251,1910477,312898.333333333333,352725.666666666667
2025-01-13,302119,237607,118722,141529,87028,121104,-5405095.00,-13193248.00,85448317.00,133547395.00,450541.366666666667,312984.666666666667,390364.571428571429,321855.000000000000,92322648.00,100110801.00,1584612,1872272,350130.000000000000,419028.000000000000
2025-01-10,361000,332262,168990,153766,150698,140214,1842145.00,21128.00,91586305.00,122617178.00,451820.233333333333,310744.966666666667,377033.714285714286,303888.857142857143,94417088.00,96725865.00,1679070,2027000,359110.000000000000,438372.666666666667
2025-01-08,395058,368826,160630,189254,152649,159149,3015047.00,-4799369.00,117631359.00,125336659.00,457420.166666666667,308237.366666666667,392844.142857142857,306605.142857142857,97327471.00,105141887.00,1650592,1973533,359138.000000000000,453325.666666666667
2025-01-07,501026,349302,176194,264005,171807,135726,-18846273.00,5859777.00,96695326.00,185731555.00,450214.166666666667,303592.633333333333,367187.428571428571,291969.857142857143,135668537.00,112841997.00,1618104,1862489,328234.333333333333,390133.666666666667
2025-01-06,419034,359202,178249,191888,166808,148908,-6166954.00,9125178.00,78850096.00,182793275.00,444481.433333333333,299567.733333333333,372338.714285714286,284360.142857142857,126459087.00,108721955.00,1561910,1789885,281131.000000000000,352144.666666666667
2025-01-03,439917,368910,223879,168396,150569,172976,-1097567.00,3848417.00,62780967.00,167818650.00,440642.533333333333,295935.500000000000,367438.714285714286,279960.428571428571,105495775.00,100549791.00,1613484,1927455,226994.000000000000,294733.666666666667
2025-01-02,311450,256591,138352,137553,121896,104186,3004590.00,619830.00,58914881.00,132227336.00,450785.566666666667,303034.166666666667,443592.857142857143,317353.857142857143,85982372.00,88117088.00,1595196,1894370,270743.666666666667,359494.000000000000
2024-12-31,305067,217892,114499,151370,99268,91535,-4836263.00,2607299.00,43630776.00,86433444.00,470468.800000000000,320501.300000000000,457981.142857142857,339688.857142857143,60431040.00,52987478.00,1580321,1840579,280398.000000000000,364948.000000000000
2024-12-30,267684,206499,106169,128275,89207,88731,-5153005.00,640050.00,47278681.00,126109314.00,471248.666666666667,323163.733333333333,500451.428571428571,370500.142857142857,79518212.00,73725157.00,1551270,1803838,313543.000000000000,427417.666666666667
2024-12-27,505731,387840,197927,247688,180782,170202,-24592733.00,4628516.00,70816071.00,180178257.00,470421.033333333333,322176.566666666667,488731.571428571429,343005.714285714286,128770583.00,96293714.00,1722109,1939459,296967.000000000000,394046.333333333333
2024-12-26,321429,246855,135885,147301,105855,112263,-1670572.00,-3603435.00,42489897.00,129031843.00,468240.933333333333,322468.600000000000,544811.142857142857,348895.000000000000,74281944.00,76214807.00,1683370,1892768,387463.666666666667,568413.000000000000
2024-12-24,455093,305934,198391,206292,136260,136442,3826579.00,137035.00,59831965.00,250822012.00,474717.266666666667,326047.933333333333,575458.571428571429,346773.000000000000,153404007.00,127597461.00,1633287,1864569,410231.333333333333,551977.000000000000
2024-12-23,405617,338112,175087,186540,138576,158796,10333598.00,-5530291.00,66660526.00,189488478.00,485198.533333333333,331291.200000000000,584738.714285714286,328533.714285714286,106815175.00,122679064.00,1541876,1808560,438253.333333333333,605096.666666666667
2024-12-20,844529,518345,405245,330456,226628,238483,20391188.00,-12067740.00,86424618.00,289170309.00,475260.200000000000,327395.433333333333,532838.285714285714,292010.571428571429,153324027.00,185554330.00,1897016,2237320,330598.000000000000,464817.666666666667
2024-12-19,405785,374237,187728,173444,162196,164602,5043325.00,-1606656.00,66637681.00,163963204.00,482144.800000000000,328290.166666666667,535542.285714285714,286123.285714285714,98604514.00,105254495.00,1846940,2222897,301879.000000000000,567551.333333333333
2024-12-18,564976,422178,264963,245944,193659,187010,15033376.00,-886697.00,74073706.00,216138479.00,495854.200000000000,337617.866666666667,555542.428571428571,304200.857142857143,125269095.00,141937663.00,1772495,2229388,258179.666666666667,602434.333333333333
2024-12-17,423692,195379,178299,197821,87230,84460,8991209.00,1593197.00,42424079.00,184781660.00,493738.266666666667,342798.133333333333,615126.142857142857,354164.571428571429,100218712.00,107932164.00,1738151,2197489,263199.000000000000,618063.000000000000
2024-12-16,713986,288080,314489,325283,134999,121591,3837360.00,3418616.00,61732462.00,321481885.00,475593.900000000000,338212.233333333333,571758.142857142857,350662.142857142857,164798406.00,177650550.00,1679876,2080511,254733.333333333333,540476.333333333333
2024-12-13,669625,291080,309445,285169,114795,145546,8269628.00,-7950797.00,44371963.00,175921112.00,459854.300000000000,334720.066666666667,534928.000000000000,349995.428571428571,90513718.00,106734143.00,1827323,2267308,268715.333333333333,458839.000000000000
2024-12-12,470578,210437,210124,211203,89011,97727,2305237.00,-3790432.00,43064417.00,141959922.00,448307.600000000000,332486.700000000000,551879.285714285714,384955.000000000000,80907638.00,87003307.00,1798907,2205418,381476.666666666667,536972.000000000000
2024-12-11,481226,262683,203983,219861,108048,123469,737427.00,-774077.00,60603847.00,183442497.00,435363.300000000000,326794.866666666667,509896.000000000000,369972.285714285714,108404340.00,109646940.00,1786053,2132556,475624.000000000000,656822.666666666667
2024-12-10,424713,333026,182954,191752,150602,133930,22807984.00,3766324.00,81312077.00,273629446.00,426921.433333333333,318800.133333333333,479912.142857142857,342610.571428571429,147622352.00,166112117.00,1739477,2078413,452469.666666666667,652055.000000000000
2024-12-09,704977,548721,283831,339516,269213,214955,-19105829.00,16137772.00,156614428.00,361464393.00,415818.366666666667,306604.733333333333,416217.857142857143,293746.142857142857,250384637.00,215202050.00,1673808,1908309,365033.666666666667,554334.000000000000
2024-12-06,840778,545125,379142,342020,246140,240526,13854097.00,-2200096.00,103940456.00,358934582.00,393955.800000000000,292367.533333333333,326181.428571428571,237432.000000000000,196109396.00,212185914.00,1699409,1968481,335043.333333333333,470487.000000000000
2024-12-05,410410,263563,184201,176825,116071,117619,4937983,1327131,46704859,174934964,385615.500000000000,287379.633333333333,324603.714285714286,237647.428571428571,97898318,101373310,1644176,1926341,299790.333333333333,396131.333333333333
2024-12-04,411814,286413,173161,191920,139378,117951,-2641776,2309139,45782988,156031061,376183.033333333333,280609.000000000000,346209.714285714286,238673.857142857143,93483092,88940142,1608314,1853268,251484.000000000000,330468.666666666667
2024-12-03,589237,455154,283518,225182,168308,233813,15369377,-13076395,76946797,274265604,361384.433333333333,268661.100000000000,302725.285714285714,203646.142857142857,140711952,169157724,1494307,1767108,168656.000000000000,220428.666666666667
2024-12-02,187343,157804,67556,94290,66637,70797,-992707,1723904,22241386,82449420,362780.066666666667,268078.766666666667,311255.142857142857,215167.714285714286,47742668,45026057,1462030,1722696,166363.333333333333,228155.333333333333
2024-11-29,214826,141494,99235,89816,58976,64243,3341719,-754556,13428076,55335580,362379.266666666667,266478.366666666667,326958.571428571429,232089.000000000000,28059308,32155583,1603882,1851748,207555.666666666667,289668.666666666667
2024-11-27,259117,206670,124196,111260,92790,90554,6331670,-576746,24360269,89491157,362412.800000000000,266640.366666666667,377904.857142857143,269643.428571428571,47591796,54500212,1574534,1834351,236531.666666666667,390981.666666666667
2024-11-26,210523,150926,95341,90725,57303,71139,4405054,-3436530,21811348,82882230,362296.766666666667,266869.933333333333,475767.857142857143,354069.142857142857,42510726,50352310,1547722,1823302,256209.666666666667,415756.000000000000
2024-11-25,399366,265071,170336,182320,106321,124967,122209,-328095,39738943,164551594,356204.766666666667,262575.800000000000,460298.428571428571,357112.142857142857,90447129,90897433,1484367,1769408,247337.666666666667,364984.666666666667
2024-11-22,563056,293598,261356,241919,122419,143121,8948238,-4516162,34616916,142418730,353471.133333333333,262447.966666666667,448562.142857142857,366344.571428571429,71645723,85026133,1633328,1912771,236119.333333333333,285549.333333333333
2024-11-21,284846,209960,122371,129849,94645,90498,-9452295,-1567866,34699792,94935967,357432.766666666667,263291.600000000000,444445.000000000000,372866.857142857143,61385686,53501257,1603099,1887116,322649.666666666667,395847.666666666667
2024-11-20,247052,238455,104239,106808,104992,88340,-3820486,1313340,39520191,82770428,368223.633333333333,265210.100000000000,501920.857142857143,397846.714285714286,55174129,50040303,1560423,1856064,490466.666666666667,612018.333333333333
2024-11-19,324750,259943,151099,137768,110231,122043,2946350,-3213200,45751488,112634892,371120.900000000000,265627.400000000000,558393.000000000000,431484.857142857143,67433455,73593005,1509482,1829419,499276.333333333333,600795.000000000000
2024-11-18,615741,469551,276532,279088,226209,190370,-4458449,7500293,86919477,208339478,357121.166666666667,254912.366666666667,548484.142857142857,421759.285714285714,137645035,125804543,1463499,1715510,462167.666666666667,555848.666666666667
2024-11-15,895564,741906,436682,351241,326181,331332,21635001,6896754,103738824,343539491,341750.200000000000,238862.600000000000,508021.142857142857,373069.714285714286,188505544,202328977,1829039,1976537,300071.000000000000,342669.333333333333
2024-11-14,291080,286372,118269,145850,135316,123753,6051537,3221904,31521885,107969469,345940.166666666667,236558.266666666667,605903.714285714286,432446.428571428571,60802948,64211831,1805619,1955077,342385.000000000000,462103.666666666667
2024-11-13,480902,358225,204216,215570,161471,161975,-11129660,1671561,44422729,217130447,335422.766666666667,227642.633333333333,588662.571428571429,431383.857142857143,120806575,108291284,1752191,1882192,388113.333333333333,541821.333333333333
2024-11-12,256026,255616,100795,123313,112636,122262,-7660918,-1701511,34634401,118401623,331554.200000000000,223936.466666666667,576323.857142857143,416367.714285714286,71114895,65155488,1712554,1857349,436732.000000000000,638605.666666666667
2024-11-11,649383,413314,289671,280651,175495,195202,-12155351,-3216886,58123363,346937612,314302.366666666667,213932.733333333333,511760.142857142857,383939.285714285714,182083186,179117146,1605141,1757090,432653.666666666667,626252.333333333333
2024-11-08,720055,495410,338781,288717,222960,226252,800968,-3963983,42660717,286927084,296287.900000000000,202408.633333333333,426634.714285714286,333657.285714285714,135749472,140514423,1768728,1874939,501520.000000000000,711653.333333333333
2024-11-07,546379,401472,246803,242407,172270,187376,-10524435,-1448243,41330145,167962635,284308.366666666667,193254.933333333333,361851.571428571429,289436.714285714286,96867960,87791768,1691606,1842069,484625.000000000000,649598.333333333333
2024-11-06,612323,401079,293923,250209,177791,189903,-1092429,-3788242,38662453,227256896,268972.900000000000,183653.400000000000,298870.714285714286,245451.714285714286,117683198,119938639,1597268,1815441,401099.666666666667,502042.333333333333
2024-11-05,976258,702009,479826,390865,288522,344331,29271752,-7622285,77783776,368822159,244776.333333333333,167446.533333333333,212531.714285714286,171287.428571428571,178994736,215888773,1427778,1716504,229201.666666666667,242435.333333333333
2024-11-04,360214,350787,138923,171993,151724,157126,-7091423,-1921412,58815195,87546015,242753.466666666667,163860.833333333333,187487.000000000000,138033.428571428571,64035636,58865625,1292215,1619705,160084.666666666667,163756.333333333333
2024-11-01,169655,150503,81139,67713,67970,63771,-122136,238957,21903624,38803709,249186.833333333333,167984.766666666667,186136.428571428571,132808.142857142857,25667852,25306759,1354310,1723471,140559.666666666667,138170.333333333333
2024-10-31,197437,186315,76021,100146,91320,72158,-2029398,1911940,28739570,48762435,249892.066666666667,166545.433333333333,176336.857142857143,118090.857142857143,35167647,31226309,1336358,1699169,109516.000000000000,129510.333333333333
2024-10-30,124177,143436,48373,60836,75264,55083,-25012,1013332,21084359,34712084,252756.200000000000,166550.066666666667,179351.428571428571,111416.714285714286,24488209,23449865,1304661,1677034,122657.000000000000,212079.666666666667
2024-10-29,92897,91928,44369,37177,41389,41003,1665849,741876,13414024,32266182,259275.066666666667,166659.600000000000,198825.000000000000,118331.857142857143,19334847,20258820,1280733,1661096,131350.666666666667,242747.666666666667
2024-10-28,171457,93184,64564,84820,41867,34763,-1379468,1345307,13530863,46222921,267584.633333333333,169932.700000000000,203302.857142857143,118374.428571428571,25927016,23202241,1244353,1622815,138264.666666666667,238995.666666666667
2024-10-25,371885,182859,178940,148336,77307,82189,3841816,5392,19016899,80319847,266504.400000000000,170787.333333333333,187336.857142857143,122470.285714285714,38779104,42615528,1310715,1703852,105076.333333333333,157980.666666666667
2024-10-24,184901,118009,87267,74119,42270,56095,-691608,561118,14077229,42277247,269049.133333333333,171362.033333333333,190499.857142857143,128156.571428571429,22015915,20763189,1282656,1677949,97979.000000000000,144773.333333333333
2024-10-23,160201,113926,67973,75197,50468,45700,148194,1152364,12592302,37112995,270290.566666666667,173308.933333333333,198557.714285714286,131345.285714285714,21256305,20252135,1256726,1655785,106781.666666666667,167777.000000000000
2024-10-22,128840,83294,47101,63777,32301,38445,490567,516379,10109231,26342559,276499.966666666667,179432.200000000000,248873.000000000000,160840.857142857143,14500991,14475179,1232297,1636220,110177.666666666667,192431.000000000000
2024-10-21,145279,96717,62222,67500,44027,43800,-81802,1420044,11476726,28807964,294732.300000000000,189643.400000000000,285789.571428571429,180634.000000000000,18353075,16851229,1197107,1587243,148448.666666666667,230712.333333333333
2024-10-18,229212,140334,110952,94317,54792,70083,5602602,321688,13278482,48164416,297643.333333333333,190179.266666666667,334584.714285714286,202873.428571428571,23797789,29078703,1480143,1844414,154275.000000000000,223322.333333333333
2024-10-17,202802,93482,109000,75139,36407,46157,1315875,-1219026,8124448,31484388,294907.533333333333,188983.166666666667,364422.714285714286,228442.000000000000,15648212,18183113,1466864,1789170,168530.000000000000,227923.666666666667
2024-10-16,260123,211530,115264,112405,96208,93770,-249450,1399035,23927081,56649766,290709.100000000000,184517.333333333333,355226.428571428571,219380.571428571429,34991480,33342995,1450543,1761564,194607.666666666667,301565.000000000000
2024-10-15,207042,157813,80739,103139,81544,54936,-5530342,2420731,19752863,50537280,288623.033333333333,183020.600000000000,387711.142857142857,234037.714285714286,33372592,25421519,1434018,1744082,220426.333333333333,367116.000000000000
2024-10-14,216606,136247,83921,111649,64644,58964,-6928169,311226,11812156,70570416,287895.400000000000,182301.466666666667,416307.285714285714,245608.428571428571,40296129,33056734,1393544,1702079,273680.666666666667,485173.333333333333
2024-10-11,481047,289763,212416,226324,128679,132751,-2293490,66631,27949289,100218396,278564.500000000000,176015.333333333333,371212.000000000000,217178.857142857143,57660634,55300513,1475792,1797685,267913.666666666667,462047.000000000000
2024-10-10,403695,235269,182375,176791,108755,103205,-1050402,3530823,25497837,92748579,269793.466666666667,171412.766666666667,333536.857142857143,204202.000000000000,54203297,49622072,1426193,1759730,238857.333333333333,392731.666666666667
2024-10-09,570778,296010,261226,240972,126961,136414,8604761,3513650,31479042,180008824,254347.333333333333,163202.466666666667,270829.714285714286,178086.571428571429,90098309,95189420,1321353,1672229,226991.666666666667,347284.000000000000
2024-10-08,411668,272462,212129,154212,114712,127264,9042785,-944290,25623553,95721158,245673.700000000000,156671.966666666667,237680.142857142857,160547.285714285714,47656058,57643133,1223237,1617437,208585.000000000000,348987.666666666667
2024-10-07,195749,148100,73284,104011,71428,61876,952796,1351122,16032968,46252133,246114.033333333333,155170.200000000000,236429.285714285714,157513.142857142857,27410974,27012648,1184748,1585136,189470.333333333333,338864.666666666667
2024-10-04,434435,260413,203122,185122,116822,118467,1996869,367677,17150847,81895719,238551.066666666667,149626.133333333333,196118.428571428571,136458.857142857143,42068515,43697707,1238086,1641813,150809.666666666667,240709.333333333333
2024-10-03,416779,217242,221799,151676,79050,116571,10960118,-2815497,19244883,79856652,229086.133333333333,145230.733333333333,172344.428571428571,136253.285714285714,36635164,50410779,1191220,1551169,116129.666666666667,145725.666666666667
2024-10-02,165380,90756,79396,70916,37496,40309,3204305,-205466,7669658,27349905,229652.966666666667,145461.066666666667,191508.428571428571,158033.285714285714,13443572,16853343,1175466,1517289,135773.333333333333,150472.666666666667
2024-10-01,139969,144431,59925,64803,70370,59150,-581475,1614426,17019348,22276511,233030.400000000000,145044.833333333333,223320.857142857143,176574.714285714286,17731130,15535229,1139300,1492643,129916.666666666667,166147.333333333333
2024-09-30,131828,113202,65833,53544,45891,54208,2825193,-295932,11536426,19627661,245917.333333333333,149126.766666666667,235716.000000000000,180850.857142857143,11694190,14815315,1110005,1451726,129860.333333333333,172957.666666666667
2024-09-27,179621,149687,83879,77315,53639,82935,1725228,-584491,9166387,25895618,247663.366666666667,147248.066666666667,240070.285714285714,179977.714285714286,14125269,16434988,1216668,1588966,151899.000000000000,196537.666666666667
