date,call_volume,put_volume,call_volume_ask_side,call_volume_bid_side,put_volume_ask_side,put_volume_bid_side,net_call_premium,net_put_premium,call_premium,put_premium,avg_30_day_call_volume,avg_30_day_put_volume,avg_7_day_call_volume,avg_7_day_put_volume,bearish_premium,bullish_premium,put_open_interest,call_open_interest,avg_3_day_put_volume,avg_3_day_call_volume
2026-09-25,166450,40035,83454,63656,9334,28225,1259435.00,-848534.00,13510496.00,3675037.00,48510.8333,18192.0667,29625.7143,15230.7143,6680273.00,8788242.00,439224,1209082,16134.6667,40320.6667
2026-09-24,17565,12515,8279,6922,4911,5286,93933.00,-1288790.00,1521017.00,12273592.00,48540.9667,18086.4333,29245.5714,14243.7143,3894286.00,5277009.00,437603,1203101,17147.6667,40699
2026-09-23,26017,22872,10389,13271,8864,12786,-416364.00,72760.00,2665011.00,1690905.00,48270.0667,17742.5,28179.4286,11997.1429,2265355.00,1776231.00,421889,1195392,14975.3333,40506.6667
2026-09-22,77380,13017,32892,38171,6254,6413,-2216860.00,-2045266.00,10440653.00,5632531.00,46329.6333,17615.7667,23318.4286,13094.2857,7775116.00,7603522.00,416447,1172657,16359.6667,22348.6667
2026-09-21,18700,15554,7817,9066,7405,6153,116480.00,-4441126.00,2324049.00,7747593.00,47037.3667,17602.0667,26071.5714,15552.7143,2098210.00,7488336.00,410812,1164898,14219,22572.6667
2026-09-18,25440,16355,11460,9898,7375,5314,30984.00,1586374.00,2655524.00,5588367.00,47575.8667,17757.2667,25776.2857,17933.8571,3661435.00,2106045.00,507989,1353505,10636,19060.6667
2026-09-17,22906,17170,9696,8916,7250,7071,212160.00,16396.00,2173640.00,16195723.00,47346.2667,17402.6333,28922.1429,17677.7143,6333885.00,6529649.00,509351,1346559,7294.6667,17610
2026-09-16,19372,9132,6280,10719,2470,6042,-110217.00,-2025181.00,2057356.00,5006085.00,47347.2,17352.5667,38405.8571,18126.4286,2349414.00,4264378.00,508521,1344331,11149.6667,25603.6667
2026-09-15,14904,5606,5885,7716,2702,2673,-65549.00,2350591.00,1397650.00,3351174.00,47705.3,17350.9667,55889.7143,20034.4286,3496652.00,1080512.00,509251,1341971,20202,33293
2026-09-14,18554,7146,7557,9786,2522,4097,-393793.00,-543439.00,2787485.00,1243273.00,48748.2667,17369.4667,61368.1429,20899,1833706.00,1983352.00,507535,1337019,28827.6667,34899.3333
2026-09-11,43353,20697,20070,16944,7663,9911,-153824.00,-2191174.00,2649608.00,4144538.00,48990.3667,17050.2667,58528.1429,19807,1972745.00,4010095.00,520368,1394095,27054.3333,35424
2026-09-10,37972,32763,19056,15925,5061,26430,548247.00,-6177501.00,2764339.00,10112030.00,49185.3333,16611.6667,61122.4286,19953.2857,2489049.00,9214797.00,518299,1383657,20224.3333,51352.6667
2026-09-09,23373,33023,8248,9407,12783,14576,731052.00,-529253.00,4086485.00,3012126.00,51108.3,16464.5,79896.2857,29640.7143,2061795.00,3322100.00,500666,1374500,15537.3333,89325.3333
2026-09-08,44927,15377,21310,15528,9454,5254,262461.00,39679.00,4799881.00,1978762.00,52590.8667,17530.6,77245,28334.5714,2866176.00,3088958.00,487674,1353015,14811,93317.3333
2026-09-04,85758,12273,42887,33291,5446,5829,470813.00,303643.00,7343060.00,2294246.00,52321.3,17940.2,67880,27169.8571,4406702.00,4576032.00,501410,1361982,15071,72555.6667
2026-09-03,137291,18962,65057,56499,7378,9527,1012912.00,-327793.00,16551181.00,2517403.00,49847.1333,17630.2667,52972.2857,25478,6907137.00,8247842.00,497918,1349404,20012.6667,45502.6667
2026-09-02,56903,13198,29303,21530,4973,6794,214615.00,103156.00,5639098.00,2388003.00,48908.8667,17710.9667,48803.7143,25015.5714,3736962.00,3848421.00,494857,1344097,49225,78131.6667
2026-09-01,23473,13053,10472,11578,5851,4976,-31246.00,169759.00,2402930.00,2122623.00,49968.1333,17824.1,56141.4286,25414.4286,2026186.00,1825181.00,492245,1337396,46952,79096.6667
2026-08-31,56132,33787,18514,27167,14884,11703,-455237.00,671564.00,10272732.00,11672764.00,49377.3,17231.0667,61966.8571,25008.5714,5447603.00,4320802.00,490106,1325850,37063,67120.3333
2026-08-28,154790,100835,69351,74314,46973,38549,-1622890.00,1303975.00,23247889.00,17455696.00,46933.7,14638.5333,43203.1429,11282.2857,19819190.00,16892325.00,486691,1346777,5824.3333,26502.6667
2026-08-27,26368,6234,10432,14023,3372,2510,-88391.00,97334.00,3518211.00,716752.00,50480.2333,17052.5,45275.4286,11939.5714,2091266.00,1905541.00,483874,1336390,7066.6667,26954.3333
2026-08-26,20203,4120,10133,7535,1516,2432,753682.00,-251414.00,4294122.00,760664.00,61056.0333,20650.3667,51004.5714,13250.5714,1748480.00,2753576.00,482670,1325640,10975,45165.6667
2026-08-25,32937,7119,19436,12050,4272,2435,836838.00,66936.00,5852428.00,768186.00,62444.5333,20930.2,60347.7143,14616.5714,2724925.00,3494827.00,478520,1309917,18917.3333,66490
2026-08-24,27723,9961,13945,12324,5624,3526,-38635.00,110517.00,4389282.00,786483.00,66149.8667,21263.2667,63326.2857,14999,2551527.00,2402375.00,473830,1296295,17180.6667,65063.6667
2026-08-21,74837,15845,35484,33645,7259,6672,-601473.00,23413.00,9891958.00,1525553.00,66033.5667,21648.6333,55273.7143,14070.5714,5625676.00,5000790.00,523304,1377004,15510.6667,53742.6667
2026-08-20,96910,30946,43314,45729,15612,11416,2013914.00,-278793.00,14154105.00,3299620.00,64023.2667,21025.8333,43985.1429,11443.1429,6410729.00,9104186.00,508447,1339171,9627.6667,41541.6667
2026-08-19,23444,4751,10594,10770,2232,2128,241251.00,-144937.00,5925683.00,699485.00,64910.4667,21295.2,43374.1429,12080.8571,2812714.00,3198902.00,507905,1336369,13604.3333,66506.6667
2026-08-18,40874,10835,17176,18217,6515,3717,1957278.00,1939817.00,12904051.00,3400223.00,65038.3333,21605.8667,43239.5714,12696.2857,7681683.00,7399144.00,501918,1321337,14205.3333,69073
2026-08-17,60307,13297,17351,40920,6011,6721,-2729935.00,-264469.00,15305141.00,1502438.00,64045.7,21602.4,40566.4286,13798.2857,11420336.00,4687870.00,497551,1316117,12888.3333,55127
2026-08-14,98339,16681,48203,43382,6809,8424,2894568.00,-400461.00,15981393.00,1718724.00,63980.5333,21914.0333,28806.2857,12348.2857,6700899.00,9995928.00,501309,1330828,11512.6667,28310.6667
2026-08-13,48573,12638,25665,14886,5663,5972,1702648.00,-50655.00,10348946.00,1242962.00,63831.2667,22104.8333,24638.7143,11632.8571,4075259.00,5828562.00,496239,1319942,10371.6667,18508.6667
2026-08-12,18469,9346,7409,9544,3830,4415,113626.00,-158608.00,4903651.00,1852720.00,64515.3,22941.5333,25664.1429,11091.7143,3077244.00,3349478.00,491299,1313373,12304,25663
2026-08-11,17890,12554,8862,7632,6962,4979,634514.0000,130693.00,5947256.0000,1651706.00,65218.1667,22952.1667,30228.8571,10398.4286,3289825.00,3793646.0000,485335,1310833,15123,33564.6667
2026-08-10,19167,9215,8005,9334,3601,4439,-125362.00,592811.00,4376251.00,1870907.00,67445,23783.6333,34721.5714,10670.7143,3312820.00,2594647.00,481282,1305784,14228.3333,32515
2026-08-07,39932,15143,15905,20548,6880,5698,-681678.00,-22494.00,9229357.00,1817638.00,66849.2333,23873.5333,35277.1429,11308.1429,5036777.00,4377593.00,489530,1326883,11724,25671
2026-08-06,41595,21011,19896,17838,8835,11258,1211574.00,206363.00,8805514.00,1661568.00,67169.2,23897,40915.2857,12393.4286,4198843.00,5204054.00,482014,1318498,6573,20355
2026-08-05,16018,6531,7345,7308,3361,2596,165915.00,159274.00,4354995.00,726781.00,68108.4333,24087.7333,51399,18226.1429,2400346.00,2406987.00,480453,1315357,6963,31630
2026-08-04,19400,7630,8984,8629,2898,3878,860020.00,-256404.00,4804763.00,944708.00,69214.9667,24223.3667,59723.4286,20644.8571,2097897.00,3214321.00,476574,1309809,8126.6667,42035.3333
2026-08-03,25647,5558,11507,12247,2383,2936,910330.00,53524.00,6736707.00,849574.00,69959.4333,24931.3667,65069,21231.4286,3044862.00,3901668.00,474342,1304040,12809,48093.3333
2026-07-31,49843,7701,25009,21897,3076,2720,-134059.00,273829.00,8090903.00,1048757.00,70833,26896.6,62056.4286,22362.5714,4145037.00,3737149.00,511322,1346667,19778,58499.6667
2026-07-30,50616,11121,20456,16512,5916,4352,-210022.00,221693.00,10811116.00,1493152.00,71821.2,26851.7667,62718.5714,23123.4286,5723636.00,5291921.00,508656,1318344,31857.6667,71429
2026-07-29,43821,19605,18902,21040,9102,8992,3054652.00,1189690.00,14211496.00,4962277.00,72577.2,27239.6667,61945.1429,22607.8571,8205139.00,9452101.00,499231,1304489,33509.6667,82712.3333
2026-07-28,81062,28608,36322,36694,11441,14667,3742676.00,-365080.00,21222356.00,2607935.00,71375.7667,26972.7333,62005.1429,21815.1429,8473367.00,12581123.00,497228,1298605,27195,76713.6667
2026-07-27,89404,47360,40943,42957,19344,23299,114643.00,-161913.00,11625402.00,5358801.00,70916.9333,26860.3,68199.4286,26285.5714,7662787.00,7939343.00,475418,1283707,16614.6667,56497.3333
2026-07-24,77671,24561,30160,34199,13470,9194,409937.00,151764.00,14758841.00,3276493.00,69671,26673.2667,105314.5714,38784.8571,7800818.00,8058991.00,501092,1324759,13910,49024
2026-07-23,63066,9664,26286,22917,4270,3420,2772382.00,30078.00,14955465.00,1731002.00,69376.7333,26736.5333,106961.1429,39620.5714,4832918.00,7575222.00,498102,1294424,16020.6667,40804.3333
2026-07-22,28755,15619,11938,14824,7019,7719,-334211.00,-128047.00,6720479.00,2693387.00,69518.2333,26816.3667,122693.7143,40239.7143,4181847.00,3975683.00,495718,1284343,18500.6667,58380
2026-07-21,55251,16447,37436,15562,6300,8364,-150816.00,43809.00,8790622.00,2080151.00,69900.5667,27736.3667,124993.2857,41805.2857,5160699.00,4966074.00,486441,1251406,39236,84217.6667
2026-07-20,38407,15996,15390,20008,4944,9556,-866921.00,-353734.00,8668588.00,1875343.00,70442.8667,29708.9667,124735.2857,41271.8571,5118856.00,4605669.00,478893,1237189,71256,183907.6667
2026-07-17,81482,23059,30571,41817,9350,11678,-1496574.00,-231480.00,29429019.00,2426964.00,69806.3,30389.6,120246.4286,39810.8571,14176970.00,12911876.00,563600,1369837,68741,181611
2026-07-16,132764,78653,65835,56067,23197,50444,3773169.00,451429.00,44757615.00,8570847.00,66658.7333,28193.8667,107667.2857,31454,22780341.00,26102081.00,566570,1344159,49174.3333,183650.6667
2026-07-15,337477,112056,168628,143857,47437,56950,20874437.00,-1182076.00,115588579.00,10778875.00,58781.7333,25734.1667,63817.4286,17330.7143,48347438.00,70403951.00,540644,1321297,20957.6667,94941
2026-07-14,74592,15514,35463,29620,6779,7283,412976.00,415636.00,7748094.00,2855825.00,58544.1333,26262.4333,66930.5714,18833,4669161.00,4666501.00,537850,1296384,19873.6667,82277.3333
2026-07-13,138883,19953,73395,54750,7255,11288,750812.00,-601117.00,17104558.00,3117412.00,55275.0667,26365.9,53389.4286,18605.7143,8440447.00,9792376.00,530530,1266755,17500,52669.6667
2026-07-10,71348,27406,35075,27363,11749,10533,198621.00,-2051190.00,7841727.00,3893495.00,54012.3667,26140.3,48766.8571,19611.5714,3853862.00,6103673.00,541320,1286357,15083,43790.3333
2026-07-09,36601,12262,16710,16027,2542,6975,108976.00,-1143948.00,3733429.00,8402259.00,54068.7333,26309.1,49106.1429,19698.8571,3086053.00,4338977.00,540358,1277106,15393.3333,41766
2026-07-08,50060,12832,16811,27029,5183,6801,-647487.00,254999.00,5215134.00,1827926.00,53388.2333,26677.6,54236.4286,22745.5714,3483388.00,2580902.00,535793,1258503,19792.6667,57207.3333
2026-07-07,44710,20155,21489,15375,4608,9295,415758.00,-76550.00,5636728.00,4807463.00,53171.9333,26742.6333,51000.5714,22414.8571,2876569.00,3368877.00,524264,1251424,19195,57002.3333
2026-07-06,30528,13193,14684,12988,7462,4954,-1010354.00,1234223.00,5168321.00,2749006.00,53472.6333,26934.6333,53952.8571,23632.2857,4820219.00,2575642.00,516835,1240107,26279.6667,59823
2026-07-02,96384,26030,41454,40731,12422,10150,740352.00,274117.00,10878925.00,3788017.00,51401.7333,26686,46497.2857,21664.1429,5534499.00,6000734.00,523195,1261083,21894,40687
2026-07-01,44095,18362,22586,17506,8714,6218,236631.00,3951786.00,5944182.00,16880721.00,51204.5667,26613.0333,47711.7143,20712.2857,9310231.00,5135871.00,519995,1250658,27159.6667,54646
2026-06-30,38990,34447,16476,18986,10947,19476,-238496.00,-1189094.00,5114722.00,4404250.00,51859,26422.2667,48996.1429,19619.5714,3841067.00,4791665.00,498342,1245599,21624,49002.3333
2026-06-29,38976,12873,20940,14329,3860,5842,241676.00,-470618.00,4507209.00,1876081.00,52283.2333,26601.1,54292.4286,27303.1429,2462595.00,3174889.00,493464,1233301,24571.3333,53075
2026-06-26,85972,34159,42342,33522,17755,11257,1058306.00,-3106807.00,8122855.00,13284468.00,51851.5,25974.2333,53476.7143,23819.8571,6022981.00,10188094.00,501991,1257900,17269.3333,39149.3333
2026-06-25,22059,17840,8762,11130,4951,8746,-103184.00,-2737685.00,2660080.00,24467993.00,52867.4333,25821.1333,59825.5714,25734.4286,5796588.00,10459211.00,501320,1250771,15222.3333,49328.3333
2026-06-24,51194,21715,23173,24513,7722,11473,-748806.00,-992551.00,5894341.00,7149893.00,52545.8667,25699.6,58943.4286,25575.1429,5844132.00,6087877.00,491011,1233998,16916.6667,48257.3333
2026-06-23,44195,12253,16677,20077,5735,5117,-603498.00,-101647.00,3939720.00,2515294.00,53092.9667,26209.4333,63435.4286,30108.5714,2999217.00,2497366.00,483833,1221142,35051.6667,58875.6667
2026-06-22,52596,11699,21112,26069,5584,4750,-1115905.00,435384.00,5502583.00,4108587.00,52890.7667,26593.4,61677.8571,31144.4286,5212706.00,3661417.00,478438,1199634,34410.6667,68097.6667
2026-06-18,47981,26798,24369,18525,13211,10017,-369750.00,-4104874.00,6749930.00,7218009.00,53381.7667,26561.4,62571.7143,28967.8571,4457917.00,8290641.00,528439,1515335,35892,74271
2026-06-17,76050,66658,26247,36988,34263,18812,-720650.00,8679019.00,8004735.00,80155417.00,57169.5667,27302.3,56421.7143,22018.7143,35831166.00,15310487.00,529536,1499639,20539.3333,63927.3333
2026-06-16,80262,9776,44038,30016,3498,5124,1068753.00,-253770.00,6859811.00,1803782.00,57350.4333,29100.3333,54487.2857,26914.5714,3210821.00,4533344.00,528138,1482171,31943,62386.3333
2026-06-15,66501,31242,35091,25032,12446,12901,331255.00,-3873985.00,7867160.00,30664545.00,57357.6,28981.8667,52798,33190.5714,8974376.00,15236246.00,524211,1467750,27845.6667,53650.3333
2026-06-12,45019,20600,23211,17258,5593,11805,655265.00,-6388964.00,5392342.00,13970101.00,56969.8,28601.1,55278.8571,36458.8571,4354762.00,11398991.00,535685,1488451,24833,56723.3333
2026-06-11,75639,43987,33770,33395,12300,27295,-74311.00,-13510427.00,8691400.00,43973023.00,57187,27849.0667,49950,32000.8571,11062045.00,32598716.00,536730,1454134,16175.3333,42510.3333
2026-06-10,40293,18950,15597,19818,7266,8120,-1346222.00,629095.00,5182017.00,4072894.00,57027.5,27517.3333,58646.2857,34760.1429,4818970.00,2843653.00,544431,1438750,24541,51319.6667
2026-06-09,54238,11562,24214,24547,4370,4842,90122.00,46919.00,6581037.00,3840710.00,56210.5333,27637.4,60535.7143,37588.7143,4453894.00,4497097.00,544905,1417414,45745,51465.6667
2026-06-08,33000,18014,13253,16663,8391,7480,-253532.00,-209923.00,4001514.00,5393594.00,56699.3667,27955.6333,61651.5714,38309.1429,4265526.00,4221917.00,542570,1404905,54233,61260.6667
2026-06-05,66721,44047,27271,32993,16253,12657,-1092462.00,3510748.00,8784754.00,36555888.00,56223.4333,27383.5667,56901,34965,13562698.00,7569888.00,558735,1426768,43811,51799.3333
2026-06-04,54676,75174,23756,24105,27463,19076,-619173.00,1597827.00,4677440.00,85272730.00,55376.3,25621.2333,54560.4286,26701,27574027.00,12710052.00,594437,1407111,31508,67296.3333
2026-06-03,62385,43478,18477,37182,18144,19478,-2757951.00,391483.00,9108644.00,4988228.00,56453.9,25132.9667,49883.2857,23902.2857,8077195.00,4927761.00,587085,1393417,27469.3333,68989.3333
2026-06-02,38337,12781,15845,18366,4330,7499,-46905.00,-430867.00,4032446.00,2996734.00,56883.7333,25704.4,49866.7143,25234.4286,3055352.00,3439314.00,582143,1382530,30894.6667,69814
2026-06-01,101167,38265,56293,36106,15166,20751,623604.00,68855.00,8134910.00,2033625.00,59687.6333,25398.8333,41064.1429,22475.5714,4300797.00,4855546.00,576378,1353871,25019,47247.3333
2026-05-29,67464,31362,30890,27768,12173,11185,-94097.00,-52700.00,5909532.00,2698608.00,60849.4333,25110.7,36320.2857,20648.2857,3590997.00,3549600.00,585354,1370646,20340.3333,37523.3333
2026-05-28,40811,23057,18539,19115,12117,9032,109261.00,-800535.00,3683947.00,3424211.00,62331.0667,24824.7,35944.4286,19664.8571,2818211.00,3728007.00,581563,1359111,20617,33801.3333
2026-05-27,33467,20638,14813,14422,10408,7939,-264338.00,471407.00,3805763.00,2931377.00,62975.1,24676.1,39538.1429,20820,3199461.00,2463716.00,574682,1346402,21106.3333,35386
2026-05-26,38292,17326,16532,17822,8757,6448,-587962.00,244329.00,4267750.00,3887118.00,65326.7333,24869.3667,41454,20950.2857,4035514.00,3203223.00,566831,1338746,21648.6667,35805
2026-05-22,29645,23887,12473,11640,10416,11793,-406164.00,-310990.00,3117751.00,2352959.00,67172,25295.0667,47650.4286,19731.1429,2548074.00,2452900.00,569504,1379880,19876.6667,37342.3333
2026-05-21,38221,22106,17449,17551,10386,9588,-294289.00,366846.00,3447389.00,6273922.00,67419.9333,25134.2,49695.5714,18465.5714,3408350.00,2747215.00,565057,1368142,17899,37328.6667
2026-05-20,39549,18953,17116,18422,8775,8679,-410727.00,20243.00,4188696.00,4448989.00,66993.4333,25468.4667,49981,18339.2857,4059212.00,3628242.00,557572,1355195,21156,43686.6667
2026-05-19,34257,18571,16861,14374,10613,6984,-300488.00,833525.00,3120178.00,2314062.00,66357.7333,25180.4667,53745.4286,19621.7143,3075318.00,1941305.00,549143,1344393,21045,49502
2026-05-18,38180,16173,15036,19000,8244,6731,66497.00,398760.00,3436711.00,1361008.00,66442.3333,25334.3,54938.2857,20628.1429,2373582.00,2041319.00,539515,1326437,20771.6667,61115.3333
2026-05-15,58623,28724,24695,26078,9869,13540,-583868.00,-994009.00,4967920.00,5942645.00,67283.6667,24919,55522.2857,20215.8571,3574680.00,3984821.00,589574,1452793,15612.6667,59086.6667
2026-05-14,51703,18238,19161,26121,12176,5615,-767739.00,849659.00,4396817.00,2342575.00,66507.2,24760.7667,75233.8571,30308.2857,3611854.00,2383256.00,584585,1435693,15556.3333,55701.3333
2026-05-13,73020,15353,32360,31271,9001,5271,-132606.00,270397.00,5645956.00,1875077.00,64795.7333,24940.6,77043.5714,37217.4286,3605524.00,3202521.00,580979,1414778,19621.3333,51564
2026-05-12,52537,13247,18982,28300,6904,5453,-1100430.00,238664.00,7425275.00,2167999.00,64103.8333,25052.0333,79069.1429,39280.4286,5124919.00,3785825.00,580244,1390618,22945,49561.6667
2026-05-11,41547,18069,18204,18457,8926,7276,211856.00,767389.00,5204443.00,2132442.00,65309.9333,25620.1,77903.1429,38010.1429,3573115.00,3017582.00,577079,1372591,25534.6667,56616.3333
2026-05-08,60608,27548,19863,31300,10588,13330,-2670267.00,144057.00,6825866.00,4910719.00,64138.9333,25464.1,80981.2857,37135.5714,6743426.00,3929102.00,613033,1428316,45980.3333,99641.6667
2026-05-07,46530,23218,17057,22578,10598,10626,44644.00,1263366.00,5509939.00,4894494.00,63325.0667,25020.5,79406.7143,35104.1429,5400170.00,4181448.00,615112,1416113,59480,112694.3333
2026-05-06,62711,25838,23309,31682,9512,14145,-565879.00,-850911.00,8552113.00,3839221.00,62696.7,24632.4333,74695,33579.2857,5298062.00,5583094.00,615578,1406072,60096.6667,114029.3333
2026-05-05,189684,88885,67158,82752,36750,39907,21930.00,-1260370.00,20993709.00,20234830.00,59137.2,22613.9,54406.5714,24818.7143,16908410.00,18189173.00,589384,1354778,33527.3333,61929.6667
2026-05-04,85688,63717,37030,38235,26635,24226,371755.00,877909.00,15178521.00,7373324.00,57863.3333,21625.7333,49657.2857,19557,10224160.00,9718006.00,556433,1325713,19430.3333,60752
2026-05-01,66716,27688,22468,33910,11751,12855,-754140.00,1734387.00,8168203.00,9747470.00,57266.5667,22043.6,44306.7143,18787.8571,8848943.00,6360416.00,574608,1367235,13200.3333,50349.3333
2026-04-30,33385,9177,13452,16745,4783,3066,-370469.00,280737.00,5558424.00,1909998.00,57544.4667,22293.4,53067.8571,21595.4286,3676737.00,3025531.00,574751,1359850,15196,49130.6667
2026-04-29,82155,21426,38282,37931,8502,11933,1405512.00,-23175.00,9872836.00,3424003.00,56223.2667,22140.5,48650.2857,22809.4286,5526161.00,6954848.00,567804,1335864,17241,37634
2026-04-28,35508,8998,16219,15703,3949,4383,-194338.00,119398.00,4234725.00,1393933.00,56065.6,22564.8333,70046.8571,25680.8571,2746526.00,2432790.00,565318,1330634,23203.3333,43279
2026-04-27,29729,15164,12913,13395,8224,5800,18155.00,2582113.00,4151982.00,3650895.00,56255.4667,22803.3667,80416.7143,26760,4812886.00,2248928.00,563011,1323097,25583.3333,43123.3333
2026-04-24,47665,27561,21027,19576,11882,13558,593055.00,-264872.00,5796047.00,2086039.00,55943.6333,22863.4667,85787.4286,24890.8571,3018511.00,3876438.00,570596,1384541,26006.3333,58806
2026-04-23,52443,26885,11445,31664,11301,13568,-1390192.00,-303825.00,7751892.00,2949150.00,55585.3,22515.9,85836.7143,23361.5714,4523466.00,3437099.00,570034,1373737,27019.3333,58402.3333
2026-04-22,29262,22304,14675,11350,12275,8902,142137.00,56136.00,5094881.00,1535175.00,56030.9667,22079.7333,97205.1429,23478.7143,3004248.00,3090249.00,568054,1373981,29284,110409.6667
2026-04-21,94713,28830,42639,46483,12598,12681,484301.00,-475892.00,15465769.00,3984423.00,54413.7333,21747.2667,95818,24597,8341496.00,9301689.00,559420,1381176,27246.6667,112944.6667
2026-04-20,51232,29924,21482,21096,9368,18717,440511.00,-396060.00,9869440.00,2516358.00,54976.5,21839.3333,95021.8571,22790.7143,4352317.00,5188888.00,549242,1361993,22097.6667,124287.3333
2026-04-17,185284,29098,81474,85427,14143,11655,434764.00,-442676.00,34122838.00,3899053.00,50619.1,21794.5333,72374.7143,22774,16543548.00,18057688.00,614226,1489013,17791.6667,80122
2026-04-16,102318,22718,38945,51468,9033,10110,-281156.00,-626986.00,15573750.00,2916104.00,49219.4,21662.3333,59927.2857,20947.2857,7602120.00,7947950.00,607754,1450446,17927,82296.3333
2026-04-15,85260,14477,40013,31238,4792,7425,1842180.00,-203642.00,14789847.00,1971566.00,49037.2,22407.1,53564.1429,21848.8571,5978613.00,8024435.00,604344,1442303,25320.6667,82210.6667
2026-04-14,52788,16180,22517,24989,6843,8323,-570038.00,-187185.00,10353545.00,2687318.00,49314.2,22852.0333,58003.4286,21861,6265978.00,5883125.00,598958,1433164,25687.3333,79834.3333
2026-04-13,108841,23124,55422,46167,10960,9560,36140.00,932209.00,17385363.00,4269509.00,49163.7667,23303.4,46513.1429,20484.8571,10719152.00,9823083.00,589729,1393903,27639.6667,52472
2026-04-10,85003,36658,34235,39696,14351,16944,-2551666.00,-1896571.00,11520878.00,6376484.00,51654.2667,23999.9667,37466.4286,18212,8619178.00,7964083.00,609907,1416191,18730.6667,29199.6667
2026-04-09,45659,17280,19523,20162,9428,6958,1044132.00,-16736.00,5241577.00,2405611.00,58079.7667,25553.6333,35483.7143,18113.4286,2892467.00,3953335.00,603904,1407024,19900,27552.6667
2026-04-08,26754,28981,13869,9913,11638,12938,1500106.00,-263474.00,5143746.00,2904688.00,65386.3667,26313.8,42766,18989.1429,2815081.00,4578661.00,598703,1400852,15661.3333,46589
2026-04-07,15186,9931,6019,6252,3549,5663,-474800.00,574547.00,2162379.00,1497962.00,75216.4,28076.9333,44236.2857,20837.2857,2150709.00,1101362.00,594784,1399644,16848,50996.6667
2026-04-06,40718,20788,20055,17437,9519,10148,630521.00,-436361.00,6073071.00,2532850.00,76703.1333,28164.8333,41578.5714,19283.2857,3533986.00,4600868.00,585482,1385649,16834.6667,44649.3333
2026-04-02,83863,16265,36840,35973,7247,7193,243389.00,-16897.00,7100983.00,3221378.00,75542.7667,28650.4333,35863.8571,18987.7143,4476675.00,4736961.00,602758,1396182,16943,27288.3333
2026-04-01,28409,13491,12233,14442,5943,5088,173625.00,-1191502.00,3352107.00,4733267.00,76613.2333,28868.4333,43648.1429,21107.4286,2301318.00,3666445.00,601098,1388837,24149.6667,43728.6667
2026-03-31,21676,20748,11778,7930,5063,14056,507621.00,30054.00,3249834.00,1000149.00,78545.2667,29104.3667,47333.2857,23010.8571,1750629.00,2228196.00,588916,1381976,24856.3333,44996
2026-03-30,31780,16590,16062,12098,8512,6318,1228471.00,-245871.00,4336932.00,2892381.00,81544.5667,29825.7667,49766.5714,26387.1429,2527192.00,4001534.00,583573,1369877,22629.6667,41774
2026-03-27,77730,35111,27879,40558,16174,13804,-1343004.00,650115.00,7153919.00,4642243.00,82897.1,31328.4667,44622.5714,23752.8571,6204166.00,4211047.00,588698,1408315,15658,30484
2026-03-26,25478,22868,11952,10918,10493,8517,783045.00,135433.00,4464531.00,8070714.00,84661.1333,31532.6333,47057,22891.5714,3667181.00,4314793.00,579015,1401575,17478.3333,49624.3333
2026-03-25,22114,9910,8564,11581,4589,3258,90418.00,368949.00,3084645.00,2003057.00,87247.0667,32239.3667,48294.7143,24579.8571,2379152.00,2100621.00,574114,1395563,25532.3333,58077
2026-03-24,43860,14196,13739,24394,8272,4892,-307072.00,483802.00,5434540.00,1907529.00,90257.5,33205.2,47089.7143,25740.4286,3563976.00,2773102.00,568430,1387609,34208.3333,59728
2026-03-23,82899,28329,47709,25573,17628,8898,2159975.00,225181.00,7988248.00,2492220.00,92408.3667,33949.4667,40719.8571,25888.2857,3838827.00,5773621.00,553544,1363581,30322.3333,46002.3333
2026-03-20,47472,34072,23460,19920,16381,15455,124599.00,-1168782.00,5768739.00,7082668.00,98446.5,42909.9,39894.2857,23372,5340921.00,6599182.00,615555,1668082,24578,44351.3333
2026-03-19,48813,40224,17669,24650,16935,17648,-1584775.00,7258633.00,5205439.00,45766530.00,104260.2,44899.6333,39011.2857,18942.7143,24726287.00,15905389.00,620663,1652364,18412.6667,38339.6667
2026-03-18,41722,16671,15283,24443,7940,7586,-982816.00,101240.00,3928101.00,1885532.00,119703.8333,56235.1667,39650.4286,19254.8571,3127094.00,2043038.00,618711,1639165,20295.6667,36240.6667
2026-03-17,42519,16839,22575,16317,8393,5793,116840.00,101856.00,5940988.00,3702397.00,124241.3667,61587.7333,43307,21518.7143,3884139.00,3899123.00,612641,1622144,24470.6667,34837.6667
2026-03-16,30778,21728,13734,13807,13460,6650,-409682.00,353154.00,4713228.00,2690106.00,126219.0333,62663.7667,46704.7143,22379.5714,3837760.00,3074924.00,606829,1610084,22714,38476
2026-03-13,35425,22320,14184,17014,8705,10953,-614705.00,17871.00,5497298.00,3853344.00,128334.8667,63850.7333,50262.1429,21869.8571,4564466.00,3931890.00,625180,1648826,18347,40878.3333
2026-03-12,38310,29364,13134,16508,13270,14396,-705339.00,-1347659.00,5158888.00,31549281.00,130603.2,64505.2,56188.4286,22935,15905219.00,18267679.00,628335,1642029,14844.3333,43507
2026-03-11,41693,16458,13882,15475,3728,5530,120309.00,-161946.00,13712793.00,1462586.00,131147.4667,64961.2333,58960.5714,24802.1429,2579189.00,2861444.00,621123,1624551,20253.6667,52314.3333
2026-03-10,42632,9219,15659,21773,3185,5484,-2216990.00,-157755.00,10135855.00,1461101.00,130984.1333,65263.2667,67774.2857,28723,6180323.00,4121088.00,624057,1604582,26432,56291
2026-03-09,46196,18856,15624,21190,6550,7890,-945204.00,-482418.00,6269333.00,7121902.00,131132.1,65474.4,83991.7143,34251.4286,4251677.00,3788891.00,618275,1593811,26397.3333,61001.3333
2026-03-06,68115,32686,29745,32879,13862,15636,-290695.00,-2780982.00,8709794.00,11547989.00,131917.3333,65060.7333,108321.5714,38709.1429,7292521.00,9778128.00,666698,1655698,27775.3333,64894.3333
2026-03-05,54562,27754,24941,23716,10764,14216,548171.00,971556.00,8994129.00,17865756.00,134249.3,64698.9,135663,42142.2857,11469284.00,11626899.00,661101,1648588,28366.6667,67073
2026-03-04,60327,18752,27169,28426,6915,9040,-98954.00,-875709.00,8222615.00,3979787.00,136326.5,65142.5333,171343,48438.4286,5159733.00,5936488.00,662479,1632529,34337.6667,81740
2026-03-03,79794,36820,38551,25209,15239,18880,1943044.00,-1276160.00,17675479.00,9984229.00,135850.9,65361.5,172132.4286,46524.8571,7090898.00,10310102.00,649054,1628107,41249.3333,108381.3333
2026-03-02,61098,29528,27726,28514,9380,18110,-28321.00,-229707.00,6819612.00,3646754.00,136484.8667,68541.8333,170411.5714,46711.2857,4682749.00,4866885.00,643976,1615832,52703.3333,167490
2026-02-27,104328,36665,42348,53147,14188,13430,-1245400.00,-238031.00,16464662.00,4468201.00,135489.8,68388.4333,164153.7143,44335,9580666.00,8573297.00,678200,1712856,57743.6667,214698
2026-02-26,159718,57555,55736,89523,26986,24975,-3433616.00,-488517.00,18101491.00,7598152.00,132925.2333,67356.1667,152713.5714,40088,13003693.00,10058594.00,660416,1697303,59500.3333,264821
2026-02-25,238424,63890,113625,101282,24635,29366,2628860.00,-172775.00,36845127.00,12712842.00,127269.1667,66467.3667,136047.1429,36422.5714,20759592.00,23561227.00,642804,1662753,46012,213786.3333
2026-02-24,245952,51786,117536,99310,18905,29367,4814989.00,-1919524.00,40469456.00,13545874.00,122558.3,66416.5667,117812,40480.5714,21024609.00,27759122.00,626892,1610849,39027.6667,148153
2026-02-23,310087,62825,165918,119400,26049,29804,5165740.00,-3131159.00,41715262.00,13442349.00,113759.6333,65433.6333,84713.7143,35647.4286,21598099.00,29894998.00,607490,1523166,24763,64965
2026-02-20,85320,23425,36948,39474,12026,9202,-1252518.00,814167.00,10444627.00,4614302.00,112790.3667,66006.0333,86766.8571,36745.5714,7852049.00,5784662.00,655196,1685713,26230,63070.6667
2026-02-19,49052,30833,19826,22782,10458,18660,-1349471.00,-4320507.00,6397998.00,22484493.00,112472.0667,65680.9,98927,38508.1429,12580744.00,15551780.00,652170,1669432,28696.3333,87306.3333
2026-02-18,60523,20031,22396,32100,7550,11068,521624.00,-616773.00,6491315.00,3790702.00,113391.2667,65974,111341.5714,42883.2857,4112197.00,5250594.00,646361,1647169,48750,106567.3333
2026-02-17,79637,27826,37879,34316,11175,14046,1451171.00,3369307.00,11074887.00,9279518.00,114919.6667,66558.4,132624.2857,82177.4286,10406960.00,8488824.00,635620,1630511,49139,106154.6667
2026-02-13,121759,38232,52403,47860,13638,17829,2557377.00,-724844.00,18107479.00,20707054.00,113982.7333,66594.4,147119.2857,90989.4286,12088961.00,15370405.00,645568,1658569,46765.6667,98799
2026-02-12,118306,80192,42976,58492,36885,30956,-3274311.00,3098997.00,16674855.00,73783400.00,111721.6333,64560.7333,202365.7143,130495.8571,39697996.00,28397188.00,641384,1614197,34425.3333,104088
2026-02-11,78399,28993,34761,34256,14518,11836,-1912811.00,-313190.00,9739868.00,6388986.00,111725.1333,64336.4333,216686.5714,151699.1429,7905615.00,6305994.00,635562,1584960,41646.6667,127096.6667
2026-02-10,99692,31112,44144,45569,12584,15709,-476077.00,1546303.00,14657727.00,8130597.00,110820.9,64761.9667,215317.4286,154970.1429,11372751.00,9350371.00,630193,1563887,132237.6667,170071.3333
2026-02-09,134173,43171,57642,61057,18682,18542,-3045728.00,2139848.00,23393212.00,32875899.00,108092.9333,64132.3333,210278.4286,157078.4286,30330009.00,15620133.00,623092,1503367,151152.6667,199755
2026-02-06,147425,50657,60820,70755,19400,23330,-2584973.00,774746.00,19978062.00,17976494.00,105534.1667,63177.2333,204412,156841.4286,17900990.00,14541271.00,647757,1620957,253179.3333,318957
2026-02-05,228616,302885,86053,118594,79104,135364,-3189293.00,-17824493.00,31212682.00,332705333.00,100049.4333,53903.8,180041.2857,117877.7143,100926297.00,146668210.00,694500,1542553,211356.3333,302300
2026-02-04,223224,99916,87389,105095,39311,39011,-5932380.00,3036596.00,33624752.00,40331338.00,95633.5333,51939.3667,153542.4286,106215.4286,35464211.00,26497665.00,701176,1459883,196054,257928
2026-02-03,505031,356737,204873,247299,152982,143952,-13950042.00,13148830.00,70347288.00,195530883.00,83180.9,42009.5,88628.7143,58851.5714,128422379.00,100160455.00,701768,1280636,96451.3333,122551
2026-02-02,178645,177416,79710,73799,67286,70890,256706.00,-1605942.00,29286905.00,27622344.00,79610.2,36781.9667,76204,36403,21721531.00,24400027.00,629313,1206666,53645.3333,98456
2026-01-30,90108,54009,34533,43985,27245,19155,-2412843.00,50924.00,19513265.00,10707229.00,78703.6333,35813.0667,81120.1429,31101.5714,14423292.00,11965187.00,632622,1224842,45688.6667,87760.3333
2026-01-29,98900,57929,36494,49426,27282,20436,-2303225.00,1734043.00,17141938.00,16429886.00,77194.5333,34662.6333,84512,27406.1429,16234735.00,12197467.00,620918,1191169,32472.3333,67371
2026-01-28,106360,48998,40752,53671,27825,14402,-2836870.00,1312062.00,16121881.00,10155578.00,76582.4,34327.8667,78678.5714,26604.8571,13291589.00,9142657.00,601432,1163541,24536.3333,48796
2026-01-27,58021,30139,23097,26830,14547,11194,-982850.00,309517.00,12631394.00,7205713.00,76421.9,35602.9,81835.1429,40147.5714,8991469.00,7699102.00,591083,1143296,21248.6667,60013
2026-01-26,37732,18280,15205,17170,6358,6358,-943204.00,339773.00,8110764.00,4420023.00,76865.4,35741.8,87084.2857,42116.5714,5092942.00,3809965.00,582395,1127967,20788.3333,88942.6667
2026-01-23,50635,25190,23567,21339,10744,10183,-1048808.00,464882.00,6547744.00,3407087.00,76773.2,35581.6,91676.5714,42316.1429,4992078.00,3478388.00,587207,1164575,23078.6667,112945.3333
2026-01-22,91672,20276,39030,43127,10303,7780,-2873310.00,321397.00,19313172.00,3741112.00,75144.4667,35846.7333,88400.8571,44737.5714,12031506.00,8836799.00,583656,1133902,30783,104230
2026-01-21,124521,16899,45069,52414,6479,6477,-1344293.00,375064.00,24022643.00,5265495.00,73169.6333,36302.2667,85558.7143,49503.7143,11872495.00,10153138.00,578002,1137970,66796,89428.6667
2026-01-20,122643,32061,43065,60749,13436,13625,-1559469.00,-1737374.00,26649788.00,11005025.00,72323.7667,37494.9667,74627.8571,49686,15557009.00,15734914.00,565699,1092314,66796.6667,73373
2026-01-16,65526,43389,35505,24672,15326,23623,-786006.00,1017977.00,7727689.00,5498581.00,73467.4333,38778.0333,73301.5714,49287.1429,6613254.00,4809271.00,654773,1432033,61196,79124.6667
2026-01-15,80117,124938,37783,32968,57665,63801,-1990005.00,-1975122.00,14493244.00,100706511.00,73190,35637.6667,67499.5714,34450.1429,58281311.00,53716438.00,661093,1397579,31958.6667,75333
2026-01-14,74476,32063,35405,30547,10783,14521,-261354.00,2160557.00,16057774.00,10337546.00,73338.8333,35598.4,69445.7143,33987.4286,12964464.00,10335203.00,650785,1377520,38025,85383
2026-01-13,82781,26587,39346,34643,11596,11628,958714.00,-99786.00,17414920.00,8412326.00,73379.4667,35164.3333,75546.8571,36669,10887954.00,11946454.00,646899,1350180,40275,73165
2026-01-12,68742,37226,30353,31217,14633,18549,-796793.00,557601.00,14337810.00,8099012.00,72983.5667,34841.3,79105.2857,36967,10573845.00,9219451.00,640022,1328366,41398.6667,68998.3333
2026-01-09,104626,50262,47641,48231,20717,20964,-4198274.00,-1954405.00,16452213.00,19054156.00,71896.4,33982.4667,71369.1429,32527,15787524.00,13543655.00,645547,1336698,31671,47290.6667
2026-01-08,46127,33337,19042,22147,11426,14757,-1279423.00,-2056885.00,12515641.00,21877773.00,73072.3,34618.2,75994.4286,30945.1429,13269481.00,14046943.00,638920,1324417,30166.6667,61281.3333
2026-01-07,56242,40597,22109,27022,9922,27199,-1759995.00,-860869.00,12111614.00,5499703.00,75155.4667,35138.5333,78326.2857,31413.8571,8253113.00,7353987.00,611287,1309076,31753.6667,84363.6667
2026-01-06,39503,21079,18943,16683,9366,8825,-136937.00,208751.00,8825600.00,6383868.00,77495.4333,37209.4333,80159.2857,31871.4286,7043190.00,6697502.00,601161,1299674,37831.3333,102413
2026-01-05,88099,28824,38210,33407,11958,13379,-1011319.00,-846896.00,26318643.00,6626632.0000,78053.8667,38277.1,77668.2857,30897.1429,12297793.00,12101266.00,592779,1270045,34617.3333,89871
2026-01-02,125489,45358,47586,59752,15602,22720,-4540812.00,-547942.00,19419235.00,7101159.00,77278.8,38013.8333,68894.7143,27943.4286,13547668.00,9554798.00,586060,1267601,26919.3333,74209.3333
2025-12-31,93651,39312,37084,46903,10611,24233,-1861267.00,-4480.00,13518277.00,6685963.00,77056.2667,38491.0333,68479.8571,28182.1429,9493465.00,7636678.00,570010,1252199,28441.3333,67180.6667
2025-12-30,50473,19182,20722,25069,7854,9011,-1117688.00,-3639851.00,8054187.00,9744098.00,81175.2,39692.7,80048.2857,33847.7143,6760571.00,9282734.00,567903,1247852,30141.3333,67801
2025-12-29,78504,22264,24283,40860,7631,10864,-3279048.00,-162189.00,12483914.00,4763328.00,81139.3333,40074.1333,79051.1429,33608.5714,8952040.00,5835181.00,557492,1226530,30054.6667,65187
2025-12-26,72565,43878,33452,30517,11293,28934,-1198878.00,616850.00,13206654.00,6912575.00,80082.3667,39232.2,77672,30903.4286,9229388.00,7413660.00,549516,1247790,23656,62356.6667
2025-12-24,52334,24282,23987,25140,12706,4393,29782.00,4404533.00,9953083.00,29849183.00,80270.8333,39431.5667,77856.7143,30779.7143,18664556.00,6834255.00,553062,1234464,29223,75161
2025-12-23,70662,22004,20618,45325,7166,12145,-1205472.00,-3150081.00,9051682.00,15378753.00,80319.1667,39456.4,80333,33201.2857,7631033.00,12536884.00,545878,1216858,41502,95424.3333
2025-12-22,64074,24682,30939,26945,8086,11833,1104652.00,-415614.00,10643860.00,6414459.00,81686.7,40374.7667,78780.4286,39445.2857,6477915.00,7998181.00,536885,1193268,40138,97907.6667
2025-12-19,90747,40983,40992,30439,12984,21494,593938.00,-3908016.00,12279205.00,10308978.00,82086.7333,39977.7,73107.5714,36797.2857,7128083.00,11630037.00,628676,1394211,34791,88629
2025-12-18,131452,58841,51948,65409,30353,21530,-4123206.00,4978519.00,29782472.00,34286975.00,81033.1667,38701.3667,61167.1429,31303.4286,38649737.00,20359612.00,633291,1376210,22982.6667,62687.3333
2025-12-17,71524,20590,33923,29286,6295,6711,400880.00,-225838.00,19314940.00,4318296.00,82870.6,39847.5333,57065.1429,32394.8571,9697208.00,10323926.00,638275,1371134,29104.3333,68178
2025-12-16,62911,24942,28031,27623,7440,7033,-226747.00,1927180.00,9008847.00,11777527.00,84006.4,40405.1,57403,33198.1429,8199615.00,5525838.00,635536,1355955,43587,64943
2025-12-15,53627,23416,20006,28565,7911,12138,-881739.00,-2536415.00,7408826.00,12950968.00,88391.3333,41796.9333,63637.2857,39544.7143,6835669.00,8870841.00,629855,1345589,43264,64079.6667
2025-12-12,87996,38955,44448,34502,12848,17651,-590659.00,-2974777.00,8350235.00,9425638.00,91350.6333,43183.5,65328.7143,45677,5595052.00,7979170.00,651772,1366006,37073.6667,50704
2025-12-11,53206,68390,25721,20760,24230,27569,-121256.00,554652.00,8282509.00,86967411.00,99706.6,43833.6333,67984.1429,40296.5714,30276707.00,30010699.00,654397,1360611,23687,47238.6667
2025-12-10,51037,22447,19787,20975,8978,10550,-364556.00,-83256.00,9540182.00,5332577.00,116675.5,48723.0667,71970.4286,41502,6130791.00,5903291.00,647880,1348988,26393,51985
2025-12-09,47869,20384,20830,22454,11059,7656,-92151.00,939984.00,7695089.00,3546614.00,121915.2667,52210.0667,77132,40527.8571,5715740.00,4683605.00,640656,1327261,42212.3333,68451
2025-12-08,42810,28230,15338,22938,11697,9351,-2161767.00,312170.00,8790104.00,4061935.00,124631.8667,52593.7333,79139.8571,40428.5714,6827312.00,4353375.00,625866,1311596,60096,87459.6667
2025-12-05,65276,30565,34180,24918,10623,15965,68938.00,-210449.00,8114372.00,3437132.00,124376.3,52559,80102,39561.7143,5087726.00,5367113.00,665684,1359643,60150,89632.3333
2025-12-04,97267,67842,43506,45615,11616,14772,3338091.00,-354779.00,18472584.00,91140939.00,123200.1,51279.5667,77835.8571,37357,11513705.00,15089475.00,668540,1350034,47831,83523.6667
2025-12-03,99836,81881,33954,56543,40161,33674,-3354255.00,-547562.00,16946113.00,12548341.00,122531.5333,49767.9667,80536,33689.2857,15173534.00,12366841.00,633120,1336264,25059,78245
2025-12-02,71794,30727,31565,32772,14444,9920,-1736190.00,1438962.00,22097630.00,6037743.00,122849.6333,49541.5333,85951.4286,41186.2857,13566049.00,10390897.00,623942,1305746,23995,73268.6667
2025-12-01,78941,30885,32197,21569,10512,14022,570979.00,2527026.00,9345982.00,9635314.00,124338.9667,49788.9,89653,45467.5714,8951321.00,6993775.00,608743,1285362,21865.6667,70958.6667
2025-11-28,84000,13565,30004,40258,5804,6102,62337.00,206623.00,10585439.00,2104532.00,126710.1667,52621.2333,92258.2857,48881.1429,5811107.00,5666821.00,624409,1335784,34813.6667,70093.3333
2025-11-26,56865,27535,27646,22658,13521,9956,3513.00,1959215.00,9188285.00,13455159.00,128291.3667,52670.8667,96559.7143,52608.7143,9954925.00,7999299.00,624166,1322152,44371,90717.3333
2025-11-25,72011,24497,29591,32051,7758,10614,174894.00,179227.00,10564760.00,4763491.00,130460.1,52878.0667,111135.4286,56999.4286,6728088.00,6723755.00,618490,1305252,63940.6667,103281
2025-11-24,81404,52409,40518,34329,34358,16577,-2191045.00,2302569.00,14632931.00,10917663.00,134918.7667,52813.5,110567.4286,54327.7143,14741132.00,9422518.00,599405,1271885,66755.6667,111097
2025-11-21,118737,56207,57832,46005,24715,26180,1150763.00,110231.00,21701563.00,16760943.00,140270.7667,53332.6667,99441.5714,48958.1429,17153967.00,18226514.00,649558,1432275,60506.6667,105597
2025-11-20,109702,83206,43967,55462,25830,46620,-4465380.00,-8674510.00,23987587.00,70542415.00,143678.3333,51552.5667,92053.8571,41394.8571,34310134.00,44015514.00,674742,1410789,50647.3333,98021.3333
2025-11-19,104852,60854,44844,48202,25230,28862,-2407761.00,-3878790.00,25473596.00,22071547.00,148085.4667,50790.7333,87376.7143,35951.2857,19286316.00,21266727.00,685290,1388586,48773.3333,121084.3333
2025-11-18,102237,37460,42851,50566,14001,18419,-1256304.00,-1514441.00,15473365.00,12427465.00,162180.8,52196.0667,87785.7143,38061.7143,11409547.00,11667684.00,673170,1366223,47522.3333,112814.6667
2025-11-17,86975,53628,38025,41761,20246,25535,-1508413.00,-912874.00,16669358.00,16008834.00,168745.3,51863.2333,90039,34553.5714,15409696.00,14814157.00,664600,1347111,35853,97441.6667
2025-11-14,174041,55232,60898,97043,21665,25594,-3420413.00,-1030863.00,26326260.00,14409972.00,168327.7333,51965.9,79439.5714,29599.1429,19208722.00,16819719.00,676515,1411930,27530,58757.3333
2025-11-13,77428,33707,30062,39670,13303,14337,-3348132.00,480883.00,13578130.00,5507210.00,168997.5333,51811.2667,86470.8571,32637.4286,9931829.00,6102814.00,672428,1409290,23877.3333,56985.3333
2025-11-12,40856,18620,13334,23734,8262,6315,-854281.00,79008.00,6679508.00,4824597.00,171514.7,52661.8,94489.2857,35930.1429,5341459.00,4408170.00,668207,1401278,35081.6667,78400
2025-11-11,57988,30263,25689,27058,14089,12783,-281016.00,352113.00,10176457.00,6725233.00,174999.3,53997.9,112658.8571,40917,8064177.00,7431048.00,665395,1394508,34684.3333,93320
2025-11-10,72112,22749,26429,40761,8934,11518,-1682511.00,-228651.00,11702463.00,4532618.00,185143.4333,56557.7333,127610.7143,49174.5714,8335757.00,6881897.00,657868,1370017,33951.6667,102564.3333
2025-11-07,105100,52233,53915,43245,25462,21697,-289094.00,174725.00,15712204.00,10505204.00,183479.9333,55531.7667,156008.5714,54269,12291124.00,11826343.00,693258,1428862,34865.6667,109746.6667
2025-11-06,102748,29071,32533,56188,15634,10517,-2082335.00,1304547.00,16121592.00,9904899.00,183248.2,55451.1,221345.1429,74277.4286,13034732.00,9609268.00,685324,1426218,39065,107825.6667
2025-11-05,99845,20551,40436,48365,8463,10340,-865997.00,-320776.00,13203951.00,5443449.00,181468.9333,55205.0333,236376.1429,89197.8571,8630749.00,8085528.00,683575,1425466,53938.3333,136269
2025-11-04,126647,54975,52940,63313,26220,23453,-3431305.00,-565371.00,24782538.00,14686922.00,179143.3667,54070.1,236042,87021.4286,19214978.00,17450694.00,660652,1387159,62464,152978.3333
2025-11-03,96985,41669,39335,48471,17976,20081,-2354075.00,-36487.00,18863668.00,6590928.00,178454.2333,53904.1333,230416.8571,85286.2857,12702038.00,10384450.00,639217,1362387,77872.3333,221945
2025-10-31,185175,65171,98801,70199,27684,29174,204941.00,-119393.00,25148812.00,8871194.00,175496.6333,52609.7,212817.7143,80184.5714,15130359.00,15454693.00,756087,1458936,112525.3333,346921.3333
2025-10-30,176775,80552,69974,87429,26079,47416,-5954184.00,-1579986.00,28562377.00,13167727.00,174833.3,50987.6,198961.1429,73896.1429,21049296.00,16675098.00,742329,1405807,127339.3333,356350.3333
2025-10-29,303885,87894,122935,157187,44956,35198,-10093070.00,1159324.00,54685082.00,17272548.00,169548.4333,48915.4,167168.5714,64759,38555118.00,27302724.00,721766,1349811,111288,296491.3333
2025-10-28,560104,169130,251128,259724,76980,71843,842194.00,-396211.00,161132146.00,21191379.00,152548.3,44032.6667,104813.8571,46069.8571,83833460.00,84863485.00,697209,1293801,64752.3333,128993
2025-10-27,205062,124994,90565,91168,56867,49454,775184.00,1555674.00,46265147.00,17337324.00,147560.0333,40435.8,97681.5714,42290,28503708.00,27723218.00,630976,1224771,32907.3333,81299.3333
2025-10-24,124308,39740,54878,55105,15973,18313,-1921760.00,818695.00,24213915.00,7346860.00,145252.7,39929.0667,94823.4286,40759.1429,15019890.00,12279435.00,647954,1312254,31838.3333,66456.3333
2025-10-23,57609,29523,24016,23091,11085,12932,-118407.00,-917909.00,10795818.00,9748422.00,146028.8667,39724.1333,106175.4286,40929.1429,8029351.00,8828853.00,642152,1304650,29975.3333,74365.6667
2025-10-22,61981,29459,19500,30868,14088,8680,-2069375.00,1214998.00,12559387.00,6945390.00,148314.9667,39921.2,128058.7143,43931,9510314.00,6225941.00,626759,1291113,32924.3333,94912.3333
2025-10-21,79779,36533,41340,31046,17104,14767,2331706.00,815915.00,15806101.00,4768096.00,146746.5,39571.1,156561.2857,48966.5714,8472886.00,9988677.00,615279,1285998,53591.6667,120031.3333
2025-10-20,81337,23934,42296,31951,10845,11207,2182026.00,-604719.00,15929827.00,5083026.00,145166,39415.8,175217.2857,49805,8265856.00,11052601.00,608847,1266084,55288.3333,127686
2025-10-17,123621,38306,60728,49893,14518,20847,-452367.00,-3157026.00,19761684.00,9568692.00,142916.6667,38987.4667,191423.7143,49761.1429,11942826.00,14647485.00,667162,1387872,52757.3333,132170
2025-10-16,155136,98535,55381,85115,41282,49738,-6868536.00,-1995602.00,37005333.00,37371842.00,142639.7,37038.4333,244275.2857,47059,36848147.00,30701905.00,636915,1344747,36736.3333,152179.3333
2025-10-15,104301,29024,37455,56199,11743,10887,-1319560.00,-1660028.00,23440889.00,7251967.00,141265.7333,36464.8667,269933.7143,49147.4286,13124888.00,13457544.00,629127,1324698,50989,210511.3333
2025-10-14,137073,30713,54148,66883,11472,13800,-2357419.00,-1391175.00,30311248.00,8159903.00,137775.8333,36025.5667,273425.2857,53090.1429,16920109.00,15953865.00,621321,1295490,50685.6667,235463.3333
2025-10-13,215164,50472,83497,114719,18787,25180,-4176496.00,-1110702.00,42965870.00,11683563.00,133248.2667,34896.5,256619.2857,50032.4286,25988556.00,22926416.00,596682,1245206,46528,242764
2025-10-10,279297,71782,107577,143118,35582,29277,-8800110.00,-1923785.00,75813956.00,21535945.00,124753.5667,32985.3,233344.1429,46083,47931024.00,41054699.00,610184,1271710,49140.6667,324697.3333
2025-10-09,211929,29803,79350,97816,13440,12736,-3381070.00,897005.00,64900292.00,7318373.00,118599.7,32437.9333,226286.5714,51874.8571,33579238.00,29301163.00,603567,1241902,53754,348691
2025-10-08,237066,37999,98919,108015,15684,17801,1188771.00,1199803.00,68880808.00,8245751.00,111537.3333,31650.2667,246196.5714,60667,34549748.00,34538716.00,592349,1217434,60525,323507
2025-10-07,525097,79620,235495,228407,32843,34870,6436971.00,1334558.00,140134786.00,16504885.00,94930.8667,29466.8,179067.7143,52357.5714,66313977.00,71416390.00,583973,1135091,43674.3333,180982
2025-10-06,283910,43643,155763,103437,17272,18858,5484191.00,-424255.00,48792720.00,11671214.00,87830.2,29081.9667,152194.2857,49930.1429,22627819.00,28536265.00,568260,1065005,43838.6667,125135.6667
2025-10-03,161514,58312,60619,80140,18511,34721,-57108.00,-1861084.00,22695346.00,8845270.00,83904.6,28015.4,135759,43481.1429,13247889.00,15051865.00,569885,1097288,47850,125473
2025-10-02,97522,29068,49210,38351,11134,14970,3423193.00,-1046215.00,20093424.00,8059433.00,82719.1333,27636.1667,129953,42318.1429,10402185.00,14871593.00,569522,1091273,71342,218444.3333
2025-10-01,116371,44136,51633,54386,21414,16358,-412313.00,861286.00,23731840.00,11387525.00,79944.4667,26690.6,124230.1429,41254.4286,15913653.00,14640054.00,552239,1049080,63781.3333,198052.3333
2025-09-30,162526,70346,65562,78479,39302,22394,-3424982.00,-1071942.00,31631228.00,14041464.00,75868.8333,24939.5,114790.2857,34967.5714,21415919.00,19062879.00,511930,1006446,49216.3333,175809
2025-09-29,376436,99544,201688,137335,42824,41573,12823735.00,-474026.00,80198250.00,22412615.00,65911.7333,22523.0667,83424.4286,25302.5714,36966511.00,50264272.00,480193,908080,20424.6667,65819.3333
2025-09-26,55195,21454,24661,26474,7026,11008,-92577.00,-508480.00,6638507.00,2865251.00,65719.9333,22658.5,96302.1429,25913.1429,3969219.00,4385122.00,494262,939128,20249,66381
2025-09-25,95796,26651,25106,58848,13327,10110,-1984874.00,39448.00,13414528.00,4997571.00,65453.8667,22741.2333,89774.1429,25341.2857,8955563.00,6931241.00,482480,915212,23595.3333,59886
2025-09-24,46467,13169,22698,18755,5790,4334,1806475.00,117817.00,8636066.00,2394765.00,65250.0667,22938.1333,91052.2857,25901.1429,3999479.00,5688137.00,476591,905307,27985,76546
2025-09-23,56880,20927,24040,26158,8370,6252,-528726.00,337725.00,9327994.00,3593049.00,64806.4333,22779.6667,90796.2857,26417,5850733.00,4984282.00,468572,891881,31639,109877.6667
2025-09-22,76311,36690,29608,38044,9950,22383,-623230.00,-918582.00,12372287.00,5074298.00,64697.3,22425.1,91451,24514.8571,7136828.00,7434528.00,443098,860520,27985,132887
2025-09-19,96447,26338,44185,42682,9921,12346,-1519447.00,-756824.00,13617346.00,4360675.00,63616.2333,22287.7333,96324.8571,25805.2857,8185161.00,7422538.00,508459,1010080,26755,117438
2025-09-18,156875,31889,62867,72847,14365,12175,1678074.00,488507.00,24226606.00,7338911.00,60096.3667,21752.7667,78589.1429,24968.2857,12280975.00,13470542.00,501250,989243,21821.3333,83617.6667
2025-09-17,145339,25728,60882,65621,9269,13564,206849.00,-1397709.00,24725570.00,6314871.00,56438.4333,21341.0333,62672.4286,24046.4286,12631269.00,14235827.00,499128,964733,21424.6667,53534
2025-09-16,50100,22648,20932,24124,6452,10498,150347.00,-1813132.00,8008303.00,6544590.00,56989.9333,21273.2,63535.4286,24447.5714,4972328.00,6935807.00,491526,946810,21667,63798.6667
2025-09-15,55414,17088,23582,23898,5517,6667,1082280.00,-201213.00,10230045.00,4129102.00,59195.4333,22662.7,76594.4286,27729.8571,4969191.00,6252684.00,485254,925380,27761.3333,88848.6667
2025-09-12,55088,24538,24524,21743,10817,10093,3390703.00,-78137.00,12015006.00,3102781.00,59818.2667,24506.7333,77736.4286,25912.5714,4045817.00,7924757.00,500609,947002,28258.6667,81394.3333
2025-09-11,80894,23375,35353,38129,6649,13401,-1142755.00,-2127620.00,9953491.00,7496198.00,61062.4333,25009.4333,70805.2857,25078.1429,6922719.00,7907584.00,500827,917619,26892,65737
2025-09-10,130564,35371,59982,55790,14816,16450,1730650.00,-1760303.00,18522869.00,9298936.00,64748.0667,27417.3333,63487.1429,22396.5714,9768382.00,14531135.00,495658,884995,23587,40929.3333
2025-09-09,32725,26030,12393,16637,13147,8669,784655.00,-449465.00,5863231.00,3269852.00,66792.6,29392.3333,62305.8571,20741.7143,3426088.00,4660208.00,483055,875781,28265,78963.3333
2025-09-08,33922,19275,12622,14299,7097,8112,-219422.00,-239554.00,4827111.00,3776501.00,67225.8333,29587.2,61361.7143,19899.8571,3324969.00,3345101.00,475513,862461,25779,88683.3333
2025-09-05,56141,25456,19246,23220,9701,12387,-660884.00,70505.00,5390672.00,3174819.00,66981.6,29418.0667,56940.8571,18316,4026711.00,3295322.00,486258,890897,23138.3333,80761.6667
2025-09-04,146827,40064,56770,73355,17487,17980,-940946.00,325053.00,12177673.00,6443972.00,64455.4,29022.7333,39808.8571,14609.1429,8768813.00,7502814.00,476326,873160,15317,58265
2025-09-03,63082,11817,37868,18448,5338,5025,1009704.00,99236.00,5852822.00,1888681.00,63315.3333,29036.3333,40924.2857,17506.4286,2911480.00,3821948.00,470736,847683,16193.3333,45389.6667
2025-09-02,32376,17534,14567,14649,8746,6522,569851.00,604590.00,7874249.00,2678598.00,63622.1333,28945.1333,42548.5714,18760.8571,4810071.00,4775675.00,462672,837278,14809.3333,43702
2025-08-29,79337,16600,36447,36301,7299,7007,-347123.00,1339081.00,7398363.00,9037097.00,62393.4667,29175.8333,40065.8571,18916.7143,9448090.00,5955551.00,480651,858173,14065.6667,25654.6667
2025-08-28,24456,14446,11686,9666,5694,7163,174381.00,-1059965.00,3909080.00,3734242.00,63262.7667,29184.7667,41305.1429,19105.7143,2556478.00,3790824.00,480288,853378,13955.6667,26470.3333
2025-08-27,27313,13382,9885,13938,6225,5377,-276765.00,-39462.00,3661880.00,1913578.00,63407.2667,29692.6667,43154.2857,19738.7143,2620701.00,2383400.00,479725,847751,20194.3333,40996
2025-08-26,25195,14369,11101,10918,4902,6338,67432.00,-838070.00,3816291.00,4353421.00,63477.0667,29766.9,50658.2857,21550.4286,3071982.00,3977484.00,475481,840904,24176.3333,47179.6667
2025-08-25,26903,14116,9381,12588,5179,7366,125110.00,-965048.00,5329427.00,7769251.00,63989.4,30032,53878,23179.1429,5229547.00,6319705.00,469550,831769,25368,58864.6667
2025-08-22,70890,32098,33713,25185,18070,9712,926499.00,13999.00,10965607.00,6183715.00,65154.6333,31260.1333,56295.7143,22755.5714,7264325.00,8176825.00,474325,857514,19925,46278.3333
2025-08-21,43746,26315,16911,17488,8986,12900,-678287.00,1197050.00,6735652.00,7810641.00,65433.1,30798,55811,21721.4286,6454846.00,4579509.00,471507,837061,17091,45115.3333
2025-08-20,61958,17691,23290,32549,9909,4908,-80134.00,1027108.00,5116131.00,3041864.00,64823.2,30457.5333,53184.2857,21504.5714,4097483.00,2990241.00,466188,839898,20211,50370.3333
2025-08-19,33131,15769,13341,13245,9519,4903,842735.00,593723.00,7770253.00,2286304.00,64821.3333,30258.4667,58885.1429,22973.7143,3286167.00,3535179.00,460964,831495,23460.3333,55807
2025-08-18,40257,17813,15400,20095,8878,5471,-304525.00,1553214.00,6486813.00,3801438.00,64109.6,30039.9,62279.1429,23602.8571,5205299.00,3347560.00,453528,819424,27233.6667,71659.3333
2025-08-15,77723,27051,30721,34924,13753,10945,-818118.00,-276196.00,8154470.00,2894221.00,62711.3,29418.7667,58501.4286,22001.2857,4929775.00,4387853.00,507535,921674,24575.3333,59202.6667
2025-08-14,49441,25517,22819,20739,11034,10278,306848.00,1707167.00,9645716.00,6925984.00,63575.3,29000.6333,56524.2857,20266.8571,7705410.00,6305091.00,501802,906697,21460.6667,57246
2025-08-13,87814,29133,36387,33155,11071,10971,2128767.00,428436.00,14032273.00,4788860.00,62851.1667,28615.5333,53500.1429,19049.7143,6155310.00,7855641.00,494786,899701,20434,52320.3333
2025-08-12,40353,19076,16435,14951,6431,8631,199902.00,-565504.00,6440494.00,3754548.00,62294.3667,28431.8,65103.8571,24720.7143,3343591.00,4108997.00,493252,885445,21481,60207.6667
2025-08-11,43571,16173,15667,21930,9025,5317,-412532.00,737217.00,9861060.00,4844743.00,62611.0667,28380.5667,69418.4286,33818.7143,7177667.00,6027918.00,489613,873901,21370,62777
2025-08-08,73037,26053,28795,32670,9239,11146,-162365.00,854016.00,6174217.00,6331026.00,62356.6333,28017.3,75873,35590.5714,5697690.00,4681309.00,498320,908135,17144.3333,50298.3333
2025-08-07,64015,22217,22810,32706,11018,6425,-573285.00,1921817.00,6267139.00,6602522.00,61372.0667,27739.6667,101175.5714,47789.2857,6403144.00,3908042.00,493313,892665,16609.6667,51175
2025-08-06,51279,15840,22051,22413,6193,6334,542896.00,45307.00,8339196.00,3053074.00,62313.2667,27913.3667,107287.2857,57709.2857,4826733.00,5324322.00,493230,881882,30920.6667,74608.3333
2025-08-05,35601,13376,13674,17720,3963,6237,-144642.00,-240636.00,5081249.00,2701321.00,62597.5333,28215.6,108904.1429,59387.1429,3158417.00,3254411.00,495985,870408,53081.6667,87332.3333
2025-08-04,66645,20613,30548,27040,8110,10631,-89093.00,-362816.00,7866152.00,4355951.00,61837.5,28914.5,106356.8571,59354.1429,4953289.00,5227012.00,487715,846862,59029.3333,104523.6667
2025-08-01,121579,58773,43209,65652,22868,26686,-1708589.00,-1109966.00,11121531.00,16408803.00,60363.4,28731.4333,99137.1429,54987.1429,11043013.00,10444390.00,511719,915471,75307.6667,144375
2025-07-31,73773,79859,29384,35456,26679,39534,-193244.00,-1533282.00,9776338.00,55528303.00,58414.5667,26622.1667,92723.8571,45325.1429,21340424.00,30535162.00,520033,893318,77114.6667,151137.6667
2025-07-30,118219,38456,46508,56816,15037,16553,-713687.00,-362814.00,16552897.00,8907497.00,55200,25738.6,81775.4286,41945.4286,11162060.00,10811187.00,521004,868728,72669.6667,127371
2025-07-29,241133,107608,100351,111587,56677,39676,-5202624.00,1655195.00,38354645.00,18794397.00,50287.6333,24237.4,53396,29933,28892127.00,22034308.00,496436,799821,43594.3333,63264.6667
2025-07-28,94061,85280,37506,38514,33554,35882,-1675000.00,-2335155.00,31127628.00,15979385.00,47793.6667,21850.1333,47178,19852.1429,19668013.00,20328168.00,452870,760601,24569,55591.3333
2025-07-25,46919,25121,21978,19980,11570,11576,-190056.00,-165117.00,11536561.00,4423488.00,46919.3333,21702.4,44996.4286,20351.8571,7163044.00,7138105.00,456050,782455,20270.3333,49578.3333
2025-07-24,48814,20382,21774,21559,8171,9882,965949.00,-493625.00,14987800.00,4272430.00,46449.1333,21585.9333,41921.4286,19811,7877085.00,9336659.00,449710,777794,18409,47167
2025-07-23,71041,28204,16530,21828,7858,5140,567939.00,1726168.00,23801748.00,5889346.00,45072,21293.5667,37811.7143,18934.5714,7986983.00,6828754.00,433573,757618,16848,37645.6667
2025-07-22,28880,12225,11746,11160,5011,6141,628107.00,-463719.00,10432583.00,2350262.00,45326.6,21541.9667,48807,27037,4254851.00,5346677.00,429462,747262,17677.6667,44864
2025-07-21,41580,14798,19771,16669,7089,6303,174936.00,-236927.00,10580858.00,2255743.00,45614.1,21563.7333,50309.8571,26701.7143,5651702.00,6063565.00,424461,735327,22284.6667,41553.3333
2025-07-18,42477,23521,18890,17728,10000,7123,358054.00,-131475.00,9154552.00,5252188.00,45760.4333,21414.6,50479,24409.7143,3920138.00,4409667.00,481956,819837,19976.3333,36490.6667
2025-07-17,50535,14714,16640,30030,7329,5991,171411.00,374417.00,8804277.00,2567602.00,44592.1,21270.2667,47984.7143,23707.2857,5296785.00,5177299.00,479651,812506,22428,33736.6667
2025-07-16,31648,28619,11372,15591,7364,19516,-443004.00,-2962569.00,6528950.00,5633286.00,44059.8,20759.6,46164.2857,21226.8571,4210507.00,7057572.00,469222,804990,35869,58469.6667
2025-07-15,27289,16596,10939,12677,9263,5991,-65967.00,524521.00,10309490.00,2049181.00,44491.5,20707.6333,47376.4286,20058.4286,5796107.00,5205619.00,463784,799952,34487.3333,66740
2025-07-14,42273,22069,22095,15492,10427,9463,1184548.00,463583.00,8577054.00,3798413.00,44488.1333,20611.1667,52103.2857,18759,5218521.00,5938469.00,459401,793920,29623.3333,67202.6667
2025-07-11,105847,68942,43344,54103,35275,26870,-735943.00,791485.00,16518304.00,12527748.00,41543.2,18663.3,46423.7143,11421.5714,13675560.00,12148132.00,448416,783219,9908.3333,42945.3333
2025-07-10,52100,12451,14001,33602,5091,5645,-4979750.00,22788.00,17991914.00,2536571.00,40702.2333,18837.2333,42359.2857,11580.5714,15551956.00,3945618.00,445348,765230,9510,31880.3333
2025-07-09,43661,7477,13721,18934,3208,3316,-222600.00,-119302.00,8907662.00,1439785.00,40545.2333,19038.5667,43703.7143,12603.2857,3266156.00,3162858.00,443062,758742,9823.3333,29251.3333
2025-07-08,33075,9797,12701,15653,5101,3845,-1655567.00,266827.00,7811138.00,2072390.00,40437.5,18904.1,48322.1429,13368.7143,5345041.00,3422647.00,439929,752588,10882,43346.6667
2025-07-07,18905,11256,7759,8869,3667,4169,-263743.00,166543.00,5981158.00,2724216.00,40613.1,19080.5333,50546.8571,13744.7143,3595000.00,3164714.00,434865,750595,12990,59075
2025-07-03,35774,8417,15400,15245,3634,3749,-240432.00,-67523.00,11235212.00,1030733.00,40126.5667,19171.5,56795.5714,15549.5714,5394459.00,5219807.00,447661,773649,14705.6667,55033.3333
2025-07-02,75361,12973,31455,26354,3918,7624,4524531.00,-694655.00,17613256.00,2150043.00,38266.5,19111.3667,52333.8571,16902.4286,5906587.00,11125773.00,443559,765249,15260,47603.6667
2025-07-01,66090,17580,21498,32865,6358,8700,-3571975.00,-574889.00,19748792.00,2221892.00,39559.5,19425.5,49155.8571,20331,10600990.00,7603379.00,439121,756956,14451.6667,47375
2025-06-30,23649,13564,10254,10735,5760,6787,-605071.00,-474013.00,5783117.00,2155605.00,39372.0333,19385.3333,56828.2857,26004.8571,3700028.00,3568970.00,434208,749991,14559.6667,50984.6667
2025-06-27,53072,14636,14092,28061,6641,5768,-1973502.00,101034.00,22175909.00,2046394.00,38650,19366.5333,51433.4286,26282.7143,15956805.00,7530169.00,445621,768442,16698,59799
2025-06-26,65404,15155,20029,31477,5008,8298,-9878675.00,-705525.00,39861788.00,3437042.00,37348.7,19291.5333,45201.7143,25824.7143,23186866.00,13030420.00,443941,761333,19127.3333,52707.3333
2025-06-25,34478,13888,12585,18010,6510,6244,-985554.00,685915.00,20521292.00,4448888.00,37776.4333,19554.7333,53670.8571,32779.5714,12886671.00,8937702.00,436845,752793,28358,55829.3333
2025-06-24,79515,21051,27846,40959,6436,9324,744748.00,-946805.00,13147670.00,3641120.00,37174.8,19619.5,45060.4286,31724,6402957.00,8094510.00,433102,742369,39101.3333,55109.6667
2025-06-23,44129,22443,21729,18031,8727,9613,680808.00,-532359.00,7544558.00,2605974.00,37122.6,19562.3333,41711.8571,31473.4286,3973889.00,5187056.00,422243,729272,37147.3333,45502.6667
2025-06-20,43844,41580,21519,17185,18945,18690,213381.00,-141012.00,7570371.00,6194247.00,36317.6333,18504.5,40406.7143,27946,6090721.00,6445114.00,508398,868929,27270.3333,38148.6667
2025-06-18,77356,53281,20477,37980,26756,22228,-2194477.00,896865.00,9128862.00,10385306.00,34359.3,17144.9,33602.5714,23110.5714,10593021.00,7501679.00,493261,836699,30367.3333,43617.3333
2025-06-17,15308,16581,5679,8035,4334,5592,-621940.00,-1275379.00,3287781.00,4631848.00,37698.1333,17496.2,36632.5714,23552.8571,3193990.00,3847429.00,486615,834036,29394.3333,44928.6667
2025-06-16,21782,11949,9242,9345,4501,5871,-551582.00,116493.00,5558263.00,2688243.00,38885.6,18207.6,40693,24053.1429,3455853.00,2787778.00,483957,828395,32307.6667,44564.3333
2025-06-13,93762,62572,29744,48250,26088,24863,327131.00,636256.00,14697421.00,9923090.00,38833.8333,16725.0667,33993.7143,17835.2857,10666315.00,10357190.00,477452,832066,17079.6667,24879.6667
2025-06-12,19242,13662,9833,6838,5740,6851,317451.00,-1147257.00,4728809.00,5912848.00,39732.4667,17303.5333,33457,17367,4301906.00,5766614.00,472401,829112,19003.3333,28374.6667
2025-06-11,20689,20689,8877,9583,10450,6911,706759.00,1577085.00,6187197.00,4576933.00,42013.7667,19219.9,32741.2857,16311.2857,4905911.00,4035585.00,464281,825485,18666,33651
2025-06-10,34708,16888,18427,12199,5699,8033,1585422.00,-307672.00,8671725.00,2326534.00,44420.8667,22046.7667,33531.5714,16046.8571,3893906.00,5787000.00,459634,818771,18187,38816.6667
2025-06-09,29727,19433,13145,12121,7162,8415,407362.00,-1240912.00,5697739.00,7417212.00,46175.7,21985.1333,35309.4286,16010,3293086.00,4941360.00,449854,810432,18058.3333,44530
2025-06-06,36518,19677,16463,15470,6322,10695,142808.00,-225723.00,5026450.00,1866731.00,47713.9,21702.2667,32592.4286,14699.8571,2847593.00,3216124.00,459799,816931,14960.6667,37519
2025-06-05,50205,15451,18319,25022,6933,5680,959466.00,1426159.00,6584641.00,4275997.00,47422.2,21794.5667,29259,15016.7143,4393652.00,3926959.00,454765,814021,14243.3333,26010.3333
2025-06-04,46867,19047,19607,17991,9529,7811,1178136.00,154856.00,9745149.00,2527654.00,46822.6667,21707.8667,28128.1429,14226.7143,4324108.00,5347388.00,452278,807564,12906.6667,23801.3333
2025-06-03,15485,10384,7980,5779,3457,5501,392859.00,-208052.00,3211355.00,1820476.00,47580.3667,21876.4333,30179.2857,13566.5714,1870795.00,2468399.00,450477,803312,15837,32697
2025-06-02,15679,13299,7394,6787,5117,6539,89397.00,270501.00,2232233.00,2131359.00,49429.5,22026.3,31392.7143,14030.8571,2019018.00,1837914.00,441593,798098,14906,33303.6667
2025-05-30,40240,15037,10265,22836,5209,7666,-561638.00,-55267.00,3599489.00,2597290.00,49766.2,23105.0667,28669.5714,13475,2875446.00,2369075.00,452645,815228,15783.3333,28847.3333
2025-05-29,42172,19175,14790,21591,7737,9230,-163437.00,514160.00,3497502.00,3361053.00,49384.3333,22814.3667,25439.1429,12331.2857,3495527.00,2817930.00,445324,801925,13897.3333,27773.6667
2025-05-28,17499,10506,5848,8369,3600,5195,-297907.00,-990807.00,2880116.00,2082996.00,49915.3,23542.5667,37922.1429,14688.1429,1641899.00,2334799.00,443029,799234,12316.3333,31888.3333
2025-05-27,26871,17669,12617,11346,8942,7264,-140438.00,-142792.00,4296030.00,3286867.00,51222.3333,23799.4,36658.4286,13929.5714,3425026.00,3427380.00,434547,789274,11943,30989
2025-05-23,38951,13517,11655,19546,5371,6164,61690.00,-246320.00,4864249.00,3074580.00,52365.8667,24554.3,35581.2857,14008.8571,3200853.00,3508863.00,448745,807950,11152.6667,25064.6667
2025-05-22,29843,5763,11815,12462,2556,2516,-286228.00,-620544.00,4383526.00,2703376.00,55633.0333,26151.6667,35084.4286,15029.1429,3030771.00,3365087.00,448089,801661,12954.6667,21636.6667
2025-05-21,24173,16549,11707,9770,6683,7513,475992.00,-316645.00,4725458.00,2427974.00,58582.4333,27020.5,38389.7143,15777,2760085.00,3552722.00,444299,797905,16439.6667,48539
2025-05-20,21178,11146,9057,10094,3126,7275,844523.00,-771026.00,7290557.00,3178674.00,61394.6333,27724.6667,44145.1429,17469.5714,4035454.00,5651003.00,438136,792921,16844,47488
2025-05-19,19559,11169,7750,10007,4506,5459,-1220842.00,405379.00,5634780.00,2279010.00,63822.2,29951.1,47431.4286,18835.1429,4513012.00,2886791.00,435118,786687,17811.6667,51438.6667
2025-05-16,104880,27004,47982,45857,13859,9577,612242.00,-100379.00,20950302.00,4521223.00,63494.9333,30863.5333,35262.1429,16383.8571,10359506.00,11072127.00,504930,872822,13112,25267
2025-05-15,18025,12359,7656,8434,6290,4728,-142172.00,704800.00,4081684.00,3430099.00,63681.6333,31117.8667,35345.1429,16403,3666204.00,2819232.00,501037,871148,16253.6667,35028.6667
2025-05-14,31411,14072,14497,14022,6516,6101,-2861524.00,487800.00,8589027.00,2555896.00,63676.1667,31041.1667,47354,18267,6854635.00,3505311.00,497442,861919,19227.6667,45047
2025-05-13,26365,12905,14938,8888,5851,5979,-314277.00,120357.00,5590767.00,2738482.00,64462.6667,31405.8,51788.4286,21179.2857,4030945.00,3596311.00,491428,853700,21835.3333,50446.3333
2025-05-12,47310,21784,17880,23994,8389,11204,-2755182.00,-687135.00,14847688.00,3985777.00,64867.5333,32615.5333,58202.5714,20652.4286,9598207.00,7530160.00,484723,847261,17855.6667,41241.3333
2025-05-09,61466,22994,20256,30315,10322,8669,-900075.00,93847.00,6126462.00,2387392.00,64844.1667,32261.5333,56021.8571,21798.4286,4270249.00,3276327.00,500814,868857,14355.3333,26954.6667
2025-05-08,42563,20728,22461,15600,10379,8255,-42209.00,-419415.00,7829680.00,3803342.00,64539.1667,32324.1,62674,30005.8571,4921862.00,5299068.00,496864,864662,16486,51258
2025-05-07,19695,9845,7029,10056,4951,4258,239049.00,246516.00,3311896.00,1868044.00,64875.7333,32579.7333,75134.8571,43127.1429,2382527.00,2375060.00,496428,863929,24301.3333,63828.3333
2025-05-06,18606,12493,6219,9040,6659,4687,-117806.00,934334.00,3900039.00,3339072.00,65651.8667,32840.2333,84244.2857,43854.4286,3700557.00,2648417.00,492778,863053,26169,88362.6667
2025-05-05,115473,27120,46157,52834,9411,11755,1554615.00,-198154.00,30004427.00,4988340.00,65009.3333,32613.7667,79557.2857,41578.8571,12428165.00,17223054.00,486923,836636,27467.6667,65272
2025-05-02,57406,33291,26356,25186,17776,11478,1104744.00,1555958.00,7524198.00,6020608.00,64052.2667,32951.3667,77278.4286,39425.8571,5928060.00,5476846.00,523607,900680,42430.6667,75846
2025-05-01,92209,18096,27036,52177,10218,5214,-4114633.00,4428769.00,12056389.00,14945144.00,61758.3333,32844.3667,68231.5714,39190.1429,14831991.00,6288589.00,522977,870245,70296.6667,80750
2025-04-30,46201,31016,18452,22067,10269,16920,-680226.00,-704602.00,5665245.00,5381606.00,60771.6667,32041.6333,67090.8571,36965.1429,4638172.00,4662548.00,522060,865121,65819.3333,92807
2025-04-29,89128,78180,39894,33627,24183,35029,144182.00,-3295813.00,11337239.00,12370820.00,58800.7667,30094.7,64523,28338.7143,7888824.00,11328819.00,503420,853375,43489.6667,90652.3333
2025-04-28,106921,101694,44906,48698,41206,48206,-3123657.00,-634320.00,21578689.00,19835350.00,57718.5,27639.9,56440.1429,20582.4286,20439516.00,17950179.00,446689,816363,15665,68830
2025-04-25,82372,17584,36661,28027,7251,8238,1521081.00,461697.00,17122225.00,3458778.00,56807.9,28148.2333,49060.7143,19563.8571,7318035.00,8377419.00,462381,813630,15285.6667,50999.6667
2025-04-24,82664,11191,29678,33987,3507,6024,-22076.00,-1136483.00,16374691.00,3185544.00,54901.3667,28385.0667,42027,22586.8571,7578582.00,8692989.00,458739,794850,16702.3333,36183.6667
2025-04-23,41454,18220,21948,15358,6653,10104,-188363.00,193494.00,7963277.00,3630742.00,54939.8667,28465.0667,45545.2857,23608.8571,5604158.00,5222301.00,454196,784580,16560.6667,46083.3333
2025-04-22,28881,16446,13726,11731,7520,8004,771647.00,6039.00,3889601.00,4222092.00,55652.8,29184.7333,51884.7143,26425.7143,3364654.00,4130262.00,449982,775119,26878.6667,53236.6667
2025-04-21,38216,15441,17931,17203,7747,6041,792953.00,-452935.00,4620875.00,4762860.00,56466.8333,29707.9667,64690.7143,31889,3604661.00,4850549.00,441967,767076,25216.3333,50736.6667
2025-04-17,71153,17795,27282,32902,8672,7632,-655655.00,-257657.00,7201598.00,7989431.00,55563.3667,30384.6333,70619.5714,35434.5714,6943765.00,6545767.00,480297,898298,30068.6667,38161.6667
2025-04-16,50341,47400,20014,23101,11732,25897,-864111.00,-7492242.00,8685882.00,44308232.00,56556.9333,29529.8,78505.7143,33273.2857,12544552.00,19452383.00,480200,887766,22726.6667,43408.6667
2025-04-15,30716,10454,12680,13791,5393,3340,1218456.00,232284.00,6027320.00,3404418.00,59885.9,30954.9333,87315.7143,42917.2857,3356333.00,4342505.00,485655,873172,31296.6667,57589
2025-04-14,33428,32352,15388,13910,9262,15001,1504230.00,-1517117.00,8860575.00,11335849.00,60908.4667,30871.5,96120.5714,46063.7143,7399070.00,10420417.00,470534,867176,38407.3333,89065.6667
2025-04-11,66082,25374,18122,28807,10760,11934,-1957277.00,-829733.00,11081865.00,8417528.00,61603.5333,31772.5333,90055.4286,45294.4286,8931782.00,7804238.00,477848,889520,44154,104590
2025-04-10,73257,36164,25254,33283,15230,15194,898793.00,-1229687.00,11570938.00,17876552.00,61671.8,32813.4667,84054,41809.7143,10959186.00,13087666.00,477777,873510,42856.3333,115352.3333
2025-04-09,127858,53684,65911,47574,26135,24883,1059409.00,778676.00,22813465.00,19075916.00,61807.3667,32442.7667,72925.7143,37546.8571,18774156.00,19054889.00,462379,838303,50949,103528.3333
2025-04-08,112655,42614,27770,42810,13652,17193,-1833567.00,-1289657.00,28867532.00,16301858.00,62557.200000000000,32891.200000000000,65325.857142857143,39755.714285714286,15304462.00,12928652.00,444792,779165,54870.000000000000,97664.000000000000
2025-04-07,105544,32271,44653,48277,12882,17380,-801314.00,-3486428.00,45099269.00,17017344.00,61880.266666666667,32929.366666666667,58928.857142857143,36913.285714285714,26304982.00,28990096.00,435830,755422,50776.000000000000,70358.000000000000
2025-04-04,92386,77962,45459,41285,25536,47726,780789.00,-5531251.00,23865513.00,38523961.00,62999.433333333333,32741.366666666667,50504.142857142857,29005.142857142857,24040881.00,33062421.00,441587,762938,28712.333333333333,49978.333333333333
2025-04-03,95062,54377,40731,44702,29207,19409,-605412.00,135680.00,12467185.00,23055577.00,61902.600000000000,32022.933333333333,41179.857142857143,23739.000000000000,14505992.00,13764900.00,435123,738111,18534.666666666667,34944.333333333333
2025-04-02,23626,19989,9080,7759,7828,10147,210781.00,-596338.00,4747712.00,6327834.00,63660.833333333333,32285.633333333333,43789.000000000000,23784.571428571429,4152436.00,4959555.00,429783,730351,31230.333333333333,46887.666666666667
2025-04-01,31247,11771,11985,15010,4896,5406,-46855.00,-577388.00,7201827.00,5377212.00,64970.533333333333,32646.366666666667,53067.571428571429,25006.714285714286,5324684.00,5855217.00,427257,722739,31431.333333333333,56727.000000000000
2025-03-31,49960,23844,23095,21889,9751,9558,340782.00,440761.00,11038292.00,11607095.00,65863.500000000000,33091.766666666667,50029.571428571429,27803.142857142857,8849097.00,8749118.00,420996,708371,31018.333333333333,51211.333333333333
2025-03-28,59456,58076,22970,25506,24696,27884,-63695.00,-3188507.00,12390460.00,18150471.00,66385.500000000000,32678.000000000000,44877.428571428571,21633.142857142857,11148269.00,14273081.00,422154,731245,17497.666666666667,41323.333333333333
2025-03-27,60765,12374,23716,34140,3969,6466,-657061.00,-2671136.00,7957644.00,7343289.00,66705.933333333333,33184.266666666667,38568.285714285714,20856.000000000000,5661168.00,7675243.00,423829,712119,20142.333333333333,35031.666666666667
2025-03-26,33413,22605,13366,16839,4410,6200,-241725.00,-194380.00,5407810.00,3528622.00,68210.766666666667,33702.233333333333,38080.857142857143,20451.285714285714,3822635.00,3775290.00,411483,700425,19382.666666666667,55959.666666666667
2025-03-25,29792,17514,13479,11569,5462,9195,279986.00,-380325.00,5188470.00,4608952.00,69083.833333333333,34561.366666666667,44461.000000000000,21956.428571428571,3831667.00,4491978.00,402502,695305,28017.666666666667,55593.666666666667
2025-03-24,41890,20308,20866,15671,8559,8819,-479083.00,-321131.00,10044205.00,6150777.00,70629.466666666667,35341.033333333333,46341.571428571429,23745.857142857143,6822217.00,6664265.00,397362,686503,26210.333333333333,49427.333333333333
2025-03-21,96197,20326,53067,32588,7789,8911,-1680529.00,524891.00,36873694.00,6943412.00,70650.833333333333,36195.133333333333,36237.428571428571,23455.857142857143,19480830.00,17275410.00,469773,897832,21746.333333333333,22895.333333333333
2025-03-20,28694,43419,10747,14347,10777,22176,111878.00,-4457452.00,3921425.00,36589014.00,75797.766666666667,36727.600000000000,38225.285714285714,20198.857142857143,11463378.00,19621108.00,481148,891268,13864.000000000000,23331.000000000000
2025-03-19,23391,14886,10781,9738,5388,7479,-874541.00,-529041.00,4462357.00,2915048.00,88302.533333333333,41737.333333333333,42065.000000000000,23506.000000000000,3537855.00,3192355.00,485992,887516,18252.000000000000,40351.666666666667
2025-03-18,16601,6934,8824,6442,3000,3265,-282650.00,-100757.00,3628899.00,1924380.00,91214.200000000000,43647.666666666667,48641.571428571429,26963.714285714286,2668590.00,2486697.00,484866,885083,26885.333333333333,53169.333333333333
2025-03-17,30001,19772,13973,12265,7910,7084,-504640.00,-196291.00,5880989.00,7109430.00,92649.033333333333,43879.000000000000,50648.428571428571,29581.285714285714,4629560.00,4321211.00,480223,876646,26393.333333333333,51658.333333333333
2025-03-14,74453,28050,35982,30996,11939,9910,-1529779.00,2702147.00,7453677.00,18348822.00,91223.500000000000,43610.400000000000,51462.000000000000,28682.000000000000,10783209.00,6551283.00,493581,896646,23916.666666666667,41043.666666666667
2025-03-13,55054,32834,21723,26483,11419,15439,816099.00,-1446817.00,10613163.00,28505309.00,89940.100000000000,42829.466666666667,62252.142857142857,31592.571428571429,12819814.00,14667080.00,500756,878474,25650.666666666667,39448.666666666667
2025-03-12,25468,18296,11509,11017,8205,8516,279906.00,-665140.00,3854604.00,5960080.00,90030.933333333333,42755.866666666667,67771.714285714286,33243.000000000000,4134435.00,5079481.00,496229,870858,29931.333333333333,51838.333333333333
2025-03-11,42609,20620,18463,20709,9213,9335,-1788119.00,-963865.00,8942840.00,8748280.00,89397.200000000000,42495.433333333333,74103.857142857143,37783.714285714286,7689542.00,6865288.00,492443,861588,35756.333333333333,52318.333333333333
2025-03-10,50269,38036,22533,23921,18794,13251,-1739891.00,1657825.00,11992626.00,15488088.00,89607.200000000000,41949.333333333333,77680.428571428571,41977.428571428571,12164751.00,8767035.00,487853,844920,30329.333333333333,62278.000000000000
2025-03-07,62637,31138,33020,23506,17430,8972,428838.00,2288663.00,10875707.00,11069091.00,88454.366666666667,41435.733333333333,87578.714285714286,43609.571428571429,9695597.00,7835772.00,494241,887880,37686.000000000000,84927.333333333333
2025-03-06,44049,38095,15156,24740,13281,12376,-306305.00,-1199487.00,6445673.00,44765185.00,88013.633333333333,40750.400000000000,100593.142857142857,46177.000000000000,13016614.00,12749946.00,500681,873517,34937.333333333333,91612.666666666667
2025-03-05,80148,21755,33188,41966,12050,7456,-1867800.00,1558319.00,10155637.00,7719406.00,88273.333333333333,40606.133333333333,101320.000000000000,47842.857142857143,9912042.00,6485923.00,495672,860823,45154.000000000000,93874.666666666667
2025-03-04,130585,53208,55112,53109,22214,25396,3601397.00,-1769813.00,40052772.00,20612208.00,88806.633333333333,40285.366666666667,100659.428571428571,50573.428571428571,21988872.00,27360082.00,481687,813649,49882.000000000000,75448.000000000000
2025-03-03,64105,29849,24175,30144,15381,11594,-1561224.00,-260337.00,9175708.00,9553260.00,87822.900000000000,39714.666666666667,100381.142857142857,50998.428571428571,8506045.00,7205158.00,481222,794349,54120.000000000000,98054.666666666667
2025-02-28,86934,52405,40420,39931,25612,21584,1843990.00,-2339565.00,10222640.00,15081869.00,87430.166666666667,38760.000000000000,98872.428571428571,47493.428571428571,9276854.00,13460409.00,484005,878218,55340.666666666667,114126.666666666667
2025-02-27,75305,67392,32742,36075,16436,24674,964945.00,-560266.00,11175198.00,59639295.00,86917.366666666667,37205.300000000000,98191.428571428571,41093.571428571429,12224124.00,16845535.00,485744,857258,44015.333333333333,117437.000000000000
2025-02-26,131925,42563,37669,78281,16379,16635,-1218099.00,1210851.00,14697866.00,11934483.00,83837.633333333333,36367.300000000000,90309.142857142857,40328.285714285714,10944563.00,8515613.00,481198,822247,53935.000000000000,115449.000000000000
2025-02-25,135150,56067,57437,63686,22179,26281,-1053205.00,32924.00,21520072.00,15696957.00,81969.900000000000,35979.366666666667,81732.857142857143,38842.000000000000,15686906.00,14600777.00,465218,787766,46187.333333333333,91118.000000000000
2025-02-24,85236,33416,41822,33723,12715,17060,2035964.00,-1338349.00,13572864.00,10497947.00,79834.200000000000,35309.733333333333,79610.285714285714,38005.714285714286,8515214.00,11889527.00,453234,764465,44338.666666666667,88163.666666666667
2025-02-21,125961,72322,57289,57592,31107,34216,-1194017.00,123433.00,18407412.00,15630949.00,76206.600000000000,33248.400000000000,72838.428571428571,33123.142857142857,15758882.00,14441432.00,493143,882201,27762.333333333333,69689.333333333333
2025-02-20,62157,32824,32086,24609,18831,10854,-557424.00,2057367.00,9468837.00,8411442.00,75766.833333333333,32905.566666666667,71956.571428571429,34618.000000000000,9511380.00,6896589.00,480124,859764,29223.000000000000,74553.333333333333
2025-02-19,76373,27870,38797,23132,13456,12626,1498965.00,645918.00,11265993.00,5611833.00,74554.666666666667,32562.733333333333,73654.571428571429,36879.142857142857,6559287.00,7412334.00,473934,834422,35154.000000000000,74134.333333333333
2025-02-18,70538,22593,31329,33176,9404,9937,-1080459.00,275609.00,13165617.00,4308607.00,72848.000000000000,32197.366666666667,77411.714285714286,40215.714285714286,8558477.00,7202409.00,470307,811103,36810.333333333333,74081.000000000000
2025-02-14,76749,37206,39199,29462,15470,16746,1500277.00,-1938062.00,12854100.00,6677401.00,71723.700000000000,31351.066666666667,92605.000000000000,43385.285714285714,6564034.00,10002373.00,473442,860232,37123.000000000000,74684.000000000000
2025-02-13,75116,45663,34734,28497,16834,25440,-228924.00,-3929524.00,9194044.00,26305816.00,70361.400000000000,30201.466666666667,138807.571428571429,60458.857142857143,13771568.00,19089268.00,477072,831420,36331.333333333333,68306.666666666667
2025-02-12,70378,27562,36306,27999,15193,10563,1405223.00,638308.00,13009477.00,5585305.00,68810.600000000000,29987.666666666667,143603.714285714286,65699.142857142857,8133805.00,8900720.00,469138,808596,41710.000000000000,74267.000000000000
2025-02-11,78558,38144,25034,40720,14777,12415,-2631176.00,-1100029.00,17971075.00,9501757.00,67830.200000000000,29096.733333333333,142816.285714285714,64066.000000000000,11116523.00,9585376.00,454860,786828,44311.666666666667,80360.333333333333
2025-02-10,55984,43288,25953,24024,19730,17041,843721.00,22043.00,10368352.00,12746499.00,66580.200000000000,27915.433333333333,139345.285714285714,60738.000000000000,9043245.00,9864923.00,434686,771123,49680.000000000000,122733.000000000000
2025-02-07,88259,43698,35574,45352,18004,17916,-1365010.00,-1069912.00,13213142.00,14159954.00,64406.866666666667,27200.100000000000,129101.428571428571,55839.142857142857,11291475.00,10996377.00,454729,870758,90173.333333333333,226158.000000000000
2025-02-06,96838,45949,37383,51439,21322,15994,-1054499.00,2676616.00,12427085.00,24331719.00,62180.666666666667,26557.033333333333,119295.000000000000,51573.285714285714,15119305.00,11388190.00,448345,844733,96271.666666666667,228529.000000000000
2025-02-05,183102,59393,75271,75677,26823,21507,-1044831.00,2166332.00,30960867.00,15761175.00,58003.200000000000,25215.800000000000,96508.571428571429,44918.142857142857,20931688.00,17720525.00,436585,786060,85378.000000000000,191843.666666666667
2025-02-04,398534,165178,151520,196588,82324,60703,-9158926.00,8836739.00,68019354.00,47257711.00,47415.966666666667,20651.966666666667,47656.428571428571,24414.571428571429,59538623.00,41542958.00,381960,607347,36982.666666666667,69561.333333333333
2025-02-03,103951,64244,46394,48080,26956,30812,1250187.00,-417701.00,23957798.00,14315811.00,44697.566666666667,19255.000000000000,36813.714285714286,17484.000000000000,16593858.00,18261746.00,353595,559120,18703.333333333333,40428.333333333333
2025-01-31,73046,26712,38516,30401,12416,12008,-2122107.00,-1897946.00,31933226.00,8430055.00,43480.133333333333,18903.300000000000,30782.428571428571,16173.000000000000,22409237.00,13125076.00,362453,577953,15162.000000000000,25477.333333333333
2025-01-30,31687,19992,16969,10683,8271,8316,1412595.00,-843959.00,14419616.00,6134963.00,44742.566666666667,19019.966666666667,38818.428571428571,15806.571428571429,5517644.00,12292948.00,353120,576195,12767.0000000000000000,22780.666666666667
2025-01-29,16552,9406,7517,5849,3104,5082,431633.00,-857934.00,4625414.00,2833033.00,45409.733333333333,18998.900000000000,57394.428571428571,20689.285714285714,2321274.00,3610841.00,350237,572455,16849.333333333333,36119.666666666667
2025-01-28,28193,16088,13074,12543,6896,6873,-817456.00,-103757.00,7235812.00,4517770.00,46224.333333333333,18941.600000000000,58308.714285714286,20209.285714285714,5639239.00,4925540.00,345634,566157,16730.000000000000,36072.666666666667
2025-01-27,23597,12807,11658,9914,4441,7072,-283779.00,-366686.00,6010104.00,6870473.00,47021.566666666667,18981.800000000000,65673.714285714286,21774.714285714286,5896612.00,5979519.00,341473,561426,18306.000000000000,38482.666666666667
2025-01-24,56569,21653,19143,28090,9066,8054,-362743.00,824421.00,5811945.00,4836100.00,48188.800000000000,18795.666666666667,66152.571428571429,21645.857142857143,4867108.00,3679944.00,347661,590939,16897.333333333333,48939.333333333333
2025-01-23,28052,15730,13421,12078,4891,7842,-597189.00,-1500994.00,4733091.00,5227748.00,49013.166666666667,18795.266666666667,67792.714285714286,21887.714285714286,3492557.00,4396362.00,343458,583109,26182.333333333333,88450.000000000000
2025-01-22,30827,17535,9549,18920,7314,7252,-13596073.00,681552.00,35034772.00,4495449.00,49283.166666666667,18929.800000000000,74691.428571428571,25729.714285714286,32995530.00,5107545.00,334387,580816,24580.000000000000,89705.333333333333
2025-01-21,87939,17427,20638,48846,7227,7651,-4805062.00,-292072.00,86621500.00,5186098.00,50924.800000000000,19397.733333333333,65152.285714285714,25144.000000000000,58042959.00,29066134.00,327885,581830,26692.666666666667,85443.000000000000
2025-01-17,146584,43585,68399,45292,20285,16166,3016905.00,952599.00,51244795.00,8229891.00,46829.400000000000,18309.266666666667,46659.285714285714,20415.000000000000,24324459.00,25946885.00,528891,1037034,19081.333333333333,56555.333333333333
2025-01-16,34593,12728,11106,17404,5020,5337,-971526.00,-40559.00,12688069.00,3438682.00,46680.533333333333,18262.033333333333,48712.285714285714,21816.571428571429,7260321.00,6329354.00,526157,1035963,20646.333333333333,58202.000000000000
2025-01-15,75152,23765,36604,29223,8824,11600,-681710.00,-869254.00,25764282.00,4367587.00,45295.466666666667,17821.566666666667,43691.714285714286,20933.714285714286,12185882.00,12373426.00,515630,1019913,27534.333333333333,59524.000000000000
2025-01-14,59921,20751,15095,33116,9169,8679,-163166.00,312902.00,12712267.00,5145836.00,44121.566666666667,17559.033333333333,37894.142857142857,19631.000000000000,7834570.00,7358502.00,507638,1015324,25059.666666666667,46605.333333333333
2025-01-13,39533,17423,15764,19422,7337,7943,-2238328.00,-2021887.00,8992500.00,5601354.00,43485.966666666667,17459.533333333333,38392.285714285714,18830.142857142857,6596026.00,6379585.00,503476,1006772,22746.000000000000,39138.666666666667
2025-01-10,79118,44429,28026,39406,23094,17059,-2136670.00,1277720.00,14148333.00,11505220.00,42115.900000000000,16727.066666666667,31982.142857142857,14079.571428571429,13264107.00,9849717.00,503431,1009214,15449.333333333333,29087.333333333333
2025-01-08,21165,13327,8719,10419,5436,4314,-1116298.00,448028.00,5327302.00,3395728.00,43351.100000000000,16941.533333333333,32366.285714285714,15196.857142857143,4595138.00,3030812.00,497513,1006985,16868.666666666667,35368.333333333333
2025-01-07,17133,10482,5776,9538,5109,4557,-231544.00,968056.00,5579351.00,3511940.00,43554.433333333333,16870.633333333333,36939.571428571429,15330.285714285714,4810819.00,3611219.00,493448,1003514,17252.000000000000,36103.333333333333
2025-01-06,48964,22539,24521,18910,9634,9993,-685168.00,-591373.00,17121122.00,3550621.00,42863.233333333333,16378.066666666667,32585.285714285714,13231.714285714286,9204084.00,8827439.00,485576,999981,13678.000000000000,34122.000000000000
2025-01-03,40008,17585,16010,15634,6145,8231,-836060.00,-111758.00,6366662.00,3867298.00,42799.366666666667,16343.300000000000,30164.000000000000,13896.428571428571,4805547.00,4081245.00,487833,1008370,11541.3333333333333333,32201.666666666667
2025-01-02,19338,11632,8521,8968,3857,6481,-89916.00,-365455.00,6447835.00,3138155.00,43517.933333333333,16715.166666666667,31694.571428571429,16042.857142857143,4299579.00,4575118.00,486975,1004059,14713.333333333333,33707.000000000000
2024-12-31,43020,11817,14639,26366,3152,7956,-923976.00,-318815.00,4917411.00,2807892.00,44293.800000000000,17183.033333333333,33802.857142857143,17091.285714285714,3867573.00,3262412.00,486632,998148,14579.666666666667,35749.000000000000
2024-12-30,34247,11175,14846,14971,4324,5107,-179298.00,-417953.00,7612167.00,3001670.00,44204.933333333333,17655.000000000000,40470.000000000000,19532.428571428571,4273342.00,4511997.00,483856,987213,13471.000000000000,30494.666666666667
2024-12-27,23854,21148,10680,10152,7622,9806,-457208.00,-1512652.00,4402249.00,5628850.00,45239.666666666667,17787.233333333333,40262.142857142857,19702.000000000000,3837952.00,4893396.00,492209,1006190,13834.333333333333,30229.666666666667
2024-12-26,49146,11416,23776,16854,4743,5098,548712.00,-150001.00,5829948.00,2842355.00,45339.500000000000,18041.600000000000,38458.857142857143,20379.857142857143,3713720.00,4412433.00,489715,1000247,18914.666666666667,23865.000000000000
2024-12-24,18484,7849,7822,8580,2448,4004,111492.00,-196036.00,3668206.00,1059763.00,49856.666666666667,18831.566666666667,45755.428571428571,22614.571428571429,1943099.00,2250627.00,488743,994045,22683.666666666667,36963.000000000000
2024-12-23,23059,22238,10024,10593,8893,10995,276903.00,-213886.00,6506720.00,2642937.00,50615.033333333333,18691.866666666667,47685.142857142857,20691.142857142857,3906559.00,4397348.00,479595,989693,24692.000000000000,56249.000000000000
2024-12-20,30052,26657,12491,13334,10426,13168,611786.00,-211193.00,9961701.00,5552276.00,51507.866666666667,18579.066666666667,50910.714285714286,18935.714285714286,6605827.00,7428806.00,554647,1083274,23251.333333333333,53698.000000000000
2024-12-19,57778,19156,29319,24040,7936,8440,878058.00,-1493009.00,16350693.00,5720869.00,51291.800000000000,19423.866666666667,49444.428571428571,18201.000000000000,8980094.00,11351161.00,552331,1088094,22253.000000000000,46613.000000000000
2024-12-18,80917,28263,25339,36548,18068,7795,-3502678.00,70960.00,33883572.00,3894583.00,49369.666666666667,18873.833333333333,50968.571428571429,16459.000000000000,27991926.00,7526588.00,556847,1076951,20662.666666666667,42827.333333333333
2024-12-17,22399,22335,9426,10583,5190,6150,-4928.00,102757.00,9474100.00,14049436.00,49451.266666666667,18664.666666666667,55309.142857142857,15513.714285714286,6192573.00,6084888.00,543295,1075843,16142.333333333333,47550.000000000000
2024-12-16,36523,16161,16778,16294,6107,8149,120189.00,-1091917.00,10987999.00,2672557.00,50493.966666666667,19099.900000000000,55652.571428571429,16286.571428571429,5678522.00,6890628.00,540265,1069019,15545.000000000000,52919.333333333333
2024-12-13,69560,23492,34257,30232,9776,10393,984784.00,-155504.00,12807442.00,2748704.00,50212.233333333333,19687.033333333333,65313.714285714286,17425.571428571429,6242237.00,7382525.00,545385,1087983,12385.3333333333333333,45570.666666666667
2024-12-12,36567,8774,14988,16804,3863,4092,432313.00,288903.00,7997830.00,1571917.00,50989.766666666667,20495.800000000000,63478.714285714286,17733.714285714286,4084532.00,4227942.00,544696,1085009,14817.000000000000,63910.333333333333
2024-12-11,52631,14369,26211,18708,4514,8754,875706.00,-458316.00,11202492.00,2015412.00,56049.966666666667,23012.600000000000,60263.857142857143,17296.857142857143,5252939.00,6586961.00,546502,1073721,15266.666666666667,63961.000000000000
2024-12-10,47514,14013,18851,21446,5445,4877,-788865.00,44428.00,9740123.00,1775082.00,59624.733333333333,26271.833333333333,58276.142857142857,16802.285714285714,4654228.00,3820935.00,540007,1056207,17786.000000000000,61098.666666666667
2024-12-09,91586,16069,44193,36920,6841,7843,938084.00,136456.00,26884881.00,2759030.00,58609.633333333333,26523.566666666667,48721.571428571429,16346.000000000000,13002404.00,13804032.00,538407,1043181,22918.000000000000,76299.333333333333
2024-12-06,52783,15718,24760,22196,4799,8720,2405698.00,-385415.00,14290276.00,2674870.00,57916.666666666667,26493.366666666667,44104.714285714286,16163.142857142857,6192183.00,8983296.00,547693,1064946,21322.333333333333,66612.333333333333
2024-12-05,38927,21571,18981,16575,6475,6444,400088,777838,10108513,8350989,57405.000000000000,26430.000000000000,43974.571428571429,16289.428571428571,6626056,6248306,535611,1058040,17902.333333333333,63679.000000000000
2024-12-04,137188,31465,76806,40763,13546,13934,5507285,-527964,27232561,4695679,53621.100000000000,25790.333333333333,32693.571428571429,14617.428571428571,10620540,16655789,524695,1035251,10931.0000000000000000,29149.666666666667
2024-12-03,23722,10931,10041,11305,3849,5628,229588,-322638,7088044,1617932,53470.066666666667,25963.266666666667,32623.714285714286,14249.428571428571,3603516,4155742,521891,1030721,11579.0000000000000000,29477.000000000000
2024-12-02,30127,11311,12372,14886,3373,6719,-469563,-492113,8997231,2156778,53989.600000000000,26136.100000000000,32352.428571428571,13742.428571428571,5095146,5117696,516022,1018942,12621.3333333333333333,26256.333333333333
2024-11-29,33600,10551,24597,7178,2555,3611,1507128,-66942,6238171,1133573,53770.933333333333,26418.866666666667,32994.142857142857,14598.285714285714,2354041,3928111,532653,1034421,16589.333333333333,27728.333333333333
2024-11-27,24704,12875,8081,13109,7155,3922,-802005,817517,7154466,3307938,53585.800000000000,26455.500000000000,35307.142857142857,16014.428571428571,5291879,3672357,530628,1035609,18884.666666666667,38900.666666666667
2024-11-26,20465,14438,7988,9585,4611,7852,-152766,-877912,6422141,2969533,53754.366666666667,26393.833333333333,41854.428571428571,17645.142857142857,3672355,4397501,527529,1033619,16857.000000000000,39823.333333333333
2024-11-25,38016,22455,17350,16907,7675,11685,1889997,-490998,13391384,3282987,53395.166666666667,26061.133333333333,40935.142857142857,18056.428571428571,6451860,8832855,520145,1028877,11959.3333333333333333,36560.666666666667
2024-11-22,58221,19761,30042,23700,6497,10085,334974,-501800,11841137,3347439,52933.366666666667,25938.800000000000,40460.142857142857,18821.285714285714,6242830,7079604,530813,1043679,10886.3333333333333333,29851.000000000000
2024-11-21,23233,8355,10993,9418,2890,3596,957456,234436,6693244,2751684,53598.966666666667,26219.166666666667,44589.857142857143,20348.714285714286,3243977,3966997,528728,1038843,15697.333333333333,35738.333333333333
2024-11-20,28228,7762,10952,15011,3376,3799,381573,820452,5402271,4341179,53812.200000000000,26738.300000000000,62557.142857142857,23746.714285714286,4709463,4270584,526323,1035965,21727.666666666667,48427.666666666667
2024-11-19,38092,16542,18040,16881,6934,8299,1849435,-13124,12859706,4906373,54381.666666666667,26874.766666666667,63659.714285714286,23961.714285714286,7310937,9173496,519978,1028867,24658.333333333333,46257.333333333333
2024-11-18,40895,22788,13292,20968,8121,11557,50980,-803072,10392892,4853656,54166.966666666667,26791.600000000000,65937.142857142857,24031.000000000000,5854756,6708808,512269,1020917,25434.000000000000,50924.333333333333
2024-11-15,66296,25853,17840,28517,12654,8434,-333346,-383110,20686534,3723302,53544.033333333333,26872.900000000000,63794.285714285714,26694.857142857143,7833696,7883460,579027,1087505,23165.333333333333,46206.000000000000
2024-11-14,31581,25334,10618,18507,9975,8265,320705,200933,10069122,4461095,53365.600000000000,26812.733333333333,62604.571428571429,24756.000000000000,6125367,6245139,569053,1092772,25236.666666666667,87012.000000000000
2024-11-13,54896,25115,25026,25379,12524,9033,74359,-125511,26337578,3077531,52772.466666666667,26651.200000000000,58311.857142857143,23462.428571428571,15716561,11479856,557120,1089241,22880.666666666667,83983.333333333333
2024-11-12,52141,19047,22804,24089,9411,7991,1427548,-202595,19290476,2964964,52036.233333333333,26766.400000000000,60549.428571428571,24915.428571428571,9007373,10637516,550960,1084873,24289.333333333333,85548.666666666667
2024-11-11,153999,31548,83841,54793,13361,14014,4011926,12429,41583575,5807758,47841.566666666667,26341.533333333333,47279.285714285714,26280.857142857143,17498360,21497857,540805,1068312,28606.666666666667,51314.333333333333
2024-11-08,45810,18047,21413,17427,6135,10068,-124374,-749394,10736377,2862190,49699.033333333333,26978.366666666667,49291.142857142857,28422.285714285714,5644471,6269491,550805,1095098,26511.666666666667,43795.333333333333
2024-11-07,56837,23273,24416,22563,9474,12296,309236,543917,9688775,4083006,50945.466666666667,27231.166666666667,70376.857142857143,37936.571428571429,6265906,6031225,546589,1086391,24107.333333333333,33132.000000000000
2024-11-06,51296,44500,17022,29090,20555,19308,-2967592,-1430725,36277150,6203328,50692.000000000000,26741.966666666667,85157.000000000000,47549.428571428571,32210689,8318352,539894,1084050,19013.333333333333,38634.666666666667
2024-11-05,23253,11762,9912,7589,7991,2747,620905,334716,4474174,1567350,51512.266666666667,26887.400000000000,90568.428571428571,49243.571428571429,2254081,2540270,535305,1080889,28794.666666666667,51253.000000000000
2024-11-04,24847,16060,12311,9457,6243,8450,2076384,-1158021,7345760,4294935,53094.933333333333,27634.266666666667,91589.428571428571,49065.285714285714,3657214,6891619,529690,1075788,34453.666666666667,62935.000000000000
2024-11-01,67804,29218,21379,34375,14167,10638,-1458809,321564,9487812,5857526,52963.033333333333,27878.800000000000,85271.285714285714,47701.285714285714,7157060,5376687,566434,1140737,54672.000000000000,108479.333333333333
2024-10-31,61108,41106,26078,28149,26381,11258,-533860,2813342,12656708,7207390,56887.700000000000,28378.533333333333,79923.142857142857,43582.571428571429,10087174,6739972,553206,1132722,78233.333333333333,139695.666666666667
2024-10-30,59893,33037,18582,33922,13803,9280,-1693274,195568,11356987,6931344,57899.433333333333,28200.666666666667,74108.571428571429,41165.714285714286,8345747,6456905,546643,1130875,75094.666666666667,140109.000000000000
2024-10-29,204437,89873,88206,92184,39736,38481,-2088363,1122037,39842942,15460630,52186.233333333333,25546.366666666667,51433.714285714286,30683.285714285714,25376124,22165724,529682,1096335,50074.333333333333,82628.000000000000
2024-10-28,154757,111790,72480,63665,43065,48771,1110609,-1606792,43233091,24443492,48502.666666666667,22471.766666666667,33188.428571428571,17432.428571428571,27653302,30370703,482979,1031106,19367.666666666667,38901.333333333333
2024-10-25,61133,23621,28909,27671,7973,9367,835256,228448,13293096,5408096,47947.900000000000,22277.000000000000,27190.857142857143,16054.285714285714,7586465,8193273,491052,1039285,15585.666666666667,26414.000000000000
2024-10-24,31994,14812,16464,12535,5089,8367,1134500,-65221,7838139,2058398,47693.766666666667,22112.400000000000,26266.285714285714,15736.571428571429,3895386,5095107,487676,1033896,16021.333333333333,22146.333333333333
2024-10-23,23577,19670,8982,12002,7539,10061,-10150,-1233826,8515626,4073275,48416.733333333333,21932.200000000000,26789.571428571429,14708.571428571429,5121607,6345283,477969,1029992,14963.333333333333,29525.000000000000
2024-10-22,23671,12275,10514,11039,4228,4966,148446,-449938,6867278,3231794,49654.933333333333,22670.266666666667,29746.142857142857,15253.714285714286,4144684,4743068,471052,1023806,17216.333333333333,30648.000000000000
2024-10-21,19191,16119,8491,8310,7693,7337,643740,128498,6230832,2172956,50699.500000000000,23230.800000000000,33176.142857142857,15346.142857142857,3509881,4025123,461475,1019241,16501.333333333333,30634.333333333333
2024-10-18,45713,16496,23775,14577,6100,8891,1473442,-269548,12581247,1804516,51873.866666666667,23757.733333333333,31592.142857142857,16323.285714285714,5481479,7224469,540094,1097515,15198.666666666667,23904.000000000000
2024-10-17,27040,19034,11510,10558,8231,9074,-461107,-11485,7389318,3338299,52551.200000000000,23802.733333333333,35611.571428571429,16552.142857142857,4792856,4343234,536631,1090592,13012.0000000000000000,23970.666666666667
2024-10-16,19150,13974,10280,5862,5067,7926,1784655,-103715,8335595,1618242,53021.633333333333,24047.700000000000,37797.857142857143,17454.857142857143,3318995,5207365,534552,1086763,13717.666666666667,32376.333333333333
2024-10-15,25522,12588,8504,11376,7153,3717,-1095110,1217148,10424855,3374971,53487.266666666667,24393.033333333333,40953.000000000000,19698.285714285714,6819073,4506815,529444,1081779,15110.333333333333,38269.333333333333
2024-10-14,27240,12474,8052,13345,6300,4467,-5280779,373264,13985830,1781518,54603.433333333333,24849.900000000000,40808.428571428571,21277.571428571429,9092093,2903650,525825,1077223,18731.000000000000,40731.000000000000
2024-10-11,44367,16091,22527,18108,7019,6839,-367658,569952,10007364,2550008,56213.166666666667,25485.066666666667,39770.571428571429,21874.428571428571,5886826,4949216,543082,1094976,20246.000000000000,44334.000000000000
2024-10-10,43201,16766,18348,21292,9200,5832,-1864467,2116027,12258423,4063066,55966.333333333333,25542.066666666667,37892.428571428571,22694.000000000000,9592158,5611664,539054,1085481,21421.666666666667,41418.333333333333
2024-10-09,34625,23336,16024,14877,10108,10933,-238608,484134,13712605,4242409,55956.166666666667,25488.733333333333,36968.714285714286,22046.285714285714,8341704,7618962,530502,1083655,23073.666666666667,45746.000000000000
2024-10-08,55176,20636,26882,22447,8777,8398,803862,-791337,16792486,4156082,55750.733333333333,25897.500000000000,43591.285714285714,24405.714285714286,8201075,9796274,522450,1077193,24038.000000000000,36096.666666666667
2024-10-07,34454,20293,17570,13533,8404,9352,1154689,131481,8427011,3061147,57502.166666666667,26257.733333333333,52130.714285714286,25914.857142857143,4621789,5644997,513832,1072540,24030.000000000000,36979.333333333333
2024-10-04,47608,28292,19816,22344,11914,12836,-496073,31576,13182043,3498003,58681.466666666667,27166.533333333333,51571.285714285714,26133.714285714286,7261107,6733458,528427,1085085,22100.333333333333,31128.000000000000
2024-10-03,26228,23529,9335,15059,10462,11375,-1889843,354258,6348990,3789078,60243.000000000000,27413.133333333333,54661.714285714286,25076.000000000000,5720255,3476154,524649,1086229,20524.666666666667,31771.666666666667
2024-10-02,37102,20269,19102,14952,9155,9855,1180092,505733,6128291,3646749,65273.233333333333,28351.866666666667,59693.857142857143,27675.571428571429,3890130,4564489,519302,1088011,26152.333333333333,53249.000000000000
2024-10-01,30054,22503,14323,12599,10561,9509,-281783,729818,7982252,7051181,66755.466666666667,28432.200000000000,64521.428571428571,29682.857142857143,7147970,6136369,515892,1082585,28937.000000000000,74641.000000000000
2024-09-30,28159,18802,12668,12845,7785,6936,359959,1205312,7332511,4172007,69075.266666666667,28534.600000000000,86048.428571428571,35010.857142857143,5615232,4769879,505672,1077172,32611.000000000000,79818.666666666667
2024-09-27,101534,37152,48476,43590,19560,13092,308516,890518,20068603,4589872,69516.700000000000,28652.066666666667,84435.714285714286,33660.714285714286,11324558,10742556,530050,1087045,25602.000000000000,61927.666666666667
