date,call_volume,put_volume,call_volume_ask_side,call_volume_bid_side,put_volume_ask_side,put_volume_bid_side,net_call_premium,net_put_premium,call_premium,put_premium,avg_30_day_call_volume,avg_30_day_put_volume,avg_7_day_call_volume,avg_7_day_put_volume,bearish_premium,bullish_premium,put_open_interest,call_open_interest,avg_3_day_put_volume,avg_3_day_call_volume
2026-09-25,26229,18878,10664,12482,10161,7618,-1471226.00,131015.00,6751251.00,4174941.00,32308.1667,19469.9667,21972.7143,16620.2857,5927324.00,4325083.00,225395,276460,14195.6667,18233.6667
2026-09-24,12778,9527,5346,6559,4370,4087,-603704.00,350412.00,5999263.00,3760003.00,32476.5333,19595.7667,21717.8571,16500.2857,5119837.00,4165721.00,224344,274836,16250,23788
2026-09-23,23348,16708,8820,12891,8186,7315,-2972174.00,973156.00,16037910.00,6216154.00,32101.3,19344.9667,21354.8571,15981.5714,12586776.00,8641446.00,217290,268132,17805.3333,27074
2026-09-22,18575,16352,8072,9192,8720,6656,-1443281.00,1164318.00,10323034.00,6404578.00,31874.2,19168.9667,23271.8571,16386.5714,9239596.00,6631997.00,209253,263706,22394,29741.3333
2026-09-21,29441,15690,16746,10293,6012,8171,3732662.00,466484.00,15671684.00,6684216.00,32265.4667,19478.8333,25173.2857,18323.2857,8556421.00,11822599.00,206496,256577,19355,23222.3333
2026-09-18,33206,21374,15217,16045,9918,9924,-1667318.00,-1028144.00,10874033.00,6584534.00,31939.5333,19221.8,24497.4286,17632.5714,8476024.00,7836850.00,239831,309534,15126,15818.3333
2026-09-17,26577,30118,10670,13750,16452,11543,-3532634.00,4498598.00,12654723.00,35446493.00,31629.6333,18800.0333,23531.1429,16383.8571,33579577.00,12944064.00,228911,304570,9445.6667,13895
2026-09-16,9884,6573,3926,5018,3047,2892,390673.00,-84283.00,4986194.00,2301645.00,32337.3667,19342.4667,25971.4286,17384,3113619.00,3588575.00,228172,303563,13650.3333,21265
2026-09-15,10994,8687,3647,6362,3658,4279,-443756.00,-1922203.00,5925321.00,6680535.00,34015.3,20259.2,27269.5714,18289.7143,5055691.00,6534138.00,226289,300632,20503.6667,31850.6667
2026-09-14,20807,13077,11639,7761,4344,7196,3731464.00,-525451.00,17143216.00,5578132.00,38326.6333,23435.9333,30313.1429,20064.8571,8628040.00,12884955.00,226224,296967,21657.6667,34406.6667
2026-09-11,31994,19187,14078,15462,8250,8551,477494.00,-201428.00,11547612.00,5340581.00,38748.0667,23845.4,28343.2857,19235.5714,7509549.00,8188471.00,241437,311391,22387.6667,30346.3333
2026-09-10,42751,29247,23420,16444,11042,15904,5023293.00,-3007759.00,20987410.00,13262860.00,37595.5667,23273.2,25376.4286,16980.8571,12184751.00,20215803.00,238107,303601,17163.3333,25084.6667
2026-09-09,28475,16539,11973,14953,8451,6617,-2250422.00,1418131.00,14193453.00,8856224.00,37010.9667,22874,24851.8571,16496.5714,12783076.00,9114523.00,233726,293804,16659.3333,22286.6667
2026-09-08,19813,21377,8844,9504,10443,9520,-1029141.00,1527520.00,9321032.00,9279199.00,36922.3667,22499.5667,25294.5714,15510,10086041.00,7529380.00,224798,289867,18034.6667,29719.6667
2026-09-04,26966,13574,10657,13357,6197,6022,-1361488.00,337225.00,9328435.00,3311524.00,36669.3333,22588.4667,24641.4286,15592.1429,6724743.00,5026030.00,243331,303904,17970.6667,26799.3333
2026-09-03,20081,15027,7669,11507,6122,7029,-1449075.00,146154.00,11363215.00,3635930.00,36698.3667,22831.5333,26873.1429,15205.5714,7885347.00,6290118.00,240407,300203,17449.6667,27433.3333
2026-09-02,42112,25503,20750,15908,6782,17013,3311343.00,-2191885.00,21441177.00,7809626.00,37391.6667,22913.5333,24434.8571,12782.2857,10817230.00,16320458.00,235409,291912,13331.6667,21663.6667
2026-09-01,18205,13382,5982,10934,6036,6098,101100.00,-1843531.00,7933807.00,9101365.00,37159.5667,22587.4,28185,13675.1429,6838022.00,8782653.00,232133,287598,13694.6667,23232.6667
2026-08-31,21983,13464,8665,11824,7035,5339,-1036020.00,675515.00,11224693.00,6507261.00,37025.5333,22394.0667,32008.5714,17131.4286,9215110.00,7503575.00,226321,280223,13923,23369.6667
2026-08-28,24803,13149,10256,12685,6181,5802,-1360422.00,-286701.00,12488592.00,4595320.00,37023.5333,22351.5667,34570.5714,18288.8571,8559475.00,7485754.00,238997,302328,13647,27003
2026-08-27,22912,14471,9484,10314,5778,6007,-384333.00,-1747736.00,13710616.00,6825742.00,36955.0333,22331.4667,36342.2857,19393.1429,8859941.00,10223344.00,236471,299233,11670,27713.6667
2026-08-26,22394,14149,8982,10918,5558,4910,-2498529.00,-353419.00,14314099.00,3800479.00,36917.1667,22248.6667,40119.7143,21753.4286,8111751.00,5966641.00,232102,291099,13497.6667,35067.6667
2026-08-25,35703,12321,21816,11835,4220,6731,5667694.00,-92182.00,19186791.00,4101346.00,36088.1333,22034.1,57463.2857,29557.1429,8022722.00,13782598.00,231650,284692,21943.3333,39416
2026-08-24,25044,8540,6898,7237,3698,3712,989731.00,-1515845.00,26128637.00,4834746.00,35877,22133.7333,57199.8571,30866.1429,5236334.00,7741910.00,227552,272153,26180.3333,45313.6667
2026-08-21,44456,19632,20540,19014,7868,9584,2062105.00,498528.00,19026160.00,5401462.00,35357.7667,22019.9333,53396,29961.7143,10197040.00,11760617.00,263797,341883,27036.6667,42266.3333
2026-08-20,48748,37658,20044,24409,22798,12075,-3709396.00,16857739.00,24412008.00,42242455.00,34332.3,20973.7667,48159.2857,25894,43687539.00,16753406.00,263124,326734,24707.6667,42295.6667
2026-08-19,42737,21251,20392,18941,10059,8032,-1921935.00,972695.00,17394277.00,10647172.00,33365.9,20523.0333,43734.2857,24439.8571,14183151.00,11288521.00,256730,316278,39939.6667,80419.3333
2026-08-18,35314,22201,11687,18011,11394,8989,-1791744.00,-2992.00,16271171.00,8353696.00,32700.5333,20044.8667,44572.1429,24837.7143,10872889.00,9084137.00,249643,308151,38440.3333,76381.3333
2026-08-17,48836,30671,17216,26755,14527,12489,-7630667.00,2411860.00,30760701.00,11522171.00,32172.7333,19474.6333,40942.4286,22408,24478454.00,14435927.00,241181,295474,32650.3333,66045.6667
2026-08-14,157108,66947,74077,71808,27235,35238,5778369.00,1044522.00,90929744.00,16440077.00,28325.5333,17761.7667,20967,15339.1429,47343097.00,51329952.00,255111,292865,13396,17706.6667
2026-08-13,23200,17703,11190,10633,5397,10024,254760.00,1669907.00,20672356.00,21390803.00,30031,18058.3333,22097.8571,16073.8571,16804319.00,15389172.00,253389,284696,11185.6667,13894
2026-08-12,17829,13301,8270,8005,4788,7396,3373991.00,43711.00,12868764.00,4447168.00,29791.1,17950,28312.5714,19343.5714,6216840.00,10025230.00,248527,280445,15080.6667,21677.3333
2026-08-11,12091,9184,5011,6287,3639,4799,305352.00,-452436.00,8288450.00,3589441.00,30005.2667,17961.3333,48034.8571,33514.2857,5235788.00,5993576.00,245346,277728,16573.6667,25456.3333
2026-08-10,11762,11072,4442,6066,4923,4876,-1454286.00,842906.00,10563832.00,4248837.00,30598.7,18007.3667,52731.2857,36428.4286,7747032.00,5449840.00,240624,274479,18704.6667,27295.6667
2026-08-07,41179,24986,19747,17169,9891,12346,5642127.00,-1538517.00,21872514.00,10831385.00,29896.4667,17517.9333,48016.5714,34584.8571,10709390.00,17890034.00,258014,297468,17991.3333,23941.3333
2026-08-06,23428,13663,8763,9195,6573,4769,-501161.00,450479.00,17723633.00,10543939.00,29923.9,17455.3333,46232.1429,33284.8571,9700418.00,8748778.00,254490,295184,25500,36576
2026-08-05,17280,17465,7765,8478,9906,6482,-1194554.00,1717107.00,15993902.00,8637781.00,29936.9,17244.1,46214.2857,32239,13194643.00,10282982.00,247277,290867,55804.6667,80865
2026-08-04,31116,22846,14468,14518,7925,11746,-548679.00,-1536866.00,25788299.00,9694140.00,29703.5333,16845.2667,44537,31295.4286,15693209.00,16681396.00,240924,286157,58679.6667,85372
2026-08-03,61332,36189,34304,22708,13408,17415,13349425.00,-640960.00,51006476.00,38249948.00,29701.9,16258.8333,38768.4286,29314,25373918.00,39364303.00,232208,277367,50643.6667,67653.3333
2026-07-31,150147,108379,58132,80000,48566,49962,-17026910.00,5888841.00,82956092.00,70727458.00,25783.9667,13217.0667,26306.1429,17826,82581513.00,59665762.00,228467,275792,16038.3333,21250
2026-07-30,44637,31471,19850,20656,14388,13919,-2315174.00,288992.00,37028956.00,14280571.00,25335.4667,12480.6333,21535.4286,13844.1429,24577906.00,21973740.00,211355,255334,8929.3333,12089.3333
2026-07-29,8176,12081,3735,3795,3566,7598,-280727.00,-674124.00,11114894.00,5514396.00,26447.3333,12734.2,22933.4286,13213.1429,7379379.00,7772776.00,204580,253154,10316,15822.3333
2026-07-28,10937,4563,3331,5182,2324,1865,-850096.00,742504.00,11015273.00,3261886.00,28389.7,13536.2333,24905.7143,14257.5714,6669118.00,5076518.00,203454,253307,16234.6667,19160.6667
2026-07-27,17155,10144,8976,7219,4344,4588,1826632.00,-102390.00,16402885.00,4967687.00,28966.7667,13472.8333,25434.5714,14789.5714,9029532.00,10958554.00,200037,248617,22174.3333,34412.6667
2026-07-24,19375,16241,8688,9480,6136,9069,-1222232.00,113314.00,15279197.00,8081639.00,28898.0333,13291.3333,25703.5714,14135.8571,11725871.00,10390325.00,212910,269106,17960,31701.6667
2026-07-23,20952,22319,8823,10320,6802,13897,-618072.00,-6204487.00,18472857.00,12531104.00,29317.1667,12969.8333,24257.8571,11788,11735677.00,17322092.00,203883,266674,13075,30705
2026-07-22,62911,27963,22065,34320,11799,11250,-5484849.00,1785574.00,70290244.00,19779179.00,28179.7667,12413.2667,17943.4286,9440.2857,43666840.00,36396417.00,192256,242782,7712,17982.3333
2026-07-21,11242,3598,5166,5163,2020,1316,-17485.00,1040711.00,10412835.00,3136366.00,29968.3333,12990.3667,20463,11243.1429,6902095.00,5843899.00,190650,239158,11135.3333,21187.3333
2026-07-20,17962,7664,8492,8170,3575,3251,2389056.00,457244.00,28020023.00,5510881.00,31955.0333,13577.3,20466.1429,11044.4286,13968590.00,15900402.00,187107,230124,12469,22286
2026-07-17,24743,11874,10900,11874,5121,5473,317625.00,943856.00,17917875.00,9481598.00,31984.9667,13476.4333,18895,10452.2857,13225162.00,12598931.00,210529,273136,10472.3333,17649
2026-07-16,20857,13868,9793,9377,4545,7175,-422321.00,2083045.00,16753466.00,8969524.00,32322.6,13352.2667,18108.7143,9593.4286,13348555.00,10843189.00,204157,268074,9692.6667,16933.3333
2026-07-15,21258,11665,10120,9115,6681,4293,4890519.00,6186829.00,20785426.00,10995132.00,33633.1333,13333.5333,19786.4286,9864.7143,15365263.00,14560983.00,198451,262045,11210.3333,19473.6667
2026-07-14,10832,5884,5451,4778,2501,3179,674819.00,918891.00,8542702.00,3699629.00,34875.0667,13708.3333,24195,11247.1429,5900370.00,5651978.00,197731,260107,11340,21857.6667
2026-07-13,18710,11529,9247,8306,5474,5487,2741451.00,1270361.00,23062228.00,7066937.00,35952.8333,13947.7667,32145.5714,13400.1429,13033760.00,14504850.00,193704,254632,10073.3333,20202.6667
2026-07-10,28879,16218,11847,14969,8068,7416,-2520802.00,111190.00,18940006.00,6890642.00,36547.2,13838.4667,29538.8571,12519.1429,13421257.00,10789265.00,199938,268795,7286,15694
2026-07-09,17984,6273,9231,7588,2339,3318,1477688.00,-313479.00,14448433.00,3105834.00,36629.6667,13989.3667,29614.8571,12983.5714,7283763.00,9074930.00,198659,263322,9716.3333,20700
2026-07-08,13745,7729,4992,7042,3725,2886,-482904.00,441371.00,12845126.00,5390719.00,37335.3333,14797.4667,31874.8571,13658.4286,8651007.00,7726732.00,196937,261116,12327,30015.6667
2026-07-07,15353,7856,6746,7609,3812,3348,161529.00,1520691.00,20174276.00,6558484.00,37514.5,14832.3,32554.7143,14008,13262211.00,11899474.00,193338,258334,18575,49686
2026-07-06,33002,13564,15969,14599,5159,7363,-1353844.00,-1565546.00,39332176.00,11917673.00,37703.3667,15145.3333,31304.5714,13753.8571,23510945.00,23722647.00,188723,252077,17404,42229.3333
2026-07-02,41692,15561,17951,20907,7387,7119,2219253.00,1090602.00,37182326.00,9529089.00,36686.7667,14823.1667,27872.8571,13120.5714,21237361.00,22366012.00,197695,263327,15391.6667,34504
2026-07-01,74364,26600,36887,32931,11805,12514,4491426.00,-4400183.00,78653507.00,17674419.00,34835.1667,14268.1333,20694.4286,10875,41284507.00,48558182.00,192799,252285,10676,19571
2026-06-30,10632,10051,4565,4538,3701,5354,-240488.00,-1052843.00,6594259.00,5659316.00,35262.8,14266.6,27930.2857,12095.7143,4986988.00,5799343.00,189805,248934,10760,22731
2026-06-29,18516,9524,10023,6943,4171,4429,684005.00,-2354814.00,13747626.00,6287483.00,35395.3333,14245.9667,29943.5714,13181.7143,7591163.00,10807982.00,187353,243427,11513.6667,24642.6667
2026-06-26,29565,12453,14591,12005,5050,6357,1227954.00,43683.00,17790946.00,11071562.00,35102.3,14178.2333,30174.5714,12742.4286,12532431.00,13701702.00,196846,255005,11072,20677.6667
2026-06-25,20112,10303,7399,11201,4568,4758,-3837732.00,-280305.00,16274552.00,9680046.00,35234.6,14139.0333,33234.5714,14083.1429,13745428.00,10188001.00,194587,250146,11264.6667,22012
2026-06-24,24251,11785,12107,10764,4421,5102,-478188.00,658793.00,14327420.00,6479034.00,35249.3,14034.6667,39657,16488.7143,10193141.00,9056160.00,191816,244934,13535,34356
2026-06-23,17670,11128,7646,8389,4118,5924,399904.00,4390022.00,18910997.00,10663258.00,36080.3,14185.5667,42056.5714,16076.4286,15909549.00,11469431.00,184814,243052,15534.3333,39335.6667
2026-06-22,24115,10881,10818,11743,5193,4456,-547697.00,1545543.00,23561476.00,6415996.00,36208.7667,14289.5333,41084.8571,16064.2857,15229448.00,13136208.00,180858,237772,15033.3333,41691.3333
2026-06-18,61283,18596,27259,30146,6017,7147,6324523.00,-2572554.00,59078370.00,27670117.00,35314.9333,14091.7333,37119.5714,15218.2857,33780497.00,43044124.00,211065,292859,15397.3333,35107.6667
2026-06-17,32609,17126,12524,16397,7454,8383,-1948108.00,-4074382.00,23311163.00,24857012.00,36447.6,13866.6667,36573.8571,14381.1429,21118934.00,24669965.00,207922,288274,19230,47307.3333
2026-06-16,31182,9378,12129,17260,4247,4195,-2120485.00,799596.00,23676852.00,5000309.00,37368.8667,14124.4667,41390.5714,16028.7143,14883296.00,11963215.00,205756,281050,18851.3333,48402.3333
2026-06-15,41532,19688,21295,16027,8871,8466,2333321.00,2501991.00,43853207.00,9978222.00,40432.3667,15267.1,46537.8571,16826.4286,24441673.00,24161103.00,202256,271488,15887.3333,40329.3333
2026-06-12,69208,28624,22145,40354,14577,12055,-5410401.00,819501.00,34023165.00,11460266.00,40154.4,15202.7667,40314,14001.2857,23777911.00,17548009.00,207799,286124,10570.6667,28435.3333
2026-06-11,34467,8242,14756,15277,4046,3450,-411296.00,-850123.00,22680109.00,4910550.00,39482.6333,15164.7,39816.7143,14272.8571,12197637.00,12636464.00,206842,280280,11578.6667,26542.6667
2026-06-10,17313,10796,7467,8408,3867,6051,-159382.00,-1086355.00,14675912.00,4837288.00,39525.7333,15271.8667,45996.8571,14316.7143,8591830.00,9518803.00,200699,277957,14950.3333,42404.6667
2026-06-09,33526,12674,15569,15435,4743,7081,-1404610.00,-4393948.00,32092571.00,12331297.00,39050.2667,15143.9667,48077.4286,14953,19166230.00,22155568.00,197171,275431,19149.6667,57083.6667
2026-06-08,28789,11266,11174,11900,5301,4914,-748177.00,1010036.00,16406188.00,5285564.00,38634.9667,15074.3,51256.5714,16016.7143,10778742.00,9020529.00,194645,276633,18343.6667,56034.3333
2026-06-05,64899,20911,27392,31529,9344,9048,-3510788.00,461077.00,31977487.00,9957008.00,37287.7667,14920.3333,48658.1429,14877.8571,20034889.00,16063024.00,204305,293325,14754.3333,44730
2026-06-04,77563,25272,36082,35365,8587,11420,4296843.00,-637049.00,66183981.00,12613322.00,35307.2333,14251.5333,40500.2857,12810.4286,32840267.00,37716551.00,198276,278557,10031.3333,39067
2026-06-03,25641,8848,10102,13350,3406,4602,-613900.00,-668799.00,15854671.00,5049967.00,35173.2,14378.1333,41825.1429,16113.8571,9538870.00,9593769.00,195080,274283,12791.3333,46550
2026-06-02,30986,10143,12421,15888,4377,4735,-2660495.00,1692611.00,20401015.00,6785759.00,34692.7667,14387.9667,40359.7143,15936.4286,14344036.00,9990930.00,191071,271124,15647.6667,53235.6667
2026-06-01,60574,11103,26190,29953,4993,4714,-1463551.00,990153.00,43481815.00,7632088.00,33759.7667,14501.0667,37230.2857,17629.5714,24155073.00,21701369.00,187967,252049,16259.6667,48614.3333
2026-05-29,48090,17128,23340,19796,6762,8218,4403307.00,489953.00,45244386.00,7035896.00,32988.4667,14490.6,31959.4286,16025,21512631.00,25425985.00,201051,266191,14150.3333,39403.6667
2026-05-28,51043,18712,27227,20603,5276,12223,730687.00,-1444586.00,42313025.00,5110228.00,32238.9,14227.4667,27355.5714,14773.1429,21012532.00,23187805.00,197800,257233,18570.3333,34027.6667
2026-05-27,46710,12939,25308,17244,4986,6633,6465706.00,-947493.00,29148885.00,7103382.00,31602.1667,14281.8667,24034.2857,14354,12683083.00,20096297.00,197289,245019,17224.3333,25367
2026-05-26,20458,10800,11033,7616,5522,4515,3040176.00,1306290.00,15199782.00,8371254.00,31661.2667,14212.8333,24324.8571,14083.2857,9982294.00,11716180.00,193548,238922,21276,31437
2026-05-22,34915,31972,13733,18424,15946,12777,-5485760.00,1489919.00,22935424.00,15138064.00,31149.1,13594.0333,22304.7143,11004.5714,21041632.00,14065953.00,198324,249420,12584,23530
2026-05-21,20728,8901,9112,9651,2841,5150,1648773.00,-611227.00,11175615.00,4359582.00,31175.6333,13686.9667,22783.7143,11036.8571,5751620.00,8011620.00,196924,245923,12933.3333,22892.6667
2026-05-20,38668,22955,15840,17847,14288,7198,-3609099.00,2960571.00,22325776.00,12522549.00,30594.4667,13436.2,20787.1429,8993.8571,19416341.00,12846671.00,186797,233819,8616.6667,17823.6667
2026-05-19,11194,5896,5020,5134,2983,2104,109078.00,1746165.00,6549113.00,3865605.00,30540.6,13517.6,25273.7143,10388,5633092.00,3996005.00,183962,232868,9619.6667,21589.6667
2026-05-18,18816,9949,10082,7297,4732,4477,1124730.00,250773.00,10931713.00,5001318.00,30413.4333,13587.6,26581.2857,10966.7143,6918251.00,7792208.00,179628,226561,9777,22242.3333
2026-05-15,23461,10005,11133,9694,3664,5281,734717.00,8093.00,10346358.00,5859619.00,30275.9333,13693.0667,28153.7143,11346.2857,7136983.00,7863607.00,202746,259528,9484.3333,22449
2026-05-14,22492,8905,10140,10800,4101,4144,-1896464.00,583803.00,19008093.00,5004412.00,30127.9,13791.4333,34453.2857,11556.1429,12686951.00,10206684.00,201586,255370,9400.6667,23182.3333
2026-05-13,20774,10421,7034,12191,3278,6267,-2244050.00,-31741.00,11861378.00,4584496.00,30337.5667,14061.4,39888.4286,12512,8778043.00,6565734.00,199583,250109,11145.3333,30457.6667
2026-05-12,24081,9127,8342,13454,4819,3671,-2848300.00,986964.00,10868167.00,5871588.00,30082.1,14198.2667,55510.7143,18917.7143,9370982.00,5535718.00,197572,246332,12769.6667,31753.6667
2026-05-11,24692,8654,12824,9835,4572,3353,251752.00,1483645.00,14110900.00,4518432.00,30384.7333,14957.9,60678.8571,21494.8571,9308122.00,8076229.00,194345,240752,14105.6667,35012.3333
2026-05-08,42600,15655,17716,21235,7863,6093,-3612047.00,1689439.00,18912636.00,8935921.00,30411.9667,15534.4,56638,20272.7143,15357374.00,10055888.00,206583,267303,12345.3333,43008.6667
2026-05-07,27969,14000,9587,14536,6387,4604,-1435109.00,949215.00,12834221.00,8078626.00,29815.4333,15213.1,55300.4286,20274.2857,10564576.00,8180252.00,202144,265218,13382.6667,53292.3333
2026-05-06,34468,12662,13853,17619,6650,4902,-2296896.00,581128.00,18400462.00,8143622.00,29001.8333,15037.4333,53128.1429,19727.8571,13280770.00,10402746.00,198008,263906,27151,86282
2026-05-05,66589,10374,34949,27287,4870,4747,4038077.00,-229854.00,31201752.00,9574289.00,27324.2,15015.5333,45948.2857,19556.7143,16898176.00,21346107.00,195427,256812,32591,84375.3333
2026-05-04,58820,17112,25617,28685,9274,6190,902211.00,2526662.00,34879197.00,20273151.00,26437.4,15012.5333,41043,19439.5714,25551117.00,23751066.00,188098,243784,29253.6667,69540
2026-05-01,133437,53967,66424,56306,20645,27818,16765612.00,-2498450.00,87759472.00,27000887.00,22413.8667,14138.2333,24573,12474,41017080.00,60061450.00,203657,257001,15935,31263
2026-04-30,60869,26694,25268,29783,12779,11151,-934938.00,1403817.00,32959877.00,17738971.00,20601.2,13506.9,18966,10467.1429,23871720.00,21532965.00,191700,231775,9982.6667,17394
2026-04-29,14314,7100,6012,6885,3606,2740,-259708.00,1035148.00,9718860.00,6243000.00,20723.9333,13946.4,19288.7143,10944,7975887.00,6681031.00,189533,227691,10674.6667,18066
2026-04-28,18606,14011,6610,10125,8023,4831,-2268187.00,1603422.00,13845250.00,10356115.00,20720.4667,13827,21285.5714,11013.2857,12924490.00,9052881.00,183076,223378,11435,20025
2026-04-27,19262,8837,9476,8276,3914,4200,1892001.00,-639845.00,18309946.00,6363914.00,20653.6333,13909.1333,22098.2857,12152.8571,10216368.00,12748214.00,179665,217269,10225.3333,19653.3333
2026-04-24,16330,9176,6668,7758,4818,3553,-325745.00,1989355.00,13371007.00,6979064.00,20754.0667,14032.3667,23844.8571,12387.4286,10162822.00,7847722.00,188042,230306,11382,21416.6667
2026-04-23,24483,16292,7928,13001,7719,7405,-3957932.00,-743834.00,18407489.00,22679757.00,20380.9667,13743.7667,24291.2857,12141.5714,19734775.00,18060077.00,183777,227943,9430.6667,18780
2026-04-22,18147,5208,9060,6528,1979,2409,-428672.00,10052.00,12404062.00,2866621.00,20377.7333,14074.3667,24874.7143,12644.5714,6953444.00,6514720.00,182372,228091,12526.6667,23592.3333
2026-04-21,21620,12646,7856,12426,6066,4605,-4618287.00,1132011.00,22271576.00,10805790.00,20410.3,14098.4333,24579,12753.4286,17853394.00,12103096.00,176711,219358,13916,24702.6667
2026-04-20,16573,10438,7167,8032,4626,4351,-1468391.00,-1955261.00,18505654.00,11997824.00,20879.8,14468.0333,25286.2857,12932.1429,12940855.00,13427725.00,172448,213464,14042.6667,28697
2026-04-17,32584,14496,15534,14850,7639,5533,-115713.00,-28803.00,26586965.00,5714043.00,20377.8333,14252.4667,23664.7143,13065.8571,14811325.00,14754790.00,193210,252039,14067.6667,27038.3333
2026-04-16,24951,16814,10922,11898,6890,8472,-1893374.00,-4308758.00,21628605.00,11019508.00,20197.5667,13930.9333,21468.5714,11855,13738853.00,16348352.00,190607,250263,11372.6667,26131.6667
2026-04-15,28556,10818,13949,11967,4605,4963,1252912.00,-166247.00,24066644.00,7724247.00,19573.9333,13819.8333,19532.1429,12030.8571,13612421.00,15031580.00,187773,242018,12236,23129.6667
2026-04-14,27608,14571,14852,10190,5716,7649,2322000.00,-1374938.00,20532111.00,9589034.00,19098.6333,13623.6667,18350.4286,11830.5714,12047260.00,15744198.00,183861,235913,11275.3333,21101.6667
2026-04-13,22231,8729,11042,9590,3638,4352,337404.00,-556832.00,12874479.00,5346647.00,19072.4333,13644.0667,17753.2857,12277.2857,7898352.00,8792588.00,182120,227556,13509.6667,20769
2026-04-10,19550,13408,11517,6679,7499,4345,829166.00,1327556.00,6503937.00,11759169.00,19170.8333,13873.1667,18826.7143,13007.5714,8930400.00,8432010.00,191425,238350,11819.6667,17445
2026-04-09,21524,11689,7682,11132,5253,5137,-2081637.00,569864.00,10993256.00,6016899.00,19001.9667,13698.6333,18097.1429,13228.1429,8160075.00,5508574.00,188126,233144,11939.6667,15270.6667
2026-04-08,21233,15432,8393,8411,5493,9068,-333318.00,-914596.00,19950162.00,5285904.00,18740.2667,13404.2667,19888.2857,15515.4286,10292639.00,10873917.00,180913,230679,11185.3333,14638.3333
2026-04-07,9578,8338,4566,4094,2169,5048,-588297.00,-1688973.00,6051672.00,5432438.00,18845.5333,13442.0667,24722.4286,19031.4286,4845397.00,5946073.00,176713,228129,12358,17462.6667
2026-04-06,15001,12049,6832,6977,2854,7594,-628253.00,-188324.00,9191005.00,4482252.00,19499.7,13437.3333,24018.4286,17933.1429,6294550.00,5854621.00,169401,222030,14515,21483.6667
2026-04-02,19336,13169,8257,7752,5677,4262,-869169.00,-602359.00,9234752.00,5836441.00,19591.4667,15087.9667,22693.2857,17107.8571,6881015.00,6614205.00,181286,237515,14536.3333,20510.6667
2026-04-01,18051,11856,7836,7773,6783,4066,24277.00,175169.00,12412756.00,5750218.00,19786.2333,15722.8,22437.4286,16802.2857,7788885.00,7637993.00,177739,231911,21065.3333,25750.6667
2026-03-31,27064,18520,13656,10399,5169,8691,1235030.00,-2444800.00,13852651.00,21859590.00,19579.2,16104,23173.4286,16588.2857,9080995.00,12760825.00,175747,223220,25875.3333,31201.6667
2026-03-30,16417,13233,7890,7102,5751,6123,924799.00,95754.00,8541395.00,17176420.00,20458.1667,16700.9667,22646.8571,18660.4286,11427835.00,12256880.00,172574,218884,22918,29087
2026-03-27,33771,31443,14494,16477,10241,12975,-969553.00,-1178339.00,13574138.00,22388087.00,21277.2667,19248.5,18749.4286,15276.2857,15885043.00,14758129.00,180513,230421,14901,21183.3333
2026-03-26,43417,32950,17267,21868,14239,15466,-4313451.00,-3256698.00,19736440.00,39239426.00,20906.5333,19032.6667,15117.8571,13467,24824187.00,26263554.00,171548,221631,7156.6667,12131
2026-03-25,10073,4361,5239,3946,1799,2148,446515.00,-139733.00,4525663.00,2507151.00,21694.6667,19319.9333,16322,14333.8571,2988093.00,3574341.00,170954,218823,11377,19512
2026-03-24,10060,7392,3830,5040,4736,2194,-283939.00,800436.00,4715509.00,4050974.00,22590.4667,19714.8333,17350.1429,14892.2857,4580923.00,3496548.00,166861,217388,18159,20402.3333
2026-03-23,16260,9717,7149,6687,3734,4782,104333.00,-248853.00,6968846.00,6550410.00,25260.0333,21862.8333,17790.5714,15343.1429,4869400.00,5226747.00,162220,209007,17504.6667,17145.3333
2026-03-20,32216,17022,14657,15841,10237,5784,576471.00,773257.00,14913402.00,5618003.00,25856.4,22408.1,15086.8571,14002,9936859.00,9740073.00,191289,247081,18592.3333,12405.3333
2026-03-19,12731,27738,5004,6415,15316,10608,40424.00,818150.00,6744668.00,67004534.00,26541.1333,22227.4,15846.7143,12200.2857,31867699.00,33626443.00,181977,244064,12822.6667,14329
2026-03-18,6489,7754,2645,3040,3316,3361,681064.00,-1232286.00,6024221.00,8194604.00,27121.4667,22789.5333,18147.8571,13002.2857,5134278.00,7047628.00,181791,242138,14005,17918.3333
2026-03-17,17996,20285,8468,7497,8632,8382,91427.00,788515.00,10599116.00,12902169.00,27050.0333,22402,19956.7143,13179.5714,11278591.00,10581503.00,176692,237392,11534.3333,18367.3333
2026-03-16,18502,10429,9923,6404,4130,5536,2794431.00,-2245981.00,10447464.00,8684024.00,27169.9,23088.9667,19817.1429,12836.7143,5455288.00,11615700.00,172536,230479,10602.6667,16630
2026-03-13,17257,11301,8338,7316,4043,5152,-164200.00,-192883.00,6672287.00,10773453.00,27456.6333,23318.7667,20143.7143,12246.2857,6110473.00,6139156.00,185572,246939,11877.6667,16894.3333
2026-03-12,19343,12873,7775,9365,3363,3119,-379887.00,353131.00,7381436.00,43288286.00,27481.8333,23330.0667,18787.1429,11476.5714,6539462.00,5806444.00,185381,243235,12042.6667,17979
2026-03-11,13290,7634,6087,6091,3367,3748,1160947.00,-728046.00,7750907.00,4770396.00,28551.7667,23885.7333,18795.5714,11626.8571,4842065.00,6731058.00,183728,240096,16673.3333,23768.3333
2026-03-10,18050,15126,7489,7708,5823,6942,820794.00,266664.00,10561166.00,7676534.00,28478.3,23650.6667,19280.5714,10800.4286,8326426.00,8880556.00,175398,234602,14307.6667,23593.3333
2026-03-09,22597,13368,9565,10688,3999,6509,-2308614.00,-1096790.00,16918306.00,10791708.00,28645,23637.2333,19267,11788,13004016.00,11792192.00,170951,229351,12241,22575.3333
2026-03-06,30658,21526,12773,15569,10740,8928,-867930.00,2141324.00,9910984.00,13430081.00,28223.7667,23680.4333,17238.4286,9634.7143,12572836.00,8992082.00,182369,238761,7560.6667,15638.3333
2026-03-05,17525,8029,7684,8550,3696,3470,-917564.00,-11553.00,12829928.00,6318122.00,28746.2,24188.8333,16646.5714,9430.7143,8300969.00,7394958.00,180424,235504,7779.6667,14246.3333
2026-03-04,19543,7168,9390,6709,3245,3016,385279.00,-68871.00,7880052.00,3691728.00,28678.2,24330.4333,15674.1429,9759.8571,5281234.00,5735384.00,177324,231261,8504,14880.3333
2026-03-03,9847,7485,3989,4661,3439,3493,-650226.00,-261492.00,6631181.00,4975534.00,30234.1667,25439.2667,19214,10391.5714,5270311.00,4881577.00,174738,230023,12769.3333,19098.6667
2026-03-02,13349,8686,5967,5497,5571,2680,-1296420.00,-59587.00,7308817.00,4988311.00,31985.9667,26127.5667,20462.5714,18106.1429,6121179.00,4884346.00,169735,227395,12025,20135
2026-02-27,21445,9341,10714,9264,3885,4639,911558.00,-1250003.00,8556038.00,5677246.00,31680.7,26160.8333,20812.4286,21186.1429,5711059.00,7872620.00,176693,240940,11111.6667,17447.3333
2026-02-26,22502,20281,12412,8827,7217,9538,594809.00,2483.00,10570309.00,8290480.00,31827.3,26284.3,20576.8571,22568.2857,7987000.00,8579326.00,173731,237773,7508.6667,14192
2026-02-25,16458,6453,9371,6137,1970,3842,844621.00,-829873.00,8281214.00,3797699.00,31832.3667,26605.3,24338,26095.2857,4904435.00,6578929.00,171663,233396,9326.6667,20248
2026-02-24,13382,6601,6388,5918,3689,2372,-533485.00,834782.00,7635881.00,6178031.00,33074.2667,27357.7667,30761.1429,40562.1429,7020298.00,5652031.00,169307,230131,28022.3333,23150.3333
2026-02-23,12736,9472,5657,5761,4071,4616,1699504.00,-458095.00,10427734.00,6164062.00,33248.5333,27356.8,33555.2857,42991.1429,6401112.00,8563638.00,166845,228351,35165.3333,26869.6667
2026-02-20,34626,11907,15613,13518,3824,6500,2482030.00,-2035923.00,18274255.00,10613274.00,33106.7,27452.1667,33425.4286,43144.2857,9125332.00,13647535.00,187988,267718,41181.6667,22278.6667
2026-02-19,22089,62688,6748,11891,22719,33548,-176207.00,-13392333.00,8574431.00,338616366.00,33036.4667,25720.3,35546.1429,36937.2857,104410932.00,208676248.00,187555,264858,30666.3333,29177.6667
2026-02-18,23894,30901,11513,9925,14274,14964,948220.00,-2251552.00,15430341.00,75391634.00,32878.8,25155.8,45896.5714,43116.7143,29511205.00,54989617.00,180738,259698,56322.3333,40661
2026-02-17,20853,29956,10157,8625,12877,13301,697465.00,-6082754.00,9901772.00,156858690.00,33561.8667,24698.8333,50075.7143,43605.8571,81975237.00,62359761.00,181975,252280,55162,44475
2026-02-13,42786,31142,19178,21088,8060,9355,1152570.00,-214529.00,17955498.00,113258395.00,32829.4,23927.2,48716.7143,42345.1429,14533407.00,15900701.00,195595,286365,49107.6667,41452
2026-02-12,58344,107869,23301,26011,21210,20601,2851462.00,3774682.00,23757983.00,580575680.00,31492.1,21057.0333,43796,30452.1429,34868649.00,34008179.00,190462,270284,19564.3333,34315.3333
2026-02-11,32295,26475,11772,16854,10226,8247,-3664575.00,2738423.00,14685555.00,72572225.00,31292.8667,20458.4,41447.1429,27907,20426759.00,14023761.00,187627,263541,35458.3333,55666
2026-02-10,33717,12979,16157,14676,5836,6149,-799579.00,76698.00,24772070.00,12265464.00,30873.8667,20388.5,39787.2857,30486.8571,17496182.00,16619905.00,184317,258764,42258.6667,61129.3333
2026-02-09,36934,19239,13214,21001,9427,8339,-4669146.00,-572819.00,28256693.00,38768649.00,30141.7,19892.2667,38205.1429,30337.7143,31005835.00,27850948.00,181829,241761,43284.6667,59909
2026-02-06,96347,74157,39065,48535,29747,31513,-9000153.00,6882424.00,48573288.00,88523683.00,27467.3333,17724.6,27312.5714,21631.2857,66864554.00,49174527.00,197575,251230,26771.6667,35759.6667
2026-02-05,50107,33380,18009,28872,13467,16111,-2720509.00,-2710288.00,31124931.00,29932935.00,26455.7,16880.2667,26638.4286,20334.7143,26992795.00,26982574.00,181625,230648,18531.3333,24341.6667
2026-02-04,33273,22317,12023,15746,10949,9805,-3368214.00,-576465.00,26510062.00,37081536.00,26076.0667,16517.8333,24148.8571,18300,30022134.00,28378840.00,175479,218304,21438.3333,20616.6667
2026-02-03,23899,24618,8074,12451,13456,9063,-4166268.00,3691586.00,22396599.00,32188021.00,26342.6,16176.4667,24677.2857,16635.2857,28702461.00,20844607.00,163377,211275,19297.3333,21270
2026-02-02,15853,8659,6960,7390,3677,3738,137773.00,160682.00,13255981.00,11016526.00,26426.9333,16227.7333,24987,18658.5714,10909581.00,10886672.00,159272,204903,20815,22685.3333
2026-01-30,22098,31038,9338,10039,12703,16526,-1600639.00,-3361169.00,14117712.00,29317325.00,26043.9333,15329.6,26572.7143,17550.4286,19057275.00,20913905.00,166737,225675,18570.3333,30448.6667
2026-01-29,25859,18195,10758,11223,8666,8586,2524499.00,-3092491.00,18049229.00,50782919.00,25691.9333,15076.6333,25379,16582,28845409.00,38088307.00,169246,223151,15196.6667,27111
2026-01-28,20099,13212,8861,9257,5926,5504,1704946.00,1657750.00,14039609.00,12461986.00,26114.8333,15098.1667,30582.8571,20516,11725220.00,11772416.00,166237,218824,15114.3333,29610.6667
2026-01-27,45388,24304,18621,22820,11509,10240,-9045443.00,-938171.00,31309983.00,29442948.00,25753.6,14540.6667,33513.5714,21234.7143,31893940.00,23909168.00,157264,200173,14620.3333,20488.3333
2026-01-26,15846,8074,7640,6332,2999,3383,704501.00,-635100.00,9414686.00,4621791.00,25884.4,14525.8333,33005.1429,21558.2857,5523831.00,6863432.00,154035,192538,19689.3333,26272.3333
2026-01-23,27598,12965,12958,12401,5246,6071,-868444.00,-241229.00,12282846.00,6934065.00,25537.4333,14331.3,32905.4286,23132.5714,8972244.00,8345029.00,169355,215759,19173,22907.3333
2026-01-22,18021,22822,8388,8181,7031,8407,-393803.00,-2535789.00,8867821.00,28515087.00,25943.6667,13885.9667,32703.8571,22169.8571,13549782.00,17946932.00,163787,209891,25149,35742.3333
2026-01-21,33198,23281,10416,18705,11099,10450,-4274068.00,-661548.00,18631197.00,20317596.00,27594.7,13823.1,35195.4286,23011.8571,19204371.00,15591851.00,156977,202066,27167,46644
2026-01-20,17503,11416,6690,9669,5603,4783,-24910.00,-596628.00,11643145.00,11596585.00,27820.9667,13720.9333,35261.2857,22730,10572855.00,11144573.00,152210,194739,26808,44905.3333
2026-01-16,56526,40750,23642,22796,17714,19717,2090231.00,-1290864.00,73982062.00,18090475.00,26494.9,12615.2667,31524.8571,19018.2857,36794153.00,40934017.00,218100,263337,21219.6667,35030
2026-01-15,65903,29335,23634,36075,15738,11029,-9105029.00,5615398.00,54045134.00,23249638.00,25069.7,11983.6333,24964.7143,16360.7143,41022162.00,26301735.00,210605,247538,16802.3333,18599
2026-01-14,12287,10339,4282,7082,4907,4517,-2848817.00,1250243.00,21576593.00,6509110.00,26026.2333,12169.3667,25947.1429,16878.8571,15295106.00,11196046.00,209705,244937,23081,31383
2026-01-13,26900,23985,15364,9493,11426,10705,7782424.00,-1328239.00,35796640.00,9897883.00,26132.5333,11713.4667,28010.7143,15773.4286,16668090.00,25778753.00,202815,241324,18233.6667,28404.3333
2026-01-12,16610,16083,8856,6207,4935,4337,836361.00,168692.00,13602373.00,5276585.00,26741.8333,11750.2,28611,14617.7143,7839873.00,8507542.00,191908,235097,17795.3333,32991.3333
2026-01-09,50639,29175,19243,24624,13805,12558,-962427.00,1147531.00,30171309.00,15048835.00,26775.4333,11460.2,23980.4286,13559,21522603.00,19412645.00,198346,245468,11647.6667,22772.3333
2026-01-08,17964,9443,5982,9553,4416,4264,-3905917.00,180933.00,36039668.00,4440276.00,27314.8667,11491.7,25173.8571,13426.5714,25964866.00,11899156.00,195821,242530,13155.3333,23172.3333
2026-01-07,30371,14768,9000,8422,6058,6195,2212360.00,-389073.00,85343650.00,9315074.00,27131.5333,11646.0667,23856.1429,12871.4286,15648902.00,18250335.00,191075,241011,13648.3333,26830.3333
2026-01-06,19982,10732,10890,7301,3990,5470,3000303.00,-1118737.00,23447761.00,6468129.00,27331.3,12017.2333,23140,11960,11349492.00,15468532.00,187915,236106,12735.3333,27107
2026-01-05,19164,13966,9954,7617,5733,6482,948223.00,-1209524.00,22311079.00,13620293.00,27216.0333,11834.5333,22704.5714,11268.7143,14514124.00,16671871.00,181692,229232,15334.6667,26794
2026-01-02,41345,16247,21471,16951,5900,8108,2658218.00,-272104.00,28808449.00,5621313.00,26349.0667,11718.5,19620.7143,10097.7143,13729625.00,16659947.00,188590,238841,12757.6667,21785
2025-12-31,20812,7993,8259,11316,3668,3482,-872560.00,1949021.00,11525368.00,5146809.00,26253.1,11736.0667,19773.8571,10590.7143,9282398.00,6460817.00,185282,238019,13720.6667,21896.6667
2025-12-30,18225,21764,4988,7082,4493,5743,-837584.00,-872222.00,41449914.00,43160965.00,26483.3,11506.4,21726.7143,9535.4286,7441970.00,7476608.00,171344,230060,7916.6667,20811.3333
2025-12-29,26318,8516,12954,10918,2797,4563,2935053.00,-868051.00,16121761.00,3754376.00,26591.0333,11830.2667,20593.1429,9775.5714,7158340.00,10961444.00,168501,222194,8120.3333,17410.6667
2025-12-26,21147,10882,7741,10510,4202,5220,-556235.00,422357.00,9495950.00,5490191.00,26736.2,11918.9667,19087.5714,8805.8571,6408662.00,5430070.00,173985,237028,7176.3333,16947.6667
2025-12-24,14969,4352,5569,6767,1688,2032,-287035.00,-425767.00,4669628.00,3675735.00,26921.2,12144.0333,19134.7143,9699.2857,3676072.00,3814804.00,172534,234225,9540.3333,19252.6667
2025-12-23,16116,9127,6262,7794,4668,3527,-3414127.00,960772.00,17612195.00,6102708.00,27377.1,12398.5667,21516.1429,10375.1429,12139569.00,7764670.00,169115,231152,11290.3333,24512.3333
2025-12-22,19758,8050,9403,9266,3845,3350,-1665010.00,116560.00,10600108.00,3434234.00,28284.2333,13039.9667,23629.4286,10307.8571,7416895.00,5635325.00,165363,225709,12006,24054
2025-12-19,21884,11444,9571,10442,3887,6057,-446530.00,-471828.00,16250050.00,3495339.00,28412.9333,13385.5,23327.4286,9762.8571,8898180.00,8923478.00,197096,258574,9556,20295.3333
2025-12-18,31895,14377,13889,13851,6375,6605,129195.00,-143008.00,29892597.00,6179886.00,28345.0333,13384.5,21226.5714,8727.4286,16071997.00,16344200.00,195559,253999,8299,14763.3333
2025-12-17,18383,10197,8007,8887,4296,5077,-1138842.00,251090.00,20538726.00,6520777.00,29108.6333,14013.1333,22915.8571,8622.4286,14075752.00,11231320.00,193322,251795,9519.3333,19564.3333
2025-12-16,10608,4094,5006,4232,1744,1933,-998714.00,-137831.00,10274199.00,2040563.00,30382.4,15117.9333,33218.8571,11094,6064878.00,5203995.00,192493,249893,10681,27545.3333
2025-12-15,15299,10606,6635,7531,4670,4956,1171436.00,-439761.00,12226079.00,7707720.00,34708.5667,17832.8667,34503.4286,10771.8571,8153458.00,9764655.00,189585,246107,9688.6667,29035.6667
2025-12-12,32786,13858,18613,11654,6347,5318,2255003.00,347020.00,19554238.00,5732298.00,36097.6667,18868.9,32211.7143,9875,10516808.00,12424791.00,194452,267961,7445.6667,23836.6667
2025-12-11,34551,7579,10762,12878,2959,3785,-3466714.00,-411756.00,101345392.00,3704790.00,35510.3333,19035.4667,30582.5714,10276,13333570.00,10436052.00,193259,261363,8073.3333,22389
2025-12-10,19770,7629,7921,9779,2698,4199,-1254497.00,-172906.00,17185043.00,7870826.00,35545.8,19117.1333,33613,11459.1429,12363875.00,11282284.00,191274,260007,12662,43375.3333
2025-12-09,17189,7129,8789,7221,2994,3220,-17678.00,-354696.00,14433880.00,8646517.00,35674.6,19290.4333,35455.8571,11913.2857,10299084.00,10636102.00,189855,261152,13069.3333,45742.6667
2025-12-08,30208,9462,14361,14137,3806,4580,2772473.00,141464.00,20948749.00,4481754.00,36129.5333,19763.5,36124.5714,13016.5714,10548076.00,13179085.00,186291,251716,12442,41254.6667
2025-12-05,82729,21395,38508,36904,7838,11324,2703534.00,-1458502.00,55055516.00,9115482.00,34271.0667,19475.3667,31684.2857,12885.1429,27598231.00,31760267.00,196532,264696,8772.3333,21394
2025-12-04,24291,8351,9248,12112,3146,4197,-3654981.00,-226163.00,24261724.00,3837672.00,34332.6,19577.3667,33092.2857,13176.1429,15052781.00,11623963.00,194870,260910,11292.3333,26958
2025-12-03,16744,7580,7238,8486,3935,2987,-2183657.00,1229052.00,22561467.00,5276722.00,34626.1,19607.6,34253.2857,14864.5714,16382427.00,10501718.00,193770,264162,12201.6667,31406.3333
2025-12-02,23147,10386,10543,8720,3896,5346,2615637.00,-952980.00,27192274.00,5147654.00,35038.4333,19770.9333,34657.2857,16504.7143,12867192.00,16435809.00,190455,259754,14468,35320.3333
2025-12-01,40983,15911,21360,17204,6430,7724,4664060.00,-338932.00,42048281.00,7738249.00,34852.1,20462.2667,31046.2857,15443.8571,20717230.00,25720222.00,182625,252317,15989.3333,38875
2025-11-28,30089,10308,14151,13600,3557,5906,1471067.00,-568815.00,19509113.00,4389099.00,34603.1667,20779.8667,28938.7143,15795,9859588.00,11899470.00,191125,270971,16016,40227.6667
2025-11-26,34889,17185,11034,15041,8671,6878,-1256542.00,1767247.00,30445122.00,7892313.00,34202.7667,20530.2,26516.4286,14557.1429,15437171.00,12413382.00,187253,258947,16754,36888.3333
2025-11-25,51647,20475,25469,21597,8513,10449,3850835.00,-848941.00,39424865.00,8878374.00,33228.0667,20339.8,22728.4286,13757,19760515.00,24460291.00,182586,246181,17218,28331
2025-11-24,34147,10388,11994,10925,3622,5757,1964481.00,-621517.00,26231986.00,6627619.00,32852.5667,20323.7667,22071.7143,14877.5714,7461940.00,10047938.00,178139,230397,16583.6667,22184
2025-11-21,24871,19399,10297,12050,6937,10393,-1121956.00,-2159530.00,11659320.00,13565003.00,33410.6667,20708.4,22161.8571,14041,11245427.00,12283001.00,222158,291052,14372.6667,19005.6667
2025-11-20,25975,21867,11922,10698,6862,13468,-1562283.00,-9318980.00,12722897.00,45715697.00,34383.6333,20542.1667,21382.4286,12503.4286,12324864.00,41833611.00,223366,287520,9923.6667,16325
2025-11-19,15706,8485,6269,8539,3277,4461,1084046.00,-1135700.00,8001464.00,7777965.00,35308.4333,21137.8,23394.8571,13686,6424795.00,8644541.00,222034,282375,12053.3333,19466.6667
2025-11-18,15336,12766,6394,7221,5324,5506,781750.00,-911120.00,9285023.00,17319346.00,35485.3,21120.0667,27914.2857,15761.1429,9165611.00,10858481.00,218659,280380,13875.3333,24204.6667
2025-11-17,17933,8520,7674,8918,3700,3928,320145.00,416391.00,9457709.00,6931498.00,36148.2667,21382.6,29030.2857,17659.7143,7543827.00,7447581.00,217185,276303,15549.6667,26727.6667
2025-11-14,25131,14874,12333,10393,5347,8334,3318057.00,-845993.00,14526458.00,9613600.00,37683.8667,21966.6333,29705.5714,17584.4286,9410832.00,13574882.00,228023,293521,14293,25190.3333
2025-11-13,29550,18232,12376,14335,8700,7132,-2219074.00,-1661346.00,18273100.00,21278093.00,38571.2333,22627.1667,31382.8571,19130.7143,18665663.00,18107935.00,224294,290081,13803.3333,25271.3333
2025-11-12,25502,13543,12791,10990,6239,6077,4518865.00,114730.00,22822582.00,10102604.00,40809.1333,24651.4667,34714.1429,22515.7143,12297505.00,18979580.00,218325,285593,18386.3333,32428
2025-11-11,20519,11104,8616,10452,5722,3971,-5372301.00,1496431.00,21465195.00,6129657.00,41163.2667,24820.8,52509.1429,34080,16273904.00,9404172.00,218689,284671,21955,34170
2025-11-10,29793,16763,15647,12208,4988,7297,2677384.00,-1339695.00,33584620.00,8559035.00,40807.1333,24698.5,58890,38105.1429,17468896.00,21485975.00,214619,280212,21149.6667,34191.6667
2025-11-07,46972,27292,23336,17865,9672,14755,2551373.00,-3702000.00,23118769.00,18321802.00,40435.4,24419.6333,54598.4286,36002.8571,16013355.00,22266728.00,227588,307630,21737.6667,32298
2025-11-06,25745,21810,7991,15658,7722,12066,-3806454.00,-3680422.00,15696993.00,31049615.00,40723.8667,24624.1667,53896.8571,34327,18949747.00,23833355.00,230099,303072,26880.3333,39990
2025-11-05,29858,14347,14054,12536,4732,7219,489100.00,-550162.00,17580875.00,9994358.00,40787.5333,24652.1667,52639,34038.5714,12109857.00,13149119.00,226775,295978,52782.6667,78398.6667
2025-11-04,41291,29056,15337,22757,13959,11774,-5971020.00,1082596.00,28111650.00,21154399.00,41182.6,24800.1,53005.4286,33266.8571,26340448.00,19286832.00,221875,286940,58077,89454.6667
2025-11-03,48821,37238,18935,25462,17074,17753,-5481054.00,1641095.00,37626400.00,21096727.00,40389,24063.8667,49884.5714,29768.7143,30498307.00,23376158.00,209485,276506,49856.3333,78824.6667
2025-10-31,145084,92054,66653,65705,39994,43677,8081962.00,-2486111.00,122061240.00,45009179.00,38910.3,22589.0667,32892.1429,18248.2857,73092599.00,82633664.00,238594,315016,22531.3333,37408
2025-10-30,74459,44939,26670,37901,21854,18578,-14116005.00,1460029.00,77774763.00,39710755.00,38591.2,22623.5333,25905,13040.8571,61742626.00,43392092.00,218115,282687,11661,19606
2025-10-29,16931,12576,6396,8902,6875,4365,-2082410.00,2492136.00,19561940.00,11585311.00,40126.4667,23221.6,28560.1429,13428,16540661.00,11972955.00,211427,276500,15353.6667,28581
2025-10-28,20834,10079,4996,7019,4915,4138,-3834177.00,1029528.00,37585484.00,8115410.00,40013,23271,30640,17224,15042803.00,10179098.00,206474,272472,16244.3333,30628
2025-10-27,21053,12328,9728,9578,5234,5851,-2119760.00,636214.00,30637778.00,12834806.00,40668.2333,23448.9,30864,18296.5714,21444008.00,18688034.00,201224,266454,15938.6667,32322.6667
2025-10-24,43856,23654,22438,16968,11823,9867,5953402.00,-411126.00,41733121.00,14196848.00,40318.9,23432.6333,27867,16302.4286,21010181.00,27374709.00,206801,284729,10883,26220.3333
2025-10-23,26975,12751,9005,15196,4419,6816,-2366188.00,-3598312.00,14377330.00,10253808.00,40674.6333,23909.3,27214.2857,16589.8571,10884719.00,12116843.00,204802,279169,11728,29067.6667
2025-10-22,26137,11411,9788,14270,5969,4236,-2183068.00,1068537.00,15788170.00,11338666.00,42091.7333,25002.5333,26749.2857,16375,14024232.00,10772627.00,202818,278496,20141.3333,32153
2025-10-21,25549,8487,11870,11094,3558,4426,-1919144.00,-279160.00,15013858.00,6620723.00,41970.8,25126.6667,29044.2857,19582.2857,10954042.00,9314058.00,200032,267887,23924.3333,31177
2025-10-20,35517,15286,16503,16581,6355,6981,1911017.00,-729431.00,27428817.00,17052614.00,42058.1333,25559.7,31851,19810,16388995.00,19029443.00,197146,255666,22060.6667,26963.6667
2025-10-17,35393,36651,17873,13907,13860,19267,-3202313.00,1922717.00,24265657.00,27889809.00,42884.9333,25671.1333,33002,18339,25981637.00,20856607.00,231665,301807,14764.6667,22634.6667
2025-10-16,22621,19836,9390,11082,13099,5636,-2242364.00,10050529.00,12149815.00,34927415.00,43382.8333,26027.4,32719.2857,17253,35673032.00,9718539.00,234179,300693,11455,22721.6667
2025-10-15,22877,9695,9814,11145,3369,5734,29916.00,-3267800.00,17353365.00,11247370.00,44872.1667,26713.3667,34854.2857,18210.2857,11646015.00,14946299.00,232433,293827,18536,28967.3333
2025-10-14,22406,14763,8359,11088,7227,6204,-1126814.00,4603179.00,16355756.00,25506919.00,44731.8,26731.4,41824.7143,20729.1429,22092770.00,17472917.00,230882,286884,19241.6667,39886.6667
2025-10-13,22882,9907,11529,9836,4527,4691,-682921.00,1788527.00,31021199.00,13561439.00,44890.0667,27272.3667,46580.2857,24749.2857,21940545.00,20947487.00,229336,278111,24724,46742.6667
2025-10-10,41614,30938,15721,21934,14916,14173,-4495133.00,-76580.00,30714241.00,19050321.00,44922.5333,27350.6,53869.5714,30939.8571,25346873.00,20928320.00,243321,311027,18489.3333,39752
2025-10-09,55164,16880,27361,23637,7674,7512,4991276.00,-179918.00,40706923.00,10520122.00,44406.1,27786.6333,50438,30840.4286,20077237.00,28683431.00,241669,303589,18328,33971.3333
2025-10-08,43450,26354,17418,21757,11190,13036,-3348086.00,-1240571.00,35602417.00,26076204.00,43451.0667,27184.3333,46960.7143,28946.1429,29637352.00,27529837.00,236037,295940,20341.6667,43221
2025-10-07,20642,12234,9056,10118,5500,5738,453901.00,-327012.00,15763919.00,17967882.00,43546.8333,27306.1333,49129,29902.1429,15353460.00,16134373.00,233522,291218,28946.3333,55064
2025-10-06,37822,16396,18377,16267,8108,6729,-753078.00,788866.00,32157227.00,14361415.00,43913.7,28147.9667,48640,31552.1429,22198967.00,20657023.00,228964,281063,48238.3333,73336.3333
2025-10-03,71199,32395,30593,34141,12784,16803,-436915.00,-1690922.00,42290834.00,20523357.00,42415.3333,27766.8333,43007,29093.8571,27808414.00,29062421.00,245918,311947,42834.6667,59984.3333
2025-10-02,56171,38048,24808,26096,17188,18023,-5690203.00,5969113.00,38062071.00,63423451.00,43093.8333,29022.8,42574.4286,28443.2857,50428581.00,44596605.00,246351,301006,34516.6667,47630.3333
2025-10-01,92639,74272,38168,45672,36683,32069,-10263018.00,-1762503.00,82462621.00,102273982.00,41746.4333,28693.9333,32913.5714,19997.4286,89445371.00,82172406.00,225240,270708,16068,28690.6667
2025-09-30,31143,16184,12677,16031,9092,5693,-3822404.00,3692554.00,28279362.00,16457293.00,42039.1,30493.4667,42853.5714,24515.4286,24195944.00,16680986.00,221257,261642,19988.6667,29776
2025-09-29,19109,13094,7527,9887,4348,7661,-2214063.00,63015.00,19728127.00,6720004.00,43477.7667,31736.1667,49393.1429,29212.4286,13355087.00,11078009.00,218375,255986,20686.3333,33995.6667
2025-09-26,35820,18926,17035,15641,7143,9985,225182.00,-1480249.00,17816084.00,11369981.00,44493.6667,32952.6667,53274.4286,30868.4286,12718916.00,14424347.00,235455,283254,25542.3333,39770
2025-09-25,34399,27946,14412,17553,13733,12125,-2790898.00,987463.00,39347948.00,46001596.00,45177.0667,33723,50850.2857,28527.7143,43109507.00,35837496.00,232537,279628,21277.3333,36641.3333
2025-09-24,31768,15187,15006,15197,6789,7527,1224030.00,-2477200.00,29139252.00,16445135.00,45134.9,34220.7,52127.7143,28881.7143,19325329.00,24276559.00,230308,274465,32151.6667,59626.3333
2025-09-23,53143,33494,18353,30590,15186,14628,-8598854.00,1012240.00,59283976.00,32106026.00,44671,33936.7667,49303.8571,27406.2857,48211754.00,38600660.00,220038,261924,36311.3333,63540.6667
2025-09-22,25013,15151,9919,13003,7881,5842,-3732197.00,2812343.00,34419015.00,12931899.00,46055.1,34865.0333,51108.7143,29106.2857,25279096.00,18734556.00,215724,256200,41433.6667,76199.3333
2025-09-19,100723,47810,45244,49903,19577,25106,-6774065.00,-1372605.00,82196287.00,30932809.00,44013.2,34527.4,46526.8571,28591.7143,56294085.00,50892625.00,249112,291713,29350.6667,48435
2025-09-18,64886,45973,34247,23931,20419,22533,9195359.00,-429118.00,138601811.00,29673940.00,43732.0333,34343.3667,40389,23768.5714,62590425.00,89345488.00,235229,285032,19914.6667,40376.3333
2025-09-17,62989,30518,28357,31139,14513,13398,-2045836.00,-196957.00,61843957.00,24252185.00,43622.2667,34594.0667,36838.7143,23448.4286,41585372.00,39736493.00,227929,273464,17464,30505.3333
2025-09-16,17430,11561,8669,7375,5033,5628,5086230.00,-150104.00,38112011.00,6528668.00,46653.0333,35908.4,42948.2857,27510.2857,17551708.00,23977042.00,224912,270418,22627.3333,37244.3333
2025-09-15,40710,17665,15628,21277,7265,8505,-1737477.00,-1428175.00,53605560.00,11893798.00,53017.3333,39929.9,42498,29347.2857,28202819.00,27893517.00,220536,255220,31475,46557.6667
2025-09-12,33376,23166,14428,17025,11118,10506,1944542.00,-311813.00,32683281.00,13537048.00,56382.8667,41475.7333,47381,30362.7143,20358797.00,23416402.00,238721,280599,27823.3333,42739.3333
2025-09-11,37647,27051,16674,18153,10835,13816,1320765.00,-2918747.00,81145521.00,17972258.00,56088.5333,41026.7,44602.1429,28684.5714,44609012.00,49224724.00,231915,275144,28232,42902.6667
2025-09-10,68650,44208,30761,34053,17942,23613,6362631.00,-2072744.00,99392346.00,29433924.00,54694.3,40142.1667,38742.1429,26102.8571,58108629.00,64963004.00,220952,262565,26827.3333,40085
2025-09-09,21921,12211,10122,10398,5950,5446,-1105805.00,136116.00,29962151.00,5924613.00,54589.0667,40397.9667,41694.5714,29113.4286,17757303.00,15127382.00,216151,259077,32931.6667,45297.3333
2025-09-08,38137,28277,16758,19130,11854,14071,-7256207.00,-719629.00,59987098.00,12522956.00,54700.5333,40398.0333,41913.7143,29354,37184835.00,30648257.00,209792,253522,33597.3333,55104
2025-09-05,60197,39994,28037,26774,16754,20105,223661.00,-1932889.00,48224701.00,13900914.00,54414.2667,39705.0333,35428.2857,24824.1429,28116894.00,30273444.00,221919,270485,25367.3333,41103.3333
2025-09-04,37558,30524,20552,14804,10471,17170,5213817.00,-2025745.00,30815817.00,10599486.00,54290.6667,39063.6667,33422.1429,22733.2857,15569723.00,23596930.00,215728,266571,23904.6667,37794
2025-09-03,67557,30274,36160,27828,12872,12734,4913336.00,-1202452.00,63778658.00,16952936.00,53621.4333,38768.3,30746.5714,24358.5714,33588239.00,41511311.00,211533,253258,24908.3333,29471
2025-09-02,18195,15304,9144,6920,6683,6561,3268009.00,-520925.00,34493041.00,13514765.00,54509.7333,38853.3667,31897,25166.7143,20510424.00,24519358.00,208305,249289,29794,36629.6667
2025-08-29,27630,26136,12904,12868,12106,12100,2342281.00,2070501.00,32721776.00,14705295.00,55493.4333,38886.8667,38882.1429,32251.1429,22622347.00,23197877.00,232241,279711,23843.6667,32352.6667
2025-08-28,42588,33285,21398,17879,11566,19452,2410798.00,-3712340.00,39031394.00,12172831.00,55191.2333,38578.9333,40257.7143,36697,21458759.00,27581897.00,224723,272906,18044.6667,25995
2025-08-27,39671,29961,17142,20334,15608,12703,569448.00,2348191.00,34959580.00,15504729.00,55145.6667,38033.0667,40293.7143,42441.1429,24230507.00,23787999.00,217662,264866,21941.3333,29047.3333
2025-08-26,14799,8285,6107,7250,3217,4430,-435104.00,-163317.00,11080310.00,3661766.00,55494.5,38103.0667,47075.1429,48454,7059133.00,6787346.00,215818,261197,26166.6667,32863.6667
2025-08-25,23515,15888,12067,9845,7154,7240,3537995.00,496094.00,20135098.00,7966341.00,55973,37973.0667,53186.8571,54101.5714,11733216.00,14775117.00,212024,253817,46113,50534
2025-08-22,48828,41651,23423,22010,18497,20062,-750724.00,-1254121.00,36150144.00,18499287.00,55300.4,37151.9667,54054.4286,55445.1429,25495904.00,25999301.00,235374,281839,53698,51663.6667
2025-08-21,26248,20961,9636,13582,9504,9952,-160005.00,4336900.00,16513838.00,18005541.00,55441.5667,36960.4,54662.2857,56753.2857,18596161.00,14099256.00,233774,276348,70101,56222
2025-08-20,76526,75727,38625,32359,37943,31063,-5778778.00,8540503.00,70022458.00,56973775.00,54209.8333,34928.1,49333.7143,49503.1429,65404584.00,50241951.00,228688,253732,61650.3333,51469.6667
2025-08-19,52217,64406,22113,24214,30233,29496,-682817.00,-930453.00,85763702.00,35297040.00,53794.2,33453.2333,51379.2857,46445,55832348.00,56288734.00,231439,243839,58655.3333,56163
2025-08-18,39923,70170,15615,22488,34817,30275,-1289457.00,1764582.00,64263193.00,27053812.00,53328.1,31539.2,51314,41803.7143,45506626.00,42452587.00,207050,234145,52284,61155.6667
2025-08-15,62269,50375,33615,22688,16564,30711,7786867.00,-2459384.00,138152457.00,30773327.00,52056.6,30317.0667,50482.8571,40386.1429,34129692.00,122375943.00,262378,305480,45531.6667,50567
2025-08-14,66297,55421,30480,32610,22312,26485,17612705.00,-3109103.00,111898861.00,29412836.00,52877.1667,30122.3,49539.8571,37903,57708294.00,75897630.00,248296,294196,35383.3333,41543.3333
2025-08-13,54901,51056,27625,24085,19450,23531,20318024.00,-2716777.00,102861474.00,30869949.00,52076,28961.9,57175.8571,37893.7143,50183086.00,73217887.00,228660,280961,32697.6667,45421.6667
2025-08-12,30503,30118,12882,14801,10970,15751,-5817911.00,-3667925.00,49925273.00,16934462.00,53319.4333,28801.5333,85909.5714,53349.7143,32410715.00,30260729.00,219705,275876,35218.6667,48409.3333
2025-08-11,39226,24976,19257,17178,10268,12341,4130007.00,-1572807.00,70817441.00,15311382.00,53198.1333,28441.3667,99497.5714,59716.1429,38015869.00,43718683.00,211561,268435,40377.3333,54151
2025-08-08,66536,42999,33205,29111,19580,20524,4112900.00,-3194286.00,54394460.00,14083912.00,52227.9667,27397.3,94109.1429,55513.4286,28353060.00,35769346.00,235087,295457,38724,51871
2025-08-07,39466,37681,15820,20500,18173,16904,257606.00,934930.00,40868347.00,17446489.00,53848.5,28043.8333,92303,52655,27882084.00,27204760.00,221808,293122,43160.6667,74833.3333
2025-08-06,56451,40452,27956,25228,14116,23780,7249263.00,-2488703.00,64324291.00,27434334.00,53152.7667,27238.6333,86919.1429,49716.8571,42324992.00,45853458.00,209091,286778,75780,133229.3333
2025-08-05,59696,38039,32449,24344,16057,19946,6258479.00,-1155898.00,63618708.00,17013909.00,52384.2333,26728.6333,84317,48322.5714,33693814.00,43510211.00,205986,284793,86280.6667,158111.3333
2025-08-04,108353,50991,48762,52879,21185,24472,-752126.00,-2408716.00,109934701.00,25005922.00,50811.6667,26069.9,76210.7143,43781.5714,61817315.00,63032817.00,189468,273183,73810.3333,131599.3333
2025-08-01,231639,138310,114508,105199,63974,66218,25018421.00,-2271744.00,253796545.00,42652792.00,45874.1667,22710.3667,47955.1429,25634.8571,127364531.00,153652566.00,224619,334747,33597.6667,63327.3333
2025-07-31,134342,69541,62798,57407,26051,32689,10299322.00,-181743.00,103783161.00,30790918.00,46700.5667,22279.9,35546.2857,18759.4286,54772336.00,67722207.00,195123,281292,17045.6667,24801.3333
2025-07-30,28817,13580,12064,12924,5126,6479,1739476.00,-495470.00,21776703.00,7705515.00,47909.6333,22493.7,37835.8571,19370.2857,12019133.00,14254079.00,187384,265676,21945.3333,29022.6667
2025-07-29,26823,17672,10390,13924,9319,7073,-987338.00,2678992.00,21704948.00,9686664.00,48023.2333,22629.2,42167,20723,16513715.00,12847385.00,180594,256829,22456,37284.6667
2025-07-28,18764,19885,7684,9472,11283,6964,-1112813.00,1174825.00,17398679.00,7618184.00,48063.8333,22281.0667,44275.2857,21317.5714,12825147.00,10537509.00,170703,250888,19588.6667,42313.3333
2025-07-25,41481,28279,18747,19721,13737,12154,-221893.00,-174245.00,24150179.00,9578916.00,47583.7,21894.6333,43821.4286,19218.4286,15767915.00,15720267.00,183615,275623,17300,44313
2025-07-24,51609,19204,20915,26420,7703,9377,-3684205.00,-522236.00,42035520.00,21157961.00,46393.1333,21493.5667,40057.8571,17958.5714,30712098.00,27550129.00,175477,266537,16850.6667,42058
2025-07-23,33850,11283,15252,16707,5154,5320,-863141.00,-157362.00,22355809.00,7370130.00,46094.7333,21712.6667,40632.1429,18059.2857,14334138.00,13628359.00,170159,259588,22136.6667,49821.6667
2025-07-22,47480,21413,16031,15881,9462,10922,1968823.00,-4356887.00,38954127.00,18068670.00,46158.9,21750.8667,37942.1429,17431.4286,18508943.00,24746917.00,159234,244911,23014.6667,45169
2025-07-21,44844,17856,18920,21385,6526,8592,1301201.00,-3876649.00,40736018.00,17857051.00,45730.0667,21695.8667,35890.5714,17054,22951792.00,28129642.00,148243,228273,21591,42989
2025-07-18,57141,27141,26103,22408,9084,15804,2046408.00,-3393267.00,37412727.00,19663524.00,46240.2667,21460.4667,33381,15285,21900501.00,27340176.00,178126,273352,16005.6667,32363.3333
2025-07-17,33522,24047,17445,14124,13710,8394,-1806224.00,1523501.00,22632265.00,23668597.00,45848.7,21036.7333,34270.4286,14729.7143,22989708.00,20170889.00,172801,268043,11986,33812.6667
2025-07-16,38304,13585,16710,18145,5925,6870,-2146474.00,-1172736.00,16233211.00,7373839.00,45259.8,21005.2667,32504.1429,14610.2857,11749943.00,10776205.00,168266,261551,13130.3333,30594.6667
2025-07-15,25264,10385,11089,11910,4871,4817,2611153.00,441298.00,15159911.00,4178221.00,45811.6333,21416.3667,32341.2857,15085.4286,7974971.00,10144826.00,164381,257523,14740,32334.3333
2025-07-14,37870,11988,17005,17520,5045,5710,-1655874.00,920935.00,17870567.00,10114244.00,46959.8333,21800.5667,39919,20455.4286,14404209.00,11827400.00,160138,251967,15663.3333,32902.3333
2025-07-11,28650,17018,14700,12029,5710,9784,-568285.00,-163836.00,14487832.00,5336322.00,46914.5667,21700.6,40235.5714,20344.8571,9531567.00,9127118.00,175531,277711,16710.6667,36601.6667
2025-07-10,30483,15214,12128,15279,11246,3160,-3113813.00,3190907.00,12520291.00,6079936.00,47830.1667,21858.1,45567.4286,21786.7143,11837495.00,5532775.00,174487,274861,15889,35087.3333
2025-07-09,39574,14758,14683,19035,6290,7499,-4310317.00,145530.00,25979124.00,7737928.00,48012.4,22437.8,44997.8571,21702.8571,16511007.00,12055160.00,168318,262461,15540,29937.3333
2025-07-08,39748,20160,13487,24045,10219,5443,-5145193.00,1068010.00,28022557.00,7214313.00,48405.4667,23103.6333,44666.8571,20491,19550850.00,13337647.00,160521,249033,25346,46992.6667
2025-07-07,25940,12749,9684,14552,6353,4921,-4194630.00,964323.00,27331005.00,5619652.00,50298.8333,25076.6333,53544.2857,26823.5714,18260437.00,13101484.00,154674,243195,26511,48634.6667
2025-07-03,24124,13711,8953,13205,5318,6926,-4401884.00,-227784.00,17383556.00,3994413.00,50633.2,25966.8333,55180.7143,27192.8571,12185521.00,8025415.00,172008,264400,30376.3333,63195.3333
2025-07-02,90914,49578,42565,41749,18610,25127,3341350.00,109479.00,78709244.00,15869832.00,49550.4,26043.8,47427.2857,23358.7143,41692920.00,45506121.00,163668,254476,18574,44753
2025-07-01,30866,16244,13055,15954,7348,7692,-925927.00,30850.00,30199569.00,9014253.00,50809.2,26089.4667,51757.2857,25499.4286,19135799.00,18179022.00,159804,249299,17051.6667,46941.3333
2025-06-30,67806,25307,31336,30725,10195,12080,567725.00,-1131861.00,48807222.00,9151730.00,51599.3333,26549.4333,54001.2857,27244.7143,26399372.00,28098958.00,152441,236443,27641.6667,53700
2025-06-27,35587,14171,17603,16068,5579,7447,-89368.00,-791171.00,15875607.00,5385809.00,56553.4667,27757.5,71650.8571,33309.8571,9749015.00,10450818.00,171362,267861,28350,53697.3333
2025-06-26,37431,11677,17439,17242,5201,5541,2625201.00,360665.00,29197365.00,4596275.00,56713.2333,27703.9667,75602,34498,13876929.00,18154325.00,169410,260712,32037.3333,53433.6667
2025-06-25,88082,57077,25980,58921,10412,44770,-1649716.00,-1003699.00,144009859.00,103960340.00,54616.1,26268,67337.5714,29449.4286,128736181.00,116190164.00,176907,268226,23421.3333,44465
2025-06-24,35579,16296,19094,13821,7042,8068,3194867.00,-234680.00,21796065.00,6558271.00,54486.4,26187.8667,65109.4286,28470.1429,11683942.00,15113489.00,170625,265296,30497.3333,60443.3333
2025-06-23,36640,22739,16082,17783,7929,13042,-4367825.00,701350.00,21504788.00,6462989.00,54351.7333,25831.4,63743.2857,27605.4286,15541844.00,10472669.00,162200,256034,41793.3333,101274.6667
2025-06-20,61176,31229,26339,30030,14398,14488,837289.00,1268844.00,44819829.00,8356819.00,53671.0333,25509.9,57274.1429,24168.7143,25070910.00,24639355.00,198629,308219,38048.3333,102579
2025-06-18,83514,37524,40144,37039,15995,18535,2147902.00,-961053.00,49602803.00,12254478.00,52348.6,24846.0667,48900.4286,21359,27438377.00,30547332.00,193326,299302,32786,84818
2025-06-17,159134,56627,77619,72436,25008,25303,11062901.00,1483130.00,126638284.00,24623294.00,48840.7333,23499.6333,33224.8571,16492.1429,66019671.00,75058642.00,179452,275200,17057.3333,38434
2025-06-16,65089,19994,30535,29374,7080,11545,5346547.00,-624029.00,35322314.00,5845750.00,52061.3,25661.5,28494.8571,15951,15650374.00,22657150.00,174652,255621,15954.6667,25763.3333
2025-06-13,30231,21737,16053,12046,8979,11303,-445872.00,-49872.00,13824065.00,4850792.00,53469.2333,25995.0667,34525.7143,15714.1429,8921608.00,8525608.00,201517,272889,11099.6667,20983.6667
2025-06-12,19982,9441,8404,10175,4016,4557,-620314.00,384831.00,11384177.00,3070721.00,53430.9333,26191.9,34781.8571,15984.7143,7346846.00,6341701.00,200464,271123,13904.6667,22622.3333
2025-06-11,27077,16686,12928,11423,8245,7352,894756.00,242243.00,15259863.00,4503210.00,53080.8333,25915.1333,33861.8571,15406.8571,8124758.00,8777271.00,197242,265409,15862.3333,30065
2025-06-10,15892,7172,6703,8115,3217,3287,-192402.00,66182.00,11008953.00,3560805.00,54211,26638.5,37565.7143,17627.7143,6978423.00,6719839.00,195692,261426,18873.6667,35427.3333
2025-06-09,24898,17856,10719,12838,7465,7516,-489886.00,1051098.00,17056930.00,7964850.00,54572.2,26519.1,44339.7143,18436,12128267.00,10587283.00,188362,255238,19614.6667,51277
2025-06-06,49405,22559,22505,22106,7451,11819,1099898.00,-871642.00,26201958.00,5334809.00,53613.2333,26381.5,41180.7143,17216,12379215.00,14350755.00,206715,270395,15873.3333,42067
2025-06-05,31979,16206,12583,16979,8139,6794,-1639330.00,3049195.00,18024398.00,6396170.00,53108.8333,26238.2,44891,17749.2857,13675061.00,8986536.00,203539,269434,14685,38286.3333
2025-06-04,72447,20079,35880,28370,9398,9178,3394421.00,558778.00,42764830.00,7822559.00,51300.7333,25853.3,40975.8571,19473.5714,19340141.00,22175784.00,197862,262697,15564.6667,28077
2025-06-03,21775,11335,9347,10656,5153,5110,-135662.00,704904.00,12345988.00,3790090.00,50840.8667,25624.3667,45228,23587.8571,7798073.00,6954255.00,196135,259881,19624.3333,44924
2025-06-02,20637,12641,8956,10141,4923,6818,-581051.00,-259680.00,13426137.00,3848672.00,50487,25620.6,54100,32059,8208991.00,7887620.00,191515,257411,20083.6667,47142.3333
2025-05-30,41819,22718,20382,18187,10447,10811,2248051.00,-516796.00,19428581.00,5439673.00,49488.8,25223.2,53005.1429,34587.4286,10297364.00,13062211.00,210952,287274,19157.3333,52519.6667
2025-05-29,72316,23514,38738,29572,10158,11074,3312030.00,34471.00,39505507.00,8730977.00,47487.6,24714.3667,51021.4286,38640.7143,20940940.00,24218499.00,206121,285192,22035.6667,43428
2025-05-28,27292,14019,12604,12921,7178,5460,914276.00,410610.00,12606234.00,3888536.00,47121.0333,24544.6,56926.8571,39154.2857,7469460.00,7973126.00,202316,281935,30741,51510.6667
2025-05-27,57951,19939,30371,24029,10476,8014,3247884.00,-166837.00,21645915.00,6547971.00,45723.0667,24273.1,61721,41892.4286,11525047.00,14939768.00,194932,264110,48074.3333,59774
2025-05-23,45041,32149,23044,19405,16104,13712,1994214.00,1288600.00,12570542.00,8369850.00,44901.6,23633.2667,81602.4286,44501.5714,9416352.00,10121966.00,219377,309603,50830.3333,56145.3333
2025-05-22,51540,40135,24053,23537,16769,18180,-582948.00,3055057.00,15089567.00,30200824.00,44222.9333,22889.6,80271.5714,40206.7143,22171975.00,18533970.00,230234,304323,54747.6667,58442
2025-05-21,82741,71939,33235,43077,36998,28508,-2034771.00,2387300.00,31642843.00,33973334.00,42447.1,20844.0333,72046.8571,31929.4286,32304378.00,27882307.00,210370,280799,36639.3333,53738.3333
2025-05-20,34155,40417,13472,18576,17986,15023,-621992.00,351131.00,12009305.00,13181461.00,42061.1,19980.1,71694.4286,28140.1429,11556736.00,10583613.00,190316,272934,36202.3333,72856.6667
2025-05-19,58430,51887,23530,29590,23305,23808,140833.00,62401.00,24005730.00,19152404.00,41047.0667,19467.1,68004.4286,22448.4286,19895754.00,19974186.00,161041,257036,35711,114783.6667
2025-05-16,68630,17614,27103,37211,7791,8384,-3742841.00,232974.00,25125316.00,5585643.00,39731.2667,20245.7667,64022.2857,23015.5714,16232629.00,12256814.00,187340,320365,33196.6667,105981.6667
2025-05-15,91510,39106,37958,48837,21902,13947,-5035178.00,4668823.00,42031837.00,18040421.00,37238.0667,19184.4333,57212.4286,19944.5714,33470327.00,23766326.00,182161,301386,24827.3333,83867.6667
2025-05-14,184211,50413,91786,83081,24519,22328,7894034.00,3495657.00,106147183.00,29632883.00,31747.1667,17942.3667,38596.2857,15061.8571,62157910.00,66556287.00,164819,253641,12653.6667,33026.6667
2025-05-13,42224,10071,18332,20155,4615,4883,-337147.00,-514086.00,24612604.00,4453437.00,31021.4333,18633.5667,55665.1429,25744.5714,11827551.00,12004490.00,163259,243544,13311.6667,29818.6667
2025-05-12,25168,13998,11483,11909,6705,6197,-1204415.00,-6554.00,14927999.00,5885833.00,31083.6667,19715.4667,62422.4286,28279.7143,10157428.00,8959567.00,157986,237343,15840.3333,35014.3333
2025-05-09,31688,13892,14219,15232,6912,6258,-1559330.00,-165619.00,15883006.00,7587429.00,30994.7667,20216.0333,60586,28487.4286,11545981.00,10152270.00,171202,268270,17079.3333,39065.3333
2025-05-08,32600,12045,14985,15692,6601,4893,-1517474.00,1477152.00,20838508.00,5669390.00,30689,20140.2333,58296.5714,27964.2857,14039030.00,11044404.00,168952,263169,18475.6667,46164.6667
2025-05-07,40755,21584,16381,21607,12297,8083,-1630673.00,3552222.00,22227790.00,15225257.00,29906.2,19835.6,59588.2857,29005.5714,20104061.00,14921166.00,164496,257728,39564.3333,86481.6667
2025-05-06,43841,17609,15186,24396,9332,6851,-3931509.00,723085.00,27876770.00,12009919.00,29644.0333,19807.4667,58430.1429,28529.1429,19843200.00,15188606.00,159541,252401,44276,96024.3333
2025-05-05,53898,16234,23462,24271,7512,7650,-2406174.00,1730780.00,39096267.00,9513971.00,29159.4,20042.1667,53678.4286,28843,22953533.00,18816579.00,155787,240845,43980,84336
2025-05-02,161706,84850,63753,86647,36681,41478,-10356731.00,2089455.00,69678607.00,23746286.00,24649.2,18355.0667,32984.2857,18422.5714,49605131.00,37158945.00,170832,260640,18491,35958.6667
2025-05-01,72469,31744,29640,33855,13932,14535,-1427103.00,-1546127.00,45689574.00,14350484.00,23367.4,18161.1667,25232.1429,15106.5714,26484498.00,26603522.00,154657,228042,17534,28401.3333
2025-04-30,18833,15346,7341,9714,8677,5747,-2156633.00,2418503.00,16020517.00,10648209.00,24376.8333,19039.3333,23681.5714,13552.4286,14594455.00,10019319.00,147324,222404,17176.6667,34035
2025-04-29,16574,8383,7404,7651,3168,2523,-2565908.00,-106571.00,20906498.00,4702274.00,26250.8,19859.5667,22745.4286,14144.5714,12435981.00,9976644.00,143880,218477,20526,35389
2025-04-28,49797,28873,12976,14365,3475,4257,-1066961.00,-2059921.00,80008495.00,80533524.00,25674.9667,19710.5333,17327.7143,11562.1429,19161547.00,20154507.00,160670,224113,14870.6667,24405.6667
2025-04-25,35734,14274,16975,16016,7104,6179,1624454.00,-177477.00,29811257.00,6843698.00,25291.5,20351.9667,13977.1429,10701.4286,16091669.00,17893600.00,169764,234498,12956.6667,18562.3333
2025-04-24,20636,18431,8895,10181,7249,10291,-962660.00,-351308.00,16844741.00,6770051.00,25946.6333,20638.7333,13357,9343.5714,11168557.00,10557205.00,158296,228428,8302,14343.3333
2025-04-23,16847,11907,8842,7065,4033,6961,714397.00,-2861737.00,13004753.00,5982527.00,26772.0667,21391.7333,13237.7143,9327.4286,7165513.00,10741647.00,155239,225646,8509,12068
2025-04-22,18204,8532,9611,7312,2903,4796,200679.00,-1428380.00,8914973.00,5159777.00,28274.6333,23078.5667,13551,9959.1429,5640047.00,7269106.00,153279,218427,9263.6667,9957.6667
2025-04-21,7979,4467,3133,3860,2266,1657,-463661.00,34890.00,4061866.00,3747419.00,29661,24453.3,16865.4286,11867.4286,3835179.00,3336628.00,151454,215143,10524.3333,11391.3333
2025-04-17,10021,12528,4140,5181,5107,5861,-435204.00,336200.00,2866363.00,5158180.00,29977.1667,24657.7667,19643.2857,11588,3932090.00,3160686.00,176738,263640,9323.6667,13482.6667
2025-04-16,11873,10796,5402,5281,4940,4644,-397006.00,944055.00,4394203.00,18391385.00,30211.6333,24666.5,21172.1429,12117,9534156.00,8193095.00,177446,260662,9656.3333,14862.3333
2025-04-15,12280,8249,4805,6651,3662,3636,-905223.00,-152735.00,6163072.00,6693300.00,30727.4,25123.0333,23419.1429,16152.4286,6318041.00,5565553.00,176431,255822,11224.6667,17568
2025-04-14,16295,8926,7361,6573,4099,3806,-73122.00,-885847.00,6891944.00,7330611.00,31048.9333,25355.2333,25256.4286,20730.7143,6197813.00,7010538.00,173790,251063,14191,22529.6667
2025-04-11,16012,11794,6556,8284,4742,6017,-102451.00,401943.00,6141647.00,5533721.00,31138.4,25407.9,25356.7143,20083.8571,5815817.00,5311423.00,183280,261787,13783.6667,27014.3333
2025-04-10,20397,12954,9305,9726,6262,5613,-563577.00,-384781.00,9224995.00,10874621.00,31155.1,25561.1667,25226.2857,20112,8010488.00,7831692.00,180564,258505,14298.6667,27740.3333
2025-04-09,31180,17825,16529,12126,7315,8078,2866468.00,-1262604.00,21370260.00,12723877.00,31039.9,25518.1333,23693.7143,21966.5714,13753547.00,17882619.00,176153,253215,20522.6667,26683.3333
2025-04-08,29466,10572,10064,18251,5610,4387,-2088979.00,282285.00,12091397.00,7361434.00,31047.866666666667,25723.133333333333,23346.428571428571,27092.714285714286,10549348.00,8178084.00,174840,251234,30656.666666666667,26580.000000000000
2025-04-07,22575,14499,12102,9465,6997,6673,-800165.00,3776209.00,14061255.00,24048478.00,31425.833333333333,26020.400000000000,24267.285714285714,29151.285714285714,19354940.00,14778566.00,172477,244604,28245.666666666667,24626.333333333333
2025-04-04,28009,36497,11715,14706,14347,19143,-2108850.00,-3285161.00,17114877.00,48474020.00,32395.066666666667,26591.933333333333,23612.714285714286,25333.285714285714,26234281.00,27410592.00,188903,258725,20463.666666666667,21784.666666666667
2025-04-03,29156,40974,11354,15904,18073,15251,-1927394.00,-1731837.00,13141663.00,67727809.00,33494.233333333333,26709.033333333333,21914.857142857143,21257.714285714286,17865455.00,17669898.00,188433,252614,17074.666666666667,18883.333333333333
2025-04-02,16714,7266,8674,7229,3197,3392,856176.00,-120654.00,8267076.00,4157930.00,33953.766666666667,26950.566666666667,24666.571428571429,22614.714285714286,5445290.00,6422120.00,188652,248617,30137.666666666667,22323.666666666667
2025-04-01,19484,13151,10122,7744,5010,6623,226307.00,-224335.00,8603171.00,5915543.00,34963.266666666667,27584.033333333333,27505.857142857143,24061.000000000000,6356904.00,6807546.00,185408,243262,35390.333333333333,25502.666666666667
2025-03-31,20452,30807,8746,10453,14048,13989,-1103409.00,758262.00,9024987.00,16617377.00,36478.200000000000,28067.233333333333,28355.571428571429,24551.000000000000,12365956.00,10504285.00,180986,236851,28378.333333333333,26494.333333333333
2025-03-28,27035,46455,10722,13768,22090,19891,-919480.00,1612656.00,9202837.00,19619505.00,40206.033333333333,30190.033333333333,29352.714285714286,21618.428571428571,13831415.00,11299279.00,190105,258072,17041.666666666667,23239.666666666667
2025-03-27,29021,28909,12203,14974,14028,11907,-593672.00,1025525.00,13313766.00,25022283.00,41395.766666666667,30792.700000000000,32223.428571428571,23444.428571428571,16215532.00,14737455.00,184369,251884,12993.6666666666666667,25558.000000000000
2025-03-26,23427,9771,9831,11704,4453,4262,-1736562.00,-262516.00,13074077.00,5021227.00,41348.233333333333,31063.666666666667,39275.714285714286,26761.428571428571,9213384.00,7739338.00,182646,247443,17495.000000000000,30868.666666666667
2025-03-25,17271,12445,7624,8764,7392,4097,-281712.00,1415003.00,12461951.00,4848210.00,41305.166666666667,31290.200000000000,41454.428571428571,28469.571428571429,9169037.00,7472322.00,179480,243101,24759.000000000000,33911.666666666667
2025-03-24,35976,16765,18010,15241,6538,7646,1896004.00,-322307.00,20969245.00,6856562.00,41019.666666666667,31474.233333333333,39776.428571428571,30862.714285714286,11866727.00,14085038.00,176241,234528,27813.000000000000,33258.000000000000
2025-03-21,39359,23275,18940,17139,9519,12149,-1707301.00,1548585.00,18478780.00,10804233.00,40613.466666666667,31253.100000000000,39909.428571428571,31399.714285714286,15477587.00,12221701.00,197953,279441,33951.666666666667,36510.333333333333
2025-03-20,26400,34237,10421,14401,16972,13243,-2987801.00,10752251.00,12858326.00,59544770.00,40294.166666666667,30783.866666666667,42082.285714285714,31436.857142857143,35892046.00,20938644.00,200601,271950,33536.000000000000,51974.666666666667
2025-03-19,34015,25927,15289,16534,10084,14331,729965.00,-1283050.00,13045344.00,17631947.00,40362.866666666667,30658.666666666667,46263.142857142857,36181.142857142857,13358689.00,15371704.00,197852,265178,33027.666666666667,51477.000000000000
2025-03-18,49116,41691,17453,28887,21317,17983,-4605414.00,877219.00,23836670.00,24134964.00,39183.266666666667,29625.866666666667,46328.000000000000,36755.142857142857,25728084.00,20245451.00,191288,244449,30303.000000000000,43181.666666666667
2025-03-17,72793,32990,36783,32071,15783,15981,6216134.00,-1611775.00,46395474.00,27150954.00,37474.666666666667,29208.900000000000,38715.571428571429,34708.285714285714,31640937.00,39468846.00,183189,225585,28317.666666666667,32347.333333333333
2025-03-14,32522,24402,14971,15456,12037,11008,538207.00,461573.00,13850778.00,12920516.00,37250.433333333333,28913.266666666667,36770.571428571429,32802.000000000000,12457493.00,12534127.00,201410,248783,31682.666666666667,35376.666666666667
2025-03-13,24230,33517,8135,14422,14742,17150,-958549.00,-4621720.00,11222330.00,34862081.00,37356.500000000000,28439.833333333333,37273.857142857143,31148.857142857143,19713648.00,25118809.00,201197,240945,40222.666666666667,48393.666666666667
2025-03-12,40290,27034,18087,20134,10094,13483,2160975.00,-1479510.00,24873308.00,17784225.00,37071.433333333333,28126.500000000000,35224.000000000000,29557.142857142857,18082521.00,21723006.00,196035,234958,46447.666666666667,51487.000000000000
2025-03-11,41610,34497,20910,17956,14229,16892,-274896.00,3152969.00,28080585.00,43700265.00,36262.933333333333,27711.633333333333,31950.571428571429,26539.571428571429,34605290.00,31177425.00,186900,230325,41169.333333333333,44119.000000000000
2025-03-10,63281,59137,26714,32612,29395,23319,-2615841.00,-2180798.00,36957865.00,64421745.00,35211.466666666667,26416.900000000000,25895.857142857143,20598.857142857143,47139606.00,46704563.00,169432,204199,25143.000000000000,29327.666666666667
2025-03-07,49570,45709,19023,27650,21575,21508,-5380491.00,-1822755.00,27289310.00,54595645.00,34456.700000000000,25417.300000000000,22775.000000000000,16431.000000000000,40552122.00,36994386.00,168535,211911,17221.666666666667,22055.333333333333
2025-03-06,19506,18662,7002,11043,7504,9383,-736910.00,-1389684.00,9643933.00,15350481.00,34457.533333333333,25309.433333333333,24232.000000000000,16153.857142857143,10609297.00,11262071.00,162962,208626,16298.333333333333,24200.333333333333
2025-03-05,18907,11058,10149,7300,4355,5979,5402930.00,-12335.00,16927396.00,6612263.00,35290.400000000000,25607.200000000000,26375.857142857143,17919.428571428571,8478861.00,13894126.00,161036,203946,17070.333333333333,24130.000000000000
2025-03-04,27753,21945,11836,13992,9574,10903,-363383.00,91549.00,20732886.00,17102188.00,35293.666666666667,25260.066666666667,30566.285714285714,22447.714285714286,18022540.00,17567608.00,159507,197414,15606.000000000000,21845.000000000000
2025-03-03,25941,15892,12080,11789,7715,7387,452144.00,-63822.00,17497595.00,10162361.00,34951.333333333333,24945.066666666667,35736.285714285714,26532.714285714286,12924928.00,13440894.00,156272,192206,15820.000000000000,22439.333333333333
2025-02-28,18696,13374,7551,9531,5272,7321,50513.00,-1194455.00,9177165.00,10219675.00,35118.533333333333,24978.200000000000,37422.571428571429,26695.285714285714,8467692.00,9712660.00,166464,220604,16936.000000000000,26109.000000000000
2025-02-27,20898,17552,8979,10302,8996,6833,-276350.00,763837.00,8610949.00,10853089.00,34912.033333333333,24936.933333333333,41547.000000000000,28781.428571428571,9603645.00,8563458.00,171075,218391,18891.000000000000,30447.666666666667
2025-02-26,27724,16534,15008,10698,5908,8453,2120314.00,465447.00,18019319.00,9357286.00,34380.366666666667,24993.433333333333,47000.714285714286,32891.285714285714,11771898.00,13426765.00,166018,216215,31260.666666666667,40235.000000000000
2025-02-25,29705,16722,13398,14258,8375,7142,130405.00,-1278607.00,15513729.00,14124044.00,34185.633333333333,25246.033333333333,62595.714285714286,46236.571428571429,13065918.00,14474930.00,164194,210687,40515.666666666667,51043.666666666667
2025-02-24,33914,23417,17887,13984,10920,10786,1593458.00,-390174.00,19207787.00,15485768.00,33381.400000000000,24791.733333333333,66995.571428571429,49604.000000000000,15576194.00,17559826.00,159566,201039,37547.333333333333,49905.666666666667
2025-02-21,57086,53643,23258,30760,27054,23155,-2099070.00,-5315256.00,26361635.00,40266885.00,31859.400000000000,23506.400000000000,61983.428571428571,44497.857142857143,30000242.00,33216428.00,179526,236123,30384.666666666667,47466.666666666667
2025-02-20,62131,44487,24527,33316,20874,20040,-4182909.00,8072046.00,34232073.00,50673899.00,30761.366666666667,22909.333333333333,55390.285714285714,40891.285714285714,46112466.00,33435011.00,178424,219295,30656.666666666667,48723.000000000000
2025-02-19,30500,14512,13205,15285,7397,6192,-214473.00,2264571.00,17184988.00,10500581.00,30990.566666666667,23519.133333333333,54949.000000000000,42001.857142857143,14425014.00,11945970.00,175033,214316,62532.333333333333,84846.333333333333
2025-02-18,49769,32155,22395,24181,15974,14055,-2062541.00,-876078.00,35284342.00,23544680.00,29680.200000000000,22822.566666666667,51721.000000000000,39785.571428571429,28730098.00,27543635.00,166001,198893,67477.000000000000,89827.666666666667
2025-02-14,65900,45303,28233,33747,20654,19598,-3849318.00,2604601.00,34924984.00,20409081.00,27773.666666666667,21465.600000000000,44709.714285714286,36193.714285714286,29165422.00,22711503.00,201260,230521,58342.666666666667,75194.666666666667
2025-02-13,138870,110139,60340,70265,49720,52252,-15777594.00,-670242.00,99596348.00,53420657.00,23502.700000000000,18092.100000000000,30024.857142857143,23626.857142857143,80651847.00,65544495.00,183036,214365,28043.333333333333,34231.000000000000
2025-02-12,64713,46989,27720,29000,20296,21384,3153693.00,322136.00,84343070.00,30030122.00,21874.300000000000,16903.400000000000,22741.285714285714,18443.714285714286,50983651.00,53820208.00,159024,184649,19809.000000000000,21797.000000000000
2025-02-11,22001,17900,9571,10895,9993,6426,-3865741.00,4329665.00,37257749.00,16364427.00,21807.000000000000,16628.900000000000,22674.714285714286,18812.428571428571,29359232.00,21163826.00,151264,177650,19389.333333333333,23521.000000000000
2025-02-10,15979,19241,7284,7572,8165,9172,237213.00,-2687730.00,33777513.00,17762637.00,22085.466666666667,16335.633333333333,24077.000000000000,18282.714285714286,22560095.00,26390038.00,144174,172467,19695.666666666667,23801.666666666667
2025-02-07,27411,22286,14387,11474,9150,11403,4639454.00,408891.00,40265736.00,12938147.00,21493.800000000000,15879.366666666667,24077.142857142857,17858.142857142857,23193340.00,27423903.00,153190,186234,19657.333333333333,26690.000000000000
2025-02-06,27173,16641,11927,13791,9597,6071,1368736.00,3942725.00,36419444.00,13247878.00,21249.666666666667,15777.333333333333,24729.285714285714,18000.000000000000,25187698.00,22613709.00,151178,182392,17679.333333333333,22208.333333333333
2025-02-05,16821,20160,8451,7285,7809,10937,2282078.00,-1434507.00,24392648.00,14344312.00,21142.533333333333,15538.066666666667,24805.571428571429,18270.142857142857,16488365.00,20204950.00,146052,179144,17786.333333333333,23779.666666666667
2025-02-04,36076,22171,17066,16456,8607,11488,2536227.00,-1609302.00,59305834.00,15197480.00,20908.733333333333,15428.833333333333,24185.714285714286,18002.142857142857,32988790.00,37134319.00,139237,171973,15573.666666666667,20352.666666666667
2025-02-03,13728,10707,6980,5961,4722,5115,2247600.00,-1272655.00,16564233.00,8566126.00,21251.533333333333,15883.333333333333,26071.285714285714,18718.428571428571,10102834.00,13623089.00,136287,168489,18442.666666666667,24914.000000000000
2025-01-31,21535,20481,11089,9056,9799,8905,1727988.00,875573.00,24737117.00,8771822.00,21835.300000000000,15850.133333333333,25785.000000000000,17996.285714285714,15274740.00,16127155.00,151569,180531,17493.666666666667,28315.000000000000
2025-01-30,25795,15533,10920,13465,7269,6872,-5183446.00,1134843.00,33502341.00,7607971.00,21898.766666666667,16092.533333333333,28370.428571428571,18633.142857142857,23170285.00,16411996.00,149959,173729,19666.333333333333,25501.666666666667
2025-01-29,27412,19314,14174,11598,7630,10422,4165333.00,-828370.00,31876174.00,9883939.00,21599.100000000000,15806.633333333333,28433.142857142857,17521.285714285714,17094150.00,22087853.00,144530,168899,19993.333333333333,26943.333333333333
2025-01-28,31738,17634,14857,13566,7297,9106,1207704.00,-1087296.00,35906365.00,13266848.00,21452.300000000000,15780.133333333333,26137.857142857143,15922.428571428571,20807741.00,23102741.00,138748,165057,19355.666666666667,25339.666666666667
2025-01-27,17355,22051,7940,8347,9859,11176,487980.00,970336.00,17837802.00,13019575.00,22376.566666666667,16047.133333333333,27046.000000000000,14824.857142857143,14951487.00,14469131.00,130437,159486,17147.333333333333,26065.000000000000
2025-01-24,31737,20295,14188,15189,9495,9770,679093.00,577875.00,21298444.00,9686452.00,24204.800000000000,16691.366666666667,24612.571428571429,14256.142857142857,14697153.00,14798371.00,139455,177875,17046.000000000000,30117.000000000000
2025-01-23,26927,15721,10697,14334,6964,6578,-473869.00,528609.00,17592180.00,8709594.00,24796.666666666667,17147.066666666667,22447.857142857143,14614.428571428571,11645271.00,10642793.00,135783,169000,15649.333333333333,30425.000000000000
2025-01-22,19531,15426,8003,10462,6954,7308,-2450029.00,757614.00,20052586.00,7992307.00,24538.466666666667,16918.233333333333,23066.714285714286,15882.142857142857,14905458.00,11697815.00,130981,165632,12654.6666666666666667,29138.333333333333
2025-01-21,43893,19991,22445,17846,8708,9910,2609581.00,-631427.00,51365684.00,11244078.00,23922.966666666667,16720.400000000000,18194.428571428571,14424.571428571429,27389827.00,30630835.00,123695,156126,10780.3333333333333333,22411.333333333333
2025-01-17,27851,11531,12329,12541,5197,5567,298910.00,-1001.00,26037971.00,4998385.00,24013.400000000000,16824.166666666667,15848.000000000000,14932.000000000000,13645991.00,13945902.00,171415,196577,12374.6666666666666667,18028.666666666667
2025-01-16,15671,6442,7576,7128,2473,3323,1769207.00,-202201.00,15429391.00,2246944.00,23849.500000000000,16831.500000000000,17779.285714285714,17808.142857142857,6880120.00,9907528.00,169768,193041,16303.666666666667,16729.666666666667
2025-01-15,23712,14368,11484,10598,6963,6422,449247.00,806895.00,20879997.00,7673726.00,23465.133333333333,16609.900000000000,19731.285714285714,20442.142857142857,13697978.00,13340330.00,167745,191340,19614.333333333333,16780.000000000000
2025-01-14,14703,16314,6091,6685,7367,7991,-1179952.00,-39499.00,17262408.00,6588247.00,23538.633333333333,16356.733333333333,19124.857142857143,19719.857142857143,9869250.00,8728797.00,165914,187501,17439.000000000000,15141.333333333333
2025-01-13,11774,18229,5290,5529,7860,8266,392520.00,-409529.00,13605294.00,10964769.00,23912.200000000000,16487.233333333333,18686.285714285714,17772.000000000000,10960059.00,11762108.00,162178,185261,16390.333333333333,15025.333333333333
2025-01-10,23863,24300,10128,12027,11020,12001,508039.00,658069.00,9147419.00,10872316.00,24187.300000000000,16530.733333333333,16811.714285714286,15576.857142857143,9531739.00,9381709.00,171629,194106,17148.666666666667,16801.000000000000
2025-01-08,9787,9788,4237,4424,4075,4964,-1033580.00,511420.00,8569614.00,4512605.00,27495.200000000000,19089.533333333333,17679.428571428571,15796.857142857143,6537922.00,4992922.00,170102,191399,24821.333333333333,25997.333333333333
2025-01-07,11426,15083,5677,5110,8324,5832,-540553.00,1289856.00,9103856.00,6480433.00,28833.800000000000,19647.200000000000,18901.714285714286,15022.857142857143,8187216.00,6356807.00,168883,189984,23546.333333333333,25674.666666666667
2025-01-06,29190,26575,14345,13393,9247,12398,2362366.00,-292811.00,34466446.00,11660765.00,28275.566666666667,19031.100000000000,18207.857142857143,12718.285714285714,17705758.00,25560935.00,161190,184678,16219.333333333333,18846.000000000000
2025-01-03,37376,32806,17704,14771,12232,16394,-463677.00,-396457.00,37989384.00,24812023.00,27887.633333333333,18386.466666666667,14248.571428571429,9260.0000000000000000,28841567.00,28634347.00,168408,188786,8262.0000000000000000,9967.6666666666666667
2025-01-02,10458,11258,4751,4926,5764,4651,-340198.00,396680.00,12474660.00,4658748.00,27808.166666666667,18325.133333333333,15590.142857142857,9591.7142857142857143,8458568.00,7721690.00,166370,187384,8285.3333333333333333,11768.6666666666666667
2024-12-31,8704,4594,3489,4471,2281,2035,1734632.00,266489.00,14241451.00,1852708.00,28014.200000000000,19200.533333333333,16290.571428571429,10790.0000000000000000,6214539.00,7682682.00,164723,186433,9975.6666666666666667,15528.000000000000
2024-12-30,10741,8934,4216,5776,3562,4624,-1198893.00,684785.00,11875939.00,4580875.00,27977.066666666667,19160.866666666667,18907.857142857143,12212.857142857143,8797797.00,6914119.00,163723,185402,10478.6666666666666667,20058.666666666667
2024-12-27,15861,11328,7043,7676,4991,5322,-243037.00,852837.00,14747404.00,5139116.00,28029.933333333333,19170.700000000000,20072.285714285714,14072.000000000000,10096935.00,9001061.00,173720,193367,9568.6666666666666667,17992.000000000000
2024-12-26,19982,9665,8426,9682,4499,4422,1101927.00,928630.00,15408429.00,4848356.00,27797.700000000000,19285.433333333333,22796.000000000000,15474.857142857143,9439411.00,9612708.00,171030,191246,10873.6666666666666667,17947.666666666667
2024-12-24,24333,10443,12689,9786,3879,5266,4789553.00,-328247.00,16584942.00,2415509.00,27582.466666666667,19611.866666666667,23276.857142857143,17240.857142857143,6478479.00,11596279.00,167375,185900,11720.0000000000000000,14372.333333333333
2024-12-23,9661,8598,3489,5167,3783,3949,-843618.00,302501.00,8215305.00,2485760.00,28152.866666666667,20059.200000000000,24528.428571428571,17546.428571428571,5423828.00,4277709.00,165534,183725,15152.000000000000,20839.333333333333
2024-12-20,19849,13580,9515,9244,4638,7684,911673.00,-340275.00,20178499.00,5026481.00,28767.733333333333,20673.400000000000,25597.714285714286,18012.000000000000,11563210.00,12815158.00,196854,210563,18739.333333333333,22227.000000000000
2024-12-19,13607,12982,7500,5314,6455,5914,939112.00,878056.00,9943107.00,6845798.00,29023.800000000000,21090.233333333333,30094.285714285714,20451.857142857143,8093612.00,8154668.00,194703,212710,20907.000000000000,30707.333333333333
2024-12-18,29062,18894,11718,16074,11980,5903,-4881077.00,4724396.00,26668337.00,12404957.00,29504.233333333333,21643.000000000000,38311.714285714286,23413.000000000000,23938474.00,13651751.00,189399,204341,22210.666666666667,30253.000000000000
2024-12-17,24012,24342,9527,12406,15482,7265,-3379399.00,5838993.00,30840866.00,14665569.00,29196.400000000000,21364.200000000000,41264.714285714286,24134.428571428571,26111739.00,16893347.00,182367,199073,17675.666666666667,28389.666666666667
2024-12-16,39048,19485,14917,12445,5575,7461,1136736.00,-1080449.00,75959408.00,21357360.00,29498.966666666667,22282.500000000000,37370.000000000000,22573.857142857143,17980127.00,20197312.00,174027,186683,16793.666666666667,24485.000000000000
2024-12-13,27699,22805,12754,11490,10249,8876,439840.00,1729831.00,28352404.00,13742603.00,30622.400000000000,23694.166666666667,37045.571428571429,21324.000000000000,13973469.00,12683478.00,182370,199294,19212.333333333333,30279.666666666667
2024-12-12,18422,10737,9921,7593,4737,5163,-88045.00,-262453.00,11986950.00,3432112.00,32704.533333333333,27240.800000000000,38780.142857142857,21882.142857142857,7120619.00,7295027.00,180563,200112,28840.666666666667,53000.333333333333
2024-12-11,27334,16839,12795,12702,6689,8933,2075571.00,-944513.00,19643844.00,8199268.00,33518.100000000000,27645.433333333333,36411.571428571429,20428.285714285714,11441701.00,14461785.00,174485,197987,33025.000000000000,58783.333333333333
2024-12-10,45083,30061,16443,25202,16620,10707,-7281691.00,5258285.00,44238893.00,17027161.00,33220.733333333333,27728.266666666667,31711.285714285714,17236.714285714286,34933432.00,22393456.00,166041,189259,25858.333333333333,47684.000000000000
2024-12-09,86584,39622,40468,38553,18025,17102,429432.00,994545.00,98499290.00,20940211.00,30814.833333333333,26804.633333333333,21757.571428571429,12822.000000000000,56616186.00,55692323.00,155623,171145,17336.333333333333,27298.666666666667
2024-12-06,44683,29392,22504,16195,9979,16920,5058819.00,-609789.00,41529834.00,10015447.00,29600.533333333333,25960.900000000000,18657.285714285714,11786.571428571429,16811893.00,22480501.00,163225,173996,12420.3333333333333333,22592.333333333333
2024-12-05,11785,8561,4926,6028,3888,3719,-3149596,225929,13014621,2750941,29545.466666666667,25795.033333333333,21561.714285714286,14221.428571428571,9888808,5105283,162554,172688,11787.3333333333333333,22248.666666666667
2024-12-04,25428,14056,12530,10517,5596,6861,1785483,-689602,21235259,4635068,28805.966666666667,25453.233333333333,33504.000000000000,24578.000000000000,10654314,13129399,159375,169813,9675.3333333333333333,17833.000000000000
2024-12-03,30564,14644,16023,12483,4960,8207,1699252,-72237,18882233,3684192,28067.033333333333,25167.966666666667,36506.857142857143,27030.714285714286,9581390,11352879,152971,166066,7700.3333333333333333,13281.0000000000000000
2024-12-02,10754,6662,5484,4491,2824,2833,-1530822,-1125865,12490724,3297347,28790.666666666667,25523.833333333333,36748.142857142857,27235.000000000000,7554430,7149473,150199,164415,12861.0000000000000000,17356.666666666667
2024-11-29,12181,7720,5464,5801,2823,4269,-90628,-261952,8516357,1674001,28626.933333333333,25612.500000000000,38684.857142857143,28056.000000000000,4676249,4847573,173424,178155,18822.666666666667,24001.666666666667
2024-11-27,16908,8719,6300,9230,3067,4942,1609551,-824586,12949797,7703754,28522.833333333333,25491.566666666667,37422.857142857143,28155.857142857143,8363664,11512801,170035,172457,44767.000000000000,54707.000000000000
2024-11-26,22981,22144,6883,9044,9761,7941,-1740775,2791528,26908865,16184026,28079.666666666667,25129.833333333333,36266.285714285714,29400.428571428571,16729076,12196773,159947,162271,47990.000000000000,64241.333333333333
2024-11-25,32116,25605,16184,14196,9883,13665,-1202014,-1272102,26203395,23002905,27361.100000000000,24405.733333333333,33053.571428571429,26848.857142857143,23414841,23484929,146821,153173,42152.333333333333,57683.666666666667
2024-11-22,109024,86552,22383,23216,14506,10078,-572331,2060940,280759607,206946289,24067.733333333333,21882.166666666667,19971.142857142857,16144.714285714286,21933805,19300534,99791,99059,17790.666666666667,29921.666666666667
2024-11-21,51584,31813,28432,20329,11374,18025,5807241,-2610615,62293288,14291228,22618.533333333333,20933.633333333333,14461.285714285714,13472.428571428571,32373869,40791725,86129,90261,10325.6666666666666667,15418.333333333333
2024-11-20,12443,8092,5346,5985,3734,3591,-2469265,-220764,13603406,2764544,22613.300000000000,20833.166666666667,15237.428571428571,15207.285714285714,8747486,6498985,84257,88302,17913.666666666667,16232.333333333333
2024-11-19,25738,13467,13402,10257,4913,7189,1814899,-1020509,24068684,5223669,21932.633333333333,20464.700000000000,15385.285714285714,16428.857142857143,12050160,14885568,80081,81975,16006.000000000000,10862.0000000000000000
2024-11-18,8074,9418,3542,3930,2752,6000,-456424,-1105313,5997997,4603203,21870.400000000000,20371.566666666667,19702.571428571429,19655.714285714286,4606559,5255448,75414,79345,16741.000000000000,13986.333333333333
2024-11-15,14885,30856,5839,7765,19549,9089,-996890,2664976,12109217,9434922,22278.200000000000,20059.033333333333,20617.428571428571,18888.714285714286,11840100,8178234,117716,120353,10824.6666666666666667,13363.000000000000
2024-11-14,9627,7744,4300,4684,2977,3924,-1171696,91128,9307841,1927058,22374.300000000000,19909.733333333333,25452.857142857143,22850.571428571429,5924020,4661196,116138,119616,14988.666666666667,16112.666666666667
2024-11-13,17447,11623,8990,7034,3919,6098,251936,-1623,14421043,3660489,22427.300000000000,19687.800000000000,25071.428571428571,23472.714285714286,7579034,7832593,114290,117710,18453.666666666667,19221.333333333333
2024-11-12,13015,13107,5911,6003,6380,5598,-447324,-15158,8904221,3166092,22254.233333333333,19374.133333333333,30087.142857142857,28319.428571428571,5751101,5318935,113133,113103,24753.333333333333,27648.000000000000
2024-11-11,17876,20236,6865,9784,10570,8019,-2545165,1361842,18058825,6273993,21790.600000000000,19077.633333333333,36305.142857142857,34736.428571428571,13473900,9566893,105779,109505,26503.666666666667,28785.666666666667
2024-11-08,26773,22018,11307,12282,10451,9285,657085,-573699,18124036,5046422,21126.533333333333,18647.266666666667,44035.571428571429,48324.714285714286,9787839,11018623,126555,123788,30990.000000000000,34353.000000000000
2024-11-07,38295,32006,19710,14567,12221,15711,3278461,-1190890,34567074,10642438,20159.100000000000,17716.300000000000,45956.428571428571,47892.142857142857,15977097,20446448,115035,112213,25647.333333333333,26513.666666666667
2024-11-06,21289,25487,9887,9626,11018,12589,-1163894,-239974,17131894,6942947,19731.333333333333,17036.633333333333,48081.142857142857,48900.571428571429,11777620,10853700,108822,111994,32829.666666666667,35459.000000000000
2024-11-05,43475,35477,22030,17955,14769,18189,2136343,-1357222,32144411,11613908,18511.300000000000,15960.700000000000,43928.571428571429,45534.285714285714,18752071,22245636,94998,100757,42722.333333333333,41434.666666666667
2024-11-04,14777,15978,6646,7099,7750,6397,403055,577641,9878243,5370577,18256.333333333333,15609.366666666667,42996.714285714286,43834.571428571429,7135095,6960509,93542,96969,76441.666666666667,63471.000000000000
2024-11-01,48125,47034,22127,22948,22909,20503,5031014,2220200,39760815,11115535,16989.200000000000,14350.466666666667,37569.285714285714,37627.571428571429,22926146,25736960,151404,140463,70423.000000000000,64676.333333333333
2024-10-31,61402,65155,27991,28184,27799,33117,-2397152,320568,58492090,19216439,15471.533333333333,12395.366666666667,29260.857142857143,28862.857142857143,39645951,33393481,134760,122714,59553.333333333333,56263.000000000000
2024-10-30,80886,117136,39867,36980,49815,59024,5402302,-3115928,113292463,26244361,13070.333333333333,8746.5666666666666667,18905.142857142857,12998.571428571429,61854390,70372620,83154,117405,24479.000000000000,34103.333333333333
2024-10-29,51741,28978,23394,23413,13279,10711,1695329,1411676,20418595,8273102,11712.733333333333,7973.1333333333333333,16151.142857142857,11335.7142857142857143,12715255,12998908,69802,93489,16179.666666666667,19607.666666666667
2024-10-28,36162,32546,19186,14362,17978,13117,2934878,3323166,16430293,9016222,10686.000000000000,7061.2666666666666667,12023.571428571429,8169.1428571428571429,11842795,11454507,53216,67623,6526.0000000000000000,10931.3333333333333333
2024-10-25,14407,11913,9830,4025,4765,5482,1140083,-54394,4944104,2526728,10508.133333333333,6953.2666666666666667,11934.714285714286,7194.5714285714285714,2893596,4088073,61359,74430,3822.3333333333333333,7210.0000000000000000
2024-10-24,8254,4080,4324,3471,2406,1451,230491,408285,2685995,1016143,10510.533333333333,6987.9666666666666667,12139.285714285714,8224.8571428571428571,1839858,1662064,58746,72269,4491.0000000000000000,7257.3333333333333333
2024-10-23,10133,3585,4162,5218,1858,1478,-263167,266131,3259042,1228411,10401.566666666667,6987.1666666666666667,12200.142857142857,8267.2857142857142857,2291778,1762480,58123,71175,9075.3333333333333333,14700.666666666667
2024-10-22,3243,3802,1264,1785,1549,1754,-127790,-82510,1376198,968463,10494.300000000000,6954.2666666666666667,13197.285714285714,9273.4285714285714286,1115115,1069835,56938,70219,11268.0000000000000000,16042.666666666667
2024-10-21,8396,6086,3194,4689,2739,2715,-463399,-100169,2826132,1426925,10393.766666666667,6866.0333333333333333,13156.142857142857,8883.5714285714285714,2124176,1760946,54959,69233,10936.3333333333333333,17839.000000000000
2024-10-18,32463,17338,16807,13740,7956,7191,-228011,132257,11703604,3022048,9677.6666666666666667,6416.4000000000000000,10273.7142857142857143,7132.1428571428571429,7122209,6761941,71779,91026,8921.0000000000000000,10246.6666666666666667
2024-10-17,7269,10380,2777,3731,5513,4307,-638187,783673,3746417,2895803,9708.2333333333333333,6160.2000000000000000,9995.0000000000000000,5994.0000000000000000,3858797,2436937,66508,91255,6755.0000000000000000,11343.3333333333333333
2024-10-16,13785,5091,6337,5647,1955,2681,821760,-219098,5340512,1069878,9440.2666666666666667,6060.2333333333333333,8912.4285714285714286,6213.0000000000000000,2154436,3195294,64951,86928,8673.0000000000000000,10156.0000000000000000
2024-10-15,9686,11292,4445,4437,6942,3732,87430,1247111,2968948,2488808,9283.3666666666666667,5799.6000000000000000,11402.8571428571428571,7668.4285714285714286,3134920,1975239,57254,84877,6028.0000000000000000,9630.0000000000000000
2024-10-14,10559,3882,5747,4111,1839,1664,-45279,49952,3879482,580302,9280.0666666666666667,5811.2666666666666667,11681.571428571429,7580.2857142857142857,2120331,2025100,56064,83437,6426.6666666666666667,10205.6666666666666667
2024-10-11,10223,10845,5096,4353,4308,5052,161939,152910,2289664,1379381,9437.1333333333333333,5585.5000000000000000,12940.714285714286,6740.2857142857142857,1691480,1700509,58566,85087,3616.0000000000000000,8570.6666666666666667
2024-10-10,8108,3357,1697,5943,1299,1612,-677442,17345,1783123,692580,9536.1000000000000000,5629.3666666666666667,12900.000000000000,6788.8571428571428571,1477215,782428,57628,86021,4705.0000000000000000,7937.0000000000000000
2024-10-09,12286,5078,5928,5741,2348,2332,-157704,236853,3487249,1242291,9365.4666666666666667,5548.8333333333333333,11711.571428571429,7683.5714285714285714,2388839,1994282,56259,83953,10172.3333333333333333,12881.3333333333333333
2024-10-08,5318,2413,2285,2473,939,1311,-110562,-111922,1864769,519010,9458.3666666666666667,5558.5333333333333333,11930.571428571429,8639.8571428571428571,1076956,1078316,55810,83450,10456.3333333333333333,15278.666666666667
2024-10-07,6207,6624,2643,3170,3227,2799,-180681,79682,2071511,1359798,10152.5333333333333333,5499.4333333333333333,12368.428571428571,8276.0000000000000000,1745890,1485527,53196,82268,9903.3333333333333333,19555.333333333333
2024-10-04,27119,21480,13377,11666,11060,8512,285633,1091717,6568456,4086975,9472.7666666666666667,4924.9333333333333333,9702.2857142857142857,5935.5714285714285714,5387532,4581448,52131,79988,3975.6666666666666667,13123.3333333333333333
2024-10-03,12510,3265,9228,2540,1005,1833,-27802,-376689,1583060,872144,9287.9333333333333333,4998.0666666666666667,8897.1428571428571429,5926.1428571428571429,906641,1255528,51496,71097,6667.6666666666666667,10275.6666666666666667
2024-10-02,19037,4965,6424,11883,1721,2839,-933155,-1310259,3309207,2083610,8930.1000000000000000,5081.0666666666666667,7195.8571428571428571,5993.7142857142857143,2420582,2797686,49165,63677,8048.3333333333333333,6213.6666666666666667
2024-10-01,7823,3697,1577,2598,1348,1729,-323354,-252876,2037212,1036555,8942.9666666666666667,5081.6000000000000000,7522.7142857142857143,6789.4285714285714286,1157596,1087118,47901,58438,8175.0000000000000000,6696.6666666666666667
2024-09-30,3967,11341,1885,1814,6191,4147,-117405,568317,791905,2910904,9287.3333333333333333,4938.5333333333333333,9223.4285714285714286,6098.1428571428571429,2042276,1356554,39632,56147,6093.6666666666666667,8193.0000000000000000
2024-09-27,6851,9107,3022,3214,3787,4185,-154416,198694,1531284,1248659,9743.8000000000000000,4887.7666666666666667,9509.0000000000000000,5893.1428571428571429,1443663,1090553,42450,61837,4124.3333333333333333,8200.6666666666666667
