date,call_volume,put_volume,call_volume_ask_side,call_volume_bid_side,put_volume_ask_side,put_volume_bid_side,net_call_premium,net_put_premium,put_premium,call_premium,avg_30_day_call_volume,avg_30_day_put_volume,avg_7_day_call_volume,avg_7_day_put_volume,bearish_premium,bullish_premium,put_open_interest,call_open_interest,avg_3_day_put_volume,avg_3_day_call_volume
2026-09-25,88199,37186,43656,33884,12235,22378,1594953.00,-816181.00,3487047.00,10184550.00,55827.3667,31937.7667,43963,26056.4286,5097993.00,7509127.00,360461,475642,14002,39769.6667
2026-09-24,22467,14898,5615,13475,6920,6791,-1048769.00,-697568.00,1854600.00,3682766.00,58072.0667,32263.3,46960.7143,27241,2509135.00,2157934.00,356745,469479,18290.6667,45243.3333
2026-09-23,61820,15148,26328,31830,8415,5291,-3091487.00,214997.00,1387892.00,23637918.00,65440.4667,34631.8333,43418.4286,26541.2857,13481523.00,10175039.00,349956,429617,39041,57185.3333
2026-09-22,35022,11960,12491,18674,4514,6091,-194027.00,31768.00,1167343.00,4559144.00,66888.4,35888.0667,45287.7143,33289.7143,2641090.00,2415295.00,344750,412852,43654.6667,55120.6667
2026-09-21,38888,27764,19162,15646,11908,9386,125126.00,281076.00,2192938.00,5595903.00,68336.0333,36006.7667,44224.7143,31235,3467353.00,3311403.00,337810,394563,37541.6667,49848
2026-09-18,97646,77399,44052,42837,40606,32946,345827.00,-577307.00,3918237.00,10542970.00,66215.2667,35375.8,33228.7143,21548.4286,6053562.00,6976696.00,402512,574523,19472,31783
2026-09-17,28828,25801,14940,11059,10018,13956,-174145.00,576910.00,2147594.00,3461926.00,69530.6667,35140.3333,38921.1429,20480.4286,2964128.00,2213073.00,395306,571879,14288.3333,34515
2026-09-16,23070,9425,8192,12230,4519,4087,-373712.00,172001.00,938004.00,2130544.00,70699.4,35585.4667,43228.1429,24035.8571,1687913.00,1142200.00,394459,562968,30879.6667,42860.6667
2026-09-15,43451,23190,18239,21087,5790,6183,-370442.00,219276.00,4093493.00,3430721.00,70575.1667,35308.3,50803.8571,30383.1429,2460884.00,1871166.00,386558,541738,27610,38859.3333
2026-09-14,37024,10250,18753,13261,3556,4591,883590.00,30314.00,724735.00,3683921.00,70400.0667,36840.8,51600,31080,1443790.00,2297066.00,383221,528102,27391,33409.3333
2026-09-11,48107,59199,19754,22025,31890,8247,-356082.00,420964.00,2719173.00,3675291.00,71154.1333,36075.7,49582.4286,25082,2587682.00,1810636.00,400185,562120,13766.3333,40265.3333
2026-09-10,31447,13381,7391,21493,6980,5247,-796116.00,121476.00,1272945.00,2346959.00,71518.3,36993.4333,54465.1429,25533,2139454.00,1221862.00,398504,549593,20743.6667,47522.6667
2026-09-09,20674,9593,9523,9799,3734,4331,142252.00,-137961.00,728259.00,3611544.00,71541.2,37018.4333,60523.5714,34743.8571,1889152.00,2169365.00,395173,543760,40086.3333,72791.6667
2026-09-08,68675,18325,27442,36509,8186,7938,-1099469.00,83959.00,1505974.00,11441130.00,69906.7,36843.6,59522,35335,6635869.00,5452441.00,387163,533235,39020.6667,64099
2026-09-04,53219,34313,24961,22822,18598,11441,-782462.00,682749.00,3923783.00,5959878.00,69132.4333,36130.1333,54290.7143,32945,5260760.00,3795549.00,428597,572717,33320.6667,57687.3333
2026-09-03,96481,67621,51745,35314,22600,34038,865250.00,-1054738.00,3437246.00,7309887.00,67904.5,34744.3667,47609.5714,27281.4286,3726146.00,5646134.00,404306,553425,16293,47402.3333
2026-09-02,42597,15128,17560,16050,6552,7257,108628.00,129291.00,2301742.00,2666088.00,70509.9667,36314.7333,49799.2857,28990.7143,2162764.00,2142101.00,399107,544171,35940,54231
2026-09-01,33984,17213,10548,17474,5789,4858,-446477.00,106128.00,2268833.00,3029626.00,70447.1333,37170.6667,59430.5714,31346.1429,2016917.00,1464312.00,390796,528548,37690,63457.6667
2026-08-31,65626,16538,25019,26054,7954,6686,239744.00,77782.00,1278694.00,4795189.00,69408.8667,37393.3,64771.2857,32614.5714,2396081.00,2558043.00,382702,500295,38038.3333,47115.6667
2026-08-28,63083,74069,24870,31380,36089,34366,-728940.00,601971.00,6657279.00,4895514.00,68957.1667,36111.3,65785.8571,40078.1429,6006683.00,4675772.00,419891,551483,22674,42659
2026-08-27,61664,22463,26954,24440,7837,12705,165540.00,-468645.00,1916504.00,3971024.00,69783.7,37225.4667,64937,39061.4286,2275157.00,2909342.00,412043,536989,24217.3333,41412.6667
2026-08-26,16600,17583,5460,9320,8185,6316,-218863.00,195100.00,2272120.00,1802998.00,69998.6333,36855.4667,74692,40971.8571,1985222.00,1571259.00,405786,534611,29590,69680.3333
2026-08-25,49713,27976,27610,17068,9826,16224,2397335.00,-135195.00,1559047.00,7772601.00,68981.7,36089.7333,78018.7143,39665.1429,2998163.00,5530693.00,397198,520976,28737,87446.3333
2026-08-24,57925,27093,24588,26714,11678,9027,-88041.00,260501.00,3318410.00,4834418.00,67718.7667,35640.4,82401.4286,45971.8571,3350054.00,3001512.00,379958,507761,61810.6667,91533
2026-08-21,101403,33701,45619,44716,16868,13400,-1028627.00,-165413.00,2705053.00,9081487.00,65244.9667,35019.1,80745,44680.8571,5667386.00,4804172.00,446674,635340,55692.3333,76306
2026-08-20,103011,25417,48148,48118,13427,10247,1493170.00,426560.00,2803081.00,9415896.00,63706.4667,35318.8667,106439.4286,53364.7143,5158331.00,6224941.00,442413,606973,57538.6667,70264
2026-08-19,70185,126314,32495,29280,7385,117117,193581.00,-1452409.00,3207303.00,6152741.00,62056.0667,31340.1667,107621.5714,42412.2857,3493959.00,5139949.00,328446,604036,21710.3333,71202.3333
2026-08-18,55722,15346,25884,24643,6290,7185,-597495.00,60463.00,1624614.00,4619886.00,61907.3,31373.7,111420.8571,44695,2939260.00,2281302.00,321398,600174,40341.6667,82163
2026-08-17,84885,30956,44734,20854,11833,15918,2421087.00,-489301.00,2031546.00,11122162.00,59727.9,30644.6333,104154.8571,48625.5714,3765934.00,6727948.00,302888,554371,38244.3333,83804
2026-08-14,73000,18829,33335,33715,8988,7860,-1100693.00,514492.00,1959083.00,5968951.00,60290.7,33216.3,112053.4286,48612.4286,4374654.00,2759469.00,358634,646053,60702.6667,153761.3333
2026-08-13,88604,71240,39452,40381,12621,22013,-83596.00,-1604647.00,11684606.00,9817706.00,59124.8,31694.4,107700.2857,41689.4286,6503849.00,9301697.00,325633,624466,53505,150380
2026-08-12,89808,24664,34921,44348,8237,14948,-1426625.00,-741877.00,1993075.00,10968534.00,57064.5667,31412.1667,100545.4286,40291,6114011.00,5429263.00,315243,621370,55725.3333,147883
2026-08-11,282872,86204,111397,117716,35147,43500,-2078495.00,-763170.00,7971381.00,34756054.00,48400.4,28957.4333,64673.8571,36008.2857,18185947.00,16870622.00,296140,536476,46480.6667,64933.3333
2026-08-10,78460,49647,33275,36339,23634,19810,-2584693.00,742970.00,4507025.00,9847653.00,46783.1667,29495.8,63569.4286,34093.8571,8050509.00,4722846.00,264826,494148,36177.3333,81543.3333
2026-08-07,82317,31325,26540,37840,13001,16257,-927544.00,34445.00,4410533.00,9335103.00,45541.2667,29066.6333,57863,35463.5714,5855279.00,4893290.00,299933,533196,33328.6667,73481.6667
2026-08-06,34023,58470,15182,15255,4036,42850,432784.00,-3558635.00,4769596.00,5884244.00,44980.6333,27594.4333,56054.1429,28588.2857,2651045.00,6642464.00,269988,534272,18797,75382
2026-08-05,128290,18737,72441,50366,8459,9072,3719222.00,164797.00,1738008.00,21209169.00,41328.1667,27316.2333,40532.7143,27780.1429,8513936.00,13695061.00,260970,497806,31293,43209
2026-08-04,58132,22779,26568,20860,12096,9222,1247597.00,354351.00,1786520.00,7496007.00,40793.9333,27142.1333,36512.5714,26370.1429,3604289.00,4497535.00,246873,478651,35782,47408
2026-08-03,39724,14875,21484,15557,7141,6300,-754889.00,123858.00,1765075.00,8936356.00,41365.5333,27271.3,39358.1429,27966.2857,5294485.00,4415738.00,237930,454628,44461.3333,48290.6667
2026-07-31,31771,56225,18372,10174,34796,11139,1327577.00,703666.00,4795199.00,4941839.00,42763.2667,25935.0667,52071,28825.4286,3316270.00,3940181.00,245280,508052,29167.3333,44820.6667
2026-07-30,70729,36246,29680,28815,16071,17597,1248245.00,920877.00,4804606.00,9743634.00,41487.2,25220.4333,46552.4286,29774.7143,5367859.00,5695227.00,249350,468180,21445.3333,27791
2026-07-29,42372,40913,14815,9469,15604,14329,697075.00,-313526.00,7411541.00,5972234.00,41335.1333,24503.7333,45424.7143,27246.7143,3071692.00,4082293.00,215691,446717,12110.6667,23664
2026-07-28,21361,10343,13507,13440,4833,4888,206693.00,-267631.00,1268589.00,2389810.00,42233.5667,26627.3667,49449.1429,30856.1429,1334443.00,2075293.00,211691,439831,17345.6667,36424.6667
2026-07-27,19640,13080,6714,11920,6483,5719,-793739.00,-507355.00,2243954.00,3049572.00,43009.8333,27493.5333,58994.8571,36971.5714,2675067.00,2388683.00,205064,431627,33732,70131.6667
2026-07-24,29991,12909,11949,16472,6898,4359,-810772.00,91995.00,1331035.00,4892134.00,43253.3333,27302.0333,58003,36053.5714,3315558.00,2412791.00,233073,473346,43726,70834.3333
2026-07-23,59643,26048,19897,34424,13813,10789,-270329.00,180691.00,3088788.00,6867749.00,43137.0667,27737.8667,52226.1429,33047.2857,4630175.00,4179155.00,229164,441568,42782.3333,62446
2026-07-22,120761,62239,45499,63622,6625,32659,-1167563.00,-2877715.00,8178324.00,26696494.00,39878.8333,25931.5,37837,26100.7143,18197969.00,12642153.00,221733,421205,33905.6667,38703
2026-07-21,32099,42891,17179,10345,27023,13371,370512.00,1753853.00,4651590.00,5354282.00,41322.0333,27385.4,37135.5714,22125.1429,5175069.00,3791728.00,194963,415237,38238,56823.3333
2026-07-20,34478,23217,16352,12485,11349,10538,-353298.00,297885.00,2407050.00,5586285.00,40881.5333,27102.8667,40332.4286,23724.1429,3761250.00,3110067.00,179189,401336,32660,53013.3333
2026-07-17,49532,35609,21268,11840,23406,10410,2054038.00,-102048.00,5069135.00,6508457.00,39970.9333,26325.5667,36209.7143,19630.4286,3465780.00,5621866.00,289244,529866,22458.3333,42904.3333
2026-07-16,86460,55888,31897,37756,17936,36639,63086.00,-2057518.00,9840655.00,9008883.00,38054.1333,25019.3667,31181,13982.4286,6817893.00,9988689.00,272420,493235,8366.6667,20763.3333
2026-07-15,23048,6483,11118,8300,3097,2928,274311.00,204710.00,817285.00,2137878.00,38905,25694.3,30674.5714,14354,1239603.00,1309204.00,272305,485440,11226.3333,22143.6667
2026-07-14,19205,5004,7936,4981,2962,1403,426634.00,170699.00,760661.00,2682338.00,40120.9667,26074,40771.5714,27350.4286,1216047.00,1471982.00,270749,479333,21028.3333,34694
2026-07-13,20037,13613,8238,9253,8782,3342,65064.00,941745.00,1928409.00,2776677.00,41702.1333,27976.7667,45570.1429,29060.4286,2574470.00,1697789.00,265006,472217,18808.3333,34906
2026-07-10,27189,15062,9691,12983,5099,8246,-177713.00,66269.00,1306299.00,2971783.00,42997.2,28221.5667,45686.1429,29222.5714,2009618.00,1765636.00,274348,486374,19238.3333,42929.3333
2026-07-09,56856,34410,23182,29436,15166,17983,1912857.00,-364891.00,14342643.00,8303158.00,43439.7667,27779.6333,40842,26101.4286,10791238.00,10999986.00,293364,479175,10796.3333,30478.3333
2026-07-08,20673,6953,8907,10120,3473,2332,-322253.00,558078.00,1472282.00,1812316.00,44592.1333,29585.1,42166.2857,34507.8571,1909795.00,1029464.00,293585,476539,40471.6667,53548.6667
2026-07-07,51259,16352,19049,24850,8741,6273,-1665454.00,220794.00,2349397.00,10203788.00,43834.4,29611.3,41280.7143,34807.5714,5896837.00,3997839.00,292615,458968,43548.6667,54338
2026-07-06,19503,9084,8278,9104,3318,3724,-858274.00,-78936.00,1485397.00,2950970.00,44426.1,29866.1,40952.2857,35553.2857,2282108.00,1502770.00,289835,452568,45919.6667,57170.6667
2026-07-02,89884,95979,36194,35618,28824,54181,-1529500.00,-387381.00,7300147.00,7509638.00,42536.0333,27016.1,30785.4286,23326.4286,7001857.00,5859738.00,261259,454338,18114,34858.3333
2026-07-01,53627,25583,18298,23817,8214,9129,-1146756.00,-512366.00,4354179.00,5667752.00,41889.4,26798.8333,29139.4286,22179.7143,4369657.00,3735267.00,250054,436247,31519,26963.6667
2026-06-30,28001,16197,11889,11675,5373,9340,-416482.00,-1018943.00,1975860.00,5916547.00,43583.1667,27194.4333,33263.8571,22544.4286,3092219.00,3694680.00,249969,424407,32270,32650
2026-06-29,22947,12562,10364,8860,7092,4771,-189085.00,121358.00,2041806.00,5161921.00,44380.6333,27464.5667,40514.7143,23055.2857,3352311.00,3041868.00,244243,413682,32850.6667,30735.6667
2026-06-26,29943,65798,17120,10536,42259,21605,239495.00,3429658.00,5379171.00,5518806.00,44647,26049.4667,40872.4286,15770.8571,6903488.00,3489657.00,263693,451817,14381.6667,26993.3333
2026-06-25,45060,18450,21576,17950,6650,10803,-811954.00,-359123.00,2781882.00,8560371.00,44971.6,26030.7,39836.7143,15908.2857,5550917.00,5098086.00,260272,432351,14083.6667,26008.3333
2026-06-24,17204,14304,6931,8204,7234,5641,-398982.00,205549.00,1983546.00,5476970.00,48318.3,26596.8667,44281,24443.7143,3692595.00,3088064.00,255760,428626,15565.6667,39231
2026-06-23,18716,10391,9526,6815,4427,5010,1537199.00,-43214.00,1148990.00,6278488.00,50406.5667,27289.2,47739.8571,28540,2509001.00,4089414.00,252470,424990,17481.3333,57560
2026-06-22,42105,17556,17086,21568,9204,6630,619541.00,20272.00,2082243.00,8180006.00,51443.7333,29330.7333,47052.8571,27055.4286,4370357.00,4969626.00,245817,410117,16565,54340.6667
2026-06-18,56872,18750,25960,24184,6786,9940,2068199.00,-221479.00,1712298.00,14548647.00,54458.0667,29984.0333,46950.4286,29965.8571,5328510.00,7618188.00,346464,596476,16785.6667,47986.6667
2026-06-17,73703,16138,44640,26225,6827,7158,-216732.00,-193296.00,1481695.00,14746239.00,54414.1667,31849.9,39709.1429,28810.1429,7917555.00,7465431.00,340608,557368,36090.3333,39523.6667
2026-06-16,32447,14807,9358,20380,6371,7585,-881762.00,-147713.00,1508336.00,6369976.00,55048.2,31952.2667,45844.5714,39053.1429,3850839.00,3116790.00,337885,548099,44176.3333,43017.3333
2026-06-15,37810,19412,17405,16340,4981,12485,-775067.00,-628641.00,1715766.00,10337488.00,57990.4667,33257.9,43480.7143,38385.8571,5175170.00,5028744.00,326773,537092,40093.6667,42846
2026-06-12,48314,74052,18080,19599,41170,25326,-313999.00,-350423.00,5198921.00,9730117.00,58245.9667,32190.5,39752.1429,29562.7143,6075244.00,6111668.00,343643,559900,28450.6667,45459.6667
2026-06-11,42928,39065,17204,21630,15304,20071,-835222.00,709873.00,4714969.00,7611204.00,59041.8333,32166.8,37756.1429,26368,6433243.00,4888148.00,318114,545514,18111.6667,38821.6667
2026-06-10,37296,7164,13070,14130,3059,3181,-749420.00,-17755.00,1099058.00,7556649.00,59095.4333,32673.4667,39367.2857,29163.2857,3817237.00,3085572.00,317044,526145,44559.6667,51521.3333
2026-06-09,56155,39123,16872,25835,11421,11726,-1268829.00,512005.00,5331531.00,9066837.00,59010.8667,32210.5,39300,25916.4286,6179461.00,4398627.00,291806,514270,36432.3333,39890.6667
2026-06-08,23014,8048,12154,8354,3345,3586,318900.00,64734.00,1050704.00,3673342.00,60193.7667,34504.5,45651.1429,34866.1429,1946771.00,2200937.00,289407,505132,37846.3333,39624
2026-06-05,75395,86508,36658,30389,42551,39955,-708973.00,1483319.00,14351350.00,11951910.00,58731.0333,32241.7667,44314.8571,25708.7143,12489979.00,11956537.00,287529,534656,14577.6667,24144.3333
2026-06-04,21263,14741,8441,8772,4746,9002,-333659.00,-374538.00,1594311.00,4606234.00,60818.3333,32777,51296.2857,26624.5714,2492002.00,2532881.00,286620,533163,18574.3333,33248
2026-06-03,22214,12290,8601,10226,3806,7324,-596441.00,-147998.00,1126958.00,6207793.00,61125.9667,33447.4333,56014.8571,33599.8571,3315013.00,2866570.00,281440,535024,19942.6667,44404.6667
2026-06-02,28956,16702,5943,19751,7493,7640,-1535922.00,39725.00,2286210.00,6265114.00,61954.2,33760.1333,55953.5714,33662.1429,4393991.00,2818344.00,274922,524644,37940.6667,57243.3333
2026-06-01,48574,26731,12379,23443,9982,8580,-1356194.00,496543.00,3168298.00,14222375.00,64443.5333,34011.9333,54336.4286,32233.1429,6699985.00,4847248.00,259152,508394,36499,63065.6667
2026-05-29,55684,16395,17161,28307,8815,6235,-621100.00,87265.00,1723811.00,8744133.00,64001.3333,33971.3,51121.8571,31388,4824764.00,4116399.00,289424,566154,38084.6667,67882
2026-05-28,67472,70696,25944,32984,9632,35316,-37168.00,-3167119.00,5044673.00,14362937.00,63338.5333,32260.8333,46372.7143,24012.1429,7015921.00,10145872.00,279097,563833,34891.6667,63806
2026-05-27,66041,22406,27845,27954,9075,10885,1404010.00,-197210.00,1811960.00,14308649.00,63573.4,32380.8667,48197.4286,24820.5714,6563311.00,8164531.00,266685,536789,33135.6667,51301.3333
2026-05-26,70133,21152,32086,32022,7687,10557,943789.00,415479.00,1866810.00,12853083.00,63178.8333,33690.3,44874.2857,24751.1429,5987800.00,6516110.00,254989,511667,31661,40341.6667
2026-05-22,55244,61117,30382,18136,17386,41648,-402759.00,-1942339.00,2852164.00,7776297.00,63111.2667,32471.9,42401.4286,19355.1429,3648142.00,5187722.00,285163,554991,14781.6667,32987.6667
2026-05-21,28527,17138,13695,11693,7612,7773,696007.00,302290.00,1974270.00,5893303.00,64767.3667,33525.5667,46154.4286,19462.1429,3253574.00,3647291.00,279549,548512,15424,34888
2026-05-20,37254,16728,16501,17640,5978,9799,1537925.00,68280.00,987054.00,5746207.00,67983.6,34550.4667,57633.1429,21542.2857,2399724.00,3869369.00,270754,530840,19203,48741.3333
2026-05-19,33182,10479,16132,13226,3173,6233,73324.00,-134687.00,804448.00,4892495.00,68114.5,36252.2667,64516.2857,24496.8571,2325916.00,2533927.00,268122,525755,22598.6667,53304.3333
2026-05-18,34228,19065,17430,13852,11270,5996,758435.00,544930.00,2033766.00,6911015.00,69060.9667,36793.1,70086.5714,33030.7143,3813283.00,4026788.00,258221,514599,24025.3333,54539.6667
2026-05-15,78814,28065,32821,30650,15012,10977,1249315.00,163629.00,1680885.00,14748216.00,67245.9333,37228.2667,79870.5714,34499.8571,5776731.00,6862417.00,364658,647330,20632.6667,46534.3333
2026-05-14,46871,20666,18135,17869,8257,9021,-113011.00,101120.00,1717881.00,10174959.00,67032.8667,36822.8,83515.5714,41849.5714,4695274.00,4481143.00,353294,634468,24173.6667,70112.3333
2026-05-13,37934,23345,18370,15238,10671,10222,1199274.00,-293300.00,1878518.00,9956850.00,67725.7667,37766.2333,85449,41068.5714,4246548.00,5739122.00,339803,623089,26779,84589
2026-05-12,54798,17887,21562,27415,8485,7642,-1443410.00,162728.00,2473701.00,14731612.00,67623.5,37906.9333,95631.8571,46882,8097068.00,6490930.00,335230,608800,47084,90729.6667
2026-05-11,117605,31289,55046,44675,15602,11630,2661135.00,1568685.00,4933759.00,24667751.00,65963.2667,39450.4333,86828.1429,48416.4286,11431974.00,11211924.00,319088,548000,49437.3333,100628.6667
2026-05-08,81364,31161,33537,38255,16510,9114,1813954.00,777989.00,2312492.00,15351356.00,64539.1333,38787.3333,84748.1429,49444,6767205.00,7907595.00,379744,608803,63088.3333,97636
2026-05-07,73220,78802,33239,30078,23116,42398,3626460.00,-2713076.00,6228968.00,15106292.00,63798.5333,36534.6667,79845.8571,41381.4286,6264537.00,12604073.00,342880,575400,42780.3333,90385.3333
2026-05-06,147302,38349,73386,58791,13821,20732,5027161.00,277761.00,3159110.00,35403323.00,59922.7667,36101.0667,66462.4286,39507.8571,14451181.00,19200581.00,327668,530136,49524.3333,83310.6667
2026-05-05,72386,72114,35275,29672,24447,33358,331367.00,-43034.00,4057250.00,9396018.00,59044.3333,34748.7667,64478.8571,40187,5876243.00,6250644.00,295831,507902,39496.3333,77841.6667
2026-05-04,51468,17878,12780,32900,9242,6317,-2947985.00,63036.00,894477.00,7274962.00,58465,36215.5,61628.1429,40293.8571,4889110.00,1878089.00,286071,485350,46321.6667,82953.6667
2026-05-01,126078,58581,55634,49966,25845,27432,1848404.00,428560.00,3250043.00,17108193.00,55766.2667,34938.6333,55600.1429,36324.8571,7734744.00,9154588.00,316900,535972,34249.3333,53895.6667
2026-04-30,55979,42030,23924,26464,20171,19285,143127.00,-713689.00,4541565.00,4337940.00,55124.7667,33863.4,52095,34949.5714,3642126.00,4498942.00,316708,530875,28650.6667,53108.6667
2026-04-29,66804,38354,24346,35460,8921,17224,-292760.00,-775782.00,3935382.00,4842194.00,54127.6333,32958.5333,50237.7143,33196.5714,3337494.00,3820516.00,291416,499583,41488.6667,50341
2026-04-28,38904,22364,11731,22623,12553,8466,-428205.00,1920769.00,3838359.00,3478415.00,55077.9667,32892.6,62287.7143,34899.5714,4439012.00,2090038.00,282570,483321,40242.6667,47877.3333
2026-04-27,53618,25234,13510,36739,9522,13410,-1751148.00,765664.00,2114763.00,5797963.00,54806.4333,34409.2333,60687.7143,33462.7143,4873012.00,2356200.00,264452,455753,42097.3333,57965.3333
2026-04-24,58501,76868,20482,33903,42323,21171,-1608532.00,948669.00,6073427.00,6803737.00,54184.0667,32440.8,59128.7143,25250.4286,6819003.00,4261802.00,298428,518605,27275.6667,48946
2026-04-23,31513,18626,9791,14187,11168,6467,250908.00,1957821.00,3295819.00,3164733.00,54696,32221.8333,65067.8571,26304.8571,3753693.00,2046780.00,290608,511654,29761.3333,56376
2026-04-22,83882,30798,31037,47369,16053,13121,-1458218.00,1277098.00,2427551.00,8632801.00,52626.7,31609.1667,61412.7143,30538.7143,5966244.00,3228128.00,275782,477131,30923.6667,69500
2026-04-21,31443,32403,9676,17362,13872,8687,-848752.00,504466.00,3118746.00,4134066.00,53147.2667,31412.8,64523.2857,29419,3227794.00,1874576.00,256719,467789,25181.3333,73158.3333
2026-04-20,53803,26083,21847,26751,15484,8656,-1383817.00,-162908.00,2274397.00,7551721.00,53701.2333,33262.7333,68010,32656.8571,5169095.00,3948186.00,241398,438901,22947.6667,71086.6667
2026-04-17,123254,34285,52365,54500,17242,14482,797336.00,-623094.00,2676659.00,11584711.00,50861.9333,32930.5333,69508.1429,34541.1429,5616452.00,7036882.00,309231,574992,20188.3333,54364.3333
2026-04-16,42418,15176,21405,15708,6012,6814,117446.00,63767.00,1282382.00,2876234.00,50930.7,32861.2,68749.7143,41163.5714,1737199.00,1790878.00,304626,574608,35274.6667,59657
2026-04-15,47588,19382,17629,17161,8902,8034,319434.00,130794.00,1755557.00,5521909.00,50595,32854.4667,70897.4286,43436.1429,2495860.00,2684500.00,296949,571627,37002.3333,61533.3333
2026-04-14,73087,26007,32660,30671,14468,9828,1166787.00,-167222.00,1843084.00,11113466.00,50561.8667,32750.7333,63936.8571,45595.1429,4763167.00,6097176.00,283837,556185,44582.6667,63241
2026-04-13,58296,60435,26126,25936,15418,33172,-1376811.00,-1585129.00,2868269.00,6963426.00,50380.2333,32825.2667,61391.5714,38176.1429,4298212.00,4506530.00,276864,524930,40262.6667,88389.3333
2026-04-10,53217,24565,27344,19932,11292,11115,-506884.00,20720.00,1371582.00,10672497.00,49297.2667,32694.2,62177.8571,42045.1429,5365763.00,4838159.00,317287,589970,52585.3333,83020
2026-04-09,78210,48748,30349,34234,16613,26996,685802.00,-236394.00,1636379.00,8389783.00,47997.5333,31823.5,58395,38239.4286,4001148.00,4923344.00,294995,555532,48099.3333,77824
2026-04-08,133741,47475,56994,51525,24169,20263,1101638.00,52684.00,3650670.00,14523419.00,45529.1333,30888.4667,48974.5714,42542.1429,6952375.00,8001329.00,270027,490215,45981,41364.6667
2026-04-07,37109,61533,17370,15130,52362,8008,101488.00,1945358.00,3039002.00,3036133.00,45489,29325.9667,49193.2857,35361.4286,3675674.00,1831804.00,253527,476477,28304,42488
2026-04-06,62622,35290,32454,25429,16806,15772,978602.00,-7390.00,2351535.00,4546984.00,46451.9,30380.9667,47533.2857,31923.1429,2678601.00,3664593.00,234499,433650,33756.6667,41187.6667
2026-04-02,24363,41120,10080,10247,27380,11554,-1075285.00,652036.00,2011514.00,3630521.00,46887.7,29920.6333,48485.5714,29669,3311421.00,1584100.00,249478,483375,27419.3333,50310
2026-04-01,40479,8502,8616,28049,3138,4535,-509519.00,-31837.00,628606.00,2046114.00,47645,30734.9,49279,32960.8571,1461900.00,984218.00,248973,467885,50450,59416.3333
2026-03-31,58721,51648,20915,31170,5453,44666,-234163.00,-2253294.00,3839929.00,2474248.00,47012.2,29770.4333,45760,34422.5714,1958529.00,3977660.00,242636,445957,36990,52722.6667
2026-03-30,51730,22108,16881,30550,10122,8566,-323160.00,-86178.00,1948084.00,3560889.00,47094.8,30972.8,44815.1429,34160.7143,2540202.00,2303220.00,236642,421832,33361.3333,52480
2026-03-27,67798,77594,19511,42559,38253,25573,-2144744.00,1471896.00,5338670.00,5052930.00,45579.5,29652.9333,40377.4286,24472,6539626.00,2922986.00,251320,461668,15943.6667,40223.6667
2026-03-26,38640,11268,12247,20405,7237,2797,-904374.00,900261.00,1380601.00,3056986.00,44990.0333,30309.2,40127.4286,24463.4286,2943633.00,1138998.00,248354,453178,22702.6667,42688
2026-03-25,51002,11222,26255,18418,5874,4134,-390966.00,117598.00,698523.00,3569832.00,44464.1,30683.4333,42472,25772.5714,2100738.00,1592174.00,244242,431510,39588.6667,37050
2026-03-24,31029,25341,16975,11005,15229,8745,195661.00,246595.00,1454072.00,2277600.00,44531.7,30902.6333,44535.2857,32257.1429,1706341.00,1655407.00,226539,416824,37900,41745.6667
2026-03-23,46033,31545,22350,17869,15970,13691,1109293.00,135830.00,1541366.00,3719995.00,45443.2,31736.3667,43649.1429,30295.7143,1809809.00,2783272.00,202903,393502,30642.6667,38646
2026-03-20,34088,61880,15004,14676,30790,17942,-697161.00,84728.00,3244433.00,3848199.00,46559.6667,30937.0333,45475.2857,23178.1429,3188859.00,2406970.00,420772,641706,13752,39580
2026-03-19,45116,20275,12416,26043,6682,12506,-218502.00,-316913.00,1257287.00,1733130.00,47582.2667,33141.0333,42144.8571,22055.7143,1266444.00,1364855.00,410427,625057,13789,47012.6667
2026-03-18,36734,9773,17129,16336,4799,3618,609569.00,52479.00,901092.00,3292296.00,47245.6667,33211.7333,43620,24447,1504136.00,2061226.00,407060,607994,34109,49925.3333
2026-03-17,36890,11208,18450,14434,3867,6382,361043.00,-287593.00,766177.00,2185264.00,47092.5,33400.7667,48410.2857,34500.2857,1015478.00,1664114.00,404547,599025,36311.3333,50905.3333
2026-03-16,67414,20386,41908,20428,6108,11981,575666.00,-2865.00,1707889.00,3760598.00,47955.8,33722.2667,44219,35062.1429,2137191.00,2715722.00,395042,565115,33535,44057.6667
2026-03-13,45472,70733,19706,20744,48254,19497,117888.00,1270878.00,4162305.00,2538135.00,48047.6333,33266.7,44077.4286,26828.2857,3580033.00,2427043.00,421896,604803,14096.6667,36168
2026-03-12,39830,17815,20348,16022,11395,5262,-5614.00,187828.00,1103156.00,2273979.00,48146.8333,33381.5667,43747,27023.2857,1560427.00,1366985.00,416309,594846,16995.6667,38578
2026-03-11,46871,12057,15924,25364,6810,4220,699659.00,-787298.00,1540696.00,3248035.00,48370.9667,33460.8333,47350.1429,28571.5714,1497267.00,2984224.00,411467,574724,40170.3333,46428.3333
2026-03-10,21803,12418,8973,9411,7047,4152,142821.00,-489480.00,1618414.00,1532786.00,49626.3,33516.6333,51785,35750.5714,1081734.00,1714035.00,408095,568940,44137.3333,51852.3333
2026-03-09,47060,26512,26898,15005,14304,9490,768030.00,19927.00,1376777.00,3163306.00,50561.6667,34968.8333,48023.2857,34910.7143,1599220.00,2347323.00,394601,552397,39665.3333,50992.6667
2026-03-06,70422,81581,30427,32798,37527,30040,-908939.00,-90748.00,9594875.00,5642958.00,49911.0667,32871.8,43565.5714,26488.7143,6340979.00,5522788.00,406206,589141,18865,40024.3333
2026-03-05,38075,24319,11284,22030,12234,9771,-871251.00,100270.00,1628973.00,2483031.00,50612.4667,33169.2333,46653.2857,25789.4286,2304485.00,1332964.00,396841,589047,18390.3333,51363.6667
2026-03-04,44481,13096,23056,14116,6028,5513,703292.00,-663824.00,1374042.00,3663408.00,51728.4333,33702.3333,45428.1429,26012.5714,1463910.00,2831026.00,391762,570006,34915.3333,54152.3333
2026-03-03,37517,19180,15348,17043,7121,8645,-409834.00,-163854.00,2341699.00,2989679.00,60736.3,35443.0333,53141.2857,32835.4286,2480522.00,2234542.00,392043,559471,35399.6667,48556
2026-03-02,72093,22895,37220,22410,8398,11513,347479.00,-1647056.00,3347634.00,4007920.00,59611.1667,35879.9333,48190.4286,33466.1429,2117675.00,4112210.00,381453,528199,35310.3333,37597.6667
2026-02-27,52847,62671,27269,18439,32388,18008,-198539.00,34478.00,3810673.00,2836209.00,62775.7667,35213.7,49669.1429,29217.4286,2922336.00,2689319.00,408482,581909,20894.6667,39878.3333
2026-02-26,20728,20633,7272,9944,9583,9749,-216212.00,124619.00,732594.00,3009125.00,64867.1333,35052.3333,52384.7143,29514.7143,1794329.00,1453498.00,401529,578744,18903,44937.3333
2026-02-25,39218,22627,17542,16375,6398,13964,-555695.00,-138985.00,1193221.00,8159098.00,66103,35566.9333,54526.1429,34593.5714,4307079.00,3890369.00,390046,568425,33674,62367.6667
2026-02-24,59689,19424,23988,22541,6182,9362,497671.00,-1808005.00,3090811.00,5766366.00,66735.1667,35552.6333,49190.4286,37247,2422879.00,4728555.00,380676,540625,36302.6667,54950.3333
2026-02-23,35905,14658,13187,11321,5152,7838,273360.00,-1825225.00,2598531.00,2746548.00,66486.4,35903.3667,47054.8571,39575.2857,1197956.00,3296541.00,374661,523873,42393.3333,64048
2026-02-20,91509,66940,39491,42381,32622,20590,-876281.00,-834372.00,2879788.00,6845091.00,65025.8667,34045.6333,39014.1429,33219.4286,4063695.00,4021786.00,446196,633810,27651.3333,46790.6667
2026-02-19,37437,27310,18354,13516,10960,14755,534801.00,-344825.00,1053175.00,3139948.00,64588.4333,33970.3333,38388.4286,33877.5714,1337632.00,2217258.00,428771,626347,37941,52381
2026-02-18,63198,32930,22998,31160,10626,19556,325127.00,-406094.00,1699568.00,4514539.00,63915.6,33478.1333,39842.7143,37252.8571,2181331.00,2912552.00,412483,600120,39630.3333,38761.3333
2026-02-17,39737,22714,14821,18826,10845,9453,-593617.00,-130599.00,2043712.00,2615029.00,65297.8333,33920.7667,43820.5714,39422.2857,2171948.00,1709028.00,398567,586143,42377.6667,32501
2026-02-13,54208,58179,24944,21161,18666,37688,482028.00,-1277753.00,3307238.00,3227688.00,64815.7,32725.9,46904.2857,43453.1429,2060877.00,3820658.00,438112,611951,30467.6667,26173
2026-02-12,22339,37998,7048,11255,15985,16064,-164241.00,-300867.00,1301106.00,1797904.00,65382.2333,31714.3333,47518.1429,39724,1154689.00,1291315.00,434301,607849,28440.6667,29745.6667
2026-02-11,20956,30956,8686,9835,5029,6480,241374.00,258940.00,1742421.00,2485232.00,65921.1667,31122.3,49138,37713,1717956.00,1700390.00,414272,601507,36974.3333,47219.6667
2026-02-10,35224,22449,9886,19269,6085,13484,-32055.00,-154925.00,1650555.00,2415117.00,66195.7667,31835.4333,57436.4286,38796.1429,1591644.00,1714514.00,401558,592602,42124.6667,58005.6667
2026-02-09,33057,31917,13867,14736,11408,17619,153807.00,-572593.00,3365352.00,3461457.00,65639.2333,31089.2,59603.5714,42388.8571,2689204.00,3415684.00,384090,580545,60284,72251.3333
2026-02-06,73378,56557,36765,29061,15597,28574,1022130.00,-2144207.00,7264206.00,4694736.00,64327.9333,29555.8,55236.1429,37346.5714,3118644.00,6552688.00,412194,609720,45396.3333,56670.6667
2026-02-05,67582,37900,29560,30300,17473,15418,255914.00,-742013.00,4772299.00,5069501.00,63581.7667,28851.4333,53238,33994.4286,3756436.00,4754363.00,404737,601497,38389.3333,44908.3333
2026-02-04,75794,86395,23306,43280,38289,42716,-519623.00,-371411.00,10165074.00,5303369.00,63404.1333,27144.7333,50905,23665.4286,7629137.00,6346638.00,359342,586945,19601.3333,50748
2026-02-03,26636,11894,11548,10774,4800,5235,-270929.00,31772.00,1106216.00,3250697.00,63913.7,27590.6,57831.4286,31977.4286,1945871.00,1643170.00,357509,583669,34658.6667,57945
2026-02-02,32295,16879,12468,14777,5598,9746,50062.00,-244598.00,2469027.00,3072042.00,65051.7,28462.1667,60489.8571,32233.2857,2157619.00,2452279.00,352688,573334,36119.3333,61448.6667
2026-01-30,93313,30031,37467,47829,18573,7888,-2487607.00,434865.00,2090510.00,7192635.00,63280.3333,27986.8333,55604.7143,32692,5647188.00,2724716.00,383608,624646,30920.6667,48209.3333
2026-01-29,48227,57066,17637,20909,20270,34946,-230139.00,-1424801.00,5577318.00,5657228.00,64076.8333,26934.2,59852.2857,28695.2857,3765410.00,4960357.00,379184,617469,16596,51954.6667
2026-01-28,42806,21261,16376,20275,8527,11122,975166.00,140461.00,1188789.00,4473770.00,65076.2667,28182.4333,97701.8571,35858.1429,1731509.00,2566214.00,363963,604993,32868.3333,62726.3333
2026-01-27,53595,14435,24640,23305,5648,7299,765278.00,-88962.00,2359849.00,4243401.00,64371.3667,28218,95522.4286,38939.1429,2373399.00,3227639.00,358714,585573,34280,61829.3333
2026-01-26,59463,14092,23035,30347,5956,6131,-1881528.00,-111130.00,1412330.00,5513735.00,63453.9667,27991.6,108139.8571,43023.7143,3929053.00,2158655.00,352430,571132,40663.3333,61714
2026-01-23,75121,70078,40576,25916,56256,10833,558888.00,1108744.00,3510312.00,7273323.00,63429.3333,26071.9,109332.4286,35268.5714,4898011.00,4348155.00,379364,629408,27000.3333,62660.3333
2026-01-22,50904,18670,23283,21036,8757,7611,-683509.00,221312.00,1438939.00,3314406.00,63022.2667,25791.8,112959.5714,38039.2857,2426603.00,1521782.00,370213,620684,44577.3333,148276.6667
2026-01-21,59117,33242,19298,31814,7126,24133,-1051806.00,-1679879.00,3115069.00,6344202.00,63356.3333,26403.7667,115750.5714,36004,3882205.00,4510278.00,347582,603583,45497.3333,141350.6667
2026-01-20,77960,29089,27936,35399,13172,12823,-178968.00,141719.00,2013311.00,11960210.00,61678.3,26552.9,108676.5714,35445.5714,4726755.00,4406068.00,336792,575558,50029,164625.6667
2026-01-16,307753,71401,136990,126056,36502,26797,862476.00,445119.00,3318347.00,38060752.00,52482.5667,24513.0667,71525.1429,26846.5714,16975889.00,17393246.00,562543,979141,31492.6667,89864.3333
2026-01-15,38339,36002,13772,16717,24560,10138,-215943.00,587442.00,1769733.00,5751086.00,53106.4667,23822.5333,69521.5714,25282.1429,3398011.00,2594626.00,551150,975345,32180.3333,102516
2026-01-14,147785,42684,52282,66300,20629,12404,-272524.00,331724.00,2158534.00,14718286.00,49655.7333,23202.0333,54554.1429,21779.2857,7124389.00,6520141.00,529272,955657,24284,79472.3333
2026-01-13,83469,15792,41027,32577,5517,7607,191729.00,-408507.00,1331465.00,7075965.00,52451.6667,23857.8333,54230.5714,24665.1429,3365912.00,3966148.00,528743,927883,27413.3333,61130
2026-01-12,76294,38065,33212,30215,12760,18173,256388.00,90223.00,2639029.00,6420789.00,53499.5,24076.6667,49009.1429,22417.7143,3462717.00,3628882.00,513701,919552,18461,51596.3333
2026-01-09,78654,18995,35400,32652,9052,7221,36159.00,44420.00,1250559.00,8120212.00,55070.0333,23971.1,43392.1429,20797.1429,3978008.00,3969747.00,529124,937633,20479.6667,33483
2026-01-08,28442,25180,12455,11253,20872,3385,86415.00,757332.00,1049134.00,2719113.00,57214.8,23673.6333,44632.4286,19085,1976035.00,1305118.00,528493,930926,18141,38340
2026-01-07,47693,11208,27318,12021,3774,5918,726764.00,-225671.00,787803.00,4207218.00,58100.4667,24313.9,44028,23747.1429,1659426.00,2611861.00,523886,923028,26402.6667,49510.3333
2026-01-06,24314,25051,11865,8976,14990,8462,92419.00,342005.00,1317765.00,2415782.00,60507.9,24200.7667,42891.8571,21529.8571,1742763.00,1493177.00,516346,917815,25496.6667,54653.6667
2026-01-05,43013,18164,16980,20408,4820,11301,-169345.00,-242912.00,877754.00,3456108.00,61206.5333,24900.2667,41609.8571,20442.8571,1849674.00,1923241.00,506393,902916,21992.3333,53427.6667
2026-01-02,81204,35993,43988,25425,12929,18241,1371482.00,-424780.00,1883524.00,5862331.00,60285.7333,24674.4667,36466,17696.5714,2373040.00,4169302.00,518232,909838,14393,38734.3333
2025-12-31,39744,22333,12579,16351,7483,13732,-400486.00,360486.00,1785841.00,2396900.00,61062.7,24729.8667,40854.7143,19533.8571,2170469.00,1409497.00,512950,901277,21563,39973.6667
2025-12-30,39335,7651,14345,13694,3703,2671,-428543.00,29396.00,977452.00,2210606.00,64406.9,26204.8333,41224.4286,22050.8571,1542285.00,1084346.00,512637,886294,22189.3333,32315.6667
2025-12-29,37124,13195,14944,17188,5588,5294,-24781.00,1016746.00,3254193.00,1550936.00,67096.2,27377.8667,45411.7143,26312.4286,2651376.00,1609849.00,504910,874633,21309.3333,31287.3333
2025-12-26,43462,43843,13443,26831,19791,21868,-490242.00,-1049889.00,2500821.00,1790187.00,67885.4333,27292.2333,44941.7143,22302.1429,1504246.00,2063893.00,518383,903256,12284.6667,31865.6667
2025-12-24,16361,9530,5269,6037,1475,4217,-38958.00,-184920.00,711099.00,675857.00,69945.1,27698.3,52907.5714,24581.7143,368246.00,514208.00,520057,897719,20839.3333,49900.3333
2025-12-23,34039,10555,10821,19456,4779,4036,-617499.00,7296.00,670574.00,2942730.00,70600.1667,28102.1,58443.2857,31460.7143,1917993.00,1293398.00,516010,891039,25744.3333,52528.3333
2025-12-22,45197,16769,16801,23797,8915,5900,-1282094.00,147503.00,1010584.00,4052690.00,73235.9333,29246.5333,56622,31279.7143,2933660.00,1504063.00,506872,873702,34496.6667,59607.6667
2025-12-19,70465,35194,34348,28329,18592,14236,634406.00,8582.00,2312363.00,4712973.00,73342.7667,29505.2333,51118.5714,27294.8571,2739973.00,3365797.00,586857,1154903,28022.3333,49510
2025-12-18,41923,25270,18681,19216,16145,7601,284716.00,977753.00,2891844.00,2737254.00,76028.3,29478.6333,55755.5714,25468.7143,2940893.00,2247856.00,592613,1155048,28094.6667,59576.3333
2025-12-17,66435,43026,25099,35531,14263,12642,-281978.00,813664.00,3758525.00,3103488.00,75950.8333,29140.0333,51792.2857,20788.8571,3160397.00,2064755.00,576080,1138852,33322,61694.3333
2025-12-16,40172,15771,16335,18591,9194,4631,368896.00,102090.00,1859612.00,4099396.00,77507.5667,30030,55930.4286,25907.4286,2331658.00,2598464.00,569210,1132553,33232.3333,59119.6667
2025-12-15,72122,25487,26537,31562,15403,7405,-704836.00,701675.00,2918317.00,9444615.00,80055.7,31392.8667,49572.8571,27061.1429,5277861.00,3871154.00,560341,1116313,27170,45726
2025-12-12,72789,58708,33850,33130,26656,21891,-166246.00,-511659.00,3111513.00,4267170.00,79864.2333,30509.1333,43728.8571,20132.2857,3058053.00,3403466.00,581508,1149290,11763,46257
2025-12-11,32448,15502,13973,14443,5856,7908,94803.00,-192331.00,1370622.00,2740356.00,80749.6333,30704.4,47244.2857,20101.4286,1579604.00,1866738.00,579032,1145336,10018,48338.3333
2025-12-10,31941,7300,13311,13230,2553,3974,-243185.00,-32537.00,720001.00,2733340.00,81004.2333,30988.4667,49004.5714,22497,1601865.00,1391217.00,576908,1141682,24785,60737.6667
2025-12-09,74382,12487,28938,29011,5804,5436,948151.00,24213.00,784284.00,9424554.00,80778.1333,31692.0667,62285.2857,25779.7143,2683398.00,3607336.00,572995,1114610,31810.3333,45150
2025-12-08,38692,10267,16814,17460,4374,4598,308803.00,-94083.00,1172301.00,3096282.00,82130.1667,32726.9333,72147.7143,30688.7143,1653684.00,2056570.00,569888,1095598,31790,42879.6667
2025-12-05,69139,51601,29433,29675,24641,17319,-248461.00,-179651.00,3274811.00,4053616.00,81807.0333,35154.1333,80237.8571,25578.2857,2909074.00,2840264.00,588944,1127279,19685,38852
2025-12-04,27619,33563,11606,13251,19184,6607,270490.00,154648.00,1480550.00,2447646.00,83798.8667,35319.4333,89547.2857,23105.8571,1726616.00,1842458.00,576594,1124850,16520.3333,44400
2025-12-03,31881,10206,12717,15291,3403,5830,-203241.00,-119087.00,894094.00,2935732.00,84150.5333,35608.0333,95601.8571,25993,1681434.00,1597280.00,574025,1117614,24940.3333,89555.3333
2025-12-02,57056,15286,25450,24848,7132,7082,175932.00,-118524.00,1423546.00,6692092.00,84655.8667,35802.9333,101242,26903.1429,3549756.00,3844212.00,569848,1110139,34721.6667,106446.3333
2025-12-01,44263,24069,17834,21582,10492,10082,307252.00,-333380.00,2865671.00,5237014.00,87620.2333,36382.1,104057.5714,29057.4286,3205554.00,3846735.00,561797,1106862,31974.6667,133615.3333
2025-11-28,167347,35466,80540,77916,13089,18832,672363.00,207670.00,2184303.00,25970155.00,85377.4,37381.4667,87805.1429,28165,15804556.00,11029249.00,577525,1125955,25571.3333,108761.3333
2025-11-26,107729,44630,45649,47421,20559,21681,-452550.00,-507301.00,3026754.00,9938272.00,83519.9333,37307.4,81422.8571,25217.1429,5571762.00,5626513.00,565286,1113157,20833.3333,97606
2025-11-25,125770,15828,71410,46665,7595,6874,2031520.00,237724.00,1645152.00,15326531.00,82022.1667,37453.4333,83407.2857,30370.2857,7002435.00,8999429.00,560732,1062377,22776.3333,87861.6667
2025-11-24,92785,16256,43332,40147,8576,6298,316920.00,559475.00,1893766.00,7481508.00,81620.1667,37477.6667,86981.2857,34960.2857,4467158.00,4224603.00,557239,1007442,30407.3333,78257.3333
2025-11-21,74263,30416,39090,28718,16009,10065,-38644.00,-4814.00,3721546.00,4709010.00,85678.2333,38823.9,85963.5714,36511.4286,3805835.00,3772005.00,617999,1172456,30008.3333,71363
2025-11-20,96537,21657,28753,55711,13381,6569,-564326.00,503247.00,2014726.00,5713786.00,85308.3333,39381.8333,83337,36519.2857,3946787.00,2879214.00,631483,1154292,30787.6667,60201.6667
2025-11-19,63972,39149,17616,38403,26652,10175,-1556594.00,2431177.00,5001546.00,4980056.00,85788.7,39185.5333,81868.2857,34165,6712902.00,2725131.00,623424,1160626,35038,85431.3333
2025-11-18,53580,29219,30317,19306,9184,17185,2511182.00,87537.00,3203658.00,6282847.00,86556.2,39299.0667,91966.8571,37291.1429,3206660.00,5630305.00,618172,1159319,41427,106839
2025-11-17,63053,23995,18032,40440,8712,10323,-2026194.00,-469900.00,3240685.00,6057690.00,90148.7333,40268.8333,93483.5714,39999.7143,4963239.00,3406945.00,607311,1152285,47186.6667,108201
2025-11-14,139661,51900,78318,44819,19484,18555,5498134.00,297275.00,6705849.00,16900482.00,92885.8667,40860.2,91030.4286,36081.4286,6962119.00,12440378.00,621634,1157718,37124,87697.6667
2025-11-13,117803,48386,45233,55135,24276,18505,-859588.00,553612.00,6880852.00,8825611.00,91415.0667,40302.9667,83360.1429,33864.5714,7471164.00,6057964.00,618890,1122009,28551.6667,66327
2025-11-12,67139,41274,27398,29541,15597,11475,1355268.00,1284994.00,5065991.00,8598906.00,92078.7333,39637.3667,86179.4286,34035.4286,5663142.00,5733416.00,603395,1112412,31827.6667,85370.6667
2025-11-11,78151,21712,42585,23825,9373,9099,705745.00,-249502.00,2874723.00,9783920.00,94105.7333,44712.7333,96238.7143,40415.5714,3906113.00,4861360.00,597814,1104486,38908.6667,83877
2025-11-10,53691,22669,22737,26278,8735,11826,195147.00,-195386.00,2324698.00,6735388.00,97947.0667,45868.4333,98146.4286,41776.5714,4030387.00,4422717.00,587661,1086516,39509.6667,106809.6667
2025-11-07,124270,51102,61868,52966,22964,22486,1999333.00,68692.00,6590165.00,13988780.00,99890.1333,45679.5333,88823.5714,37527.7143,8483401.00,10414042.00,612464,1128260,33431.6667,86756.6667
2025-11-06,73670,42955,25997,37087,22964,17738,-627038.00,1142536.00,6777787.00,6997636.00,100905.0667,46204.6333,83953.4286,33651.5714,7240750.00,5041892.00,609103,1117761,33270,91158
2025-11-05,122489,24472,48472,60136,10680,11693,-1473820.00,-138831.00,3776416.00,12629957.00,107763.6667,48119.5,76112,34954.8571,7922780.00,6587791.00,604240,1099153,47237,99850.3333
2025-11-04,64111,32868,29277,29313,20415,10272,312260.00,687876.00,3119914.00,8728585.00,107474.1333,47775.0667,78275.1429,36161.2857,5647100.00,5271484.00,589244,1094152,47013,100828.3333
2025-11-03,86874,42470,42289,34430,18269,19092,1284287.00,-500359.00,3047717.00,12961331.00,106977.9333,47119.4667,74356.7143,47868,6246631.00,8031277.00,567980,1072684,39976.3333,91540.3333
2025-10-31,148566,66373,69506,67051,24934,28103,-1871520.00,19994.00,7572000.00,15448469.00,106382.4667,46741.4,65615,43889.2857,11297759.00,9406245.00,615976,1116768,23126,55211.3333
2025-10-30,67045,32196,24578,34129,17772,11786,-437738.00,-608897.00,2787720.00,7932766.00,109070.7,46792.3333,62098.7143,41984.7143,4708972.00,4880131.00,602404,1107267,23592.3333,55396
2025-10-29,59010,21360,26032,27717,9722,9432,71696.00,-233873.00,2820863.00,10908611.00,110566.8333,46963.6,63985.2857,41952.2857,6159228.00,6464797.00,592081,1102415,30243.3333,62143.6667
2025-10-28,39579,15822,13870,20566,6882,7757,-1064180.00,4476.00,1207957.00,7531663.00,113431.2333,47772.6333,77358.8571,45612.5714,4384753.00,3316097.00,587596,1095090,66441.6667,68765.6667
2025-10-27,67599,33595,31827,27249,13309,13275,1753140.00,-511234.00,3802201.00,12559860.00,115844.9,47987.5667,81996.4286,50162.8571,5658403.00,7920067.00,574079,1074540,68084,75357.3333
2025-10-24,79253,41313,22412,49087,22708,15845,-1763959.00,597523.00,2993983.00,10098379.00,116207.2,47574.0333,78103.8571,50319.2857,6942966.00,4581484.00,612995,1122686,60601,63083.3333
2025-10-23,59445,124417,25333,26666,6814,115502,66416.00,-4027111.00,5912801.00,7511816.00,119519.8333,46204.8,81159.8571,35432.4286,3947112.00,8392339.00,500877,1116777,26173,67340.3333
2025-10-22,87374,38522,33779,43159,19141,10740,-456045.00,1267865.00,5732563.00,18023240.00,123398.7333,46988.6,80210,32355.4286,11366483.00,9689573.00,493942,1103476,27147,82613.6667
2025-10-21,42431,18864,18275,18344,11495,4400,-365491.00,593311.00,1913082.00,7785227.00,130691.3667,48509.1333,102149.1429,39775.2857,4573673.00,3614871.00,489569,1096276,42674.6667,101824
2025-10-20,72216,21133,32383,31360,8905,10175,840349.00,-31695.00,1875590.00,13190152.00,129620.2,48815.1667,104038.2857,42241.2857,6187417.00,7059461.00,478083,1076191,49766.3333,95087
2025-10-17,133194,41444,77739,42340,18647,18185,3748146.00,-147887.00,3450411.00,16060080.00,128798.6333,49295.8333,96208.1429,41072.1429,6484262.00,10380295.00,575450,1173433,42688,77634.6667
2025-10-16,100062,65447,40417,48784,43407,15579,-934000.00,1661967.00,11020332.00,16718353.00,127462.3667,47895.5667,92857.1429,36383.2857,13807589.00,11211622.00,554355,1169397,26533.3333,71189
2025-10-15,52005,42408,20060,20502,25717,13777,-108058.00,558999.00,2530834.00,11274665.00,127315.8667,47644.8667,109832,37909,5862965.00,5215333.00,539706,1165035,35998.3333,119189
2025-10-14,80837,20209,32460,29295,9221,8400,433267.00,241497.00,2008887.00,17204427.00,127195.4333,48465.8667,129966,44970.7143,6440289.00,6632059.00,535054,1158240,42060.3333,120723.3333
2025-10-13,80725,16983,35060,38650,6156,8990,1266017.00,-22465.00,1730552.00,18968956.00,127574.3667,49263.6667,128959.4286,47068.7143,8856622.00,10145104.00,528433,1135810,47486,119942.6667
2025-10-10,196005,70803,76808,87624,37550,27094,-1726257.00,1396847.00,8405306.00,39790108.00,122798.9333,48861.2333,113394.2857,39997.7143,20342226.00,17219122.00,562947,1174064,34760,80142.6667
2025-10-09,85440,38395,37736,39697,21946,13740,1275044.00,101197.00,2440064.00,17845494.00,122614.5,50217.1667,121040.1429,59366,8341890.00,9515737.00,556848,1161494,39657.6667,108605.6667
2025-10-08,78383,33260,38846,31673,20523,10702,3403305.00,-57240.00,1836790.00,17090290.00,122182.8667,49885.4667,133975.5714,62806,6371890.00,9832435.00,557620,1143708,51784.6667,156403
2025-10-07,76605,32625,33582,33999,14814,15241,-201555.00,-454208.00,3664355.00,17305838.00,122490.3,49666.6333,149112.2857,64636,9059220.00,9311873.00,546063,1136426,51466,155427.6667
2025-10-06,170829,53088,75006,70136,20748,24886,-116210.00,-804924.00,5380813.00,38529665.00,124521.3333,50298.8667,139582.1429,65438.8571,17813075.00,18501789.00,527784,1115375,40872,127501
2025-10-03,221775,69641,95547,94893,28424,35469,1684727.00,-3083959.00,13399039.00,32049904.00,119354.3333,49207.6,154792.4286,67192.7143,16621685.00,21390371.00,539265,1154762,75649.3333,99896.3333
2025-10-02,73679,31669,36408,27151,14657,13576,-192930.00,482537.00,2453558.00,11037462.00,120441.6,49678.1333,152184.7143,65887.8571,5922394.00,5246927.00,533436,1140094,84206.3333,131647
2025-10-01,87049,21306,33154,45879,11552,8066,-2457986.00,-351266.00,1378047.00,15467615.00,119943.8333,49733.6,150033.1429,66101.5714,8522634.00,6415914.00,529691,1111797,92249.3333,163484.6667
2025-09-30,138961,173973,22036,69596,81257,81206,-3181189.00,3979837.00,11173822.00,37947703.00,121942.1667,45403.3333,148853.2857,49109.8571,27239834.00,6773923.00,525998,1098130,53827.6667,151870.3333
2025-09-29,168931,57340,82310,68804,24209,28297,-452308.00,-1100990.00,5189579.00,30418406.00,121307.2667,45902.1667,145819.1429,45736.1429,15182363.00,15831045.00,500784,1079425,62020.3333,204975.6667
2025-09-26,182562,45435,111797,58603,22122,20644,350805.00,-176543.00,2857740.00,12769452.00,119910.5333,47175.1667,134580.8571,43030.8571,6695630.00,7222978.00,537901,1136989,54387,162596.6667
2025-09-25,104118,58708,40580,51072,32998,20861,-776608.00,290709.00,4223854.00,12118403.00,118300.0667,45726,137637,40371.5714,7335771.00,6268454.00,514734,1125410,42418.3333,151886.6667
2025-09-24,328247,81918,163887,132015,30832,39747,4802005.00,-918417.00,9351489.00,55654128.00,109556.9333,43399.2667,110745.8571,34389.4286,24315475.00,30263595.00,491562,1054419,33456,86038.3333
2025-09-23,55425,22535,23869,24888,9751,9036,-39698.00,-26525.00,1437914.00,8654786.00,110286.3667,43337.7667,115702.5714,35299.7143,4167200.00,4154027.00,485052,1054022,37185.6667,116794
2025-09-22,71988,22802,29739,35987,9606,10968,-527688.00,-68631.00,1859134.00,10446544.00,112045.5333,43245.6333,128107.7143,43948,5560952.00,5102145.00,471519,1027876,38417.6667,127429.3333
2025-09-19,130702,55031,44541,54599,27170,22291,-2662649.00,105798.00,2440888.00,22413839.00,110637.4,41881.2,138541.8571,44948.7143,10306665.00,7538218.00,609686,1252346,33438.3333,125699
2025-09-18,147692,33724,56828,78427,21083,11013,-310004.00,312310.00,1172642.00,18328481.00,109030.5667,41509.6,154758.7143,49342.4286,8944397.00,8322083.00,595646,1231882,35544.6667,123138
2025-09-17,103894,26498,48359,42066,10261,13421,-1019872.00,-132349.00,1606128.00,15560185.00,107687.4,41066.8,145642.5714,49887.5714,7769317.00,6881794.00,586443,1216524,36347.6667,118547.3333
2025-09-16,125511,40093,58263,53498,12493,24468,-1233862.00,-55462.00,1844390.00,22166721.00,106617.9,40572.4333,143219.1429,52140.5714,11130130.00,9951730.00,567870,1198883,50763.3333,129651.6667
2025-09-15,140009,40043,58900,65699,14064,23205,-1349887.00,182147.00,2502660.00,19581110.00,109994.2,41752.7333,131785.5714,49768.5714,10498023.00,8965989.00,547573,1171094,58094.3333,150895.6667
2025-09-12,90122,28907,39227,31198,14173,12928,21747.00,184745.00,1168774.00,8181055.00,110282.8333,41458.1667,125712.4286,50622.8571,3466525.00,3303527.00,589672,1205903,69952,207925
2025-09-11,158824,83340,65628,75501,38980,40293,-2703669.00,2340300.00,9082644.00,18342711.00,106995.8667,39175.9333,114055.2857,45122.7143,15009301.00,9965332.00,545454,1166412,52276.6667,168344
2025-09-10,203741,62036,78731,92053,28881,29741,179573.00,391926.00,3843428.00,25265455.00,102533.5333,37831.9,98105.5714,42105.7143,12411231.00,12198878.00,535413,1152331,50219.3333,136612.6667
2025-09-09,261210,64480,133774,91249,30438,29205,974058.00,185415.00,3207115.00,26355844.00,96606.8667,36352.9333,68324.4286,41284.2857,12239434.00,13028077.00,514383,1061171,36539,69534
2025-09-08,40081,30314,17360,18208,13231,14782,8152.00,9772.00,840285.00,2687483.00,100400.7333,36680.7667,74013.8571,48249.8571,1540688.00,1539068.00,508035,1047690,38063.3333,72043.6667
2025-09-05,108547,55864,58358,35834,17366,28825,689090.00,-65651.00,2060314.00,5656914.00,99419.0333,35648.2333,67854.8571,43599.1429,2638394.00,3393135.00,529406,1076646,34388.3333,61602.6667
2025-09-04,59974,23439,25863,25808,9593,11846,-332684.00,-122518.00,1100336.00,4271924.00,100137.5,35809.8667,71548.2857,43973.5714,2442144.00,2231978.00,528834,1064650,40214.3333,72309
2025-09-03,47610,34887,19827,22090,21543,9873,-308582.00,427750.00,1443673.00,4075876.00,101473.6333,35565.1667,97855.4286,49283.2857,2784277.00,2047945.00,514868,1051798,48162,74019.6667
2025-09-02,77224,44839,33562,36052,23340,19120,-203358.00,180745.00,1440406.00,6310216.00,107684.2,36609.6667,96361.2857,48149.5714,3598312.00,3214209.00,498089,1034087,59573.3333,74914
2025-08-29,92093,40917,33576,50236,17626,19776,-591920.00,127389.00,1843101.00,6013405.00,112689.3667,36919.1667,98390.4286,48845,3716084.00,2996775.00,526247,1094316,53704,66027.6667
2025-08-28,52742,58730,20146,26447,34000,21683,-716272.00,349760.00,1571362.00,4884826.00,117446.4333,36336.6,101158.1429,43736.4286,3441012.00,2374980.00,502682,1092338,42814,77056.3333
2025-08-27,79907,79073,22750,51057,42248,34700,-2517488.00,4677073.00,8626451.00,8008462.00,117971.3333,34593,118158.7143,38735.2857,11514895.00,4320334.00,436809,1077334,40474.6667,127674
2025-08-26,65434,23309,29423,26043,11958,9694,242072.00,407121.00,1251772.00,5755408.00,119319.7333,34746.7,130223,45734.7143,2916118.00,2751069.00,427512,1061764,45006,128117.6667
2025-08-25,85828,26060,47616,29831,10481,13507,1417841.00,141022.00,1469813.00,7419550.00,124100.5667,34897.0667,138056.1429,53958.2857,3253796.00,4530615.00,418998,1042334,51581,134940.6667
2025-08-22,231760,72055,105926,108913,31046,37136,-2679479.00,233959.00,2619900.00,24144214.00,122588.1,33789.3333,112919.5714,45840.8571,16239600.00,8719422.00,446360,1109141,35219.3333,81726
2025-08-21,66765,36903,22706,40479,27042,7265,-255254.00,547706.00,1203448.00,3768175.00,124774.6,33798.3667,112803.5714,42299.8571,2678814.00,1875854.00,427900,1098582,37606.6667,125774.6667
2025-08-20,106297,45785,46902,47683,17739,17843,-86530.00,632456.00,3349196.00,8717774.00,123796.4667,32823.2,108662.2857,38714.8571,5392383.00,4673397.00,407638,1060386,46446.6667,140303.6667
2025-08-19,72116,22970,29048,36403,12512,8528,20528.00,408495.00,1558680.00,5666575.00,122903.0667,32503,116183.2857,38296,3382340.00,2994373.00,404726,1050590,66665,163151.6667
2025-08-18,198911,44065,113170,71544,18682,22474,4269968.00,-80673.00,2009016.00,16489894.00,119582.9333,31952.0333,100404.2857,34015,6020098.00,11034859.00,385316,967332,57054.3333,115449.3333
2025-08-15,149884,72305,54229,69103,35471,20059,-1134692.00,1347295.00,5345198.00,6781520.00,118535,30289.8333,93204.7143,26910.8571,5842522.00,3360535.00,387902,1037846,36991.3333,87472.3333
2025-08-14,140660,83625,58479,68642,35554,31151,-430229.00,-440281.00,5368220.00,7816559.00,120980.3667,29340.3667,82196,16852.1429,5318678.00,5328730.00,333207,995404,16013,66355
2025-08-13,55804,15233,27806,22947,6348,7025,283469.00,89419.00,1558574.00,2717921.00,121939.2333,29785.1,87570.5714,18284.8571,1695997.00,1890047.00,328775,978874,17614.6667,89341.3333
2025-08-12,65953,12116,29180,27615,7029,4160,-70234.00,-372680.00,1669397.00,3615714.00,124876.3667,30853.2,112619.8571,27332.8571,1959578.00,2262024.00,323764,962634,18275.3333,96843
2025-08-11,77308,20690,32950,37181,7149,12237,35334.00,200355.00,1478186.00,4979108.00,130677.9333,31505.6333,115687.4286,27244.2857,2804175.00,2639154.00,309542,939009,18904,104236
2025-08-08,124763,20038,54928,49308,10375,7634,6785.00,9900.00,1144086.00,5440838.00,132264.2,31981.5333,106466.2857,26506.4286,2642552.00,2639437.00,333124,992627,16629.3333,83848
2025-08-07,88458,14098,32887,49299,6227,7023,-82979.00,-90447.00,572357.00,4531542.00,131601.2,32290.7667,103811,27594.5714,2280579.00,2288047.00,333373,971963,20350.6667,85504
2025-08-06,99487,22576,52839,38333,7363,13360,384167.00,-716489.00,1738009.00,5291800.00,131808.6,32514.2,101514.2857,27242.4286,2544669.00,3645325.00,326030,940197,37976,132774.3333
2025-08-05,63599,13214,27417,31114,4751,6482,-238551.00,-169666.00,1309106.00,3662643.00,133221.8333,33084,114414,31090.2857,2136198.00,2067313.00,321512,934515,40261.3333,144501.6667
2025-08-04,93426,25262,43668,41096,7613,15956,353685.00,-270529.00,1232996.00,4903104.00,133483.3,33222.7,112366.8571,31036.8571,2438586.00,3062800.00,308061,906542,36798.3333,133431.3333
2025-08-01,241298,75452,122762,89145,29605,33749,1602437.00,-1084618.00,10557997.00,15389743.00,128505.7333,31430.3667,89542.5714,24299.1429,9653543.00,12340598.00,324165,955672,18886,76289
2025-07-31,98781,20070,43728,37830,8970,8955,367531.00,-305450.00,1435335.00,7990026.00,130362.8,31806.0333,87958.7143,25367.1429,3144276.00,3817257.00,316680,919134,18899.6667,71165.3333
2025-07-30,60215,14873,25155,29696,7147,6118,-284454.00,-194126.00,1487982.00,5356420.00,131242.7667,32228.0667,117005.2857,34124.4286,2996876.00,2906548.00,313913,906023,27325,102392.6667
2025-07-29,69871,21715,29006,30158,8726,10525,-384052.00,-336503.00,1688071.00,8591019.00,133495,33153.4667,141630.5714,38194,4263216.00,4215667.00,306761,891393,28382.6667,105467.6667
2025-07-28,83410,20111,33513,39196,7887,9875,-86697.00,-132055.00,1253687.00,8425042.00,133542.2,33041.2333,157636.8571,41214.2857,4075873.00,4121231.00,298103,873714,31108.3333,104840.3333
2025-07-25,153897,40149,75454,63744,18059,18316,93317.00,1615.00,1561746.00,11032889.00,134459.3333,33233.8333,149316.4286,39302.2857,4873166.00,4964868.00,335245,946757,26907.3333,82772.6667
2025-07-24,79096,24888,40992,29773,8616,13816,756917.00,-264279.00,1286831.00,7101550.00,134474.5667,32998.8,153143.5714,39735.4286,3235107.00,4256303.00,328396,934870,44002.6667,144254.3333
2025-07-23,81528,28288,38549,35650,12357,13609,-160199.00,-17884.00,1523156.00,6805132.00,136985.7667,33095.3333,174247.1429,40061.5714,3773248.00,3630933.00,323840,925245,51307.3333,197827.6667
2025-07-22,87694,27546,39625,40037,13842,11281,-393658.00,129262.00,1651997.00,10565505.00,141272.4,33793.7667,188346,41672.5714,5685568.00,5162648.00,321275,906478,55876.3333,233747.6667
2025-07-21,263541,76174,115349,117266,33502,33331,259250.00,11285.00,5314559.00,36375389.00,136456.3667,32386.2667,169605.8571,36101.1429,17560816.00,17808781.00,300993,854864,39406.6667,177785.3333
2025-07-18,242248,50202,111399,95522,27490,17628,1555543.00,217757.00,2079772.00,20663791.00,131949.5333,31701.3333,145992.2857,31290.8571,8843260.00,10181046.00,366710,940884,31979.3333,132331.3333
2025-07-17,195454,41253,88972,93506,19315,18922,358237.00,126651.00,1822190.00,15053596.00,128658.6667,31226.5333,124543.7143,27306.7143,7509392.00,7740978.00,354191,932611,28418.6667,143597.6667
2025-07-16,95654,26765,40441,46319,14979,10233,-73537.00,152425.00,835431.00,7076814.00,129224.6333,30982.8333,125065.5714,27416.8571,3520985.00,3295023.00,343902,919874,32438,173841.6667
2025-07-15,105886,27920,49037,46872,16108,9830,598316.00,355979.00,1254112.00,7656297.00,127867.2333,31190.5333,126859.8571,26633.8571,3805267.00,4047604.00,327639,891530,35522.6667,182666.3333
2025-07-14,229253,30571,95586,112878,14148,12036,-2602366.00,463007.00,2123053.00,21657109.00,122475.8667,31019.2667,124683.8571,30143.8571,11993115.00,8927742.00,314036,835910,30842.3333,131899.6667
2025-07-11,186386,38823,92455,79660,19815,16093,112106.00,163454.00,1679651.00,12810956.00,118907,30528.7,110138.7143,28679.8571,6306339.00,6254991.00,339428,879889,22356,84875.6667
2025-07-10,132360,37174,58680,51435,17909,16666,605618.00,307809.00,1483441.00,15124713.00,118814,30245.2333,113239.7143,29677.7143,5559602.00,5857411.00,327702,869305,19143.3333,73858
2025-07-09,76953,16530,42852,26436,8651,6880,824070.00,87945.00,769975.00,5660632.00,120561.0667,30830.9,138154.2857,33068.1429,2531038.00,3267163.00,322576,849461,21113,87689
2025-07-08,45314,13364,20859,20600,6331,5844,-369612.00,150158.00,675418.00,3722752.00,123219.8,31297.6,156302.4286,36061.1429,2184136.00,1664366.00,319904,840479,35038.6667,143924.6667
2025-07-07,99307,27536,42818,42659,12439,12354,-613182.00,13565.00,1524638.00,7093395.00,125152,31518.1,151911.1429,35466.7143,3825281.00,3198534.00,308212,810934,35385,139012.3333
2025-07-03,118446,22439,57011,50515,12221,8332,-20230.00,377323.00,925148.00,8912841.00,123237.4333,31565.6,150091.5714,36443.8571,4519249.00,4115486.00,336758,862092,42625,150886
2025-07-02,214021,55141,92946,97409,25212,25397,-1097849.00,159749.00,1962029.00,16777759.00,119509.8,30540.3667,134659.4286,32896.2857,8781224.00,7523626.00,325082,842199,37665.6667,163330.6667
2025-07-01,84570,28575,36361,38285,14527,11465,-752538.00,235706.00,1236920.00,6472588.00,123450.8667,31143.3333,137045.1429,33017.4286,3708425.00,2720181.00,322199,837680,39579,192591
2025-06-30,154067,44159,72225,64057,22238,18597,242502.00,552184.00,2535011.00,11021068.00,120579.3333,30123.7333,128174.2857,29806.4286,6081881.00,5772199.00,304502,798100,32651,164091.3333
2025-06-27,251355,40263,140152,86857,17929,19159,2698054.00,145424.00,2514810.00,12764487.00,113869.2333,29474.1,114336.8571,28531.7143,5500962.00,8114742.00,325751,831114,28989.6667,115542.6667
2025-06-26,172351,34315,74810,82702,16196,16146,-2013326.00,50928.00,954538.00,11602823.00,111134.2333,29083.4667,102088.7143,27563,6712868.00,4269398.00,309984,827392,27654,93424.3333
2025-06-25,68568,23375,35399,26899,10557,11721,713072.00,103106.00,881762.00,3714143.00,112739.9667,29477.9667,111927.2857,31291.8571,1781907.00,2391873.00,299905,810757,29670,104325
2025-06-24,105709,29279,60542,37365,16661,11513,653734.00,90812.00,1085660.00,5109669.00,114585.4667,29393,108944,29501.1429,2571484.00,3134406.00,283501,782107,27137.6667,99745.6667
2025-06-23,105996,30308,44246,53288,14826,12835,-7624.00,-126272.00,2090391.00,4530333.00,115303.3,29322.4667,119717.5714,31732.4286,2907345.00,3025993.00,269363,734476,27481.6667,115911.3333
2025-06-20,101270,29423,42804,51945,12927,12902,-810909.00,-43788.00,1207918.00,5045493.00,113000.2,28817.5333,116615.1429,30077.2857,3158426.00,2391305.00,422807,1055677,26852,111026
2025-06-18,91971,21682,34543,45292,7611,12001,90298.00,-343349.00,1013524.00,4056931.00,111008.9667,28433.1667,125885.5714,31434.7143,1853876.00,2287523.00,413508,1037701,36117,126181.6667
2025-06-17,154493,31340,110291,38262,18326,11027,3549987.00,-149682.00,1363042.00,13841794.00,109332.6667,28664.9,134714.1429,33886,2546178.00,12125847.00,401339,1007225,31251.6667,102959.3333
2025-06-16,86614,27534,40636,39823,15342,9057,-129589.00,68121.00,981169.00,3774502.00,114562.3333,30077.7,139349.2857,34802.4286,2200198.00,2002488.00,392579,975494,37382.6667,134558.3333
2025-06-13,137438,49477,68023,61909,25665,19510,-432824.00,-123122.00,2038696.00,5618976.00,114024.8,29604.0333,135007.1429,31970.5714,3614092.00,3304390.00,416863,1045221,26836,115263.3333
2025-06-12,84826,16744,32097,44553,7786,7013,-660833.00,96984.00,695123.00,4973017.00,113414.2,29542.3667,136707.4286,33437,2848839.00,2091022.00,412004,1024406,31649.3333,139276
2025-06-11,181411,45927,41723,125759,21572,21468,-6428055.00,-13187.00,1812044.00,21477829.00,109563.8333,28558.2667,126882,29655.1429,17564695.00,4289827.00,399643,990560,32506.6667,150903.3333
2025-06-10,79553,17837,39737,29127,7773,8066,-66166.00,-32179.00,1061594.00,5968922.00,108552.8333,28671.0333,124826.4286,31985.7143,2989799.00,2955812.00,394046,972763,37877.3333,164072.3333
2025-06-09,156864,31184,84193,54463,12902,15322,2890877.00,-38608.00,1267438.00,10426682.00,107896.1333,28422.8667,112061.8571,31164.1429,3659944.00,6589429.00,379496,916283,37367.3333,147465.3333
2025-06-06,216293,48499,109447,85320,24427,19664,647208.00,352100.00,1885952.00,10731010.00,104894.7333,27560.5667,92494.2857,27679.4286,5537500.00,5832608.00,398788,940358,30204,107610.3333
2025-06-05,119060,33949,43893,66561,20701,10081,-1105833.00,432883.00,1153983.00,7067319.00,106048.2667,27403.5333,93995.7143,26925.2857,4964887.00,2694112.00,390885,897181,25372.3333,105468
2025-06-04,107043,29654,60256,36387,11964,15005,698018.00,-237130.00,1094898.00,5994145.00,106584.8333,27506.9667,97184.5714,27560.4286,2646157.00,3581305.00,381987,876167,26871.3333,91508.3333
2025-06-03,96728,27009,52527,36482,8869,16532,65330.00,-246108.00,1247345.00,3816750.00,105784.3667,27083.8667,101234.2857,27611.2857,2082641.00,2435946.00,375383,848933,26346,81769.6667
2025-06-02,112633,19454,41833,65699,8485,8468,-231135.00,-71797.00,672391.00,2846699.00,104354.3,27236.5667,107611.4286,29710.8571,1657692.00,1498354.00,366912,789904,27896.6667,70665.3333
2025-05-30,65164,34151,30362,31427,12558,17432,-252465.00,-596416.00,1882140.00,1810913.00,105203.0333,27135.4667,107017.8571,28241.2857,1496595.00,1840546.00,390139,895989,26069.6667,92134
2025-05-29,67512,25433,21307,42681,7509,15599,-427609.00,-479303.00,1183506.00,2776304.00,105275.1333,27098.8667,111972.1429,28091.4286,1729716.00,1781410.00,387366,882240,28958.6667,112751.6667
2025-05-28,79320,24106,26659,46121,9784,10976,-692254.00,-88174.00,1161781.00,3924636.00,104660.1333,26959.4333,129612.4286,31314,2469122.00,1865042.00,377811,860976,30045,128003.6667
2025-05-27,129570,28670,59327,63726,12971,12631,-180737.00,-155705.00,1445833.00,4655997.00,103301.6333,26568.6667,120805.4286,29157,2749093.00,2724061.00,370153,812635,31872,137238
2025-05-23,129365,34100,61827,57682,11954,17181,-37253.00,-574871.00,1485317.00,4435251.00,100837.4,26215.9,109475,27253.2857,2196126.00,2733744.00,400708,916438,28460,114452.6667
2025-05-22,125076,27365,66765,49000,10741,14156,472390.00,-304262.00,1368398.00,5339610.00,99836.1667,26083.4,104507.1429,26572,2658984.00,3435636.00,395250,870604,27466.3333,106824.6667
2025-05-21,157273,34151,83927,64113,13131,17458,-29906.00,-88997.00,2210090.00,6857878.00,96656.5,25838.8667,98716.7143,26723.2857,4145120.00,4204211.00,383898,823772,31637.3333,122001
2025-05-20,61009,23864,24434,28006,6094,12043,-225447.00,-228176.00,2088086.00,2834774.00,96734.6667,26080.7,113011.7143,27132.7143,1573731.00,1576460.00,372812,801874,28206.3333,124305
2025-05-19,102192,24384,57900,37974,9062,12653,2244699.00,-178255.00,823553.00,9023845.00,96282.8,27021.6333,116631.5714,27676.7143,2825060.00,6457921.00,358482,833371,27003,106925
2025-05-16,202802,46664,80838,99372,23276,19548,-1691079.00,-122526.00,2258819.00,13373335.00,91122.5333,25933.6,92256.5714,23049.7143,9442195.00,4553642.00,396090,984590,18980.3333,69424.6667
2025-05-15,67921,13571,34846,27374,5795,6206,-92834.00,15865.00,551730.00,2391539.00,90704.9667,26084.8333,87158.4286,22561.1429,1322099.00,1213400.00,393885,971159,26193.3333,85697.6667
2025-05-14,50052,20774,19337,23902,3988,15258,-415346.00,-198892.00,734949.00,2797237.00,91492.5,25737.2667,94894.4286,25063.7143,1519164.00,1302710.00,379238,968149,28178.6667,122705
2025-05-13,90301,22596,46962,36310,6331,14132,137145.00,-165672.00,909494.00,5247529.00,90404,25545.0333,116780.5714,31824,2579381.00,2882198.00,368821,952764,30044,135115
2025-05-12,116740,35210,60337,49215,11524,21549,40569.00,-402140.00,1473964.00,4471579.00,89429.9333,25609.1667,117433.7143,31832.1429,2444785.00,2887494.00,355663,905485,23065.6667,106927.3333
2025-05-09,161074,26730,86309,62812,13158,11065,68702.00,129425.00,1104345.00,6004951.00,86663.4667,25298.0333,103924.2857,30141.2857,3200101.00,3139378.00,376154,974035,17539.3333,63980.6667
2025-05-08,127531,28192,71450,44707,10370,15895,1179926.00,-121136.00,1079027.00,5455191.00,84209.0667,25128.6,95119.8571,28457.2857,2175545.00,3476607.00,366847,945766,20906,56205
2025-05-07,32177,14275,14618,15136,5538,7645,-43024.00,-280077.00,745476.00,1498695.00,84981.0667,25137.5333,97555,29449.4286,888885.00,1125938.00,360406,936655,39453.6667,126647.3333
2025-05-06,32234,10151,16788,12660,3964,4895,-32742.00,-16433.00,530992.00,1373905.00,87399.6667,25451.1333,112544.8571,31390.5714,814252.00,797943.00,357299,927619,47825.6667,156340
2025-05-05,104204,38292,52137,45225,18867,14994,-150080.00,184394.00,1745461.00,3531245.00,86470.5,24749.0667,115694.4286,29153.1429,2500125.00,2165651.00,341894,886519,40026.3333,143774.6667
2025-05-02,243504,69918,119679,98654,32443,30036,1979820.00,-2998.00,4477091.00,15123268.00,80420.5667,23151.3,102860.4286,23341.7143,6824750.00,10549768.00,365356,920059,22188.3333,84573.3333
2025-05-01,121312,35267,73045,39938,17272,14923,1730646.00,475405.00,1529326.00,5448273.00,78315.1667,22835.0333,103121.5714,22983.1429,2590808.00,3846049.00,357156,894838,17506,60543.6667
2025-04-30,66508,14894,28241,34127,7359,5549,-15889.00,114125.00,777591.00,1871144.00,77340.3333,22840,104008.1429,22900.5714,1184049.00,1054035.00,349308,873408,20454.3333,84095.3333
2025-04-29,65900,16404,33753,27565,9128,5812,1049919.00,138632.00,820676.00,3417727.00,76885.0333,22927.4,104555.4286,23990.7143,1478549.00,2389836.00,341982,848805,22529.6667,104212.3333
2025-04-28,49223,21220,19223,25491,11605,7803,216385.00,16085.00,997248.00,2607665.00,78188.9667,23000.2667,110470.1429,25404.7143,1533639.00,1733939.00,334180,834734,25202.3333,139026.6667
2025-04-25,137163,23739,63520,57393,12448,8480,530484.00,204454.00,1024819.00,5025861.00,75438.0333,22889.3667,100829,25489.8571,2313589.00,2639619.00,358895,889052,28208.3333,134352.3333
2025-04-24,126251,22630,69889,43116,10868,9121,158660.00,1474.00,1458973.00,5457259.00,72837.6333,22574.3,91488.8571,25103.1429,2419486.00,2576672.00,353674,850896,25437,116506.6667
2025-04-23,153666,29238,71912,70652,14987,10781,1574460.00,67087.00,1452323.00,10907268.00,70417.9,22320.8,82224.4286,23347.2857,5000396.00,6507769.00,347314,811774,23702.6667,88528.3333
2025-04-22,123140,32757,68380,45667,14214,15836,1120353.00,-271676.00,2012212.00,4887270.00,69879.5667,22745.1,72552.7143,22027.2857,2444732.00,3836761.00,333867,779061,23156.3333,77690.3333
2025-04-21,72714,14316,36046,31369,5708,7156,235251.00,-179704.00,944834.00,2158765.00,75142.8333,22982.4667,75742,23323.5714,1167112.00,1582067.00,327409,751264,26496,76677.3333
2025-04-17,69731,24035,37062,27908,11020,10311,193331.00,-347649.00,1781495.00,1942152.00,76796.3667,23119.0333,74620.8571,23720.7143,1288986.00,1829966.00,363696,927751,25125.3333,73723.6667
2025-04-16,90626,31118,40798,39679,18294,10733,133128.00,382901.00,2294370.00,1961001.00,76638.1,22536.4,70724.8571,23720.8571,2089340.00,1839567.00,353321,896558,20401.6667,73120
2025-04-15,69675,24335,35736,29713,11487,10739,-87674.00,217081.00,1917134.00,2034560.00,77779.6,22979.9333,73433.5714,27760.4286,1882376.00,1577621.00,343625,868986,20129,68374.3333
2025-04-14,60870,19923,28745,27533,10279,7888,383596.00,167362.00,1257867.00,2098074.00,80111.3,23549.5,71594.1429,26917.5714,1425076.00,1641310.00,340990,849407,21284.6667,79764
2025-04-11,88815,16947,49826,33228,7614,7349,-21588.00,113272.00,978479.00,1883246.00,80326.6667,24066.1667,66819.7143,27083.4286,1332636.00,1197776.00,359599,904525,24574,70786.6667
2025-04-10,55438,23517,31356,19849,11164,9768,194975.00,173582.00,1871351.00,1448200.00,81486.9667,24237.5,69425.4286,25202,1460982.00,1482375.00,356424,888218,27108,73425.3333
2025-04-09,95039,23390,52078,35578,10306,10584,388459.00,-131494.00,1785970.00,3665723.00,81771.5,24591.2333,64083.5714,24264.7143,2176032.00,2695985.00,351135,866657,36848.6667,71291
2025-04-08,61883,26815,29832,26815,15843,8109,-89207.00,992687.00,3544376.00,2595848.00,86492.533333333333,26624.033333333333,67745.714285714286,25738.857142857143,3212444.00,2130550.00,347427,848785,32584.666666666667,66661.333333333333
2025-04-07,63354,31119,28339,28972,15807,12584,233358.00,437250.00,2765179.00,2046401.00,89099.733333333333,27857.833333333333,69849.428571428571,23778.428571428571,2276514.00,2072622.00,342201,827727,28247.666666666667,64008.000000000000
2025-04-04,88636,52612,44155,37867,34056,13523,198647.00,1584675.00,4579004.00,2807993.00,93954.500000000000,28538.066666666667,64887.000000000000,19563.714285714286,4046341.00,2660313.00,368324,896876,14159.333333333333,59022.000000000000
2025-04-03,47994,14023,23679,21067,7049,5590,81216.00,31685.00,902924.00,1534958.00,96762.233333333333,28707.833333333333,65936.000000000000,19638.000000000000,1005503.00,1055034.00,365906,890589,15094.666666666667,62239.333333333333
2025-04-02,55394,18108,28804,21826,5671,10447,143487.00,-143337.00,969986.00,1828998.00,96915.500000000000,28621.633333333333,72992.857142857143,19845.285714285714,1041303.00,1328127.00,359424,875691,21436.666666666667,72947.333333333333
2025-04-01,73678,10347,29794,40467,4883,3939,188266.00,-92657.00,859636.00,1765633.00,97738.333333333333,29504.900000000000,73371.571428571429,20828.571428571429,1030119.00,1311042.00,357656,849098,23786.333333333333,74414.666666666667
2025-03-31,57646,16829,24006,30097,7656,7511,96234.00,-332500.00,1474605.00,2222052.00,100521.633333333333,30494.666666666667,73994.428571428571,21565.142857142857,1368703.00,1797437.00,352273,830498,25879.666666666667,73165.666666666667
2025-03-28,87518,37134,41760,41228,19511,13833,391882.00,47803.00,2361676.00,2519685.00,107135.533333333333,32554.400000000000,69799.000000000000,19943.000000000000,1856387.00,2200466.00,357259,901930,18349.333333333333,62438.666666666667
2025-03-27,78080,17396,43138,28645,6285,9413,523677.00,-637156.00,1572740.00,2324954.00,106671.966666666667,32488.766666666667,63968.000000000000,19606.857142857143,1112856.00,2273689.00,354914,880519,19070.333333333333,71342.666666666667
2025-03-26,53899,23109,25856,24674,15699,4657,229474.00,183122.00,826414.00,2347498.00,109861.400000000000,32428.133333333333,63731.142857142857,19023.571428571429,1402656.00,1449008.00,343702,873231,17110.666666666667,78819.333333333333
2025-03-25,55337,14543,28102,19889,7084,6010,-87555.00,-57725.00,756684.00,3043128.00,112685.300000000000,32664.300000000000,68446.000000000000,20289.714285714286,1274557.00,1244727.00,338956,854399,19591.333333333333,81042.333333333333
2025-03-24,104792,19559,55237,43686,7153,10076,548590.00,-415482.00,1061945.00,4090939.00,115826.033333333333,34389.733333333333,61280.714285714286,20411.571428571429,1817715.00,2781787.00,333557,818834,21664.666666666667,65495.000000000000
2025-03-21,76329,17230,37806,34380,6699,8109,303143.00,-119472.00,1212810.00,1855928.00,117121.533333333333,34766.166666666667,57267.857142857143,19832.714285714286,1136643.00,1559258.00,405395,1121203,20935.666666666667,52473.000000000000
2025-03-20,62006,21985,32919,25548,8507,11812,127550.00,-225237.00,999326.00,1866001.00,117628.066666666667,34986.866666666667,59991.857142857143,19782.428571428571,1080221.00,1433008.00,400017,1108782,19949.333333333333,49218.000000000000
2025-03-19,58150,25779,31112,20011,9277,14670,292298.00,-505191.00,1993687.00,2471705.00,118892.733333333333,35063.266666666667,66969.000000000000,22597.714285714286,1265773.00,2063262.00,391795,1092844,19158.333333333333,59281.666666666667
2025-03-18,37263,15043,16306,18511,7173,6477,-50232.00,18954.00,2032804.00,1372014.00,120981.133333333333,36225.433333333333,94590.285714285714,23511.142857142857,1505988.00,1436802.00,392976,1085176,20948.000000000000,65072.333333333333
2025-03-17,52241,19026,22169,22704,5411,11193,-145498.00,-427728.00,1505156.00,2459575.00,123333.700000000000,37717.800000000000,104175.428571428571,24812.000000000000,1243791.00,1526021.00,395139,1060048,18998.666666666667,63738.333333333333
2025-03-14,88341,23406,46077,36051,12072,8663,515044.00,124029.00,1818555.00,2875689.00,125501.700000000000,38242.300000000000,103823.571428571429,23416.714285714286,1834011.00,2225026.00,414612,1129324,18407.666666666667,61316.000000000000
2025-03-13,54635,20412,27348,23697,9227,9649,6970.00,-56934.00,1038012.00,1701736.00,127476.133333333333,38360.566666666667,110864.285714285714,25878.000000000000,1158210.00,1222114.00,413225,1107949,26765.666666666667,78767.666666666667
2025-03-12,48239,13178,26965,18229,4861,6392,311519.00,141079.00,1177454.00,1670597.00,130373.033333333333,39148.900000000000,122661.714285714286,29282.571428571429,1157878.00,1328318.00,413121,1094666,29518.666666666667,139558.666666666667
2025-03-11,81074,21633,39453,35735,8130,10457,113144.00,-373694.00,2951248.00,3335003.00,133206.033333333333,40649.233333333333,124690.571428571429,30827.428571428571,2426196.00,2913034.00,410110,1076406,31685.000000000000,152313.000000000000
2025-03-10,106990,45486,48813,52272,23559,15677,153982.00,447658.00,4852415.00,4360419.00,136259.533333333333,42281.033333333333,122298.714285714286,28423.285714285714,4131413.00,3837737.00,400207,1053646,21069.333333333333,145275.666666666667
2025-03-07,230612,21437,111515,111528,8529,10371,-411043.00,-160679.00,1827675.00,5146624.00,138749.100000000000,43546.466666666667,104150.571428571429,30218.285714285714,3279037.00,3028673.00,425324,1155582,26470.666666666667,103045.000000000000
2025-03-06,119337,28132,63877,51056,13259,10969,-146517.00,181927.00,2036545.00,4941353.00,141128.000000000000,43787.266666666667,116175.857142857143,38742.142857142857,3383640.00,3055196.00,417723,1118352,29430.000000000000,106873.000000000000
2025-03-05,85878,13639,43800,37169,5696,6627,344213.00,-84221.00,852926.00,4484266.00,143535.233333333333,45199.333333333333,124131.857142857143,46527.000000000000,2237540.00,2665974.00,414201,1103535,35699.333333333333,110005.666666666667
2025-03-04,103920,37641,50160,44820,16383,17468,206141.00,-475213.00,3991310.00,4873206.00,148597.000000000000,45741.466666666667,142754.571428571429,51581.000000000000,3612800.00,4294154.00,409411,1076579,32704.666666666667,105448.000000000000
2025-03-03,130821,37010,59667,61161,15937,17887,760794.00,-471674.00,2462067.00,8077853.00,146854.400000000000,45558.600000000000,142955.285714285714,49024.714285714286,4191047.00,5423515.00,399095,1039028,31702.000000000000,96366.000000000000
2025-02-28,95276,32447,50871,37451,13865,15741,555487.00,-135761.00,1602338.00,3994651.00,159236.600000000000,46193.333333333333,137914.714285714286,46606.857142857143,2085782.00,2777030.00,439782,1150192,50152.666666666667,132445.333333333333
2025-02-27,90247,28657,38328,45456,12312,13310,-87850.00,-387764.00,2488561.00,5344711.00,162860.966666666667,46267.366666666667,139074.142857142857,47776.571428571429,3354345.00,3654259.00,449085,1137467,63311.333333333333,149553.000000000000
2025-02-26,103575,34002,45811,48763,15186,12436,381296.00,-585537.00,4506386.00,5707849.00,166106.800000000000,46244.100000000000,144441.285714285714,49565.142857142857,3621481.00,4588314.00,434276,1107824,76317.000000000000,193121.000000000000
2025-02-25,203514,87799,112265,75915,45562,34551,4777626.00,420441.00,8133860.00,12967122.00,162461.366666666667,44452.566666666667,156215.714285714286,51154.714285714286,7438854.00,11796039.00,410084,1053967,53422.666666666667,169358.333333333333
2025-02-24,141570,68133,73995,57064,29354,24474,-6797.00,-241558.00,5605157.00,6982761.00,162857.866666666667,43642.966666666667,145159.000000000000,43625.285714285714,4890202.00,5124963.00,386297,1002167,35885.666666666667,142165.666666666667
2025-02-21,234279,73019,87860,108330,42751,22762,-1020420.00,252311.00,3711533.00,17620164.00,159905.600000000000,42474.800000000000,133059.428571428571,36235.428571428571,8917615.00,7660872.00,424599,1209719,23827.666666666667,96860.333333333333
2025-02-20,132226,19116,58565,60232,7774,9560,-599131.00,-212580.00,1240289.00,10971603.00,160204.300000000000,43079.800000000000,134177.714285714286,36594.285714285714,5524523.00,5865792.00,421052,1214435,32963.000000000000,99833.333333333333
2025-02-19,59992,15522,26701,27619,6767,7160,307843.00,-183406.00,1125447.00,3480336.00,165983.866666666667,45143.433333333333,154038.000000000000,44565.714285714286,1767762.00,2259011.00,417110,1198776,60764.333333333333,175147.666666666667
2025-02-18,98363,36845,35073,54562,15807,16304,-1495045.00,-281326.00,2291521.00,6995460.00,165988.733333333333,44828.966666666667,156442.428571428571,43376.857142857143,4344382.00,3130663.00,402621,1173705,53625.000000000000,163751.000000000000
2025-02-14,141145,46522,70329,60527,21443,19938,1517217.00,-16872.00,1940158.00,8564946.00,164923.466666666667,44569.466666666667,147307.714285714286,40817.428571428571,3840130.00,5374219.00,443555,1253993,45214.333333333333,166563.333333333333
2025-02-13,285935,98926,154835,107237,41115,53586,4460469.00,2160119.00,8986699.00,23665321.00,164069.900000000000,45799.000000000000,120187.000000000000,30695.285714285714,14043374.00,16513724.00,420400,1146181,19448.333333333333,117936.333333333333
2025-02-12,64173,15427,26981,32158,5154,8884,-337667.00,-802736.00,1770859.00,3435372.00,164551.733333333333,46729.533333333333,125293.000000000000,35621.142857142857,2181675.00,2646744.00,414806,1124425,38080.000000000000,162883.333333333333
2025-02-11,149582,21290,69211,69434,10752,8542,1519302.00,327049.00,1623531.00,7424888.00,161638.666666666667,46849.800000000000,121469.571428571429,41693.571428571429,3534952.00,4727205.00,406832,1041262,40491.000000000000,151420.666666666667
2025-02-10,140054,21628,31912,98753,8915,10544,-4603101.00,214.00,1001683.00,14085781.00,159706.566666666667,46978.066666666667,123373.428571428571,44195.428571428571,11610410.00,2783095.00,397953,989417,42817.000000000000,130470.000000000000
2025-02-07,199014,71322,101487,82682,29332,35965,31478.00,-326811.00,3039604.00,11618911.00,156203.633333333333,45957.033333333333,111209.714285714286,37429.428571428571,6577890.00,6936179.00,424897,1041272,28400.000000000000,96162.000000000000
2025-02-06,115194,28523,55214,36348,12464,12900,2955908.00,-130776.00,1713260.00,10432810.00,156392.166666666667,46304.800000000000,114060.000000000000,38615.857142857143,3177373.00,6264057.00,421552,1009122,35528.333333333333,91069.000000000000
2025-02-05,77202,28606,26553,40489,11817,14213,-1278921.00,-7195.00,1424703.00,5842715.00,158523.466666666667,47401.533333333333,126754.571428571429,44049.714285714286,3816750.00,2545024.00,418180,989718,47258.666666666667,106274.333333333333
2025-02-04,96090,28071,37845,45461,8571,16906,-824988.00,-505699.00,1823880.00,8583538.00,160691.533333333333,48900.933333333333,141398.142857142857,53531.000000000000,4408199.00,4088910.00,411788,959151,50948.666666666667,125371.333333333333
2025-02-03,99915,49908,52130,38454,23649,22025,676765.00,431960.00,3422033.00,6704310.00,161531.266666666667,48701.366666666667,170738.714285714286,54887.000000000000,4427304.00,4672109.00,397823,939818,42299.333333333333,130022.333333333333
2025-01-31,122818,63797,59040,48978,30751,26099,-225691.00,-32962.00,2421402.00,7529063.00,166836.000000000000,50455.500000000000,180436.714285714286,50824.000000000000,4590876.00,4398147.00,440692,1048548,33309.666666666667,134131.666666666667
2025-01-30,153381,39141,76379,63167,17801,17064,2167202.00,10144.00,2028505.00,11235562.00,170167.033333333333,52383.366666666667,181110.142857142857,53232.571428571429,4974692.00,7131750.00,436329,1037877,42477.000000000000,138359.333333333333
2025-01-29,113868,23960,57488,44414,12348,9409,802850.00,-53340.00,2233917.00,7374720.00,179039.066666666667,55951.233333333333,201382.285714285714,57510.428571428571,3949118.00,4805308.00,428682,1004659,65970.333333333333,166601.666666666667
2025-01-28,135146,36828,55045,66640,14607,14394,-23442.00,-126708.00,3687524.00,9194737.00,181416.333333333333,56493.466666666667,193296.142857142857,56752.714285714286,4857225.00,4960491.00,405850,965753,73494.333333333333,223319.333333333333
2025-01-27,166064,66643,71794,79751,30239,28486,-704644.00,165493.00,5184362.00,12370143.00,181240.133333333333,55723.000000000000,236250.142857142857,54587.857142857143,8262655.00,7392518.00,370895,922228,63065.333333333333,231532.666666666667
2025-01-24,198595,94440,101905,78093,44057,42683,2980498.00,-268219.00,6493815.00,18784708.00,182309.200000000000,56914.433333333333,236304.857142857143,45507.571428571429,10018341.00,13267058.00,394852,1014225,50252.333333333333,218032.666666666667
2025-01-23,305299,59400,140059,131809,23541,29324,-2432983.00,-611807.00,3463191.00,24668964.00,178323.700000000000,56984.466666666667,221397.857142857143,41779.571428571429,13251294.00,11430118.00,383578,1018273,48420.666666666667,201524.000000000000
2025-01-22,190704,35356,61166,75166,14958,17215,-2353080.00,-196360.00,2879514.00,16929491.00,179693.633333333333,57397.366666666667,207604.571428571429,41593.428571428571,8384050.00,6227330.00,377017,991969,47143.333333333333,164137.000000000000
2025-01-21,158095,56001,56191,85821,19438,30714,-1576370.00,-575057.00,3350667.00,15088236.00,179661.933333333333,56950.400000000000,206943.142857142857,39856.857142857143,8759308.00,7757995.00,346104,953072,45639.333333333333,267019.333333333333
2025-01-17,255773,53905,109963,118955,22613,23378,-1667229.00,664829.00,4980851.00,30560990.00,174709.666666666667,55873.966666666667,191220.000000000000,37581.000000000000,16762175.00,14430117.00,481914,1303575,37963.666666666667,248087.666666666667
2025-01-16,78543,31524,33762,38086,11956,16951,79389.00,-323536.00,1655536.00,7721038.00,175548.900000000000,56070.433333333333,200169.142857142857,38401.285714285714,4022627.00,4425552.00,474320,1293909,38557.000000000000,288890.000000000000
2025-01-15,466742,51489,232530,185960,23671,21510,4750655.00,-678745.00,3577428.00,65876469.00,164772.666666666667,55522.666666666667,166831.571428571429,42107.285714285714,28521755.00,30340467.00,463166,1187864,32745.000000000000,164693.000000000000
2025-01-14,198978,30878,75202,112773,14189,13198,-5103543.00,-242224.00,1507655.00,25850846.00,162263.933333333333,56401.200000000000,152478.857142857143,41612.000000000000,15779380.00,10282505.00,461001,1191147,37067.333333333333,149522.000000000000
2025-01-13,200950,33304,100935,80701,14676,15621,4311500.00,-445589.00,2797798.00,21993825.00,159815.400000000000,56435.266666666667,139369.857142857143,42388.142857142857,8566127.00,13740616.00,453607,1140904,38624.000000000000,131109.000000000000
2025-01-10,94151,34053,43771,43856,13916,16272,503846.00,-330545.00,2444398.00,7494613.00,160490.500000000000,56727.200000000000,163109.428571428571,56925.142857142857,4052926.00,4887317.00,476709,1198004,39695.000000000000,146787.666666666667
2025-01-08,153465,43845,62994,74849,17676,20941,331834.00,-960721.00,3199421.00,12325314.00,160686.700000000000,57334.000000000000,152418.428571428571,56853.428571428571,6143913.00,7436468.00,466922,1123941,50890.333333333333,173425.666666666667
2025-01-07,145711,37974,82678,53498,16755,16869,3550255.00,-145004.00,2328673.00,14681557.00,161570.900000000000,58007.566666666667,140486.857142857143,54985.428571428571,5977778.00,9673037.00,456078,1066944,47369.333333333333,157691.666666666667
2025-01-06,141187,37266,62847,63961,15022,18781,932402.00,-496854.00,2297383.00,14251569.00,160901.166666666667,57617.333333333333,132044.571428571429,53301.142857142857,6623200.00,8052456.00,443932,1036951,47859.666666666667,147025.000000000000
2025-01-03,233379,77431,119135,85164,35703,35047,1921657.00,469180.00,4876131.00,19371465.00,156813.233333333333,55991.733333333333,112122.714285714286,48052.571428571429,9235928.00,10688405.00,455446,1098343,67320.000000000000,156008.000000000000
2025-01-02,98509,27411,49468,41260,13309,11238,959927.00,93583.00,1936637.00,5583814.00,157001.300000000000,56235.100000000000,115314.285714285714,49701.857142857143,2855781.00,3722125.00,444789,1077850,72630.666666666667,149381.000000000000
2024-12-31,109187,38737,51985,46045,15021,15732,1278250.00,-254468.00,3495149.00,7577374.00,157846.633333333333,55979.133333333333,119879.142857142857,52954.857142857143,3609447.00,5142165.00,425913,1054812,68017.666666666667,133715.333333333333
2024-12-30,260328,135812,91980,157042,37388,93575,-2322966.00,-4021853.00,28268745.00,24535747.00,152923.433333333333,52671.800000000000,105708.285714285714,43989.285714285714,20148268.00,30789155.00,409509,977445,31239.000000000000,74303.000000000000
2024-12-27,78628,43343,37826,34789,24675,14156,222214.00,-247984.00,2174050.00,6179115.00,156798.566666666667,52766.566666666667,112348.142857142857,44071.857142857143,3493565.00,3963763.00,455082,1046042,30355.000000000000,79402.333333333333
2024-12-26,62190,24898,28114,27912,9564,11355,532592.00,-38708.00,1058157.00,4489873.00,160816.566666666667,53121.633333333333,143743.857142857143,57146.571428571429,2082952.00,2654252.00,450253,1032917,35041.000000000000,98955.666666666667
2024-12-24,82091,25476,34109,32082,10277,11704,254698.00,426367.00,1995582.00,4372248.00,174059.833333333333,54528.800000000000,168204.000000000000,67361.000000000000,2802625.00,2630956.00,443710,1012770,47051.666666666667,118639.000000000000
2024-12-23,93926,40691,33644,50649,17122,18388,-173714.00,-106139.00,2776433.00,5954721.00,176615.466666666667,54193.100000000000,209075.857142857143,80261.714285714286,3676633.00,3609058.00,427454,989624,57839.000000000000,141041.000000000000
2024-12-20,120850,38956,54562,54097,15575,17903,-317866.00,-120661.00,3215100.00,9253459.00,179377.433333333333,54369.000000000000,221306.428571428571,82281.571428571429,5684676.00,5487471.00,539497,1169361,59494.000000000000,142460.000000000000
2024-12-19,141141,61508,56364,71479,28274,26343,-304629.00,-404615.00,4624530.00,9351893.00,183900.900000000000,54270.933333333333,224111.714285714286,79713.142857142857,5967735.00,6067721.00,534633,1152131,77798.333333333333,189399.666666666667
2024-12-18,161132,73053,65276,79154,42187,23256,-1786404.00,945024.00,5971054.00,14013404.00,180799.333333333333,52361.500000000000,234045.285714285714,87874.571428571429,10071302.00,7339874.00,515389,1125747,85773.000000000000,220126.333333333333
2024-12-17,125107,43921,51302,62811,16752,22329,-1005346.00,-62868.00,3233449.00,14950618.00,179162.433333333333,51956.400000000000,242706.285714285714,90386.000000000000,8650098.00,7707620.00,496875,1116140,114798.000000000000,305100.333333333333
2024-12-16,281960,116421,128196,129592,64028,42393,-1917461.00,3159184.00,9563153.00,34845627.00,174323.000000000000,49914.733333333333,235540.857142857143,80574.857142857143,22786437.00,17709792.00,454027,1077259,93689.333333333333,279935.000000000000
2024-12-13,253312,96977,122894,103744,40749,45189,2113790.00,-670169.00,4784939.00,21320905.00,172674.400000000000,49078.166666666667,221802.571428571429,72805.571428571429,9645356.00,12429315.00,500545,1143118,75873.333333333333,249090.333333333333
2024-12-12,380029,130996,151059,160802,63274,49230,-4958821.00,2315619.00,15942546.00,42428823.00,163250.733333333333,45920.600000000000,182827.714285714286,57179.285714285714,26977867.00,19703427.00,441662,1083837,75602.333333333333,199303.000000000000
2024-12-11,206464,53095,107254,84255,23946,21128,1104467.00,956522.00,5310998.00,20407857.00,161540.200000000000,45010.000000000000,168150.000000000000,54939.714285714286,11550293.00,11698238.00,421278,1033530,78404.333333333333,192393.000000000000
2024-12-10,160778,43529,67191,75975,20217,15296,-1065097.00,648091.00,3603842.00,12465016.00,160304.733333333333,44788.666666666667,165675.285714285714,53729.285714285714,7740887.00,6027699.00,408578,997704,79809.000000000000,216067.666666666667
2024-12-09,230667,130183,85611,111518,68989,47480,-2233669.00,862606.00,10283418.00,23884403.00,156373.066666666667,41591.666666666667,150396.571428571429,43308.000000000000,16028678.00,12932403.00,347335,895425,50612.000000000000,191560.000000000000
2024-12-06,185734,61501,92528,76886,28589,28533,2309683.00,-173928.00,2948973.00,20707286.00,154826.366666666667,40502.166666666667,142076.571428571429,39425.857142857143,9413145.00,12152724.00,376013,965451,37315.666666666667,165383.666666666667
2024-12-05,231802,47743,99745,91473,22660,19515,844662,212969,3710265,30640650,148960.066666666667,39598.066666666667,125305.428571428571,38721.285714285714,10867214,16398907,363365,949500,33874.000000000000,122689.666666666667
2024-12-04,157144,42592,83222,60723,12225,27226,2543730,-753159,2118062,15700542,145621.533333333333,38652.000000000000,125620.714285714286,41500.857142857143,6393895,9690784,343191,901267,31362.000000000000,118126.666666666667
2024-12-03,107205,21612,50019,50432,8481,11448,-236211,-582014,1883105,12405002,144574.800000000000,38776.033333333333,134911.000000000000,46725.000000000000,6701963,6648006,335712,879365,43236.000000000000,123630.333333333333
2024-12-02,103720,37418,51503,40997,16866,16762,3219141,-33845,2077047,11224997,147256.333333333333,38514.600000000000,137393.142857142857,45030.857142857143,4363231,7616217,318731,845396,42205.333333333333,131555.000000000000
2024-11-29,143455,35056,70291,49412,18041,13773,2530795,54805,1367945,15368478,146854.366666666667,38203.600000000000,132719.714285714286,44117.571428571429,5370499,7846489,360561,926715,44790.333333333333,121871.333333333333
2024-11-27,123716,57234,67664,44087,24598,26648,2346292,-586862,3145662,9692908,146196.466666666667,36785.000000000000,129924.714285714286,40900.142857142857,4293014,7226168,350383,906875,46395.333333333333,133749.666666666667
2024-11-26,127494,34326,48508,65677,14833,12919,-1226298,-39111,2554046,8624022,145377.766666666667,36525.766666666667,130932.285714285714,40433.285714285714,5515108,4327921,338931,905337,54347.000000000000,148664.000000000000
2024-11-25,114404,42811,49578,54431,13072,25066,45560,-527662,2466189,9527717,145434.566666666667,35899.200000000000,130679.142857142857,39544.857142857143,5102828,5676050,318202,881407,48596.333333333333,150894.333333333333
2024-11-22,159351,62049,76278,66149,28211,28386,1138704,-860203,3933001,12272703,143620.800000000000,34548.366666666667,135755.000000000000,37278.714285714286,6113852,8112759,330884,942655,37467.666666666667,134691.000000000000
2024-11-21,172237,58181,78964,76651,26864,21902,1336218,-239816,3974439,16865740,139274.666666666667,32956.266666666667,137254.000000000000,34045.714285714286,8355829,9931863,308010,927472,29644.666666666667,111995.666666666667
2024-11-20,121095,25559,61196,47288,12272,10637,1856840,153621,2775134,11664556,136705.600000000000,32422.433333333333,188438.857142857143,40064.571428571429,5523536,7226755,300463,910554,31477.666666666667,116479.666666666667
2024-11-19,110741,28663,52805,44454,6874,15499,2035889,-215858,1914979,10506452,134539.800000000000,31846.200000000000,196989.428571428571,40344.142857142857,4134606,6386353,288867,880410,34120.666666666667,117110.000000000000
2024-11-18,104151,34712,46524,48984,13275,18078,1303721,-444824,2300235,9267995,136438.900000000000,31604.866666666667,211212.000000000000,41704.285714285714,4194441,5942986,272770,843475,37945.333333333333,147353.666666666667
2024-11-15,134547,31058,70642,53243,11742,16488,652945,-584783,2498003,10241695,134856.533333333333,31321.466666666667,231540.285714285714,45634.000000000000,5104901,6342629,336405,963772,39442.666666666667,163414.666666666667
2024-11-14,112632,36592,44288,60975,16248,16113,-1862405,-543690,3340866,10719737,132419.800000000000,30548.533333333333,225176.428571428571,42659.428571428571,7040603,5721888,330765,948536,49809.000000000000,285667.000000000000
2024-11-13,194882,46186,80707,97223,23953,17750,-612909,548352,4418726,22547273,127775.300000000000,29434.566666666667,208193.285714285714,40599.714285714286,12418177,11256916,317047,935059,44620.333333333333,277571.333333333333
2024-11-12,182730,35550,96995,70244,14317,14970,2813463,-134405,3488518,25518494,123727.266666666667,28876.366666666667,201628.571428571429,43402.714285714286,11449686,14397554,303500,886013,47514.666666666667,284564.333333333333
2024-11-11,479389,67691,200261,225556,27095,32601,-13034402,-660550,5370155,98434720,109809.666666666667,27152.333333333333,162266.428571428571,44001.142857142857,53141403,37386051,278529,881795,44473.000000000000,217049.666666666667
2024-11-08,170595,30620,77553,77527,13067,13597,-628636,-183510,1948019,17269438,107262.700000000000,26539.666666666667,151798.428571428571,44808.142857142857,8643962,8198836,342518,979549,39523.000000000000,182879.666666666667
2024-11-07,203709,44233,98289,85851,22558,17409,2774493,-328581,1901100,23047425,104486.466666666667,25608.733333333333,144861.142857142857,42171.571428571429,9305388,12408462,329738,943604,35368.000000000000,140310.000000000000
2024-11-06,276845,58566,150056,103112,24914,28488,718378,-305191,3120115,27787922,97106.600000000000,24020.600000000000,122985.285714285714,39074.857142857143,13448869,14472438,323953,906138,34236.333333333333,93620.666666666667
2024-11-05,68085,15770,36031,25796,6796,7523,6879,-168015,841329,4301952,96480.533333333333,23804.433333333333,129361.285714285714,41718.142857142857,2173887,2348781,320777,890265,52939.666666666667,138877.000000000000
2024-11-04,76000,31768,31573,38985,15421,14177,-702276,-198121,1674105,3598693,95839.966666666667,23153.033333333333,138408.857142857143,41296.428571428571,2637916,2133761,309473,868143,54440.000000000000,145983.333333333333
2024-11-01,136777,55171,71810,56155,30321,19848,1540622,403968,2777618,8575418,93776.033333333333,21976.200000000000,126842.571428571429,36360.571428571429,4579805,5716459,329760,918889,44642.000000000000,152107.000000000000
2024-10-31,203854,71880,67479,121104,41722,23939,-2737710,1137998,4202104,12065127,90033.533333333333,20311.666666666667,105861.714285714286,28122.000000000000,9238852,5363144,296118,916487,32978.333333333333,125393.666666666667
2024-10-30,97319,36269,48177,39080,21123,12079,201283,239758,1719406,7340293,88804.133333333333,19665.266666666667,102788.000000000000,26559.714285714286,4065121,4026646,286468,887615,32313.000000000000,130526.333333333333
2024-10-29,155148,25777,76190,65125,14641,8540,-639431,411376,1514594,16444617,85502.866666666667,19216.033333333333,106933.428571428571,27102.285714285714,8422203,7371396,284847,859178,33326.000000000000,125254.666666666667
2024-10-28,123714,36889,62286,49559,18988,14543,444690,140562,1912288,8896812,82621.233333333333,18763.233333333333,108030.857142857143,25507.571428571429,4514343,4818471,272499,817734,27903.000000000000,102621.000000000000
2024-10-25,112717,34273,49684,54524,17009,14002,-295028,37293,1372315,6239870,81063.300000000000,18010.400000000000,106782.571428571429,22708.000000000000,3603833,3271512,286257,871739,21215.333333333333,84044.666666666667
2024-10-24,139333,28816,71200,58302,14120,12361,21092,-19233,1516186,8614039,77428.933333333333,17537.866666666667,101582.571428571429,22384.142857142857,4552014,4592339,279507,852871,20054.333333333333,62868.000000000000
2024-10-23,55813,20620,19716,29321,8575,8673,-408580,-37447,1140539,4163471,76929.433333333333,17273.900000000000,110196.142857142857,22869.000000000000,2332025,1960892,271109,849151,23039.333333333333,105652.333333333333
2024-10-22,56988,14210,26007,24951,5495,6929,-31404,-187662,872938,4658689,77051.866666666667,17090.766666666667,117046.142857142857,23913.857142857143,2399708,2555966,266530,834676,26878.000000000000,130455.000000000000
2024-10-21,75803,25333,31980,38078,10913,12774,-58877,-172512,1180465,5385074,76880.266666666667,16951.466666666667,112196.142857142857,21783.142857142857,2837401,2951036,254218,810241,23325.666666666667,139847.000000000000
2024-10-18,184166,29575,88075,79373,13512,12730,371783,-129868,1956530,13761983,73044.433333333333,16664.733333333333,92175.714285714286,18921.571428571429,6689695,7191346,275152,874331,22317.000000000000,112769.333333333333
2024-10-17,131396,25726,67135,54614,9743,14246,1046786,-292977,1224598,7940165,70166.633333333333,16170.700000000000,79943.000000000000,16871.571428571429,3442087,4781850,270190,850860,21746.333333333333,107673.333333333333
2024-10-16,103979,14676,47558,44287,5349,8204,-869470,-199302,682542,7545329,68240.266666666667,16091.833333333333,88106.571428571429,18699.571428571429,3887677,3217509,264935,830881,24029.000000000000,107993.000000000000
2024-10-15,102933,26549,46210,47584,9484,14843,365914,-347674,1243530,6678385,67567.533333333333,16043.166666666667,85841.285714285714,18129.142857142857,3220418,3934006,253560,822323,18652.000000000000,87633.000000000000
2024-10-14,116108,24014,56760,47557,10720,11762,-119777,-197861,1098924,8539785,65233.733333333333,15683.700000000000,74901.571428571429,16613.428571428571,4068268,4146352,246525,794020,13828.666666666667,63604.666666666667
2024-10-11,104938,21524,61616,34944,10752,9498,867657,-44567,841452,4705202,63577.633333333333,15385.566666666667,67845.714285714286,15362.428571428571,2063896,2976120,259638,821401,10446.0000000000000000,43881.000000000000
2024-10-10,41853,10418,20446,17375,4507,4807,923673,-34456,567396,2387343,63504.066666666667,15483.300000000000,70622.285714285714,16560.428571428571,855009,1813138,258379,811643,16130.666666666667,83638.000000000000
2024-10-09,44023,9544,16475,24196,3488,5200,-321823,-63097,1114664,2085335,63835.200000000000,15692.933333333333,73170.571428571429,17478.428571428571,1624750,1366024,256419,805336,20468.000000000000,97989.000000000000
2024-10-08,45767,11376,20426,22697,4557,5471,-56335,-106389,487014,2000495,64411.200000000000,15871.366666666667,80087.571428571429,17601.857142857143,1114711,1164765,253310,797644,21144.000000000000,95910.000000000000
2024-10-07,161124,27472,77883,71389,12029,13225,546232,-138922,1092903,6228702,63400.833333333333,15556.466666666667,74273.000000000000,16006.571428571429,2971428,3656582,243563,744892,16242.333333333333,60717.666666666667
2024-10-04,87076,22556,42137,31802,5723,8354,419761,-109162,1305332,3576705,62573.300000000000,15178.100000000000,69754.857142857143,14344.571428571429,1296744,1825667,252109,766550,14991.666666666667,52122.000000000000
2024-10-03,39530,13404,22795,14847,4069,8005,283568,-214235,625058,1361524,63337.833333333333,15143.200000000000,71151.000000000000,13756.142857142857,670237,1168040,247471,751520,15847.000000000000,59565.666666666667
2024-10-02,55547,12767,26160,26577,4134,5858,270122,-157421,1211988,1749288,63487.166666666667,15062.766666666667,71327.571428571429,13678.857142857143,1078480,1506023,244296,740157,15671.333333333333,72445.333333333333
2024-10-01,61289,18804,22397,34946,8447,8209,-1379661,-244952,1020635,3415451,64067.933333333333,15135.133333333333,73266.142857142857,13830.571428571429,2659064,1524355,234742,725647,14838.333333333333,92156.333333333333
2024-09-30,61861,15970,22613,35873,7473,6927,123963,-143613,712717,2750019,64875.000000000000,15218.100000000000,77511.571428571429,14684.000000000000,1462675,1730251,226593,692960,13155.6666666666666667,90019.000000000000
2024-09-27,94186,12240,41092,45178,5287,5943,124748,-107522,520308,4067088,63943.633333333333,15245.766666666667,72690.285714285714,15346.428571428571,1759877,1992147,244358,750633,12170.6666666666666667,75058.000000000000
