date,call_volume,put_volume,call_volume_ask_side,call_volume_bid_side,put_volume_ask_side,put_volume_bid_side,net_call_premium,net_put_premium,call_premium,put_premium,avg_30_day_call_volume,avg_30_day_put_volume,avg_7_day_call_volume,avg_7_day_put_volume,bearish_premium,bullish_premium,put_open_interest,call_open_interest,avg_3_day_put_volume,avg_3_day_call_volume
2026-09-25,58265,34939,24392,23382,16981,15753,5807.00,390096.00,3870561.00,2176005.00,64299.1667,26559.9333,67063.7143,28951.5714,2682531.00,2298242.00,1005087,1054357,29637,55628.3333
2026-09-24,75916,24865,41324,27133,8628,12120,918001.00,-402057.00,5699769.00,2060251.00,63677.0333,26397.4,63085.2857,28606.4286,2515877.00,3835935.00,1004923,1041913,27594.6667,55611.3333
2026-09-23,46782,18280,18391,23125,7243,9057,-418680.00,-105890.00,3947598.00,1217346.00,63629.5667,26519.3667,61670.7143,29243.7143,2438556.00,2125766.00,997682,1027353,35301,67100.6667
2026-09-22,44187,45766,20759,19746,21153,20209,-597705.00,-337358.00,3036820.00,20114424.00,64278.5667,25653.9667,68730,25617.4286,12020419.00,10296072.00,976487,1008018,29953.6667,78337
2026-09-21,75865,18738,37536,30700,7655,9203,672573.00,-231154.00,4778563.00,1217908.00,64544.0333,26194.5333,65305,26831.7143,2072231.00,2975958.00,967500,979385,31670.6667,75565.3333
2026-09-18,81250,41399,33831,40366,18522,18222,-586767.00,-42292.00,7134436.00,2373840.00,63218.1,25466.3333,60503.1429,23937.4286,4645659.00,4101184.00,1120367,1285141,25354,64504.3333
2026-09-17,77896,29724,41184,26467,13814,12783,872190.00,368834.00,6736728.00,2729276.00,62572.1333,25037.7,58176,22228.5714,4167228.00,4670584.00,1116583,1276265,23026.3333,50832.3333
2026-09-16,67550,23889,24850,34358,11747,8779,-587329.00,201835.00,5625173.00,1347689.00,63085.3,25320.1333,56194.4286,22212.1429,3559944.00,2770780.00,1108426,1262953,21857.3333,59516.3333
2026-09-15,48067,22449,25798,18708,13033,7431,174712.00,109406.00,4034035.00,1167413.00,64741.2667,25585.3,56991,22640.4286,2196973.00,2262279.00,1095241,1246034,23453.6667,60790.6667
2026-09-14,36880,22741,14028,19210,8982,9104,-899723.00,-16185.00,2624457.00,1020305.00,69667.1,27061.3333,56101.1429,21290.7143,2055946.00,1172408.00,1088045,1232021,22919.6667,64376.3333
2026-09-11,93602,20382,44481,38535,8727,8804,-754679.00,19146.00,6210058.00,1301924.00,69829.5333,27409.7,49491.1429,21647.7143,3556251.00,2782426.00,1100182,1262273,22046.3333,53711
2026-09-10,51890,27238,14687,25289,12137,11917,-1023256.00,-98501.00,3701385.00,1953094.00,69261.4333,26981.8,48023,20610.4286,2951887.00,2027132.00,1092767,1253145,20891.6667,54307.3333
2026-09-09,47637,21139,22883,19000,7971,9925,477922.00,-285562.00,5141552.00,1384278.00,69243.3333,27100.9,57314.1429,25447.5714,2471899.00,3235383.00,1086603,1246753,22327.6667,56309.3333
2026-09-08,61606,17762,28999,26668,6325,9034,-98579.00,-106596.00,4204619.00,1347908.00,68901.6667,26852.8667,56587.7143,25667.4286,2522680.00,2530697.00,1080861,1224307,20838,45991
2026-09-04,53679,23774,24835,23726,9655,11662,-400149.00,49440.00,2274364.00,1230843.00,69859.8,27120,58724.7143,26947.1429,1820133.00,1370544.00,1109619,1256389,20540.3333,43875.3333
2026-09-03,53643,25447,21434,20331,10075,11613,-708756.00,-169066.00,4660446.00,2125691.00,70221.5667,27626.6333,57245.2857,26614.1429,2363498.00,1823808.00,1102738,1240567,18717,39865.3333
2026-09-02,30651,13293,12614,14780,4004,6267,-85655.00,-469773.00,2944811.00,2157199.00,70522.1,27819.6333,62960.5714,28168.4286,1871370.00,2255488.00,1098459,1234168,32619,67206.6667
2026-09-01,47332,22881,16090,22798,12343,8089,-789945.00,-219563.00,3688474.00,1846399.00,70339.5333,28104.5,82635.4286,30894.1429,2558953.00,1988571.00,1096936,1225173,31425.6667,70269.6667
2026-08-31,41613,19977,19395,17465,11997,6391,500088.00,163224.00,3347354.00,900813.00,71051.3,28190.6667,85405.8571,32626.1429,1717887.00,2054751.00,1085689,1212830,35677.3333,79278
2026-08-28,112675,54999,52359,50685,17200,23776,-698819.00,-374848.00,5855023.00,4246363.00,71700.3667,27354.7,80509.2857,29000.2857,3830834.00,3506863.00,1085866,1252262,25049.6667,56148.6667
2026-08-27,56521,19301,26377,23502,7560,10043,59414.00,-278489.00,3833925.00,769645.00,73688.2,27452.6,78924.2857,29198.8571,1874127.00,2212030.00,1079583,1240795,26673.6667,60861
2026-08-26,68638,32732,26175,28165,15457,10193,112895.00,585038.00,5693241.00,4213721.00,75356.4,27518.8333,78554.7143,29749.1429,3432610.00,2960467.00,1069453,1223530,29750,99667
2026-08-25,43287,23116,16041,23681,7203,12094,-550118.00,-316930.00,4647464.00,2011154.00,76285.7333,27979.3333,81905.7143,30042.2857,3000538.00,2767350.00,1061278,1210085,32745,105573.3333
2026-08-24,70658,24173,24385,36051,10703,10540,-1191250.00,-51898.00,5754667.00,1485039.00,75900.5333,28144.5,77307.1429,28961.8571,3725949.00,2586597.00,1052213,1186774,34560,108153.6667
2026-08-21,185056,41961,88666,68974,17626,19849,2360479.00,-277933.00,15887269.00,2079688.00,73382.7,29169.0333,59049.4286,25823,6412401.00,9050813.00,1099400,1224736,27470,61610.3333
2026-08-20,61006,32101,29486,26641,10231,13951,243387.00,-506476.00,4227111.00,3096611.00,76157,30184.7667,56814,24371.2857,2436567.00,3186430.00,1092141,1217818,28964.3333,63292
2026-08-19,78399,29618,39879,30538,14306,13692,1004145.00,-121952.00,5640419.00,1053885.00,77995.8,31159.0333,54708,22969.2857,2437428.00,3563525.00,1093206,1207677,27481,59407
2026-08-18,45426,20691,18207,21568,10903,7229,-370898.00,228617.00,4769441.00,1476449.00,81760.0333,35026.7333,60194.1429,25007,2665576.00,2066061.00,1087304,1195149,26120.6667,57087.6667
2026-08-17,66051,36584,25062,33126,19904,12909,-902203.00,470136.00,5207753.00,2473033.00,83932.3333,35761.8,56682.8571,22574,4017600.00,2645261.00,1070808,1174344,20589,54154.6667
2026-08-14,66744,25168,33905,26418,10700,11085,-1093072.00,66437.00,4071574.00,1204978.00,91068.2,38127.6667,55507.5714,21387.8571,2992700.00,1833191.00,1079088,1213110,19512.6667,47026
2026-08-13,38468,16610,15524,16863,6868,5675,-266295.00,14680.00,2318887.00,1447525.00,92492.3667,38659.6667,61861.4286,23638.1429,1637733.00,1356758.00,1076218,1201221,20577.3333,55422.3333
2026-08-12,57252,19989,23923,28516,8208,9998,-358962.00,48440.00,3391424.00,1019376.00,93199.3,40024.9,67646.2857,25126,2217972.00,1810570.00,1070055,1182258,25566,64281.3333
2026-08-11,45358,21939,15164,26026,6766,10355,-15736.00,-103984.00,2769603.00,1319449.00,95659.7,40484.0333,87545.8571,31566.4286,1570244.00,1658492.00,1063017,1180781,24770.6667,62986
2026-08-10,63657,19804,37664,19907,7856,8828,421092.00,-522466.00,3584960.00,3320646.00,96394.0333,40605.6333,92519.8571,33142,2424298.00,3367856.00,1059441,1153846,23791,61272.6667
2026-08-07,83829,34955,45738,29367,15560,16034,282476.00,416266.00,4801933.00,1820553.00,94905.8667,40571.5333,85522.4286,30205.7143,3051855.00,2918065.00,1079676,1241518,22926.6667,60978
2026-08-06,41472,19553,16063,21266,8550,9517,-493138.00,87855.00,3176573.00,1752181.00,94942.6333,40729.5333,86325.5714,30942.7143,2490416.00,1909423.00,1075473,1239510,26543.6667,79736
2026-08-05,58517,16865,25942,29100,6030,9037,-1221863.00,-52757.00,4916581.00,1430760.00,94797.2333,40944.9333,85302.5714,30007.8571,3545246.00,2376140.00,1065878,1218243,43262.6667,121782
2026-08-04,82945,32362,39874,34567,12117,14799,143067.00,-378796.00,8424528.00,2323409.00,94506.6333,41715.3333,85228,29925.8571,4491539.00,5013402.00,1061087,1195357,42753,126958.6667
2026-08-03,97746,30404,35870,49523,10707,13870,-962149.00,-147685.00,7434494.00,2126828.00,93219.7667,41416.9667,80478,31389,3888912.00,3074448.00,1048992,1164962,37418.6667,105992.3333
2026-07-31,184655,67022,58554,107750,33362,26071,-4014569.00,571157.00,14257136.00,3916246.00,90623.6,41415.6667,59765.4286,24540.5714,10476356.00,5890630.00,1066739,1201642,23315.3333,60138.6667
2026-07-30,98475,30833,42381,44427,14797,12348,-103895.00,174930.00,7440879.00,2617320.00,89039.4,41595.6,51676.8571,24625.4286,4553029.00,4274204.00,1058768,1169887,16478,44432.3333
2026-07-29,34847,14401,14257,17864,6270,5417,108905.00,-6487.00,3288429.00,1823763.00,89701.3,41948.2333,55693.8571,25791.2857,2078833.00,2194225.00,1055713,1159847,22273.6667,60291
2026-07-28,47094,24712,15816,26786,9757,12104,-288262.00,517410.00,4757166.00,2878101.00,92507.5667,42673.3333,67844.2857,26535.2857,3765778.00,2960106.00,1041193,1138761,27585,66091.6667
2026-07-27,51356,10321,22864,23656,3967,4571,-12187.00,-28823.00,4003284.00,1028562.00,92871.7667,43219.2667,77101.4286,28237.7143,2231554.00,2248190.00,1037266,1124107,30505.6667,62195.3333
2026-07-24,82423,31788,29104,43932,14899,11065,-228890.00,138593.00,6192052.00,2753144.00,92560.7,43369.0333,82281.5714,28656.4286,3989997.00,3622514.00,1072646,1165243,30385.3333,48672.6667
2026-07-23,64496,40646,20788,38122,18432,14664,-1062848.00,-459410.00,4640004.00,3273349.00,93849.6,44249.6,83234.5714,28125.7143,3621744.00,3018306.00,1063069,1150425,24357.3333,48162.6667
2026-07-22,39667,19083,16871,18524,7700,7272,-575456.00,-50912.00,3388491.00,1614769.00,95203.0333,44365.7667,86011,29560.7143,2290170.00,1765626.00,1055513,1138526,27969.6667,78989.3333
2026-07-21,41855,31427,18437,18802,8351,21319,-183272.00,-506194.00,4629650.00,2351905.00,98023,44991.6667,95677.5714,35456.4286,2937262.00,3260184.00,1046282,1131022,24906.6667,103756.3333
2026-07-20,62966,22562,29027,27687,8522,11231,-557685.00,56436.00,5369452.00,2040444.00,98757.1,45508.2667,107287.4286,41172.2857,3597778.00,2983657.00,1034606,1111258,28959,122329
2026-07-17,132147,29920,55611,65254,13491,12043,81372.00,19175.00,6824514.00,2129767.00,100623.2,46469.1667,107489.7143,45304.5714,3874867.00,3937064.00,1088395,1266889,31296,102002.3333
2026-07-16,116156,22238,35679,71526,9187,10109,-3110848.00,-96960.00,9367139.00,1784476.00,100502.1333,47431.6,113517.8571,61659.4286,6491087.00,3477199.00,1084699,1234160,33592.6667,82984.3333
2026-07-15,118684,34719,65732,30412,11545,14758,2188362.00,-319192.00,10720051.00,3153943.00,100986.1,47216.8,115308.7143,65076.1429,3880914.00,6388468.00,1076901,1232816,46252,79930
2026-07-14,71167,36931,24710,40756,19900,13557,-152842.00,-62204.00,5877546.00,2465387.00,106917.9,47967.5,145259.1429,73535.1429,3798692.00,3708054.00,1074238,1205738,54799.3333,104286
2026-07-13,59102,29128,22928,28994,14802,11377,-603097.00,555357.00,5290129.00,2107105.00,107853.3,47868.7667,148415,74026.8571,3858057.00,2699603.00,1063099,1179281,64705.3333,129106.3333
2026-07-10,109521,72697,41119,45965,30218,26840,-537919.00,154762.00,13650837.00,4376453.00,106172.6667,46129.5667,143977.7143,72348.1429,6589494.00,5896813.00,1099227,1223496,86047,145383.6667
2026-07-09,144235,62573,71611,48215,24724,28360,2636140.00,-527448.00,16908386.00,4168105.00,104429.9,44712.4,140397,68511,6464963.00,9628551.00,1088893,1213232,84734.6667,141045.3333
2026-07-08,133563,58846,44681,43544,24397,27993,-3771.00,-241614.00,17577421.00,5056773.00,102725.0333,43662.0333,133557.5714,63454.7143,6200694.00,6438537.00,1078549,1167367,97167.3333,190131
2026-07-07,158353,136722,49474,77921,70938,48738,-4452567.00,1983876.00,17782187.00,10745666.00,104972.2333,40058.3333,116533.4286,48770.4286,15180364.00,8743921.00,1040501,1122599,62450,164411
2026-07-06,131220,58636,64725,46131,16913,34757,2117435.00,-1333647.00,23925506.00,4813374.00,107940.9667,39298.1667,103869.8571,43864.2857,9916835.00,13367917.00,1021082,1089756,63220,146824.3333
2026-07-02,280820,96144,128202,119988,40003,41344,1942671.00,-2259866.00,48158142.00,11701436.00,101534.5,37063.9,71489.1429,33461.8571,22926620.00,27129157.00,1017786,1116272,43076.3333,92941
2026-07-01,81193,32570,34822,29596,13945,14332,1009881.00,-521650.00,10345717.00,2333854.00,101902.8667,37970.0333,70494,36733.8571,3882510.00,5414041.00,1009182,1103693,40037,94439
2026-06-30,78460,60946,39027,30505,18401,32702,970429.00,-1481949.00,9593439.00,6543778.00,101943.9667,37115.7333,67734,31092,5520407.00,7972785.00,986613,1087759,31032.3333,81347
2026-06-29,119170,35713,62111,37826,10863,17340,1773526.00,-313367.00,13994141.00,3562085.00,101153.7667,36518.6667,65962.5714,35559.1429,5781791.00,7868684.00,976887,1055344,27225.6667,55815.3333
2026-06-26,85687,23452,43784,30899,9752,10863,1748080.00,-564704.00,6418840.00,1436310.00,102193.3667,36909.8333,61000,37384.7143,2441967.00,4754751.00,1007978,1079801,27184,45304.6667
2026-06-25,39184,33932,15121,16922,11626,13521,-184494.00,-1701516.00,2564714.00,5505138.00,103352.6,36495.5333,63217.1429,36105.8571,2474912.00,3991934.00,1007328,1068065,34364.6667,56985.6667
2026-06-24,42575,24293,16193,21525,7421,12278,-541509.00,-710211.00,3347056.00,2663387.00,104193.1333,36374.2333,75889.5714,39273.2857,2625780.00,2794482.00,1003612,1060552,33418,62507.3333
2026-06-23,54155,23327,18906,25358,9902,9124,-436855.00,56317.00,3708162.00,2200977.00,106091.7333,36652.0667,77050.5714,39755,2502402.00,2009230.00,999260,1032562,47970,80045.6667
2026-06-22,74227,55474,23681,41117,28691,22938,-2356751.00,289371.00,7339241.00,4072214.00,106253.6667,35371.7,76888.2857,37013.1429,6403882.00,3757760.00,979562,1004333,41555.6667,72286.3333
2026-06-18,59140,21453,25232,27904,10732,8514,-342928.00,-74535.00,4358492.00,1386420.00,106427.7333,36008.3,83177.2857,43528.8571,2682187.00,2413794.00,1149126,1339961,42731.3333,70807.6667
2026-06-17,106770,66983,44123,31167,20177,41275,345796.00,-4019813.00,9173949.00,11467289.00,105521.2,35238.8667,79391.5714,37183.8571,6230961.00,10846742.00,1138683,1334718,35892,78978.3333
2026-06-16,50949,36231,20155,25473,19384,14494,-696267.00,111826.00,3799615.00,2608255.00,108336.8,35598.6333,90178,39180,3333032.00,2524939.00,1132214,1323974,32714.6667,82756
2026-06-15,54704,24980,19523,23618,10625,11368,45497.00,251140.00,4541266.00,2050193.00,111620.4667,37551.9,94504.4286,41048.5714,2984390.00,2778747.00,1120664,1308891,36481.6667,88885
2026-06-12,131282,46465,64326,50087,21782,20696,-289504.00,197781.00,9240559.00,2683787.00,112699.1,38666.0333,102625.5714,42803.1429,5311019.00,4823734.00,1146874,1360226,43347.6667,79512
2026-06-11,62282,26699,29427,24268,8513,11306,536390.00,-809204.00,4058164.00,2990560.00,111938.2,38813.4333,109803,46290.5714,2473464.00,3819058.00,1147027,1340308,41970.6667,85508
2026-06-10,73091,36281,23094,31157,19001,11538,-717338.00,351374.00,8491215.00,2798759.00,111390.8667,38377.8333,118390.4286,45146.8571,4293267.00,3224555.00,1137037,1332536,46611.6667,103295.6667
2026-06-09,103163,67063,36710,49844,32748,23675,-1671066.00,669328.00,9810707.00,6206902.00,109599.0667,36645.5667,139241.5714,44059.5714,7909372.00,5568978.00,1128057,1318867,36944,97237.6667
2026-06-08,80270,22568,35471,33564,9792,10523,291818.00,64711.00,7348073.00,2315071.00,110256.4333,36945.4667,140226.4286,44573.5714,4027093.00,4254200.00,1122212,1299648,49003.6667,133191
2026-06-05,126454,50204,44349,54810,27141,18128,-1253707.00,311845.00,12891291.00,3362541.00,109108.9667,36210.5333,130604.7143,40333.1429,7369355.00,5803803.00,1145198,1357609,49306,128547.6667
2026-06-04,84989,38060,32472,39541,10885,17536,-511262.00,-292513.00,12274594.00,2862660.00,109832.1,36304.8667,131599.4286,37761.4286,6447937.00,6229188.00,1132945,1354266,46044.3333,144619
2026-06-03,188130,58747,74451,59505,19412,24146,3384050.00,-334548.00,33718838.00,4121294.00,105398.1667,35065.6667,116497.5714,33274,10538830.00,14257428.00,1116411,1329252,46279.3333,164949.3333
2026-06-02,112524,51111,45690,38446,16979,23860,2785521.00,-1071531.00,21821473.00,12230440.00,103340.5,34262.2333,132675.4286,30059.7143,7563175.00,11420227.00,1099052,1313561,37964.3333,156496
2026-06-01,133203,28275,62482,50519,10433,14436,2562415.00,-186775.00,17942870.00,2307621.00,103026.4667,34504.9667,145115.2857,31139.1429,7216903.00,9966093.00,1090349,1286464,35379.6667,131795.6667
2026-05-29,249121,59452,132669,86166,24425,24580,3608196.00,2690226.00,25320331.00,5608350.00,98013.7,33740.3667,122187.4286,26805.4286,12867673.00,13785643.00,1106242,1316215,22248.3333,79406
2026-05-28,87164,26166,42995,34890,9735,13433,363342.00,30108.00,6752254.00,1910666.00,97635.2333,33732.2333,122913.1429,31603.7143,3726801.00,4060035.00,1098181,1307946,22638,77823.6667
2026-05-27,59102,20521,26371,22522,7124,8407,454335.00,-82600.00,4851028.00,1832977.00,98801.0667,34324.6667,125854.7143,33717.4286,2085237.00,2622172.00,1090698,1298062,25334.6667,133379.3333
2026-05-26,91952,20058,45271,31176,8694,7863,448566.00,103628.00,4378951.00,1267495.00,99013.6,34473.6,126356.4286,33395,2120055.00,2464993.00,1084243,1286979,30592.3333,176156
2026-05-22,82417,27335,36316,37878,10339,14363,-192932.00,-210750.00,4309042.00,1501118.00,99127.4667,34245.7,131279,34516.7143,2542858.00,2560676.00,1098216,1364676,31186,178225.6667
2026-05-21,225769,28611,94347,112295,11199,9413,1048557.00,291442.00,8699742.00,2937239.00,92840.0667,34016.5333,109592.1429,33501.2857,4318919.00,5071930.00,1098294,1376819,41567,133717.3333
2026-05-20,220282,35831,134986,67287,11542,16024,2550811.00,-189787.00,8675323.00,2734755.00,87550.6333,33653.3333,87807.7143,31333.1429,3588553.00,6329151.00,1085506,1279362,41395.6667,86854.3333
2026-05-19,88626,29116,36582,41714,13906,12361,-385296.00,521250.00,6958766.00,3058102.00,86272.7667,33658.4333,91020.1429,31696.8571,4913976.00,4007430.00,1075150,1245283,37624,89133.6667
2026-05-18,92244,59754,31804,36414,32267,18840,195440.00,1387357.00,7441963.00,5974097.00,85059.3667,32365.7,89140.2857,25598.1429,5946533.00,4754616.00,1047313,1202315,29435,97344
2026-05-15,79693,35317,37238,34662,14545,12840,-180194.00,-64138.00,4857577.00,2962086.00,84934.6333,32201.6667,86950.1429,26345.8571,3341625.00,3225569.00,1132618,1383023,24830.3333,95433.3333
2026-05-14,95464,17801,40805,28192,4588,6845,784414.00,-54098.00,5356149.00,1556270.00,83702.8,32424.9333,84680.1429,30074.2857,2097977.00,2936489.00,1134620,1346574,25781.3333,86209
2026-05-13,116875,35187,69749,35311,21142,8119,1449178.00,875505.00,6605223.00,2967463.00,82663.8667,31831.1333,87329,31765.2857,3896389.00,4470062.00,1129212,1316144,24606.3333,84288.3333
2026-05-12,73961,21503,28901,38700,9893,8650,-254942.00,-166394.00,4843018.00,2135316.00,82756.3,31917.9,98650.8571,40633.1429,3169704.00,3081156.00,1129968,1297004,23126.3333,85996.3333
2026-05-11,67791,20654,32652,29309,10467,8226,-395805.00,-183199.00,5238152.00,1996951.00,83822.9,32800.2333,112343.7143,49095.2857,3348350.00,3135744.00,1127343,1272953,29758.6667,84853.3333
2026-05-08,111113,31662,51538,46442,13536,13643,-181383.00,-41124.00,7904645.00,2760576.00,81634.5333,32885.4,102106.8571,49018,4620522.00,4480263.00,1149007,1306878,33838,74340.3333
2026-05-07,79085,17063,29569,42953,7898,4989,-1419166.00,124694.00,5469579.00,1430177.00,80601.2,33383.5,98904.8571,49896.5714,3847863.00,2304003.00,1151536,1287593,43825,93117.6667
2026-05-06,64362,40551,23017,33924,16735,22097,-889279.00,703939.00,4778633.00,6215727.00,80180.0667,32831.5,96768.7143,46260,6376634.00,3813416.00,1140129,1269954,58167.3333,122735
2026-05-05,79574,43900,35378,35294,7082,13962,-101848.00,-126724.00,6178718.00,2730332.00,81357.4333,32970.8667,99685.4286,44497.8571,3313428.00,3338304.00,1128910,1251158,70163.6667,150757.3333
2026-05-04,135417,47024,55489,63946,21690,13209,-2177976.00,-1136552.00,9481794.00,6175390.00,83804.3333,33989.1667,93487.2857,41802.4286,7202040.00,6160616.00,1108893,1202775,64862.6667,118770
2026-05-01,153214,83578,65389,72436,43624,29833,-3006824.00,1407927.00,11843231.00,10561529.00,85679.3333,33318.5667,86840,35704.1429,12191875.00,7777124.00,1135210,1247407,44741,86589
2026-04-30,163641,79889,68406,59960,24518,46037,1617352.00,-1266880.00,14080011.00,4544724.00,82215.2333,31204.6667,71335.8571,27373,6280025.00,9480047.00,1108219,1174765,23143,48511.6667
2026-04-29,39455,31121,16736,18651,9762,16309,-783120.00,-320766.00,4203561.00,4457898.00,83314.9667,31228.3,72955.7143,26785.4286,3569579.00,3107225.00,1096814,1159279,23291,68690.3333
2026-04-28,56671,23213,18707,33146,10334,9758,-872114.00,-116451.00,4703221.00,2511327.00,83609.5333,31076.5,82543,28548.8571,3552755.00,2797092.00,1097081,1131527,24938.6667,80476.6667
2026-04-27,49409,15095,22454,16454,5920,7439,1509964.00,-117866.00,7634750.00,1704314.00,84372.5,31801.3,89590,31608.7143,2853544.00,4481374.00,1092586,1106822,33537,99568
2026-04-24,99991,31565,50657,37590,16163,12033,2684955.00,234585.00,13157795.00,2079356.00,86226,32662.4333,86135.5714,30802.5714,5735454.00,8185824.00,1115869,1135945,30205.6667,84608.3333
2026-04-23,92030,28156,23694,34279,12287,13070,-1544454.00,597208.00,12432635.00,2183390.00,85981.1667,33012,86428,32250.8571,5520597.00,3378935.00,1105690,1105840,29823,70863
2026-04-22,106683,40890,43046,42342,17883,17473,1651961.00,647472.00,12155021.00,3073527.00,88573.6333,33046.5333,85234.4286,29913.1429,5441277.00,6445766.00,1090108,1077469,28045.3333,76562.6667
2026-04-21,55112,21571,21786,22626,9836,7683,-11408.00,238863.00,5586494.00,2061433.00,89297.7,33943.9667,89623.1429,29759.8571,2976589.00,2726318.00,1080620,1068671,33026.3333,91104.6667
2026-04-20,50794,27008,18873,19569,8931,10626,-204809.00,138685.00,4950522.00,2656157.00,90935.9,35857.6333,87673.5714,29006.7143,2537783.00,2194289.00,1065361,1049052,32664.3333,99443.3333
2026-04-17,123782,35557,48855,45760,15196,15889,-1129957.00,-2025540.00,15690104.00,3907862.00,88577,35362.0333,78790.2857,27489.2857,6693022.00,7588605.00,1160877,1184856,33576.6667,89541.6667
2026-04-16,98738,36514,37148,32085,16636,16556,734117.00,137764.00,10817250.00,2799421.00,87586.6333,35168.1667,71869.1429,26454.2857,4394105.00,4990458.00,1145167,1164020,29580.6667,89405
2026-04-15,75810,25922,40089,25889,11756,8768,1318168.00,264652.00,6479381.00,1885764.00,87128.6667,35302.3333,69016.5714,25747.1429,3047902.00,4101418.00,1133863,1141822,27772.6667,92746
2026-04-14,94077,38294,28829,34785,17251,15349,-1085186.00,549291.00,9796318.00,3526850.00,85442.9667,34697.5667,66427.1429,24618.8571,5171810.00,3537333.00,1120102,1121647,22253.3333,73769.3333
2026-04-13,98328,24526,63720,27043,7514,14516,1679239.00,-65062.00,7337272.00,1085140.00,85316.9,35421.7333,60738.7143,24615,3030122.00,4774423.00,1110401,1074911,22389.6667,61526.3333
2026-04-10,85833,20498,37398,27660,8754,9560,574276.00,-118465.00,6540494.00,1419369.00,83965,36194.4333,60720.7143,24168.5714,2580645.00,3273386.00,1133631,1095910,25313.3333,49678.6667
2026-04-09,37147,21736,15264,12945,11142,8345,91115.00,-2252.00,2984928.00,1773973.00,84298.8333,36230.3667,66376,24507.1429,1785999.00,1879366.00,1125277,1088853,25058.6667,55910.3333
2026-04-08,61599,24935,27792,25666,8140,8067,-137815.00,661392.00,4502780.00,2870510.00,84828.4,35856.7333,71831.7143,27677,3227269.00,2428062.00,1114157,1079284,26879,60694.3333
2026-04-07,50290,29269,18575,26004,9682,5752,-737452.00,233279.00,4739496.00,3091633.00,85071.3667,35909.5667,71142,28383.8571,3164803.00,2194072.00,1097772,1060949,25289,63434
2026-04-06,55842,20972,22220,28419,10542,7961,-838681.00,34791.00,3735730.00,1632699.00,85203.3,36260.6,70033.8571,29960.1429,2888498.00,2015026.00,1088891,1045406,24089.3333,73389
2026-04-02,75951,30396,36201,26393,9853,11397,770451.00,-389543.00,5123832.00,1981687.00,87380.9333,37119,66573.4286,29045.1429,2458137.00,3618131.00,1098576,1089672,21992.6667,73650
2026-04-01,58509,24499,23603,24286,7137,8766,-111448.00,-104294.00,4936032.00,1621609.00,88406.6333,37854.7,74628.5714,32414,2820708.00,2813554.00,1091653,1079055,29534.3333,87410
2026-03-31,85707,17373,47915,28796,6086,7529,1548682.00,-664904.00,6095719.00,1934542.00,89731.5667,39677.2333,92216.7143,41014,2423037.00,4636623.00,1087695,1080596,35149,73995
2026-03-30,76734,24106,34493,34421,7130,7388,-738215.00,51482.00,7203197.00,2904738.00,101069.6333,46394.3667,111178.1429,46636,4668919.00,3879222.00,1074923,1055646,37782.3333,64445.3333
2026-03-27,99789,47124,34550,54842,19685,13958,-1312052.00,710115.00,6670071.00,3645701.00,101490.3,46966.7667,105453.7143,42257.1429,5585498.00,3563331.00,1094770,1090028,30071.3333,48425
2026-03-26,45462,34217,20313,20037,22614,9710,157559.00,875900.00,3576488.00,2550025.00,101896.2,48117.8,109308.7143,41916.1429,3183894.00,2465553.00,1082553,1077201,34692.6667,71569.3333
2026-03-25,48085,32006,17709,18756,19022,11106,472049.00,2241655.00,6554560.00,3837142.00,103301.3333,47722.6,111797.7143,40009.4286,5012009.00,3242403.00,1069126,1062741,49881.6667,125149
2026-03-24,51728,23991,24105,21771,9324,12518,265330.00,-921241.00,4691248.00,2522565.00,103141,47518.6333,114736.2857,41844.8571,2647619.00,3834190.00,1057642,1045833,63038,177727.6667
2026-03-23,114895,48081,53825,49728,14985,22433,1170607.00,-1660468.00,10338077.00,3965164.00,103084.1333,47313.5667,120550.7143,43176,4728960.00,7560035.00,1038879,1010181,52501.6667,159335.3333
2026-03-20,208824,77573,79920,108723,29013,31786,-2681905.00,1008753.00,12664181.00,8702887.00,97799.4333,46340.6667,102816.5714,37614.5714,10880191.00,7178947.00,1180445,1269518,37254,113876.3333
2026-03-19,209464,63460,93943,87108,23091,27449,1477751.00,-214402.00,18804960.00,3797574.00,91933.6333,44556.6333,99244.1429,34538.2857,9113391.00,10805544.00,1175938,1232940,22320.3333,65891
2026-03-18,59718,16472,14109,19790,10960,4546,449957.00,701407.00,6945404.00,1375209.00,92008.2333,45911.6333,101689.2857,39112.8571,2684721.00,2433271.00,1173566,1197498,29109.3333,70084.3333
2026-03-17,72447,31830,35435,18410,15520,11291,1068747.00,-29733.00,9420579.00,1793932.00,91430.9667,45659,105616.8571,46625.4286,3674027.00,4772507.00,1160882,1164483,37632.3333,97800.6667
2026-03-16,65508,18659,31668,27420,5709,10342,-230038.00,-87872.00,8286476.00,2450230.00,91395.4333,46076.4667,103832.1429,46915.4286,4489414.00,4347248.00,1160582,1158898,44293.6667,104193
2026-03-13,72298,36839,28147,36940,16376,15879,-476231.00,-28655.00,6495326.00,2141807.00,90515,47072.3667,103364.8571,46038.1429,4061449.00,3613873.00,1199692,1239933,45989.3333,141579.3333
2026-03-12,155596,57399,51580,74866,30750,20371,-1599385.00,809234.00,10857485.00,3735520.00,86490.9667,45814.6667,90004.1429,42116.4286,7176689.00,4768070.00,1174898,1205508,43021,115325.3333
2026-03-11,84685,38643,37687,33557,16191,16994,-204662.00,335152.00,5370685.00,2884117.00,86102,45349.6667,84121.4286,39474.7143,3552274.00,3012460.00,1167746,1178809,58279.3333,120410.3333
2026-03-10,184457,41926,82271,77413,17678,17792,298750.00,-777134.00,23272361.00,3976395.00,81484.9,44713.7,71277,40092.5714,10902071.00,11977955.00,1157302,1139926,51200.3333,76596.3333
2026-03-09,76834,48494,37720,31713,27577,18300,-685937.00,-2483935.00,6966870.00,7617049.00,81421.9333,45212.7,66768.7143,39404.7143,5851512.00,7649510.00,1148415,1123367,45268.3333,73994
2026-03-06,99940,84418,45366,43235,45602,34600,505769.00,-1611145.00,5852337.00,8531311.00,80074,43508.9,59229,30604.1429,5481608.00,7598522.00,1129857,1160442,27111.3333,61371
2026-03-05,53015,20689,27008,20635,7313,10912,383424.00,-4384677.00,5253204.00,7025403.00,80275.2,43753.2,62724.8571,29609.4286,3372860.00,8140961.00,1125997,1147827,26932,58201.3333
2026-03-04,69027,30698,16167,32423,12613,9657,-1522823.00,-435730.00,5433971.00,6783467.00,80782.4333,43888.3667,61089.4286,29631.7143,5470176.00,4383083.00,1110488,1122864,32116.3333,66707.6667
2026-03-03,62071,29947,31456,24486,9592,17485,416439.00,-8160621.00,7325191.00,11092430.00,82131.6,44303.5333,60765,29854,4168572.00,12745632.00,1104218,1106707,36693.6667,61109.3333
2026-03-02,43506,20151,17504,22311,4517,9144,-1026447.00,-1448422.00,4100853.00,2985070.00,83143.1,44613.2667,74732.7143,34996.4286,2965469.00,3387444.00,1096628,1089566,37581.3333,62328
2026-02-27,94546,46251,24139,30753,9690,12348,-1238448.00,47048.00,8794720.00,3555340.00,85687.9667,47181.3667,73980.4286,35042,3583865.00,2298369.00,1107808,1104658,26739.6667,56641.3333
2026-02-26,45276,43679,17350,15725,9253,24184,180890.00,-6631888.00,3886767.00,10237923.00,85692.7,46887.4667,85434.5714,39094.8571,2459107.00,9271885.00,1102748,1087972,22464.6667,60742.3333
2026-02-25,47162,22814,21247,21610,10351,10559,-296566.00,162085.00,4613676.00,4736500.00,86744.2,47308.8,138250.8571,68067.1429,4370366.00,3911715.00,1093054,1069281,25361,64955
2026-02-24,77486,13726,38819,25481,3755,6453,1188740.00,-1636741.00,5972782.00,3162950.00,88527.9333,48802.5333,143239.8571,75291.4286,2137391.00,4962872.00,1088315,1054004,39501.6667,86219.6667
2026-02-23,57579,30854,24173,25302,11771,12173,-515820.00,-327906.00,5807052.00,4918477.00,91910.3333,49240.1667,143248.4286,80704.8571,3766930.00,3579016.00,1073664,1030944,44740.3333,96786.6667
2026-02-20,59800,31503,25526,28935,12209,16679,691653.00,225207.00,5006589.00,2259068.00,96214.8333,50244.3667,147596.8571,79083,3135059.00,3625139.00,1226728,1250948,58255.6667,118671.6667
2026-02-19,141280,56148,55054,72116,23754,25681,-5459684.00,-658642.00,15859240.00,5293939.00,94863.2333,49491.7,134116.5714,73615,12041742.00,7240700.00,1246507,1217172,114746.3333,210537
2026-02-18,89280,46570,31011,47539,19254,18849,-1662594.00,548517.00,8582004.00,6593161.00,94632,48891.5667,137532.1429,72952,7204033.00,4992922.00,1233732,1197836,120655,218246.6667
2026-02-17,125455,72049,49209,51941,34726,29385,-1756561.00,960302.00,14978287.00,5875405.00,94233.4,48774.4667,126793.2857,69571.5714,10618239.00,7901376.00,1229677,1145601,119554.6667,195641.3333
2026-02-13,416876,225620,206957,164564,91737,107240,8330840.00,-465608.00,52004673.00,12445051.00,82298.8667,42135.5667,72023.8571,38760,24258050.00,33055694.00,1245634,1163346,51064.6667,86762.3333
2026-02-12,112409,64296,45078,51807,26809,24400,507700.00,31508.00,13040739.00,4881273.00,81592.5333,41778.6,64816.2857,37735.1429,6989924.00,7466116.00,1209384,1131330,35590,64932
2026-02-11,57639,68748,22108,22285,32768,31223,-828502.00,256651.00,7287346.00,7473583.00,81258.1,40184.9,64457.7143,31378.4286,7232885.00,6147732.00,1187710,1113660,26650.3333,83448.6667
2026-02-10,90239,20150,37503,37685,9788,8335,960123.00,520664.00,9230758.00,2791433.00,80702.2333,40418.9,60772.4286,32954.5714,4742548.00,5182007.00,1179998,1068023,36062.3333,70130
2026-02-09,46918,17872,21668,20250,9302,6519,-306005.00,210506.00,6297842.00,1555295.00,80253.7333,40248.4,60624.8571,39932.2857,3785405.00,3268894.00,1177856,1047147,33418,65654
2026-02-06,113189,41929,62802,42292,16272,20085,3253889.00,-1563956.00,11200407.00,6251753.00,79516.1333,41916.1,49437.1429,36752.1429,5587524.00,10405369.00,1201352,1072712,38482.3333,48576.3333
2026-02-05,50283,48386,18697,24352,26501,9669,361485.00,2346487.00,7816318.00,8456044.00,81796.3,43531.2333,52684.7143,33367.4286,7633924.00,5648922.00,1189348,1062706,30437.3333,50191.6667
2026-02-04,33490,9939,15221,14600,4571,3941,319544.00,-152214.00,5426456.00,1433621.00,94012.1333,51231.9333,54463.8571,35211.4286,2788357.00,3260115.00,1187525,1057769,37518.6667,60509
2026-02-03,61956,57122,31433,23941,13002,21250,984767.00,-1131255.00,6985922.00,7565708.00,104754.1667,54298.2,56319.4286,36117.4286,3794169.00,5910191.00,1174221,1044520,40716.6667,55152
2026-02-02,55129,24251,24859,24870,4569,15998,-32938.00,-228923.00,6315568.00,1559849.00,105257.2,55136.1,56944.1429,37410.7143,3374803.00,3570788.00,1159426,1028869,39189,48400.6667
2026-01-30,64442,31183,34444,22541,14645,13472,908067.00,-509572.00,7658884.00,5179469.00,107671.5333,55877.9333,56174,36958.5714,4972797.00,6389443.00,1180503,1067774,37025.6667,51258.6667
2026-01-29,45885,66716,19132,21793,32258,25069,-1075699.00,38775.00,6797987.00,9439052.00,114135.6333,57446,61653.8571,32392.4286,7663405.00,6548931.00,1148226,1052908,22402.6667,51278.3333
2026-01-28,34875,19668,15284,15102,8590,8962,966006.00,-128657.00,4844571.00,2849360.00,130372.5667,65103.4667,71321.1429,35640.1429,2807270.00,3901933.00,1141460,1042759,37001.3333,64635
2026-01-27,73016,24693,29463,36462,11547,6628,-427848.00,416670.00,6817017.00,3307817.00,139450.6667,69409.9333,71440.4286,36318.7143,4540470.00,3695952.00,1132594,1033235,39871.6667,60130.3333
2026-01-26,45944,22847,20037,20921,11277,9339,42045.00,385701.00,3923786.00,2703935.00,143588.7667,71379.9667,89290.1429,50668.2857,3065252.00,2721596.00,1121576,1020699,41595.3333,64499.3333
2026-01-23,74945,63464,32356,33304,25409,15075,-719860.00,1415470.00,6489587.00,7066504.00,143993.2667,70232.5667,85072,46582.2857,4253221.00,3481891.00,1097268,1036923,32025,67599
2026-01-22,59502,33304,26191,25551,12051,6977,-1618315.00,-8015.00,8031261.00,4974517.00,145392.5667,70736.5,87815.5714,46889.4286,5434709.00,3824409.00,1086473,1023434,35057.6667,81947
2026-01-21,59051,28018,25043,27947,7652,9246,-2005257.00,-127760.00,8762125.00,4900725.00,150803.7,72395.3,98093.7143,51249.4286,5896141.00,4018644.00,1079903,1006697,35532.6667,86880.3333
2026-01-20,84244,34753,32221,43034,12977,15441,-1579167.00,463453.00,9269645.00,3782514.00,154735.4,73642.8333,108780.4286,52568,6334164.00,4291544.00,1068845,979271,65046.3333,115763
2026-01-16,102546,42402,36208,44548,14957,11808,-2895340.00,725226.00,16005051.00,5031521.00,156031.3,73473.3667,121121.7143,55314.7143,9143486.00,5522920.00,1539412,1373522,62533,96720.3333
2026-01-15,73851,29443,23889,38988,13389,11473,-340104.00,203077.00,9046972.00,5002535.00,159926.8,74078.5667,124961.8571,55904,5777556.00,5234375.00,1553559,1365597,64536.6667,98339
2026-01-14,170892,123294,59279,79183,48032,33756,-4716985.00,1285473.00,25292736.00,17697817.00,162555.5,72710.1,112312,42371.4286,18711332.00,12708874.00,1501664,1338484,42951.3333,85041
2026-01-13,45418,34862,14527,23344,19600,13032,-323821.00,1701914.00,4382511.00,3681909.00,164332.9667,73156.2,122037.5714,47182,4596808.00,2571073.00,1489227,1335973,45991.6667,122918.6667
2026-01-12,78707,35454,31684,38252,13158,19376,-1687543.00,-76472.00,9624125.00,2825139.00,167416.8667,72914.4667,119199.4286,45896.1429,6436712.00,4825641.00,1478639,1314694,54716.6667,159661.3333
2026-01-09,130998,58538,46561,57788,31209,21247,-1462470.00,1336546.00,13589505.00,4019485.00,167427.7,71854.4667,113516.7143,45188.8571,8052135.00,5253119.00,1497147,1345658,46393.3333,149572.6667
2026-01-08,159051,43983,65707,66228,18101,21489,827024.00,-243451.00,22871390.00,3603208.00,167438.1667,71528.5,97596,41896.5714,10482026.00,11552501.00,1489911,1320687,41254.3333,124003.3333
2026-01-07,188935,61629,91996,71346,12594,20366,2936897.00,81299.00,22100049.00,7012034.00,166520.6333,71241.6,81114.2857,36973.8571,9773793.00,12629391.00,1460396,1290498,43556.6667,98857.3333
2026-01-06,100732,33568,44080,45224,13831,14800,1172022.00,548542.00,12697097.00,3026885.00,168146.2667,71939.6667,71504.4286,34000.8571,5912131.00,6761611.00,1452216,1271724,41185,84893.3333
2026-01-05,82343,28566,31954,38095,12263,13824,-158755.00,-4697.00,11958916.00,1980015.00,168189.8667,72011.3333,72749.8571,43057.1429,5551371.00,5397313.00,1442897,1249005,49525.3333,87852
2026-01-02,113497,68536,46042,51934,23417,26000,-804418.00,-129076.00,13421336.00,5688402.00,167505.8667,71089.3,73491.4286,47100.5714,7159810.00,6484468.00,1475843,1292546,33659,65888.3333
2025-12-31,58840,26453,28334,24574,13220,10720,467234.00,-3756.00,7742755.00,1658541.00,168494,71593.4,122223.5714,77744.4286,3629439.00,4100429.00,1468544,1275062,33898,70796
2025-12-30,91219,53587,32295,38148,26497,20249,-998867.00,157773.00,9279774.00,5022564.00,169828.3,72526.5333,164080.4286,91390.5714,6453360.00,5296720.00,1464545,1246415,20288,51544
2025-12-29,47606,20937,15703,26531,8620,9284,-71833.00,-153062.00,5104785.00,1566756.00,173143.5667,74318.3,167311,95455,2711624.00,2792853.00,1455546,1236127,43962.3333,66029
2025-12-26,73563,27170,29491,37458,10666,13071,-3859390.00,-236924.00,12433794.00,1811713.00,176755.6,76559.6667,176355.1429,99207.5714,8182917.00,4560451.00,1510418,1308169,67185.6667,81070.6667
2025-12-24,33463,12757,15911,13469,5149,6318,84426.00,65378.00,4955817.00,1063948.00,186857.4333,81438.3,205833,113636.2857,2550426.00,2569474.00,1507343,1300133,143253.3333,203238
2025-12-23,91061,91960,30094,29784,37303,31592,-2501485.00,960892.00,24388665.00,6656931.00,191431.8333,80987.6333,267393.2857,136126.5714,9921012.00,6458525.00,1498070,1273657,162303.3333,300956.6667
2025-12-22,118688,96840,43239,51271,41252,40335,119568.00,646541.00,31191132.00,8667858.00,191945.0333,79901.9333,299774.8571,144276.1429,13098166.00,12571007.00,1456587,1251147,146486,284800.6667
2025-12-19,399965,240960,202846,147124,99139,103078,11395889.00,-556559.00,75126192.00,18090038.00,182657.5,74965.3333,266935.1429,121560.1429,33062692.00,45015140.00,1677078,1580056,83978.6667,197103
2025-12-18,384217,149110,166083,102059,59147,65616,8782730.00,1200119.00,52815812.00,11461290.00,181677.4333,76352.6667,224487,104407.5714,15737670.00,23320281.00,1630709,1481865,72194.6667,148966.6667
2025-12-17,70220,49388,27567,33607,19527,21802,-579895.00,-826376.00,6852224.00,4657033.00,183341.5667,77348.7667,228952.8571,104269.5714,4704741.00,4951222.00,1629070,1479034,138862.6667,299554.3333
2025-12-16,136872,53438,57128,60982,22574,25617,-757867.00,-34879.00,15326323.00,4227362.00,180048.6,76313.0667,241026.1429,107747.2857,8513501.00,7790513.00,1631408,1470078,172345.6667,369050
2025-12-15,239808,113758,107187,98158,35984,64624,4147716.00,-1193808.00,29415202.00,10808441.00,174649.6667,73272.2667,235652.8571,101807.4286,14388053.00,19729932.00,1619196,1426317,161742.3333,345809.6667
2025-12-12,521983,249392,240962,202106,105877,119659,8846227.00,-1014208.00,64045885.00,13084719.00,159156.0667,65681.3667,181287.1429,71511.1429,27694901.00,37557396.00,1599747,1516561,88292.3333,200842
2025-12-11,345359,153887,135384,169443,75993,63260,-304896.00,762854.00,25836714.00,9753055.00,150253.4,61243.5667,159195.2857,56327.1429,16204102.00,15136352.00,1565020,1468022,53137.3333,119549.3333
2025-12-10,170087,81948,84483,72926,47769,30041,1596875.00,1022205.00,16047662.00,4184074.00,146162.5,59704.4667,170576.1429,56368.8571,9069070.00,9643740.00,1523046,1430327,51748.6667,136648.6667
2025-12-09,87080,29042,47112,33379,13077,13715,-136869.00,603700.00,6800331.00,2013854.00,147685.4333,59603.9667,172242.1429,59112.1429,4385554.00,3644985.00,1509910,1394091,66127.6667,175020.3333
2025-12-08,101481,48422,42171,44529,22585,18303,-758802.00,662742.00,12543644.00,4331400.00,146075.2,59109.4667,182205.4286,56223.5714,7589731.00,6168327.00,1494537,1362690,62426.3333,188334.3333
2025-12-05,221385,77782,97430,97880,50885,19123,248366.00,4586170.00,18558991.00,7319310.00,139917.9,57292.0667,169339.4286,48931.5714,14137599.00,9049795.00,1516603,1425404,52365.3333,178111.3333
2025-12-04,202195,72179,89083,94853,29261,29048,-1110713.00,1258896.00,16163926.00,5054357.00,134602.3667,55347.3333,163220.8571,43506.5714,10291487.00,7921878.00,1491338,1408325,55719,193964
2025-12-03,141423,37318,61561,52989,11067,15198,958453.00,-399837.00,13099566.00,4122187.00,132260.4,54865.8667,166076,45750,5065266.00,6423556.00,1481361,1391575,59361.3333,179737
2025-12-02,190716,47599,84308,91617,12080,31872,-69735.00,-463927.00,15774052.00,2800782.00,127823.6333,54159.2333,160188.1429,46737.2857,8238811.00,8633003.00,1460577,1357567,52895.6667,173239.6667
2025-12-01,249753,82240,114961,90252,29773,47901,4048803.00,-889390.00,28710839.00,5198296.00,121122.2,52223.0333,136459.2857,39376.7143,11209908.00,16148101.00,1433310,1300480,34395,133763
2025-11-28,98742,48245,41141,38908,13052,28230,400953.00,-392161.00,9910525.00,2059271.00,119721.4667,51381.2667,135635.7143,38323.8571,4396648.00,5189762.00,1451312,1334325,29714.6667,153970.6667
2025-11-26,171224,28202,78546,58033,11880,13183,1919230.00,-68717.00,17402648.00,1354915.00,116501.1667,51441.3,123815.7143,40234.4286,6485176.00,8473123.00,1443654,1283677,37988,150699
2025-11-25,131323,26738,64324,53466,7131,9781,1550781.00,-33709.00,10986168.00,2270669.00,114328.3333,51075.9,123805,48069.1429,4443021.00,6027511.00,1431720,1254257,47245.3333,156758.3333
2025-11-24,159365,34204,75301,65296,13516,8389,2027751.00,131649.00,10053493.00,2028233.00,110745.9,50446.1667,122047.7143,53852.8571,3761594.00,5657696.00,1412914,1182851,46082.6667,131520.3333
2025-11-21,161409,53022,80136,59837,21734,20767,640242.00,-105506.00,9541191.00,2622106.00,108697.8667,49721.7667,124978.4286,59765.5714,5175567.00,5921315.00,1515442,1343142,42033.6667,108709.6667
2025-11-20,149501,54510,59837,74183,25674,13363,-1006727.00,437894.00,14097443.00,5059245.00,105749.9,48475,151695.1429,74709.2857,8163875.00,6719254.00,1504501,1342434,37722.3333,88370.6667
2025-11-19,83651,30716,33335,44667,18905,8860,-1685964.00,1650189.00,8375186.00,3346433.00,105120.6333,48653.3667,172358.2857,81527,7128971.00,3792818.00,1494273,1341433,54677.3333,104236.3333
2025-11-18,92977,40875,40913,33080,13986,12553,843080.00,418119.00,6430241.00,4003094.00,104569.4667,47899.7333,178230.7143,84869,3691604.00,4116565.00,1479081,1328553,65949,122265.3333
2025-11-17,88484,41576,33756,48463,23534,15313,-1021725.00,292337.00,9573885.00,2933348.00,104260.3,47673.3333,182924.2857,92195.5714,6489126.00,5175064.00,1475832,1319225,83560.6667,153412
2025-11-14,131248,81581,55262,61088,29790,44400,-1534006.00,-2163120.00,12096090.00,7737316.00,103653.6333,46560.9667,214862.4286,107788.2857,8124766.00,8753880.00,1506328,1376951,109405.6667,221835.3333
2025-11-13,147064,74690,51685,73784,38627,32107,-1255495.00,1106594.00,13063994.00,4630438.00,105730.3667,46345.4667,211016.7143,108442.7143,9231648.00,6869559.00,1499000,1362505,110655.6667,248911.6667
2025-11-12,181924,94411,75518,78411,43789,40737,384502.00,176243.00,18510744.00,6335026.00,101327.0667,44292.3667,190468,98150.7143,10994870.00,11203129.00,1492795,1335396,100608.3333,232965
2025-11-11,336518,159116,172911,116940,66541,57625,8023074.00,423002.00,42928790.00,14973746.00,92470,40423,153514,78639,18111352.00,25711424.00,1427538,1271166,78523.6667,161238.6667
2025-11-10,228293,78440,111189,91364,26420,43446,2470269.00,-1185822.00,22010279.00,4217498.00,87231.1,39499.7333,129068.5714,70528.2857,9853591.00,13509682.00,1401562,1225032,115953.6667,203412.6667
2025-11-07,134084,64269,58343,62493,29562,28354,-388605.00,-20258.00,11176190.00,3509206.00,87020.1667,38658.4,121096.4286,64311.7143,6594851.00,6227756.00,1464160,1285050,120954.3333,198766
2025-11-06,121339,92862,51833,61002,41790,40961,-884413.00,340659.00,13038380.00,6299356.00,89093.1,36834.7333,110528,56156.4286,9351918.00,8126846.00,1463167,1277922,97456,171014
2025-11-05,354815,190730,196839,128207,78674,93251,6777232.00,-812883.00,35053066.00,12001511.00,81001.6,31523.4,78807,32627.4286,17621901.00,25212016.00,1408673,1269039,41390.6667,78689
2025-11-04,120144,79271,44469,57115,40911,24505,-428200.00,1630401.00,8232317.00,5120727.00,81519.2333,30194.6333,69239.8571,26101.1429,6721350.00,4662749.00,1367562,1233284,22188.6667,57699.3333
2025-11-03,38083,22367,14455,20483,11856,8957,-380690.00,-46839.00,3400055.00,1305840.00,87962.4,31699.6333,69037.4286,26228.7143,2375101.00,2041250.00,1356122,1218965,21650.6667,71098
2025-10-31,77840,22534,34603,38713,8926,11607,245516.00,103257.5000,4052151.00,1920205.5000,89858,32808.1333,64021.5714,24986.2857,2693745.5000,2836004.00,1366888,1261301,26064.3333,60938
2025-10-30,57175,21665,20335,29229,10861,9254,-804747.00,120978.00,4991419.00,1517693.00,92289.9,33651.7667,66020,25159,3331056.00,2405331.00,1357605,1262285,27518.3333,86135.6667
2025-10-29,78279,20753,36408,37374,7869,11105,605653.00,8025.00,7214621.00,980670.00,92504.7667,34543.2667,63067.7143,25965.7143,3506186.00,4103814.00,1354047,1259336,31796.3333,77767.3333
2025-10-28,47360,35775,21676,22325,26110,7412,-30349.00,1943938.00,2830414.00,4132162.00,96169.8667,34774.9667,63260.5714,24305.5714,4237811.00,2263524.00,1329541,1255163,27624.6667,74202.6667
2025-10-27,132768,26027,73956,53078,8948,10920,1228149.00,-120225.00,6037571.00,1428316.00,94264.1,34609.9667,52396.5714,23872,2604515.00,3952929.00,1318276,1208294,23561.3333,44189.6667
2025-10-24,53174,33587,21495,27188,17341,13285,-273742.00,183439.00,2345327.00,1889922.00,98563.8667,35559.3667,55459.5714,23360,2120642.00,1663461.00,1330751,1246096,19990.3333,50186.3333
2025-10-23,36666,23260,14144,19210,9827,10106,-121865.00,-92438.00,1793811.00,862782.00,100032.0333,36688.4,59669.8571,22290.8571,1215086.00,1185659.00,1325280,1240057,21037,57168.6667
2025-10-22,42729,13837,17080,19095,6720,5692,-18704.00,147025.00,2441044.00,1001058.00,101155.6333,37264,60978.8571,22501.5714,1577090.00,1411361.00,1321038,1227772,24476,59162.3333
2025-10-21,71164,22874,32169,34039,10445,9775,16561.00,-61483.00,5320481.00,1789119.00,100226.2,37098.3333,65093.7143,23703.8571,3048778.00,3126822.00,1312555,1213305,24515.3333,54347.6667
2025-10-20,57613,26400,24031,25158,8695,10550,35256.00,-704999.00,3796733.00,2991997.00,100472.5,38266.0333,65586.4286,22376.2857,2488894.00,3229149.00,1299229,1189916,25716.3333,60015
2025-10-17,48710,24154,22561,22195,8194,11380,165210.00,-88702.00,2029418.00,1298094.00,104375.9,40003.5333,67881.1429,24078.1429,1195635.00,1449547.00,1373167,1329155,22923.6667,65824.3333
2025-10-16,56720,22992,21496,29017,15692,4948,8750.00,480766.00,4950955.00,1534158.00,106744.8667,40915.9333,70698.5714,23403,3081301.00,2609285.00,1374249,1323517,20363.6667,64215
2025-10-15,74615,30003,30862,29804,15848,10121,260910.00,-117892.00,6804762.00,2699084.00,110663.5,42361.5,71354.8571,24086,3401912.00,3784045.00,1366082,1310103,20792.6667,72666
2025-10-14,66138,15776,31855,24436,6809,7114,312495.00,-99866.00,3907372.00,1297195.00,110853.5,42896.6667,78056.2857,28719.4286,2038833.00,2451194.00,1362722,1295150,21236.3333,70974
2025-10-13,51892,15312,22142,25420,5769,5660,-179949.00,120042.00,2825920.00,1080932.00,112073.0667,43396.1,100552.5714,36278.4286,1739583.00,1439592.00,1357395,1278740,28154.6667,75267.6667
2025-10-10,99968,31290,37474,54792,14755,12559,-1414796.00,-146655.00,6737713.00,2265938.00,111752.0667,43028.7,93389.2857,36496.7143,4778963.00,3510822.00,1380953,1310310,23813.3333,67425.6667
2025-10-09,61062,17107,24734,27779,6975,8494,449413.00,-322924.00,4594970.00,1844417.00,111861.5333,43227.8,94781.2857,40200.7143,2470392.00,3242729.00,1382073,1295893,29705.6667,73474.6667
2025-10-08,64773,36067,24195,30972,10606,10408,-146213.00,94850.00,4540457.00,1875405.00,112941.4333,42739.1,95688.8571,42297.1429,2694093.00,2453030.00,1375813,1278328,33753.3333,89566.3333
2025-10-07,76442,18266,28453,40529,8196,4845,-258619.00,222462.00,5235692.00,2370288.00,113820.4,43634.7,103019.4286,45263.2857,3203043.00,2721962.00,1367093,1270479,50406.3333,133874.3333
2025-10-06,79209,34784,34773,38442,15994,9716,-197253.00,599854.00,5722581.00,2466298.00,115772,43759.2,117922,45744.4286,3985831.00,3182454.00,1355806,1242601,49751,124079.6667
2025-10-03,113048,48210,50516,54564,19253,17936,351374.00,534214.00,7580655.00,4545714.00,113227.4,42372.6667,117782.2857,43341.5714,5278742.00,5095902.00,1377537,1288879,48026,109999
2025-10-02,209366,68225,81105,107106,30918,29174,-667948.00,86439.00,17852458.00,6687747.00,108046.9333,41158.6333,107254.7143,39224.8571,11118178.00,10363791.00,1355389,1237294,42198.3333,63919
2025-10-01,49825,32818,21213,22964,9552,8846,-182001.00,244585.00,3784858.00,2556810.00,107699.2,40665.4667,133190.8571,44181.8571,2440953.00,2014367.00,1342152,1224046,44268.6667,89896
2025-09-30,70806,43035,25278,36239,19441,15112,-1656381.00,147277.00,7024543.00,2563212.00,107627.5667,40540.0333,142319.7143,46003.8571,4759115.00,2955457.00,1330253,1220559,42641,127469.6667
2025-09-29,71126,50742,34331,30540,12228,17263,747044.00,-294998.00,6910165.00,2642230.00,108769,40767.3,150749.1429,45465.5714,3596901.00,4638943.00,1326071,1199409,36190.3333,141117.6667
2025-09-26,127756,39029,50701,66554,16882,14085,-933971.00,-86558.00,9782830.00,1849021.00,107075.3667,40330.5667,144601.8571,46675.4286,5424270.00,4576857.00,1351726,1252894,36316.6667,143756.6667
2025-09-25,183527,38152,86957,79166,19669,15885,1043590.00,560412.00,15316648.00,2250496.00,104439.5667,39824.7333,140857,47328.8571,7430231.00,7913409.00,1342796,1219998,46105,159707
2025-09-24,112070,31390,58087,43506,14108,13491,1797075.00,-261248.00,12798042.00,2240879.00,103338,39932.6333,135646.2857,45855.5714,5696787.00,7755110.00,1335336,1195566,54238,167253
2025-09-23,135673,39408,52518,58484,15704,19889,-338163.00,-287870.00,15950519.00,2474687.00,100651.8667,39614.8333,142288.2857,49092.8571,7093986.00,7043693.00,1335204,1175150,56760,165406
2025-09-22,231378,67517,122115,89782,26433,35015,2945067.00,-96294.00,18669546.00,3202650.00,95302.9667,38588.1667,120764.4286,47609.1429,8054806.00,11096167.00,1314192,1115405,50087,116521.6667
2025-09-19,134708,55789,52386,65538,24213,21914,-1528513.00,344632.00,8626641.00,2137108.00,92707.9,37935.7,112440,44082.8571,5689276.00,3816131.00,1557145,1446617,45732.6667,124056.6667
2025-09-18,130132,46974,75989,42808,25517,18079,2012960.00,-22190.00,8726302.00,2430100.00,92453.3,40252.8333,100032.7143,39930,4074866.00,6110016.00,1537809,1428109,37100.3333,105877.6667
2025-09-17,84725,47498,28537,38630,21764,21723,-607712.00,-550488.00,7762820.00,4877005.00,93985.8,45703.3667,97215.1429,41920.4286,5120803.00,5063579.00,1525382,1413154,41957.3333,138358.3333
2025-09-16,157313,42726,81732,62482,17551,21398,900040.00,-1023965.00,13038260.00,2737326.00,90443.6,45260.6,98429.2857,46713.7143,6199463.00,8123468.00,1514663,1392711,46759,112824.3333
2025-09-15,75595,21077,37829,31341,9505,10278,360948.00,-36445.00,4189052.00,1268128.00,89722.1,45873.9667,105885.5714,50897.5714,2320575.00,2717968.00,1510107,1382358,50101.6667,113105
2025-09-12,182167,62069,76631,88875,32422,23928,-1295761.00,826539.00,14788666.00,4086952.00,85518.0333,44341.5667,107315.1429,52512,9627924.00,7505624.00,1517978,1383787,35380,66809.6667
2025-09-11,80711,57131,36757,36872,22836,21667,-246475.00,337359.00,5866223.00,4431612.00,84370.4,43016.5,106047.5714,48897.7143,4485368.00,3901534.00,1501390,1378141,36813.3333,61573.3333
2025-09-10,76437,31105,32920,29364,13534,12237,168136.00,594940.00,8280486.00,1778059.00,84765.9333,42753.1,107767.8571,48782,3359521.00,2932717.00,1490482,1362899,51871.3333,91365
2025-09-09,43281,17904,14971,19692,9384,6924,-90444.00,183698.00,3192462.00,870097.00,84987.0333,42968.0667,114490.2857,49119.7143,1784749.00,1510607.00,1489052,1355045,62691.3333,119534.3333
2025-09-08,65002,61431,25835,27788,28092,17209,25913.00,413422.00,4427605.00,2474569.00,90477.8667,42353.1333,114396.5714,43641,2714853.00,2327344.00,1451693,1332113,66671,161925
2025-09-05,165812,76279,66780,68496,36015,21331,241355.00,533236.00,12891376.00,3517538.00,87665.1667,41335.3,104590.5714,35802,6347102.00,6055221.00,1436035,1348014,51855,130600.3333
2025-09-04,127789,50364,51957,47819,26599,19143,151682.00,213573.00,7530502.00,2671958.00,86008.6,40513,101022.2857,35054.8571,4481823.00,4419932.00,1434512,1333196,45165.3333,117497
2025-09-03,192174,73370,102405,70226,31520,33160,681380.00,-583790.00,18755038.00,4393814.00,85305.9,39637.2667,93248.4286,30076.1429,9330279.00,10595449.00,1405506,1319629,27464.6667,83551.6667
2025-09-02,71838,31831,39248,26866,9245,11677,1820478.00,-351070.00,6048099.00,1650950.00,85954.9,39426.5333,88230.1429,26473.7143,2328078.00,4499503.00,1399189,1298675,24547.6667,81054.3333
2025-08-29,88479,30295,38391,42703,11808,8628,-478328.00,380485.00,4195470.00,2336783.00,90249.5667,40913.9333,83297.7143,26689.2857,3096583.00,2237770.00,1425433,1344571,21584.6667,83951.3333
2025-08-28,90338,20268,49388,29110,7550,6802,200015.00,142038.00,4011934.00,1586636.00,94069.8333,41559.7333,76019.8571,26368.5714,2181610.00,2239587.00,1419726,1324855,29873.3333,88109
2025-08-27,64346,23080,28752,30355,8292,13216,-43853.00,-185412.00,3323571.00,1211277.00,95391.5333,42226.2667,76635.7143,28681.7143,1972733.00,2114292.00,1410945,1317201,35019.6667,112579.3333
2025-08-26,97170,21406,39831,39214,9751,10358,157026.00,319759.00,7815265.00,1236082.00,94640.4,42415.7333,77807,33846.5714,3230857.00,3068124.00,1403932,1280340,30089,92426
2025-08-25,102811,45134,45963,47351,16503,17702,-372501.00,-215706.00,5216199.00,2848091.00,93554.7,42291.1,74112.1429,31102.7143,3232586.00,3075791.00,1391878,1272624,25645.6667,76139.6667
2025-08-22,137757,38519,76360,45443,17338,17920,1179208.00,-81385.00,7392042.00,1945428.00,90981.1667,42047.9,69354.4286,28882.4286,3468663.00,4729256.00,1404670,1294981,18813.6667,43351.6667
2025-08-21,36710,6614,12645,21346,2428,2817,67168.00,-14121.00,1251123.00,304079.00,91677.7667,42496.9333,75399.1429,32884.2857,640870.00,722159.00,1403449,1281473,29699.6667,54000.6667
2025-08-20,53952,31804,20672,29926,16963,6814,-542371.00,1173067.00,2825099.00,3030298.00,91033.0667,41964.4667,75561.5714,32608.5714,3590308.00,1874870.00,1382372,1280520,38285,71139.6667
2025-08-19,39393,18023,13524,20447,6337,3842,-531865.00,159779.00,2297669.00,2150937.00,93177.2333,42562.0333,80064.1429,35279.1429,1568523.00,876879.00,1374243,1274723,40919.6667,83657.6667
2025-08-18,68657,39272,35610,26233,27601,9041,96727.00,339722.00,2554288.00,1199391.00,94152.9,42975.8,78378.2857,34842.4286,1720918.00,1477923.00,1378577,1259823,35488,95589.6667
2025-08-15,105369,57560,59756,38945,14966,26740,48682.00,-254514.00,4619963.00,1876760.00,92543.3,42069.1667,80824.7143,43260.7143,2679729.00,2982925.00,1488470,1436449,27843.6667,86807.6667
2025-08-14,76947,25927,33350,33707,8303,6214,89590.00,204169.00,2616360.00,1409399.00,93022.6,43043.6,88503.7143,69701.7143,1502151.00,1387572.00,1499533,1421176,29159.3333,79521.6667
2025-08-13,104453,22977,49763,40475,5738,7382,-113844.00,-164429.00,4282736.00,1986936.00,94342.4667,45021.2667,80874.2857,70625.4286,1773283.00,1823868.00,1496031,1392857,33739.3333,68341
2025-08-12,79023,34627,24738,36048,8519,11887,-1767784.00,-63991.00,7000980.00,2645502.00,93186.1333,44621.8667,77292.4286,71318.4286,4034823.00,2331030.00,1487905,1363822,34268.6667,60952
2025-08-11,55089,29874,22698,29159,9346,17413,-566441.00,-1067156.00,3166329.00,3313256.00,93462.1333,44686.7333,77429,69350.2857,2788875.00,3289590.00,1470848,1349773,63140,83420.3333
2025-08-08,70911,36717,44832,21676,17403,11410,283719.00,2080.00,2617972.00,1996337.00,94090.8667,43828.2333,73910.5714,66587.7143,1869566.00,2151205.00,1509111,1406269,121239,103350
2025-08-07,56856,36215,27957,24886,15250,15585,767770.00,339189.00,3063488.00,3782839.00,93216.0667,43072.8667,78403,64728.8571,2545052.00,2973633.00,1501408,1396805,118981.6667,101413.6667
2025-08-06,122494,116488,50972,51320,56117,54201,-19339.00,342899.00,5599075.00,7158720.00,90436.7333,39770.8333,68034.4286,51566.7143,5017234.00,5452996.00,1490604,1378520,93311.6667,78565.6667
2025-08-05,130700,211014,45073,68400,121496,68590,-464838.00,3936707.00,7216672.00,32496982.00,87928.2667,33694.2,82181.1429,27562.2857,17430423.00,18272543.00,1398226,1346854,28339.3333,53680.6667
2025-08-04,51047,29443,21421,22663,15381,9675,168904.00,784300.00,3622126.00,2213440.00,87891.9667,33991.1667,86521.7143,29891,2565733.00,1950337.00,1383308,1324266,24318,52092.3333
2025-08-01,53950,39478,26557,22254,23710,12054,248977.00,1051635.00,3576078.00,2695524.00,88125.2,33919.1667,89970.5714,27922,3134404.00,2331746.00,1390042,1369589,18893,63543.3333
2025-07-31,56045,16097,15531,36012,7185,7648,-201677.00,-59012.00,3118536.00,1117746.00,87771.4333,34120.2667,106406,32350.7143,2005315.00,1862650.00,1382849,1373308,21645,61499.6667
2025-07-30,46282,17379,18503,24052,7123,5271,54187.00,384983.00,2670390.00,1653421.00,89362.6,35344.3,112838.2857,33512.1429,1807959.00,1477163.00,1374182,1364684,30179.6667,122648
2025-07-29,88303,23203,34421,47339,13389,7057,-244197.00,324538.00,6053152.00,1278012.00,89514.7667,35615.9667,131269.1429,40899.8571,3533315.00,2964580.00,1367006,1350240,37693.3333,120357.3333
2025-07-28,49914,24353,16533,23262,6521,8265,239478.00,-7601.00,4099404.00,1671147.00,89627.4,35697.4667,153416.5714,43084,1722356.00,1969435.00,1351472,1326690,38140.6667,129750
2025-07-25,229727,42983,102240,78432,20376,16228,948344.00,321702.00,12812148.00,2878107.00,83857.2,34991.4667,135455.1429,43097.2857,4865080.00,5491722.00,1382748,1333579,39512.3333,110205.3333
2025-07-24,81431,45744,34174,36813,11300,11988,361914.00,-96551.00,4443624.00,4196318.00,83827.9667,34291.0333,134484.4286,40432.4286,2234237.00,2692702.00,1376961,1321774,32767.3333,113497.6667
2025-07-23,78092,25695,37280,34454,12866,10981,-206007.00,271710.00,4900643.00,1570041.00,84277.7667,34332.9667,133362.7143,42675.2857,3208454.00,2730737.00,1365712,1302760,49174.6667,159906.6667
2025-07-22,171093,47098,78781,74522,15779,23923,-62349.00,-475711.00,13552538.00,3737948.00,80706.4667,33782.1,117571,40407.4286,6522125.00,6935487.00,1356364,1260606,46689.3333,171191
2025-07-21,91308,25509,34972,40450,9158,14224,-38584.00,-147424.00,6510123.00,1147992.00,80804.1333,34516.4333,112756.7143,39632.5714,2936564.00,3045404.00,1348874,1236847,52545,175420.6667
2025-07-18,217319,74917,106619,71511,27681,27664,350189.00,-636550.00,12356932.00,2690383.00,74748.4,32922.7667,86655.5714,31191.5714,5923721.00,6910460.00,1417580,1324523,36602.6667,127859.6667
2025-07-17,204946,39642,102031,69395,13930,16501,3536425.00,-34965.00,15343515.00,2550503.00,70103.6667,32338.3667,72194.4286,30664.1429,4796419.00,8367809.00,1406264,1284119,37187,82957.6667
2025-07-16,103997,43076,42378,53554,20158,11063,105730.00,339879.00,6055584.00,3229006.00,68394.2667,32183.2,71327.2857,31894,4060933.00,3826784.00,1384139,1253164,33236,68475.6667
2025-07-15,74636,27090,31129,26136,12136,8062,274661.00,351111.00,3900569.00,2084448.00,67701.6,32494.7667,68819.4286,32361.2857,2046794.00,1970344.00,1369308,1225830,30901,62799.6667
2025-07-14,70240,41395,28133,31217,19840,10810,-400266.00,451335.00,4282365.00,1943679.00,67239.0333,33563.5,71831.7143,34327.7143,2722353.00,1870752.00,1352800,1205571,22379.3333,50923.3333
2025-07-11,60551,31223,23164,25540,14180,14789,-88699.00,322042.00,2754015.00,1350856.00,66607.6333,33639.2,83760,41625.4286,1716695.00,1305954.00,1368251,1224579,23955,65312.3333
2025-07-10,57608,20085,27150,22484,6152,7957,286943.00,-233104.00,3262272.00,1673040.00,67546.2333,34018.9667,81863.5714,41991.1429,1064786.00,1584833.00,1368576,1215153,34488.3333,78752
2025-07-09,34611,15830,15461,16332,3522,11197,-161994.00,-240227.00,1690822.00,742673.00,68159.5,34777.8667,85971.8571,44275.4286,1047886.00,1126119.00,1360781,1207289,39332,86242
2025-07-08,103718,35950,55302,37150,14241,17307,810677.00,-132368.00,7404031.00,1936564.00,66827.0667,35491.0333,83979.7143,40705.7143,3198925.00,4141970.00,1358985,1178702,45735.3333,82111.3333
2025-07-07,97927,51685,28220,51912,14804,11283,-1326157.00,209599.00,9037334.00,3591552.00,66981.2,36252.0333,74363.2857,35258.4286,4674806.00,3139050.00,1329507,1143505,55942.6667,97485.3333
2025-07-03,57081,30361,27265,24115,14769,10834,-32732.00,140728.00,2069722.00,1866353.00,74531.2,38540.5,71796.5714,33410.7143,1669615.00,1495873.00,1345434,1176632,53370.6667,93236
2025-07-02,91326,55160,31851,42772,16704,12166,-470264.00,-38085.00,5983342.00,7349636.00,75916.9,39041.1333,66670.8571,29632.8571,3168804.00,2736625.00,1325854,1188198,45590.6667,83917
2025-07-01,144049,82307,38696,56232,58508,18185,-98474.00,1190726.00,5530099.00,7453156.00,76499.0333,38762.9,53229.2857,23353.5714,6950760.00,4109560.00,1281684,1117391,21809,65825
2025-06-30,44333,22645,20272,19178,6808,4972,327994.00,414379.00,3081673.00,1647724.00,81111.7,40379.5667,55602.7143,25449.7143,1839930.00,1753545.00,1269200,1100442,18778.6667,61251.3333
2025-06-27,63369,31820,19402,38054,12072,13429,-2461320.00,-285917.00,6302435.00,1450274.00,81945.6333,40958.4333,53040.2857,24065.4286,4332790.00,2157387.00,1270242,1134269,13981,53166.3333
2025-06-26,89773,10962,45438,39753,5082,4951,-250419.00,-206885.00,3312055.00,893826.00,82859.1667,41986.9,53646.5714,30228,1883283.00,1839749.00,1267660,1110091,19898.6667,41724
2025-06-25,30612,13554,12185,16154,3816,8399,-31430.00,-211865.00,2147340.00,732997.00,85176.6,43020.2333,62540.2857,32770.7143,1211230.00,1391665.00,1262360,1101071,28164.6667,48172.6667
2025-06-24,39114,17427,14919,17214,6381,10167,-598854.00,-85590.00,3488475.00,1465585.00,90996.8,46678.1667,64565.8571,34109.4286,2427778.00,1914514.00,1250886,1086113,34795,55450.3333
2025-06-23,55446,28715,26502,23016,5065,6403,1722919.00,-302866.00,5451715.00,3471460.00,94519.5,49644.1333,64733.7143,33122,1543777.00,3569562.00,1228700,1061004,32600,52112.3333
2025-06-20,49958,38352,15054,21377,15324,16451,-674710.00,189223.00,3573963.00,3015943.00,97771.1333,51285.7,69104.5714,31176.1429,2100289.00,1236356.00,1485871,1369103,37849.3333,66798.6667
2025-06-18,60947,37318,22401,24439,23668,7406,130112.00,1260024.00,5913160.00,2751632.00,99025.5333,53376.4667,73481.5714,29695.4286,3938471.00,2808559.00,1476718,1355472,35861,77439
2025-06-17,45432,22130,11859,15517,12162,7402,-145285.00,868779.00,2976161.00,2580074.00,100363.2667,53838,76127.5714,30901.4286,2744966.00,1730902.00,1466137,1343446,37417,80059.3333
2025-06-16,94017,54100,58776,26754,23172,20486,3979424.00,-709005.00,7399562.00,2255514.00,99758.9,53404,76159.1429,29964.1429,1937410.00,6625839.00,1465303,1322421,26651.3333,67594
2025-06-13,92868,31353,33263,47700,13707,14350,-1545589.00,-247380.00,6259431.00,2071446.00,99472.2333,54160.1667,67984.7143,29357.5714,4331871.00,3033662.00,1475952,1366174,24444,63489.3333
2025-06-12,53293,26798,22204,25784,7619,4443,190111.00,411223.00,3996489.00,2094181.00,100942.3333,55288.5,69743.4286,28687.8571,2383554.00,2162442.00,1460860,1350870,24495.6667,76253.6667
2025-06-11,56621,21803,21755,28599,5285,7820,-252842.00,-344077.00,4223888.00,1581794.00,100356.9333,55495.2333,69185.4286,31061.8571,2253138.00,2344373.00,1459925,1348054,27418.6667,78698
2025-06-10,80554,24731,36048,27519,9868,7491,2065639.00,553321.00,8921783.00,2944801.00,101703.7333,56671.4667,65371.4286,32734.1429,4123889.00,5636207.00,1446485,1318286,35021.3333,83259.3333
2025-06-09,91586,26953,53147,28667,8746,7994,2410961.00,-81588.00,7443692.00,3390828.00,103566.1,57810.5667,60339.5714,39377.5714,2818118.00,5310667.00,1436060,1286186,35072.6667,64613
2025-06-06,63954,30572,28223,23564,15948,12932,270479.00,784108.00,3073747.00,2827935.00,103010.2333,57603.9667,57147.4286,39795,2983822.00,2470193.00,1448186,1326918,32252,65163
2025-06-05,94238,47539,43004,34536,26491,14260,132690.00,1761751.00,7424643.00,5668512.00,102610.9,58031.3333,55937.1429,37500.5714,5445994.00,3816933.00,1421035,1308574,29212.6667,51322
2025-06-04,35647,27107,16445,16272,9747,5569,-273153.00,-113570.00,2148267.00,1974416.00,104398.4333,58233.0333,58417.4286,39142,1658665.00,1499082.00,1409246,1303913,32322.6667,57391.6667
2025-06-03,65604,22110,26024,26545,9314,11692,-244567.00,-334414.00,3869312.00,1590565.00,104071.4,58355.3667,58151.8571,44175.5714,2139089.00,2228646.00,1403192,1274548,49438.3333,54311.3333
2025-06-02,52715,38421,18319,27655,19483,16349,-354474.00,131028.00,3083865.00,2262196.00,103522.7,57851.8667,65271.2857,49331.8571,2598706.00,2113204.00,1386570,1259438,47796,50609.3333
2025-05-30,53856,36437,19174,23052,19136,13541,-637528.00,479336.00,5072170.00,2249153.00,103752.8333,57967.7333,98089.1429,58271.5714,3152652.00,2035788.00,1405605,1297678,46143,61246
2025-05-29,56363,73457,14691,24862,24857,29034,-526196.00,1163803.00,5437198.00,6221729.00,103377.9333,57160.2667,109022.5714,57803.2857,4553633.00,2863634.00,1377779,1284621,34523,60128
2025-05-28,41609,33494,18170,19714,13236,11823,-230539.00,83816.00,3349113.00,2403021.00,104827.1333,57404.8333,126151.7143,63584.1429,2352863.00,2038508.00,1361652,1279226,42473.3333,67506.6667
2025-05-27,85766,31478,35132,42700,12172,12738,-1174387.00,-208412.00,6928363.00,2259992.00,104010.9,57927.7,140001.2857,69250.8571,4407693.00,3441718.00,1355624,1258052,56819,73101.6667
2025-05-23,53009,38597,19549,26157,20936,14950,-975316.00,1027408.00,4886746.00,2500649.00,104487.1333,58593.3,145055.2857,70763.5714,3925570.00,1922846.00,1379464,1318810,76958.3333,149959
2025-05-22,63745,57345,23154,33487,16857,32885,-295760.00,-123816.00,5837070.00,2901158.00,105193.8667,58047.1667,152688.7143,68545.1429,3772479.00,3600535.00,1383700,1309205,81236.3333,173009.6667
2025-05-21,102551,74515,38985,53409,39311,24841,-1589455.00,1402298.00,9875612.00,4961633.00,104628.3,57574.4667,152343.5714,64265,7967329.00,4975576.00,1372289,1309736,81051.3333,192663.6667
2025-05-20,283581,99015,114027,122377,47985,42363,-4581943.00,820889.00,35806314.00,6646151.00,97521.4333,55993.9333,142363.4286,68286.4286,19213529.00,13810697.00,1326608,1241593,71761.3333,159041
2025-05-19,132897,70179,61993,55489,35391,27322,-66003.00,1237216.00,12392744.00,5381375.00,96937.7,55928.9667,146396.2857,75074.2857,8234162.00,6930943.00,1289480,1221725,64763.6667,144204.3333
2025-05-16,161513,73960,72728,59917,33701,29924,702203.00,1722869.00,16162282.00,5795532.00,94797.4,55285.6,144395.4286,77022.7143,8657012.00,7636346.00,1367546,1313417,54049,129426.3333
2025-05-15,182713,71145,92516,73713,30760,31094,2462376.00,-285838.00,13755584.00,5380300.00,92626.7333,54558.5,132376.2857,81150.7143,6932312.00,9680526.00,1347380,1286753,45185.3333,101900.3333
2025-05-14,88387,49186,44822,34528,17555,17624,222879.00,-25614.00,5701190.00,3748068.00,95553,54598.8667,131973,79263.5714,3296578.00,3545071.00,1340778,1265505,71178.3333,143678
2025-05-13,117179,41816,43559,49602,11600,12052,-823623.00,-316341.00,9312819.00,4276115.00,94667.4667,54293.6,126074,79158.4286,4765780.00,4258498.00,1321991,1250744,96471,158327.3333
2025-05-12,100135,44554,41884,49549,21577,17096,-1299883.00,709661.00,8909888.00,3160643.00,94345.4,54840.1667,123807.2857,80513.2857,5909541.00,3899997.00,1308140,1230166,110819.3333,174118
2025-05-09,213720,127165,116571,72569,69440,51110,1793539.00,2713987.00,14893565.00,8340552.00,97927.8,53295.5667,107189.5714,71010.8571,10438594.00,9518146.00,1325222,1295756,101778,135737.6667
2025-05-08,161127,117694,84971,55590,26614,73689,944544.00,-3275875.00,9346359.00,7735751.00,95986.9,50671.1333,89751.2857,58198.1429,4344816.00,8963235.00,1287438,1257886,74538.6667,110550
2025-05-07,147507,87599,58839,71629,46703,33537,-388922.00,717604.00,7052772.00,3897809.00,92653.6,48501.8333,85958.5714,54258,5229181.00,4122655.00,1279562,1255549,59032.3333,86676.3333
2025-05-06,98579,100041,45480,45339,32335,52300,31663.00,-407416.00,6437083.00,6352071.00,92298.8667,46552.4333,92941.1429,48698.7143,4654538.00,5093617.00,1236433,1216886,43698,81906
2025-05-05,85564,35976,25236,23722,10034,13221,499074.00,-11921.00,6394578.00,3649260.00,93931.8667,47074.0333,87471.7143,47041.2857,2116389.00,2627384.00,1230646,1179263,51922,85850
2025-05-02,75886,41080,32884,30787,14891,14957,-1164037.00,1496251.00,6356295.00,4921938.00,93598.4,46917.5667,88382,49795.5714,5730408.00,3070120.00,1265475,1208160,47563.6667,73574.3333
2025-05-01,84268,54038,39427,33936,21228,23495,111475.00,839246.00,7765409.00,3117634.00,93230.7,45814.7,89097,46812.7143,4939711.00,4211940.00,1250432,1192702,49557,85804.3333
2025-04-30,97396,60648,40423,30828,17504,22648,297003.00,-52450.00,8923793.00,3796311.00,94050.7,45416.8333,83153.7143,41831.5714,3335512.00,3684965.00,1230543,1167352,49716.3333,102491.3333
2025-04-29,39059,28005,17835,17302,12259,12276,-143042.00,87267.00,2764007.00,1340782.00,95392.2333,45864.1,82753,41161.7143,1883079.00,1652770.00,1223988,1159542,48506,105231
2025-04-28,120958,60018,55263,52909,23811,21401,-171451.00,218920.00,8085364.00,3676746.00,93379.3,44734.3667,74153.2857,38289.5714,4967435.00,4577064.00,1201293,1122679,48620,92331
2025-04-25,147457,61126,46516,36582,15416,17041,671372.00,-514681.00,8102679.00,12483307.00,90628.9,43733.3333,59533.1429,36590.5714,2190145.00,3376198.00,1213860,1103430,39297.3333,72936.3333
2025-04-24,47278,24374,18484,20301,8721,13923,-107747.00,75924.00,2548418.00,1220090.00,90680.2667,44278.3,64934.1429,38941.5714,1469913.00,1286242.00,1209850,1087383,39766,75774.6667
2025-04-23,82258,60360,39756,34724,24675,25988,545382.00,310210.00,3751958.00,3359065.00,90111.2,43176.1333,61937.1429,37056.4286,2754094.00,2989266.00,1182520,1079207,27418,60440
2025-04-22,89273,33158,51288,30462,12940,15438,150206.00,-197697.00,3758653.00,1843298.00,90905.5,43257.2667,58797.5714,40686,2217807.00,2565710.00,1182258,1050234,29669.6667,50935.6667
2025-04-21,55793,25780,23438,27530,13349,8186,-1048368.00,316773.00,4217828.00,1591670.00,91434.2667,43240.2667,62962.4286,42854.7143,3220534.00,1855393.00,1169075,1030065,37487.3333,47376.6667
2025-04-17,36254,23316,16566,16567,7779,13111,218892.00,-9660.00,1621429.00,1076757.00,91746.2667,43323.1,70009.5714,48143,1109448.00,1338000.00,1223068,1201142,43325.6667,63653.6667
2025-04-16,60760,39913,21431,24920,19168,17762,-60853.00,155518.00,3893563.00,2923575.00,91466.4667,42940.9667,71383.1429,49812.4286,2839073.00,2622702.00,1221315,1188696,45742.6667,63826.6667
2025-04-15,45116,49233,17226,18982,15132,25541,-103118.00,-159238.00,3227250.00,2344571.00,92193.5333,42617.9667,81421.5714,52526.2857,1933642.00,1989762.00,1215691,1178792,48853.3333,71220
2025-04-14,85085,40831,44181,29700,15562,17257,781339.00,-218936.00,4013976.00,2234596.00,92802.8,42183.0667,83167.1429,54501.7143,1774877.00,2775152.00,1202720,1143033,48896.6667,71174
2025-04-11,61279,47164,24384,31751,17850,15594,-108957.00,122240.00,2624111.00,2791818.00,93250.8333,41822.5333,91212,54811.4286,2192865.00,1961668.00,1218122,1207707,53286.6667,79275.6667
2025-04-10,67296,58565,34831,27823,24295,21962,10074.00,415724.00,2509184.00,7850006.0000,94672.8667,41050,106766.1429,53644.5714,4104256.00,3698606.00,1207833,1195801,50964.6667,80302
2025-04-09,84947,40961,39157,36832,17287,19545,639797.00,92804.00,4958337.00,2856260.00,94926.5333,40858.9,107575.5714,52458.4286,3312742.00,3859735.00,1201198,1177078,60054.3333,90448
2025-04-08,85584,60334,38937,39886,35122,20899,152697.00,1647426.00,5628511.00,5868000.00,94930.966666666667,40154.600000000000,108274.000000000000,52546.571428571429,6092135.00,4597406.00,1190134,1159529,58162.666666666667,94354.666666666667
2025-04-07,70375,51599,32900,30121,22604,22834,205159.00,854772.00,4649437.00,9115247.00,97892.533333333333,40889.133333333333,144105.000000000000,56722.000000000000,8056845.00,4669057.00,1176799,1138917,57407.000000000000,110094.000000000000
2025-04-04,115385,68230,49803,55154,35834,24758,-579080.00,1173612.00,6729923.00,6745147.00,103446.533333333333,43517.600000000000,142321.428571428571,52540.714285714286,6776269.00,5023577.00,1210002,1210921,51462.666666666667,130357.333333333333
2025-04-03,97304,54659,31566,58317,20242,30180,-1573946.00,-41111.00,6115874.00,2628900.00,108688.800000000000,47383.000000000000,135207.714285714286,47949.428571428571,4792016.00,3259181.00,1188111,1195779,44129.000000000000,128127.000000000000
2025-04-02,117593,49332,50407,48055,23375,19945,-42951.00,310998.00,8025722.00,3186759.00,108917.200000000000,47339.866666666667,130971.142857142857,46839.000000000000,4862417.00,4508468.00,1175389,1188952,48002.000000000000,119087.000000000000
2025-04-01,176175,50397,73859,77005,19716,25623,394545.00,-369348.00,13718755.00,3549238.00,109349.900000000000,47335.733333333333,125025.285714285714,47014.285714285714,6404446.00,7168339.00,1164897,1153242,58145.333333333333,167426.000000000000
2025-03-31,90613,32658,43002,40987,8503,12894,1116796.00,-159005.00,5559406.00,2324680.00,112470.066666666667,48340.033333333333,121492.285714285714,47546.857142857143,2386851.00,3662652.00,1150389,1117712,60246.333333333333,171521.666666666667
2025-03-28,90473,60951,35007,47706,27628,29598,-850649.00,67297.00,4554771.00,2793459.00,113572.233333333333,47490.666666666667,119030.000000000000,41832.714285714286,3764432.00,2846486.00,1198901,1171492,47436.000000000000,157200.000000000000
2025-03-27,321192,80827,182638,93069,35996,36048,4967002.00,-412669.00,21073783.00,5226022.00,104837.166666666667,46296.233333333333,90573.428571428571,37244.857142857143,7178465.00,12558136.00,1163102,1130496,34346.666666666667,79448.333333333333
2025-03-26,102900,38961,37819,48507,16486,13705,163696.00,67784.00,6516448.00,2658319.00,103775.600000000000,45988.000000000000,87202.714285714286,37596.571428571429,3139720.00,3235632.00,1150314,1102072,38567.666666666667,89999.666666666667
2025-03-25,47508,22520,24376,18184,9395,11406,79112.00,-165183.00,3303606.00,1134288.00,105522.366666666667,46457.800000000000,89068.714285714286,38111.714285714286,1774808.00,2019103.00,1145059,1094214,43189.666666666667,96124.333333333333
2025-03-24,87937,41559,46291,34153,20579,13410,443519.00,-80514.00,4775188.00,3620391.00,104947.200000000000,45860.466666666667,85784.142857142857,36616.857142857143,2784714.00,3308747.00,1129696,1059376,36320.666666666667,91224.333333333333
2025-03-21,134554,51624,76045,50291,28684,19410,1162702.00,-266602.00,5999292.00,1975294.00,103640.200000000000,44972.300000000000,73536.285714285714,35059.571428571429,2921310.00,4350614.00,1278016,1324923,35350.000000000000,87038.333333333333
2025-03-20,65882,36386,35570,24726,10559,12661,775737.00,-353095.00,4200080.00,3229432.00,103184.000000000000,44171.500000000000,73436.857142857143,33760.857142857143,1789944.00,2918776.00,1278531,1302615,37029.000000000000,91512.666666666667
2025-03-19,73237,20952,33747,30257,9528,9630,-61857.00,-693931.00,3608598.00,1727419.00,103535.600000000000,44297.100000000000,79131.857142857143,35852.285714285714,1810889.00,2442963.00,1274586,1275175,38753.666666666667,87290.333333333333
2025-03-18,121996,48712,58525,53347,19340,23289,136646.00,-310443.00,5732724.00,2398833.00,102165.833333333333,44098.633333333333,71940.428571428571,32503.428571428571,3420876.00,3867965.00,1265128,1231827,32881.333333333333,68273.333333333333
2025-03-17,79305,41423,39962,34457,19125,17381,-140034.00,-676864.00,3011160.00,2714820.00,103970.966666666667,44095.700000000000,67127.428571428571,30271.714285714286,2342131.00,2878961.00,1258531,1199238,32648.000000000000,58111.333333333333
2025-03-14,60570,26126,26110,30634,9023,12692,-211774.00,-844401.00,1998914.00,3478425.00,104911.633333333333,44168.333333333333,65955.428571428571,30603.571428571429,1706137.00,2338764.00,1275513,1248716,33037.666666666667,59650.000000000000
2025-03-13,64945,31095,27290,27156,16512,8832,-1324.00,31060.00,2925003.00,2344650.00,104641.266666666667,44105.400000000000,66238.714285714286,31810.428571428571,2063349.00,2030965.00,1273232,1234155,34536.666666666667,75702.333333333333
2025-03-12,48819,40723,25466,18743,18809,17270,-66001.00,636141.00,2688989.00,6950418.00,105516.166666666667,43573.733333333333,74030.714285714286,29962.000000000000,4746346.00,4044204.00,1275517,1222326,29385.666666666667,83314.666666666667
2025-03-11,65186,27295,29501,27852,11053,13967,60112.00,-244432.00,3237932.00,2455173.00,107485.300000000000,44162.000000000000,75392.714285714286,31255.285714285714,2425677.00,2730221.00,1273455,1208707,28887.666666666667,76790.666666666667
2025-03-10,113102,35592,55529,49806,10024,19674,218588.00,-781415.00,5247654.00,2918254.00,109331.400000000000,44379.433333333333,74943.428571428571,31226.285714285714,3080469.00,4080472.00,1272920,1174184,26506.666666666667,56545.333333333333
2025-03-07,71656,25270,29569,34281,10131,11904,-486280.00,-427393.00,3109043.00,2303400.00,112286.000000000000,45509.966666666667,77929.285714285714,32648.857142857143,2395252.00,2336365.00,1288809,1227678,31264.333333333333,54969.333333333333
2025-03-06,45614,25801,18416,21677,14926,7063,-633966.00,483677.00,3418218.00,3515689.00,114435.900000000000,46214.900000000000,83658.285714285714,34563.714285714286,3007129.00,1889486.00,1279546,1215958,31925.333333333333,74219.000000000000
2025-03-05,52366,28449,21849,23646,11189,13982,580882.00,-321132.00,3440466.00,2688917.00,117284.433333333333,47504.300000000000,98923.428571428571,41018.857142857143,2033448.00,2935462.00,1277873,1197531,34558.333333333333,81670.333333333333
2025-03-04,66928,39543,27859,32806,12434,19862,-230898.00,-1209446.00,4480482.00,5547136.00,126730.566666666667,48047.500000000000,129648.714285714286,56381.857142857143,3586655.00,4565203.00,1262227,1189847,33173.666666666667,96013.333333333333
2025-03-03,103363,27784,43032,46354,9141,12687,-77856.00,-562598.00,6327888.00,1990754.00,130142.300000000000,48605.000000000000,151250.000000000000,76787.142857142857,3284217.00,3768959.00,1256651,1151249,35655.000000000000,92411.333333333333
2025-02-28,74720,36348,36520,29155,15708,13787,-499216.00,-285386.00,4312286.00,2301068.00,131525.466666666667,48555.233333333333,158353.571428571429,78457.142857142857,2745975.00,2532145.00,1301277,1235335,36607.333333333333,96077.000000000000
2025-02-27,109957,35389,49364,51972,9987,15507,-769488.00,-707229.00,5091685.00,2800013.00,131668.200000000000,47972.633333333333,169667.714285714286,80583.428571428571,3182037.00,3119778.00,1294690,1219225,49356.000000000000,112498.666666666667
2025-02-26,92557,35228,34969,47602,15875,14601,-1463518.00,248971.00,6760803.00,2458436.00,132789.466666666667,49437.466666666667,182762.142857142857,84520.428571428571,4967003.00,3254514.00,1282311,1199007,86641.333333333333,175648.000000000000
2025-02-25,85717,39205,34094,39771,15662,14935,-904891.00,98480.00,5458479.00,3326722.00,132893.666666666667,49939.633333333333,188165.142857142857,83986.857142857143,4146255.00,3142884.00,1270495,1180758,130446.666666666667,231933.000000000000
2025-02-24,159222,73635,65544,82757,35830,26667,-1247991.00,971717.00,10834642.00,7314727.00,131542.633333333333,49897.533333333333,173867.714285714286,79895.285714285714,9002162.00,6782454.00,1248494,1131663,121914.333333333333,220340.666666666667
2025-02-21,282005,147084,123683,130970,59706,61144,-1130287.00,-67487.00,15919796.00,7023778.00,127228.000000000000,47980.833333333333,143731.714285714286,63128.142857142857,10708483.00,9645683.00,1390880,1337232,89644.000000000000,189391.000000000000
2025-02-20,254572,170621,117853,114671,70914,80660,1489060.00,642938.00,20424158.00,10063165.00,126182.066666666667,46146.433333333333,121637.285714285714,43984.285714285714,13339779.00,14185901.00,1328528,1255034,53699.333333333333,165939.666666666667
2025-02-19,124445,48038,52085,59349,26297,17222,-653849.00,-196729.00,11028449.00,3547139.00,140191.900000000000,53100.633333333333,113956.857142857143,40498.714285714286,6559243.00,6102123.00,1308374,1230894,49510.000000000000,165637.333333333333
2025-02-18,189156,50273,92824,73501,23334,21696,1636372.00,-536870.00,17356302.00,5205122.00,136706.033333333333,53147.466666666667,100555.142857142857,36885.285714285714,8411977.00,10585219.00,1290860,1164526,47750.333333333333,122298.666666666667
2025-02-14,184218,62787,89430,74717,31319,25854,472105.00,303486.00,15171577.00,6024255.00,136685.300000000000,53819.966666666667,81694.857142857143,29681.714285714286,9117354.00,9285973.00,1299195,1200760,36726.000000000000,84577.000000000000
2025-02-13,123538,35470,70930,39093,14334,16781,3107593.00,11567.00,9727336.00,2174227.00,135288.433333333333,54312.700000000000,76015.857142857143,28146.000000000000,3546898.00,6642924.00,1293470,1162373,37107.333333333333,76701.333333333333
2025-02-12,59140,44994,18635,21887,12990,8999,-147604.00,5743.00,4848407.00,4773223.00,135804.933333333333,54242.433333333333,79124.857142857143,27826.571428571429,2497380.00,2344033.00,1272780,1141789,29989.000000000000,80548.666666666667
2025-02-11,71053,29714,29303,36678,17545,8213,-337619.00,657508.00,5384170.00,2347876.00,137182.433333333333,53784.333333333333,88040.000000000000,29486.714285714286,3916102.00,2920975.00,1262190,1128112,28410.666666666667,88645.666666666667
2025-02-10,99911,36614,45876,35956,13274,20381,794115.00,-1102427.00,7240539.00,4193450.00,136146.400000000000,53239.500000000000,86451.285714285714,28299.714285714286,3776067.00,5672609.00,1258512,1081276,20326.666666666667,72740.666666666667
2025-02-07,70682,23639,28356,33438,8539,12878,-279373.00,60891.00,3528486.00,1549965.00,137928.533333333333,53409.533333333333,84473.000000000000,29095.142857142857,2335574.00,1995310.00,1274066,1130643,20687.000000000000,77108.333333333333
2025-02-06,95344,24979,39914,43536,7485,9588,87967.00,-210243.00,6802418.00,5544410.00,139244.666666666667,54406.866666666667,81576.142857142857,29065.714285714286,3586555.00,3884765.00,1266168,1112293,26613.333333333333,72294.666666666667
2025-02-05,52196,12362,19720,28296,5258,5810,-824630.00,-161837.00,4325541.00,933950.00,140954.433333333333,55227.100000000000,91871.000000000000,33720.142857142857,2717986.00,2055193.00,1264074,1107676,36271.000000000000,99382.333333333333
2025-02-04,83785,24720,40141,35141,8354,12016,-606459.00,-329447.00,6059940.00,2779970.00,145349.733333333333,56559.300000000000,103971.000000000000,36205.142857142857,3573054.00,3296042.00,1258486,1082737,37466.000000000000,101050.666666666667
2025-02-03,80903,42758,34418,38028,10031,29229,-140974.00,-989688.00,4517139.00,3209709.00,146856.666666666667,57040.033333333333,115312.571428571429,38552.000000000000,3027554.00,3876268.00,1230158,1071199,32949.000000000000,93027.666666666667
2025-01-31,133459,41335,64348,57929,16313,18377,505821.00,-719249.00,8221355.00,2737241.00,153379.600000000000,58713.866666666667,111977.142857142857,39354.000000000000,3954926.00,5179996.00,1248057,1128173,27428.333333333333,73563.333333333333
2025-01-30,88790,28305,42381,40416,9758,12896,-1028743.00,-321795.00,5502386.00,1516790.00,155340.033333333333,59028.266666666667,118981.714285714286,44900.571428571429,3425614.00,2718666.00,1245576,1095462,32974.333333333333,85386.666666666667
2025-01-29,56834,29207,24538,27634,16476,9625,-657591.00,-24581.00,3550933.00,2680081.00,157617.233333333333,60163.133333333333,160907.142857142857,48705.142857142857,3176392.00,2543382.00,1234753,1080395,37277.000000000000,122603.666666666667
2025-01-28,75066,24773,30193,29793,8054,8375,-566283.00,6783.00,5712396.00,2816922.00,158798.800000000000,61455.333333333333,179571.285714285714,51524.571428571429,3018236.00,2445170.00,1222775,1058347,48748.000000000000,151013.000000000000
2025-01-27,124260,44943,56233,58711,20522,20590,-330184.00,-196202.00,9200855.00,3169248.00,158562.933333333333,61810.233333333333,178422.000000000000,50083.428571428571,5675944.00,5541962.00,1214063,1033957,49416.666666666667,146296.666666666667
2025-01-24,168485,42115,94636,61575,17759,15015,1402651.00,-145656.00,8223225.00,3896610.00,165164.366666666667,64687.666666666667,170672.571428571429,46625.714285714286,4176271.00,5724578.00,1232021,1107600,57755.333333333333,136075.666666666667
2025-01-23,160294,59186,82382,62669,20742,17930,-139991.00,-145543.00,8727879.00,7636898.00,169116.800000000000,66856.300000000000,165801.285714285714,49481.000000000000,5561806.00,5567358.00,1215859,1055142,56639.666666666667,199415.000000000000
2025-01-22,110111,46949,49376,46539,19611,22716,-235983.00,-18288.00,7630129.00,3217268.00,173158.733333333333,67901.666666666667,162763.000000000000,50526.857142857143,4734703.00,4517008.00,1203637,1019264,55826.333333333333,231283.000000000000
2025-01-21,137822,67131,55625,65145,28133,32779,-961594.00,-649912.00,10120346.00,5584328.00,173551.466666666667,67321.466666666667,160030.000000000000,51275.571428571429,6726033.00,6414351.00,1178651,980308,45067.666666666667,224080.666666666667
2025-01-17,350312,55839,127503,148848,27581,22207,-565753.00,-938570.00,23041444.00,4191742.00,163791.600000000000,66317.833333333333,131780.571428571429,56096.142857142857,9067439.00,9440256.00,1538981,1407000,32425.000000000000,145389.666666666667
2025-01-16,205715,44509,113109,77877,12443,22877,891990.00,-1819544.00,10917305.00,5431516.00,161384.266666666667,67032.933333333333,134277.571428571429,66250.428571428571,5202945.00,7914479.00,1523692,1367352,43979.666666666667,118883.000000000000
2025-01-15,116215,34855,61641,46749,10559,21790,1196848.00,-694328.00,7661843.00,1967830.00,161607.800000000000,67053.666666666667,195495.428571428571,97937.428571428571,3441855.00,5333031.00,1510949,1347966,50451.333333333333,109759.000000000000
2025-01-14,114239,17911,52003,47429,6890,7565,-425147.00,-336945.00,7433043.00,1560716.00,165772.200000000000,69168.033333333333,191258.428571428571,102761.285714285714,3221869.00,3133667.00,1505569,1310968,68605.000000000000,111243.000000000000
2025-01-13,126195,79173,57140,59119,32214,22479,-790896.00,125908.00,7645129.00,9090054.00,171947.266666666667,70166.633333333333,199458.571428571429,103302.571428571429,6752023.00,5835219.00,1482780,1281155,72075.000000000000,120033.333333333333
2025-01-10,88843,54270,37173,44582,28183,17315,-643016.00,412968.00,5333777.00,4405936.00,179185.166666666667,71505.466666666667,198428.428571428571,102728.571428571429,4769504.00,3713520.00,1535110,1359822,92514.666666666667,164817.000000000000
2025-01-08,118691,72372,44690,61480,34190,29741,-967862.00,412651.00,7443366.00,5372884.00,179273.700000000000,70599.700000000000,192134.714285714286,98516.285714285714,6286683.00,4906170.00,1528753,1340713,153945.333333333333,306833.333333333333
2025-01-07,152566,89583,66443,71974,47033,22815,-313113.00,1695290.00,9700000.00,7729977.00,177615.733333333333,68353.500000000000,186393.571428571429,88000.285714285714,8348327.00,6339924.00,1508161,1335543,141310.333333333333,284171.333333333333
2025-01-06,223194,115589,93441,108992,56500,37983,-1264127.00,222886.00,18785446.00,8887749.00,172869.100000000000,65423.600000000000,164341.571428571429,74383.142857142857,12729741.00,11242728.00,1489633,1291587,130434.666666666667,270972.000000000000
2025-01-03,544740,256664,296481,197814,97111,125326,6490887.00,-424620.00,54073380.00,16402884.00,158130.866666666667,57815.366666666667,104256.714285714286,41822.571428571429,26835491.00,33750998.00,1465938,1306266,61630.666666666667,116602.666666666667
2025-01-02,84580,51678,38090,36463,23191,16931,944736.00,-235917.00,6211614.00,3583511.00,160981.700000000000,58379.266666666667,111435.000000000000,42282.714285714286,3042574.00,4223227.00,1450708,1290514,58700.000000000000,113287.666666666667
2024-12-31,183596,82962,86734,79917,31063,37355,-435657.00,-1966101.00,11406678.00,7172786.00,160109.566666666667,61011.800000000000,99991.142857142857,35712.285714285714,6502536.00,8032980.00,1428160,1256086,36369.666666666667,89548.333333333333
2024-12-30,81632,50252,38414,32939,21167,22268,-42089.00,1277256.00,5026573.00,4246541.00,165288.666666666667,65384.400000000000,119135.714285714286,37774.285714285714,4554603.00,3235258.00,1410835,1231016,26375.333333333333,85281.000000000000
2024-12-27,74635,42886,27012,40195,17903,21025,-1481211.00,23012.00,4794010.00,3048609.00,178708.900000000000,68850.800000000000,126489.428571428571,39816.285714285714,4224227.00,2720004.00,1427410,1305720,21660.000000000000,101784.666666666667
2024-12-26,112378,15971,44545,59182,6178,7748,-942804.00,-362167.00,8163331.00,919417.00,176947.600000000000,70067.966666666667,157456.428571428571,50613.285714285714,4114105.00,3533468.00,1424767,1300824,34636.000000000000,109268.000000000000
2024-12-24,68830,20269,33460,29627,9289,9586,99895.00,-150388.00,3988964.00,702739.00,181145.733333333333,72028.266666666667,168709.714285714286,53108.714285714286,1994539.00,2244822.00,1419565,1292393,40202.666666666667,120821.000000000000
2024-12-23,124146,28740,50603,64459,8135,16545,-190413.00,-839906.00,7143847.00,2416134.00,184118.466666666667,74761.500000000000,168853.142857142857,58039.142857142857,3807055.00,4456548.00,1410791,1266826,52184.666666666667,151320.333333333333
2024-12-20,134828,54899,68208,48342,27992,23087,1078970.00,141894.00,10482011.00,3076130.00,187614.033333333333,76560.866666666667,165379.571428571429,59273.428571428571,5225327.00,6162403.00,1549941,1440505,52945.000000000000,148414.666666666667
2024-12-19,103489,36969,39090,57281,16444,18193,-745956.00,-236989.00,6847802.00,2795380.00,189454.733333333333,77360.633333333333,167336.000000000000,61933.571428571429,4675985.00,4167018.00,1548666,1441117,71138.666666666667,223634.000000000000
2024-12-18,215644,64686,92316,103557,35378,23230,-935791.00,636589.00,15760684.00,3841175.00,185114.900000000000,75779.233333333333,188890.857142857143,71041.000000000000,9564488.00,7992108.00,1534899,1392082,62155.666666666667,200953.666666666667
2024-12-17,126111,57180,46708,68334,28864,16438,-1716720.00,311885.00,11579521.00,5088780.00,182847.266666666667,74737.500000000000,210713.142857142857,80621.714285714286,7470113.00,5441508.00,1522903,1387293,64180.000000000000,200633.333333333333
2024-12-16,329147,91550,172630,121556,43600,41787,2997972.00,468445.00,35697414.00,5952945.00,173816.833333333333,72672.933333333333,196744.857142857143,78730.285714285714,16943440.00,19472967.00,1497585,1331723,54843.000000000000,127755.333333333333
2024-12-13,147603,37737,70195,59139,18123,11209,647177.00,130838.00,10526193.00,1989712.00,170589.300000000000,71944.133333333333,197030.714285714286,80442.857142857143,4356327.00,4872666.00,1537899,1387559,60794.000000000000,117615.666666666667
2024-12-12,125150,63253,60704,45625,19806,39275,635302.00,-394088.00,9845469.00,3965089.00,169994.866666666667,70247.733333333333,187368.714285714286,75082.428571428571,5161556.00,6190946.00,1524541,1359279,82522.333333333333,198075.000000000000
2024-12-11,110513,63539,50823,47455,27958,25909,-611237.00,-276086.00,8011214.00,4356415.00,168688.266666666667,68883.866666666667,190651.857142857143,75428.571428571429,5408572.00,5073421.00,1515056,1338675,102757.666666666667,254193.000000000000
2024-12-10,117184,55590,45982,56100,25007,22538,-949845.00,153763.00,9299389.00,3582507.00,170065.333333333333,68125.233333333333,191471.428571428571,72555.285714285714,5763727.00,4660119.00,1507475,1319979,110331.000000000000,292254.666666666667
2024-12-09,366528,128438,155477,146929,54352,49805,-182213.00,-92129.00,48262617.00,9615678.00,160372.800000000000,64772.266666666667,173277.571428571429,65827.285714285714,21693307.00,21603223.00,1457492,1284826,84093.333333333333,219946.666666666667
2024-12-06,278867,124245,134498,110187,42426,35799,1588328.00,225624.00,18345327.00,9265188.00,154688.800000000000,61583.666666666667,177931.857142857143,63668.142857142857,8621331.00,9984035.00,1450460,1333496,51255.000000000000,146163.000000000000
2024-12-05,231369,78310,120778,93996,24303,23294,1908115,-167274,12069848,6874007,150733.833333333333,61928.366666666667,188590.571428571429,65971.714285714286,5431109,7506498,1429549,1310512,47139.000000000000,113538.333333333333
2024-12-04,149604,49725,73033,62014,33391,13215,399822,127176,6991429,1520529,149334.900000000000,61267.433333333333,184553.857142857143,65325.142857142857,3554286,3826932,1434521,1291981,42389.666666666667,104644.000000000000
2024-12-03,57516,25730,24894,27033,6868,7215,534584,-61706,2879633,2601865,149000.700000000000,61231.133333333333,191026.857142857143,64820.428571428571,1230505,1826795,1424992,1285112,60927.000000000000,165195.666666666667
2024-12-02,133495,65962,44651,65760,24877,23403,-519715,96253,8904603,4247038,146503.433333333333,60165.933333333333,183498.285714285714,59353.285714285714,4897157,4281189,1397036,1253253,75316.666666666667,224513.000000000000
2024-11-29,122921,35477,56641,54201,16280,15862,290860,-519138,7152004,1768675,144239.933333333333,60205.000000000000,180594.285714285714,58344.714285714286,3590869,4400867,1464321,1353855,94969.333333333333,285532.666666666667
2024-11-27,239171,81342,106736,101631,31895,28964,283367,-182143,14930022,3598798,137617.166666666667,58735.000000000000,170727.714285714286,56523.714285714286,6995997,7461507,1437549,1322754,82921.666666666667,246258.000000000000
2024-11-26,311447,109131,158602,126371,42389,57847,764008,-1621096,16602154,4909044,129177.666666666667,56038.733333333333,148725.571428571429,64067.571428571429,8481684,10866788,1422052,1250533,53943.666666666667,176718.000000000000
2024-11-25,305980,94435,170328,106293,45212,41697,1835840,-369509,17522641,4200669,120765.566666666667,53841.266666666667,138872.000000000000,76495.428571428571,8158989,10364338,1391250,1189753,31696.000000000000,101656.333333333333
2024-11-22,121347,45199,67132,45694,20915,20352,262775,-221869,3970690,2198098,119121.600000000000,54374.533333333333,189714.142857142857,91021.000000000000,2246202,2730846,1425884,1253325,26102.000000000000,95405.000000000000
2024-11-21,102827,22197,48981,40740,9583,9422,148691,-155695,4086806,1175461,117565.333333333333,54543.000000000000,183530.142857142857,95348.000000000000,2067956,2372342,1430510,1242903,41568.000000000000,117831.000000000000
2024-11-20,80795,27692,28735,41566,13684,7474,-435700,208223,3011971,2012187,118616.333333333333,55303.200000000000,199812.857142857143,102688.857142857143,2450821,1806898,1420189,1225785,86316.666666666667,143376.666666666667
2024-11-19,102593,28417,49421,46080,16544,10179,227195,-16825,3486544,1041664,116884.266666666667,55867.000000000000,215632.142857142857,114448.857142857143,1923325,2167345,1405046,1207155,137321.000000000000,188180.666666666667
2024-11-18,170105,68595,81240,79200,32774,21316,660308,1308583,6846044,6400885,113940.600000000000,55027.833333333333,225573.571428571429,120203.857142857143,5040242,4391967,1379255,1164617,163415.333333333333,290559.666666666667
2024-11-15,157432,161938,66588,65029,71247,58330,611822,675989,9198033,17495085,114383.366666666667,54624.066666666667,225756.142857142857,105778.714285714286,7259256,7195089,1482569,1281298,126931.333333333333,257928.666666666667
2024-11-14,237005,181430,92625,116126,90869,65759,-994078,-15191,11048750,10545577,108081.800000000000,50141.700000000000,204105.285714285714,82323.571428571429,9309048,8330161,1446781,1242374,92814.000000000000,243851.666666666667
2024-11-13,477242,146878,250144,178064,55867,67738,6531255,-1978364,35942220,9476568,95508.800000000000,46545.933333333333,144225.285714285714,65045.000000000000,15520884,24030503,1418235,1202950,80767.000000000000,155880.333333333333
2024-11-12,59539,52486,22342,32564,12980,12612,-407071,86003,2708700,3760190,97760.233333333333,46685.600000000000,144038.857142857143,61777.428571428571,1932899,1439825,1395403,1199819,99565.000000000000,215932.333333333333
2024-11-11,194774,79078,97309,84572,30634,28939,390108,-480971,11019618,3881157,93626.233333333333,45231.766666666667,123467.857142857143,52748.142857142857,6082874,6953953,1357935,1141101,93526.333333333333,203911.000000000000
2024-11-08,213328,110737,114420,82795,45695,48807,1610481,-920468,9127143,8720152,90338.000000000000,43384.866666666667,108323.428571428571,38694.428571428571,5450809,7981758,1419409,1250489,62362.000000000000,161284.666666666667
2024-11-07,239695,108880,99951,113443,59135,40654,-189696,1013497,13441908,5393788,85074.866666666667,41662.866666666667,84269.142857142857,26372.000000000000,8555550,7352357,1368413,1166593,34711.333333333333,100747.000000000000
2024-11-06,158710,60962,62672,83354,29564,26768,-181979,37574,10094031,3984026,84479.100000000000,42815.933333333333,84238.571428571429,22353.285714285714,6524327,6304774,1340140,1118944,24261.666666666667,67255.000000000000
2024-11-05,85449,17244,42238,36822,6385,8486,404904,242210,6429856,1714746,83880.633333333333,43236.233333333333,82853.285714285714,23868.285714285714,3508423,3671117,1330516,1085047,23804.666666666667,55697.666666666667
2024-11-04,58082,25928,27136,26852,14696,9529,397721,586480,3464235,2268344,86008.433333333333,44321.400000000000,90034.000000000000,24248.142857142857,2720127,2531368,1322988,1061433,19282.333333333333,72109.333333333333
2024-11-01,58234,29613,29975,24343,20592,7044,-30601,116749,2487736,1686663,90501.300000000000,47201.366666666667,97817.714285714286,32682.142857142857,1906270,1758920,1339467,1147208,16952.333333333333,76469.666666666667
2024-10-31,50777,15873,22266,24551,7665,6862,-259308,85,2218852,1505299,91792.400000000000,47597.300000000000,105940.428571428571,34685.571428571429,1790325,1530932,1335560,1142282,22605.000000000000,112376.000000000000
2024-10-30,107317,12361,62719,39240,5007,6154,560971,-71005,3327210,731146,91411.900000000000,48292.300000000000,97393.714285714286,36439.857142857143,1524955,2156931,1331285,1111159,27767.666666666667,101854.333333333333
2024-10-29,71315,22623,28349,38647,9634,11349,10817,-9819,3525518,1615472,90536.666666666667,48302.066666666667,95574.000000000000,38066.000000000000,2199525,2220161,1322948,1100024,29755.666666666667,114198.333333333333
2024-10-28,158496,32831,85989,64514,14399,14589,-620443,406286,9406730,2908001,87297.766666666667,48483.866666666667,80791.142857142857,38611.428571428571,6038193,5011464,1313177,1065628,48362.333333333333,98939.666666666667
2024-10-25,75752,27849,23343,36413,15546,9111,-1017474,1614113,3506817,3088237,86837.666666666667,48456.433333333333,75753.428571428571,39953.285714285714,4089002,1457415,1336173,1134583,49045.000000000000,109567.666666666667
2024-10-24,108347,28587,59785,42998,12146,13403,245285,777840,5369701,2721983,84537.000000000000,48464.100000000000,68598.428571428571,39904.142857142857,4084201,3551646,1331122,1123897,47729.666666666667,89282.000000000000
2024-10-23,112720,88651,68492,40246,17459,12038,177396,-7487,3824536,16722799,83621.300000000000,46805.100000000000,60155.142857142857,31312.714285714286,2705222,2890105,1292872,1083852,29514.666666666667,71234.333333333333
2024-10-22,107636,29897,65319,33080,12752,14370,765471,-338967,4396055,2515472,81837.766666666667,46641.733333333333,55068.285714285714,35784.142857142857,2528940,3633378,1280905,1045108,31765.333333333333,53694.333333333333
2024-10-21,47490,24641,19858,24985,8714,13939,-4834,-686413,2635978,2367370,81898.200000000000,46385.900000000000,56303.857142857143,36157.000000000000,1899711,2581290,1267966,1026258,35965.666666666667,51360.333333333333
2024-10-18,58577,34006,27027,27717,14493,14424,-19575,-127827,2796706,2929235,81776.700000000000,47135.833333333333,63982.142857142857,38513.000000000000,1789491,1897743,1438516,1178890,34044.666666666667,51255.333333333333
2024-10-17,55016,36649,26072,24351,18519,15535,-196926,-449382,2819435,3060157,82085.833333333333,47147.300000000000,63355.714285714286,39753.285714285714,2601912,2854368,1441235,1163028,31332.000000000000,50789.000000000000
2024-10-16,40488,37242,19732,18177,15889,15076,-74724,-128672,2249966,1823272,82894.066666666667,46509.233333333333,69256.714285714286,40635.857142857143,1673424,1727372,1426593,1151320,39317.000000000000,61302.333333333333
2024-10-15,58262,28243,17399,30081,13422,9170,-613044,483745,3148513,3050856,82671.900000000000,46692.566666666667,85321.428571428571,58004.714285714286,2941763,1844974,1411844,1132625,38986.333333333333,60594.666666666667
2024-10-14,53617,28511,21923,28697,8028,14343,134331,-98818,2963789,2383026,83639.566666666667,47035.133333333333,84513.000000000000,60640.142857142857,1922478,2155627,1404451,1112928,46315.333333333333,80164.000000000000
2024-10-11,72028,61197,33539,23953,23102,22543,298314,280576,4645170,4329857,84750.433333333333,46101.066666666667,88516.428571428571,57469.857142857143,2565783,2583521,1429888,1169318,41026.666666666667,73031.666666666667
2024-10-10,56139,27251,23097,26406,7946,8712,388284,-88671,4480436,8420399,85099.533333333333,46382.966666666667,98651.142857142857,61673.428571428571,1735073,2212028,1431141,1153198,46416.333333333333,81583.666666666667
2024-10-09,112325,50498,59671,46829,15490,20914,415920,125102,5480561,6875550,83820.700000000000,45665.066666666667,92712.428571428571,59525.571428571429,4564111,4854929,1418933,1124157,79525.333333333333,101047.000000000000
2024-10-08,50631,45331,20744,26210,24443,17935,-341521,985737,2927650,4132518,85749.900000000000,45950.966666666667,101862.428571428571,60954.000000000000,3917526,2590268,1398010,1116487,80068.000000000000,100156.000000000000
2024-10-07,81795,43420,38286,38655,15233,25421,-131547,-63074,3451844,2722641,88830.233333333333,46724.133333333333,101863.285714285714,62925.428571428571,2645878,2577405,1377123,1090616,78596.333333333333,106241.666666666667
2024-10-04,170715,149825,74309,79635,51219,61374,292301,-1742220,9954408,16467934,86397.133333333333,43410.933333333333,97595.000000000000,55172.428571428571,8219581,10254102,1414781,1136143,47546.666666666667,91697.333333333333
2024-10-03,47958,46959,21285,23194,16644,19765,-40396,-426079,2472758,7956856,87191.366666666667,42884.566666666667,100386.000000000000,52728.714285714286,2137561,2523244,1403333,1127312,43714.666666666667,99296.000000000000
2024-10-02,100052,39005,40427,37703,17930,13036,331013,-537759,6196507,2933629,87150.800000000000,42576.233333333333,103509.428571428571,55511.285714285714,3229941,4098713,1387629,1094139,49156.333333333333,104172.333333333333
2024-10-01,127082,56676,57176,60351,27402,17327,-158143,-117031,7410556,4919296,85408.100000000000,41847.400000000000,112929.142857142857,63987.857142857143,5030559,4989447,1368338,1045530,49337.666666666667,89078.666666666667
2024-09-30,70754,35463,27309,33306,13660,14846,275503,72031,3964498,2182128,86031.666666666667,43014.866666666667,115608.571428571429,62886.142857142857,2405599,2609071,1352502,1017540,69368.000000000000,112439.666666666667
2024-09-27,114681,55330,61454,45409,24021,27530,303078,-401234,5734350,4413085,85842.100000000000,43125.266666666667,112925.857142857143,59726.285714285714,4353358,5057670,1374152,1075498,60875.666666666667,96711.000000000000
