date,call_volume,put_volume,call_volume_ask_side,call_volume_bid_side,put_volume_ask_side,put_volume_bid_side,net_call_premium,net_put_premium,put_premium,call_premium,avg_30_day_call_volume,avg_30_day_put_volume,avg_7_day_call_volume,avg_7_day_put_volume,bearish_premium,bullish_premium,put_open_interest,call_open_interest,avg_3_day_put_volume,avg_3_day_call_volume
2026-09-25,2161838,1170707,965899,1033269,566826,502015,-37485443.0000,13042036.0000,366102035.0000,780304627.0000,1566881.8667,1060589.9333,1478194.7143,978998.4286,552970277.0000,495315593.0000,2473229,3133901,758894.6667,1173646.6667
2026-09-24,880560,653936,389859,396217,291001,294539,-18282514.0000,-8169088.0000,260423706.0000,495537482.0000,1580928.2,1071983,1488606,984861,340447925.0000,328230749.0000,2389342,3068942,899058,1486174.3333
2026-09-23,1699208,1009120,797667,771455,489966,444339,5718353.0000,8956047.0000,283987728.0000,615915210.0000,1555651.9,1055723.8333,1446902.2857,992504.7143,419014201.0000,421392989.0000,2408715,3076189,1071851,1664635.3333
2026-09-22,941172,613628,449982,394140,254824,284658,43939001.0000,-15757013.0000,259418076.0000,505312575.0000,1564675.3,1059792.5667,1534827.7143,1057441,315850926.0000,376233516.0000,2354004,2967243,1166551.6667,1807967.6667
2026-09-21,1818143,1074426,841800,839190,470564,517240,24499203.0000,-7874997.0000,309625882.0000,676976766.0000,1577867.2,1065311.6,1407118.1429,1013789.7143,440385592.0000,472031792.0000,2344649,2928051,1167293,1669426.6667
2026-09-18,2234591,1527499,1026036,1013169,738963,663432,915785.0000,7925433.0000,370455684.0000,715705686.0000,1526849.7667,1033985.8667,1346792.7143,957002.8571,498550973.0000,491215793.0000,2668982,3417283,889784.6667,1242376
2026-09-17,1371169,897730,634282,599615,392023,408040,20464832.0000,55624171.0000,549317606.0000,783441800.0000,1519771.6667,1031938.2333,1390568.4286,954410.8571,647769781.0000,560531649.0000,2561081,3326483,944750,1254413.6667
2026-09-16,1402520,1076650,638520,643932,481644,490181,8501346.0000,15080056.0000,372230073.0000,537125807.0000,1509443.0333,1014153.6,1522234.7143,1032010.7143,424576443.0000,400866365.0000,2588073,3344830,941927.3333,1305790.3333
2026-09-15,953439,694974,425092,429458,315010,302111,-12415885.0000,14677763.0000,382830678.0000,423937397.0000,1538312.2667,1028878.5667,1632094,1082958.1429,382645471.0000,353224246.0000,2528920,3266999,966558.3333,1296036
2026-09-14,1407282,1062626,619064,664718,457056,502978,-25178133.0000,-677635.0000,328235990.0000,498681690.0000,1544062.8667,1037775.0667,1674554.7143,1101277.2857,381395339.0000,355813156.0000,2499246,3226682,989013.3333,1431046.3333
2026-09-11,1556650,1068182,711113,702640,488342,477163,-5739037.0000,4870798.0000,258321091.0000,545234550.0000,1526177.0667,1023768,1596520.7143,1070726.2857,365532094.0000,354881689.0000,2611795,3390887,926148,1471362.6667
2026-09-10,924176,768867,413680,405401,332462,339699,-9080407.0000,18289123.0000,455059364.0000,492870331.0000,1535118.3667,1037430.7667,1829894.5714,1227884.5714,448691466.0000,374208413.0000,2594750,3321868,1209808.6667,1938032
2026-09-09,1812313,1129991,817419,831143,507932,506948,1370651.0000,-6452552.0000,344432966.0000,649135031.0000,1504331.4333,1026900.0333,1821146.5714,1239618.2857,428806658.0000,439641103.0000,2646033,3462039,1183680.3333,1908079
2026-09-08,1677599,879586,786316,720487,375086,410655,50852146.0000,-13907623.0000,368450559.0000,930209789.0000,1490576.9333,1042235.4,1732560.1429,1199182.2857,557305622.0000,622066671.0000,2516226,3342797,1287438.3333,1917048.3333
2026-09-04,2324184,1619849,1017048,1112788,780868,703554,-71012571.0000,42456179.0000,673728055.0000,873812450.0000,1470610.1,1053180.8333,1617813.8571,1137286.2857,758601956.0000,649082326.0000,2671865,3423661,1032263.6667,1479124.3333
2026-09-03,1722454,1051606,840982,721031,456610,486471,146034840.0000,-3596944.0000,564245875.0000,1351138390.0000,1478994.9333,1072517.2,1539658,1088799.2857,800468067.0000,956436291.0000,2499874,3330025,1304720,1757570.6667
2026-09-02,1704507,1190860,782939,762830,562591,517105,9406112.0000,15745974.0000,326232534.0000,531619583.0000,1438004.6,1045093.0333,1536211.4286,1099212.2857,389370734.0000,384565622.0000,2556860,3376180,1311809,1773094
2026-09-01,1010412,854325,441616,461122,394274,362147,-27936816.0000,3367225.0000,426944490.0000,484036500.0000,1423029.5,1027487.2333,1822535.2857,1228433.7143,420487100.0000,398568059.0000,2499732,3229171,1225878.6667,1788788
2026-08-31,2557793,1868975,1262757,1046995,804719,878623,108435831.0000,-10757195.0000,472123291.0000,1003225538.0000,1384797.9667,1000140.8667,1586274.4286,1084835.4286,606229847.0000,725545123.0000,2424258,3165682,998412.6667,1443177
2026-08-28,1751077,1212127,745566,849300,599500,494984,-38988106.0000,21923301.0000,313045076.0000,505075975.0000,1370881.5333,1002639.1,1585432,1082006.4286,398675552.0000,342401405.0000,2483880,3284141,831769.3333,1251272.3333
2026-08-27,1057494,596534,490588,448841,246794,280447,54917126.0000,-2705857.0000,278494928.0000,511884297.0000,1371458,1011256.9333,1555600.7143,1093200.7143,320543636.0000,376897519.0000,2427939,3213396,1054175,1458901.3333
2026-08-26,1520960,1186577,674769,703220,547832,514998,607136.0000,17378580.0000,334099277.0000,492409849.0000,1379769.6333,1009311.3667,1513456.5714,1059038.4286,382616783.0000,365858474.0000,2441138,3253636,1244941,1956807.6667
2026-08-25,1175363,712197,527075,527487,311455,318618,9942472.0000,21626852.0000,348142762.0000,568771167.0000,1370149.9,1004535.3,1739396.2857,1194774.8571,413152042.0000,407956962.0000,2380347,3165703,1295471,1866342.3333
2026-08-24,1680381,1263751,712629,809963,573923,556809,-35333497.0000,13498729.0000,360717859.0000,634621239.0000,1357612.2333,1002194.8333,1689001.2857,1114811.7143,459271179.0000,436759239.0000,2397737,3120336,1271662,1887942
2026-08-21,3014679,1758875,1430044,1312835,774031,833192,59556905.0000,-9895095.0000,474895115.0000,1296589056.0000,1330311.8667,985578.4,1444325.7143,1005790.7143,785122804.0000,841662488.0000,2555446,3451415,910335,1165940.6667
2026-08-20,903967,863787,382294,423653,396253,380371,-23744580.0000,4594272.0000,1021168387.0000,422417128.0000,1350431.4333,980888.1667,1449604.5714,956870.4286,713763929.0000,599627107.0000,2518973,3373906,938219.6667,1273268.6667
2026-08-19,1745180,1192324,841217,729402,506551,566012,72190560.0000,8949210.0000,412730645.0000,685705821.0000,1339122.0333,988480.3333,1373418,891637,464664675.0000,525193720.0000,2497581,3386703,1094895.6667,1610522.3333
2026-08-18,848675,674894,378482,376058,301724,296386,9381588.0000,21464492.0000,415242490.0000,401323780.0000,1345325.0333,1000405.5667,1568450.1429,972366,383491440.0000,334362471.0000,2452526,3306998,1104600.6667,1770169.3333
2026-08-17,1225951,947441,540944,573161,414938,439223,-8140929.0000,21138396.0000,289237545.0000,369489791.0000,1400472.5667,1020967.0667,1493895.4286,920978.2857,314700700.0000,281521709.0000,2451938,3329312,1120696.3333,1795502.3333
2026-08-14,2756941,1662352,1250341,1248736,773890,723824,12216685.0000,7757293.0000,461559580.0000,926321235.0000,1394299.3667,1032724.7,1265593.2857,802971,616541453.0000,618263277.0000,2526989,3439257,740360.6667,1190161.6667
2026-08-13,1327616,704009,627068,561237,291724,324073,38240748.0000,5667911.0000,519256998.0000,587150457.0000,1415006.3333,1049039.7,1232028.2857,779985.5714,421453954.0000,440636021.0000,2444648,3353367,750921,1151581
2026-08-12,1301950,995728,569876,614024,448052,442948,-16107324.00,6860225.0000,325196239.0000,431882333.00,1420069.3333,1041347.1333,1305966.2857,800127.7143,343681998.0000,321391103.0000,2446601,3345558,832344,1455564.3333
2026-08-11,940919,521345,418038,414150,224346,231862,3845270.00,8214622.0000,302880779.0000,527359658.00,1464305.7,1077299.4667,1397235,915581.4286,372180081.0000,354559805.0000,2384270,3261795,854471.3333,1376614
2026-08-10,1211874,735690,535627,553800,312207,335650,-479649.00,985045.0000,249147815.0000,529337888.00,1480873.9,1108536.6333,1369835.2857,903050,342925650.0000,341235256.0000,2366126,3238835,888008.3333,1358931.3333
2026-08-07,2213900,1239997,1005143,993067,566712,543805,15705350.00,-1442859.0000,369206415.0000,756246165.00,1434975.2333,1092064.8,1223908.8571,894300.4286,488094539.0000,504557216.0000,2488904,3386035,655713,985185
2026-08-06,704068,587727,318476,305086,249348,265173,1352040.00,-767132.0000,398947340.0000,346866575.00,1461533.8,1114546.5667,1250285.5714,926635,285203844.0000,288854566.0000,2431517,3303572,838711.6667,1357001
2026-08-05,1158826,836301,502570,546197,371910,376847,-29524400.00,3609379.0000,265396398.0000,405843933.00,1458932.4667,1118890.4667,1265448.1429,998541.5714,321248492.0000,285661613.0000,2454038,3352809,1003118.3333,1497325.6667
2026-08-04,1092661,543111,482399,481114,234952,234784,-8388887.00,8370627.0000,347902133.0000,586345275.00,1483211.5667,1152829.1333,1355807.8571,1199270.2857,410997247.0000,389312271.0000,2386883,3224802,1038071.3333,1473130.6667
2026-08-03,1819516,1136723,823439,807280,489358,523671,7065805.00,-8866901.0000,357674187.0000,669984942.00,1487097.6667,1165703.1,1377876.8571,1269980.8571,450839445.0000,467091401.0000,2380817,3215241,1052080.3333,1264097
2026-07-31,1579800,1329521,697408,732479,598090,588608,-21012511.00,1846372.0000,495443023.0000,534230049.00,1489072.8,1173327.0667,1220019.2857,1132640,426998611.0000,406570253.0000,2464298,3442385,880263,1033732
2026-07-30,1020076,647970,451963,460326,280573,288841,-17339847.00,-18555826.0000,837210356.0000,533634649.00,1493051.6667,1182581.7667,1154459.7143,1086665.8571,532797381.0000,544136300.0000,2410616,3319217,1110822,1115361.3333
2026-07-29,1192415,1178750,507392,552819,540674,514788,-15772356.00,20522534.0000,599836954.0000,465416161.00,1515718.8667,1186244.3,1185664.2857,1068070.7143,484564942.0000,473085142.0000,2467559,3383421,1367309.3333,1292949.3333
2026-07-28,888705,814069,373151,410684,357962,358033,-21439217.00,14412114.0000,680339067.0000,486218003.00,1559354.1667,1206633.3333,1249218.4286,1135642.8571,499904448.0000,475947417.0000,2389325,3261246,1639852,1654714
2026-07-27,1264964,1339647,523846,591156,592786,606676,-32813399.00,-13210194.0000,894222280.0000,531457366.00,1555645.6333,1188699.1,1222050.4286,1066417.4286,630585155.0000,559295697.0000,2353737,3245538,1316014.6667,1391325
2026-07-24,1725179,1948212,744092,812381,932632,833062,-62706702.00,52782374.0000,1215581574.0000,738631221.00,1561753.5333,1182630.1,1228497.5714,949274.2857,929038597.0000,825638069.0000,2435811,3491099,775327.6667,1003318.3333
2026-07-23,1973999,1631697,784499,974969,753875,671482,-127176735.0000,136925215.0000,3956413621.0000,1221914664.0000,1544327.5,1170613.3,1073179.2857,797448.2857,1989288262.0000,1741938365.0000,2380466,3076334,580956.6667,815601
2026-07-22,474797,368135,200499,210813,151791,161518,2874763.0000,-2322467.0000,337255719.0000,436253921.0000,1602932.7333,1206056.1,1191672.7143,915362.8571,336901824.0000,347827669.0000,2287831,2974213,887269.6667,1101863.3333
2026-07-21,561159,326151,262797,233987,134122,142022,31592715.0000,8198775.0000,359080831.0000,577731863.0000,1668507.4667,1258385.3,1425174,1048824.4286,410030583.0000,428523853.0000,2236528,2903765,1063575.6667,1273073
2026-07-20,1410847,1048584,583700,697036,482121,462098,-51372902.0000,3644409.0000,559764222.0000,605663437.0000,1663800.6667,1243736.6667,1438989.2857,1002323.8571,555640150.0000,509787829.0000,2239391,2897488,1090117.6667,1392893.6667
2026-07-17,1333584,1287074,558678,641404,596798,563581,-29039803.0000,-17434057.0000,645942623.0000,692500948.0000,1695139.9,1239697.6333,1449319.8571,1021326,609490796.0000,610351094.0000,2547538,3347485,850731.3333,1243956
2026-07-16,1074788,855069,467338,494953,400989,360110,-18962800.0000,53377731.0000,613122219.0000,670674274.0000,1699935.8333,1231095.3333,1443602.2857,1046694.8571,662868815.0000,508889504.0000,2501731,3297744,963554,1320443.6667
2026-07-15,1770309,1128210,781038,823923,505816,502149,-3504328.0000,24375581.0000,468326260.0000,631115368.0000,1707775.5333,1227252.5333,1602183.4286,1108991.4286,510894992.0000,485117515.0000,2506967,3351929,1007611.3333,1462230
2026-07-14,886771,568915,388388,399386,248042,247491,1029150.0000,35676684.0000,383879467.0000,511477193.0000,1756377.4,1251405.6667,1842894,1315586.5714,422338891.0000,382513357.0000,2427094,3275535,1058999.6667,1669157.6667
2026-07-13,1304251,1193537,538075,631795,550277,518509,-46866689.0000,27586074.0000,513055652.0000,572739057.0000,1751686.5667,1232543.3667,1934976,1315575.4286,524774762.0000,453490823.0000,2425008,3244106,1134517,1703040
2026-07-10,2195668,1260382,987886,1008028,579878,558258,16497932.0000,-4923630.0000,372262729.0000,887843940.0000,1753702.4667,1226488.7333,1829000.5714,1244799.5714,546730304.0000,586402707.0000,2567183,3456695,1058606.6667,1316072.3333
2026-07-09,1507554,723080,682270,659077,286867,356818,27686237.0000,-16099134.0000,426014392.0000,892241112.0000,1785893.6,1240956.9,1937637.1429,1370061.7143,555760066.0000,631460471.0000,2505118,3381092,1339008.6667,1773680
2026-07-08,1405898,1420089,582579,694323,632809,637813,-34197809.0000,7137747.0000,527960187.0000,529877971.0000,1830600.2333,1238656.0667,1980926,1406164,488126963.0000,447210697.0000,2521906,3476221,1537339.3333,2162295.6667
2026-07-07,1034765,1032651,447317,483442,453147,461883,4067265.0000,572315.0000,566305329.0000,649600714.0000,1850182.9667,1230091.2,1952665.2857,1365191.2857,559012377.0000,542619687.0000,2446477,3332529,1590942,2466982.3333
2026-07-06,2880377,1564286,1333959,1272549,646167,749680,69642140.0000,-27908922.0000,515053722.0000,1312470685.0000,1825537.3667,1212724.5333,1755586.4286,1322033.2857,790009533.0000,870201390.0000,2419532,3361927,1324497,1991470
2026-07-02,2571745,2015081,1106902,1217230,957440,862589,-98607991.0000,58324111.0000,934227380.0000,1176898892.0000,1792646.6333,1177987.2,1542592.2857,1172252.8571,1037481397.0000,871551633.0000,2519121,3377991,1186108.3333,1890225
2026-07-01,1948825,1193459,867511,886069,513269,557621,8197229.0000,-16188276.0000,413913896.0000,1033858777.0000,1801944.9,1192664.0667,1524336.4286,1224797.4286,647089976.0000,668176080.0000,2531314,3415806,1345890.3333,1810256.6667
2026-06-30,1453840,764951,670084,630510,306561,362278,23807281.0000,-6967687.0000,400172752.0000,1093614610.0000,1833199.9333,1216994.1667,1593230.5714,1333081.8571,660670667.0000,691076296.0000,2440397,3271588,1339520.6667,1604623.3333
2026-06-29,2268010,1599915,1082225,965323,674064,776187,56281086.0000,-28900141.0000,632362290.0000,1204401949.0000,1814232.5667,1190224.9333,1503379.7143,1327128.2857,796858335.0000,879814457.0000,2350734,3212071,1226942.3333,1348895
2026-06-26,1708920,1672805,778824,758420,748182,784094,36245884.0000,-25656242.0000,622868145.0000,764192038.0000,1863851.6333,1182922.1667,1422025.7143,1220386.2857,602316817.0000,672666807.0000,2434789,3382827,991546.6667,1139517
2026-06-25,836940,745842,350226,400139,335237,334815,28552819.0000,22794589.0000,823671401.0000,550860251.0000,1901988.6333,1191706.9667,1569953,1297926.8571,622311667.0000,641560239.0000,2384908,3284086,1263356.3333,1467548.3333
2026-06-24,1500825,1262180,632119,719297,585218,556215,3445608.0000,24859713.0000,736263143.0000,607401271.0000,1970354.7,1213364.8333,1669515.7143,1321292.5714,626165036.0000,605105861.0000,2422835,3343636,1350277,1612639.6667
2026-06-23,1080786,966618,421052,541523,440276,414480,-77003240.0000,14694006.0000,1055350081.0000,758508431.0000,2027396.8667,1237293.9333,1679933.1429,1297721.4286,822669798.0000,756453747.0000,2354505,3170936,1547484.3333,1798729
2026-06-22,1821034,1561271,815331,833239,709236,704059,48593170.0000,11931245.0000,680114423.0000,1091696282.0000,2035654.8333,1217741.6,1692416.2857,1326988.7143,798798166.0000,837677526.0000,2327162,3124371,1335597.6667,1571531.6667
2026-06-18,1936099,1522942,868810,879614,699223,690629,-1400110.0000,2466557.0000,690842979.0000,1020711722.0000,2050021.2667,1203927.9,1623147.5714,1291024.5714,794205322.0000,784370922.0000,2807426,3968757,1257492.3333,1550309
2026-06-17,1639054,1558240,719374,757307,715947,696083,-8885648.0000,24148743.0000,1020199166.0000,782252882.0000,2051582.9,1178474.0333,1707990.4286,1272907.2857,855496769.0000,792208685.0000,2816176,3972535,1213325.6667,1736545.6667
2026-06-16,1139442,925611,493846,533069,413794,416542,-31924799.0000,17709217.0000,740333068.0000,837096396.0000,2086002.4,1187813.8333,1906413.1429,1411538.1429,757570779.0000,694881891.0000,2765330,3863555,1171995.3333,1741301
2026-06-15,1872431,1288626,816454,876376,571765,591161,-8179083.0000,-26567958.0000,715088023.0000,925650872.0000,2122817,1197470.1333,1820300.5714,1314466.5714,710405838.0000,800522007.0000,2742037,3833252,1331167.3333,1753296
2026-06-12,2197764,1425740,985679,999663,656976,642765,12643973.0000,-1758366.0000,708116556.0000,1385875695.0000,2102687.9,1180020.6333,1831157.2857,1277347,970981242.0000,967632266.0000,2909774,4178685,1279651.6667,1504447.3333
2026-06-11,1153708,801620,539115,490946,351489,361127,26910762.0000,28334124.0000,610193756.0000,888000563.0000,2120598.3,1194667.3667,1840437,1248115.5714,686137108.0000,681977920.0000,2844557,4066552,1489584.6667,1864196
2026-06-10,1908416,1766142,842392,895781,799058,789024,-77023972.0000,90744105.0000,1018769274.0000,852320278.0000,2105461.0333,1162407.8667,1854306.1429,1140513.2857,940850658.0000,773651363.0000,2834276,3964188,1532879.6667,2070857.6667
2026-06-09,1451218,1271193,599192,692362,566333,578789,-49966671.0000,14303013.0000,1019685517.0000,998605593.0000,2134449.3667,1176469.2667,1981964.5714,1143701.2857,954544399.0000,882189163.0000,2745678,3810376,1312190.3333,2010332.6667
2026-06-08,2232954,1431419,1035786,982929,596696,703528,51795756.0000,-25377703.0000,608921030.0000,1197595892.0000,2131892.1667,1179532.2333,1829189.1429,1028879.7143,770456975.0000,841871453.0000,2716591,3852963,1223685,2023935
2026-06-05,2528401,1896027,1042020,1259085,915365,806760,-85254030.0000,2473450.0000,985579022.0000,1070225821.0000,2118674.9333,1164835,1790295.4286,912124.8571,975790234.0000,894675504.0000,2819263,3979663,790676,1587356.6667
2026-06-04,1269643,609125,530050,601766,269182,273992,-26204862.0000,29136197.0000,450554114.0000,772815853.0000,2103279.3667,1165939.9,1962244.7143,990410.5714,577171798.0000,517256950.0000,2771542,3841813,925276.3333,1832642.3333
2026-06-03,2273761,1165903,1011370,1039388,525768,524548,9426436.0000,22212253.0000,474526329.0000,1084718392.0000,2048212.2333,1145904.2333,2029864.1429,1016862.1429,721279086.0000,700006744.0000,2787134,3894190,967811.6667,1856331
2026-06-02,1218666,597000,535852,551030,258941,272251,19905806.0000,12049967.0000,457742862.0000,967444565.0000,2073446.2667,1174390.5333,2087518.5714,1042391.4286,633043134.0000,641313513.0000,2731242,3774059,978034.3333,1837951
2026-06-01,2005500,1012926,858458,953255,463535,439452,-65036517.0000,44823426.0000,691514728.0000,1116504174.0000,2114835.2,1194960.7333,2106877,1046728.5714,864573034.0000,757342639.0000,2698689,3637539,999973.3333,1921499.3333
2026-05-29,2344827,1293509,1007312,1122974,583807,582071,-20494552.0000,8968375.0000,562419397.0000,1203476755.0000,2087094.0667,1188663.8,1998333.5714,1000936,835087366.0000,795204151.0000,2858260,3954287,954512,1964319.6667
2026-05-28,1163526,627668,534091,504673,260495,298415,72829936.0000,-26956890.0000,459572105.0000,1091819955.0000,2180948.9333,1241946.7,2150368.8571,1144664.1429,653250438.0000,756144349.0000,2786067,3828344,1195644,2492176.6667
2026-05-27,2256145,1078743,1042031,993544,494557,484681,84228088.0000,21995796.0000,615881499.0000,1597499825.0000,2152913.9,1237406.5667,2169704,1204108.5714,937613627.0000,992395901.0000,2780220,3761925,1094631.3333,2280877.3333
2026-05-26,2473288,1157125,1130270,1107519,512768,514270,29158654.0000,14674446.0000,620622809.0000,1346549242.0000,2123660.6667,1240323.4,2059089.8571,1152639,884395320.0000,890666086.0000,2756271,3743953,1056685,2170117.6667
2026-05-22,2747097,1351064,1249574,1238396,642835,584061,55907888.0000,3287389.0000,582020885.0000,1364984796.0000,2086589.4333,1245251.5,2123432,1167304.4286,858872148.0000,911497945.0000,2966658,4062569,930650.6667,1782759.6667
2026-05-21,1622247,775705,712259,737149,337442,352490,-24759785.0000,20337121.0000,610955084.0000,1065635371.0000,2078921.9333,1261609.7333,2174689.5714,1200687.4286,773200468.0000,734068911.0000,2897510,3923731,1216670.6667,1984601.6667
2026-05-20,2141009,1043286,981986,948099,453580,487574,47236260.0000,27125022.0000,491270796.0000,1017882304.0000,2073552.1667,1280927.6333,2376232.1429,1324777.4286,675093652.0000,695775195.0000,2949135,4034593,1367193.3333,2068095.6667
2026-05-19,1585023,972961,720513,707161,443874,418188,-27325241.0000,21253870.0000,739596571.0000,928393220.0000,2064544.0333,1288872.3,2548664.7143,1426424.5714,774110370.0000,732988285.0000,2824509,3758316,1308485.6667,2106084.3333
2026-05-18,2227773,1633765,980241,1031255,764974,727991,-70065221.0000,-3243234.0000,910814503.0000,1127630309.0000,2053340.5,1290922.4667,2525950.4286,1332272.5714,957868800.0000,897838188.0000,2774351,3653374,1248471.3333,2429324
2026-05-15,2391491,1494854,1023888,1145465,712701,645587,-41296717.0000,20851537.0000,777887170.0000,1360540026.0000,2035731.9667,1291819.8333,2522464.8571,1277083.5714,1015004757.0000,949751911.0000,3185693,4220333,1086648.6667,2292510.3333
2026-05-14,1698989,796838,741954,780162,341820,361896,234524.0000,37726036.0000,758069949.0000,1468062051.0000,2025293.4333,1310286.5667,2520595.4286,1276767.2857,1028537811.0000,996635660.0000,3088822,4069464,1458341.3333,2910116.3333
2026-05-13,3197492,1453722,1441706,1435385,631011,679613,67684777.0000,-6159709.0000,722667679.0000,2323136531.0000,1956429.4667,1295261.6,2374100.4286,1241350.5714,1349398383.0000,1424844485.0000,3094041,4143387,1535264.3333,2774969.3333
2026-05-12,1981050,1009386,862292,903314,460997,439281,-61019454.0000,2958637.0000,783502934.0000,1721902691.0000,1943117.3667,1304088.2667,2516360.2857,1322626.1429,1171778796.0000,1110010321.0000,2991203,3904257,1523702.6667,2804210.3333
2026-05-11,3551807,1911916,1597922,1615520,828340,887811,64408200.0000,-7013457.0000,982592112.0000,2581623748.0000,1876548.6,1292614.8333,2236658,1178388.8571,1585407878.0000,1648836430.0000,2882116,3798802,1255907.6667,2409305.3333
2026-05-08,2792051,1684491,1278821,1257509,762437,757692,76396216.0000,-10468285.0000,710524427.0000,2281173649.0000,1820933.4667,1266973.9333,2079367.8571,1115036.1429,1330755073.0000,1410364382.0000,2991799,4059530,959285.3333,2040589.3333
2026-05-07,2068773,974701,931319,933965,429982,445111,51780353.0000,11397912.0000,659412043.0000,1730355397.0000,1801055.8333,1273060.7667,1991585.7143,1089844.1429,1076528314.0000,1130415435.0000,2911800,3963042,1036320,2075007.3333
2026-05-06,2367092,1108531,1111465,1033113,463917,535216,50229008.0000,2505598.0000,500778062.0000,1282191393.0000,1757926.9333,1267101.8333,1984982.2857,1173344.7143,764989201.0000,875517801.0000,2925426,4006129,1192914.6667,2278266.3333
2026-05-05,1685903,794624,746437,780174,362852,352532,-10290495.0000,16932607.0000,536364391.0000,1017510364.0000,1753252.5,1286309.7333,2052173,1277442.4286,729861188.0000,704986590.0000,2839579,3838641,1228791.6667,2247595.6667
2026-05-04,2172027,1205805,1010384,970783,537227,558445,7534565.0000,11841222.0000,522616912.0000,921770812.0000,1740083.7333,1294785.0667,2046438.2857,1313057.4286,671169424.0000,668213757.0000,2817398,3717402,1240530.6667,2087260
2026-05-01,2976869,1578315,1352693,1367668,740588,697826,75072645.0000,59209.0000,559408869.0000,1488431055.0000,1681673.2667,1285692.6667,1736567.8571,1179337,910889212.0000,988891236.0000,2960827,4099913,980544.6667,1579736.3333
2026-04-30,1593891,902255,768650,673684,370622,442810,57063254.0000,-25854988.0000,543251304.0000,929695423.0000,1674036.9667,1290640.1333,1597690.1429,1131133.8571,626362084.0000,705792156.0000,2872144,3954023,1244138,1822062
2026-04-29,1691020,1241022,723089,814519,550062,580792,-21593818.0000,-2654481.0000,569342033.0000,670857631.0000,1646933.7333,1276380.9333,1638356.8571,1161214.8571,585845142.0000,564669355.0000,2915766,4071196,1338233.3333,1977134.6667
2026-04-28,1454298,798357,649181,662965,356830,362522,-20548786.0000,11594957.0000,475152716.0000,778861138.0000,1647370.1333,1283942.7333,1894481.1429,1280025.5714,587891417.0000,554135234.0000,2845898,3901140,1557151,2202996.6667
2026-04-27,2320868,1693035,1093027,1019614,731983,802789,17880267.0000,970115.0000,712560279.0000,1012279854.0000,1635950.3333,1270183.5667,1779013.2857,1195963.5714,778300495.0000,797215340.0000,2795567,3768577,1206896.6667,1698632.6667
2026-04-24,2156238,1523308,1003021,962685,717317,673567,-13709018.0000,12306984.0000,591217087.0000,883713658.0000,1600481.2667,1252388.1,2039432.4286,1296370.2857,691570177.0000,662526544.0000,2973751,4023087,887405,1187135.6667
2026-04-23,2131884,1455110,931723,963893,644792,673484,-42714298.0000,-4341883.0000,999761215.0000,1226198465.0000,1584922.6667,1245165.2333,1937033.8571,1223145.8571,1018153497.0000,989513365.0000,2870429,3744148,886231.3333,1135070
2026-04-22,807776,642272,356849,364607,280428,294837,-8555619.0000,26618497.0000,591164636.0000,791766629.0000,1599728.7333,1251298.5,2049593.1429,1309197,647452153.0000,611842037.0000,2729211,3612553,1215484.6667,1948200.6667
2026-04-21,621747,564833,262495,284046,255148,247308,-20562615.0000,27344448.0000,634406418.0000,727715680.0000,1635245.8667,1272681.6333,2194337.8571,1442636.1429,635548799.0000,592526036.0000,2666423,3569641,1395407.3333,2245149.3333
2026-04-20,1975687,1451589,876731,934690,667006,660821,-41652798.0000,20841933.0000,796401654.0000,1078617345.0000,1630921.9667,1271817.6,2110985.7143,1416188,897171780.0000,834072405.0000,2697774,3553484,1653596,2912977.6667
2026-04-17,3247168,1630032,1490774,1467158,762948,716758,29186015.0000,-4519951.0000,694291494.0000,2114776083.0000,1557390.1333,1248017.0333,1929949.7143,1415158.1429,1303935077.0000,1286636446.0000,3010215,4224132,1424431.6667,2302286.3333
2026-04-16,1512593,1104601,668441,693506,486406,498369,-29783994.0000,14038978.0000,757563350.0000,1109649141.0000,1555307.7333,1246937.6333,1901690.5714,1430401,840139154.0000,830845938.0000,2925866,4111079,1471108,2329985.6667
2026-04-15,3979172,2226155,1842865,1760604,959127,1050353,54805914.0000,-28993457.0000,960706695.0000,2563376523.0000,1458753.1,1201129.3667,1603475.5714,1354560.2857,1575623775.0000,1655586559.0000,2879842,4042334,1228692,1548581.6667
2026-04-14,1415094,942539,662187,607050,399184,442644,40581440.0000,-22333242.0000,615496836.0000,917245397.0000,1453169.9,1204509.6,1667495.7143,1437308.2857,632636795.0000,736156477.0000,2760486,3938021,1336663,1540957.6667
2026-04-13,1595691,1244630,724348,723115,577756,557459,-427064.0000,16707749.0000,671731083.0000,766241378.0000,1453347.5333,1202557.7,1637516,1452481.1429,680959701.0000,651732648.0000,2719121,3880005,1462727.3333,1669032.6667
2026-04-10,1634960,1498907,781903,719452,703926,657199,-8237329.0000,18420283.0000,698283163.0000,610933217.0000,1432158.7,1181445.5333,1565603.5714,1381633.4286,573399917.0000,554103132.0000,2860269,4245885,1366858.6667,1562305.6667
2026-04-09,1392222,1266452,614672,634601,546069,575736,-7488552.0000,-6828690.0000,1299693725.0000,832231648.0000,1430677.0667,1168874.1,1592670,1382738.2857,807376627.0000,858959925.0000,2772430,4127969,1509798,1728787.3333
2026-04-08,1979916,1622823,847114,928924,740689,724492,23370867.0000,29506638.0000,840834755.0000,978925000.0000,1403282.2333,1140296.2,1531931.1429,1374865.4286,811660059.0000,797098368.0000,2799222,4114144,1476115.3333,1689893.6667
2026-04-07,1314779,1211301,603024,580880,536865,532006,-12594779.0000,23026875.0000,1160364172.0000,911598922.0000,1411545.8333,1138861.4,1504619.4286,1332574.4286,886696085.0000,858615243.0000,2699660,3908426,1522628.3333,1713578.3333
2026-04-06,1891667,1695270,808496,894580,749910,761334,-12478566.0000,14252643.0000,1023920824.0000,1052969377.0000,1397085.8,1126685.7,1444730.4286,1255722.4286,941752509.0000,908860925.0000,2685055,3811975,1291862.6667,1460213.6667
2026-04-02,1863235,1521775,870145,824949,699915,670707,-37630697.0000,-6335484.0000,969486704.0000,916797866.0000,1366329.4,1107595.2333,1331871.8571,1171149.2857,846001547.0000,824145086.0000,2772750,3890055,1209333,1366364.3333
2026-04-01,1385833,1350840,640363,612995,553653,582493,49175594.0000,-13520720.0000,2068803889.0000,987506177.0000,1360092.9,1093999.4,1354705.7143,1174009.4286,819294057.0000,860725729.0000,2773653,3892367,1281624,1422668
2026-03-31,1131573,1002973,528925,487729,424258,470508,25712409.0000,-46675757.0000,768250263.0000,900211682.0000,1356562.4,1091660.2667,1446904.4286,1239308.2857,732534914.0000,802059247.0000,2644421,3765548,1252387.6667,1420009.3333
2026-03-30,1581687,1274186,684923,737539,575323,549237,-23421914.0000,-5787126.0000,1250382666.0000,990669882.0000,1352525.8,1093306.8,1395885.5714,1243787.8571,892444920.0000,851686609.0000,2618117,3684206,1213427.6667,1383595
2026-03-27,1554744,1567713,699331,723436,716299,689733,-12758451.0000,-37753706.0000,1224243081.0000,893779354.0000,1337679.0333,1073727.4667,1368751,1169925.8571,851930491.0000,870649380.0000,2756117,3925282,1000777.6667,1223088.6667
2026-03-26,1123597,915264,522289,499692,401965,398453,-30162053.0000,-33527933.0000,1160152452.0000,701294182.0000,1350361,1078890,1333654.7143,1155351.8571,675449502.0000,674169782.0000,2702778,3706436,1152643.3333,1363779.6667
2026-03-25,1472444,1157306,675193,671838,539299,511802,-1367558.0000,-22019721.0000,666877147.0000,803455381.0000,1335976.7333,1061738,1332932.7143,1136481.1429,662991466.0000,686597929.0000,2725959,3677498,1253563,1465286.3333
2026-03-24,1073225,929763,493395,470464,399608,430851,12541322.0000,-47286957.0000,647676633.0000,724469673.0000,1338594.2,1059637.0333,1462225.4286,1186552.1429,592490044.0000,653804246.0000,2634980,3571949,1378823,1515729.6667
2026-03-23,1545670,1370861,736710,678624,597138,634695,11475730.0000,-60557884.0000,1156369784.0000,886652977.0000,1336132.6,1052718.1,1397439.1429,1132064,781490659.0000,872142907.0000,2590300,3487637,1272095.6667,1455440.3333
2026-03-20,1776964,1460065,824111,793227,669115,641580,-47378626.0000,-34567328.0000,1395189076.0000,985824393.0000,1314790.5667,1042105.1333,1381462.2857,1100401,950462777.0000,937081809.0000,3052296,4187273,1056489.3333,1155760
2026-03-19,1224555,1305543,529522,575973,525758,652261,-10425652.0000,-31466677.0000,3788933781.0000,891654837.0000,1328697.9,1038241.5333,1385377,1031933.4286,1767216676.0000,2291511357.0000,2960002,4028392,963045.3333,1236705
2026-03-18,1364802,1050679,584341,667125,450143,455412,-56896171.0000,-5549021.0000,1532751271.0000,825355743.0000,1318762.1,1026856.0333,1431442.5714,1054168.8571,750935208.0000,879748970.0000,2990435,4051199,1039572.3333,1441195.6667
2026-03-17,877923,813246,400751,399478,325822,416368,13335429.0000,-43731273.0000,1252354591.0000,717459711.0000,1330853.1,1031194.7,1569735,1141657.7143,603951623.0000,1261752821.0000,2901723,3979233,1098305,1512610
2026-03-16,1467390,1025211,658459,684137,485293,452161,13331874.0000,-17979565.0000,1135730014.0000,929861389.0000,1351297.5667,1049855.4,1508852.5714,1126058.2857,1044134224.0000,914935263.0000,2890938,3992280,1169376,1578522
2026-03-13,1978274,1280260,958290,862079,640417,522877,-51525958.0000,-1260218.0000,1301500710.0000,902573732.0000,1334405.6667,1050930.0667,1433402.1429,1096338.1429,1343686476.0000,704418715.0000,3038276,4053418,1018046,1336416.6667
2026-03-12,1092166,989444,474204,508052,494015,416694,8692422.0000,-7012019.0000,1839330539.0000,777671399.0000,1322218.9667,1033750.1333,1432026,1076690,1634841609.0000,863106202.0000,2966077,3977417,1090340.3333,1534781.6667
2026-03-11,1665126,1238424,747034,775938,572309,563397,-42372969.0000,4572666.0000,1115050435.0000,1080704623.0000,1280422,1003650.4,1372379.1429,1048907.4286,1253830078.0000,810638287.0000,2989098,3997644,1152755,1595063
2026-03-10,1251958,826270,553004,565670,351542,399039,-6794042.0000,-12270156.0000,1124797301.0000,893973744.0000,1257817.6,990276.2,1422245.1429,1100307.8571,657046603.0000,1229330973.0000,2893772,3874680,1182670,1524814.6667
2026-03-09,1687261,1206327,805987,734823,502534,600297,-33773187.0000,-45212447.0000,1152443860.0000,943974533.0000,1256606.3333,987243.6,1323964.2857,1051624.2857,790316705.0000,1174028002.0000,2885609,3743065,1137967.3333,1445768
2026-03-06,1845970,1425668,868289,820730,720950,579621,4377864.0000,54226832.0000,1255814285.0000,827232712.0000,1249687.5667,968853.0333,1252793.2857,975001.5714,930544238.0000,1021252653.0000,3008554,3863993,946713.6667,1191289
2026-03-05,1041213,916015,457720,479683,463817,376819,14649027.0000,9750111.0000,1414230624.0000,822156625.0000,1250085.0667,962164.5667,1269487.2857,953497.4286,1360623792.0000,759897956.0000,2928865,3772353,989357.3333,1260084
2026-03-04,1450121,1072219,643544,666112,496147,471169,16051841.0000,-900077.0000,671843473.0000,891489330.0000,1231233.1667,948564.8,1285568.1429,967217.1429,731769931.0000,709854394.0000,2922385,3804680,1027308.6667,1310383.6667
2026-03-03,1082533,851907,468141,506218,378366,390007,-39652642.0000,6349728.0000,973212139.0000,1033726396.0000,1246900.6,958054.5333,1339187.1429,1035516,931869131.0000,932890351.0000,2835460,3685812,1031853.6667,1282637.6667
2026-03-02,1247598,1043946,577780,564839,447876,496477,-37389925.0000,-14933578.0000,534193368.0000,1102472414.0000,1236233.5,947219.2667,1295322.1429,1021961,784163783.0000,754873501.0000,2803325,3574419,980308,1316029.3333
2026-02-27,1601020,1186073,735675,718509,558242,516257,-41201066.0000,-535595.0000,570395988.0000,774542594.0000,1214088.6333,928438.1,1237853.2857,987231.2857,621656448.0000,581154607.0000,2984592,3711716,840112.3333,1168379.6667
2026-02-26,999295,865542,435845,476487,384133,408388,-49409404.0000,-53545.0000,858722248.0000,707473327.0000,1205082.7,916377.3,1241619.4286,996839.4286,712213964.0000,740489653.0000,2911740,3626131,941017.3333,1356177
2026-02-25,1347773,889309,606566,624064,389890,416005,-34841381.0000,-16625126.0000,458608580.0000,837217687.0000,1189950.5,906024.0667,1257736,1058878.4286,607259224.0000,588954541.0000,2925944,3651415,1087914,1392874.6667
2026-02-24,1158071,765486,559736,492615,344358,345764,-13243466.0000,19244906.0000,525807980.0000,875438187.0000,1210305.9667,927913.0667,1250774.5714,1089570.8571,655554247.0000,620406573.0000,2802194,3494945,1149105.6667,1320365.3333
2026-02-23,1562687,1168257,697592,725210,539633,510214,-62986139.0000,6706031.0000,869561536.0000,963207438.0000,1194682.0333,918755.7,1242398.7143,1075554.1429,866316399.0000,760152699.0000,2736298,3323877,1074008.3333,1199049
2026-02-20,1457866,1329999,662111,672862,641220,570496,2749511.5000,-8589697.0000,527289325.0000,896780148.5000,1176198.2333,896152.8,1182834.4286,977375.1429,647589738.0000,659015290.5000,3124782,3883766,941608.3333,1054979.6667
2026-02-19,940543,949061,429369,423930,400419,466271,27171909.0000,-30263983.0000,1359629394.0000,752539784.0000,1191085.0667,900211.7333,1213006.7143,965614.1429,722113757.0000,1214577809.0000,3019464,3786283,1066448.6667,1228328.3333
2026-02-18,1198738,942965,533501,558093,434928,421138,-12171102.0000,25742455.0000,1229733470.0000,841750414.0000,1186855.6333,892019.9,1252018.7143,997089.5714,938480028.0000,1017330579.0000,3020535,3801774,1078904.6667,1198529.3333
2026-02-17,1025658,932799,484015,440860,409731,427996,-16472278.0000,-25642721.0000,1189419945.0000,797080074.0000,1217581.0333,912570.5333,1267882.2857,1026929.1429,869428100.0000,992298810.0000,2917129,3635337,1124685,1357995.3333
2026-02-13,1460589,1323582,678262,643386,651755,557226,-36753122.0000,11658162.0000,1044874377.0000,1140509295.0000,1200455.4667,891795.5333,1293766,1007793.8571,799768910.0000,877142365.0000,3030666,3811384,897739.6667,1218104.3333
2026-02-12,1109341,980333,482914,518857,446146,421145,-16952767.0000,35817790.0000,1359264919.0000,810566246.0000,1197588.4,883176.8667,1287678.4286,969048.2857,797743030.0000,981316801.0000,2961274,3736921,859873.3333,1232240.3333
2026-02-11,1504056,1070140,648830,711400,482535,486599,-19496029.0000,6179594.0000,615307533.0000,853384328.0000,1180582.4667,873076.3,1250049.4286,950943.4286,687201639.0000,624416308.0000,2962308,3725550,890924.3333,1221495.6667
2026-02-10,1040916,642746,482228,459173,295102,275515,1966119.0000,12561206.0000,519636666.0000,808326891.0000,1208182.6667,893821.5667,1398593.4286,1085555.7143,607535430.0000,578680903.0000,2867647,3653662,1057234.3333,1253424.6667
2026-02-09,1151749,866734,521672,515565,381350,399604,-35182696.0000,37674836.0000,642046519.0000,1318226422.0000,1203235.5667,884990.6333,1444274.5714,1149236.5714,680077503.0000,829456173.0000,2844699,3650582,1164868,1416766.6667
2026-02-06,1471822,1163293,703313,634828,541308,521322,8329093.0000,-8528323.0000,594631269.0000,911028246.0000,1189958.0333,870644.1333,1337809.2857,1050772.7143,682672571.0000,700432122.0000,2998715,3853186,1013475,1281735.3333
2026-02-05,1136703,1141676,504800,511611,501810,530928,3156817.0000,-8729243.0000,2201376098.0000,985507863.0000,1200210.8667,861990.9333,1234168.4286,935595,1269426562.0000,1514141672.0000,2888744,3726732,947385,1316385.3333
2026-02-04,1641775,1189635,725721,745637,529633,541994,-60334074.0000,808223.0000,942197044.0000,1704836324.0000,1218120.0333,874680.2333,1081604.2857,826367.7143,958858820.0000,894724551.0000,2870261,3700114,1079184,1462701.6667
2026-02-03,1066728,709114,472643,489273,324527,312112,-17132707.0000,-8838250.0000,519410101.0000,825551581.0000,1241691.2333,890467.0333,1165060.7143,884401.2857,616200209.0000,617384435.0000,2798764,3598741,1280312.6667,1597631.3333
2026-02-02,1240653,943406,582960,546368,421480,431753,-50994001.0000,8982537.5000,562431764.5000,857758159.0000,1266418.8333,895436.1333,1221882.7143,874479.1429,671363480.5000,619505722.0000,2762026,3521029,1123859.3333,1426268.6667
2026-01-30,2080724,1585032,988034,894830,776906,675218,40350918.0000,-35891005.0000,738347053.0000,1443532025.0000,1259355.9333,875604.0333,1075084.7143,750240.4286,944675154.0000,1010539723.0000,2922636,3741806,707326,869766.3333
2026-01-29,1471517,1312500,622766,716948,580459,556652,-98741731.0000,25286987.0000,3107833003.0000,1091038567.0000,1264388.7333,863943.9333,991234.2857,657629.8571,1573612602.0000,1376086391.0000,2853033,3576011,411507.3333,570536
2026-01-28,726565,474046,327909,316256,211451,198190,-6998361.0000,12238796.0000,534012593.0000,778774739.0000,1337676.0667,903195.7,1109233,752280.2857,591224985.0000,573064428.0000,2778956,3473125,625275,878655.3333
2026-01-27,411217,335432,170285,195996,152531,149158,-66178374.0000,-5892793.0000,427702259.0000,525646821.0000,1360741.5667,916814.2,1182999.8571,807059.7143,469597573.0000,399388477.0000,2724026,3423059,804781.3333,1287718.6667
2026-01-26,573826,425044,245102,267379,191450,181103,-46957178.0000,18987927.0000,513559929.0000,764274717.0000,1375512.1,922210.7,1234835.2857,835287.4286,606815874.0000,541181169.0000,2650520,3366996,901553.6667,1447489.3333
2026-01-23,1650923,1115349,713181,791346,552316,472573,-47828937.0000,1621214.0000,441066280.0000,994166697.0000,1350813.3667,906053.4,1103148.7143,747911.5714,680356260.0000,631309558.0000,2858110,3652370,751179.3333,1192036.3333
2026-01-22,1638407,873951,807459,681999,368840,418471,70596332.5000,-29207958.0000,574360032.0000,1286824389.5000,1329274.6333,899568.7667,996777.2857,705734.5714,799706252.0000,892925165.5000,2776212,3450564,838728.6667,1163419.3333
2026-01-21,1053138,715361,476703,465882,318914,319207,15845169.0000,2102099.0000,579407934.0000,945721537.0000,1350432.1,915941.6667,1099005.4286,806705.2857,687575687.0000,693594593.0000,2730087,3377914,839904.3333,1121568.3333
2026-01-20,884564,664226,364313,428086,305171,286303,-81332661.0000,21226257.0000,722631640.0000,973479019.0000,1367400.1,923230.9,1128920.4286,839463.8571,828655593.0000,731851770.0000,2648473,3260178,826041.6667,1138938.3333
2026-01-16,1552556,1136599,670146,756215,525101,486079,-34525456.0000,-1643748.0000,573451960.0000,1030744603.0000,1372573.5333,915962.5,1036177,770222.8571,717193774.0000,757646034.0000,3360682,4114971,615081.3333,864458.6667
2026-01-15,927585,718888,405930,431850,360769,299200,-23470204.0000,18897677.0000,1078675242.0000,791296113.0000,1378931.3667,916189.4333,1101828.8571,820500.1429,985496913.0000,800369559.0000,3327367,4053646,568356,853199.3333
2026-01-14,936674,622638,386525,457826,287498,272822,-58189161.0000,-7670354.0000,632934255.0000,959249012.0000,1372482.1333,913346.4,1121140.4286,831153.2857,765435969.0000,706828480.0000,3282989,4024359,834862,1130553
2026-01-13,729117,503718,323872,332013,220100,221755,-54319921.0000,5873557.0000,403876075.0000,894603754.0000,1384366.6,921861.3333,1295183.7143,980524.7143,616794900.0000,574357093.0000,3233873,3951240,964801.3333,1252170.3333
2026-01-12,893807,578712,406009,389240,238042,273108,1459986.0000,-37444368.0000,709248051.0000,1060749200.0000,1397559.8333,934180.4667,1302757.2857,997899,696344406.0000,925466841.0000,3175834,3855277,989201.3333,1255352
2026-01-09,1768735,1422156,801242,799657,652860,627239,814061.0000,-21189642.0000,530930707.0000,1157147586.0000,1371931.4333,917821.8,1196270.7143,897844.2857,735397147.0000,762031730.0000,3418485,4194036,872092.3333,1128156.3333
2026-01-08,1093969,893536,496714,481541,397102,424081,24640026.0000,-25519451.0000,1110183249.0000,1080155629.0000,1372777.4667,915052.6,1181972,879785.2857,1011117925.0000,1004165821.0000,3387764,4112099,806650.3333,1120785
2026-01-07,903352,651912,402470,409350,286195,297509,-24260844.0000,-31128999.0000,633532953.0000,920158435.0000,1412822.7333,951748.8667,1319910.5714,967384.1429,715271900.0000,705808103.0000,3330818,4061557,1105785.6667,1468807.6667
2026-01-06,1387148,1070829,580716,661795,493680,459916,-93523475.0000,32091103.0000,1649476544.0000,1482106348.0000,1431814.6667,965739.2,1265080.2857,900380.8571,1591258846.0000,1246604397.0000,3217955,3906883,982286.6667,1322032.3333
2026-01-05,1071855,697210,499685,438097,301192,313859,118728521.0000,-4189361.0000,842656599.0000,1507729621.0000,1428014.2667,962395.1,1265314.7143,905479.1429,968773427.0000,1102997541.0000,3111070,3764732,990474.3333,1305857
2026-01-02,1947420,1549318,793826,977138,750168,645558,-66137222.0000,14279659.0000,952279815.0000,1515509829.0000,1394169.8,935645.1,1193438.7143,810159.4286,1172231508.0000,1083872191.0000,3333038,4118365,729742.6667,988009.6667
2025-12-31,946822,700332,398019,449211,316474,292643,4644501.0000,3554404.0000,648785917.0000,1210801868.0000,1408912.6667,940863.5,1369471.2857,934442.5714,830431883.0000,840377533.0000,3277554,4038231,918000,1295376.3333
2025-12-30,1023329,721773,442571,466983,311977,330389,-36191947.0000,9060376.0000,820387827.0000,1134991117.0000,1448625.8333,973742.1333,1476690.5714,1000291.8571,867358966.0000,912341194.0000,3218839,3943734,878011,1288712
2025-12-29,993878,767123,408169,466112,330895,339011,-36882948.0000,30808710.0000,823827523.0000,1512343251.0000,1485967,999319.6333,1617919.5714,1046771.2857,1068459241.0000,989635328.0000,3106831,3835652,866602.6667,1315251.3333
2025-12-26,1868922,1265104,796125,905262,630984,511288,-73040620.0000,40422983.0000,577238284.0000,1205421110.0000,1452742.4333,974787.5333,1617907.4286,1007480.5714,842633683.0000,726582910.0000,3350426,4257224,738928,1173706.6667
2025-12-24,1003336,601806,426809,463609,266209,263991,-10551094.0000,-3653453.0000,422833469.0000,792449911.0000,1442835.1,970734.7333,1706359.5714,1059036.4286,543284001.0000,539182247.0000,3307461,4183890,1061764,1565611.3333
2025-12-23,1073496,732898,459774,509873,319459,333236,-118412846.0000,9301475.0000,628329882.0000,1179042840.0000,1440989.4,965838.8,1970886.5714,1190279.4286,891040429.0000,760944178.0000,3236633,4082328,1211704,1799067.3333
2025-12-22,1444288,882080,637477,665991,383740,400497,-49537931.0000,-8487486.0000,790158398.0000,2085797889.0000,1468922.9333,991186.2,1922157.1429,1170551.8571,1354557671.0000,1280220994.0000,3141695,3966201,1281837,1978465
2025-12-19,2179050,1570314,962016,1017814,745446,673998,-63168821.0000,22109393.0000,729734726.0000,1824584280.0000,1447876.7333,969016.6,1756141.7143,1030069.7143,1192440723.0000,1113930449.0000,4004928,4708801,1088422,1875060.6667
2025-12-18,1773864,1182718,826300,762755,539305,525802,113754390.0000,-11359872.0000,814811379.0000,2141236964.0000,1430406.6,951808.7667,1632727,951200,1275811928.0000,1409109299.0000,3877168,4624443,1015081.6667,1824606.3333
2025-12-17,1982481,1092479,836212,959400,490788,471430,-102356272.0000,20990932.0000,1027023830.0000,2576275442.0000,1398119.3,935600.8333,1491264.7143,892190.4286,1725606796.0000,1565913719.0000,3812098,4467425,1201455,2138841
2025-12-16,1868837,990069,859073,817236,450600,427067,103650648.0000,-4421281.0000,923593825.0000,2781344835.0000,1370939.1,923319.0667,1465411.1429,923116,1644700951.0000,1740571585.0000,3670214,4335620,1119427.6667,1883622.6667
2025-12-15,1622501,962697,750630,725338,418343,437558,49170859.0000,-45992159.0000,1101683255.0000,3055749386.0000,1383283.9333,940095,1432711.5714,911716.8571,1828389260.0000,2003944851.0000,3509711,4192041,994175,1681769.6667
2025-12-12,2925185,1651599,1389543,1299122,810373,701683,20976798.0000,18771921.0000,754014393.0000,2065869992.0000,1325326.8333,912302.9,1258793.5714,806995.1429,1291860112.0000,1308149055.0000,3740826,4408505,653852,1010028.3333
2025-12-11,1103182,743987,481295,516216,316882,350817,-49240644.0000,-24828336.0000,739275287.0000,982128078.0000,1317245.9667,905799.0333,1260956.1429,804382.1429,689207419.0000,885492535.0000,3689183,4359410,632327,973049.3333
2025-12-10,1016942,586939,469153,459168,255402,273380,15487121.0000,31313786.0000,491779433.0000,1175857923.0000,1328406.5667,908993,1221849.7143,797297.5714,776510701.0000,762171846.0000,3662201,4286943,838863.3333,1196689.3333
2025-12-09,909961,630630,425173,399635,278539,284901,-3122909.0000,-10889044.0000,545195141.0000,1186372459.0000,1352282.7333,915356.0333,1246948.2857,815659.8571,795821959.0000,787144452.0000,3588853,4266339,922954.3333,1357903.6667
2025-12-08,992245,679412,411666,486914,310177,292482,-97907714.0000,53587443.0000,707306723.0000,1241642443.0000,1394469.1,949644.1,1289428.1429,854070.4286,984903879.0000,805380928.0000,3490425,4103880,1002666,1596408.3333
2025-12-05,1687862,1206548,745653,802398,595839,508404,-16027974.0000,11956634.0000,554867583.0000,1358000846.0000,1423256.8,966725.9667,1191145.4286,814763,886709503.0000,857913525.0000,3813165,4364260,842382,1406561
2025-12-04,1393604,882903,637546,630886,357765,438709,39491397.0000,-33294869.0000,469639287.0000,1402301648.0000,1404588.7333,959199.9333,1151966.2857,804414,823380164.0000,900288417.0000,3732508,4266548,727196.6667,1189758.6667
2025-12-03,1707759,918547,814911,735698,379264,444030,96028039.0000,-56918738.0000,678925478.0000,2042997685.0000,1363141.7333,939828.4667,1208673.5714,923593,1174635636.0000,1307383759.0000,3601101,4132113,674069.6667,982389.3333
2025-12-02,1118320,725696,480965,533806,342310,310356,-34572515.0000,4831198.0000,658016072.0000,1270516610.0000,1347436.6333,928710.5,1328471.5714,1032856.2857,915132129.0000,849658132.0000,3520187,4037324,748266.3333,1039484
2025-12-01,743197,537347,334327,341553,231542,246516,-848510.0000,-14578272.0000,412665338.0000,943299089.0000,1386277.7333,961870.3667,1359135.2857,1041362,616081598.0000,633740699.0000,3433138,3961337,879616,1125046
2025-11-28,1085651,759166,495985,496069,366131,329173,10399522.0000,-12197702.0000,265690212.0000,841724870.0000,1390037,968531.6333,1337197.4286,1039598,486899491.0000,542894345.0000,3716576,4238952,896714,1136279
2025-11-26,1289604,948286,610595,544482,413013,437852,38257773.0000,-19912566.0000,585338563.0000,1104562884.0000,1380599.6,958660.5333,1351412.2857,1026540.5714,725764182.0000,802479491.0000,3592007,4160708,1164885.3333,1407981
2025-11-25,999883,931396,439169,441737,406297,432024,38581438.0000,7087090.0000,739383258.0000,1167504175.0000,1374252.6333,949178.6667,1524961,1137502.8571,823669835.0000,865096757.0000,3511529,4116378,1351266.3333,1726988.6667
2025-11-24,1119350,810460,535526,485705,336673,377824,63248236.0000,-49497063.0000,768426473.0000,1401917114.0000,1369627.4,944078,1667070,1240929.7143,916843928.0000,1036553527.0000,3374231,3981080,1280075.3333,1673153
2025-11-21,2104710,1752800,901615,974743,811252,790838,-7186960.0000,-5427907.0000,1078657055.0000,1572577100.0000,1369883.6,943585.8667,1490995,1066121.2857,1185180270.0000,1171743808.0000,3871956,4590688,944748,1282278.3333
2025-11-20,1956906,1490539,873933,903477,704458,641850,-35510174.0000,36067904.0000,1627691568.0000,1939929511.0000,1343270,923073.0667,1312310.7143,921790.2857,1859279884.0000,1456512032.0000,3875443,4493703,733529.6667,1093012.3333
2025-11-19,957843,596887,422517,444261,276472,258803,-30894917.0000,14435203.0000,547118526.0000,963690966.0000,1346356.3333,928049.3667,1320922.4286,920237.8571,715683102.0000,670678832.0000,3843256,4445407,1103944.6667,1511972.6667
2025-11-18,932086,746818,424533,417653,341661,330928,22695181.0000,-249837.0000,828590393.0000,1170020923.0000,1361224.2,933812.7,1513809.2857,1048192.7143,920539844.0000,936232742.0000,3801799,4374754,1366488,1905981.6667
2025-11-17,1389108,856884,644183,613273,378512,391136,52313494.0000,-30087102.0000,932070950.0000,1686260876.0000,1357587.9,926188.6667,1536460.1429,1055098.7143,1164463715.0000,1262967236.0000,3678723,4348012,1257240.3333,1733674
2025-11-14,2214724,1708132,1015005,1018938,818621,739005,81693908.0000,-8479094.0000,978960109.0000,1812367388.0000,1387041.9333,943378.2,1398608.1429,906291.7143,1246061385.0000,1333431424.0000,3903814,4827761,847937,1230804.6667
2025-11-13,2114113,1534448,887142,1002660,680402,637763,-51400692.0000,26069331.0000,2653939728.0000,2009556766.0000,1385697.4667,934512.3,1241429.4286,773690.7143,1629466949.0000,1667425095.0000,3770978,4532114,531794.3333,865475.3333
2025-11-12,872185,529141,367473,412174,239915,227950,-51897873.0000,20231001.0000,478009030.0000,931249778.0000,1413346.8,942813.0667,1267321.7143,786901.4286,675840773.0000,608827047.0000,3718086,4481771,902914.6667,1335511.6667
2025-11-11,706116,480222,303917,325641,200196,209019,-34908220.0000,3844576.0000,789162189.0000,941530153.0000,1424541.7667,945096.1667,1451140.2857,927723.2857,654839823.0000,615394764.0000,3674258,4440653,1044582.6667,1616027.6667
2025-11-10,1018125,586020,467193,450616,246736,269203,33349539.0000,7414058.0000,543459451.0000,1303302868.0000,1420137.0333,943347.5333,1475189.8571,960839.8571,827941583.0000,849124686.0000,3581665,4342082,1071403.6667,1693239.3333
2025-11-07,2282294,1642502,1022510,1061449,792505,686032,-61686802.0000,7482753.0000,1209760095.0000,1936616825.0000,1429566.9333,939444.4333,1272113,804606.8571,1400785329.0000,1323429322.0000,3871655,4649878,725983.3333,1270428.6667
2025-11-06,1547664,905226,689077,700729,426005,383395,-21260667.0000,99564572.0000,968189935.0000,1845130093.0000,1430998.2667,942061.3333,1244126.7143,772825.7143,1338444587.0000,1185187278.0000,3769218,4447585,631446.6667,1105684.3333
2025-11-05,1249760,666483,584921,542161,293252,300702,57020909.0000,-21836721.0000,758317847.0000,1708039791.0000,1439779.1667,953527.6333,1297910.4286,794974,1095115587.0000,1133685537.0000,3672989,4328760,897944,1353379.6667
2025-11-04,1013862,606241,432663,484042,274756,251957,-95577673.0000,50684170.0000,699331129.0000,1572388577.0000,1437995.1333,956759.0333,1475621,952375.8571,1114745315.0000,962721328.0000,3608698,4232607,968475.6667,1410916.3333
2025-11-03,1053431,621616,477767,477380,270274,285515,157027331.0000,-27541293.0000,814292306.0000,2118507850.0000,1449895.3333,962843.7667,1689629.8571,1109145.5714,1344878689.0000,1384844821.0000,3482361,4107312,944227.3333,1346691.3333
2025-10-31,1992846,1465975,928385,890301,702652,607895,100578275.0000,12309800.0000,588299084.0000,1444889040.0000,1452612.3667,956794.5,1524017.8571,993595.1429,884252825.0000,972695878.0000,3819337,4428420,683155,1132996
2025-10-30,1186472,817836,484834,583370,366686,354402,-78974593.0000,31494433.0000,1089537054.0000,1110051979.0000,1468597.5667,963652.1333,1420857.4286,924961.8571,869149519.0000,771356741.0000,3760310,4378425,684383.3333,1279587.3333
2025-10-29,860756,548871,370517,403225,242723,243623,-10713906.0000,10952024.0000,447573242.0000,1138308053.0000,1492050.3,978001.4667,1390344.7143,902574.1429,734149960.0000,720580698.0000,3715242,4328874,1070777.6667,1745280.6667
2025-10-28,1351760,682758,601202,617652,299810,300248,82003419.0000,-15806358.0000,655301059.0000,1970701430.0000,1491568,979759,1469869,1023914.8571,1159572097.0000,1234073017.0000,3630639,4249905,1416193,2145191.6667
2025-10-27,1626246,821521,769038,704850,343996,377090,218718131.0000,-72314190.0000,956358480.0000,2567548955.0000,1511691.4333,993917.7667,1408752.2857,1043555.2857,1460783067.0000,1793678969.0000,3510395,4085291,1361393.3333,1880963.6667
2025-10-24,2257836,1708054,927085,1128662,875951,689028,-128875879.0000,37393248.0000,708809490.0000,1746528982.0000,1577183.2,1015436.9667,1229987.4286,892712.2857,1219157910.0000,1041898098.0000,3903167,4352548,904509.6667,1283134.6667
2025-10-23,2551493,1719004,1173139,1148515,698205,804349,90788268.0000,-30055570.0000,1959011211.0000,2447672272.0000,1562702.9,1002097.7,981127.5714,739560.2857,1715706576.0000,1727340708.0000,3709753,4165127,462227.3333,648359.3333
2025-10-22,833562,657122,355915,375126,279909,288610,-49039930.0000,-1988455.0000,683521080.0000,1258745730.0000,1573330.9,1004286.2,1002132,739605.7143,850226680.0000,804407136.0000,3540504,4001233,753901,1006648.6667
2025-10-21,464349,337403,195927,208427,150911,144887,54094349.0000,12991841.0000,401867515.0000,1163722381.0000,1580055.5,1008725.3667,1237567.2857,939696.1429,691429720.0000,737216480.0000,3477749,3957699,961101.3333,1251342
2025-10-20,647167,392157,275835,301370,169440,182153,-13947313.0000,-2967154.0000,538125975.0000,1302310365.0000,1590112.8,1016623.7,1310614.5714,1008695.8571,837568222.0000,848694360.0000,3405994,3865176,1047766.6667,1371113.6667
2025-10-17,1908430,1532143,863255,869297,754877,644785,86315143.0000,-23426405.0000,669254039.0000,1650592152.0000,1608642.2333,1017409.0667,1188043.5714,896414.8571,1020800681.0000,1119318804.0000,3806941,4414469,752699,1004795
2025-10-16,1198429,959004,523190,556882,437156,433097,5308129.0000,35153950.0000,826371240.0000,1298053510.0000,1600003.4333,1007276.7667,1213714,890802.5714,954900358.0000,1031202830.0000,3744560,4353663,652177.6667,932183
2025-10-15,1006482,652153,455893,445836,291172,290324,9337914.0000,4509870.0000,460043480.0000,1453797826.0000,1608952.7667,1012540.6667,1252790.7143,887375.4286,846386237.0000,917665731.0000,3711078,4250373,1014138.6667,1300821
2025-10-14,809474,646940,350255,371854,292360,281976,30709869.0000,17735381.0000,746285645.0000,1107225259.0000,1603632.7333,1008928.1667,1579772.2857,1112643.7143,894552310.0000,803859523.0000,3661833,4201776,1090210.3333,1417162.3333
2025-10-13,980593,657440,452702,426261,288420,295751,65965003.0000,-21151604.0000,673238710.0000,1310858673.0000,1637027.3667,1030604.3,1735941.7143,1199933.8571,886373645.0000,919973612.0000,3568767,4125705,1119789,1440442.3333
2025-10-10,2112396,1738036,892450,1017977,877601,714301,-107411551.0000,36980833.0000,982277257.0000,1736098512.0000,1608506.4,1000683.8333,1677265.8571,1062809.2857,1309693927.0000,1163564673.0000,3849404,4531618,847016.3333,1195684.3333
2025-10-09,1158498,875155,459161,507778,379383,400284,32625165.0000,26231067.0000,1164541130.0000,1357998852.0000,1602447.5333,990459.1,1660618.2857,1016175,1033047638.0000,1074869780.0000,3796035,4473512,764685.6667,1236191.3333
2025-10-08,1050433,746176,467102,474389,324664,319445,111822704.0000,12929079.0000,937525425.0000,1282834229.0000,1597660.6667,982592.0667,1637125.4286,985801.4286,814359151.0000,906854388.0000,3740214,4400906,1257233,1918828.6667
2025-10-07,1378122,919718,580443,649186,416018,405502,-71742099.0000,28398756.0000,832082757.0000,1891168693.0000,1596834.3,974651.9333,1806706.7143,1072328.7143,1285025805.0000,1191757169.0000,3658308,4302000,1373484,2150714.3333
2025-10-06,1280019,628163,604659,532986,254721,293778,86246059.0000,-24170677.0000,708064050.0000,1987422910.0000,1618029.8,1004593.8667,1851076,1123124.4286,1151737917.0000,1282336732.0000,3572424,4187443,1423484.3333,2291263
2025-10-03,3098345,2223818,1391559,1408205,1043964,977982,-54166436.0000,48757048.0000,1405556775.0000,2734442608.0000,1539611.0667,952836.5333,1624624.8571,949789.2857,1748760717.0000,1898748624.0000,3827996,4518121,865116.6667,1605803
2025-10-02,2073779,1268471,847338,999825,588512,538356,-160699545.0000,68827462.0000,1081270672.0000,2394242213.0000,1505134.6,936392.2333,1465562.2857,869033.8571,1655676094.0000,1432955698.0000,3697986,4309863,620146.6667,1209871
2025-10-01,1701665,778164,737509,752685,316958,357365,86960114.0000,-60520232.0000,772843932.0000,3600330565.0000,1482680.3667,934014.3667,1423958.2857,872747.2857,1900202922.0000,1950494557.0000,3594084,4073016,869228.3333,1497713
2025-09-30,1041965,548715,436313,466261,228832,250294,453521.0000,-16586543.0000,559941555.0000,1700364730.0000,1468920.3667,929899.4,1571442.8571,977859,1013036232.0000,997301061.0000,3530122,4159558,1014234.3333,1680592.6667
2025-09-29,885983,533561,378978,402349,217519,231056,73917594.0000,-3457900.0000,526422626.0000,1783091742.0000,1503984.0667,951422,1682877.8571,1047859.5714,943641389.0000,1135119570.0000,3431439,4028972,1173204.6667,1889660.6667
2025-09-26,2565191,1525409,1166874,1150108,730191,652698,101111528.0000,-23290021.0000,663717724.0000,2046786551.0000,1456755.4,925512.6333,1539898.8571,969851.2857,1037572763.0000,1407842495.0000,3751711,4419489,899129.3333,1354710.6667
2025-09-25,1590604,983733,723839,694324,449845,424016,-15987328.0000,28647882.0000,776469115.0000,1852636722.0000,1440347.4333,912813.0667,1503711.2857,934387.1429,1198190152.0000,1158341631.0000,3685398,4201434,839271,1294655
2025-09-24,1513187,1010472,691175,655359,406986,475253,73064743.0000,-81636673.0000,801562512.0000,2162472659.0000,1426382.1667,901120.9333,1606105.8571,968074.5714,1262795334.0000,1429498656.0000,3661724,4076857,930612.6667,1481711.6667
2025-09-23,960341,703183,398830,454198,326795,296752,49446516.0000,31862176.0000,591248427.0000,1585358800.0000,1441764.0667,906471.9333,2072141.2857,1203852.7143,1006094990.0000,987014630.0000,3591230,4015808,1037406.6667,1716940.6667
2025-09-22,1410437,804158,636205,632042,332738,370483,67125094.0000,-19348584.0000,740686877.0000,2354571954.0000,1468602.4,930997.6,2173090.8571,1277376.7143,1369784571.0000,1454256816.0000,3461255,3863684,1095804.3333,1768241
2025-09-19,2074357,1284497,860241,986068,602698,553163,-27463331.0000,-27197173.0000,519527584.0000,1906678139.0000,1430498.6,912240.4667,2041383,1197131,1089112480.0000,1051566381.0000,4374610,4741495,912800,1522552.3333
2025-09-18,1666028,1023565,721455,771580,460207,444766,-77686124.0000,33458879.0000,710257547.0000,2424400839.0000,1407871.2667,902468.6,1898534.2857,1118132.8571,1559184385.0000,1356018998.0000,4189708,4603190,987039.6667,1710526
2025-09-17,1564338,979351,699309,699986,429516,434587,38825915.0000,-12831505.0000,804558558.0000,2018668573.0000,1375316.0667,887295.1,1810612.5714,1068098,1290926868.0000,1285298610.0000,4088123,4506710,1445132.6667,2596609.6667
2025-09-16,1337291,735484,631044,576560,305286,343787,24823486.0000,-50421669.0000,721733004.0000,2510047180.0000,1358907.1333,883141.4667,1971615.7143,1185272.2857,1316979435.0000,1658319125.0000,3996187,4458114,1639580,2856540.6667
2025-09-15,2229949,1246284,959945,1034300,545624,538457,-107643441.0000,-8510639.0000,1182060119.0000,4261383357.0000,1341770.9,900014.8333,1787232.2857,1100808.1429,2523666477.0000,2420783115.0000,3770292,4217774,1465077.6667,2497358.3333
2025-09-12,4222589,2353630,1943344,1874499,1035526,1080955,203317274.0000,-34948031.0000,1133437749.0000,4351171586.0000,1242974.5333,850891.3667,1366142.7143,880299.5714,2332215420.0000,2569461762.0000,3934023,4450483,837393.6667,1311857.6667
2025-09-11,2117084,1318826,1018439,889083,540288,633769,145105714.0000,-108785734.0000,770218499.0000,1750133449.0000,1203084.3333,828404.8,1156541.1429,768833.7143,985379930.0000,1240447955.0000,3712156,4296680,607487.3333,922458.3333
2025-09-10,1152402,722777,509157,514390,312408,318302,70019884.0000,-1780409.0000,441043825.0000,991572928.0000,1192801.5333,824753.3667,1275116.8571,852397.5714,583722971.0000,655517823.0000,3657403,4228381,885129.6667,1359762
2025-09-09,666087,470578,276530,313064,188429,216527,-824032.0000,-7166422.0000,371059244.0000,567782619.0000,1211599.8333,837752.9333,1359499.7143,905232.4286,375771547.0000,397071437.0000,3599417,4152827,946615.3333,1450821.3333
2025-09-08,948886,629107,400564,449335,277407,275688,-41251806.0000,6487418.0000,466735225.0000,799754333.0000,1273894.9667,903501.3333,1363477.7143,896561.8571,562419225.0000,516584975.0000,3496103,4012277,1006936.3333,1559513.3333
2025-09-05,2464313,1555704,1159386,1091237,734343,673745,143948145.0000,177903.0000,661419170.0000,1564750380.0000,1260048.5,911513.6,1140979.7143,747199.1429,913337703.0000,1056691224.0000,3684448,4240863,667890,954700
2025-09-04,939265,655035,405974,439029,287128,287942,6176350.0000,-5660.0000,774410320.0000,548168594.0000,1253177.7667,909846.3667,1200132,750981.8571,681312229.0000,396771199.0000,3624945,4166511,885453,1302422.3333
2025-09-03,1274962,810070,566936,572326,350968,357865,46827888.0000,20677050.0000,520317544.0000,1126270997.0000,1229520.2,898162.0333,1291692.2857,853317.7143,817265832.0000,632948630.0000,3551751,4042779,895570.3333,1296357.3333
2025-09-02,649873,538565,274907,297095,224528,244524,1950858.0000,21601739.0000,475661026.0000,472106822.0000,1226918.2,892985.2667,1305393.7143,872251,395351664.0000,364532978.0000,3472300,3962472,905519.6667,1405310.3333
2025-08-29,1982432,1307724,825282,991279,648377,529203,-67875343.0000,28228643.0000,598674854.0000,832475706.0000,1221783.2667,896139.8,1170687,796167.8571,660487563.0000,565927139.0000,3700965,4315589,639666.6667,1046775.3333
2025-08-28,1256767,840422,544918,580182,356871,370754,-22932548.0000,9879215.0000,692995676.0000,833347338.0000,1215620.5333,895337.7667,1138011.4286,777083,616632080.0000,526780786.0000,3651830,4274389,586697.3333,1078963.3333
2025-08-27,976732,568413,432601,441738,244900,251053,31475357.0000,52335625.0000,725935095.0000,872991410.0000,1221227.5,906304.4667,1088359,756633.4286,715398826.0000,695857444.0000,3578803,4188807,906033.3333,1392014
2025-08-26,906827,510165,426103,379214,208968,235227,101783476.0000,-10277522.0000,368580775.0000,846718542.0000,1216844.5667,907655.7333,1235654.2857,852215.4286,468870927.0000,582804972.0000,3523262,4105322,959677.6667,1338332.6667
2025-08-25,1353331,681514,621029,571540,271909,317408,104397554.0000,-30313722.0000,533039219.0000,1213451191.0000,1198932.5667,902076.7,1206368.5714,861731.7143,686601183.0000,827309798.0000,3425151,3939585,990887,1233717.3333
2025-08-22,1915884,1526421,900966,806129,666549,701014,85773068.0000,-34918146.0000,538313044.0000,1105704747.0000,1186775.4667,894754.0667,1089580.1429,729778.1429,638701503.0000,756212266.0000,3621492,4134384,717689.3333,937768.6667
2025-08-21,745783,671098,302385,358157,302038,271306,-17059777.00,14776058.0000,785384780.0000,376305346.00,1214672.2333,908067.4667,1139358.1429,728151,356476838.0000,319169547.0000,3543437,4069027,635745.3333,898896
2025-08-20,1039485,775142,444428,464718,351098,334484,-3749095.00,8036813.0000,548894860.0000,727050346.00,1207863.9333,905843.8667,1193974.2857,740804,558314751.0000,546338403.0000,3484046,3997510,770444.3333,1198365.6667
2025-08-19,1028038,706828,438519,466777,315723,308524,-10629945.0000,4196048.0000,442194952.0000,728571250.0000,1208378.7,913065.3333,1363624.1429,859818.2857,521114550.0000,503708822.0000,3424265,3935636,784211,1238463.3333
2025-08-18,629165,425266,282670,278025,170266,201003,8660350.0000,6399145.0000,331944335.0000,455784219.0000,1226231.5,939098.1,1406778.1429,902177.8571,347555906.0000,345781511.0000,3340617,3838089,843371,1394863.3333
2025-08-15,1937894,1179239,852453,925102,571717,498273,-52290427.0000,8909100.0000,401553906.0000,783343887.0000,1193119.1667,932151.9,1270965.8571,838059.2857,556320630.0000,499183958.0000,4050311,4323567,670194,1113641.6667
2025-08-14,1148331,748128,469954,552268,336643,324144,-36980182.0000,1135818.0000,477424319.0000,646061202.0000,1202051.0667,953515.9667,1190873.1429,806061.8571,479832903.0000,450991417.0000,4002098,4254435,708722.3333,1204797.3333
2025-08-13,1098365,602746,493913,484890,255191,276490,111545687.0000,-9355277.0000,335806016.0000,1159577983.0000,1210128.1333,979619.7667,1154681.4286,807223.1429,615782562.0000,742773054.0000,3961816,4202035,1021116.3333,1577204.6667
2025-08-12,1094229,659708,477548,497900,311529,277352,9298674.0000,6789965.0000,370856564.0000,881282197.0000,1196801.8333,978002.4667,1243486.1429,963334.1429,559408031.0000,560635737.0000,3880317,4121471,1041808,1522876
2025-08-11,1421798,863713,654081,610672,385979,373713,81006804.0000,-31070563.0000,648453220.0000,1555105661.0000,1205024.8,1003383.4333,1220186.1429,965650.2857,911793442.0000,1050764097.0000,3742933,3983920,997373.3333,1378012.6667
2025-08-08,2215587,1539928,1003752,991149,736650,673542,63153629.0000,-24926598.0000,465475122.0000,1196853088.0000,1169800.6333,981607,1035156.2857,837693.2857,704505197.0000,796651227.0000,4004545,4328791,658779.3333,835377.6667
2025-08-07,931243,721783,411975,412958,302595,331653,21637186.00,-24682155.0000,465841016.0000,546605663.00,1195548.2,997106.5,1022681.2857,822186.2857,339839411.0000,417312722.0000,3922367,4259979,621810,806637.6667
2025-08-06,987208,730409,451011,422914,289194,345224,36659757.00,-39579213.0000,426550516.0000,682634708.00,1199191.7667,1000275.3,1057371,840780,423088210.0000,504659690.0000,3858928,4170193,962502,1049522.3333
2025-08-05,587682,524146,257559,263038,226149,235479,3567901.00,741878.0000,370234097.0000,375233706.00,1249061,1030185.5333,1375950.7143,1137553.2857,295021819.0000,299705170.0000,3818300,4115447,1081095.3333,1273194.3333
2025-08-04,845023,610875,388763,364163,250525,279898,15521522.00,-16426020.0000,453742637.0000,544113407.00,1289834.2,1060032.6667,1547935.8571,1306867.1429,391144310.0000,423706352.0000,3730902,4025330,1092213.3333,1298312.6667
2025-08-01,1715862,1752485,757599,800720,870820,725858,-35067556.00,6781864.0000,736312241.0000,690052094.00,1273477.9,1041688.7667,1407547.4286,1142943.2857,610284836.0000,577406414.0000,3994527,4265825,712463,1007664.6667
2025-07-31,1258698,879926,532161,601127,391496,375426,-45243507.00,23344423.0000,911806286.0000,629241342.00,1263795.6,1045480.0333,1308481.2857,1082888.1429,552283699.0000,574879247.0000,3941097,4146035,706009.3333,998110.6667
2025-07-30,920378,644229,413892,426108,303905,278118,20337773.00,8947250.0000,371901444.0000,576008873.00,1261277.3,1041180.8333,1258686.2857,1045607.1429,411881166.0000,423725856.0000,3903002,4066088,1358452.6667,1630564.6667
2025-07-29,843918,613234,380200,375798,276894,265987,249295.00,18456537.0000,367433350.0000,580215753.00,1318787.6667,1089855.3,1399324.2857,1158339.4286,424389405.0000,404018399.0000,3885853,4022635,1752732,2032231.6667
2025-07-28,1230036,860565,562422,545482,375069,395778,15488406.00,-5132326.0000,535932290.0000,1037620198.00,1324712.7333,1097014.0333,1376731.2857,1152024.5714,696794359.0000,720866141.0000,3748537,3917023,1667549.6667,1866600.6667
2025-07-25,2817740,2601559,1281988,1253031,1206513,1166536,51668967.00,2455567.0000,732785763.0000,1328490950.00,1282671.2667,1043975.3,1137760,908575.2857,872861574.0000,929534194.0000,4100577,4250643,953543.3333,1115765.6667
2025-07-24,2048919,1796072,857171,967857,742778,680970,-114898453.00,98746068.0000,5552261253.0000,1468947065.00,1272106.1,1018527.6333,955820,730665.4286,1518788514.0000,1361170644.0000,3929203,4025790,482606.6667,623397
2025-07-23,733143,605018,315248,338656,266512,264243,21515413.0000,7863818.0000,491504591.0000,800036137.0000,1290583.5,1035376.2,967652.5714,717683.2857,571328825.0000,580039994.0000,3787157,3936054,748387.3333,988477.3333
2025-07-22,565235,459540,258524,238145,205622,202548,32961017.0000,20858089.0000,415361942.0000,695303841.0000,1348566.5333,1106977.6,1108500.5714,838712.1429,486291809.0000,498392571.0000,3707914,3861178,867327.6667,1157360.6667
2025-07-21,571813,383262,247061,260664,172015,168275,-6923916.00,31993870.0000,335996401.0000,693937312.00,1440356.3333,1228002.2667,1252911,936889,484809510.0000,439836049.0000,3620037,3766548,1038711.6667,1348403.3333
2025-07-18,1828384,1402360,838535,824228,714837,564422,39466579.00,26753681.0000,465721153.0000,1051900853.00,1422137.7,1209440.6333,1111032.7143,837756.7143,667838649.0000,672756618.0000,4133077,4452669,754826,997388.3333
2025-07-17,1071885,816361,425443,474732,382780,350016,-27536366.00,-979631.0000,807083904.0000,621881199.00,1424349.9,1205688.3667,1106975,853058.2857,629546734.0000,589673956.0000,4076607,4383367,654086.6667,912083.6667
2025-07-16,1144941,897414,560149,473287,376244,428032,67096945.00,-13948303.0000,609722911.0000,873841779.00,1418020.4667,1197898.1,1109804.7143,897177.5714,634562800.0000,723429668.0000,4016567,4318297,790529.3333,1047493.6667
2025-07-15,775339,550703,340191,357140,257594,232199,-3439788.00,22294773.0000,417651214.0000,658772889.00,1466202.7333,1229903.5,1133974,957199,473022663.0000,482459928.0000,3984403,4250116,963795,1316609.3333
2025-07-14,815971,514143,365402,366955,219598,236609,-6258502.00,2159034.0000,502688123.0000,806170523.00,1478317.1,1237007.0333,1219733.5714,1082185.7143,570593856.0000,594369814.0000,3903934,4141904,1028558.6667,1323031
2025-07-11,1551171,1306742,715162,695676,673040,521806,26390572.00,3916265.0000,448815672.0000,774254257.00,1459717.2667,1213982.4333,1189663,1093488.2857,527763426.0000,537045143.0000,4285146,4468679,900802,1153801
2025-07-10,1582686,1070500,765865,667283,447539,506402,68497252.00,-32104889.0000,712858409.0000,941506830.00,1458631.8,1209805.5333,1062770.7143,1027872.4286,622064648.0000,766275804.0000,4183335,4365285,946051.6667,1014488.6667
2025-07-09,835236,708434,345504,408055,301374,325872,-32302964.00,-6117371.0000,574987884.0000,593699162.00,1484686.6333,1225250.5333,1181806.5714,1158830.7143,499493782.0000,470657309.0000,4135029,4301934,1033524.6667,1050918
2025-07-08,1043481,923472,468450,465546,412070,403674,-5589325.00,-1255600.0000,731605211.0000,806224734.00,1492821.2,1222569.8333,1198289.5714,1153568.2857,637722833.0000,633363008.0000,4060303,4214862,1188717.3333,1175187
2025-07-07,1164749,1206249,476668,544347,522740,530051,-59608469.00,24274573.0000,1231653326.0000,1245253578.00,1497194.5333,1206946.2333,1275278.2857,1150785.2857,1091327521.0000,921216477.0000,3859492,3993356,1248587.6667,1233829.6667
2025-07-03,944524,970853,416842,450134,487028,393190,7032374.00,8929680.0000,338627384.0000,478407620.00,1523178.8667,1200986.3667,1296991.2857,1130016.7143,354961553.0000,373499737.0000,4250768,4381893,1128699.6667,1150468.3333
2025-07-02,1416288,1389050,651921,625129,636042,589212,45698001.00,40927481.0000,1459972381.0000,1182980565.00,1510411.0667,1173692.4333,1392344.2857,1134645.7143,1059704985.0000,975844122.0000,4094142,4296045,1207397,1234534.6667
2025-07-01,1340677,1385860,566581,608646,605742,612931,58875659.00,-5108463.0000,1231350816.0000,1346610738.00,1543095.9333,1170370.1,1496278.8571,1151849.8571,1063401786.0000,1129317275.0000,3916484,4130528,1040988.6667,1173929.6667
2025-06-30,694440,611189,287431,332288,269753,265676,-29721903.00,40247997.0000,493865007.0000,615187207.00,1570619.7333,1181258.7667,1572097.8571,1236275.4286,532247728.0000,462462500.0000,3786069,4020523,1232848.3333,1510339.6667
2025-06-27,1668487,1625142,732540,803047,805991,684171,-18979293.00,24770351.0000,569495884.0000,780708459.00,1583250.6,1160796.2667,1472061,1146064.2857,641984579.0000,596327764.0000,4202770,4466995,966292,1319682.3333
2025-06-26,1158862,886635,470570,574461,402166,391080,-7912055.00,16164043.0000,768294833.0000,749028034.00,1612579.8333,1169872.4,1427199.1429,1093009.7143,625965598.0000,564043358.0000,4118931,4395663,1144564.6667,1627981.3333
2025-06-25,1703670,1186768,726335,832754,549459,514955,-79364268.0000,25203826.0000,835651619.0000,1222062235.0000,1604111.8667,1160942.5333,1550850.4286,1219681.1429,981483671.0000,881379157.0000,4009088,4231080,1251071.6667,1749497.6667
2025-06-24,1096515,825473,455823,533778,377907,360483,-42710554.0000,13398839.0000,616767637.0000,1107997601.0000,1671710.3,1204040.8,1595318,1255374.5714,818819443.0000,761426801.0000,3942509,4118041,1376636.6667,1792383.6667
2025-06-23,2083759,1421453,1000391,901209,604879,660158,189237661.0000,-47250692.0000,1077030167.0000,2545750478.0000,1658222.4667,1186927.2667,1519994.7143,1196652.2857,1545905119.0000,1810443460.0000,3705478,3942654,1234040.3333,1420540.3333
2025-06-20,2068219,1506289,918718,999118,772375,619150,-38414367.00,21180769.0000,634464231.0000,1087082548.00,1612443.3667,1154462.3667,1471958.2857,1128988.4286,821623720.0000,772591096.0000,4759062,4961995,903695,1012743.6667
2025-06-18,1225173,1202168,558497,545028,616199,507731,26234775.00,-19120061.0000,2182498637.0000,903121151.00,1594932.9333,1133079,1480857.1429,1115889.4286,1500123867.0000,1447257593.0000,4585851,4905719,1194128.3333,1460762.3333
2025-06-17,968229,993664,418652,456516,467204,446104,-44260826.00,28088402.0000,2295477757.0000,737562115.00,1594446.0667,1124879.6333,1671785.2857,1346449.1429,1351880623.0000,1552941285.0000,4502107,4816486,1221349.3333,1607282
2025-06-16,844829,515253,357489,397048,226269,227880,-23340069.00,16000630.0000,437118531.0000,981870451.00,1650246.5,1161322.4667,2026167.8571,1846270.4286,613869666.0000,628301447.0000,4426047,4693954,1386397.3333,1844504.3333
2025-06-13,2569229,2073468,1184689,1157066,980151,914359,59699697.0000,-21786618.0000,819023013.0000,1438077563.0000,1608134.4333,1119850.0667,1842253,1670848,1018521010.0000,1046425216.0000,4753857,5122932,1039455.3333,1565416
2025-06-12,1407788,1075327,606588,660663,486907,469949,1198888.0000,552629.0000,932480093.0000,982222212.0000,1605095.4667,1113861.4,1803747.7143,1617771.7143,779978195.0000,755266802.0000,4677915,5061030,1051171.3333,1525308.3333
2025-06-11,1556496,1010397,669205,725112,464848,441860,-34081651.0000,29192174.0000,829846135.0000,1350126894.0000,1592357.7333,1105427.9667,1717828,1568244.4286,1031471873.0000,940049828.0000,4591839,4865757,1583566.3333,1774718.3333
2025-06-10,1731964,1032642,818225,727150,446770,470141,73498047.00,-41598215.0000,809812869.0000,1722016705.00,1590711.1333,1107423.7667,1787662.7143,1636562,1058517786.0000,1219195333.0000,4451779,4755105,2577353,2305899.3333
2025-06-09,1287465,1110475,600906,549790,466542,514090,31219779.00,-53526309.0000,1008635203.0000,1283917175.00,1661662.6667,1160089.9,1772225.1429,1581815.4286,942725314.0000,1020737236.0000,4276555,4580260,2489031.6667,2304019.3333
2025-06-06,2304726,2607582,1055923,1051082,1181198,1171704,-1317026.00,-51858089.0000,1367136327.0000,1476695124.00,1618465.9333,1114555.9333,1584860.8571,1297304.2857,1242964237.0000,1286158665.0000,4561508,5115383,1854435.3333,1915194.3333
2025-06-05,3325507,4014002,1432407,1603303,1898052,1733254,-166328859.00,45065894.0000,4890664793.0000,2916777398.00,1559108.3333,1036979.7,1331234.4286,858903,3223152603.0000,2991854776.0000,4181471,4821991,737670,1125044.6667
2025-06-04,1281825,845511,562677,593460,393216,362107,-37454479.0000,21200633.0000,678059037.0000,1103246311.0000,1548514.6667,1042644.8,1379099.5714,905513.4286,832623650.0000,778370776.0000,4114280,4646268,959454.6667,1438038.6667
2025-06-03,1138251,703793,531729,500478,306314,322169,10596901.0000,2504779.0000,540551622.0000,1103653143.0000,1532623.7,1045825.7333,1400423.4286,925407.4286,743389624.0000,750853656.0000,4061375,4521364,967273.3333,1451755.6667
2025-06-02,955058,663706,420035,431949,281504,302178,-28221328.0000,-4462016.0000,645784218.0000,1001566030.0000,1535874.0667,1062186.5,1449122.1429,935955.2857,743572074.0000,717892256.0000,3961217,4378157,951372.6667,1464461.6667
2025-05-30,2220807,1510865,988721,1033878,732075,649856,-23102107.0000,28117.0000,697409974.0000,1464663260.0000,1498276.1333,1051912.0667,1378157.4286,833268.4286,975979498.0000,968761956.0000,4283145,4649006,762815.3333,1240900
2025-05-29,1179402,727249,510424,551190,334797,317877,-10969910.0000,30139267.0000,526394311.0000,1178808646.0000,1484905.8333,1050780.8667,1357279.1429,810837.4286,777261429.0000,730688312.0000,4220235,4573539,910993.6667,1386726.3333
2025-05-28,993176,616004,430534,462398,294120,257727,-31659832.0000,27671195.0000,469400294.0000,1302085775.0000,1483403.7333,1057644.3667,1547000.1429,906578.2857,775146286.0000,846719349.0000,4149785,4447520,986676,1484840.3333
2025-05-27,1550122,945193,725479,663371,418124,419527,125986528.0000,3089577.0000,985733502.0000,2121091290.0000,1491590.5,1076390.4,1542719,905529.1429,1381261749.0000,1453753667.0000,3924813,4273384,917458.6667,1400116
2025-05-23,1616881,1171784,706451,773873,569765,512235,23619377.0000,19781007.0000,468099073.0000,1109354181.0000,1488856.2,1090204.6667,1604223.5714,882598.1429,709237346.0000,722139719.0000,4261258,4667009,790883,1435840.3333
2025-05-22,1287518,843051,573249,559803,361983,385834,57361984.0000,4000709.0000,576120214.0000,1202453983.0000,1504594.7,1112508.3667,1711540.8571,927722.1429,720217996.0000,774717083.0000,4149449,4577635,699943.3333,1351085.6667
2025-05-21,1295949,737541,546016,614045,334473,322170,-41067332.0000,32208854.0000,557797162.0000,1459430809.0000,1500970.5333,1130537.4,1733495.4286,953626.5714,959656995.0000,886802727.0000,4080656,4494669,882826.3333,1692843.6667
2025-05-20,1724054,792057,763481,793173,360676,347996,18398477.0000,10937267.0000,826592788.0000,1904779370.0000,1483192.3,1143640.2,1933554.5714,1143107.1429,1249689930.0000,1254950930.0000,3968963,4375634,931423.6667,1624877
2025-05-19,1033254,570232,463320,451302,246229,261406,-17671285.0000,45842485.0000,683255207.0000,1420208489.0000,1520590.4333,1203378.0667,2025821.7143,1191366.4286,840102755.0000,1076284875.0000,3878908,4197531,1078435.3333,1962930
2025-05-16,2321223,1286190,1014544,1095308,634586,523859,51134508.0000,335636340.0000,1580627093.0000,1752059867.0000,1490889.2333,1204404.9667,1793482.1429,1083673.8571,1649111294.0000,1370560016.0000,4385202,4916487,1036011.6667,1868768.6667
2025-05-15,1520154,937849,694186,684491,417041,413522,-14872399.0000,-17521973.0000,2342421145.0000,1483307808.0000,1507056.8333,1229179,1676297.2857,1029790.7143,1750545111.0000,1814528142.0000,4313235,4763154,1029686,1845261
2025-05-14,2047413,1011267,927584,910000,453073,441750,27960097.0000,28998211.0000,1322254884.0000,3038596908.0000,1476131.2,1228552.2333,1520041.5714,992135.8571,2019163369.0000,1954141135.0000,4195254,4667631,1398737.3333,2204279.3333
2025-05-13,2038739,1158919,925866,873521,486614,517135,87396129.0000,-36158128.0000,950000214.0000,2448376782.0000,1439614.7,1222918.4667,1588627.7143,1056367.1429,1447909927.0000,1571231731.0000,4079782,4574697,1315113.3333,2084407.6667
2025-05-12,1449631,918872,669972,621266,393883,421328,31819363.00,-26115019.0000,702500799.0000,1959554983.00,1457121.3,1249562.1667,1568090,1043570.5714,1172840340.0000,1202465302.0000,3974873,4454066,1186270,1832812.6667
2025-05-09,3124468,2118421,1433786,1412613,963647,975207,69101877.00,-19139633.0000,847604393.0000,2038613794.00,1432327.4667,1235350.8,1309825.8571,868891.4286,1263118228.0000,1364388651.0000,4289422,4700143,667018.6667,1024610
2025-05-08,1679124,908047,816826,715720,387919,425770,98247995.00,6536536.0000,586196153.0000,1189262835.00,1427868.0667,1250567.1,1237717.2857,847369.5714,719976874.0000,859003051.0000,4215181,4523732,613564,782776.3333
2025-05-07,694846,532342,303508,317488,232114,244767,7963902.00,6407085.0000,327717908.0000,450463558.00,1458283,1271063.0333,1378820.1429,927394.4286,350392435.0000,351369552.0000,4181818,4467847,972296,1390775
2025-05-06,699860,560667,311920,314523,238772,257698,242470.00,20975671.0000,449623861.0000,496134847.00,1494920.0333,1301778.6667,1766841.7143,1231650.4286,437912252.0000,414593165.0000,4150467,4403912,1061839,1592777.3333
2025-05-05,953623,747683,425595,438849,326131,340176,-31120756.00,23475847.0000,529956423.0000,983477954.00,1525825.9,1336193.5,1774727.5714,1302204.7143,745757874.0000,639958421.0000,4081592,4278423,1111167,1713776
2025-05-02,2518842,1608538,1129307,1157199,786894,679738,11407361.00,5480762.0000,618325953.0000,1390077849.00,1479260.2667,1326633.5333,1635575.7143,1313372.8571,890393117.0000,892961512.0000,4552386,4635050,827452.3333,1265616.6667
2025-05-01,1305867,829296,588120,595609,378531,367172,12837390.00,-2893114.0000,626183581.0000,860014729.00,1472492.3333,1338180.2333,1586739.7143,1339968.2857,655517564.0000,660591918.0000,4458720,4555764,915192.3333,1391183
2025-04-30,1316619,895667,586792,591537,403578,401777,10651984.00,-5551479.0000,687671474.0000,1041215900.00,1461579.7667,1347288.5333,1493154.4286,1326190.2857,773242125.0000,790788724.0000,4402854,4498903,1513456.3333,2090980.3333
2025-04-29,1174364,757394,545883,511984,307030,361840,40941733.00,-16198644.0000,804555740.0000,1115796923.00,1456628.7333,1359431.8,1475755.1429,1382923.8571,828370063.0000,927340116.0000,4307049,4385331,1674846,2035800.3333
2025-04-28,1682566,1092516,730085,786794,474262,489328,-106118993.00,52470111.0000,943293428.0000,1672284674.00,1459892.9667,1379985,1391512.7143,1398654.7143,1249089783.0000,1097945862.0000,4159148,4220487,1872912.3333,1989871.3333
2025-04-25,3416011,2690459,1612236,1493750,1199871,1262579,90854590.00,-66226530.0000,1148396098.0000,2657417910.00,1391028.3,1340963.7667,1014695.8571,1113348.1429,1595080345.0000,1766539365.0000,4426809,4503786,1314580.6667,1172539.3333
2025-04-24,1008824,1241563,464509,447999,513869,590594,12314730.00,1492407.0000,1053794485.0000,588831541.00,1402848.4333,1343657.6333,1006022.8571,1053397.5714,560124438.0000,561498586.0000,4373664,4416796,1167133.3333,1056772
2025-04-23,1544779,1686715,695124,673567,782556,751382,38005935.00,-59861171.0000,890201446.0000,1300049592.00,1408394.6,1345716.7667,1041872.2857,1027806,943848288.0000,1039720549.0000,4134999,4234346,989738,892702
2025-04-22,964015,1015464,446746,406453,418381,474082,42715611.00,-34977599.0000,798111069.0000,1132769864.00,1438084.1333,1369760.6667,1123420.4286,1109341.4286,829619135.0000,880102331.0000,3859293,4034701,1052127.3333,935653.3333
2025-04-21,661522,799221,285760,295244,338832,366408,-25058404.00,11851635.0000,1002199949.0000,754698971.00,1477640.7333,1403907.6333,1280299.1429,1211190.1429,789421749.0000,750029921.0000,3742100,3908264,1016824.6667,974577
2025-04-17,1052569,1154529,454302,506426,522440,514405,-30153165.00,-5644021.0000,545044632.0000,487042820.0000,1490792.2333,1411065.3333,1299535.5714,1228887.7143,451169766.0000,425192100.0000,4263843,4639202,905951.3333,939758.3333
2025-04-16,1092869,1202632,445963,554916,574805,499558,-28514235.00,76743232.0000,1907399367.0000,669569828.00,1488903.2667,1402623.8,1313512.4286,1226389,1270538527.0000,995286710.0000,4171014,4562464,1007598.6667,1174043.6667
2025-04-15,778293,693313,333436,368690,293348,326861,-25860757.00,-11833296.0000,644997859.0000,642804884.00,1508279.6333,1423304.7667,1510213.1429,1464825.4286,613135750.0000,574566050.0000,4107458,4497218,1305231.6667,1426230
2025-04-14,948113,821909,413449,444433,347243,388655,-4069653.00,-8858543.0000,771297750.0000,753200988.00,1520270.6667,1429447.0333,1579080.8571,1535552.2857,713093139.0000,696639548.0000,4023673,4375545,1535316,1696750
2025-04-11,1795725,1507574,780286,856254,679686,708369,-6185981.00,-40829945.0000,974784217.0000,966823939.00,1527863.1333,1438675.3667,1609003.2857,1560337.4286,856542544.0000,900417340.0000,4406769,4698552,1458928.6667,1493916.3333
2025-04-10,1534852,1586212,675643,730770,748592,694460,-46419863.00,21131336.0000,1624058201.0000,1184665323.00,1526267.8,1442285.4,1549687.8571,1475516.2857,1150537052.0000,1075633587.0000,4327306,4613212,1325238.3333,1379201.3333
2025-04-09,1759673,1512162,893444,751844,684670,713097,54989689.00,-47843469.0000,1399556346.0000,1816337015.00,1518447.1333,1436773.9667,1433055.1429,1400908.2857,1371033105.0000,1567207988.0000,4137914,4471710,1608640.3333,1511043
2025-04-08,1187224,1278412,527554,563302,585624,581443,-34115870.00,15260697.0000,1644897077.0000,1185744054.00,1542355.966666666667,1449656.466666666667,1545570.142857142857,1463732.714285714286,1250046566.0000,1205072937.0000,4064537,4401566,1621502.000000000000,1592030.666666666667
2025-04-07,1190707,1185141,553368,555799,530824,566512,1441976.00,-71433332.0000,1747653712.0000,1308920900.00,1532156.533333333333,1437552.766666666667,1715562.428571428571,1536152.571428571429,1342788232.0000,1414826855.0000,3982831,4268445,1786811.666666666667,1863522.333333333333
2025-04-04,2155198,2362368,939782,1026271,1163290,1012300,-31697530.00,49204105.0000,1854326358.0000,1234095748.00,1517377.266666666667,1405662.966666666667,1628440.142857142857,1393605.142857142857,1406446630.0000,1345896352.0000,4463060,4612851,1330177.000000000000,1518337.666666666667
2025-04-03,1430187,1316997,626004,679181,596857,569578,-26606368.00,18474693.0000,1244580854.0000,1113735741.00,1500579.533333333333,1388376.266666666667,1653741.142857142857,1369351.285714285714,928494027.0000,887059066.0000,4474262,4512438,1221146.666666666667,1356023.333333333333
2025-04-02,2005182,1681070,955924,871178,735566,776325,103511000.00,-21006103.0000,1107642065.0000,1972191139.00,1476535.433333333333,1361946.400000000000,1624282.428571428571,1340932.142857142857,1327436425.0000,1528266395.0000,4277587,4369150,1233517.666666666667,1345905.666666666667
2025-04-01,1119644,992464,521968,478724,436437,436969,77311178.00,-15241889.0000,971967473.0000,1209591462.00,1464609.000000000000,1348825.500000000000,1733018.857142857143,1453455.571428571429,928879636.0000,1020726103.0000,4146657,4289072,1466723.000000000000,1766242.000000000000
2025-03-31,943244,989906,419373,420180,443252,439589,24898351.00,-773804.0000,1005297657.0000,964534542.00,1487356.166666666667,1357182.600000000000,1758537.285714285714,1500860.285714285714,842911722.0000,866151742.0000,3989172,4182389,1591599.666666666667,1966941.333333333333
2025-03-28,1974829,1718183,846893,964055,804394,756087,-19660827.00,8359280.0000,957230310.0000,958253664.00,1477870.800000000000,1336568.633333333333,1633965.857142857143,1423362.285714285714,853144695.0000,829791969.0000,4426119,4621453,1401278.666666666667,1844429.666666666667
2025-03-27,2380653,1692080,1105302,1059893,756228,767262,85011307.00,163863.0000,1060574681.0000,1838673949.00,1455738.466666666667,1315972.100000000000,1435192.857142857143,1348624.571428571429,1279593580.0000,1346109999.0000,4317554,4559983,1331297.333333333333,1650535.666666666667
2025-03-26,1545342,1364536,670107,716266,646550,566713,-49892324.00,19618833.0000,920176245.0000,1219298569.00,1463345.100000000000,1316277.366666666667,1360977.285714285714,1313932.571428571429,989078254.0000,923133977.0000,4299753,4406526,1469828.000000000000,1762354.666666666667
2025-03-25,1607294,1147220,729311,687418,494742,524977,61285407.00,-6157947.0000,774241187.0000,1706627499.00,1445763.433333333333,1303517.033333333333,1385720.000000000000,1394202.857142857143,1088945772.0000,1160896921.0000,4171878,4293886,1528001.000000000000,1600547.666666666667
2025-03-24,1798971,1482136,831250,760038,649209,650354,220592258.00,-43983042.0000,1069220700.0000,2172502714.00,1439588.566666666667,1294149.300000000000,1321591.428571428571,1399586.571428571429,1336069828.0000,1614477878.0000,3815984,4099991,1425854.666666666667,1368500.333333333333
2025-03-21,1880799,1780128,862338,834289,778402,809783,48734075.00,-34606540.0000,832029356.0000,1028419176.00,1428240.833333333333,1266053.000000000000,1247681.285714285714,1334193.857142857143,744171290.0000,823564997.0000,4475473,4929123,1222117.333333333333,1071314.666666666667
2025-03-20,1121873,1321739,462680,530590,574561,577046,42665231.00,-30369389.0000,3169852917.0000,697791234.00,1421023.700000000000,1241496.133333333333,1331865.714285714286,1395158.142857142857,1296524568.0000,1668032116.0000,4381137,4827853,1155435.000000000000,1039301.333333333333
2025-03-19,1102829,1175697,502567,476853,494844,552141,36858231.00,-23335197.0000,1192617116.0000,754272863.00,1413223.033333333333,1218807.433333333333,1439276.000000000000,1475313.000000000000,850620983.0000,883692240.0000,4249467,4763818,1333240.000000000000,1265189.333333333333
2025-03-18,989242,1168916,426993,440938,531964,501055,-30915292.00,41682149.0000,1452599659.0000,754218210.00,1415310.900000000000,1206876.800000000000,1561987.142857142857,1568843.571428571429,984605269.0000,911287095.0000,4174879,4646192,1450208.666666666667,1385465.666666666667
2025-03-17,1025833,1121692,440191,462568,476427,505062,1568900.00,25223876.0000,1583015395.0000,818218355.00,1445534.200000000000,1221867.400000000000,1622170.142857142857,1604210.428571428571,1050497267.0000,995755948.0000,4028147,4507204,1517104.333333333333,1497997.333333333333
2025-03-14,1780493,1709112,793534,791383,749161,759430,-1816968.00,-29029668.0000,1360706740.0000,797113069.00,1441803.266666666667,1206689.033333333333,1515842.571428571429,1495678.142857142857,722026630.0000,739828375.0000,4286343,5034898,1530230.000000000000,1474887.666666666667
2025-03-13,1350071,1519822,599169,599636,602410,591836,2084024.00,-11400558.0000,3911947282.0000,799670975.00,1419847.566666666667,1174472.800000000000,1517201.571428571429,1466238.142857142857,970288960.0000,996561178.0000,4233802,4880422,1602549.666666666667,1643097.666666666667
2025-03-12,1363428,1322379,626790,601026,551253,621246,54768779.00,-6589943.0000,1542559858.0000,1294274442.00,1390756.966666666667,1142574.033333333333,1509261.000000000000,1421066.428571428571,1145584487.0000,1208384375.0000,4124267,4814779,1769633.333333333333,1804695.000000000000
2025-03-11,1711164,1748489,823756,720859,767298,810329,68454166.00,-20325352.0000,2588817991.0000,1638612351.00,1351773.433333333333,1099128.566666666667,1553880.285714285714,1426200.000000000000,1684039608.0000,1899393075.0000,3702928,4686337,1643223.666666666667,1716678.333333333333
2025-03-10,1854701,1736781,829275,848292,780273,767553,-43432583.00,22528685.0000,3111088293.0000,1591586867.00,1333417.233333333333,1073725.300000000000,1501350.428571428571,1420161.714285714286,1915245900.0000,1914352430.0000,3572615,4269775,1380758.666666666667,1443844.666666666667
2025-03-07,1848220,1823630,863034,807778,823039,799224,-9847433.00,1944870.0000,1668274213.0000,1007337206.00,1309033.866666666667,1035932.300000000000,1455183.714285714286,1352045.857142857143,1029061332.0000,1005047323.0000,3660263,4619267,1210796.000000000000,1280966.000000000000
2025-03-06,1447114,1369260,651270,644091,559093,568164,-19001343.00,-10400918.0000,3747999167.0000,965114552.00,1290600.866666666667,1009066.466666666667,1520523.000000000000,1394278.285714285714,1194303790.0000,1414229854.0000,3686047,4364667,1089768.333333333333,1234542.666666666667
2025-03-05,1036200,949386,472672,464888,407826,448685,13977384.00,-9159486.0000,888102495.0000,793437426.00,1296852.633333333333,1001795.566666666667,1498883.571428571429,1376084.571428571429,737218485.0000,767788145.0000,3628580,4277824,1368114.333333333333,1563642.333333333333
2025-03-04,1359584,1313742,606749,614935,606450,582324,4608337.00,16570968.0000,1511304857.0000,1345024249.00,1338233.700000000000,1005469.866666666667,1549203.000000000000,1389217.714285714286,1266836648.0000,1260612157.0000,3505864,4140930,1495038.000000000000,1606111.666666666667
2025-03-03,1307844,1006177,588556,591849,472701,438728,-12419055.00,17925300.0000,1003260878.0000,1322211437.00,1334552.900000000000,997734.400000000000,1494690.285714285714,1359534.714285714286,1030080043.0000,1039488424.0000,3383002,3999241,1608585.333333333333,1678514.666666666667
2025-02-28,2023499,1784424,929762,895957,762229,861627,14807602.00,-30606044.0000,1152022465.0000,1260254086.00,1315748.800000000000,966942.400000000000,1389027.428571428571,1231499.000000000000,1046468868.0000,1089360190.0000,3545082,4504136,1568739.666666666667,1638844.666666666667
2025-02-27,1486992,1694513,653851,696598,784895,736803,2076450.00,-21665102.0000,2906138726.0000,1007091026.00,1314500.600000000000,935340.133333333333,1285435.857142857143,1074973.857142857143,1551802874.0000,1653605205.0000,3481154,4321605,1277912.000000000000,1438088.666666666667
2025-02-26,1525053,1346819,645922,722383,591856,616807,-19150721.0000,-35683297.0000,1329116911.0000,1279737247.0000,1292625.966666666667,910535.500000000000,1299808.142857142857,1059802.428571428571,1187395380.0000,1199974205.0000,3420443,4039008,1297530.333333333333,1500344.333333333333
2025-02-25,1904489,1664887,849611,867098,769253,738855,-69372516.00,44480844.0000,1887509216.0000,1701919960.00,1278641.466666666667,894899.133333333333,1269205.142857142857,979070.571428571429,1686310190.0000,1602509418.0000,3212901,3584582,1008700.000000000000,1174266.333333333333
2025-02-24,884724,822030,383646,414539,369912,358153,-23371151.0000,-3103713.0000,703957685.0000,786918643.0000,1282558.166666666667,892388.866666666667,1388056.428571428571,1015092.571428571429,696151012.0000,666035744.0000,3095204,3460340,1030748.000000000000,1307311.333333333333
2025-02-21,1711820,1405674,716967,847579,666147,610952,-51001173.0000,16958854.0000,721239746.0000,1041550759.0000,1259044.633333333333,872514.866666666667,1396873.714285714286,1010524.000000000000,800854057.0000,727156676.0000,3538286,4073910,761802.333333333333,990655.000000000000
2025-02-20,926255,798396,399176,440010,376867,340978,-12435163.0000,25251367.0000,1014349840.0000,608587247.0000,1272246.100000000000,871883.466666666667,1418815.000000000000,1005668.857142857143,712820607.0000,749075304.0000,3488421,4014254,909210.000000000000,1223789.666666666667
2025-02-19,1283859,888174,594713,560712,450317,353109,32163968.0000,11354646.0000,572997711.0000,1218806148.0000,1303168.333333333333,893384.566666666667,1465938.714285714286,1050373.142857142857,790137420.0000,820092091.0000,3311426,3933152,979740.000000000000,1359259.333333333333
2025-02-18,761851,598837,336069,355095,254927,282485,18548059.0000,9658109.0000,486407801.0000,678310801.0000,1334026.500000000000,920990.066666666667,1577155.285714285714,1098716.285714285714,523960840.0000,540880600.0000,3226270,3824326,1138189.000000000000,1677536.666666666667
2025-02-14,1625659,1240619,733518,742494,550071,564487,21824258.0000,14630022.0000,548404099.0000,1023830781.0000,1312591.866666666667,902048.400000000000,1474255.285714285714,1005061.142857142857,690213929.0000,719014027.0000,3427192,4180709,1182547.333333333333,1726830.666666666667
2025-02-13,1690268,1099764,802141,716350,462959,498012,101323223.0000,-10283926.0000,882437361.0000,1669756120.0000,1281232.733333333333,885777.500000000000,1356904.000000000000,918671.428571428571,1133945227.0000,1136596272.0000,3366150,4073766,1070762.666666666667,1523356.000000000000
2025-02-12,1716683,1074184,797944,766592,461619,496862,68668498.0000,-9566948.0000,862646376.0000,1697315800.0000,1287610.333333333333,895379.533333333333,1261931.857142857143,881073.285714285714,1148771117.0000,1200906228.0000,3252942,3972293,1113069.333333333333,1489036.666666666667
2025-02-11,1773541,1373694,718975,845362,622871,574056,-100532819.0000,38975753.0000,1620850826.0000,1981375961.0000,1273776.466666666667,878694.733333333333,1284644.857142857143,909318.428571428571,1699259634.0000,1506403761.0000,3086297,3635036,967584.333333333333,1411312.000000000000
2025-02-10,1079844,764410,494544,474810,333302,342086,-23261219.0000,33464361.0000,749937861.0000,1237685882.0000,1272821.633333333333,873958.366666666667,1368747.857142857143,979225.714285714286,932074044.0000,889879820.0000,2995901,3431487,907792.000000000000,1353150.333333333333
2025-02-07,1613725,1201104,685895,782370,573271,514496,-4396687.0000,24214993.0000,696034844.0000,1048880084.0000,1258290.566666666667,858110.066666666667,1236987.142857142857,886687.285714285714,807030530.0000,771980522.0000,3171402,3781666,672436.000000000000,1104845.000000000000
2025-02-06,1540367,937239,667808,700718,412599,404826,-10395714.0000,41211388.0000,1163931674.0000,1212813691.0000,1280304.633333333333,885397.966666666667,1087036.142857142857,804998.285714285714,1027293973.0000,955337815.0000,3108533,3646296,630355.333333333333,942015.333333333333
2025-02-05,905359,585033,360756,438943,262828,250490,-28218594.0000,23575799.0000,476416355.0000,818782561.0000,1315169.133333333333,914857.466666666667,1035078.857142857143,785011.428571428571,599802231.0000,553026134.0000,3041259,3535961,959147.666666666667,1284406.333333333333
2025-02-04,868809,495036,378337,384500,208579,228690,3901562.0000,2772376.0000,456198991.0000,977665251.0000,1359361.100000000000,946063.300000000000,1097251.142857142857,853532.428571428571,658063870.0000,651723661.0000,2998056,3440887,1212056.000000000000,1550991.666666666667
2025-02-03,1051878,810997,446628,509684,386274,350876,-137881854.0000,28949011.0000,914093935.0000,1511030355.0000,1398210.766666666667,960915.333333333333,1106514.142857142857,836224.285714285714,1221141265.0000,1046751033.0000,2878456,3250798,1126168.666666666667,1430832.333333333333
2025-01-31,1932532,1571410,895960,854290,735559,699819,95474639.0000,-10711983.0000,815879621.0000,1903229985.0000,1395347.833333333333,948770.233333333333,958170.142857142857,692206.428571428571,1157647476.0000,1281510438.0000,3121548,3541952,724170.666666666667,950225.000000000000
2025-01-30,1668565,1253761,746545,761397,547355,577186,125754655.0000,12216992.0000,1235118434.0000,1648803844.0000,1420096.233333333333,961618.933333333333,894625.571428571429,617563.285714285714,1183326261.0000,1278516786.0000,2996216,3381353,454625.333333333333,574589.333333333333
2025-01-29,691400,553335,304854,314211,241841,244112,-15534805.0000,10574617.0000,798187565.0000,1029012385.0000,1448023.366666666667,978274.200000000000,1167427.857142857143,741939.857142857143,857593333.0000,825862966.0000,2851054,3198684,595074.666666666667,778794.333333333333
2025-01-28,490710,365416,227896,211633,166715,160043,32906157.0000,9598522.0000,494806601.0000,868308057.0000,1490214.266666666667,1001418.533333333333,1268386.428571428571,800325.142857142857,595811047.0000,622261553.0000,2767022,3129777,703216.000000000000,987464.000000000000
2025-01-27,541658,445125,241708,246769,199823,198112,-22399978.0000,13956713.0000,594978865.0000,958395343.0000,1529082.100000000000,1018595.066666666667,1399489.000000000000,859687.857142857143,738526617.0000,698978536.0000,2703362,3064989,742602.666666666667,1104952.666666666667
2025-01-24,1304015,974683,559158,635113,464008,425824,-22510026.0000,628676.0000,472001223.0000,953292585.0000,1536684.533333333333,1012631.266666666667,1420279.142857142857,827082.428571428571,663531571.0000,637639972.0000,3039107,3534564,661461.333333333333,1078198.666666666667
2025-01-23,1116719,689840,480063,498589,303275,315464,-16913722.0000,-102100.0000,572742667.0000,863880190.0000,1570317.233333333333,1025905.333333333333,1384864.142857142857,814631.000000000000,667197022.0000,639745012.0000,2974342,3429378,906171.666666666667,1572964.333333333333
2025-01-22,894124,563285,379936,423092,246143,254873,-29775323.0000,26860544.0000,575734012.0000,1054790026.0000,1605115.466666666667,1041545.866666666667,1469268.428571428571,904989.714285714286,774071143.0000,707528376.0000,2911621,3369491,976447.666666666667,1674063.000000000000
2025-01-21,1223753,731259,555530,551564,319858,333083,9693549.0000,23634536.0000,699802761.0000,1501687302.0000,1593947.200000000000,1033399.566666666667,1437621.571428571429,907198.714285714286,1018815491.0000,1002031578.0000,2770519,3239306,1019582.666666666667,1752604.000000000000
2025-01-17,2601016,1423971,1217377,1145011,652936,634757,181117385.0000,-30344067.0000,747309569.0000,2771139814.0000,1531870.866666666667,1003451.333333333333,1209821.285714285714,819410.571428571429,1519411059.0000,1730442424.0000,4240173,4339195,793740.666666666667,1368780.666666666667
2025-01-16,1197420,774113,514914,560509,365628,324686,-62220503.0000,13854600.0000,762079938.0000,1295651310.0000,1527997.000000000000,999966.300000000000,1227661.142857142857,820173.571428571429,1012763073.0000,877499670.0000,4180686,4222868,736596.333333333333,1259245.333333333333
2025-01-15,1459376,860664,683578,617805,386315,378361,109885450.0000,-27917765.0000,659466564.0000,1868665015.0000,1512842.333333333333,992060.566666666667,1335111.142857142857,916251.142857142857,1085840730.0000,1187997688.0000,4031409,4122053,848307.000000000000,1267771.333333333333
2025-01-14,1449546,746445,633004,700432,354023,315946,-2764085.0000,22391699.0000,754448069.0000,2204276247.0000,1500279.600000000000,998148.233333333333,1369118.285714285714,1013473.571428571429,1634152635.0000,1131992351.0000,3954770,3967310,848399.333333333333,1118664.333333333333
2025-01-13,868814,602680,406437,380054,261317,276438,16068800.0000,17232528.0000,591698788.0000,1059369035.0000,1505086.933333333333,999973.433333333333,1385376.285714285714,1023429.142857142857,748909185.0000,768082092.0000,3852295,3879031,917324.000000000000,1164531.000000000000
2025-01-10,1484954,1195796,660552,716496,567008,528378,-23788651.0000,-14305291.0000,697450623.0000,1011281228.0000,1497642.433333333333,983070.833333333333,1280310.571428571429,939977.857142857143,795457987.0000,799531275.0000,4078959,4174309,778543.333333333333,1110312.666666666667
2025-01-08,1002225,746722,446118,470542,338207,343504,21367230.0000,21994073.0000,693070007.0000,983599295.0000,1534405.633333333333,1001270.300000000000,1409708.571428571429,1027909.714285714286,790121023.0000,753627967.0000,4030566,4130542,1040705.000000000000,1513413.000000000000
2025-01-07,1006414,809454,442057,478594,392157,350821,-44864758.0000,67871241.0000,818648587.0000,1236450819.0000,1532751.066666666667,995577.066666666667,1460010.142857142857,1037009.142857142857,1008338798.0000,904671537.0000,3953881,4056361,1246554.333333333333,1740473.666666666667
2025-01-06,1322299,779454,558785,656842,359712,339285,-88113418.0000,30344263.0000,695778639.0000,1761144390.0000,1520130.733333333333,987558.600000000000,1421281.571428571429,1014561.285714285714,1235435086.0000,1045475392.0000,3824383,3876949,1210859.333333333333,1627247.333333333333
2025-01-03,2211526,1533207,1043357,975383,697489,705170,104709167.0000,-13350498.0000,756735722.0000,1954161966.0000,1480075.166666666667,956775.166666666667,1273605.428571428571,899196.714285714286,1185729761.0000,1311408639.0000,4097531,4211324,903669.333333333333,1139903.333333333333
2025-01-02,1687596,1427002,725302,764820,629276,642497,-40988474.0000,-48907735.0000,2489277400.0000,1994773647.0000,1483418.433333333333,935341.066666666667,1346918.714285714286,946178.714285714286,1859126428.0000,1909264883.0000,4032867,3963779,882083.666666666667,1213375.000000000000
2024-12-31,982620,672369,418123,476387,313792,298782,-10158450.0000,1957440.0000,732211313.0000,1430030371.0000,1521849.966666666667,969874.600000000000,1485300.714285714286,1059957.142857142857,1012893562.0000,1010045722.0000,3950879,3897095,949010.666666666667,1338676.666666666667
2024-12-30,749494,611637,323241,357530,265768,288001,-25467647.0000,5727456.0000,735510433.0000,1251763587.0000,1553977.966666666667,993969.100000000000,1691739.857142857143,1177039.142857142857,929467886.0000,900730233.0000,3854279,3795005,952571.333333333333,1439245.000000000000
2024-12-27,1908011,1362245,844976,909776,634659,614708,-73968293.0000,15968607.0000,852755802.0000,1730429285.0000,1542647.366666666667,980185.666666666667,1735933.714285714286,1161941.000000000000,1243159622.0000,1155666983.0000,4256192,4262100,740374.666666666667,1195839.000000000000
2024-12-26,1358525,873150,582123,627501,416877,375132,-89306184.0000,18201514.0000,696818455.0000,2012352135.0000,1554669.200000000000,986052.833333333333,1805665.000000000000,1209642.000000000000,1176265537.0000,1068711280.0000,4102663,4158882,1034616.666666666667,1476593.666666666667
2024-12-24,1051199,622319,519832,449814,282277,280266,75672825.0000,-28635173.0000,403949817.0000,1611132913.0000,1607172.566666666667,1011414.133333333333,1999924.714285714286,1354913.857142857143,889889129.0000,987808626.0000,3981555,4104505,1316783.000000000000,1776625.333333333333
2024-12-23,1177793,725655,472485,617568,304533,340001,12371562.0000,-3935699.0000,691586518.0000,2122098716.0000,1730859.900000000000,1079662.566666666667,2050127.714285714286,1401676.428571428571,1631163456.0000,1021946609.0000,3870966,3934971,1551968.333333333333,2115550.333333333333
2024-12-20,2200789,1755876,988534,1047339,802694,826846,1431379.0000,-9808359.0000,1056911038.0000,2606935310.0000,1721132.766666666667,1056931.100000000000,1986648.857142857143,1302229.285714285714,1711345873.0000,1724553481.0000,4731132,4590255,1385529.000000000000,2121076.666666666667
2024-12-19,1951294,1468818,873507,924100,661955,701053,26367672.0000,5199890.0000,1442002111.0000,2769558173.0000,1731681.300000000000,1046472.233333333333,1951848.714285714286,1229601.142857142857,1988020786.0000,1950512893.0000,4659738,4463110,1298275.333333333333,2086193.333333333333
2024-12-18,2194568,1431211,981335,1057880,674400,644929,-73190327.0000,36472649.0000,1544133288.0000,4380940020.0000,1688749.300000000000,1016576.166666666667,1857208.714285714286,1138823.714285714286,2832527792.0000,2715502813.0000,4581012,4308087,1367612.333333333333,2158343.000000000000
2024-12-17,2217368,1256558,990097,1085878,565523,573588,127229778.0000,-37381386.0000,1418691329.0000,6309275156.0000,1640999.666666666667,993216.300000000000,1844113.285714285714,1114752.857142857143,3830117632.0000,3444073766.0000,4347120,4105040,1299757.333333333333,1928958.333333333333
2024-12-16,1846644,1207057,856662,838733,543828,544975,111218985.0000,3551738.0000,1341399218.0000,4818790329.0000,1616674.133333333333,984113.566666666667,1857174.285714285714,1089816.285714285714,2807993500.0000,2896009326.0000,4008023,4003411,1250653.666666666667,1898889.333333333333
2024-12-13,2411017,1639222,1128291,1077150,736909,765501,147610967.0000,-9229083.0000,755965589.0000,3115259494.0000,1573112.500000000000,953355.033333333333,1639701.142857142857,925194.571428571429,1677695447.0000,1835049918.0000,4268729,4375292,1024386.666666666667,1664448.000000000000
2024-12-12,1529214,1052993,676446,709926,496086,454051,-30172070.0000,6818312.0000,664789826.0000,2325506146.0000,1549322.866666666667,934697.200000000000,1526774.285714285714,849841.857142857143,1409190295.0000,1378325822.0000,4110717,4248833,938645.333333333333,1665406.000000000000
2024-12-11,1756437,1059746,841384,764030,469237,484412,169072971.0000,-5984838.0000,829836156.0000,3469317262.0000,1525509.700000000000,920813.766666666667,1430312.428571428571,794101.285714285714,1931081561.0000,2064881609.0000,3905244,4190516,948084.000000000000,1788493.666666666667
2024-12-10,1707693,960421,758816,783815,418334,436348,127374856.0000,31314216.0000,838786241.0000,3096082844.0000,1509527.466666666667,916838.800000000000,1329890.000000000000,745968.571428571429,1770433216.0000,1841435305.0000,3767702,4061761,972110.666666666667,1865286.333333333333
2024-12-09,1532088,795769,690503,711873,354404,363872,-70135784.0000,8865653.0000,705556436.0000,2741639174.0000,1549638.133333333333,955610.833333333333,1264258.000000000000,765012.285714285714,1614483111.0000,1540532584.0000,3613558,3843792,869144.333333333333,1650825.333333333333
2024-12-06,2125700,1088062,950756,984275,497354,494803,125240908.0000,-6075767.0000,543615503.0000,2385993775.0000,1588232.633333333333,983657.000000000000,1105305.714285714286,703494.285714285714,1338837498.0000,1362277486.0000,3882857,4065731,681631.666666666667,1188500.666666666667
2024-12-05,1938071,1032501,888906,881618,472692,457415,168242263,-13138272,560692446,2240960262,1547150.966666666667,970266.866666666667,1008669.714285714286,654382.428571428571,1182502096,1385057528,3705729,3932963,560652.000000000000,902878.333333333333
2024-12-04,888705,486870,439329,361196,201451,227370,45898490,-24070026,312516273,887578484,1531605.400000000000,963287.733333333333,1182443.428571428571,769501.857142857143,507343215,576969581,3647047,3789989,606192.666666666667,941555.333333333333
2024-12-03,738726,525524,305036,363595,237940,222685,-12912428,18663184,345720266,847463992,1521576.566666666667,956051.933333333333,1213593.571428571429,785663.714285714286,563776411,524610273,3571633,3767648,740709.666666666667,1052868.000000000000
2024-12-02,1081204,669562,508279,480067,309013,286005,13153961,-7377343,468717441,1448009611,1515617.866666666667,952084.700000000000,1193948.571428571429,766997.714285714286,885905074,894556036,3431489,3633609,736667.666666666667,1030144.666666666667
2024-11-29,1004736,623492,472017,451325,276070,288226,45785732,-19458921,256783325,655085426,1505596.333333333333,947351.766666666667,1194680.428571428571,765028.000000000000,381477404,450547477,3743424,4005023,758409.666666666667,1115772.333333333333
2024-11-27,1072664,929075,468733,508392,446619,406636,-32514599,-26546686,558689926,779622044,1490436.800000000000,927178.733333333333,1296856.142857142857,744300.000000000000,606050302,607591986,3612193,3977344,879620.000000000000,1459924.666666666667
2024-11-26,1013034,657436,439656,480105,296734,296127,-29673174,18233845,487665824,993023811,1480973.166666666667,917819.966666666667,1457217.857142857143,894434.142857142857,707054534,660133681,3534023,3936887,873360.333333333333,1441172.333333333333
2024-11-25,1261619,688718,578405,570715,307572,312031,-78576885,19882439,507341350,1643164890,1468934.633333333333,913517.933333333333,1521748.571428571429,986684.714285714286,1051646167,938522410,3417775,3762587,823421.000000000000,1335195.666666666667
2024-11-22,2105121,1292706,1009026,912105,590019,587529,58555873,-10613387,612977178,2012003590,1473688.966666666667,919919.100000000000,1445030.285714285714,937547.000000000000,1151781442,1211940255,3663268,4124512,595753.666666666667,970108.333333333333
2024-11-21,956777,638657,417948,435109,277888,286930,35149328,17231806,365851714,920211451,1473111.100000000000,919933.333333333333,1553945.000000000000,996191.000000000000,550490792,578561961,3607363,4040752,644194.333333333333,1247147.333333333333
2024-11-20,943689,538900,394934,461517,249220,227801,-10368739,24379604,376482256,1060344177,1464343.533333333333,915712.933333333333,1794318.000000000000,1116799.285714285714,672937681,607990952,3568232,3968105,1034019.333333333333,1644439.666666666667
2024-11-19,1009859,609704,465564,448416,261077,283509,49916933,-16221371,451372524,1400155749,1447140.133333333333,904646.000000000000,2348397.142857142857,1425857.000000000000,817336710,873233432,3483143,3899001,1275608.666666666667,1878931.333333333333
2024-11-18,1787894,783979,792906,849521,333489,367511,42623821,-18340540,614420424,2482037624,1411156.000000000000,891263.766666666667,2365694.428571428571,1467278.857142857143,1393747451,1458845735,3369073,3664588,1330529.666666666667,1805664.333333333333
2024-11-15,2135566,1708375,1030971,912192,771870,793037,24624142,235163128,1094482153,1548777601,1392278.733333333333,871466.933333333333,2384577.857142857143,1388232.714285714286,1320884101,1133422864,4023294,4472738,1110793.000000000000,1666869.000000000000
2024-11-14,1713334,1334472,720121,818480,622463,576121,-53147784,72510005,1058279793,1513299143,1381647.233333333333,852784.300000000000,2269331.285714285714,1273926.571428571429,1187994902,1071740948,3965517,4343390,1127021.666666666667,1971191.000000000000
2024-11-13,1568093,948742,698903,722845,418687,425512,-2678067,62508974,895831089,1932528468,1371621.733333333333,843453.300000000000,2157443.571428571429,1217786.571428571429,1300780066,1286177552,3878518,4233918,1735143.666666666667,3077964.333333333333
2024-11-12,1719180,1049165,730214,820080,470388,463568,-102853918,25137774,1032191605,2537607910,1346869.000000000000,827444.333333333333,2071400.428571428571,1201330.857142857143,1725307109,1561407740,3774998,4035610,1743399.333333333333,3141229.333333333333
2024-11-11,2626300,1383158,1212568,1213633,605081,623746,15652277,61467987,1496059202,5388715569,1285269.933333333333,795921.066666666667,1853953.000000000000,1106089.142857142857,3208839049,3142903315,3521864,3811237,1667364.000000000000,3021712.666666666667
2024-11-08,4888413,2773108,2271503,2209901,1269484,1271379,139138839,-4742894,1242007908,5488647996,1171423.966666666667,734215.633333333333,1272111.857142857143,780396.285714285714,3045808196,3165646671,3729221,4043716,921104.333333333333,1694444.333333333333
2024-11-07,1908975,1073932,873420,867213,470454,494248,39715471,-30271766,575642864,2235723493,1143593.933333333333,718609.266666666667,1148264.285714285714,718869.285714285714,1261748628,1319662413,3578779,3901903,748381.000000000000,1319745.666666666667
2024-11-06,2267750,1155052,1060523,1020550,518931,520425,174395124,-12402533,583923871,2744704426,1091964.400000000000,697054.233333333333,999760.857142857143,674029.285714285714,1415138991,1633477682,3396586,3808731,674688.666666666667,936121.666666666667
2024-11-05,906608,534329,425812,368130,219684,235758,43283626,-16124003,371832683,677767344,1101459.566666666667,699007.833333333333,1261018.000000000000,877543.714285714286,386787008,447631005,3292127,3674235,735401.000000000000,1001975.000000000000
2024-11-04,784879,555762,363284,340315,244275,242538,18147248,-325322,365411607,607422694,1110597.233333333333,700615.633333333333,1617968.857142857143,1073784.428571428571,426051227,421918797,3188860,3516415,714566.333333333333,1012190.333333333333
2024-11-01,1116878,933975,506086,513497,448686,397401,24554441,6379287,297346738,469693279,1118293.700000000000,702903.500000000000,1559217.857142857143,1030473.285714285714,316147104,334269766,3429269,3926587,617655.666666666667,987245.000000000000
2024-10-31,1104168,716466,405280,577958,351502,290294,-36169585,26452322,427016474,511985236,1133812.766666666667,716449.133333333333,1461813.571428571429,967763.285714285714,463888242,366345119,3430938,3812786,659224.333333333333,1028597.666666666667
2024-10-30,815525,493258,370249,369019,232919,216337,23005907,15039164,230667602,482756000,1137964.900000000000,718984.066666666667,1407861.571428571429,941362.142857142857,319198717,326563960,3393381,3769077,1147781.666666666667,1668558.666666666667
2024-10-29,1042042,643243,460586,483897,279423,292800,-11781795,15161449,336761085,624398893,1129729.900000000000,711729.800000000000,1387918.857142857143,928119.571428571429,437237235,411837771,3319907,3675279,1576516.333333333333,2415723.000000000000
2024-10-28,1228226,841172,515207,602634,388331,358509,-54802958,23803749,491899368,1065555676,1106633.066666666667,696838.200000000000,1313042.285714285714,876738.428571428571,760814998,656735374,3182975,3558133,1506391.333333333333,2241521.333333333333
2024-10-25,2735408,1958930,1264526,1220491,896696,898481,75676663,7777773,656386459,1898758991,1054817.233333333333,655939.733333333333,1010538.000000000000,643160.428571428571,1103813686,1155144026,3450391,3930813,945913.333333333333,1470498.000000000000
2024-10-24,3283535,1929447,1548763,1339198,833983,885498,288936165,-34597255,837589594,3003105123,980869.266666666667,615027.933333333333,645622.285714285714,421335.571428571429,1429187609,1808534240,3174703,3611198,405581.000000000000,521940.000000000000
2024-10-23,705621,630797,315983,311692,290855,268311,-3455548,-2034828,395672421,417693468,984805.000000000000,616044.900000000000,673456.857142857143,411172.714285714286,350660934,358880597,3017297,3443429,378830.333333333333,587547.333333333333
2024-10-22,422338,277496,189011,182214,121384,116738,-8040881,-2139712,181492570,322595542,1002369.666666666667,626446.633333333333,934230.142857142857,583636.285714285714,225509691,219608522,2945339,3372151,446833.000000000000,681464.666666666667
2024-10-21,437861,308450,188940,196670,132840,139949,-559242,237472,182419411,282039338,1013748.733333333333,630402.433333333333,1005884.428571428571,630869.714285714286,201228240,200431526,2863382,3273587,451977.666666666667,741470.333333333333
2024-10-18,902443,550545,405970,420119,237917,247310,-16180279,-1819961,199982291,332755689,1046370.933333333333,651343.266666666667,974201.428571428571,611118.714285714286,203897389,176931763,3263249,3946726,394020.333333333333,683697.666666666667
2024-10-17,704090,481504,307372,325922,229734,204000,9861383,455604,346748492,276127791,1079213.666666666667,670869.400000000000,944153.857142857143,582003.285714285714,265111175,279772694,3219271,3883936,420071.333333333333,749155.333333333333
2024-10-16,617878,323884,274356,285717,140174,147732,6442752,2275907,165717003,267502530,1087857.100000000000,687409.600000000000,957081.285714285714,590378.714285714286,190869513,195028258,3207280,3856937,807023.666666666667,1292446.333333333333
2024-10-15,729125,376673,333366,321558,172776,164291,14388508,9914077,209572161,346239478,1088257.033333333333,691138.366666666667,1077098.857142857143,695778.285714285714,241623004,243977745,3196639,3793427,894494.000000000000,1362551.666666666667
2024-10-14,900463,559657,404865,412981,248558,252777,-4716015,-2800152,426585744,504127329,1088384.500000000000,698416.166666666667,1147659.714285714286,726397.714285714286,400230651,425321668,3130951,3663996,845371.000000000000,1289284.666666666667
2024-10-11,2247751,1484741,1006290,1067766,662270,676719,-51455202,4275496,942218885,1015305006,1044669.366666666667,670101.433333333333,1007599.285714285714,609836.428571428571,919930665,849971514,3326499,3935921,443022.666666666667,704620.000000000000
2024-10-10,939441,639084,419255,408700,275945,266211,16833641,43877267,463620982,674052062,1038623.366666666667,668393.466666666667,1012907.428571428571,599809.571428571429,487738330,471215154,3188049,3826271,357498.666666666667,627596.333333333333
2024-10-09,680662,412288,308028,295029,180059,179186,11487902,4891897,258402587,488107783,1035718.866666666667,671199.200000000000,1026859.714285714286,603405.571428571429,324331709,337552216,3129693,3715892,591559.333333333333,923791.666666666667
2024-10-08,493757,277696,219726,209130,124728,116030,7599451,-96817,183244819,455607318,1039758.233333333333,676204.000000000000,1166756.428571428571,695441.142857142857,267214588,275772513,3082474,3679758,756991.666666666667,1224002.333333333333
2024-10-07,708370,382512,306563,321316,164007,172879,-1498813,10145484,270853940,668544083,1053849.633333333333,691553.833333333333,1218999.857142857143,727331.000000000000,424765281,415430354,3004140,3589184,852425.000000000000,1410321.666666666667
2024-10-04,1569248,1114470,701603,720979,507193,509317,30335405,4814841,345298289,758141607,1037589.233333333333,677023.533333333333,1097516.428571428571,640749.714285714286,481735863,494566232,3156511,3860761,670567.000000000000,1212771.666666666667
2024-10-03,1394389,773993,582883,666347,345671,332443,-31074063,2536663,566252001,747530903,1013496.000000000000,666478.800000000000,1068527.000000000000,614884.571428571429,570202064,542473438,3117109,3834872,558389.333333333333,1007418.000000000000
2024-10-02,1267328,668812,525122,602660,283144,317661,8938801,-14906845,409813696,893363686,999576.866666666667,659522.000000000000,1038767.142857142857,605625.142857142857,566219445,590671719,3065827,3731261,642767.000000000000,1075986.666666666667
2024-10-01,976598,568896,447084,428249,264149,236632,-41673847,23448610,365129888,955353754,995951.366666666667,656903.466666666667,1091792.000000000000,667584.428571428571,630525013,559967397,3001214,3619197,655048.666666666667,1108478.666666666667
2024-09-30,778328,437460,345226,355781,194122,193400,18791640,7021105,315315323,856183196,1019915.166666666667,674393.000000000000,1204850.857142857143,765495.142857142857,527778843,539847754,2928331,3512816,678695.666666666667,1088657.333333333333
2024-09-27,1473034,921945,663036,672425,423555,425453,13438648,-4768183,311598016,1091910991,1015123.966666666667,671357.833333333333,1128715.857142857143,715118.142857142857,641227472,555275473,3103987,3751205,569026.333333333333,994800.333333333333
