date,call_volume,put_volume,call_volume_ask_side,call_volume_bid_side,put_volume_ask_side,put_volume_bid_side,net_call_premium,net_put_premium,put_premium,call_premium,avg_30_day_call_volume,avg_30_day_put_volume,avg_7_day_call_volume,avg_7_day_put_volume,bearish_premium,bullish_premium,put_open_interest,call_open_interest,avg_3_day_put_volume,avg_3_day_call_volume
2026-09-25,55290,45251,23074,27571,14242,27269,-959009.00,-1591289.00,8284446.00,10537964.00,75394.3667,36235.0333,67017.8571,35128.4286,7035797.00,8591602.00,612791,696083,26145,73374.6667
2026-09-24,55594,22684,22042,29195,10011,9019,-1012451.00,-388689.00,11943107.00,10306835.00,76296.3667,36835.2667,66108,36045.8571,8670386.00,8046624.00,618605,687203,26946.6667,74398.6667
2026-09-23,72261,24194,28470,36234,12701,9717,-1705356.00,-52959.00,5465496.00,14230267.00,76887.9333,37628.0333,65000.2857,36213,9956815.00,8304418.00,610170,665755,32408,74058
2026-09-22,92269,31557,34848,49923,14153,12775,-4026751.00,1006641.00,5915686.00,18825429.00,76850.2,37961.3667,68540.1429,37210,13740012.00,8706620.00,595882,627328,43485.3333,64351.6667
2026-09-21,58666,25089,28314,23591,12013,10290,-2245.00,679081.00,6748014.00,14222520.00,79907.6667,39785.9,91413.4286,44453.2857,9747888.00,9066562.00,584299,604924,47458.3333,63445
2026-09-18,71239,40578,31464,32866,18715,17875,-3513087.00,-4037.00,9354369.00,14168681.00,82383.5,40287.2333,92730.4286,44905.5714,12456171.00,8947121.00,698600,756756,43634.3333,56107
2026-09-17,63150,64789,26837,30317,21190,40653,-1673227.00,-15234663.00,44690169.00,14016757.00,86575.6667,41936.4,96881.8571,44812.8571,16104511.00,41002637.00,691872,735953,30492.6667,56559.3333
2026-09-16,55946,37008,20746,28981,15459,19050,-2637694.00,-2534499.00,19182369.00,12689364.00,87984.2333,42919.4333,97810.7143,45995.4286,13119848.00,16459853.00,684897,721151,31002,76926.6667
2026-09-15,49225,29106,17459,27115,16689,9808,-2472370.00,4781405.00,14261630.00,10053971.00,88080.5,42604.4,100881.7143,51516.5714,16098497.00,6416672.00,682374,712317,46564,133444.6667
2026-09-14,64507,25364,28284,30032,10938,9648,-86946.00,-1387862.00,6951434.00,14394704.00,87405.6667,42772.6333,101368.8571,52902.8571,8316653.00,9617569.00,675231,698769,52690.6667,138761.6667
2026-09-11,117048,38536,44174,53843,15868,17576,-3007855.00,314467.00,5556903.00,22586225.00,85650.1333,42281.6,90807.8571,50666.2857,14473327.00,11151005.00,690104,750676,61225.3333,130482.3333
2026-09-10,218779,75792,99183,99101,28671,38200,663337.00,-13243599.00,28190390.00,29437362.00,79548.9667,40484.3667,66721.2857,45037.2857,18390567.00,33891941.00,676824,701137,51056.6667,78372
2026-09-09,80458,43744,30222,37793,19522,17452,-3535940.00,318898.00,8816027.00,17134743.00,78581.7,40133.3667,65840.1429,42891.2857,12401750.00,8546912.00,661627,677938,59060,75126.6667
2026-09-08,92210,64140,34998,45486,23576,32979,-4664963.00,-552883.00,10863265.00,16905584.00,78235.1333,39914.8333,63238.7143,37859,14202737.00,9208477.00,627661,634922,49369.3333,67029
2026-09-04,62448,45286,29838,27430,18766,23759,20348.00,-311622.00,5991697.00,8862562.00,78377.9667,40757.3333,67418.5714,36599.1429,6776156.00,7108126.00,678310,675613,41900.6667,60586.6667
2026-09-03,70722,67754,28426,35933,28126,33737,-1078020.00,-2307362.00,13814272.00,15772471.00,78240.9333,39945.8667,69369.8571,30091.2857,13136269.00,14377961.00,646473,662261,31445.6667,53737
2026-09-02,67917,35068,29151,32617,17805,14175,43344.00,1158549.00,5793643.00,10526361.00,77637.4667,39672.9667,66371.7143,28815.1429,7850820.00,6735615.00,633413,654717,29330.3333,55861.3333
2026-09-01,43121,22880,23424,15716,12758,8371,342301.00,-398492.00,5266546.00,8541164.00,77860.1667,39736.3667,72029,29626.7143,6011835.00,6752628.00,628904,639784,31341.6667,66154.3333
2026-08-31,50173,36389,18850,25449,16291,15371,-2028495.00,-45580.00,6044921.00,9720753.00,78037.4333,39443.7333,75910.8571,28002.7143,8180751.00,6197836.00,612627,623876,31367.6667,79999
2026-08-28,74290,28722,35049,29966,15347,10274,-207599.00,846382.00,4293746.00,16521837.00,77464.5667,39597.9,80355,30025.4286,11057755.00,8160871.00,647999,656413,29193.3333,83362.6667
2026-08-27,74000,28914,31718,35641,12554,13620,994111.00,-574718.00,5917625.00,15088854.00,77091.0667,39676.9667,77061.1429,30706.2857,8866276.00,10435105.00,640331,647551,28267,74339.3333
2026-08-26,91707,36467,37073,46455,15976,13369,-2823631.00,600548.00,4692232.00,24001413.00,75553.4667,39134.8667,71172.1429,29882,14824533.00,11400354.00,627996,637808,25631.6667,71344.3333
2026-08-25,84381,22199,44807,31905,8343,11825,144876.00,-229044.00,4175578.00,21858863.00,74821.7,40256.5667,68469,31135,11666203.00,12040123.00,618915,612670,26572.3333,68999.3333
2026-08-24,46930,26135,17854,18990,9816,6501,-294503.00,251132.00,3361499.00,9216819.00,74293.4,40289.3,72112.8571,30665.1429,5548225.00,5002590.00,613007,597722,32154.3333,88489
2026-08-21,82722,28561,34337,40531,13785,12465,-710539.00,502155.00,5284390.00,19491228.00,73587.4667,40409.2,72103.1429,32398,11895134.00,10833315.00,692729,698321,33860.6667,77896
2026-08-20,77346,25021,36812,30536,9725,10962,1149772.00,-756571.00,5089565.00,17064920.00,72240.4333,40218.1333,73912,35677.4286,8305289.00,10211632.00,689041,692707,35752.6667,68942
2026-08-19,105399,42881,51015,43901,15986,20210,1255811.00,-625236.00,7082571.00,26792695.00,69715.0333,39865.2,71874.5714,35488.2857,14146591.00,16027638.00,679961,667640,31782.3333,55628.6667
2026-08-18,50943,33680,20242,25015,16235,14262,-1510482.00,357328.00,6034778.00,12382690.00,69836.6,39774.6333,86081.2857,42080.4286,9235843.00,7368033.00,673334,667164,28171,62793.3333
2026-08-17,50484,30697,20431,22075,12312,15171,-1696974.00,-7401.00,5977321.00,13617728.00,70908.2667,39421.9667,99657,45640.5714,8790750.00,7101177.00,659358,654206,31502.3333,73516.6667
2026-08-14,65459,30970,30417,28683,10982,17369,-769352.00,-1764276.00,5802661.00,11594468.00,71030.3667,39007.8667,117293.5714,57539.7143,7374752.00,8369676.00,680697,683767,37171.3333,81699.6667
2026-08-13,72437,22846,36471,29892,10685,10368,502196.00,2762621.00,8723068.00,10571438.00,69851.7,38700.2333,120974.4286,63775.8571,10008653.00,7748228.00,676473,665627,43408.3333,87933
2026-08-12,82654,40691,34283,42565,20372,17092,-3491638.00,1942161.00,10317926.00,19402174.00,69392.1333,38278.8667,116611.4286,60770.7143,16728546.00,11294747.00,665055,649699,56453,110511.6667
2026-08-11,90008,47977,37739,46935,28529,16175,-1551123.00,220023.00,13671899.00,22800633.00,69007.1667,37719.7667,110076.2857,58261.2857,16013352.00,16242206.00,655756,627605,59000,129013.6667
2026-08-10,91137,41557,47539,33987,17287,19622,7578926.00,1426931.00,9390446.00,29779878.00,69447.4333,38414.1667,106254.1429,55725.2857,14850414.00,21002409.00,648335,615728,83235.6667,161606.3333
2026-08-07,150390,79825,80466,51804,32609,36119,9748152.00,-856132.00,11988624.00,43596976.00,66209.7333,36505.4333,89876.1429,47446.7143,18972836.00,29577120.00,684204,671710,78793.6667,144210.6667
2026-08-06,145514,55618,82134,50010,20641,28237,4987350.00,-6647443.00,14075960.00,29171220.00,66184.1333,36409.2667,76437,44246.1429,13693179.00,25628972.00,677507,652695,66806,113077
2026-08-05,188915,114264,81950,89581,39911,56978,-7504820.00,-1767616.00,20085134.00,38836615.00,61128.4333,33726.9,61136.7143,36149,28758071.00,23020867.00,648985,602302,38855,64859.3333
2026-08-04,98203,66499,41950,46081,31244,27220,-2505487.00,1085360.00,11607553.00,24459566.00,58835.7667,32056.1,56641,36729.2857,17991729.00,14400882.00,620476,565763,24623.6667,53585.6667
2026-08-03,52113,19655,20402,25829,8692,8620,-1162655.00,48782.00,6064905.00,12976308.00,58284.7,32046.7333,58712.1429,40122.8571,9171156.00,7959719.00,615288,549409,25363.6667,48129.3333
2026-07-31,44262,30411,20643,19457,11800,12584,541103.00,230896.00,9588448.00,12175082.00,57943.4,33243.7333,59505.1429,39618.5714,8313323.00,8623530.00,642608,574664,26298,50522
2026-07-30,64382,23805,27765,31497,8886,12476,-3736075.00,-1028053.00,7854933.00,13921618.00,57105.5333,33248.9667,57422.2857,39758.1429,10667903.00,7959881.00,637014,562218,37557.6667,56332.3333
2026-07-29,35744,21875,15298,15967,7542,12370,-1206735.00,-990468.00,4045748.00,8509691.00,59590.1667,33685.6667,60243.2857,40577.4286,5788466.00,5572199.00,633548,552605,53786.3333,66662
2026-07-28,51440,33214,24743,17363,14409,15123,1832695.00,-378415.00,6792112.00,12357128.00,59383.5,33866.2,61052.4286,40596.4286,6755215.00,8966325.00,628143,542763,57185,71719
2026-07-27,81813,57584,36364,34636,17710,32195,-2686947.00,-1682551.00,12907804.00,15930980.00,58097.5333,33459.1333,58335.5714,36839.5714,12893137.00,11888741.00,597264,537102,46950.6667,61052.3333
2026-07-24,66733,70561,26100,32843,30364,34247,-1993683.00,2196560.00,14230310.00,12431910.00,57161.4667,31923.0667,55313.5714,29645.7143,14085977.00,9895734.00,602462,557507,31691,55408.6667
2026-07-23,66611,43410,22833,35791,18094,14889,-1055930.00,361407.00,16234831.00,9607526.00,56205.5667,31109.9333,54716,31422.8571,11164972.00,9747635.00,591422,540421,26424.3333,51702
2026-07-22,49813,26881,19954,22793,10286,13857,-2197985.00,50796.00,5607348.00,11943529.00,56096.5667,30868.5667,52040,31456.5714,8521759.00,6272978.00,581298,527895,28579.6667,54132.3333
2026-07-21,49802,24782,16886,28571,8966,13256,-1375607.00,1116719.00,4996439.00,10314616.00,55781.8,31241.7667,53717.4286,32510.2857,8122639.00,5630313.00,564590,511906,30747.6667,58463.3333
2026-07-20,55491,27610,20151,25092,9511,7649,-406771.00,546493.00,5513010.00,9801363.00,55612.7,31428.3,51066.5714,31321.5714,6227128.00,5273864.00,548485,492580,28279,55159.3333
2026-07-17,57104,33347,24288,26803,19141,10717,-1711034.00,1369536.00,6070861.00,9031240.00,55410.5667,31283.5667,47142.7143,31171,8440235.00,5359665.00,639267,567121,35780,56934
2026-07-16,62795,31286,31596,25716,10962,17475,1078560.00,-1601582.00,7389970.00,10724929.00,54886.8333,31168.2667,45970.5714,31124.8571,6876318.00,9556460.00,638169,561354,34390.3333,46362.6667
2026-07-15,45579,20204,21338,18962,7090,8133,-1307767.00,114048.00,3849538.00,9000259.00,56832.9333,31536.0667,51264.1429,31112.4286,6360621.00,4938806.00,629110,547827,38375,51684.3333
2026-07-14,62428,55850,27059,29450,18253,24090,-556540.00,1460955.00,6742518.00,11430016.00,59015.1667,30796.6667,52220.4286,25783.4286,9241632.00,7224137.00,607535,535651,26188,43186.6667
2026-07-13,31081,27117,15744,12140,13015,10344,625711.00,991784.00,4744312.00,7835012.00,60618.8333,31670.5667,53077,23854.8571,5976883.00,5610810.00,597869,528438,27913.3333,42705.3333
2026-07-10,61544,32158,29354,24796,11464,18320,-656775.00,-1922710.00,4886992.00,13252305.00,62891.1,31634.3,54123.1429,23268,7647994.00,8913929.00,617725,558394,27515,40387.3333
2026-07-09,36935,19289,17227,16304,5205,9362,-361977.00,197284.00,6525708.00,7106321.00,63655.0667,32603.4,60055.1429,24970.1429,4986389.00,4427128.00,611053,553265,27791,55620.3333
2026-07-08,29637,32293,9782,14554,6912,10644,-1657538.00,-677782.00,4205234.00,6112949.00,64408.7667,33029,70727.7143,29269.5714,4597009.00,3617253.00,604364,551822,23209,68782
2026-07-07,54590,30963,25358,23698,14764,7152,415440.00,-51479.00,2478475.00,10960283.00,64202.8,33061.2333,70537.5714,28069.5714,5751814.00,6218733.00,603228,550285,17427,62944.3333
2026-07-06,82634,20117,42990,32345,9973,8121,-888131.00,221466.00,3494679.00,10414501.00,62452.3,33184.1667,79410.7143,32729,6768827.00,5659230.00,594255,534520,20071.3333,58355.3333
2026-07-02,69122,18547,33706,29255,8225,8440,-189066.00,4145.00,2755204.00,11324182.00,61082.2,33618.3,74856.7143,34907,6455849.00,6262638.00,607465,553693,24290.3333,61467.6667
2026-07-01,37077,13617,15733,18134,6083,5945,-568126.00,2603.00,3918755.00,7313667.00,61401.3667,34056.4,73763.2857,35301,5276735.00,4706006.00,605424,546639,40547.6667,83890.3333
2026-06-30,68867,28050,23831,36004,12832,12353,-3291046.00,-472130.00,5740529.00,15315041.00,60856.2667,34061.2667,69008.1429,34061.5714,10591844.00,7772928.00,611253,531057,38718.6667,78687.6667
2026-06-29,78459,31204,33698,36291,14820,12799,-2346025.00,11051.00,5087130.00,22039830.00,60223.4333,34142.9333,62660.1429,39078.2857,12835931.00,10223855.00,600803,512770,45895,100783.3333
2026-06-26,104345,62389,55065,37635,35853,22752,5998804.00,-210751.00,14545898.00,23061708.00,58002.9667,32754.4333,53360.2857,33588.7143,11363099.00,22793194.00,609628,531276,36363,78416.3333
2026-06-25,53259,22563,19092,28499,11253,8869,-2051439.00,-259388.00,5169071.00,12580570.00,57306.7667,32605.0333,61506.5714,35362,8936828.00,7144777.00,608287,523099,34300.3333,70471
2026-06-24,144746,52733,73916,55753,22755,25099,4130592.00,-1001154.00,9355775.00,34205372.00,53787.8,31635.9333,47291.4286,33347.2857,17163036.00,22294782.00,599630,493378,23180.6667,34082.6667
2026-06-23,37244,33793,11539,18092,9602,22712,-1268137.00,-394848.00,4745046.00,8195874.00,54822.8667,31378.4333,48147.1429,35001.4286,5834469.00,4961180.00,577579,484885,34023.3333,33009
2026-06-22,29423,16375,12259,13884,7317,7837,-656444.00,-604779.00,4391482.00,6287767.00,56481.8333,32004.2,49465.4286,36159.1429,4881395.00,4829730.00,571557,470887,36552.3333,36283.3333
2026-06-18,35581,19374,15596,16284,7372,8554,-1026966.00,-489392.00,4114286.00,7155528.00,58870.6333,34025.9333,49801.5714,36108,5356259.00,4818685.00,691898,622997,41753,61184
2026-06-17,34023,66321,13061,17333,36109,24358,76064.00,5015839.00,61803619.00,5974184.00,61370.4333,34248.2,51590.1429,29439.2857,43286041.00,23192547.00,689411,619260,32522.6667,64923
2026-06-16,39246,23962,15312,16188,10766,11457,224054.00,-224584.00,4874633.00,9729798.00,61388.2,34601.4333,51749.1429,31155.8571,6403159.00,6851797.00,686157,616299,39659.3333,66252.3333
2026-06-15,110283,34976,52490,44538,13447,16724,2717509.00,-1421949.00,7312570.00,23004709.00,59047.2,33954,43197,30903,10500704.00,15290162.00,682585,596913,36160.3333,42375
2026-06-12,45240,38630,19707,20884,18107,17539,-866663.00,3863571.00,26062826.00,7216868.00,58488.3333,33336.7,44025.5714,29528,17510978.00,14230034.00,697265,615884,29622.3333,39939.6667
2026-06-11,43234,45372,19716,18873,13008,14139,-197899.00,433988.00,45551210.00,9282411.00,58170.9333,32530.6,44575.4286,27021.5714,8793870.00,8161983.00,698393,609468,21045,41042.6667
2026-06-10,38651,24479,16426,18718,12432,10073,-1108241.00,-673328.00,5552059.00,6210644.00,58115.7667,32226.9,53905.5714,27987.1429,5615026.00,5180113.00,692629,601294,24878,41612
2026-06-09,37934,19016,15696,17051,9002,8209,259058.00,-17251.00,5121254.00,7159712.00,58709.9,33095.6333,66757.1429,30080.2857,5229763.00,5506072.00,690389,595643,29608,45773.3333
2026-06-08,46543,19640,18439,21642,8131,8959,-1104690.00,220106.00,4027074.00,10634644.00,58211.1667,33680.5333,71421.1429,34893.7143,6867190.00,5542394.00,683100,580893,32729.6667,47272.3333
2026-06-05,40359,35978,12896,22781,14502,10612,-2560201.00,1567277.00,21390630.00,8190206.00,58185.0333,33601.3667,84185.8571,34192.5714,8713649.00,4586171.00,701035,607624,30012.6667,49513.6667
2026-06-04,50418,33206,25006,19254,13414,10999,-161654.00,8277122.00,36130883.00,9875862.00,57784.9667,33345.7667,85533.8571,36357.7143,20551122.00,7257920.00,698754,601322,29356.6667,67361.6667
2026-06-03,51040,29005,20785,22241,7141,18698,-1748247.00,-803321.00,6354442.00,11540936.00,57087.1667,33048.1,85706.4286,38651.4286,7569313.00,6624387.00,681555,593064,30911,92980
2026-06-02,47083,27827,17007,23447,9874,15277,-2901702.00,-1545687.00,6445816.00,12777699.00,56537.9,32947.9667,85896.1429,39237.5714,9478434.00,8122419.00,667593,582394,39413.3333,103682.6667
2026-06-01,103962,31238,56520,36845,10294,17653,6289331.00,-1747989.00,6862788.00,25103920.00,55167.9333,32719.9,75347.1429,38175.7143,10456972.00,18494292.00,663953,566268,39357.3333,112266
2026-05-29,127895,33668,37117,39345,13782,14084,-838873.00,-1836313.00,8399768.00,103230958.00,52409.6333,32280.2333,61079.1429,37876.1429,9942554.00,10939994.00,682512,620455,44255.3333,89585.6667
2026-05-28,79191,53334,39491,33323,17093,20299,-1039388.00,-1608254.00,45663818.00,13584756.00,52922.6333,31738.3333,56430.7143,34079.8571,15902073.00,15464749.00,672980,598523,41497.6667,80604.6667
2026-05-27,129712,31070,43293,40504,9349,12445,1133520.00,-1581253.00,12062996.00,97582562.00,49912,31411.0333,45402.4286,33669.2857,10906304.00,13620928.00,662667,534685,41784.3333,53504.3333
2026-05-26,59854,48362,23067,31135,16285,24383,-1764304.00,-385941.00,12086397.00,13267600.00,49011.9667,30534.5,45348.1429,31568.1429,11251025.00,9872662.00,636468,512026,33598.6667,43592.6667
2026-05-22,52248,45061,19745,24981,22173,19225,-1285816.00,1790357.00,10602558.00,12848514.00,48349.6667,29758.3,43274.2857,28092.8571,10601290.00,7224277.00,647170,530257,29102,35516.3333
2026-05-21,48411,31930,19097,24748,19428,10267,37957.00,9541915.00,32381427.00,8657514.00,48122.5667,30122.5,40983.1429,26114.4286,30833655.00,7937657.00,643358,523195,27378.6667,34930
2026-05-20,30119,23805,14576,11687,14160,8544,367966.00,255635.00,5230966.00,5002424.00,48155.7333,30153.0333,42277.1429,26093.7143,4607749.00,4720080.00,631917,519032,28842.3333,42395
2026-05-19,28019,31571,12979,12183,9139,5922,72482.00,590837.00,14442757.00,5814109.00,47827.0667,29495.4,48031,25307.5714,4717389.00,4199034.00,615179,513562,29536.6667,52880
2026-05-18,46652,26760,20730,20114,11971,10518,-318100.00,354482.00,4336093.00,8005038.00,46935.2667,29174.6333,52679.5714,26505.8571,5701654.00,5029072.00,599109,497965,27528,49906.3333
2026-05-15,52514,28196,23685,21796,11166,10789,-545336.00,-1609199.00,9007737.00,7879700.00,45843.3,28942.6333,60498.2857,33910.1429,5787286.00,6851149.00,710786,627033,24156.3333,43192.6667
2026-05-14,59474,33654,24588,25944,8149,21942,-118358.00,-4652584.00,11469640.00,9643592.00,44596.5,28534.8333,67575.8571,39529.4286,6514312.00,11048538.00,698848,616712,20825,36427
2026-05-13,37731,20734,13608,19114,9998,8971,-1065547.00,971001.00,5941356.00,7264345.00,44476,28789.1333,67868.4286,41504.4286,6923791.00,4887243.00,697406,607316,22603,46615.3333
2026-05-12,32373,18081,13588,15891,6741,6400,152512.00,150309.00,3360507.00,6637256.00,44603.6333,29059.0333,68965.5714,41143.2857,4436740.00,4438943.00,690296,600633,28292,62221.6667
2026-05-11,39177,23660,16702,18663,9220,10278,-362561.00,-1129981.00,8119416.00,8325241.00,44640.3667,29832.9667,67436.5714,40636.2857,6770890.00,7538310.00,681666,592428,47080.6667,84911
2026-05-08,68296,26068,27662,31448,11282,10622,-880224.00,703307.00,9319226.00,13830514.00,43565.8,31172.6333,62496,39939.2857,8671429.00,7087898.00,719562,621846,62721,98484.6667
2026-05-07,79192,35148,33997,33348,15013,17177,1625799.00,1560695.00,7107730.00,16101513.00,41785.1333,31059.9,56468,37113.5714,10528929.00,10594033.00,710830,603894,62524.6667,85347
2026-05-06,107245,80026,55921,40342,41277,30091,4943444.00,-1664213.00,10317538.00,27338951.00,39167.4333,30126.0333,49112.7143,32121,13588617.00,20196274.00,700736,590041,41033.6667,62949.6667
2026-05-05,109017,72989,43048,53043,27774,30951,-1560317.00,-419831.00,15213954.00,20099376.00,37082.1,29869.2,38050.4286,27006.4286,14964448.00,13823962.00,664480,555061,23407.6667,36102
2026-05-04,39779,34559,15724,18676,13037,11218,-1035443.00,354456.00,6714230.00,8530102.00,36887.7333,30092.5333,38021.2857,26869.8571,6713618.00,5323719.00,645338,540187,18951,34079.6667
2026-05-01,40053,15553,17930,17308,6378,7780,-219893.00,501017.00,3932507.00,7672936.00,36338.5,31373.3333,37787.4286,28296.2857,5201201.00,4480291.00,676797,570169,18889.3333,33060.6667
2026-04-30,28474,20111,12334,13505,9476,8762,-836213.00,-371332.00,6400848.00,6889477.00,36348.1,31746.1667,38020.5714,28291.1429,6341737.00,5876856.00,675305,563834,27211.6667,42155.3333
2026-04-29,33712,21189,13885,16428,6664,12167,-151610.00,-360739.00,3991923.00,6401595.00,37998.9667,34971.8,37576.7143,28810.2857,4554599.00,4763728.00,665474,553041,32544.3333,41445
2026-04-28,36996,15368,17008,17613,6508,7371,720216.00,-328223.00,3849907.00,9309114.00,37997.4,35337.4333,41272,30100,5514281.00,6562720.00,659341,536099,38622.6667,42304.6667
2026-04-27,55758,45078,33261,17895,35568,7723,3190399.00,-186735.00,4159292.00,14684932.00,37144.9333,34919.1333,39756,26585.7143,6994489.00,10371623.00,656587,515968,32109.3333,36524
2026-04-24,31581,37187,13541,13751,6134,20232,300735.00,-1341175.00,5657638.00,7301436.00,37135.1333,34721.1667,48756,26570,4634961.00,6138963.00,675725,540729,26405.3333,36032.3333
2026-04-23,39575,33603,12904,21447,10609,15914,-1551205.00,-71340.00,5137541.00,6500335.00,37264.4333,34276.6333,48730,24805.4286,5824330.00,4344465.00,663376,535767,23478.6667,33042.3333
2026-04-22,38416,25538,11796,22786,10059,12440,-1161771.00,-1193673.00,4573524.00,8882282.00,37174.3333,34373.1333,47935.2857,24309.4286,5909650.00,5941552.00,651538,521149,23098,41191.3333
2026-04-21,30106,20075,12694,13431,8967,9455,166233.00,829941.00,3933489.00,7867998.00,37262.7667,34555,48260,24552.2857,5499184.00,4835476.00,642193,515084,23232.3333,46204.6667
2026-04-20,30605,24823,12772,13776,10678,9240,-176867.00,503829.00,5896602.00,8041067.00,37392.0333,34874.8667,49830.4286,27128.4286,5301469.00,4620773.00,628488,502844,27317,67530
2026-04-17,62863,24396,23630,31895,10600,9194,-3741555.00,844942.00,4725118.00,17438126.00,36363.7333,35367.4333,45294.8571,27174.8571,12250540.00,7628060.00,718744,564402,26268.6667,59706.6667
2026-04-16,45146,20478,15477,23724,7825,9801,-2748936.00,147223.00,4079849.00,14519631.00,35682.0667,35176.9333,41439.5714,25941.1429,9691906.00,6795747.00,712604,555171,26798,55609
2026-04-15,94581,37077,47277,34974,14248,19010,1459868.00,-411605.00,5927993.00,22086008.00,33476.4333,34968.5667,30770.5714,23092.5714,11421341.00,13292814.00,704662,539138,21697.3333,34875
2026-04-14,39393,21251,19335,15614,8380,9506,918280.00,526824.00,6554257.00,9296836.00,33273.4,35149.7,27965.1429,23090.4286,6699792.00,7091248.00,696342,519952,28899,35610
2026-04-13,32853,22066,16565,12519,8710,11038,1129987.00,-223546.00,5737278.00,6813520.00,33214.4667,35249.2,26424.7143,22998.1429,4750501.00,6104034.00,689245,512338,29784,35030.3333
2026-04-10,32379,21775,14528,13933,10408,8995,-2711396.00,46733.00,5383230.00,8025086.00,33979.2667,36236.9333,26672.8571,23939.2857,7359364.00,4601235.00,711091,521874,26473,30290.3333
2026-04-09,41598,42856,15620,19778,13859,24028,-1592195.00,-1566286.00,12318795.00,10161308.00,33816.3333,35514.3333,25902,21556.7143,10463206.00,10437297.00,694114,510431,17900,23057
2026-04-08,31114,24721,13105,15137,13664,8931,-491147.00,408356.00,4325435.00,7554094.00,33722.1667,35582.5,27211.2857,24722,5964427.00,5064924.00,695649,501534,16738.3333,19270.6667
2026-04-07,18159,11842,7309,9608,4957,4060,65279.00,403403.00,4150346.00,3620932.00,34259.4333,36625.0667,29768.4286,32495.7143,3110654.00,2772530.00,691253,496629,19931,20574.3333
2026-04-06,19898,17137,8060,9720,7273,5904,-1072550.00,-49436.00,3383924.00,4361543.00,35181.9,36884.1,30607.5714,34585.5714,3991126.00,2968012.00,688184,490188,23673,25313.6667
2026-04-02,19755,21236,7400,9553,10132,8526,-47097.00,959355.00,6214212.00,4536574.00,35523.8333,38263.0667,31887.4286,38981.8571,5050246.00,4043794.00,700002,504491,25320.3333,30796
2026-04-01,22070,21420,8801,11105,7186,12884,-230803.00,-1089566.00,5961141.00,4782713.00,36287.7333,38544.5,35371.2857,45248.1429,4373943.00,5232706.00,698110,501014,33806.3333,36865.6667
2026-03-31,34116,28363,14980,14716,7825,12086,-576207.00,-1163947.00,6997060.00,8278653.00,36476.6333,38831.7333,35347.2857,47090.4286,5723292.00,6311032.00,694785,492824,46438,37513.3333
2026-03-30,36202,26178,14671,12757,12644,9882,1705378.00,1322559.00,7663336.00,9785287.00,36874.0333,39972.4667,33543.5714,51061.7143,7198797.00,7254116.00,687492,479133,48300.6667,34036.6667
2026-03-27,40279,46878,18014,18863,19681,17703,-1027423.00,1209221.00,15490725.00,8248785.00,37284.6333,44982.5,31898.2857,48835.7143,10780265.00,8543621.00,718738,495478,50011.3333,30181.6667
2026-03-26,36059,66258,10347,21516,30252,28849,-1036358.00,799292.00,13443760.00,7082775.00,38141.9667,44611.3667,38638.1429,56221.4286,9207380.00,7371730.00,702711,483354,49686.6667,33647.6667
2026-03-25,25772,31766,8132,12848,8941,21083,-1391232.00,364035.00,6224739.00,8647181.00,38506.8667,44756,40234.8571,55445.8571,6975865.00,5220598.00,682521,473078,52851,36373
2026-03-24,28714,52010,10227,15506,11826,34504,-865568.00,-662967.00,8044404.00,6432300.00,38820,43992.6667,40444.8571,52662.8571,6707985.00,6505384.00,654387,470302,53506.6667,34660.3333
2026-03-23,46457,65284,24157,18381,49123,13735,1595629.00,3226827.00,6741148.00,9166599.00,39835.0667,43292.9,38277.7143,47800.5714,8269840.00,6638642.00,637424,448273,42177.3333,28762
2026-03-20,33948,41259,12828,17010,15138,22458,-179370.00,-1318990.00,8260909.00,6888678.00,41842.9667,43726.7333,39635.7143,44801.7143,6367125.00,7506745.00,732458,632005,67743.6667,45192
2026-03-19,23576,53977,9151,11153,23582,27747,-295828.00,1019440.00,37397714.00,4709099.00,45217.3333,46265.5,41369.5714,41152.5714,20258266.00,19766038.00,735690,629048,58530.3333,49649.6667
2026-03-18,28762,31296,9735,14838,13969,14330,-1708351.00,654453.00,6936010.00,6979433.00,47400.0667,48007.3667,41940.5714,40329,7380058.00,5017254.00,726912,621859,58941.3333,50123.6667
2026-03-17,83238,117958,41166,32614,71128,37963,1989376.00,2992088.00,16982738.00,21248083.00,45738.8333,45114.3,34975.5714,28394.8571,16289832.00,15287120.00,726123,604282,30038,32806.6667
2026-03-16,36949,26337,16436,17005,6899,17666,-336028.00,-1125489.00,6097509.00,5521180.00,46205.5,45542.2333,34270.5714,30228.5714,4941210.00,5730671.00,716544,593061,28014.6667,34975
2026-03-13,30184,32529,12858,13958,12485,10552,-1309469.00,765704.00,6389673.00,7525372.00,47094.5,45296.2667,33486.5714,27690.5714,6876050.00,4800877.00,725185,607127,26649.3333,36818
2026-03-12,31287,31248,13421,15349,14351,11655,-145493.00,4187894.00,26158926.00,6063882.00,47980.6333,45398.1333,33075.8571,27630.2857,14817931.00,10484544.00,717673,598292,24743.6667,37308.6667
2026-03-11,43454,20267,18077,19268,7837,9024,-826891.00,581764.00,4329051.00,9564401.00,48279.6,45793.3,31625.5714,28547.1429,6680782.00,5272127.00,714359,588316,29461,34318.3333
2026-03-10,35713,28433,12470,18608,9345,16954,-2307015.00,-246253.00,6073882.00,7449440.00,48071.6333,45595.6,30964.4286,28064,6993767.00,4933005.00,700273,577470,33041,33085.3333
2026-03-09,32759,25531,13441,15896,9002,11647,-160652.00,-683435.00,6386209.00,6815400.00,48240.8667,45792.2,34187.8571,31760.5714,5694204.00,6216987.00,694672,572382,29451.6667,30397.6667
2026-03-06,34483,34419,12848,15209,13324,14343,-688174.00,-979326.00,6935551.00,6924386.00,48941.5667,46100.7667,34506,29869,5779126.00,6070278.00,708415,583151,28254,28374
2026-03-05,32014,39173,12259,13815,12360,22054,3728.00,-8891185.00,38539242.00,10393176.00,49579.1667,45902.5667,33973.8571,28096.5714,11850542.00,30604141.00,703837,579425,24091.3333,28803.3333
2026-03-04,24696,14763,12738,9693,4888,4546,953726.00,-16796.00,5260629.00,5982239.00,49699.6333,46519,35342.5714,32147.4286,3196763.00,4167285.00,701077,576039,27520.6667,30933
2026-03-03,28412,30826,10434,15490,13091,10617,-1751870.00,1358613.00,10455389.00,7682867.00,50190.9,46337.9667,38079.7143,31302,9415694.00,6305211.00,690812,571299,34381,39903.3333
2026-03-02,33302,26685,15290,12534,11071,8882,563571.00,179984.00,6897718.00,6721588.00,50856.3333,48442.4333,37609.8571,36433.4286,4917068.00,5300655.00,681129,558378,32545.3333,41039.3333
2026-02-27,31085,25051,12854,13894,11756,8311,-142041.00,-217878.00,8980687.00,6402092.00,50613.5667,48150.6,39595.8571,37120.8571,5003539.00,5079376.00,690666,589361,33117,40107.3333
2026-02-26,55323,51407,26086,22090,16004,27382,-340052.00,-13153683.00,41379857.00,13293556.00,50119.4667,47009,37375.8571,35059.8571,11681199.00,31025180.00,682637,582314,30354.3333,33092
2026-02-25,36710,21178,15599,15950,9818,8703,9336093.00,-528474.00,6142466.00,19891873.00,50237.6667,46972.7,39006.4286,40663,7140879.00,17005446.00,674040,564384,31597.6667,36712.6667
2026-02-24,28289,26766,12991,12508,11561,10310,7468136.00,-612395.00,12655959.00,12995237.00,51205.7667,47294.6667,42479,65007.7143,6108884.00,14189415.00,666003,553388,43544,37287.3333
2026-02-23,34277,43119,14305,16616,26760,10459,-1446921.00,2776979.00,11668704.00,7431215.00,51724.3667,46690.4333,46407.8571,66722.7143,9226256.00,4856556.00,643866,541671,39125.3333,40857.3333
2026-02-20,47572,24908,21329,21649,9006,13384,-465924.00,-4285211.00,14025645.00,10954035.00,53544.9667,46894.9667,44857.4286,68322.2857,7670886.00,15998914.00,700298,664494,43149.3333,38261
2026-02-19,30013,62605,11926,14573,13304,45088,-1156854.00,-12068369.00,70472905.00,10048342.00,56746.7667,46433.5667,46013.8571,63537.2857,16366946.00,57718161.00,700533,655907,42414.3333,44298
2026-02-18,44987,29863,24521,16030,10883,15692,1029025.00,30247.00,7472488.00,8272058.00,57542.1,47257.0667,50574.1429,65598.4286,6432409.00,7431187.00,695645,646986,98186.3333,46834.6667
2026-02-17,39783,36980,14905,19593,14752,19393,-1489463.00,-5474522.00,25484785.00,8635364.00,57893.7333,46744.8667,58345.8571,68069,11335502.00,20336479.00,690689,631710,104234.3333,54166.6667
2026-02-13,48124,60400,20040,21254,18577,30591,-1602844.00,-7834313.00,47187413.00,10559150.00,57402.9667,45331.7,69300.5714,78031.8571,14192655.00,32089524.00,698887,659101,96136,50365
2026-02-12,52597,197179,21002,26291,79421,112048,1006779.00,-3633000.00,177626712.00,12042612.00,56775.9,39320.4,75250.1429,61799.4286,62955301.00,122673390.00,674635,652026,40113,45535.3333
2026-02-11,61779,55124,18740,37223,20536,29463,-4636084.00,840917.00,13290643.00,16215828.00,55865.8,38302.1,71196.1429,58376.8571,16099109.00,10622108.00,664963,630027,36502,50578.6667
2026-02-10,36719,36105,14596,18779,9373,24723,-800713.00,-67024.00,6221493.00,8574858.00,56325.8667,37975.7,73229,58815.4286,7212807.00,6479118.00,637633,614818,42558.3333,69734
2026-02-09,38108,29110,16411,17521,11806,13977,-281392.00,-4087072.00,14620421.00,8004221.00,56057.3,37273.7667,75907,58249.7143,7432066.00,12864746.00,633577,600902,76235,98633.6667
2026-02-06,76909,44291,31253,37419,18122,21151,-1216220.00,-735647.00,13107832.00,11959857.00,55085.6667,36387.2,73187.2857,56823,11004507.00,10523934.00,676256,650628,89322,104412
2026-02-05,94185,54274,41140,42459,23615,22146,-4856517.00,2748147.00,22619752.00,20340172.00,54899.6667,35771.4667,67221.2857,53658.4286,19647501.00,12042837.00,676287,621209,81619.3333,84150.6667
2026-02-04,124807,130140,58275,55636,70188,41173,-3006697.00,3507127.00,32141738.00,21693128.00,54323.5,33076.2,53602.2857,38281.5714,25638698.00,19237485.00,614016,590087,51297.6667,59531.3333
2026-02-03,94244,83552,35322,43552,31955,34288,-3660288.00,350836.00,26104666.00,23720289.00,52856.4,31820.1,45544,30835.4286,22904347.00,18893223.00,587636,548615,31830.3333,47068
2026-02-02,33401,31166,17348,12364,10476,12336,1372686.00,-932715.00,8184176.00,9261279.00,54122.7333,32230.1667,48701.5714,32622.5714,6437672.00,8743073.00,575724,536413,32876.3333,55224.6667
2026-01-30,50949,39175,14865,29564,17691,17248,-2261811.00,-21248.00,7888844.00,10213631.00,54562.2667,32167.2,48729.1429,31772.8571,8973146.00,6732583.00,589168,574357,30525.3333,55716
2026-01-29,56854,25150,26449,24835,12693,9796,1258489.00,685054.00,5781148.00,13344026.00,55548.1333,34236.9333,44651.4286,32930.8571,8345367.00,8918802.00,585084,574046,29642.6667,46589.3333
2026-01-28,57871,34304,19187,30506,18964,11770,-2488272.00,1537656.00,8677423.00,13897400.00,55779.2667,34347.5667,42548.4286,31658.1429,11776458.00,7750530.00,573631,553580,28684.3333,39911
2026-01-27,52423,32122,25333,20466,14703,15576,601019.00,205844.00,6341555.00,11618804.00,56320.6,34747.9,42668.7143,39900.5714,8041840.00,7799515.00,562081,537156,32535.6667,40938
2026-01-26,29474,22502,13932,11547,11858,8573,1551534.00,1179856.00,6305895.00,8149494.00,60639.3,39379.6,41858.4286,39014,6026235.00,6397913.00,553916,528404,36110.6667,48160.6667
2026-01-23,37836,31429,16937,15624,13193,14866,-742469.00,-973091.00,7959296.00,9042961.00,60945.8333,39264.2,42239,36975.4286,7327506.00,7558128.00,564687,563080,36719.6667,44985.3333
2026-01-22,55504,43676,19325,30601,19691,20432,-4800872.00,214357.00,7883358.00,15325926.00,60130.3333,38586,40060.7143,33605.8571,12955958.00,7940729.00,548076,543069,30626,40867.3333
2026-01-21,51142,33227,21807,20912,13685,14728,-4849825.00,165611.00,5735392.00,24804061.00,60449.1,38491.9667,40945,34062.7143,15439242.00,10423806.00,536406,527576,49490,41575
2026-01-20,28310,33256,11997,12529,15930,12380,-174772.00,1543679.00,5530163.00,8006671.00,60599.8333,38073.6,44020,32882.1429,6733883.00,5015432.00,518260,520364,43836.6667,40072.3333
2026-01-16,43150,25395,20055,17001,9667,13252,757809.00,1158813.00,5326293.00,10821996.00,61844.6667,38089.9667,52454.2857,33689.1429,7383113.00,6982109.00,730918,759858,41091.3333,39189
2026-01-15,53265,89819,22044,23515,12068,73003,-1011100.00,-14272759.00,49756718.00,9464483.00,61433.5333,35652.1333,62854.5714,27824,8140578.00,48588937.00,729174,748163,17848,34852.6667
2026-01-14,23802,16296,9209,11797,6341,7513,-350440.00,-330246.00,3669370.00,5516325.00,62078.8,36282.9667,69289.5714,33291.4286,3822186.00,3801992.00,725980,741779,24557.6667,46029.3333
2026-01-13,40500,17159,18851,16655,5700,9032,1833633.00,113269.00,4364601.00,9411612.00,62178.2,36328.3,70694.1429,33927.8571,5199788.00,6920152.00,723866,733264,27168.6667,49141
2026-01-12,40256,20089,14940,18742,10449,7867,989106.00,120252.00,3244590.00,10494199.00,63120.5333,36909.9,69714.8571,33630.1429,5528414.00,6397268.00,715938,716736,30820.3333,69785.6667
2026-01-09,57332,36425,26718,23791,13206,19713,55185.00,-865301.00,5676661.00,12305611.00,62748.8667,36582.7667,66351,30832.2857,7118612.00,8039098.00,745594,727069,34933,92697.3333
2026-01-08,49835,24992,26598,17764,7594,12846,2099551.00,-992111.00,3412925.00,12940952.00,63153.6333,36986.2333,64156.8571,30772.7143,5594661.00,8686323.00,737322,724454,44791.6667,99034.6667
2026-01-07,102190,31044,44881,45074,10299,17672,1742760.00,-1586956.00,5212371.00,23962621.00,62529.4,39636.6667,56775.5714,30096.8571,11184605.00,14514321.00,732569,701538,41648.3333,81748.6667
2026-01-06,126067,48763,74058,41881,17611,25877,10578799.00,-1201585.00,9341658.00,29744261.00,63038.3333,42951.0333,43059,24281,11949918.00,23730302.00,725165,683711,31395.6667,50860
2026-01-05,68847,54568,24250,38363,17708,27370,-1838753.00,-562389.00,9093947.00,13759144.00,62179.9,41898.5333,40046.5714,19013.2857,10190505.00,8914141.00,700658,661703,18819.6667,39172.6667
2026-01-02,50332,21614,21926,22125,8296,11028,820524.00,13405.00,3305797.00,10136885.00,62205.1333,42528.2,45514.1429,21040.1429,5460427.00,6267546.00,715264,678159,19806.6667,33887.3333
2025-12-31,33401,18005,13494,16923,6786,9774,-2856307.00,-1740067.00,4889501.00,8469255.00,63845.3333,42721.0667,56102.8571,25508.2857,6793578.00,5677338.00,713070,673982,22576,39594
2025-12-30,33785,16840,13261,16200,6989,8137,97324.00,61504.00,4382201.00,7831081.00,65147.9333,43251.7667,58452.2857,29655.2857,5202926.00,5238746.00,711662,672801,19646.6667,38349.3333
2025-12-29,34476,24575,12480,16840,10617,11265,-939255.00,-198921.00,8426590.00,7764473.00,65697.8667,43658.6667,63725.8571,32354.2857,7489798.00,6749464.00,703654,665135,17353,42777.3333
2025-12-26,50521,26313,25130,20377,7958,10817,857550.00,-1560163.00,6038434.00,7524654.00,65582.6333,43654.5333,65670.7143,33921.8571,3873276.00,6290989.00,713436,692618,20516,55472
2025-12-24,30051,8052,9781,17226,2713,4240,-1336053.00,-611332.00,2214725.00,6417116.00,65630.5667,43933.1667,73724.8571,45234.7143,4233191.00,3508470.00,716615,692589,34259.3333,81295.6667
2025-12-23,47760,17694,21147,22138,7172,9033,-1490460.00,776308.00,5452742.00,7738617.00,65997.8,44385.1,76159.8571,48081.7143,7118025.00,4851257.00,698875,682010,43651,82119.3333
2025-12-22,88605,35802,38928,40331,20409,11498,787976.00,233196.00,7165897.00,19766693.00,66341.5333,45300.9,73311,49271.7143,11372733.00,11927513.00,685668,662624,46206.3333,76381.3333
2025-12-19,107522,49282,52745,42764,17341,27575,-2188460.00,-2555422.00,12788874.00,18961283.00,64727.1,44991.2,80670,65296.1429,13555593.00,13922555.00,807594,820243,42207.6667,61919
2025-12-18,50231,45869,21908,22675,13743,27476,1507459.00,-8436630.00,26280545.00,13127368.00,66213.1333,45156.6333,80213,62738.7143,11492432.00,24669921.00,815943,808624,55998.6667,73985.3333
2025-12-17,71391,43468,26597,35223,16359,22184,-1160952.00,-2912561.00,15591537.00,16921442.00,70811.9333,47624.2,74448.4286,59861.8571,13675486.00,15427095.00,820402,785185,54050.3333,71790
2025-12-16,64135,37286,26200,30899,14053,18517,-289174.00,-1166517.00,9997995.00,15632052.00,75906.2667,50527.7333,73958.4286,58879,10776518.00,11654145.00,808442,763120,56332.3333,73299.3333
2025-12-15,86430,87242,30778,44158,33125,45947,-4283930.00,-1524215.00,19971917.00,22623351.00,76508.6667,48597.5667,66301.5714,49373.7143,20133090.00,17373375.00,772628,737257,81069.3333,97501
2025-12-12,64805,37623,25217,31875,16799,17294,-1055713.00,234699.00,8678022.00,11990072.00,76051.1667,48346.9,68543,47697,9647889.00,8693477.00,803092,758503,77850.6667,91576.6667
2025-12-11,68663,44132,30833,29225,11890,23205,3799464.00,-1337742.00,12276741.00,25313399.00,75558.1333,47541.7333,64581.2857,43775.8571,13175216.00,18312422.00,804377,745898,70916.6667,79035.3333
2025-12-10,159035,161453,59460,81994,79636,68193,-4416108.00,3515571.00,44027824.00,47735490.00,73433.9333,43178.0667,48027.7143,25742.7143,46113913.00,37448844.00,752119,698511,27234.3333,46258.6667
2025-12-09,47032,27967,16098,25772,12681,12389,-2444487.00,106603.00,6901821.00,11407022.00,74173.3333,42979.8,47520.5714,24393,9641080.00,7089990.00,741276,688874,24813.6667,41525.3333
2025-12-08,31039,23330,12858,14027,10722,8380,816678.00,42231.00,7879611.00,8977919.00,76002.3667,43460.3333,52875.8571,26422.5714,6891007.00,7665454.00,734101,683882,25665.6667,58010.6667
2025-12-05,60705,30406,22014,30153,12369,15620,-3951440.00,283452.00,4112122.00,20741560.00,77739.7667,43953.7333,50801.1429,25880.4286,13541164.00,9306272.00,786078,720323,21091.6667,51419.3333
2025-12-04,32832,20705,12004,15066,9282,9323,142766.00,-588582.00,4080018.00,7767592.00,77892.5333,44371.8,54964.8571,28222,4735135.00,5466483.00,778625,714777,25930.3333,54862
2025-12-03,80495,25886,41064,28921,9177,13568,6651472.00,-423309.00,3736832.00,23627293.00,76331.6,44136.1,55388.8571,40317.8571,8917248.00,15992029.00,774967,706804,23474.6667,42524.3333
2025-12-02,40931,16684,19021,19374,7126,7920,1689937.00,164863.00,3025257.00,11123023.00,76710.2667,45482.8333,69732.2857,59105,5511694.00,6921621.00,771667,699439,30425.6667,51722.6667
2025-12-01,43160,35221,14081,13826,10034,17599,1596486.00,-950168.00,8056146.00,9595316.00,77599.3,45773.2667,69722.8571,57358.1429,5163041.00,7709695.00,758652,700870,27555.6667,52730
2025-11-28,43482,18519,22332,16369,5960,10106,1789637.00,-206078.00,2590735.00,8911313.00,78693.9333,46677.2667,70809.5714,60498.8571,4084935.00,6080650.00,778042,733278,33748,58895.3333
2025-11-26,68526,37537,34873,26334,11625,21008,1445563.00,-802339.00,8103286.00,14487056.00,77848.5333,46131.0333,72821.1429,58535.1429,8553856.00,10801758.00,772812,718823,58088,63874.3333
2025-11-25,46182,26611,21630,20002,10721,13504,1766696.00,-2469.00,9466265.00,13392751.00,78987.8333,45927.2333,76632.7143,59413.7143,9730977.00,11500142.00,770342,705752,98615.6667,95592
2025-11-24,61978,37096,25459,26350,16294,12915,-1519722.00,866241.00,12768831.00,15234404.00,78699.1667,45732.6667,75060.7143,59368.8571,11528325.00,9142362.00,760091,687481,93914.6667,89297.3333
2025-11-21,83463,110557,37598,39312,48833,51114,-807309.00,-3712253.00,38142742.00,17080155.00,78679.9,44234.6333,69860.8571,47316.2857,23543885.00,26448829.00,833338,875435,70563.6667,78506
2025-11-20,141335,148194,56765,71711,85897,67578,-4108953.00,5203285.00,57016067.00,28771929.00,76619.7667,40894.4667,54168.5714,28490.1429,48148309.00,30433126.00,828771,841483,29096,58930
2025-11-19,43094,22993,17535,21086,9374,10612,-1646361.00,-602901.00,7182417.00,9814717.00,76359.4,41158.9667,56409,29670,8025754.00,6982294.00,829579,835768,32352,68853
2025-11-18,51089,40504,23091,23437,19757,16537,-493593.00,108843.00,10149760.00,12002681.00,76752.5667,41302.4333,63241.5714,32923.1429,10480313.00,9877877.00,817441,825251,31111.3333,68814.6667
2025-11-17,82607,23791,37695,36976,10305,11309,-358153.00,426192.00,4519013.00,9786812.00,78154.1333,42650.2333,59881.8571,35237.4286,6919864.00,6135519.00,809988,807264,31910.6667,56967
2025-11-14,72863,32761,35910,31128,14117,14877,969440.00,1410135.00,6544009.00,13554713.00,78201.6667,42516.7667,63017.4286,37819,9425235.00,8984540.00,831210,834331,26460.6667,43175.6667
2025-11-13,50974,36782,22135,24752,15998,15720,-2704158.00,166348.00,6924826.00,11727962.00,79728.5667,42345,85643.2857,49349.4286,10036186.00,7165680.00,823694,832095,24617.3333,45776.6667
2025-11-12,47064,26189,18874,24540,9972,14473,-1292304.00,-181958.00,4958080.00,10075210.00,79581.2,42380.2667,109914.8571,63378.4286,7601626.00,6491280.00,816786,823684,36979.6667,63061
2025-11-11,31489,16411,10264,14998,8519,6816,-5419886.00,533407.00,3253675.00,13866708.00,80231.1,43572.7,120345.2857,65225,10510067.00,4556774.00,811447,815606,44839.6667,72261
2025-11-10,58777,31252,26680,26713,12359,12260,690325.00,251232.00,5694937.00,15452073.00,81309.2667,43452.5667,119245.7143,65060.8571,8854590.00,9293683.00,804650,801710,51366.3333,84272.6667
2025-11-07,98917,63276,50689,40654,25349,30561,-2715078.00,-527811.00,9739523.00,18732754.00,80381.0333,42162.2,112810.7143,58875.2857,14255825.00,12110519.00,842059,870908,69439.3333,121085.3333
2025-11-06,59089,39991,23625,29555,14467,22232,-944427.00,331298.00,8436895.00,16790417.00,79893.1667,41652.3667,117985,57525.5714,12315658.00,11039933.00,836878,865857,97573,173710.6667
2025-11-05,94812,50832,38544,45599,20645,24876,-4230528.00,218814.00,9186475.00,25080186.00,78400.6,40772.4333,114328.1429,53409.4286,17173590.00,12724248.00,821673,848438,90408,176940.6667
2025-11-04,209355,117495,85040,101300,58935,42827,-572232.00,2173514.00,31087706.00,51689390.00,73453.1,37927.5333,96693.1429,42016.7143,38269397.00,35938844.00,788398,820678,61277.3333,124182.3333
2025-11-03,216965,124392,96190,94567,48506,57563,5819246.00,11203.00,21268329.00,73606031.00,70704.6333,35663.8,81816.2857,30704.7143,37236819.00,43044862.00,732151,762539,26472.3333,69818
2025-10-31,104502,29337,40504,38551,10646,13856,-3946673.00,-610505.00,5815875.00,36503582.00,74558.4667,36940.4667,72232.4286,31263.2857,19566722.00,16230554.00,759910,784356,26874.3333,66753.6667
2025-10-30,51080,30103,23646,21533,12945,13888,412042.00,-35104.00,6174067.00,22191851.00,75782,37422.2333,69744.8571,29650.7143,12759329.00,13206475.00,747931,781582,24179.6667,72798.3333
2025-10-29,53872,19977,23677,24988,8226,9446,-1125729.00,-179349.00,4792988.00,17131341.00,81160.6667,41616.0333,69519,34952,10500251.00,9553871.00,739095,772858,30102.6667,83477.6667
2025-10-28,95309,30543,41342,46642,12857,12830,-2348422.00,760960.00,5817872.00,24895290.00,80906.2,41869.0333,65879.2857,36865,15354316.00,12236834.00,726560,757114,34991,89317
2025-10-27,69214,22019,32944,28942,8029,11525,1084540.00,-1608962.00,5853001.00,19973742.00,83437.4333,42341.4333,66894.5714,40239.2857,10214789.00,12908291.00,721366,739219,38733.6667,78717.3333
2025-10-24,85910,37746,30502,40074,13496,18738,-2966645.00,1582911.00,7733068.00,26115871.00,82918.3333,42577.6,60788,37868.4286,13623610.00,7581554.00,748376,772050,32423.3333,61303
2025-10-23,112827,45208,54480,51398,16053,23350,-1422299.00,-1696324.00,8462240.00,18276778.00,81191.3333,42193.9667,56150,34338.2857,11244784.00,12121309.00,737346,743397,36382.6667,41124.3333
2025-10-22,37415,33247,14757,18485,13211,17955,-546147.00,-717174.00,7764412.00,11068775.00,81004.9,41722.3667,58421.8571,34054.2857,8585376.00,8756403.00,722333,736027,39945,51929.6667
2025-10-21,33667,18815,13353,16681,9056,7639,-1943263.00,-655855.00,3740110.00,10198544.00,81830.1333,42235,65453,40740.1429,6853637.00,5566229.00,715704,729193,48886.3333,66147.6667
2025-10-20,52291,57086,25466,21752,25887,28276,3283167.00,2831957.00,9782146.00,16065391.00,82946.5667,41995.2667,69344.4286,39440.5714,11800197.00,12251407.00,678826,709130,36907.6667,63105.3333
2025-10-17,69831,43934,30228,31828,20462,17672,-1381159.00,443957.00,10222860.00,13873208.00,82771.4,42568.2333,64409,37582.5714,11623968.00,9798852.00,754081,853314,29095.3333,66615.3333
2025-10-16,76321,45639,27245,41304,24397,16355,-4736591.00,5991037.00,13926045.00,19877924.00,83097.0333,42219.2667,62489.4286,37463.8571,20759671.00,10032043.00,747519,835146,24302,58947.6667
2025-10-15,43164,21150,16438,23380,9020,8939,-2022263.00,1682034.00,6500024.00,13158551.00,83281.0667,42136.9333,74130.8571,43617.4286,10812330.00,7060723.00,742564,829272,39124,72188
2025-10-14,80361,20497,41885,29659,7599,11325,520552.00,-2435653.00,6601306.00,15147834.00,81939.7333,42354.6667,73263.4286,44797.4286,8355575.00,11311780.00,737404,800348,48288,71911.3333
2025-10-13,53318,31259,21068,27668,13814,13897,191046.00,1315348.00,7916691.00,12953566.00,83581.0667,42912.0333,79472.4286,44850.2857,10072408.00,8948106.00,725641,785331,48177.6667,65899.6667
2025-10-10,82885,65616,31824,43402,32819,24962,-465084.00,2423878.00,16992404.00,26156295.00,82497.1333,41547.1333,73723.5714,39369,20744133.00,17855171.00,741021,810412,41241.6667,59232.6667
2025-10-09,79531,47989,26333,42268,22787,21583,-4165788.00,2123023.00,11699605.00,22608773.00,81399.3333,40930.4333,69645.7143,39968.2857,18533901.00,12185202.00,731805,794719,46653.6667,74273.6667
2025-10-08,35283,30928,16236,14737,14668,13195,376160.00,1019987.00,4699566.00,13015360.00,82150.9,40479.3333,77622.7143,39499.7143,8326844.00,7683017.00,725118,789266,45930,87275.6667
2025-10-07,62884,44808,24988,32156,21550,19094,-1409378.00,1196880.00,7661150.00,19414416.00,82104.8,39781.5667,78792.1429,36607.8571,13641770.00,11035512.00,723993,777550,41537,98574.6667
2025-10-06,124654,64225,57692,52370,32497,26962,3082551.00,482314.00,9891700.00,37926450.00,82194.7,39559.5667,67334.8571,30960.8571,19339960.00,21940197.00,703024,756940,29211,71237.6667
2025-10-03,74289,28757,30693,37321,13506,13692,-344590.00,125384.00,4474988.00,16471890.00,81453.6333,39182.3333,63870,30343.2857,9851983.00,9382009.00,721636,785655,37020,63470
2025-10-02,96781,31629,49931,39831,10990,18200,903507.00,-429887.00,6426397.00,20452892.00,81033.8333,39224.0667,58748.4286,30417.4286,11732819.00,13066213.00,712252,748179,35693,61583.6667
2025-10-01,42643,27247,15430,17957,11158,14343,-733664.00,661364.00,4384681.00,22054234.00,84854.7333,39603.7667,71872.4286,34593.5714,8413410.00,7018382.00,704492,737585,34799,71059.3333
2025-09-30,50986,52184,21405,23308,19697,24328,-771840.00,5704.00,12659657.00,15320245.00,85667.8667,38646.7333,96034,36801.1429,11288320.00,10510776.00,678324,726212,25636.3333,68881.6667
2025-09-29,91122,27648,40904,36225,11606,13783,3766435.00,-146479.00,5280974.00,27348067.00,85937.1333,39088.9,95557.4286,39216.5714,12245791.00,16158705.00,669802,691171,24565,55186
2025-09-26,71070,24565,32859,28881,11842,10891,27715.00,1415636.00,5660764.00,15492790.00,85639.0333,39446.7667,116152,56534.5714,10088116.00,8700195.00,713090,725018,27092.6667,51806
2025-09-25,44453,24696,18618,20488,8928,11183,-939495.00,-545041.00,4561960.00,12740354.00,86105.3,39300.0333,122326.5714,58454.1429,7681237.00,7286783.00,707147,719571,37687.3333,81825.3333
2025-09-24,50035,24434,21181,24706,10903,10538,-1176775.00,136867.00,5071542.00,16938349.00,86768.0667,39277.8,135914.5714,60133.7143,10263308.00,8949666.00,701358,706355,52088.3333,138519.3333
2025-09-23,60930,32148,21370,32670,14125,15912,-3393581.00,-731249.00,6452924.00,23823334.00,88101.0667,39371.3,137258.4286,61945.5714,14958337.00,12296005.00,694021,697375,56224.3333,147471.3333
2025-09-22,134511,56480,62643,56919,22196,28858,5633004.00,-70348.00,10060921.00,58921783.00,89923.0333,39794.3667,126759.2857,58691.1429,26879984.00,32580110.00,679400,680058,85994.6667,174378.3333
2025-09-19,220117,67637,99199,104424,26442,35670,-5009186.00,-355059.00,9068998.00,62874026.00,87234.6,38873.3,99860,51757.1429,35825414.00,30076727.00,834343,857336,76160,130231
2025-09-18,87786,44556,40950,39697,23937,17526,-788632.00,1309694.0000,8813934.0000,21327945.00,91801.2333,40197.6667,95665.4286,50276.8571,14800287.0000,12701961.00,829316,855992,73371.6667,149352.6667
2025-09-17,215232,145791,91199,105911,65335,69124,-4656357.00,1644198.00,26003604.00,49054665.00,90716.1,38197.7,77172.8571,36577.2857,36716338.00,30415783.00,764698,801281,39718.3333,101054.3333
2025-09-16,87675,38133,43484,34557,17861,16461,3023139.00,223731.00,8199746.00,28564614.00,89508.6333,37927.7667,73873,39861.5714,15080842.00,17880250.00,752316,791081,38240.3333,92168.3333
2025-09-15,145151,36191,68830,55632,12669,16432,4750645.00,-258118.00,8534896.00,42659626.00,86280.9,38240.3667,65435.7143,39715.7143,18064288.00,23073051.00,742662,763905,32543,54392
2025-09-12,70337,44831,28564,27930,16221,25188,705846.00,-3102485.00,7435971.00,16725184.00,85848.6,37991.5,62342.5714,35979.8571,8554149.00,12362480.00,761999,800982,28997.3333,50421
2025-09-11,61017,33699,28234,27244,14822,15897,-1191783.00,-70024.00,5104886.00,19163061.00,85416.4,37790.8,59357.4286,35027,11278228.00,10156469.00,757547,794160,34395.6667,58676.6667
2025-09-10,31822,19099,13000,15192,8943,8829,-1677947.00,-377259.00,3108855.00,10512755.00,88055.6,39403.6667,69462.5714,39152.8571,6712525.00,5411837.00,755591,788379,48403.6667,69594.6667
2025-09-09,58424,34194,22159,28834,10791,20244,-153058.00,-658898.00,6475087.00,14210503.00,87698.8667,39005.6,68311.5714,37792.1429,9017881.00,9523721.00,743132,778208,48729,78816.6667
2025-09-08,85784,49894,40951,35950,14746,30549,3062042.00,-861433.00,8656578.00,22547368.00,86666.7333,38380.9,62713.4286,34877,11175522.00,15098997.00,725560,763814,38324.3333,66450.3333
2025-09-05,64576,61123,28248,28329,29250,28495,-1404310.00,1986578.00,11677069.00,14735989.00,88379.5333,37995,61749.7143,28630.1429,13759818.00,10368930.00,733622,789006,26959.6667,58298.6667
2025-09-04,86090,35170,34625,44497,17821,11249,-871606.00,1876890.00,9701101.00,13755237.00,87748.6667,37934.4,58237,27016.5714,11465277.00,8716781.00,721875,815727,31229.6667,63788
2025-09-03,48685,18680,19683,24211,7202,9864,24763.00,-355767.00,3226097.00,12760045.00,88288.8667,37831.9333,69475,32571.5714,7113803.00,7494333.00,716428,806707,33226,64348.6667
2025-09-02,40121,27029,17295,18297,14479,9653,-478821.00,157545.00,3842351.00,8517979.00,89315.3667,37785.4667,71180.1429,31201.7143,5727148.00,5090782.00,706237,800428,34045.6667,66507.3333
2025-08-29,102558,47980,46250,44300,19640,21851,-2191756.00,333483.00,8396417.00,25891695.00,88498.3,37031.7333,68555.7143,29044.7143,16729646.00,14204407.00,719707,818395,23850.6667,51598
2025-08-28,50367,24669,22996,21094,11416,8237,1149464.00,269087.00,6034220.00,27075097.00,89283.1667,36884.2667,83827.5714,31040.2857,13578225.00,14458602.00,714356,808524,23586,55309.3333
2025-08-27,46597,29488,18989,22524,10328,11967,-2442485.00,-2012606.00,5852681.00,11489584.00,90727.2333,37118.0333,87939.4286,30181,8053232.00,7623353.00,703537,799839,32945,82227.3333
2025-08-26,57830,17395,27950,19784,6060,9035,2593668.00,-856024.00,3652512.00,20314210.00,91640.8667,37624.4333,93849.4286,33540.7143,8808040.00,12257732.00,697777,786669,32960,80303
2025-08-25,61501,23875,22784,31532,8852,11953,-1458586.00,42691.00,3889266.00,14406483.00,91757.8667,37689.7667,93938.8571,35173,8865830.00,7364553.00,689905,771032,35962,87865
2025-08-22,127351,57565,60579,47118,24416,24567,4530214.00,-625509.00,8631157.00,37365584.00,90181.0333,36848.2667,84094.5714,29848.5714,16886249.00,22041972.00,707911,797053,29653,97838
2025-08-21,52057,17440,18120,27512,6602,8893,352933.00,-674248.00,4226025.00,14729230.00,90962.0333,37212.4667,86646.1429,30752.4286,7527251.00,8554432.00,702674,795263,31664,105612.3333
2025-08-20,84187,32881,35552,39127,15436,13597,1981050.00,-37717.00,7018335.00,22502847.00,90443,37152.6667,89036.5714,31048.4286,12163704.00,14182471.00,696471,800479,34341.3333,110616.6667
2025-08-19,157270,38638,74116,58891,17283,17016,5096638.00,1042208.00,6091653.00,45979525.00,89450.7,37153.5,93593.7143,35410.4286,19627872.00,23682302.00,685500,772242,33229,78902.3333
2025-08-18,75380,23473,31484,29214,7971,10353,505247.00,239783.00,4099038.00,24553082.00,94579.4667,38160.6667,102748.5714,37772.1429,11100247.00,11808641.00,675396,746503,32169.3333,73256
2025-08-15,99200,40913,41039,43265,20169,16900,-793088.00,-27279.00,4977192.00,25275334.00,93492.9667,37343.7667,120689.2857,43968.4286,13681470.00,12915661.00,769249,896453,26454,63495.3333
2025-08-14,62127,35301,25140,29017,10982,21792,-134979.00,-1341140.00,5333448.00,13480619.00,95000.3667,36970.7667,137910.8571,51181.4286,7774086.00,8980247.00,758358,894685,26338,76426.3333
2025-08-13,58441,20294,25494,26234,10027,8560,-416357.00,127204.00,4348423.00,13757856.00,94995.8333,37148.3333,136912.2857,52573,8368180.00,7824619.00,752468,883422,42630.6667,120002.6667
2025-08-12,69918,23767,32004,28853,8769,12113,-11269.00,-910865.00,4562575.00,18044342.00,94479.1333,37436.1333,133826.7143,55687.5714,9149209.00,10123554.00,747978,870073,48043.3333,143184.6667
2025-08-11,100920,34953,38230,45750,12615,14091,-1636184.00,-351766.00,6696984.00,22334722.00,94779.4,37761,127605,56032.1429,11348607.00,10064189.00,735916,850669,64488,184473
2025-08-08,189170,69172,79961,84694,31955,28552,-1808478.00,1032630.00,10081661.00,33597714.00,92549.7,37080.7333,107445.1429,50104.4286,20757530.00,17916422.00,774242,874057,70028,182309
2025-08-07,139464,40005,63247,60884,12458,21795,1155325.00,-1267413.00,8080755.00,32731429.00,90373.3,37232.1667,103378.5714,54030.1429,16577892.00,19000630.00,770667,866937,66704.6667,152971.3333
2025-08-06,224785,84287,96122,109515,35305,38559,-2718387.00,-3547354.00,15945256.00,42865479.00,92634.1,37458.8667,78083.8571,45168,25678651.00,26522948.00,753046,824699,53798.6667,94149.3333
2025-08-05,182678,85792,85483,80209,31299,46586,4591864.00,-2100814.00,13695905.00,43858350.00,88675.8667,36307.9333,59818.4286,37362.4286,22302602.00,29660948.00,712543,752167,37656.3333,52379.3333
2025-08-04,51451,30035,21363,23004,11842,14711,1054890.00,-1626118.00,10130838.00,15626956.00,89117.9,37083.7333,69034,40149.7143,10113294.00,12794302.00,701676,741078,36870.6667,51246
2025-08-01,48319,45569,19389,23465,23245,17869,-1167687.00,1083770.00,11912872.00,12291168.00,89998.5,37843.7333,71726.1429,38404.4286,12089092.00,9820567.00,728044,788781,44176,72139
2025-07-31,57368,37365,23134,25438,13549,18718,2609384.00,-4898773.00,13345912.00,20145615.00,88948.4333,37423.8667,72800.8571,35296,10677730.00,18590747.00,721985,778945,39138.3333,68923.6667
2025-07-30,48051,27678,22089,21230,10536,13054,1417047.00,-1807511.00,9990251.00,17131856.00,88758.1667,37268.7,76067.2857,35004.1429,10207404.00,13431962.00,714181,770768,40296.6667,71180
2025-07-29,110998,67485,41628,55384,30043,23826,-1899979.00,1079085.00,16159190.00,28997744.00,86790.8,36848.3,71359.8571,28987.4286,20756411.00,17777347.00,691440,746130,34317,72834
2025-07-28,47722,22252,21772,19129,9148,10199,10546768.00,1018921.00,4491811.00,22398840.00,86556.2667,37243.4,75101.4286,28700.7143,7596942.00,17124789.00,682173,727562,38017,79314.6667
2025-07-25,54820,31153,21606,24833,12811,15536,-1015988.00,210053.00,6178135.00,14299989.00,86614.2667,37612.4,80115.5714,29464.7143,8210408.00,7157767.00,698677,758656,32834.6667,82671.6667
2025-07-24,115960,49546,55080,50409,17961,24591,1554425.00,-2808210.00,8440320.00,26537064.00,85581.5333,37425.2,75726.8571,27042,13919964.00,18282599.00,697842,750685,24864.3333,67657
2025-07-23,67164,33352,24115,33766,16974,12790,-834987.00,-497251.00,6824091.00,20741353.00,86362.1333,37721.3,75419.2857,25968.1429,11311938.00,10974202.00,683267,734153,22203,71284.3333
2025-07-22,64891,15606,23393,28631,7189,6532,8295067.00,-877094.00,3199310.00,35119672.00,87694.2333,38255.1,77584.2857,28355.8571,10383056.00,19555217.00,677946,715230,23749.3333,74291.6667
2025-07-21,70916,25635,32606,29927,11280,11544,926435.00,-862540.00,5323017.00,15965499.00,89312.0667,38663.5333,78237.2857,28746,8508095.00,10297070.00,666966,701761,27371.3333,80626
2025-07-18,78046,25368,38014,30780,10621,11854,348508.00,-249780.00,5717889.00,21163469.00,88402.3667,38622.5333,76890.1429,29563,11239015.00,11837303.00,740992,824023,29777.6667,83023.6667
2025-07-17,73913,20245,31446,35119,8662,8285,851498.00,654158.00,4931129.00,15556214.00,88171.2667,39614.4667,84545.5714,32194.1429,9136504.00,9333844.00,738748,808637,31641,80056.3333
2025-07-16,89919,36501,38307,39946,17985,14678,-816354.00,-260397.00,7812746.00,17734623.00,87374.0333,39456.1,104449,34649.4286,11622147.00,11066190.00,728028,787292,30247.3333,76765.3333
2025-07-15,85239,32587,29996,40403,14554,12574,-5320013.00,811403.00,7087430.00,34135024.00,87306.3333,40172.9,101787,32337.8571,16850554.00,10719138.00,717946,766815,28840.3333,73514.6667
2025-07-14,65011,25835,24447,31076,11280,11962,-1938661.00,330273.00,4746869.00,23479872.00,91035.0333,43644.1333,107835.2857,32091.5714,11105282.00,8836348.00,710113,756532,30591,74716.3333
2025-07-11,80046,32320,30006,37934,12338,13722,-2932431.00,1287040.00,7555498.00,20078255.00,89630.9333,43503.3,104729.4286,31134.5714,13611807.00,9392336.00,726171,790410,32705.3333,90534.6667
2025-07-10,75487,28366,37863,31059,11459,13437,1864667.00,-1197104.00,7102672.00,32330528.00,89500.8,43405.0333,101719.4286,31711,16266131.00,18670652.00,718451,776582,41146,141786.6667
2025-07-09,68616,31087,27679,33304,16295,12266,-1465346.00,1724024.00,6108650.00,37254367.00,89055.9,43452.1,107621.1429,33655.5714,21594690.00,18405320.00,704056,765964,36252.3333,141116.3333
2025-07-08,127501,38663,52931,54553,13709,12759,-1873017.00,860089.00,8044488.00,50560402.00,86219.4,43318.3333,106875.1429,35098.5714,25041115.00,22308009.00,690178,750258,31401.6667,134399
2025-07-07,229243,53688,105903,97031,18049,29953,2687504.00,-1386231.00,10051612.00,80499833.00,82583,43196.6333,84722.1429,33792.8571,38678054.00,42751789.00,672108,719462,22046,77419.6667
2025-07-03,66605,16406,28465,32114,5675,8244,-1022226.00,-4594.00,3043272.00,13503796.00,83269.1333,44703.3667,117008.4286,44461.7143,7948608.00,6930976.00,689192,753406,27377.6667,73357
2025-07-02,107349,24111,49374,46689,10178,11646,426546.00,201193.00,3659438.00,30742825.00,81712.9,45099.7333,110805.8571,48340.7143,15712316.00,15937669.00,687037,753086,34240.3333,74216.6667
2025-07-01,58305,25621,25870,26898,10534,12627,-1725260.00,138254.00,5042347.00,14921916.00,85877.4667,45531,111721.1429,52296.1429,9991912.00,8128398.00,682970,749987,41954.6667,95541.3333
2025-06-30,54417,32401,23641,25670,11341,13796,-2049095.00,225387.00,6014970.00,17153809.00,86227.4667,45365.0333,114624,57434.4286,11180111.00,8905629.00,671181,739925,46003.6667,102126.3333
2025-06-27,109928,44699,43279,53294,21853,17885,-4359494.00,1183609.00,7316485.00,25529336.00,86214.2667,45461.4,102615.1429,54587.2857,17469697.00,11926594.00,703922,772306,61466.6667,163020
2025-06-26,122279,48764,59159,51407,16127,27587,2909088.00,-1048107.00,10029038.00,37087071.00,90315.3333,46270.2667,91195.7143,50910,19592595.00,23549790.00,695958,754134,62300,143570.6667
2025-06-25,74172,44548,27935,36590,19655,20140,572024.00,226020.00,9258014.00,21158245.00,95730.4333,46490.6333,88025,52385,12667231.00,13013235.00,684975,743846,65220.3333,140417.3333
2025-06-24,292609,91088,165728,100733,33296,46952,12632988.00,-681563.00,14367765.00,73482966.00,88035.8,44653.4,52036,44244.5714,32572500.00,45887051.00,661881,666442,57647.3333,67793.3333
2025-06-23,63931,51264,23903,34420,20344,24023,-3425050.00,-286590.00,8013734.00,15311428.00,89094.9,44718.9667,50983,42953,10461690.00,9250630.00,647684,652272,48815.6667,55105
2025-06-20,64712,53309,33806,23811,20693,25591,1436910.00,-1410663.00,9558580.00,17787301.00,93654.8,46976.1667,53878.1429,41613.1429,10587394.00,13434967.00,843341,878950,38720.3333,47648.6667
2025-06-18,74737,68369,31957,36819,30911,32588,-864858.00,-353.00,9350885.00,15377086.00,96421.0333,49766.8667,56141.7143,37879.7143,11730027.00,10865522.00,838393,870870,34221.6667,40062
2025-06-17,25866,24769,10500,12674,9852,12990,515070.00,-1159805.00,6235668.00,7039611.00,99722.6667,51180.4667,67425.7143,38858.4286,5340683.00,7015558.00,831558,868241,37333.6667,45002
2025-06-16,42343,23023,15949,19488,9359,11650,532268.00,-243703.00,3549451.00,11170554.00,102297.2667,52193.8333,78441.1429,40982,5600193.00,6376164.00,825506,858924,43733.6667,49741
2025-06-13,51977,54873,25295,20694,24731,23563,552476.00,91383.00,9192894.00,9508127.00,102532.6333,51434.3667,78266.5714,36591.2857,7952837.00,8413930.00,872957,898887,40086,60741.3333
2025-06-12,40686,34105,15517,20936,19256,11485,-618525.00,253427.00,3407794.00,7761646.00,102907.4667,51073.0333,82022.8571,38862.4286,5357842.00,4485890.00,861604,896887,42796,77373.3333
2025-06-11,56560,42223,20707,26228,16288,19182,-696956.00,2538778.00,9198454.00,15204867.00,102347,50538.9333,83371.7143,37366.2857,11423345.00,8187611.00,853630,889595,39261.6667,93471.3333
2025-06-10,84978,43930,32909,40852,20857,18506,-2440676.00,-776153.00,6760172.00,27101396.00,100443.6333,49650.0333,83118.8571,38817.8571,15327733.00,13663210.00,840711,872182,37247.6667,104962.3333
2025-06-09,90582,42235,43908,39004,19118,18086,1681310.00,1286414.00,8634031.00,28780057.00,100920.7333,50374.8,95446,51351.7143,16621804.00,17016700.00,827954,853956,31215.3333,91686.6667
2025-06-06,104854,31620,37517,50284,11998,15860,-1888408.00,-573949.00,5131687.00,20812304.00,100390.9333,51118.1333,85884.4286,50848.1429,11815662.00,10501203.00,847101,888199,37343,79062
2025-06-05,119451,37888,58723,48680,13500,16724,2427372.00,281233.00,7391122.00,25005417.00,97879.0667,50886.4,79046.1429,49066.7143,13088364.00,15234503.00,840525,874911,35297,61245.6667
2025-06-04,50755,24138,22070,23650,11237,10824,435362.00,-27236.00,5252479.00,13069708.00,97703.2,51158.3,79691,50261.1429,8014413.00,8477011.00,833709,869264,45281.3333,72063.3333
2025-06-03,66980,50003,27394,31425,20818,22033,356181.00,-1844782.00,13162862.00,17376164.00,96832.9333,50876.5333,76180.4286,48067.8571,11520877.00,13792599.00,809291,853567,71937.6667,108694
2025-06-02,66002,31750,23243,34513,10612,16994,-970947.00,-1253552.00,6670630.00,15514363.00,97382.1667,51366.9667,83916,50680.2857,9206006.00,9488611.00,798096,838181,70719.3333,99334.3333
2025-05-30,83208,54091,34586,37512,21412,25656,1027831.00,-765205.00,12549588.00,20314167.00,96414.8333,50386.6333,84484.7143,51754.1429,12613161.00,14406197.00,823110,855953,61161.6667,95459.3333
2025-05-29,176872,129972,71260,93452,64309,56460,-6055385.00,2772033.00,24461634.00,43543715.00,92129.9333,46934.2,67883.2857,38329.8571,34886144.00,26058726.00,778337,834084,28670.6667,54925
2025-05-28,37923,28095,15439,18929,18874,7917,-3035384.00,2744714.00,6923522.00,14006544.00,91809.8333,46879.9333,88643.1429,39824.7143,12657276.00,6877178.00,766864,825443,30855.6667,56419.3333
2025-05-27,71583,25418,33177,31809,9352,13666,2033291.00,-1072299.00,4070210.00,31305013.00,90718.3333,47109.2333,87690.8571,40111,14892176.00,17997766.00,758232,802100,39062,72608.6667
2025-05-23,55269,32499,23194,25713,11227,16056,-1525557.00,-224206.00,7630017.00,16025120.00,90478.9,47430.0333,95442.7143,42266.8571,10868101.00,9566750.00,776143,838550,48765,83248.6667
2025-05-22,42406,34650,19299,18972,16088,11337,1275297.00,1520336.00,7355907.00,11122412.00,91247.7667,47523.6667,124429.1429,47749.7143,8388124.00,8143085.00,765675,830389,49215.6667,89334
2025-05-21,120151,50037,39542,71313,26066,19493,-8059368.00,513002.00,9307355.00,29746808.00,89181.1333,47485.4333,141068.2857,47910,22055674.00,13483304.00,760097,831471,45389.6667,110364.3333
2025-05-20,87189,61608,38287,38360,26116,24295,775546.00,1490093.00,8370676.00,29180422.00,88350.1667,47067.2667,137437,44247.5714,16993509.00,16278962.00,739092,820372,33994.3333,102940.3333
2025-05-19,60662,36002,25824,26329,15438,11611,-1077977.00,2147602.00,7585327.00,23025406.00,89731.6,49129.6,142443,46708.8571,15044245.00,11818666.00,721803,813241,37857,119230.3333
2025-05-16,183242,38559,85794,77486,18711,14607,-384393.00,1569549.00,7123239.00,60477005.00,85696.5333,49340,145052.5714,58489.7143,29708930.00,27754988.00,798278,894853,49347.3333,139920
2025-05-15,64917,27422,28551,28771,10535,14830,209129.00,-961555.00,5663735.00,19952337.00,85039.6,49045.5,158310.7143,76299.4286,10745869.00,11916553.00,793283,886566,57259.6667,197156
2025-05-14,109532,47590,45480,50175,19506,19553,-2783588.00,2093912.00,11970325.00,37231995.00,82365.3667,48135.8333,160508.2857,79097.5714,23384548.00,18507048.00,775261,874385,53386.6667,181235.3333
2025-05-13,245311,73030,121404,96133,28647,35901,1167350.00,2801488.00,15006384.00,86702888.00,75522.2,46689.1333,142546.8571,76296.7143,43756179.00,42122041.00,753125,832707,46787,131366.3333
2025-05-12,236625,51159,126299,87418,19363,25808,6144525.00,-22689.00,9619544.00,69392544.00,69160.2667,45831.7667,117177.2857,73572.4286,32859897.00,39027111.00,741580,769138,70075.6667,119661
2025-05-09,61770,35971,22953,33487,15681,16502,-2776681.00,658273.00,6088029.00,12794877.00,68638.5667,45114.7667,115771.7143,71757.2857,10079119.00,6644165.00,816175,852852,108782,151645.6667
2025-05-08,95704,53231,43516,42573,19849,30017,1258874.00,-1866712.00,8637217.00,19910855.00,67080.3,43981.9667,107777.7143,67895.7143,11535593.00,14661179.00,804687,837761,113430.6667,161382.6667
2025-05-07,201509,121025,84186,96074,50876,59778,-5166847.00,2179114.00,17256682.00,45979634.00,62131.6333,40810.8667,82973.1429,53072.5714,31963306.00,24617345.00,804143,808214,90897,134073.3333
2025-05-06,157724,152090,61192,76393,64201,72415,-1714865.00,-289051.00,23444085.00,46603893.00,59296.1333,36743.0333,75426.1429,40485.1429,31655337.00,30229523.00,731199,745528,50896.6667,101178
2025-05-05,124915,67177,48225,59465,24111,31689,-2791989.00,62526.00,12830426.00,60284682.00,57306.8667,35461.7667,70289.7143,38591.2857,33138211.00,30283696.00,712054,716359,36259.3333,76850
2025-05-02,119581,53424,59251,47023,23653,20285,273913.00,1462568.00,8728053.00,44684093.00,55510.8667,34710.2667,59506,35378.7143,23936243.00,22747588.00,730681,729101,27184.6667,50238.3333
2025-05-01,59038,32089,20975,27858,11527,14722,-1837612.00,1337258.00,8133845.00,23721305.00,54809.3,34468.6333,57569,35408.1429,13430020.00,10255150.00,719911,721244,22242.6667,39851.3333
2025-04-30,51931,23265,25286,20145,9191,11743,1268715.00,1025601.00,6427168.00,19654282.00,53895.3333,34614.8,55989.1429,38020.2857,11479454.00,11722568.00,712899,710490,35813.6667,57506
2025-04-29,39746,26200,18410,14157,7426,13200,1299158.00,167898.00,4745610.00,12048589.00,54007.7333,34785.2333,62093.8571,40915,6114086.00,7245346.00,699531,701524,45053.6667,73910.6667
2025-04-28,27877,17263,11197,12387,7829,7581,-1436380.00,735667.00,4273356.00,9394238.00,54977.8,35869.2333,65852.5714,41974.7143,7098337.00,4926290.00,694343,696551,49611.3333,79316.6667
2025-04-25,104895,63978,41748,43923,21720,31034,368418.00,-423283.00,10922815.00,25877947.00,52674.2667,34690,57771.1429,36606.2857,14286981.00,15078682.00,716471,702406,39050.3333,59511.3333
2025-04-24,88960,53920,47014,32914,19084,26773,2668043.00,-1402994.00,9784983.00,30161153.00,51701.7,34573.9,49108.2857,32684.4286,16139253.00,20210290.00,705467,688795,34927,43482
2025-04-23,44095,30936,19351,20266,14252,12760,1188104.00,929896.00,6503615.00,14328135.00,52847.1,35207.7333,48357.2857,32878.8571,9053409.00,9311617.00,698677,679823,40102.6667,56276.6667
2025-04-22,45479,32295,23579,17602,11907,12097,830949.00,-34034.00,6003521.00,12327954.00,53516.2667,37570.2333,48729.7143,34282.8571,7441190.00,8306173.00,687666,671983,37564.6667,59179.6667
2025-04-21,40872,41550,16777,19907,17016,20242,-163125.00,128067.00,8976318.00,13613985.00,54316.7667,36980.8333,52244,33698.4286,10397236.00,10106044.00,671185,658304,32514.3333,61664
2025-04-17,82479,46463,30379,33507,12925,20957,301101.00,-1057356.00,8464311.00,21841838.00,53186.3667,36168.4333,48768.7143,34045.1429,11528658.00,12887115.00,765398,739148,25849,43611
2025-04-16,54188,24681,17209,22129,10631,11197,-1333925.00,754797.00,7401521.00,20908312.00,53230.1667,36281.8333,49921.8571,37528.2857,11505731.00,9417009.00,757524,728994,28387.6667,38494.3333
2025-04-15,48325,26399,28434,15546,13520,9700,4144300.00,1690731.00,6578586.00,14459221.00,54302.3,36559.0667,57604.7143,47738.7143,8339371.00,10792940.00,747758,725874,33629,38414.6667
2025-04-14,28320,26467,11113,11769,10004,10824,-999622.00,537104.00,5302434.00,11296203.00,55394.3,36216.0333,62443.2857,50367.8571,6856729.00,5320003.00,740675,719338,37293,50798.6667
2025-04-11,38838,32297,18124,16132,12663,15783,281046.00,241103.00,8182679.00,11875396.00,56142.6667,36265.2,63353.4286,48409.2857,8816115.00,8856058.00,753733,743008,42824,57236.6667
2025-04-10,48086,42123,19702,25365,14203,25759,321321.00,-390690.00,10518856.00,17398176.00,57197.1,37603.4667,60670.4286,45291.7143,13004517.00,13716528.00,739345,736845,45137.3333,61961.3333
2025-04-09,65472,37459,29047,27894,14536,20151,418031.00,-2954205.00,15366369.00,20246252.00,56555.5333,36965.1333,57033.8571,44173.1429,14278672.00,17650908.00,734051,728391,65275,74172.3333
2025-04-08,58152,48890,25552,25394,23737,19770,522567.00,2865012.00,17870022.00,19124445.00,57306.366666666667,36920.133333333333,55264.571428571429,40822.857142857143,16363327.00,14020882.00,716056,718039,63935.333333333333,75518.333333333333
2025-04-07,62260,49063,26136,30036,25046,19928,-751021.00,1597704.00,22756007.00,22198974.00,58205.200000000000,37493.966666666667,52958.714285714286,35879.714285714286,21175561.00,18826836.00,711392,703569,53776.666666666667,69834.666666666667
2025-04-04,102105,97872,34955,59136,45488,44583,-2325978.00,269047.00,42901171.00,27101474.00,58279.033333333333,36327.200000000000,45366.000000000000,24647.571428571429,32729363.00,30134338.00,731955,744024,27919.333333333333,45568.000000000000
2025-04-03,62190,44871,28509,28325,21753,15964,439164.00,3843800.00,16970474.00,19721165.00,58738.000000000000,35791.233333333333,44060.142857142857,21936.285714285714,18319874.00,14915238.00,726777,738136,22838.666666666667,38176.666666666667
2025-04-02,45209,18587,19192,21771,5408,8536,-2325819.00,-294402.00,3122217.00,12162625.00,59575.400000000000,36205.633333333333,47981.571428571429,23574.571428571429,7904242.00,5872825.00,727913,729438,25122.333333333333,38362.666666666667
2025-04-01,29305,20300,11316,14377,7927,9781,-141344.00,-603648.00,3794463.00,9277969.00,62217.233333333333,37302.900000000000,53114.714285714286,24780.142857142857,5618013.00,6080317.00,720792,722295,23176.000000000000,43967.333333333333
2025-03-31,40016,29629,14077,16962,10581,10022,-1856487.00,1331727.00,6555859.00,9431197.00,64671.066666666667,37882.566666666667,56784.000000000000,24958.714285714286,8319799.00,5131585.00,705634,710992,19715.333333333333,46947.333333333333
2025-03-28,45767,25438,16360,22350,11289,11004,-866326.00,388240.00,5548360.00,9922457.00,67370.066666666667,38301.566666666667,55673.142857142857,24873.285714285714,7542713.00,6288147.00,715459,736699,19866.666666666667,49374.666666666667
2025-03-27,46119,14461,19937,20828,5123,6927,843109.00,289229.00,2846787.00,8924940.00,73012.433333333333,40698.600000000000,52586.428571428571,26757.428571428571,4908667.00,5462547.00,710297,720789,25064.666666666667,58221.333333333333
2025-03-26,48956,19247,18159,25845,7808,8332,-3074047.00,494867.00,4465836.00,11934733.00,75236.600000000000,41971.666666666667,51752.428571428571,28481.142857142857,9028027.00,5459113.00,705024,710164,28228.666666666667,63648.333333333333
2025-03-25,53049,25892,19486,26883,8030,12600,-1956451.00,-534432.00,7987362.00,14909541.00,86999.366666666667,45123.466666666667,52313.857142857143,31894.142857142857,9528531.00,8106512.00,691632,694967,29891.000000000000,67865.666666666667
2025-03-24,72659,30055,33345,31727,12845,14080,-1188300.00,1367027.00,7322259.00,18568090.00,107428.633333333333,55045.200000000000,47046.714285714286,31686.428571428571,13011413.00,10456086.00,679670,677040,28152.666666666667,56309.666666666667
2025-03-21,65237,28739,26909,26003,10840,14250,1944269.00,101083.00,5339158.00,18332132.00,116844.833333333333,60828.900000000000,46267.571428571429,34786.142857142857,8824733.00,10667919.00,816492,864194,27789.666666666667,42734.666666666667
2025-03-20,65701,30879,27736,30784,12481,13881,-296009.00,32986.00,5548136.00,15265298.00,127476.100000000000,66527.900000000000,48089.857142857143,37510.714285714286,9078550.00,8749555.00,811602,852576,27934.333333333333,35207.000000000000
2025-03-19,37991,24840,13361,12385,8472,11181,256785.00,-241279.00,6299853.00,9590019.00,137235.666666666667,71464.566666666667,52027.428571428571,48700.714285714286,5823217.00,6321281.00,808869,846822,36248.666666666667,41536.333333333333
2025-03-18,24512,27650,9815,11516,7621,18649,-1835999.00,-579114.00,6163578.00,6699549.00,140346.066666666667,72580.600000000000,57795.285714285714,48160.428571428571,6686446.00,5429561.00,795501,843107,36565.666666666667,45295.333333333333
2025-03-17,43118,31313,21888,17319,17589,11093,96310.00,1724891.00,7280343.00,11698474.00,141857.566666666667,73606.266666666667,58573.714285714286,46843.000000000000,9565974.00,7937393.00,781223,837623,42940.333333333333,50850.333333333333
2025-03-14,56979,49783,17809,25537,10277,25791,-746554.00,-1539685.00,9504019.00,10994692.00,143548.400000000000,74678.533333333333,58362.714285714286,43743.000000000000,7597932.00,8391063.00,774487,860097,42996.333333333333,58009.666666666667
2025-03-13,35789,28601,12999,18330,12819,13206,-2890169.00,-870902.00,10098432.00,11344254.00,145135.066666666667,77607.733333333333,64748.428571428571,44616.571428571429,10925473.00,8906206.00,774257,856109,67852.666666666667,67931.333333333333
2025-03-12,59783,50437,24973,28407,19894,27635,155059.00,-159463.00,13603484.00,14540525.00,145635.633333333333,78359.833333333333,64933.714285714286,39722.142857142857,12824677.00,13139199.00,752363,845380,58996.333333333333,69632.666666666667
2025-03-11,78457,49951,29994,39966,22229,23364,-205381.00,-773274.00,17573151.00,22693310.00,145333.366666666667,77867.566666666667,62481.142857142857,37410.857142857143,17727171.00,18295064.00,740979,833722,49709.666666666667,59669.333333333333
2025-03-10,65554,103170,23846,35302,32347,28446,-103817.00,-2314153.00,29519342.00,19667544.00,146211.833333333333,75487.200000000000,64504.714285714286,34425.285714285714,16393361.00,18603697.00,699423,819217,24680.666666666667,56318.666666666667
2025-03-07,64887,23868,32353,26323,11493,9500,1055561.00,1479409.00,6022999.00,17309747.00,146473.166666666667,75494.933333333333,61838.714285714286,33631.142857142857,11039777.00,10615929.00,726895,851685,28296.666666666667,61519.333333333333
2025-03-06,48567,22091,19987,23852,9936,9520,-1719540.00,735763.00,5106259.00,15226118.00,146671.433333333333,75608.566666666667,66425.857142857143,37266.714285714286,10400282.00,7944979.00,724578,847613,26325.000000000000,65690.333333333333
2025-03-05,55502,28083,22915,23195,11400,12906,-73384.00,28652.00,6082025.00,17229805.00,146798.400000000000,75725.100000000000,71243.428571428571,42723.142857142857,10488624.00,10386588.00,713245,835809,28221.333333333333,67619.333333333333
2025-03-04,80489,34716,29843,37753,12760,16797,-861064.00,-2009746.00,9719289.00,21294524.00,147872.600000000000,76468.066666666667,74647.857142857143,46745.000000000000,12729120.00,13877802.00,702231,827426,44073.000000000000,67362.666666666667
2025-03-03,61080,16176,22272,30602,8091,6315,-790006.00,294011.00,3252789.00,13774446.00,153461.100000000000,78548.833333333333,76773.428571428571,48547.285714285714,7873874.00,6789857.00,700208,815929,44784.000000000000,62411.000000000000
2025-02-28,61289,33772,21679,32360,15420,14766,-4498653.00,-992689.00,5415862.00,17815957.00,154144.433333333333,78779.100000000000,78065.142857142857,48154.000000000000,12454735.00,8948771.00,735385,862942,49373.333333333333,68873.666666666667
2025-02-27,79719,82271,34376,39585,49466,27566,-501904.00,1200037.00,9817975.00,21351460.00,153549.300000000000,78054.500000000000,82185.285714285714,44003.571428571429,15323437.00,13621496.00,703403,850324,44042.333333333333,72042.333333333333
2025-02-26,46225,18309,19298,22844,5694,11492,-842153.00,-947513.00,3639547.00,12143174.00,154836.166666666667,78678.866666666667,91814.714285714286,48105.000000000000,7127388.00,7232748.00,698011,847823,58895.666666666667,91407.333333333333
2025-02-25,80677,47540,45527,26923,24846,17794,273784.00,1829430.00,14036181.00,18870442.00,156058.700000000000,79065.533333333333,98394.714285714286,46743.285714285714,14925435.00,13369789.00,686937,848150,52646.333333333333,89834.666666666667
2025-02-24,89225,66278,39231,42868,31648,28093,-273224.00,-365855.00,16202804.00,30273192.00,156419.033333333333,78607.033333333333,116418.285714285714,49613.857142857143,21392250.00,21484881.00,670017,830034,40893.333333333333,83536.666666666667
2025-02-21,104320,62869,34942,55838,36064,20409,-9672816.00,880452.00,8408226.00,37204923.00,157923.833333333333,78076.566666666667,118041.285714285714,48838.142857142857,26064783.00,15511515.00,833201,1020622,37676.333333333333,84950.000000000000
2025-02-20,75959,28792,32747,34069,13228,13033,-12643451.00,20316.00,3401308.00,39711305.00,162064.333333333333,79961.700000000000,165180.285714285714,61931.571428571429,26238621.00,13574854.00,823559,1013141,43752.000000000000,97507.333333333333
2025-02-19,70331,31019,26908,34849,13536,13170,-1516962.00,546786.00,5273829.00,31092869.00,166200.166666666667,81218.766666666667,253066.857142857143,104315.571428571429,17611434.00,15547686.00,816884,1003050,46081.666666666667,116309.333333333333
2025-02-18,108560,53218,50385,46326,24062,18254,5752495.00,609188.00,8199787.00,43290712.00,168116.433333333333,81455.433333333333,287233.000000000000,125605.857142857143,20164370.00,25307677.00,790990,992689,57133.000000000000,151919.333333333333
2025-02-14,113631,47019,49067,52419,22527,18223,-1246535.00,937244.00,6489862.00,27961383.00,167640.300000000000,80456.600000000000,325948.428571428571,147724.428571428571,15747022.00,13563243.00,871512,1076454,60606.333333333333,152602.666666666667
2025-02-13,126737,38008,64569,47956,15584,18269,5953455.00,-106700.00,5199414.00,38523077.00,167045.333333333333,80670.900000000000,355097.142857142857,167000.428571428571,16625552.00,22685707.00,863027,1063404,88085.666666666667,245667.666666666667
2025-02-12,215390,86372,106052,89339,28983,39195,5257488.00,-110218.00,12616240.00,65769409.00,163274.533333333333,79248.833333333333,341159.142857142857,163394.571428571429,32389303.00,37757009.00,836682,1043572,168530.666666666667,402383.333333333333
2025-02-11,115681,57439,50958,52497,30930,18965,-1135294.00,2285937.00,10629631.00,39286162.00,161548.466666666667,79423.666666666667,337270.857142857143,164058.000000000000,24309921.00,20888690.00,828391,1038461,216801.000000000000,479730.666666666667
2025-02-10,405932,120446,183892,159197,42316,59135,18370210.00,82004.00,18971634.00,155244894.00,150107.800000000000,76800.600000000000,294666.857142857143,158558.714285714286,72789966.00,78741996.00,791379,1025257,243935.333333333333,472633.000000000000
2025-02-07,685537,327707,347806,265921,124080,161527,28836155.00,899283.00,31813160.00,195927546.00,131410.866666666667,67199.766666666667,208645.714285714286,128383.000000000000,87518990.00,115455862.00,853717,1125548,192346.333333333333,354380.000000000000
2025-02-06,347723,202250,175945,131675,72968,108366,18257414.00,-245366.00,16833272.00,83983180.00,123725.500000000000,62138.900000000000,169656.714285714286,109918.714285714286,35345193.00,54669473.00,855333,1119252,145306.666666666667,277747.000000000000
2025-02-05,384639,201849,164587,176091,88145,86728,-371614.00,1423662.00,39117735.00,66790913.00,114224.800000000000,56748.633333333333,124621.000000000000,86109.285714285714,46064073.00,44268797.00,791196,1027960,98718.000000000000,179021.666666666667
2025-02-04,330778,172940,146885,140791,76473,70439,-2925906.00,387196.00,28443300.00,84037916.00,111502.466666666667,53820.600000000000,90496.714285714286,65940.571428571429,50067795.00,46754693.00,735951,956776,68388.333333333333,104663.666666666667
2025-02-03,117824,61131,50521,52933,18008,25248,-722400.00,-136476.00,11646131.00,32117734.00,112435.366666666667,53452.166666666667,84054.285714285714,60650.428571428571,19508654.00,18922730.00,713793,902543,86837.000000000000,93185.333333333333
2025-01-31,88463,62083,42180,35478,17715,38049,193657.00,-649044.00,9470806.00,15010460.00,115024.833333333333,54246.800000000000,79204.571428571429,55424.285714285714,9758518.00,10601219.00,765166,969083,90476.000000000000,88631.000000000000
2025-01-30,107704,81951,56141,41765,29108,42649,805731.00,-1072680.00,9451969.00,19651633.00,119207.700000000000,54576.933333333333,72291.285714285714,48228.285714285714,11954488.00,13832899.00,764605,947364,74886.666666666667,75859.333333333333
2025-01-29,83389,116477,35048,37945,46767,49161,-160023.00,-316508.00,14439779.00,20519564.00,125156.366666666667,53331.266666666667,76480.714285714286,39732.285714285714,14794207.00,14950692.00,723936,922581,46647.333333333333,78699.000000000000
2025-01-28,74800,73000,29710,35270,45409,20483,-185033.00,1429151.00,9117180.00,17636196.00,134337.033333333333,56990.866666666667,98471.428571428571,40532.142857142857,11957164.00,10342980.00,684194,906411,30347.333333333333,78008.000000000000
2025-01-27,69389,35183,32575,29278,15230,16296,1408634.00,-295911.00,6915177.00,19601166.00,134195.533333333333,56691.866666666667,100242.857142857143,41317.428571428571,11131388.00,12835933.00,672933,892571,27119.666666666667,73050.000000000000
2025-01-24,91908,31759,36939,45232,13515,13540,-3543339.00,-690014.00,4447145.00,24178840.00,134778.400000000000,56620.233333333333,95951.000000000000,45428.000000000000,14123390.00,11270065.00,689462,932294,27059.666666666667,62184.333333333333
2025-01-23,72727,24100,31021,34105,10429,9519,-2121703.00,1397932.00,4963854.00,20859686.00,137145.500000000000,57744.000000000000,97680.142857142857,47276.571428571429,13615909.00,9462024.00,679806,926373,38028.000000000000,75513.666666666667
2025-01-22,54515,25500,24460,22646,10702,13002,1979521.00,-1193874.00,5860594.00,15773057.00,146979.266666666667,62703.666666666667,106657.000000000000,52082.285714285714,8164843.00,11338238.00,675024,916707,55727.666666666667,133587.000000000000
2025-01-21,59311,31579,25835,26308,11983,16088,-1189219.00,-81696.00,5807315.00,14573124.00,146428.933333333333,62223.800000000000,112474.714285714286,55074.285714285714,9760616.00,8653093.00,659734,897936,58761.333333333333,141079.666666666667
2025-01-17,112715,57005,43692,51448,33940,18478,-1145828.00,742984.00,6979982.00,24101477.00,144184.066666666667,60873.366666666667,117724.571428571429,53638.571428571429,13906739.00,12017927.00,880822,1171491,59937.333333333333,124129.666666666667
2025-01-16,228735,78599,121624,81614,35685,26211,6737073.00,-1290306.00,23678213.00,50601936.00,138103.200000000000,59166.466666666667,113644.428571428571,54602.428571428571,24867701.00,37818880.00,869254,1199156,46084.333333333333,76161.666666666667
2025-01-15,81789,40680,34411,34720,17867,15286,-572881.00,1386479.00,7275292.00,18197863.00,136187.166666666667,58353.566666666667,129732.571428571429,58609.714285714286,11151553.00,9192193.00,862253,1191160,52237.666666666667,88016.333333333333
2025-01-14,61865,60533,22916,30915,10227,34082,-1473537.00,-3295114.00,10689368.00,13291570.00,135743.400000000000,56979.533333333333,144615.857142857143,58579.000000000000,9515695.00,11337272.00,839607,1185334,49567.666666666667,100739.666666666667
2025-01-13,84831,37040,30306,38146,10904,22406,-1246083.00,195068.00,4514063.00,17473770.00,134138.066666666667,56468.233333333333,146689.571428571429,55723.857142857143,10093209.00,8652058.00,823505,1171752,52872.666666666667,122284.000000000000
2025-01-10,117353,59140,56419,47109,26131,21578,-1252109.00,1608870.00,6465271.00,25272034.00,132174.466666666667,55169.266666666667,145480.285714285714,53623.428571428571,15089875.00,12228896.00,885103,1208456,61608.000000000000,149891.000000000000
2025-01-08,100035,52523,45265,41692,21686,19088,-1450948.00,1286910.00,15558826.00,19725659.00,130874.600000000000,54358.100000000000,145799.000000000000,52364.428571428571,14497243.00,11759385.00,869050,1194322,67010.666666666667,181348.000000000000
2025-01-07,149464,46955,57854,77859,21418,17580,-3045856.00,-1179825.00,8710380.00,47376852.00,127423.800000000000,53532.300000000000,133575.428571428571,54611.428571428571,29620821.00,20759862.00,851949,1175008,71465.000000000000,186876.000000000000
2025-01-06,200174,85346,80518,90637,41565,33487,-2422663.00,1134826.00,11414583.00,49109611.00,122538.066666666667,51200.766666666667,113938.000000000000,48384.000000000000,27840337.00,24282848.00,828054,1141051,48701.000000000000,153267.000000000000
2025-01-03,194406,68731,91268,78088,25984,32326,961213.00,-1167818.00,11282641.00,48127505.00,117879.200000000000,49795.866666666667,103969.857142857143,44234.142857142857,24528886.00,25766617.00,835940,1169867,40603.000000000000,124761.000000000000
2025-01-02,166048,60318,84515,59902,25861,27147,1341169.00,-825949.00,15670232.00,36061605.00,117574.533333333333,50337.133333333333,96986.142857142857,42820.714285714286,19938347.00,22105465.00,820352,1145087,35067.000000000000,103500.333333333333
2024-12-31,99347,17054,42127,47299,7807,6870,-1711069.00,611059.00,4555017.00,16109681.00,116621.633333333333,50780.600000000000,97024.857142857143,46118.857142857143,10257065.00,7934937.00,814084,1123761,50277.000000000000,91684.333333333333
2024-12-30,108888,44437,58895,40501,10792,17851,-167901.00,1464885.00,22920855.00,19045636.00,114207.000000000000,50375.033333333333,117056.285714285714,51927.714285714286,12836902.00,11204116.00,796244,1087011,49382.666666666667,76292.333333333333
2024-12-27,102266,43710,47059,43068,19009,16545,-3379624.00,578488.00,14888718.00,22117993.00,111847.466666666667,49611.300000000000,123277.000000000000,52837.428571428571,16720790.00,12762678.00,809543,1156890,48040.000000000000,83746.666666666667
2024-12-26,63899,62684,27795,25528,23299,25046,-210627.00,2536430.00,59500725.00,15064697.00,110773.300000000000,48336.400000000000,137883.857142857143,56157.142857142857,27576854.00,28233532.00,801320,1138548,43953.333333333333,101501.000000000000
2024-12-24,62712,41754,26337,30342,16184,19541,-1112521.00,-323691.00,12653688.00,9710521.00,110108.166666666667,47872.233333333333,162237.857142857143,63314.428571428571,9719606.00,8930776.00,774643,1130512,43415.666666666667,113803.000000000000
2024-12-23,124629,39682,48804,63408,14997,16430,2157105.00,172360.00,12569068.00,19009509.00,107991.366666666667,49251.366666666667,181840.714285714286,68946.571428571429,11710012.00,13694757.00,756998,1082325,58554.666666666667,155296.000000000000
2024-12-20,117162,50424,50935,54404,18669,23184,-99832.00,-2834035.00,13169434.00,17584838.00,106056.233333333333,49213.100000000000,215134.714285714286,87855.714285714286,11087563.00,13821766.00,828628,1223176,58439.333333333333,164845.666666666667
2024-12-19,99618,40141,41330,47084,17899,16227,-1184231.00,479659.00,12887620.00,17753701.00,104418.000000000000,48858.433333333333,210209.857142857143,85866.000000000000,13980401.00,12316511.00,835249,1206248,73699.666666666667,187022.000000000000
2024-12-18,249108,85099,115228,103218,44674,28152,5264829.00,2131519.00,20792923.00,47330345.00,97154.833333333333,46896.066666666667,190250.714285714286,77939.000000000000,26045623.00,29178933.00,829006,1188595,75951.666666666667,181716.000000000000
2024-12-17,145811,50078,74794,55636,15566,24460,5413429.00,-658295.00,15968744.00,25333996.00,93515.066666666667,47265.100000000000,189954.857142857143,79044.000000000000,14653562.00,20725286.00,812430,1152891,85628.000000000000,220395.333333333333
2024-12-16,166147,85922,84634,68189,34739,38084,5087246.00,307578.00,45034713.00,31550565.00,90726.700000000000,46229.300000000000,216152.142857142857,91668.000000000000,31846476.00,35071777.00,781881,1084253,117916.666666666667,281753.000000000000
2024-12-13,233190,91855,97935,100388,38218,44216,1243024.00,-2416691.00,25881511.00,44245677.00,89085.400000000000,48917.333333333333,188953.714285714286,81000.571428571429,27690970.00,31860685.00,794675,1079887,96036.000000000000,225737.666666666667
2024-12-12,261849,79107,116347,120672,36401,27142,3445604.00,-4181161.00,31913457.00,46680545.00,83522.733333333333,48791.533333333333,158028.000000000000,72055.571428571429,26062135.00,37313900.00,785093,1008368,79537.000000000000,174919.333333333333
2024-12-11,350220,182788,145093,174911,82352,74403,-5095917.00,-170890.00,35371870.00,57504096.00,72947.800000000000,43378.800000000000,114612.142857142857,49856.142857142857,44160996.00,39235969.00,727618,855810,37878.666666666667,106092.666666666667
2024-12-10,65144,26213,27510,27602,9290,10010,2320921.00,-223043.00,5203911.00,14567212.00,71824.433333333333,42936.600000000000,108778.428571428571,48439.000000000000,6267533.00,8811497.00,718933,831134,87237.666666666667,200887.333333333333
2024-12-09,109394,29610,47015,45933,9615,12280,2266384.00,-296937.00,9023646.00,22463316.00,69580.666666666667,43433.133333333333,100086.714285714286,46967.857142857143,11689385.00,14252706.00,706411,790706,83095.333333333333,178689.666666666667
2024-12-06,143740,57813,61313,70098,25928,25988,1133424.00,-137364.00,13385451.00,25135265.00,66105.733333333333,43695.400000000000,84791.142857142857,41809.000000000000,16544175.00,17814963.00,718224,820184,69321.666666666667,145899.333333333333
2024-12-05,349528,174290,150381,172133,91020,65301,-272585,6526645,48255387,65568357,55267.466666666667,38678.433333333333,43207.857142857143,19792.000000000000,53771600,45152120,666720,662240,20355.666666666667,44826.333333333333
2024-12-04,42801,17183,17361,20587,6637,7135,-140344,204594,4048518,7820454,54878.800000000000,38398.666666666667,45813.285714285714,21364.142857142857,5391591,5046653,660907,654405,20059.000000000000,38662.000000000000
2024-12-03,45369,16492,19788,19811,8137,6893,240881,591655,3980522,8717935,54841.333333333333,39084.400000000000,45894.857142857143,22176.857142857143,5710762,5359988,653428,639113,20999.000000000000,39723.000000000000
2024-12-02,46309,27392,22709,17539,4472,15865,522440,-1159797,3772296,8602208,55723.600000000000,39285.166666666667,46936.714285714286,20463.714285714286,4478657,6160894,636535,624819,19102.000000000000,36510.333333333333
2024-11-29,24308,16293,8457,10590,5194,9619,-484179,-545774,1833657,4438141,58028.633333333333,40644.400000000000,51269.857142857143,21933.857142857143,2377662,2439257,658385,651483,20394.666666666667,47889.333333333333
2024-11-27,48552,19312,16338,25755,7761,9092,-1354739,-1055778,4968561,8051026,57579.700000000000,41114.166666666667,66749.285714285714,30111.571428571429,5953501,5654540,651026,636024,23353.333333333333,52051.666666666667
2024-11-26,36671,21701,18257,15285,7419,11801,1000557,-1466358,4866165,8482834,57769.866666666667,41975.000000000000,71619.142857142857,31348.285714285714,4884031,7350946,644214,622980,23513.333333333333,55141.333333333333
2024-11-25,58445,20171,27238,26156,7556,10466,-1564759,-1077611,3691958,13485188,58062.666666666667,43015.533333333333,68476.857142857143,33076.714285714286,8203108,7715960,637605,613251,21923.000000000000,53527.000000000000
2024-11-22,61039,28188,31670,23130,9588,13943,1061637,-346856,5051543,9658798,67632.200000000000,46928.133333333333,64254.142857142857,32021.000000000000,5483760,6892253,666923,645514,21388.333333333333,51394.000000000000
2024-11-21,45940,22181,22751,19023,10227,10223,494710,857662,5894211,7630686,68291.800000000000,48537.966666666667,62216.142857142857,32343.285714285714,6377505,6014553,666728,634874,39513.333333333333,88383.333333333333
2024-11-20,53602,15400,25681,23024,4984,6820,1283647,288438,3754410,12723671,70114.233333333333,49945.200000000000,60667.000000000000,34118.857142857143,6626691,7621900,662314,625045,44499.333333333333,94102.666666666667
2024-11-19,54640,26584,26223,21835,16210,6539,328459,1536961,5884049,9563920,70847.800000000000,50287.466666666667,61593.428571428571,41900.571428571429,6946727,5738225,658840,610417,46394.666666666667,88039.000000000000
2024-11-18,156908,76556,66399,70413,33845,32089,1466333,-522755,14136983,35204855,66749.066666666667,48565.033333333333,47622.000000000000,38003.428571428571,20315697,22304785,619537,549913,27808.666666666667,46229.666666666667
2024-11-15,70760,30358,31382,25730,11846,15541,1113507,-242661,3115357,11765702,65487.466666666667,48247.200000000000,44723.571428571429,37881.000000000000,5861097,7217265,691706,649232,25835.000000000000,33201.000000000000
2024-11-14,36449,32270,17179,15373,9757,19996,290687,-1649217,8683811,5901834,66221.366666666667,48659.133333333333,43975.571428571429,37017.857142857143,5824318,7764222,689720,642418,24354.666666666667,35304.000000000000
2024-11-13,31480,20798,12307,15394,7576,8008,159839,546484,5283694,5756821,66329.800000000000,48815.866666666667,44709.571428571429,42782.285714285714,4868991,4482346,686260,635411,44440.666666666667,45185.666666666667
2024-11-12,31674,24437,12202,14697,7138,13229,-92179,-449254,3721010,5463477,65847.433333333333,48566.500000000000,51969.857142857143,47126.714285714286,3547330,3904405,680131,628781,52720.333333333333,54330.333333333333
2024-11-11,42758,27829,16929,20668,9592,12371,-844330,-365263,4542996,8182197,65079.033333333333,48630.166666666667,72140.285714285714,67793.428571428571,5534867,5055800,668664,619854,53277.666666666667,56901.333333333333
2024-11-08,61125,81056,27703,28917,29191,46437,-494971,-1314952,13638195,11862740,63980.266666666667,46746.466666666667,76975.142857142857,66975.857142857143,10747022,11567003,688555,629835,35001.666666666667,46930.666666666667
2024-11-07,59108,49276,22938,27546,27532,14121,-1282132,3678911,10200528,11626816,63151.166666666667,46003.733333333333,73241.428571428571,62851.571428571429,12218818,7257775,689167,616119,38959.333333333333,39434.000000000000
2024-11-06,50471,29501,23162,20751,13651,12557,-305597,-317678,6935611,11230944,62821.033333333333,45619.000000000000,70523.142857142857,60486.714285714286,8206166,8218247,685729,608265,47408.333333333333,50109.000000000000
2024-11-05,31213,26228,15425,12506,12580,12270,-789380,-1139114,5896614,9462097,63860.933333333333,45973.133333333333,72075.714285714286,63097.857142857143,6926089,7275823,679656,604068,96164.333333333333,101021.666666666667
2024-11-04,36618,61149,13686,15693,25518,26965,-432166,-314998,11939921,10114885,64703.966666666667,44593.433333333333,72486.285714285714,63745.285714285714,9619304,9502136,648663,592548,100892.333333333333,120472.000000000000
2024-11-01,82496,54848,38077,36742,17278,30963,-842900,-2598045,11264655,23339294,63514.933333333333,43596.400000000000,64184.000000000000,59307.142857142857,14706417,16461562,686028,644492,89411.666666666667,103964.000000000000
2024-10-31,183951,172496,81825,85501,86941,72841,196445,3658236,75178038,38743617,59896.200000000000,39169.700000000000,42354.000000000000,35920.571428571429,53051796,52065935,668207,583657,36228.666666666667,53128.000000000000
2024-10-30,94969,75333,43343,43313,29895,38642,133178,-962005,10649375,22949532,58185.266666666667,37342.800000000000,35107.714285714286,30453.571428571429,14686250,15781433,637084,559346,25953.000000000000,35498.666666666667
2024-10-29,32972,20406,15442,14308,7153,11118,715201,-1054298,4325799,9338083,58439.200000000000,37499.400000000000,40794.142857142857,32312.000000000000,5396837,7166336,633012,550183,41044.666666666667,37672.000000000000
2024-10-28,31443,12947,14288,13896,4795,6537,-893721,-475843,2998329,7808878,58239.233333333333,37803.766666666667,49653.571428571429,38615.285714285714,4944795,4526917,627274,537652,44656.000000000000,35317.666666666667
2024-10-25,42081,44506,17018,20501,14840,24911,-1199987,-695505,8893482,11104975,60399.866666666667,38124.133333333333,48654.000000000000,37029.428571428571,8888174,8383692,635903,581566,32750.666666666667,31671.000000000000
2024-10-24,39492,65681,18260,17586,28410,28901,1090534,5407276,15904509,10785842,60238.366666666667,36803.866666666667,49066.000000000000,34435.857142857143,13945041,9628299,621954,571047,23211.666666666667,33255.333333333333
2024-10-23,24380,23781,9622,12764,9203,12943,-522463,-436292,3515700,5302691,60202.400000000000,37009.500000000000,55187.285714285714,38379.571428571429,4098814,4012643,608005,568509,26423.000000000000,49387.666666666667
2024-10-22,31141,8790,13914,13905,3855,3872,639539,380006,1764528,7527733,61514.433333333333,37857.733333333333,100470.714285714286,57919.000000000000,3976334,4235867,605164,567418,42516.333333333333,70160.333333333333
2024-10-21,44245,37064,19471,20186,15986,12037,596365,-119417,5550447,11190043,60554.533333333333,37074.933333333333,103539.714285714286,62692.142857142857,6505722,7221504,584808,557416,41296.666666666667,67106.666666666667
2024-10-18,72777,33415,35592,30922,12170,18558,-246950,-165003,6172973,15021521,59345.433333333333,36749.500000000000,108610.857142857143,66149.571428571429,9744014,9662067,658432,655857,46000.333333333333,56973.000000000000
2024-10-17,93459,57070,43670,41511,26967,23779,2606323,-171728,10033016,22381089,57240.133333333333,35398.866666666667,106209.142857142857,63261.285714285714,13301557,16079608,633016,627571,44106.000000000000,48229.666666666667
2024-10-16,35084,33405,15121,15199,12102,18403,-472972,130048,6490541,12633012,56526.566666666667,34975.033333333333,106046.571428571429,62043.857142857143,8138598,7535578,620191,619056,81493.000000000000,152576.666666666667
2024-10-15,42376,47526,17600,20326,24194,18397,-1188272,1952880,8728175,11047742,56293.100000000000,34150.333333333333,104694.571428571429,58229.142857142857,10400027,7258875,618003,617529,89143.000000000000,160360.666666666667
2024-10-14,67229,51387,27985,31596,20432,18415,-1850350,2293113,11271091,20864097,54900.133333333333,32982.033333333333,103442.714285714286,57263.571428571429,15672748,11529285,597951,604665,91219.666666666667,174042.666666666667
2024-10-11,348125,145566,166317,141590,64483,65129,12583749,1021186,19582433,127364037,44044.633333333333,28671.666666666667,58672.428571428571,40111.285714285714,57997150,68591713,635157,653392,54981.666666666667,83550.000000000000
2024-10-10,65728,70476,34709,23111,32930,29524,482588,-875723,8849272,14679312,42530.000000000000,27126.866666666667,51740.285714285714,32465.571428571429,9293467,10651778,614951,644598,39784.000000000000,72956.000000000000
2024-10-09,108275,57617,53393,45539,23029,28036,-504003,-264468,6074422,25558256,39375.233333333333,25764.366666666667,39087.571428571429,28483.000000000000,15306849,13439285,584320,649070,27519.333333333333,47835.000000000000
2024-10-08,76647,36852,36812,29337,16832,12551,1511298,328708,6004955,21259442,37618.766666666667,25413.233333333333,32161.142857142857,26724.857142857143,10040261,11222851,567487,621757,30111.333333333333,41774.666666666667
2024-10-07,33946,24883,12847,13460,10223,9522,294809,13142,3111621,8390097,37976.833333333333,25484.200000000000,32202.428571428571,27026.428571428571,4528575,4810242,561253,612956,30317.000000000000,42037.000000000000
2024-10-04,32912,20823,15063,14353,8771,10249,-30581,483831,3081961,6551841,37628.733333333333,25332.700000000000,33296.000000000000,26617.285714285714,4745851,4231439,591746,624864,29028.000000000000,36800.666666666667
2024-10-03,58466,44628,29238,20981,17458,20404,1769399,878626,6730295,7995389,36542.066666666667,24718.466666666667,33859.428571428571,25506.428571428571,5745993,6636766,562247,590763,24065.000000000000,23880.666666666667
2024-10-02,34733,25500,15359,16216,7703,14915,2207885,-1202535,5609251,6802802,36132.966666666667,24734.133333333333,37741.714285714286,24686.142857142857,4023662,7434082,557082,575356,23746.666666666667,21690.333333333333
2024-10-01,17203,16956,5596,8748,5253,9931,-1051081,-731350,2464615,4596621,36823.800000000000,25294.900000000000,41973.428571428571,25826.285714285714,3346389,3026658,551001,573082,27092.666666666667,27367.666666666667
2024-09-30,19706,29739,7513,9932,15074,12400,-94406,-220867,4946218,6716947,37184.233333333333,25584.733333333333,49928.142857142857,27248.571428571429,4849601,4976062,533056,568245,23166.000000000000,34321.333333333333
2024-09-27,28162,24545,14353,11745,11836,10451,1218083,1002413,4017709,7488788,38334.100000000000,25261.300000000000,52139.428571428571,26674.428571428571,5250433,5466103,542639,584008,27268.333333333333,45737.333333333333
