date,call_volume,put_volume,call_volume_ask_side,call_volume_bid_side,put_volume_ask_side,put_volume_bid_side,net_call_premium,net_put_premium,call_premium,put_premium,avg_30_day_call_volume,avg_30_day_put_volume,avg_7_day_call_volume,avg_7_day_put_volume,bearish_premium,bullish_premium,put_open_interest,call_open_interest,avg_3_day_put_volume,avg_3_day_call_volume
2026-09-25,18417,16217,7696.0,9358.0,6430.0,8701.0,-3990879.0000,-1708642.0000,24022705.0000,15314969.0000,22364.3667,22484.6333,18173.8571,18698.1429,20191785.0000,17472048.0000,259585.0,172259.0,15558.6667,17615.3333
2026-09-24,14398,15151,5725.0,7486.0,7192.0,6753.0,-2348114.00,1315640.0000,31019687.00,21837317.0000,22767.3667,22944.0333,20040.4286,20424,27222129.0000,23558375.0000,253927.0,169695.0,14801.3333,17706.3333
2026-09-23,16496,16668,7210.0,7831.0,7150.0,8258.0,-697365.0000,2157338.0000,54335475.0000,24039710.0000,22890.6,23043.2333,19943.1429,21074,39031879.0000,36234776.0000,249940.0,164848.0,17951.6667,19932.6667
2026-09-22,21952,14857,11086.0,9650.0,5972.0,7705.0,6052304.0000,-359982.0000,50216772.0000,25292923.0000,23234,23242.9667,20046,23305.5714,32235595.0000,38647881.0000,245302.0,160388.0,22984.6667,18221.3333
2026-09-21,14671,12879,6294.0,7358.0,6588.0,5569.0,272418.00,210626.0000,26688320.00,16963794.0000,24607,24330.5,20778.2857,23739.1429,20517669.00,20577451.0000,240570.0,155362.0,23777.3333,19900
2026-09-18,23175,26119,11643.0,9825.0,10837.0,13203.0,5911313.0000,-772946.0000,32705210.0000,27533906.0000,26219.3,25743.1,20281.2857,23261.7143,25422705.0000,32106964.0000,276535.0,200613.0,24148.3333,21329.6667
2026-09-17,16818,29956,6688.0,8531.0,15644.0,12673.0,-6438128.00,-1088178.0000,33147531.00,91434101.0000,27243.8333,26045.2333,23475.7143,21736,55692753.0000,60129030.0000,269617.0,196642.0,21235.6667,20995.3333
2026-09-16,19707,15257,7896.0,10129.0,6509.0,7674.0,1219007.00,85054.0000,45931911.00,36154063.0000,27201.1,26151.8,24705.1429,22449.5714,40365015.0000,38088968.00,265218.0,189050.0,26309.3333,21983.6667
2026-09-15,27464,27232,12229.0,13946.0,11149.0,14484.0,-4518932.0000,2813210.0000,61896617.0000,37638768.0000,27092.8333,25830.5,23616.2857,21411.1429,51011189.0000,43679047.0000,265541.0,183675.0,22536.6667,19428
2026-09-14,15815,21218,7320.0,7470.0,8623.0,9321.0,3751590.0000,2494641.0000,29108104.0000,31944473.0000,27613.2333,26436,24549,20923.5714,28085437.0000,29342386.0000,262674.0,178974.0,23056.3333,20721.6667
2026-09-11,22672,30478,8250.0,11860.0,13327.0,14249.0,-8613480.0000,3716405.0000,37544643.0000,37263623.0000,27843.4667,26527.8333,23757.2857,19025.2857,41307890.0000,28978005.0000,273891.0,193588.0,19322.3333,26224
2026-09-10,19797,15914,6944.0,11260.0,5680.0,8814.0,-4079376.0000,-12198246.0000,37478075.0000,33094620.0000,27808.9667,26710.9,24316.4286,19529.2857,27944237.0000,36729207.0000,270147.0,189093.0,20768.3333,29062.6667
2026-09-09,19696,22777,8400.0,10392.0,7389.0,13865.0,-6469300.0000,-5961411.0000,62719644.0000,40238349.0000,27805.4,27011.3667,24103.7143,20279.1429,49772638.0000,49264749.0000,265679.0,184390.0,19830.3333,29111.3333
2026-09-08,39179,19276,17827.0,19143.0,8599.0,9196.0,-2032232.0000,3895242.0000,86741246.0000,44972991.0000,26924.5667,26802.9667,20964.8571,21333.7143,66338748.0000,59151274.0000,261003.0,176104.0,19340,23499.6667
2026-09-04,28313,20252,13866.0,12542.0,7155.0,11376.0,5090450.0000,1329415.0000,63108485.0000,36018607.0000,26633.2,27295.2333,19549.1429,21393.4286,46018458.0000,49664293.0000,276312.0,190156.0,18319.3333,19772
2026-09-03,19842,19963,7717.0,10753.0,8291.0,9486.0,-2634821.0000,3496234.0000,47820355.0000,51308881.0000,26609.5,27745.8667,21123.7143,20818.8571,49615746.0000,41418799.0000,273358.0,185809.0,18145.6667,21061.6667
2026-09-02,22344,17805,9175.0,11261.0,6885.0,9079.0,534073.0000,456052.0000,48055633.0000,53779616.0000,26443.8667,27694.4,21061.4286,20805.2857,48967747.0000,49045768.0000,267683.0,176775.0,21552.6667,19682.6667
2026-09-01,17130,17190,6911.0,8347.0,5611.0,9100.0,2425902.0000,1715573.0000,51262404.0000,39092220.0000,26607,27748.8667,21210.2857,21112.2857,42736413.0000,43446742.0000,264395.0,170992.0,24708.6667,19708.3333
2026-08-31,23711,19442,9137.0,12437.0,6290.0,10719.0,-8893027.0000,801407.00,83232081.0000,30559450.00,26699.1,27736.9,20730.7143,21362,58440355.0000,48745921.0000,258927.0,161183.0,25118,17939
2026-08-28,18207,28026,7638.0,9284.0,10527.0,15309.0,-944084.0000,-2403150.0000,36490395.0000,50257694.0000,26986.2667,27756.1,21262.7143,20887.8571,40552169.0000,42011235.0000,272581.0,194360.0,21089.6667,22158
2026-08-27,17207,26658,7196.0,8865.0,12679.0,12473.0,-804597.0000,-1043178.0000,39319226.0000,72190312.0000,27247.2,28122.3667,21973.2857,20741.1429,54648016.0000,53123167.0000,264569.0,189672.0,18107,23725
2026-08-26,18403,20670,8020.0,8894.0,8355.0,10328.0,1663957.0000,2556989.0000,38993801.0000,68249405.0000,27336.9333,28299.1333,23377,22788.2857,52314971.0000,51421939.0000,259171.0,185078.0,17663.3333,23648
2026-08-25,30864,15941,12281.0,15887.0,6375.0,8464.0,-2643878.00,2846611.0000,30226945.00,44894402.0000,27351.4333,28528.3333,23405.8571,25009.2857,38380991.0000,32890502.0000,255171.0,165317.0,19413,20144.6667
2026-08-24,21908,17710,9091.0,10725.0,6662.0,9382.0,7311550.0000,-10428756.0000,52082127.0000,58704613.0000,27282.6333,28755.1333,25880.2857,29014.2857,43400387.0000,61140693.0000,250290.0,158031.0,21745.3333,20152.3333
2026-08-21,18172,19339,7301.0,9637.0,6331.0,10994.0,-2370103.0000,-4060659.0000,29389436.0000,30826075.0000,27668.6667,29181.8667,27068.2857,30384.8571,27526645.0000,29217201.0000,292773.0,209149.0,23842.6667,21488.6667
2026-08-20,20354,21190,8266.0,9706.0,7633.0,11871.0,923188.0000,-4818863.0000,39379333.0000,78220622.0000,27809.3,29687.0333,27045.2857,30164,44623644.0000,70006425.0000,291270.0,203952.0,28446,24113.6667
2026-08-19,21931,24707,7691.0,12406.0,8803.0,13750.0,-5135767.0000,-2766366.0000,45235165.0000,45313820.0000,27779.8667,29531.3,28520,29612.8571,44392497.0000,42023096.0000,289224.0,199172.0,30706.3333,27158.6667
2026-08-18,22181,25631,7899.0,11808.0,10829.0,11836.0,-4033635.0000,-981221.0000,43692998.0000,56630470.0000,27707.5,29985.5,33331.4286,32452,47201301.0000,43555387.0000,281709.0,191628.0,37411,32841.3333
2026-08-17,28229,35000,12901.0,13089.0,13669.0,17727.0,6171217.0000,7669123.0000,98155685.0000,58078120.0000,27528.6667,30339.7,39519.2857,37237.2857,73847232.0000,72349326.0000,274246.0,185651.0,35388.6667,32261
2026-08-14,31066,31488,12578.0,15653.0,10612.0,17879.0,623665.0000,-2601136.0000,64350181.0000,42232730.0000,27324.1667,30584.5,41874.7143,38313.2857,50218718.0000,49872519.0000,291791.0,214208.0,31440.6667,28636.6667
2026-08-13,39229,45745,18296.0,17537.0,13821.0,28386.0,9345540.0000,869559.0000,92946365.0000,53155562.0000,27001.6333,29939.6667,38902.7143,34414.5714,63839206.0000,72315187.0000,286114.0,206564.0,23142,26311.6667
2026-08-12,26488,28933,10539.0,12809.0,10766.0,14503.0,22744.0000,3725251.0000,49043110.0000,58690581.0000,26923.1,30007.4333,38578.1429,32794.5714,52220821.0000,48518314.0000,280168.0,199276.0,28666,36102.6667
2026-08-11,20193,19644,7508.0,11110.0,5831.0,11070.0,-5136128.00,-1505136.0000,41779986.00,34513540.0000,27230.8667,29935.5667,40183,35614.4286,36894095.0000,33263103.00,272884.0,192460.0,44950.3333,53219.6667
2026-08-10,32254,20849,13404.0,16075.0,6679.0,12494.0,-1143359.0000,1348197.0000,83733499.0000,35916527.0000,27113.3,30740.9667,39800.8571,37383.5714,57747695.0000,55256139.0000,262812.0,178831.0,51007.3333,58319.6667
2026-08-07,55861,45505,21308.0,30439.0,17993.0,23145.0,424724.0000,436340.0000,77471298.0000,81158899.0000,26240.5,30125.1333,34501,33940.8571,72709917.0000,72707176.0000,282793.0,211831.0,41990.3333,45841
2026-08-06,71544,68497,25477.0,39965.0,23991.0,38203.0,-8120167.0000,-13064208.0000,97962619.0000,148712925.0000,24628.1333,28714.0667,27078.8571,28697.1429,108054786.0000,114592677.0000,260063.0,190362.0,25022.3333,30065
2026-08-05,47554,39020,15573.0,27546.0,16346.0,18717.0,-11297405.0000,-10384483.0000,74978327.0000,78882069.0000,23798.7667,28317.8333,22107.4286,24983.4286,68979873.0000,68066951.0000,240417.0,167204.0,25143.3333,24689.3333
2026-08-04,18425,18454,7044.0,9590.0,6854.0,10179.0,-2714262.0000,-1739000.0000,67317161.0000,54525671.0000,23974.1,28721.9333,22271.2857,27350,57123204.0000,56385347.0000,234513.0,160992.0,30069.6667,28407.3333
2026-08-03,24216,17593,9528.0,12679.0,6737.0,9316.0,-1462291.0000,988498.0000,79313518.0000,39882207.0000,25010.1333,29454.9,21544.8571,29619.8571,56681826.0000,53306037.0000,227978.0,152860.0,31340.6667,26589.3333
2026-07-31,31427,39383,12551.0,14941.0,12488.0,22323.0,-266814.0000,286508.0000,100319313.0000,66294955.0000,25367.9,29130.7,19537.4286,26316.7143,75273578.0000,73470608.0000,258675.0,177525.0,28810,22643.3333
2026-07-30,29579,33233,11196.0,15982.0,13888.0,17628.0,-1149976.0000,-1661568.0000,79330817.0000,55833765.0000,25956.1,29201.2,18458.1429,24258.2857,63778998.0000,63875340.0000,252246.0,166429.0,22073.6667,17035
2026-07-29,18762,21406,6289.0,10747.0,9744.0,9742.0,332535.0000,3021533.0000,39452239.0000,65001501.0000,26542.2333,29884.3,19559.8571,23926.4286,48769517.0000,46096019.0000,244687.0,162353.0,26611.6667,17305
2026-07-28,19589,31791,7991.0,10005.0,15898.0,13668.0,498881.0000,17457959.0000,55105805.0000,113821598.0000,26817.8333,29665,20593.1429,23470.8571,86367960.0000,67320722.0000,236790.0,156551.0,27175.3333,17152.3333
2026-07-27,12754,13024,5133.0,5589.0,5682.0,6477.0,-1422213.0000,153230.0000,44633559.0000,32277084.0000,26755.7333,29766.6333,22347.5714,26988.2857,33019317.00,33757874.0000,231877.0,152415.0,28254.3333,18692.6667
2026-07-24,19572,35020,7142.0,10884.0,8764.0,21249.0,315184.0000,1561763.0000,42144584.0000,36447673.0000,26435.0667,29061.8667,22565.1429,25695.8571,37496247.0000,36249668.0000,259459.0,173198.0,22855.6667,19510
2026-07-23,19131,33482,8006.0,9852.0,7454.0,22369.0,-4107330.0000,-4191824.0000,66514335.0000,38040055.0000,26222.2333,28462.0333,24303.4286,24172.2857,46301700.0000,50747504.0000,246566.0,168232.0,18056,21957.6667
2026-07-22,17375,16261,5296.0,8083.0,5235.0,10117.0,-8744672.0000,-4421253.00,60761897.0000,28039599.00,26053.8,28356.9,24656.1429,25351.2857,37569989.0000,33246570.0000,239285.0,161920.0,22169.6667,25106.6667
2026-07-21,22024,18824,10237.0,10067.0,6741.0,10477.0,2581916.0000,392481.0000,92071524.0000,43341655.0000,25856.8,28623.7333,25760.2857,27253.7143,61892505.0000,62924940.0000,233283.0,154922.0,28443.6667,26110.3333
2026-07-20,26474,19083,10367.0,14412.0,10481.0,7857.0,-2610347.0000,7743866.0000,61057065.0000,56169471.0000,25441.2,28660.5667,25488.7143,29719.7143,62294486.0000,48011523.0000,225695.0,149604.0,30740.3333,24317.3333
2026-07-17,26822,28602,10483.0,14723.0,11164.0,13420.0,-1545616.0000,11723631.0000,52495670.0000,93039434.0000,25236.8333,28525.7,24663.8571,28495.8571,74446569.0000,60227322.0000,303261.0,191447.0,28812,25809.6667
2026-07-16,25035,37646,8985.0,12772.0,17053.0,20494.0,-827088.0000,-15847086.0000,60049485.0000,339507072.0000,24867.5333,27661,23946,28726,175508488.0000,199835841.0000,305445.0,184216.0,24434.6667,24079.3333
2026-07-15,21095,25973,7167.0,11933.0,10080.0,13697.0,-9339715.0000,-6039655.0000,66740731.0000,114033294.0000,24749.5,27564.9667,24198.7143,31533.5714,81129017.0000,86801947.0000,302452.0,179366.0,26490.6667,26965.3333
2026-07-14,31299,22817,11545.0,16970.0,8150.0,12468.0,-4946513.0000,5574735.00,83147310.0000,48575282.00,24252.8667,27359.4667,23289,33821.4286,67094510.0000,59961837.0000,293092.0,163353.0,31000,24723.3333
2026-07-13,19844,24514,7050.0,10735.0,12636.0,10343.0,-3149550.0000,12182555.0000,51616694.0000,68494609.0000,24149.5333,27201.3,24676,34090.8571,64548964.0000,49216859.0000,283498.0,155893.0,29507,25124.6667
2026-07-10,29753,32141,7882.0,17887.0,10002.0,18673.0,-8296003.0000,-6614191.0000,43702750.0000,41360331.0000,23640.0667,26827.7,23873,33923,41780853.0000,36725541.0000,311295.0,187962.0,31879,21877
2026-07-09,24573,36345,9170.0,12899.0,12142.0,19675.0,-299798.0000,-561704.0000,84776580.0000,52462408.0000,23870.7667,26747.6,24566.2857,31229.1429,65131732.0000,61757133.0000,299261.0,179421.0,34972.6667,21307.3333
2026-07-08,21048,20035,7779.0,11109.0,5760.0,12488.0,589033.0000,-2203937.0000,49012135.0000,35481822.0000,23687.7,26832.7,25663.2857,34797.1429,37399437.0000,40192407.0000,296529.0,171746.0,41238.3333,22601.6667
2026-07-07,20010,39257,7240.0,10988.0,14062.0,23088.0,-6352019.0000,3037493.0000,74457962.0000,76922091.0000,23832.2333,26553.8333,27044.2857,33050.4286,74513618.0000,65124106.0000,280054.0,164784.0,36952.6667,25782.6667
2026-07-06,22864,45626,8859.0,11801.0,13525.0,27692.0,995241.0000,4192349.0000,60326756.0000,42971752.0000,23395.6333,25513.0667,27088.4286,30270.2857,47067131.0000,47070023.0000,251456.0,153615.0,32066,26205.3333
2026-07-02,24931,38832,9115.0,13892.0,17214.0,19052.0,-4987879.0000,7521541.0000,83900795.0000,131860584.0000,23046.7333,24726.4333,26765.8571,28599,110427141.0000,93857721.0000,266319.0,185576.0,24951.3333,27703.6667
2026-07-01,29553,26400,9114.0,18033.0,9450.0,15534.0,-10221577.0000,-16983281.0000,66796174.0000,65883149.0000,22574.0333,24664.6333,25927.5714,29195.7143,58962177.0000,65723881.0000,258042.0,174476.0,31155,27428.3333
2026-06-30,24132,30966,8915.0,13552.0,10971.0,18225.0,-3854216.0000,-203605.0000,78402688.0000,39629709.0000,22471.2333,24347.4333,30379.7143,30426.5714,56827860.0000,52420497.0000,240296.0,163296.0,29843,29276.6667
2026-06-29,29426,17488,13319.0,13769.0,7312.0,8764.0,11452898.0000,-585836.0000,113605105.0000,55550971.0000,22098.3333,24469.3,32198.8571,32165,61346810.0000,96941144.0000,233045.0,153398.0,32735.3333,27192.3333
2026-06-26,28727,45011,10303.0,16105.0,21141.0,19828.0,-14719117.0000,844217.0000,97303787.0000,89706943.0000,21767.5667,23520.0667,34841.4286,30784.5714,93973043.0000,79698084.0000,245036.0,172839.0,26776,25174.3333
2026-06-25,29677,27030,12149.0,15256.0,8962.0,14998.0,-15433863.0000,1973577.0000,122391437.0000,56228239.0000,21613.1,23546.1333,35794.1429,32908.7143,93763150.0000,75955275.0000,237458.0,164303.0,27958.3333,23177
2026-06-24,23173,26165,8788.0,12176.0,10274.0,14007.0,-3571113.0000,2687720.0000,118242740.0000,61518518.0000,22083.4333,23750.2333,36463.2857,32772.5714,82680889.0000,76221856.0000,228541.0,157098.0,32430.6667,33885
2026-06-23,22673,27133,8365.0,12852.0,9764.0,15729.0,-10241295.0000,-1382936.0000,100323891.0000,61771748.0000,22399.5,23670.5,34780.1429,31192.5714,80458017.0000,71599658.0000,220400.0,149679.0,33272,40380.6667
2026-06-22,23685,30577,10178.0,12082.0,11770.0,16240.0,-9947339.0000,3595023.0000,158917529.0000,52913674.0000,22244.8667,23314.2,32818.2857,28806.8571,104400204.0000,92588342.0000,205007.0,141242.0,34862.3333,48227.3333
2026-06-18,55297,39582,23677.0,28499.0,16757.0,20363.0,6987612.0000,1857083.0000,301668325.0000,82996383.0000,21065.1667,22796.0667,26739.5714,25364.7143,179603944.0000,179930663.0000,274495.0,185777.0,35634.6667,41910.3333
2026-06-17,42160,29657,22080.0,15685.0,12856.0,14634.0,25125604.0000,6801445.0000,264971466.0000,60454928.0000,20729.5333,22812.1667,22477,23000.4286,118533156.0000,154587480.0000,262273.0,180233.0,34153,37142.6667
2026-06-16,47225,35348,21592.0,22671.0,14017.0,18910.0,11860594.0000,-4456807.0000,275900077.0000,92219239.0000,20034.2,22531.1,18032.5714,21783.4286,169155565.0000,177835622.0000,249806.0,168921.0,27728,25031.3333
2026-06-15,36346,41899,17806.0,16364.0,18334.0,21039.0,7288305.0000,262979.00,202540013.0000,80255021.00,20573.8,22849.5667,14841.1429,18681.8571,135927488.0000,133439602.0000,235023.0,160193.0,18387.3333,16233.3333
2026-06-12,27857,25212,12615.0,13120.0,10478.0,12917.0,6660601.0000,9606051.00,79199189.0000,41112470.00,21147.5,23368.7667,13817.4286,18588.1429,58080774.0000,55135324.0000,249069.0,166403.0,15145.6667,11196.3333
2026-06-11,10891,16073,5555.0,4716.0,5533.0,9620.0,6067885.0000,-1030176.00,32275488.0000,27437111.00,21843.5667,23942.8,14255.2857,17964.1429,24719882.0000,32750343.0000,244937.0,163249.0,14157,11673.3333
2026-06-10,9952,13877,4164.0,5056.0,4313.0,8600.0,-1107173.0000,-3638389.0000,30646967.0000,24684776.0000,22033.0333,24042.9667,15341.2857,19280.5714,24508887.0000,27040103.0000,240087.0,161115.0,18474.3333,13727.3333
2026-06-09,12746,15487,6079.0,5879.0,6901.0,7474.0,2453638.0000,-696794.00,45941778.0000,34344256.00,22072.2,24180.1667,15863.2857,19447,36352517.0000,39502949.0000,236704.0,157850.0,20041.3333,14147.3333
2026-06-08,12322,13107,5395.0,6199.0,5836.0,6183.0,568318.0000,1481149.0000,42249212.0000,23451245.0000,22250.2667,24486.3667,16495,20398.7143,30652163.0000,29739332.0000,231165.0,153368.0,23857.6667,16937
2026-06-05,16114,26829,6637.0,8264.0,12934.0,11865.0,-4178513.0000,8726737.0000,62582144.0000,56989424.0000,22727.3,24383.9,16260,19556.4286,62839557.0000,49934307.0000,253660.0,165071.0,18816.3333,16217.6667
2026-06-04,14006,20188,5183.0,8190.0,6692.0,12154.0,-11482982.0000,3093241.0000,61929740.0000,22568306.0000,22785.7333,24332.8333,18758.2857,21521.2857,47348520.0000,32699737.0000,247454.0,168391.0,19784.3333,17400.3333
2026-06-03,20691,24556,9164.0,9886.0,9367.0,13476.0,8961847.0000,1868327.00,106779478.0000,28345740.00,22782.8333,24696.9,18024.7143,21240.1429,59743997.0000,66837517.0000,238485.0,164404.0,17149.6667,15970
2026-06-02,13956,11705,6331.0,6237.0,5423.0,5583.0,3490069.0000,685919.00,95866723.0000,24908727.00,22871.1333,24876.1667,19509,23981,53498324.0000,55435474.0000,234687.0,161416.0,19837.6667,16899.3333
2026-06-01,17554,23092,8826.0,7458.0,9754.0,11824.0,9874180.0000,1375036.00,101182783.0000,35541626.00,23126.4,24706.2667,18396.4286,22739.7143,60209181.0000,68708325.0000,225014.0,156658.0,19118,15871
2026-05-29,16400,16652,6269.0,8783.0,6627.0,8724.0,-2616454.0000,-71276.00,47303972.0000,18867822.00,23065.3,24676.6,18119.8571,22537,32282962.0000,29737784.0000,250971.0,181746.0,24881.3333,20902.3333
2026-05-28,16744,19769,6562.0,8676.0,7191.0,10844.0,-2955231.0000,-1854106.0000,75669742.0000,27751648.0000,22977.8333,24588.1333,17923.8571,23219.4286,48790657.0000,49004940.0000,246497.0,177488.0,25821,20506.3333
2026-05-27,14469,20933,6130.0,7028.0,7143.0,11970.0,560745.0000,3598439.00,76548469.0000,23597694.00,23317.5333,24506.5,18863.7143,23293.2857,49184501.0000,45981348.0000,240241.0,173218.0,29140.3333,23798.6667
2026-05-26,31494,33942,14899.0,11893.0,15201.0,16515.0,12507355.0000,19218970.0000,132132250.0000,60303252.0000,22767.6667,23835.6667,16970.1429,21465,89239870.0000,80616543.0000,231011.0,166982.0,22627.3333,16556
2026-05-22,15556,22588,5449.0,8447.0,8678.0,12010.0,-1430977.0000,-300610.00,30384622.0000,21140766.00,23243.9333,23752.3667,17434.1429,20600.1429,24295635.0000,23165268.0000,255756.0,179353.0,20175.6667,16192
2026-05-21,24346,30891,10798.0,10276.0,13485.0,10993.0,1614837.0000,-2799261.00,66465641.0000,33058953.00,22896.6667,23132.6,17533.7143,20160.2857,34911183.0000,39325281.0000,241458.0,171976.0,18060.6667,13200.6667
2026-05-20,9766,14403,4447.0,4466.0,8196.0,5206.0,1830663.0000,3790133.00,29901752.0000,23080709.0000,23605.3,23409,21464.7143,22715.2857,24922333.0000,24652863.0000,235844.0,168684.0,20409.6667,16961.3333
2026-05-19,14464,15233,7148.0,6504.0,6048.0,7908.0,1908514.0000,-4717235.00,40705728.0000,30645352.00,23620.7667,23385.0667,23992,24073.5714,30652113.0000,37277862.0000,231720.0,165125.0,22380,18219.6667
2026-05-18,15372,24546,5915.0,8350.0,11146.0,11722.0,-5897886.0000,-4352361.0000,42115381.0000,36702488.0000,23816.7333,23088.8,24516.8571,23408.1429,37427562.0000,36041637.0000,219186.0,159935.0,19709.3333,19363.6667
2026-05-15,21048,21450,8289.0,10632.0,8926.0,10402.0,-2908354.0000,-1353168.0000,39023840.0000,22400187.0000,23719.9,22880.1667,24353.7143,23777.8571,29498915.0000,27942479.0000,258308.0,195483.0,21830,20695.3333
2026-05-14,18239,21144,6734.0,9958.0,10059.0,9326.0,-166722.0000,-818200.00,39128740.0000,21673435.00,24313.7667,22903.4,26332.5714,25063,27910948.0000,28562426.0000,249735.0,189599.0,25544.6667,27043.3333
2026-05-13,18804,16534,7472.0,8956.0,7288.0,7680.0,1532390.0000,1139639.00,70082263.0000,20254245.00,24332.9667,22894.5,27412.7143,26546.1429,40453228.0000,33888779.0000,243677.0,183332.0,28280.3333,31493.6667
2026-05-12,25043,27812,8996.0,13992.0,14245.0,11596.0,2614485.0000,8383383.0000,96770568.0000,53244045.0000,24150,22623.7333,31340,29923.4286,78017299.0000,64230098.0000,231603.0,176255.0,25639,29494.6667
2026-05-11,37283,32288,18565.0,16423.0,13016.0,16384.0,8278952.0000,1379944.0000,188129363.0000,52010145.0000,23407.3333,22278.3667,32452.1429,31137.7143,109139994.0000,119400643.0000,220044.0,168659.0,22889,23702.3333
2026-05-08,32155,24741,13887.0,15648.0,10664.0,11845.0,1058632.0000,-829136.00,77067563.0000,25574121.00,22902.3,21843.9333,32397.5714,32359.5714,50514877.0000,44930645.0000,242362.0,184069.0,24688.6667,23681
2026-05-07,19046,19888,8010.0,9756.0,9834.0,8420.0,-3323224.0000,3872329.0000,79406536.0000,29864742.0000,22752.5333,21618.0333,31910.4286,31930.1429,55343290.0000,48147737.0000,236419.0,179317.0,27031.3333,26120.6667
2026-05-06,19906,24038,8690.0,9711.0,9996.0,12486.0,1878363.0000,-26546.0000,65368883.0000,35129113.0000,22472.6667,21179.8,31055.4286,31296.5714,47655480.0000,47632669.0000,227713.0,175080.0,36169.6667,36996.6667
2026-05-05,32091,30140,16859.0,13064.0,12237.0,15182.0,8212565.0000,-1260144.0000,153052349.0000,39436717.0000,21949.9,20614.8,28994.4286,30175.5714,83818796.0000,95602935.0000,216778.0,168209.0,39719,41322.3333
2026-05-04,26365,26916,12666.0,11792.0,11523.0,12771.0,4985502.0000,-682053.0000,96761353.0000,40112493.0000,21893,20307.5667,29574.4286,29724,60043056.0000,68217211.0000,204644.0,159555.0,41845,43125
2026-05-01,52534,51453,22740.0,25489.0,20969.0,24910.0,-4498382.0000,2695242.0000,111091596.0000,56426948.0000,20928.2333,19190.8,24320.8571,25038.7143,80384328.0000,73050414.0000,220870.0,176089.0,30321.3333,30825.6667
2026-04-30,45068,40788,19062.0,22366.0,14479.0,22031.0,-5411714.0000,-3523981.0000,123867609.0000,45526497.0000,20551.2,18448.3333,20826,24280.1429,81392340.0000,78129289.0000,205727.0,158886.0,23259.6667,20443.3333
2026-04-29,31773,33294,15750.0,14263.0,11086.0,19068.0,664648.0000,7256264.00,128748601.0000,101637268.00,20998.3333,18067.0667,18659.1429,21964.2857,110586189.0000,102812813.0000,195114.0,151008.0,19592.6667,15740.3333
2026-04-28,15636,16882,6822.0,7420.0,5908.0,8824.0,2488169.00,2943586.0000,53448861.0000,56687060.0000,20925.3667,18231.0667,20027.1429,22123.2857,52906085.0000,52450668.00,190375.0,145721.0,21883.6667,20670
2026-04-27,13921,19603,6046.0,6818.0,8923.0,8449.0,-3810320.0000,3863755.00,65620848.0000,21669146.00,21245.3,18446.5667,20119.4286,21574.5714,43575496.00,34796421.0000,181583.0,139263.0,21568,21282.6667
2026-04-24,17664,22293,7413.0,8864.0,7385.0,11734.0,-271807.0000,2635080.00,52995127.0000,20158930.00,21115.8,17978.5333,19613.1429,20834.8571,35819328.0000,32912441.0000,213194.0,154165.0,25963,22262.6667
2026-04-23,30425,23755,15027.0,13470.0,8311.0,12930.0,8051457.00,1031033.00,130573093.00,40865292.00,20890.1,17657.0667,18789.5714,20081.8571,73794122.00,89454406.00,206314.0,148328.0,23739,17656
2026-04-22,15759,18656,6791.0,7584.0,7670.0,8567.0,346290.00,789585.00,54877570.00,21422091.00,20860.8,17670.4667,18680.8571,19390.5714,35658024.00,35233129.00,198822.0,145831.0,23518.6667,20807
2026-04-21,20604,35478,10557.0,8557.0,14069.0,15994.0,5392980.00,-267445.00,46993522.00,30450970.00,20809.5333,16845.3333,20000.8571,17192.1429,34123824.00,39784249.00,178574.0,140801.0,16946.6667,18794.6667
2026-04-20,16605,17083,7688.0,7803.0,7262.0,7628.0,-3708537.0000,2763496.00,45946776.0000,18770662.00,20581.5333,16691.8333,19618.4286,16508.5714,35801770.0000,25729737.00,172469.0,131146.0,16957.3333,17966.3333
2026-04-17,25212,17995,11845.0,11288.0,6769.0,9121.0,4866897.0000,153870.00,78729308.0000,27023538.00,20169.3,16386.4333,20448.8571,17180,48733673.0000,51877378.0000,209512.0,174940.0,17120.3333,17782.3333
2026-04-16,14567,15762,5819.0,6987.0,5558.0,8235.0,-2150303.0000,-815291.00,41332368.0000,11950971.00,20185.5333,16349.8333,20500.4286,17001.8571,25562315.00,24227303.0000,205258.0,171608.0,16472,17926
2026-04-15,14120,17115,7119.0,6098.0,5841.0,8889.0,3720962.0000,-401412.00,37937145.0000,18310307.00,20407.1,16272.9333,21519.1429,16793.7143,24519489.0000,28641863.00,200288.0,167946.0,17463.3333,23167.3333
2026-04-14,24660,18484,12949.0,10206.0,5897.0,10098.0,4811422.0000,-1755893.00,56733272.0000,15529232.00,20146.5333,16096.0667,20588.1429,16323.2857,30583369.0000,36805684.00,194833.0,163104.0,15401.3333,19590
2026-04-13,14998,13817,7103.0,6840.0,5586.0,6519.0,3340853.00,-34710.00,47689031.00,17684387.00,20182.9333,16216,23596.2857,17469.5714,29914870.00,31708481.00,190136.0,159619.0,18360.6667,24932.3333
2026-04-10,29844,20089,13401.0,13584.0,6969.0,10177.0,4599739.0000,-3572135.00,67734676.0000,21619665.00,19848.1,15944.2,22101.4286,16923.5714,36497315.00,45956689.0000,207004.0,169174.0,16502.6667,19960.3333
2026-04-09,13928,12298,5605.0,7072.0,5544.0,5636.0,-936523.00,-1360208.00,42174566.00,13647916.00,20134,16020.9333,22905.1429,17979.4286,25005913.00,26684598.00,203104.0,165543.0,17622.6667,22401.3333
2026-04-08,31025,22695,11621.0,11375.0,9516.0,11362.0,706926.0000,-955676.00,116809778.0000,19996847.00,19650.6667,15872.4333,20616.2857,17869.7143,61574443.00,63237045.0000,197707.0,162394.0,15121.3333,18107.3333
2026-04-07,14928,14515,7588.0,6345.0,4404.0,8421.0,1487667.00,-2292793.00,33542271.00,13644402.00,19525.4667,15708.7333,20912.8571,17468.7143,21976815.00,23732275.00,193401.0,157332.0,17563.3333,25149.6667
2026-04-06,21251,15658,7572.0,7721.0,6027.0,8215.0,-2622352.00,-1146031.00,36808279.00,13899704.00,19691.8333,16095.7,19956,17104.8571,23860686.00,22384365.00,188811.0,151726.0,17766.3333,24526
2026-04-02,18143,15191,7703.0,8833.0,5747.0,7380.0,3561868.00,-1327252.00,30813945.00,12465546.00,19965.9,16086.0333,19008.4286,16490.5714,17647837.00,22536957.00,197827.0,165093.0,19265.6667,24996.3333
2026-04-01,36055,21841,17984.0,15370.0,7925.0,11905.0,2889694.00,1023572.00,47595192.00,19601219.00,19798.1667,16115.4667,16201.7143,15254.7143,30567300.00,32433422.00,193948.0,153665.0,19294.3333,17979
2026-03-31,19380,16267,9469.0,8613.0,7372.0,7475.0,3878647.00,2179801.00,35364932.00,21208128.00,19488.6333,15920.5,16955.7143,15459.2857,26402901.00,28101747.00,186598.0,146478.0,17774.6667,17187
2026-03-30,19554,19689,8677.0,8946.0,11630.0,6990.0,-2167880.00,1830972.00,31589162.00,28132249.00,19632.5333,15967.4333,17532.4286,15210.8571,30527600.00,26528748.00,181926.0,142321.0,15582,15520
2026-03-27,15003,21927,6902.0,6908.0,10073.0,10369.0,1587249.00,-2043033.00,20532917.00,23861828.00,20031.3333,15914.3,20211.5714,14723.2857,19589103.00,23219385.00,192234.0,161599.0,11903.3333,14355.6667
2026-03-26,17004,11708,5715.0,9812.0,5934.0,4720.0,-1962097.00,2152470.00,17395567.00,13042521.00,19825.3,15791.9667,24237.7143,16173,16445646.00,12331079.00,190036.0,157698.0,12397.3333,14157
2026-03-25,14553,13111,6489.0,6419.0,6077.0,5425.0,1801395.00,-37185.00,20247456.00,12561579.00,19855.9,15784.9667,24079.7143,17414.5714,14035242.00,15873822.00,184474.0,152768.0,13926.6667,17525.3333
2026-03-24,11510,10891,4628.0,5480.0,4099.0,5430.0,180451.00,-1366399.00,15956726.00,12980946.00,19990.4,15922.1,25795.2857,19582.7143,12850633.00,14397483.00,180670.0,149159.0,16279.6667,21552.3333
2026-03-23,16408,13190,7726.0,7639.0,6173.0,5763.0,3903294.00,531089.00,25045183.00,12401033.00,20249.9333,15963.8667,25419.7143,18877.2857,16231413.00,19603618.00,175599.0,143730.0,18054.3333,27335.3333
2026-03-20,24658,17699,9524.0,14025.0,8678.0,7322.0,-8465915.00,6560698.00,41878084.00,23976886.00,19977.6333,15756.9667,25276.2857,18364.7143,40034765.00,23433348.00,230079.0,191691.0,19440,34178.3333
2026-03-19,23591,17950,11816.0,10217.0,6294.0,10275.0,3845997.00,-8751080.00,40864388.00,25516322.00,19893.3333,15712.7333,24031.8571,18523,24374974.00,39082051.00,224013.0,190038.0,20724,30797
2026-03-18,33757,18514,15359.0,16070.0,8863.0,8453.0,-260518.00,-1360513.00,56615143.00,19004823.00,20073.8,15837.6333,21933.1429,17410.1429,34994342.00,36094337.00,217352.0,181411.0,23242,27384.3333
2026-03-17,45187,21856,23112.0,13359.0,7061.0,13153.0,9210513.00,-11835406.00,78118457.00,25818559.00,19592.2,15653.8667,16872.8571,16070.4286,35209912.00,56845730.00,210537.0,173797.0,18707.3333,16915
2026-03-16,13447,21802,6161.0,6150.0,7227.0,11788.0,-977886.00,-2841752.00,23465930.00,14689842.00,20813.9,16073.2667,16786.8571,14217.7143,17022813.00,18886679.00,209314.0,169737.0,16143.6667,20317.3333
2026-03-13,23519,26068,11658.0,10458.0,8249.0,12518.0,-249167.00,-6013344.00,37734278.00,20079209.00,21422.7333,15973.2667,15577.5714,12588.5714,24667555.00,30431732.00,212777.0,181029.0,13807,17437.6667
2026-03-12,13779,8252,8618.0,4361.0,3900.0,3682.0,1574277.00,4058969.00,13017853.00,11768882.00,22487.4667,16525.6333,16575.8571,13525.1429,12510731.00,10026039.00,211766.0,174232.0,14631,19200
2026-03-11,23654,14111,9753.0,13097.0,6604.0,6711.0,-2528462.00,66010.00,34393090.00,10216312.00,22344,16470.4333,15602.8571,13391.8571,22732467.00,20450495.00,204091.0,159663.0,14086.6667,14570.3333
2026-03-10,14880,19058,7078.0,6654.0,8238.0,8377.0,3525165.00,-2306224.00,33613682.00,15672831.00,22153.1333,16112.7333,15775.7143,13157.1429,20291460.00,26122849.00,196462.0,155579.0,10678.3333,13892
2026-03-09,19066,10724,10695.0,7468.0,5187.0,4880.0,3062696.00,734927.00,40844248.00,13784274.00,22049.4,16105.6667,15880.4286,13330.1429,25408250.00,27451019.00,192585.0,149694.0,11991.6667,12554.6667
2026-03-06,9765,12478,3867.0,5121.0,5900.0,5713.0,378241.00,1497976.00,11322447.00,11314246.00,22668.2333,16110.1,17700.4286,13633.2857,11253445.00,10133710.00,204636.0,163724.0,12768.3333,16222
2026-03-05,12845,8833,6777.0,5346.0,4521.0,3860.0,-183170.00,-760950.00,20974248.00,19765288.00,23132.9667,16244.1667,18226.1429,14977.1429,19571293.00,20149073.00,203592.0,158645.0,14216.6667,17554.6667
2026-03-04,15054,14664,7815.0,6397.0,6673.0,7115.0,1702615.00,489302.00,27870072.00,14124180.00,23158.2,16018.9333,17671.5714,14254.2857,19156006.00,20369319.00,197837.0,159178.0,15133.6667,17900
2026-03-03,20767,14808,8834.0,10786.0,6556.0,7133.0,-2640430.00,756862.00,33995519.00,26120780.00,23186.1667,15793.8333,18453.7143,16034.1429,30395702.00,26998410.00,194294.0,153085.0,14176,17577.3333
2026-03-02,16843,13178,7982.0,7761.0,6399.0,6144.0,1970061.00,794721.00,37191079.00,19669455.00,23277.5333,15722.2667,19814,16280.2857,26955216.00,28130556.00,187974.0,146976.0,14650,19464.6667
2026-02-27,16090,17415,7727.0,7579.0,8108.0,8335.0,604942.00,47314.00,23397340.00,15382531.00,22959.3333,15298.5,21947.2857,17038.7143,18497069.00,19054697.00,202084.0,162454.0,14925,19609.6667
2026-02-26,19799,11935,8911.0,9624.0,5323.0,5543.0,-3083919.00,-1011509.00,22347203.00,16352559.00,22983.9,15144.5667,20560.8571,16822,19320357.00,17247947.00,199096.0,156018.0,14148,16734
2026-02-25,22505,14600,8945.0,12580.0,6402.0,6915.0,134907.00,-1677620.00,53593568.00,14828083.00,23363.7667,14970.4667,20756,17750.1429,30696261.00,32508788.00,195343.0,145552.0,18370.3333,17979.6667
2026-02-24,16525,18240,7123.0,8151.0,9352.0,7846.0,-481757.00,-121043.00,39494496.00,18979697.00,24320.9333,14747.2667,22247.7143,18049.1429,28427467.00,28066753.00,187344.0,141230.0,17257.3333,21259.6667
2026-02-23,11172,9604,4713.0,5657.0,4573.0,4005.0,-601324.00,96200.00,29291856.00,12841425.00,25780.3333,14828.6667,22197.8571,17825.4286,20382743.00,19685219.00,182509.0,137928.0,21630.6667,27876.6667
2026-02-20,26242,27267,10182.0,13907.0,13702.0,11741.0,-932955.00,2265020.00,44865467.00,27839222.00,26486.7,14453.9667,20659.1429,15773.1429,40338962.00,28692987.00,196020.0,166428.0,16014.3333,22494
2026-02-19,26365,14901,10423.0,14674.0,7032.0,6829.0,-2490816.00,-953415.00,39203372.00,21750839.00,26918.4333,14755.5,19113.4286,15788,29131351.00,29370450.00,190008.0,160422.0,18079.6667,21662.6667
2026-02-18,31023,22724,15520.0,13379.0,9909.0,11178.0,-1777817.00,-1364035.00,76903583.00,29357903.00,26310.3,14427.2667,18137.8571,14605,51503535.00,48407013.00,182187.0,151928.0,17282.6667,20310.6667
2026-02-17,10094,10418,4804.0,4664.0,4184.0,5594.0,1495722.00,-1335531.00,25354388.00,13821046.00,26730.6333,14428.2333,19051.4286,14758.4286,17198532.00,20030344.00,177465.0,148880.0,16489.3333,20553.6667
2026-02-13,23871,21097,11557.0,10827.0,8103.0,11367.0,-1753118.00,-1639019.00,42264509.00,14656899.00,26237.5667,14005.6,18650.1429,14119.2857,27279959.00,27165860.00,185080.0,158180.0,13757.3333,17753.6667
2026-02-12,26967,20333,12597.0,12180.0,8062.0,10602.0,4961533.00,778347.00,76202179.00,13545874.00,25539.1667,13501.4333,20393.5714,14394.7143,38927285.00,44402480.00,177115.0,153904.0,11981.3333,13946.3333
2026-02-11,10823,8038,5252.0,4629.0,2874.0,4468.0,1613790.00,-1926526.00,21620489.00,8847907.00,25343.4,13454.8333,23238.7143,15581.1429,11939539.00,15479855.00,175235.0,152606.0,14116.3333,18403.3333
2026-02-10,15471,12901,6177.0,7904.0,6023.0,6009.0,-1079662.00,357017.00,27341719.00,13723151.00,24976.7667,13217.5333,28185.4286,18650.1429,19808177.00,18371498.00,170860.0,150191.0,13646.6667,18742.6667
2026-02-09,15545,15005,7144.0,7254.0,6512.0,7354.0,-278347.00,-2072770.00,50861500.00,11095733.00,24578.7,12829.4333,31933.8571,19802,28625645.00,28892808.00,165006.0,145926.0,14186,20581.6667
2026-02-06,24194,14443,10891.0,11244.0,5784.0,7712.0,4120995.00,1310.00,45530826.00,10029334.00,24044.9667,12543.6,35009.1429,21284.8571,23315738.00,27435423.00,179646.0,164788.0,16792,25574
2026-02-05,16489,11492,7905.0,7741.0,5641.0,5024.0,-5633920.00,1527735.00,33488197.00,19676588.00,23750.2,12424.8,35417.8571,21422.4286,28882508.00,21707089.00,176702.0,159314.0,18409,30324
2026-02-04,21062,16623,8548.0,10245.0,8246.0,6998.0,-899512.00,-860315.00,44178687.00,18541985.00,23445.3333,12066.0667,33716.7143,20237.2857,28506395.00,28472908.00,172477.0,155973.0,24329.3333,40002.6667
2026-02-03,39171,22261,17797.0,15411.0,9427.0,11070.0,11989706.00,1444263.00,84484423.00,23159321.00,22435.0667,11517.6333,30400,18558.8571,41879701.00,52425144.00,164404.0,148678.0,24598.3333,40873.6667
2026-02-02,30739,16343,15312.0,11971.0,6308.0,8468.0,3864237.00,-4785201.00,56383418.00,15938581.00,21746.6667,11188.1333,30055.8571,18025.7143,28052776.00,36702214.00,158060.0,142129.0,27425,45867.6667
2026-01-30,50098,34384,20466.0,26013.0,16107.0,15186.0,355955.00,3636877.00,63808506.00,29780832.00,20240.1,10162.1333,26725.7143,14950.1429,45234447.00,41953525.00,173787.0,160547.0,20115.3333,35618.3333
2026-01-29,41784,23068,17251.0,19926.0,10270.0,10518.0,-6433049.00,1246357.00,77639213.00,21858690.00,19045.2333,9513.8,23015.2857,12784.2857,48700676.00,41024895.00,164277.0,141820.0,15201.6667,24741.6667
2026-01-28,45721,24823,21245.0,20909.0,11739.0,10468.0,5651612.00,5372096.00,145707349.00,27577298.00,18107.5333,8961,19570.2857,10388.8571,80605089.00,80685685.00,156581.0,129572.0,10431.3333,14819.3333
2026-01-27,19350,12455,10660.0,7052.0,3368.0,8014.0,10264160.00,-4573107.00,40179602.00,10684785.00,18127.4333,8838.3333,19603.7143,10185.4286,16266380.00,31103647.00,149777.0,126416.0,10483.3333,17812.6667
2026-01-26,9154,8327,3866.0,4466.0,3280.0,4096.0,1506860.00,-331625.00,20071450.00,6578551.00,18389.7667,8866.1333,19230.8571,9667.5714,11466145.00,13299690.00,146059.0,123870.0,11992.6667,23690.3333
2026-01-23,15954,10512,6386.0,8269.0,5037.0,4616.0,-2745716.00,2023321.00,24131222.00,7021215.00,18000.1,8669.4,19885.4286,9211.1429,16484163.00,11715126.00,155463.0,138793.0,11124.3333,23642.6667
2026-01-22,28330,12611,11559.0,13737.0,5845.0,5150.0,1717605.00,1380382.00,45659293.00,8684429.00,17286.2333,8381.1667,20681.2857,8749.1429,24308225.00,24645448.00,152242.0,131695.0,9605.6667,21401.3333
2026-01-21,26787,12855,11831.0,12704.0,4311.0,6587.0,2657808.00,-1139518.00,65580989.00,9521639.00,16855.0667,8150.6,23317.4286,8561.8571,34221905.00,35387231.00,147534.0,127885.0,8997.6667,19000.3333
2026-01-20,15811,7907,8700.0,6357.0,3783.0,3277.0,2219784.00,70488.00,22950837.00,6558287.00,16693.5667,8013.2333,28909.2857,9153.1429,12796479.00,14945775.00,143873.0,124656.0,7929.3333,15911.3333
2026-01-16,21606,8055,11586.0,8947.0,3447.0,3889.0,1916111.00,392080.00,24463775.00,4261675.00,16238.5333,7935.1667,32598.8571,10291.8571,12626914.00,14150945.00,217183.0,202315.0,7683.3333,15554.6667
2026-01-15,19584,11031,8900.0,9406.0,5140.0,5003.0,-1615092.00,-301421.00,38860340.00,5913611.00,15819.9333,7790.3,35417.8571,12137,21219861.00,20605766.00,212832.0,196856.0,7132,20327
2026-01-14,6544,4702,2695.0,3391.0,1827.0,2533.0,-1175992.00,-449534.00,10718544.00,3035043.00,15878.4,7834.6333,36308.5714,13304.8571,6748259.00,6021801.00,211799.0,196257.0,9412.6667,33225.6667
2026-01-13,20536,7317,9386.0,8769.0,2536.0,4218.0,2342531.00,-856764.00,31395774.00,4928910.00,15387.8667,7806.3,36618.2857,13752,15353780.00,18553075.00,209321.0,198734.0,10989,44698.3333
2026-01-12,33901,9377,15986.0,15175.0,3759.0,4835.0,4544943.00,-1869399.00,41596367.00,5895649.00,14644.9333,7711.9333,33072.2857,13615,18808311.00,25222653.00,207334.0,193074.0,13205.3333,49209
2026-01-09,45240,11544,26117.0,14492.0,4393.0,6120.0,2707049.00,-1440723.00,24268150.00,7452318.00,13574,7547.0667,27468.7143,12709.8571,12182766.00,16330538.00,215591.0,216805.0,17339.6667,47234.6667
2026-01-08,54954,12046,17371.0,32136.0,5439.0,5456.0,-6169943.00,198379.00,27908502.00,8735818.00,12394.7333,7323.5,20325.2857,11937.5714,20124296.00,13294064.00,213069.0,192201.0,17616.6667,33176.3333
2026-01-07,47433,16026,15774.0,23787.0,8448.0,6123.0,-4801197.00,-470509.00,34779287.00,14097791.00,11250.9,7219.9,14188,10474.1429,23553893.00,21228655.00,208582.0,170536.0,15757,24933.3333
2026-01-06,39317,23947,18353.0,17748.0,9413.0,12550.0,2603505.00,-3688532.00,63342638.00,23500588.00,10655,6886.7,9086,7533.4286,38843603.00,41249140.00,199576.0,160117.0,10580.6667,14854
2026-01-05,12779,12877,4602.0,5100.0,6167.0,5591.0,145954.00,180360.00,17377262.00,5517686.00,10409.2,6765.0667,8429.2857,6532.1429,7596659.00,7562253.00,194958.0,155922.0,8024.3333,12599.3333
2026-01-02,22704,10447,12178.0,9293.0,3368.0,6060.0,2881517.00,-665075.00,22884310.00,4148137.00,9983.8,6664.8333,6278.1429,6172.2857,10785928.00,14332520.00,198015.0,160023.0,6755.3333,6681.3333
2025-12-31,9079,8418,4203.0,4200.0,3064.0,4679.0,1105859.00,674006.00,11977946.00,6677869.00,10124.2667,6556.2667,6683.4286,5807,8527588.00,8959441.00,193342.0,155491.0,5876.6667,5145.6667
2025-12-30,6015,5208,1622.0,3693.0,1845.0,2604.0,-1421728.00,-88930.00,6649283.00,1825681.00,10453.4667,6609.9333,7090.2857,5892.7143,4582956.00,3250158.00,190975.0,153717.0,5261.3333,4341.6667
2025-12-29,4950,6640,2380.0,2107.0,2680.0,3194.0,37031.00,-296902.00,7845033.00,2811176.00,10943.5333,6706.8667,7824.1429,5866.7143,4721532.00,5055465.00,187380.0,152285.0,5004,5419
2025-12-26,4472,5782,2032.0,2059.0,2195.0,3000.0,-428032.00,-1239323.00,8117793.00,2365765.00,11077.2,6731.1,7885.4286,5555.5714,4508576.00,5319867.00,191945.0,157938.0,5719.3333,6477
2025-12-24,3603,3362,1392.0,1926.0,1100.0,1986.0,-596331.00,173981.00,3073790.00,1587629.00,11570.3333,6827.7333,8219,5592.1429,2581269.00,1810957.00,190908.0,157070.0,6552.3333,9248
2025-12-23,8182,5868,4831.0,2867.0,1583.0,2755.0,386736.00,-132323.00,3928548.00,4320959.00,12054,7077.3667,9563,5930.8571,3024392.00,3543451.00,189265.0,152263.0,6532.3333,9475
2025-12-22,7646,7928,3024.0,4085.0,4136.0,3236.0,-5086987.00,363586.00,12036769.00,3470815.00,12475.5333,7211.2333,11320.2857,6051.8571,10180871.00,4730298.00,185088.0,149600.0,6042.3333,10288.6667
2025-12-19,11916,5861,5919.0,4942.0,1930.0,3396.0,1783089.00,-752546.00,20008991.00,2591048.00,12830.4,7569.1333,12050,6523.2857,9024311.00,11559946.00,223939.0,194153.0,5290,7950.3333
2025-12-18,8863,5808,4645.0,3578.0,2223.0,3200.0,868791.00,-701106.00,11461377.00,3285268.00,13119.6333,7707.4333,11393,6352.1429,6064870.00,7634767.00,223612.0,193174.0,4560,6975.3333
2025-12-17,10087,6458,3235.0,5744.0,2288.0,3878.0,-2252739.00,403704.00,13197205.00,3688843.00,13168.3,7803.1,10939.7143,5995.8571,10057026.00,5706983.00,221363.0,191343.0,5153.6667,9476.3333
2025-12-16,4901,3604,1986.0,2490.0,1496.0,1900.0,-768882.00,-538600.00,9077273.00,2958781.00,14065.7333,8219.0667,12218.4286,6329.2857,5678794.00,5448512.00,220102.0,189832.0,6877.3333,14491.6667
2025-12-15,5938,3618,2769.0,2795.0,1619.0,1651.0,-2065036.00,-559833.00,12727137.00,2270694.00,16169.8333,9284.4333,12936.7143,6353.2857,7697199.00,6191996.00,218822.0,190211.0,8725,18187
2025-12-12,17590,8239,6669.0,9501.0,4085.0,3422.0,-2211755.00,518303.00,15714043.00,5290167.00,17179.5,9650.0333,11560.2857,5992.4286,10863014.00,8132956.00,221787.0,198664.0,7515.3333,13745
2025-12-11,19947,8775,11709.0,6863.0,3526.0,4481.0,3116632.00,174241.00,21992808.00,6946188.00,18642.7,10082.8333,9714.4286,5693.8571,11571928.00,14514319.00,218427.0,198022.0,5911.6667,9400.6667
2025-12-10,17024,9161,8019.0,7604.0,3350.0,5123.0,2957093.00,-1209203.00,16614360.00,4575121.00,18878.2333,10070.8,8467.8571,5246.8571,7727079.00,11893375.00,214237.0,193728.0,4837.3333,8343.3333
2025-12-09,4264,4610,1711.0,1940.0,1628.0,2286.0,151537.00,-458053.00,4534401.00,4918061.00,19095.1667,10069.8,8690.1429,5512.1429,3476720.00,4086310.00,212062.0,192840.0,4562.6667,10577.3333
2025-12-08,6914,3964,2936.0,3328.0,1512.0,2205.0,-468098.00,-589151.00,7574614.00,1955044.00,19387.0333,10125.4,9361.4286,5881,4241199.00,4362252.00,210234.0,190967.0,5145.6667,10924.3333
2025-12-05,13852,5938,6357.0,6296.0,2209.0,3180.0,-231438.00,-196884.00,11954806.00,3925944.00,19299.0333,10051.8,9255.7143,5975.2857,7160254.00,7125700.00,215163.0,197203.0,5394.6667,8649
2025-12-04,10966,3786,5320.0,3817.0,1120.0,2217.0,24964.00,28455.00,7829822.00,2662827.00,19461.1,10131.8667,10485.7143,6197.1429,4604318.00,4600827.00,214321.0,192455.0,6143.3333,7759.6667
2025-12-03,7955,5713,2038.0,4817.0,2845.0,2465.0,-2335213.00,-553113.00,9349254.00,3968276.00,19454.7,10029.4,11223.2857,7226.4286,6954882.00,5172782.00,212844.0,196403.0,6394.6667,7048
2025-12-02,7026,6685,3522.0,2816.0,2706.0,3479.0,274168.00,-720479.00,7776640.00,3930703.00,19878.9667,10184.7,13282.4286,8264.4286,4756185.00,5750832.00,210291.0,195364.0,6348.3333,8577
2025-12-01,8298,6032,3425.0,3921.0,2845.0,2851.0,273012.00,-97009.00,11891836.00,2626372.00,20109.3667,10224.6667,12869.1429,8721,6744769.00,7114790.00,208420.0,193178.0,6537,10181.6667
2025-11-28,5820,6467,2554.0,2681.0,2015.0,3696.0,674847.00,-2178923.00,5429033.00,4998473.00,20836.7333,10477.0333,13458,8860,3365526.00,6219296.00,216847.0,201951.0,6161,14767
2025-11-26,11613,6546,4117.0,5487.0,2167.0,2351.0,-2053080.00,1045473.00,19560692.00,5236418.00,20793.5,10475.6667,13698,8662.1429,12063901.00,8965348.00,214596.0,202024.0,8285,15268.6667
2025-11-25,13112,6598,5947.0,6540.0,2565.0,3382.0,56639.00,-184532.00,7253909.00,2054192.00,20543.5,10455.1,14095,8693.5714,4184932.00,4426103.00,212932.0,198418.0,10736,18044.6667
2025-11-24,19576,5339,6288.0,12447.0,2716.0,2277.0,-3033579.00,-5792.00,11934133.00,4300385.00,20437.2,10961.8667,14105.8571,9294.8571,9262835.00,6235048.00,210227.0,186293.0,12032.3333,13321
2025-11-21,13118,12918,7383.0,5218.0,5384.0,6524.0,556951.00,-2216098.00,9461025.00,11784577.00,20396.2333,11168.1333,13443.5714,8379.2857,8242918.00,11015967.00,255155.0,228738.0,10206.3333,12262.3333
2025-11-20,21440,13951,4979.0,7306.0,5730.0,7473.0,-2227016.00,-1360367.00,17307865.00,12202997.00,20085.9333,11242.5667,13008.8571,7280.7143,13726447.00,12859798.00,252771.0,226271.0,7276.3333,9546.6667
2025-11-19,5405,9228,2123.0,2935.0,4231.0,4817.0,612431.00,548596.00,6213905.00,5712659.00,20567.9333,11139.7667,15478.4286,7870.5714,5674738.00,5738573.00,251028.0,226248.0,6473,13042
2025-11-18,9942,7440,3098.0,5851.0,4403.0,2707.0,-1086274.00,3452388.00,10057530.00,8696293.00,21092.7667,11690.9333,16957,8514,10512687.00,5974025.00,248104.0,222011.0,7175.6667,16278.6667
2025-11-17,13293,5161,6495.0,6226.0,1952.0,2944.0,807708.00,-713107.00,10887533.00,3109078.00,21391.1333,11987.9,18281.1429,10147.8571,5958767.00,7479582.00,246059.0,218214.0,7625,14675
2025-11-14,15891,6818,3712.0,4208.0,2864.0,3186.0,-534360.00,218004.00,11450936.00,5868392.00,21689.6,12508.9333,18516.7143,10596.2857,7420175.00,6668541.00,255519.0,230403.0,7439.3333,15510.3333
2025-11-13,19652,9548,7794.0,8703.0,4158.0,3861.0,-1703234.00,-1006907.00,15271476.00,9021755.00,22031.1667,12996.3,17358.8571,10564.8571,10978489.00,10282162.00,254815.0,222141.0,8709,16523.6667
2025-11-12,8482,6509,3292.0,4393.0,2845.0,3259.0,-1920974.00,1310412.00,9514385.00,4096414.00,23083.3333,13864.0333,20693.4286,11932.5714,7741011.00,4509625.00,252174.0,221599.0,10520.6667,20460.3333
2025-11-11,18397,6261,7471.0,9953.0,2542.0,3110.0,-1207986.00,-622423.00,33630195.00,4773109.00,23208,14448.7,27931.1429,16120.8571,18860081.00,17919768.00,249579.0,215869.0,13966.3333,21848.6667
2025-11-10,22692,13357,10772.0,9797.0,5504.0,6831.0,2297464.00,-1010009.00,33099960.00,7512552.00,23433.5667,14751.5333,31529.4286,16956.5714,16736488.00,20043961.00,243092.0,207270.0,12833,20131.3333
2025-11-07,20292,11944,9012.0,10200.0,4841.0,6718.0,-592152.00,-841520.00,20444795.00,6525831.00,23109.8333,14644.5667,37751,18358.7143,12611069.00,12860437.00,250942.0,233364.0,11961,17216.3333
2025-11-06,22562,16598,7792.0,7614.0,6887.0,9077.0,1428385.00,-1238260.00,28992465.00,6318995.00,22620.0667,14821.3,37969.2857,17244.7143,13088179.00,16118196.00,241359.0,229455.0,11789.3333,20303.6667
2025-11-05,17540,9957,8441.0,7743.0,4240.0,5220.0,1747429.00,-1848902.00,20527423.00,5926008.00,22532.0667,15209.4,37002.4286,16476.5714,10596820.00,14193151.00,236372.0,225857.0,20330,37477.3333
2025-11-04,11547,9328,4603.0,6183.0,3353.0,4865.0,-1357487.00,-1803745.00,12403908.00,5818088.00,22862.8333,15629.7333,37591.4286,15948.5714,8099959.00,8546217.00,233025.0,222427.0,23623,49588.3333
2025-11-03,31824,16083,16089.0,13701.0,7206.0,7862.0,1970447.00,-2143453.00,38879936.00,7154838.00,22381.6667,15727.5,34646.8571,14183.8571,19825763.00,24514423.00,226512.0,213200.0,25515,60261.3333
2025-10-31,69061,35579,31759.0,29816.0,13739.0,16928.0,382200.00,-2131975.00,58260960.00,11423867.00,20551.6333,15142.3667,27042.1429,9985.1429,29636085.00,32529610.00,246906.0,242641.0,16588.6667,45271
2025-10-30,47880,19207,14451.0,28678.0,8408.0,7594.0,-8551376.00,296343.00,30314509.00,9305147.00,19731.2667,15660.5667,21311.1429,7618.2857,21744434.00,12896715.00,235440.0,218904.0,11713,32901.6667
2025-10-29,63843,21759,25704.0,24927.0,6234.0,8669.0,204944.00,-1878422.00,63319402.00,12039343.00,17995.1,15299.0667,15012.7143,6130.4286,30775378.00,32200744.00,224076.0,202501.0,6337.3333,16844
2025-10-28,24090,8800,9340.0,11560.0,5884.0,2798.0,-2803054.00,1605536.00,35460532.00,4741218.00,17648.5333,15841.1,13744.1429,5906.2857,20352260.00,18839670.00,217993.0,185504.0,4647.3333,12551.3333
2025-10-27,10772,4580,3941.0,5915.0,2452.0,1857.0,-2125405.00,265865.00,11170501.00,2650692.00,18053.5667,16510.3667,16154,7257.4286,7570997.00,5179727.00,215685.0,180938.0,5183.3333,14236.6667
2025-10-24,15670,5632,5950.0,8764.0,2647.0,2514.0,-1357059.00,148986.00,11991550.00,2610508.00,18110.1,16564.3333,15389.1429,7382.1429,7651506.00,6145461.00,224079.0,191699.0,4185.6667,11601
2025-10-23,11212,3730,5538.0,4991.0,1532.0,1909.0,-5454305.00,-1012801.00,18579318.00,2625158.00,18031.6,16620.4,14589.1429,7703.7143,12554172.00,8112668.00,222989.0,188776.0,6723.6667,14448.3333
2025-10-22,15828,6188,5428.0,7821.0,2039.0,3634.0,-507560.00,-839275.00,6721913.00,3162424.00,18114.3,16940.9667,14669,9754.2857,4400697.00,4732412.00,220338.0,187330.0,7071.3333,14242.3333
2025-10-21,7763,2639,2764.0,4422.0,1235.0,1182.0,-797303.00,-337422.00,3382956.00,1341806.00,18648.5,17361.8667,15258.4286,12106.7143,2403934.00,1944053.00,219397.0,187765.0,10871,20868.3333
2025-10-20,19754,11344,9143.0,10066.0,5625.0,5329.0,-955778.00,144829.00,10878865.00,5460940.00,18330.4333,17259.1,14169.4286,12798.1429,8023062.00,6922455.00,212083.0,176363.0,9258,17722.3333
2025-10-17,15210,7231,6121.0,7880.0,2860.0,3888.0,-865163.00,-423101.00,10089306.00,2581342.00,18347.5,17356.1667,14834.4286,12642.8571,5825493.00,5383505.00,268454.0,213047.0,8841.3333,14523
2025-10-16,27641,14038,15899.0,10124.0,6488.0,6464.0,3901346.00,43912.00,21760439.00,5073458.00,18370.0667,18395.2,14555.2857,14062.4286,10631188.00,14488622.00,265467.0,206594.0,11009.3333,10771.6667
2025-10-15,10316,6505,5297.0,4199.0,2748.0,3200.0,606635.00,94804.00,5320527.00,2879045.00,18866.8,18707.1333,16259.2857,15143.1429,3479671.00,3991451.00,264028.0,202771.0,15209.6667,11296
2025-10-14,5612,5981,2318.0,2730.0,2423.0,3213.0,-606890.00,-53837.00,3954531.00,2467463.00,18863.6667,18642.1,19006.8571,17495.7143,3224875.00,2671822.00,263819.0,201488.0,18610.6667,13469
2025-10-13,16387,20542,8508.0,6530.0,11781.0,8193.0,5728504.00,3771456.00,12691070.00,10952124.00,18681.1667,18142.5,20937.1429,18013.8571,10359555.00,12366103.00,267053.0,193253.0,13811.3333,14628.3333
2025-10-10,11889,19106,4416.0,6710.0,10509.0,7931.0,-1039307.00,222916.00,7319062.00,6843783.00,18601.4,17639.1,24959.7143,19933.1429,7347315.00,6085092.00,273501.0,216971.0,15434.3333,19227.6667
2025-10-09,12131,16184,5346.0,5347.0,8122.0,6684.0,-947310.00,-118223.00,6805171.00,7071517.00,18289.3667,17409.2667,26389.1429,21021.2857,6721732.00,5892645.00,271093.0,213862.0,14729.6667,22598.6667
2025-10-08,19865,6144,10246.0,8350.0,2862.0,2864.0,190949.00,-262293.00,11392610.00,3077768.00,17724.4333,17295.7333,27759.7143,23349.5714,6386006.00,6839248.00,269882.0,208306.0,20164.6667,24258.6667
2025-10-07,25687,23975,10852.0,13150.0,9940.0,11095.0,-1634525.00,-516705.00,14443366.00,11503939.00,17189.6667,16723.0667,25601.5714,21172.4286,12469617.00,11351797.00,266959.0,201496.0,20229.3333,25662.6667
2025-10-06,22244,14070,10254.0,9621.0,6833.0,6058.0,2560661.00,1189195.00,20826596.00,8131914.00,16613.9333,16355.8,23548,22291,11976118.00,13682584.00,264155.0,196863.0,26386.3333,31597
2025-10-03,24845,22449,9152.0,12805.0,6791.0,6221.0,-2154353.00,445463.00,18321753.00,20949718.00,15844.0667,15676.3333,22127.2857,22169.7143,12242816.00,9643000.00,275055.0,205948.0,26837,30694.3333
2025-10-02,29899,24169,11078.0,15735.0,13080.0,9368.0,-464739.00,279446.00,18269957.00,9346090.00,15084.7667,14931.9667,20923.1429,21851,13083837.00,12339652.00,266400.0,191350.0,26261.3333,30547.6667
2025-10-01,40047,32541,17047.0,20125.0,12557.0,15581.0,-1532264.00,-3151133.00,38979522.00,15235837.00,13885.6667,13998.6667,17686.2857,19918.8571,24173636.00,26150630.00,252627.0,175650.0,18326,20725.3333
2025-09-30,22137,23801,7435.0,9239.0,8672.0,9134.0,-1380699.00,-405649.00,22967288.00,6661134.00,13238.9667,13275.8333,16546.7143,19093.7143,10392929.00,9417879.00,238504.0,168149.0,17692.3333,15969.3333
2025-09-29,29459,22442,14913.0,11234.0,10312.0,10579.0,-675725.00,-395794.00,21288657.00,7185103.00,12464.5333,12648.7667,15662.4286,20852.4286,12105916.00,11825985.00,231810.0,159266.0,17411.6667,11116.3333
2025-09-26,10580,8735,4337.0,5018.0,3412.0,3238.0,250874.00,-101090.00,3719012.00,3091850.00,12544.7,12741.2667,15830.7143,21163.7143,2338108.00,2690072.00,251036.0,174323.0,21812.6667,14746.3333
2025-09-25,7869,21900,3498.0,3842.0,4657.0,6034.0,-344671.00,52295.00,4610960.00,6410078.00,12350.1333,12032.7667,16662.7143,21615.2857,4260943.00,3863977.00,241762.0,171616.0,20851.3333,17919.6667
2025-09-24,14900,21600,4678.0,5016.0,8149.0,8424.0,-1182438.00,107306.00,14339209.00,6260944.00,11908.0667,11357.3667,17808.8571,22052.1429,5750668.00,4460924.00,231208.0,165175.0,19659.6667,17673
2025-09-23,21470,21938,10728.0,9875.0,10201.0,9430.0,-2423555.00,178434.00,14851026.00,5976751.00,11322.8333,10797.6333,17222.5714,19954,11184039.00,8582050.00,221321.0,155369.0,23931.3333,18272.6667
2025-09-22,17389,19016,8412.0,7328.0,7335.0,9664.0,-159056.00,-1158449.00,12887899.00,5681149.00,11021.6333,10206.3667,16003.7143,18010.5714,7638870.00,9135996.00,212378.0,145109.0,21230.6667,16395.6667
2025-09-19,14160,18025,8154.0,5515.0,7839.0,9111.0,1506226.00,-1281404.00,11361065.00,6579427.00,10619.1333,9660.4667,16596.4286,17693.4286,7244319.00,10031949.00,249834.0,191106.0,23576,16240
2025-09-18,23269,34753,7633.0,5236.0,6287.0,9460.0,361924.00,-439351.00,24979092.00,7213297.00,9920,8549.3333,16670.7143,14909.5714,6062746.00,6864021.00,225674.0,182510.0,20211,16124.6667
2025-09-17,11758,10914,3081.0,8306.0,4829.0,5257.0,-6477973.00,-499288.00,10165181.00,2962857.00,9731.2,8424.9333,16449.8571,14530.5714,9382255.00,3214890.00,222599.0,178519.0,18990,17994
2025-09-16,13693,25061,5962.0,6858.0,8916.0,5540.0,-630002.00,-285950.00,8106306.00,13584416.00,9408.4333,7684.1667,16739.7143,12399.4286,5695099.00,5351047.00,206957.0,174909.0,12440.3333,16382
2025-09-15,22923,24658,8617.0,9258.0,11708.0,7853.0,-3802105.00,543309.00,24909231.00,7774928.00,9285.2667,7004,17510.4286,15335.2857,14508806.00,10163392.00,189820.0,162666.0,9489.3333,14844
2025-09-12,17366,7251,4699.0,11645.0,2461.0,2199.0,-1723925.00,413575.00,6185773.00,2679168.00,11656.2667,7085.7,18632.1429,16565.5714,4907411.00,2769911.00,191915.0,166025.0,12161,16985
2025-09-11,8857,5412,4497.0,3811.0,2386.0,2426.0,42188.00,-99966.00,3174283.00,1240282.00,12440.2333,7441.4667,18155.1429,16368.1429,1991660.00,2133814.00,190013.0,161345.0,13110.6667,17436.6667
2025-09-10,18309,15805,1764.0,7626.0,11446.0,3035.0,-2258481.00,884150.00,27738037.00,3251177.00,12522.7333,7047.6,17098.4286,14903.7143,11337868.00,2120237.00,187586.0,160122.0,11223.3333,16574.3333
2025-09-09,23789,15266,12661.0,8858.0,3931.0,5508.0,4322166.00,-320170.00,16654566.00,2835805.00,12070.5333,6600.1667,15056.5714,13294.8571,4954450.00,12309286.00,181780.0,153029.0,21204.3333,18084
2025-09-08,10212,8261,5040.0,4334.0,4241.0,3599.0,1837201.00,134259.00,5884848.00,2228361.00,12076.9,6495.9,13993.4286,13441.7143,2734079.00,5122021.00,176484.0,149080.0,23738.3333,23086
2025-09-05,15722,10143,4722.0,10463.0,5542.0,3382.0,-191633.00,14523.00,8495068.00,2710672.00,11720.9667,6579.0333,12164.1429,12383.8571,4685271.00,5879115.00,177404.0,149520.0,21700.6667,19684.6667
2025-09-04,28318,45209,11218.0,13211.0,20251.0,20828.0,-4109244.00,520661.00,15644428.00,43628298.00,10963.6667,5220.8667,9496.4286,6896.1429,29476360.00,24596455.00,143546.0,139562.0,8482.3333,13882.6667
2025-09-03,25218,15863,10368.0,9963.0,7540.0,7863.0,-1327912.00,205551.00,14536160.00,2543957.00,10345.0333,4869.1333,6604.1429,5066,6953871.00,5420408.00,133989.0,138220.0,4529.3333,8642
2025-09-02,5518,4030,2196.0,3044.0,1896.0,1998.0,-3033.00,-392769.00,3562961.00,1048979.00,10241.9,4830.2,6065.7143,4785.2857,1992910.00,2382646.00,131398.0,136015.0,6282.3333,7726
2025-08-29,10912,5554,8325.0,2295.0,3500.0,1835.0,1614263.00,101987.00,3160391.00,1037446.00,10237.5333,4713.9667,5524,4254.4286,1288307.00,2800583.00,133301.0,137000.0,5343.6667,5061
2025-08-28,9496,4004,2272.0,1960.0,1199.0,2641.0,222824.00,84668.00,6667626.00,476948.00,10219.1667,4623.2667,4749.4286,4331.2857,1734797.00,1872953.00,132867.0,130559.0,6274,5110.3333
2025-08-27,2770,9289,1306.0,1199.0,4796.0,4170.0,13002.00,-381719.00,856344.00,960492.00,10269.6333,4418.4,4744.5714,3306.5714,630018.00,1024739.00,132132.0,129257.0,4195,5844.3333
2025-08-26,2917,2738,1216.0,1538.0,1310.0,1090.0,-142476.00,86333.00,1165636.00,691543.00,10415.0667,4426.2,5217.2857,3434,960192.00,731383.00,130636.0,128279.0,3970.6667,5455
2025-08-25,9644,6795,5048.0,3877.0,2290.0,3980.0,511795.00,-300432.00,4151422.00,913977.00,10217.4667,4425.2333,5694.5714,4107.5714,1892325.00,2704552.00,125449.0,124500.0,2318.3333,4613.6667
2025-08-22,4972,3052,2395.0,2187.0,1498.0,1297.0,-306419.00,24875.00,2132979.00,456756.00,10735.8,4492.9667,5274.5714,3763.7143,1373588.00,1042294.00,127526.0,125620.0,2815,4314.3333
2025-08-21,1749,2065,719.0,924.0,1290.0,672.0,-65664.00,-18543.00,696371.00,321569.00,10706.6,4460.4,5258.7143,3659.8571,475383.00,428262.00,126004.0,125110.0,2832,4643.3333
2025-08-20,7120,1838,3945.0,2842.0,531.0,1157.0,433206.00,-237160.00,2433748.00,479945.00,10597.6,4445.2,4800.5714,4132.4286,1057690.00,1728056.00,125374.0,122355.0,3429.3333,4345.3333
2025-08-19,4074,4542,1881.0,1795.0,2730.0,939.0,-118293.00,-20324.00,823314.00,396323.00,10804.7667,4361.4333,5411.8571,3666.1429,574286.00,476317.00,124588.0,122241.0,5752,7315.6667
2025-08-18,2736,2116,1046.0,1226.0,866.0,1006.0,189.00,-138861.00,710389.00,319215.00,11182.7667,4497.5667,5318.8571,3599.2857,399587.00,538637.00,123817.0,120856.0,5261.6667,7081
2025-08-15,6226,3630,2977.0,2604.0,872.0,1728.0,-424359.00,-118703.00,3647197.00,1050075.00,11108.1667,4475.8667,4757.2857,3283.4286,2323418.00,2017762.00,132996.0,132899.0,4497.6667,5551.6667
2025-08-14,12985,11510,2407.0,10427.0,985.0,10333.0,-3970115.00,-3923581.00,7271078.00,4687350.00,10926.1,4285.4333,3772.8571,2665.1429,6397927.00,5386393.00,122339.0,123066.0,2376.3333,2527.6667
2025-08-13,2032,645,850.0,1022.0,328.0,264.0,-111164.00,10101.00,869992.00,107795.00,10922.3333,4345.5333,4055.4286,2978.4286,491312.00,370047.00,122173.0,123306.0,2587.3333,4634.6667
2025-08-12,1638,1338,677.0,833.0,515.0,745.0,1685.00,-31362.00,865793.00,615211.00,11082.7333,4451.9,6568.2857,3394.8571,678793.00,711840.00,121395.0,122793.0,2690.6667,4783.6667
2025-08-11,3913,5146,1040.0,1046.0,1721.0,1499.0,-72088.00,-150573.00,3673645.00,559994.00,11056.5333,4383.6333,18651.5714,4045.7143,632639.00,711124.00,118660.0,121841.0,1448.3333,4244.3333
2025-08-08,8353,1278,4386.0,3574.0,627.0,506.0,-53796.00,59282.00,2055420.00,355675.00,10886.3667,4392.4333,22083.4286,6161,1132773.00,1019695.00,120292.0,127328.0,3416.3333,3491.3333
2025-08-07,2085,1648,877.0,1012.0,1158.0,364.0,-130401.00,132335.00,478056.00,306996.00,11009.2,4500.9,24754.7143,6495.4286,482467.00,219731.00,120095.0,126740.0,3813,4133
2025-08-06,2295,1419,862.0,1229.0,700.0,572.0,-228787.00,40766.00,950366.00,283194.00,11502.2667,4656.7667,25887.2857,6556,708322.00,438769.00,119761.0,125990.0,4757.6667,9777.3333
2025-08-05,6094,7182,3167.0,2563.0,1970.0,4978.0,546656.00,-1070035.00,1708797.00,2042604.00,11570.7667,4512.6,26502.8571,6263.2857,991761.00,2608452.00,114915.0,123664.0,5597.6667,37244.6667
2025-08-04,4010,2838,2545.0,1202.0,1297.0,1406.0,205883.00,-92408.00,966965.00,633762.00,11960.6333,4538.6667,26650.5714,7663.1429,585178.00,883469.00,113041.0,121437.0,10013.3333,46700
2025-08-01,19228,4253,10920.0,6447.0,1808.0,2188.0,844233.00,-60562.00,3483534.00,1003094.00,11649.6333,4446.5333,24703.5714,7693.2857,1637219.00,2542014.00,123324.0,162825.0,9925.3333,47218.6667
2025-07-31,88496,9702,31342.0,27341.0,3999.0,5116.0,646608.00,-249516.00,59649720.00,1092737.00,9162.1333,4232.0667,13012.5714,7066,8879118.00,9775242.00,119133.0,153883.0,7305.6667,21127.6667
2025-07-30,32376,16085,13300.0,15014.0,5780.0,3608.0,715365.00,366403.00,5061221.00,3661114.00,8561.5333,3732,8733.7143,5177,2962379.00,3311341.00,106683.0,134003.0,3655,13803.3333
2025-07-29,20784,3989,9698.0,6571.0,1186.0,2567.0,502355.00,-181558.00,9228439.00,739403.00,7996.5667,3691.5333,7304.7143,4902.4286,3491388.00,4175301.00,104099.0,124372.0,6537.6667,8556.6667
2025-07-28,10223,1843,4165.0,3819.0,1159.0,497.0,385343.00,54749.00,2331291.00,265552.00,7918.3333,3636.5333,7122.1429,4822.4286,1044454.00,1375048.00,102742.0,115959.0,7411.3333,7015.3333
2025-07-25,10403,5133,5601.0,4048.0,2885.0,2032.0,624965.00,118348.00,2444128.00,530911.00,7674.3333,3485.9333,6248,4538.1429,1139094.00,1645711.00,106285.0,117616.0,7470.6667,5767.3333
2025-07-24,5044,12637,1495.0,1408.0,1085.0,881.0,15213.00,-84936.00,1574894.00,4203706.00,7747.7333,3235.8333,6567.4286,3157.4286,635997.00,736146.00,100562.0,114625.0,4212.3333,4894
2025-07-23,5599,4464,2269.0,2918.0,1956.0,2409.0,-70781.00,-294160.00,1745421.00,645245.00,7717.8333,3403.2667,6298.4286,3486.2857,993778.00,1217157.00,98844.0,112742.0,3413.3333,6621.3333
2025-07-22,6659,5311,1709.0,1922.0,1950.0,2979.0,-260256.00,-573477.00,2120029.00,1703779.00,7848.3667,3369.2333,8278.8571,3453.8571,1522287.00,1835508.00,95266.0,108935.0,2070.6667,7383.3333
2025-07-21,2424,2862,1316.0,953.0,1452.0,870.0,54278.00,-44484.00,690722.00,481761.00,8057.3667,3371.5,8057.2857,3200.4286,480445.00,579207.00,93209.0,107404.0,2164.3333,8003.3333
2025-07-18,10781,2067,7804.0,1910.0,1212.0,716.0,26405.00,29133.00,3683548.00,405808.00,7930.5333,3436.0333,7067.1429,3102.5714,1919158.00,1916430.00,115484.0,133707.0,2466,6836.3333
2025-07-17,8945,1283,3163.0,4331.0,831.0,332.0,-1490760.00,157720.00,2924795.00,481743.00,8166.5,3446.1333,7259.1429,3209.1429,2366477.00,717997.00,114674.0,131007.0,4293.6667,5093.3333
2025-07-16,4284,3143,1286.0,1388.0,803.0,1169.0,-129683.00,-33995.00,1991428.00,584909.00,8096.8333,3391.3,8658,3645.8571,742513.00,646825.00,113740.0,129919.0,4940.6667,10506
2025-07-15,7280,2972,3443.0,2407.0,1414.0,896.0,2092602.00,-40266.00,5806390.00,489217.00,8115.4667,3332.2667,8187.7143,3646.8571,922016.00,3054884.00,112555.0,129641.0,4312.6667,8370.3333
2025-07-14,3716,6766,1782.0,1682.0,3409.0,2436.0,155949.00,-75041.00,1486753.00,1348032.00,8041.0667,3146.8333,8731.5714,3508.4286,1150929.00,1381919.00,108513.0,127777.0,2518,8415
2025-07-11,20522,5084,6527.0,12557.0,3004.0,1665.0,-174017.00,-39498.00,3680578.00,712957.00,7658.8333,3039.5333,6074,3131.8571,1943529.00,1809010.00,107767.0,130780.0,1499.6667,5004
2025-07-10,873,1088,389.0,408.0,654.0,311.0,12172.00,84672.00,225999.00,221524.00,7834.7667,3060.3667,6870.7143,3623.4286,246217.00,173717.00,107363.0,130497.0,3203.6667,9405
2025-07-09,3850,1382,1479.0,1838.0,485.0,682.0,-629530.00,-65503.00,2824627.00,306690.00,7871.9667,3170,6767.4286,3868.5714,1761046.00,1197019.00,107405.0,130980.0,3736,9451
2025-07-08,10289,2029,4576.0,4966.0,927.0,963.0,-732432.00,-144493.00,2463193.00,507187.00,7675.3333,3162.6,5761.5714,3799,1648257.00,1060318.00,106442.0,132020.0,4992,8529
2025-07-07,14076,6200,11023.0,1509.0,2762.0,2152.0,3034335.00,161422.00,5044299.00,1140747.00,7426.5667,3138.5,4575,3613.5714,937431.00,4085381.00,102019.0,125898.0,3741.3333,4476.6667
2025-07-03,3988,2979,1710.0,1574.0,921.0,1967.0,-8262.00,-258249.00,1820230.00,701658.00,7414.5,3089.7667,6446.2857,4058.7143,1014271.00,1258549.00,105975.0,126437.0,4258,5297.3333
2025-07-02,7523,5797,4882.0,2176.0,1100.0,1441.0,1154158.00,-51035.00,3333809.00,759801.00,7343.1333,3010.7333,6535.7143,3638.7143,1158211.00,2363404.00,105057.0,122318.0,3358.3333,3832
2025-07-01,1919,2448,1019.0,824.0,1434.0,806.0,7009.00,-6467.00,604214.00,305453.00,7539.9333,3095.4667,8505.2857,3806.1429,429649.00,443125.00,103859.0,121560.0,3056.3333,4275
2025-06-30,6450,4529,2540.0,2186.0,2097.0,1909.0,276799.00,-12918.00,2427102.00,670942.00,7447.8,3029.6333,8997.8571,3371.8571,1101134.00,1390851.00,100155.0,118982.0,3180.6667,4048.3333
2025-06-27,3127,3098,794.0,2012.0,1433.0,1204.0,-311013.00,155561.00,788101.00,661872.00,7684,3071.9667,10532.7143,3396.1429,874931.00,408357.00,103120.0,126895.0,4179.6667,8701.6667
2025-06-26,3248,1542,1564.0,1343.0,659.0,850.0,11915.00,-114927.00,672383.00,482378.00,7967.2333,3255.5,12119.8571,3330.5714,452071.00,578913.00,102175.0,126751.0,4618,10335.3333
2025-06-25,5770,4902,2468.0,2628.0,2145.0,2524.0,301254.00,153313.00,1981862.00,731032.00,7909.5,3304.6,11843.4286,3026.7143,939287.00,1087228.00,98769.0,124204.0,4190.6667,13647.3333
2025-06-24,17087,6095,5538.0,7063.0,2740.0,2875.0,-866929.00,79408.00,8905397.00,794122.00,7477.5667,3314.2333,10527.5714,2183.5714,2774910.00,1828573.00,96063.0,121610.0,2655.3333,11251
2025-06-23,8149,2857,3182.0,2045.0,1142.0,1450.0,283419.00,81615.00,3196403.00,704427.00,7419.8333,3372.5,9803.8571,1863.2857,1120934.00,1322738.00,94148.0,116816.0,2792.3333,13158.3333
2025-06-20,15706,3620,4755.0,6351.0,1431.0,1326.0,-490215.00,-80928.00,3023149.00,598943.00,6970.8333,3438.8667,8595.2857,2079.5714,1570339.00,1161052.00,114288.0,147850.0,1946.6667,12709
2025-06-18,9898,1489,3595.0,5202.0,714.0,533.0,-652470.00,144847.00,3283421.00,377094.00,6736.4333,3609.8,7853,3222.1429,2041624.00,1244307.00,114804.0,143211.0,2375.3333,10688
2025-06-17,13871,3268,6910.0,4207.0,859.0,2207.0,605008.00,31940.00,4008499.00,351581.00,6487.3667,3681.0667,7382.1429,3368.1429,1335999.00,1909067.00,113208.0,134717.0,1350.3333,8689.6667
2025-06-16,14358,1083,6397.0,7147.0,200.0,798.0,-1085209.00,-128881.00,2639040.00,177875.00,6241.3,3906.9667,6573,3632,1788586.00,832258.00,112354.0,128877.0,1194.3333,4931.3333
2025-06-13,3835,2775,1706.0,1703.0,1103.0,1597.0,-51401.00,166711.00,772976.00,357821.00,6581.5667,4016.4333,7021.7143,3807.4286,628003.00,409891.00,112280.0,132695.0,1980.6667,6068.3333
2025-06-12,7876,193,3742.0,3341.0,94.0,89.0,-186750.00,266.00,1620123.00,26908.00,7416.2667,4305.9,8185.7143,4006.4286,837713.00,650697.00,112201.0,127427.0,5078.6667,5010.3333
2025-06-11,3083,615,497.0,2037.0,336.0,231.0,-434071.00,27416.00,944934.00,65589.00,7732.8667,4727.5667,8058.7143,4132.5714,678139.00,216652.00,111848.0,125187.0,6303.6667,7507.6667
2025-06-10,7246,5134,1148.0,5944.0,2767.0,677.0,-1249403.00,135178.00,2259529.00,518492.00,7751.7667,4639.8333,8143.4286,3570.7143,1983010.00,598429.00,107313.0,119649.0,5569,7990.3333
2025-06-09,4702,9487,2684.0,1762.0,1662.0,676.0,689905.00,133606.00,1930358.00,4001637.00,7831.1,4435.1667,7683.7143,2387.2857,759684.00,1315983.00,100662.0,117360.0,3741,8748.3333
2025-06-06,10575,4290,5829.0,3421.0,2917.0,1334.0,1219270.00,1204979.00,3334482.00,2337990.00,7948.6333,4426.5333,7466.5714,2040.8571,2656903.00,2671194.00,100098.0,117110.0,2839.6667,10564.6667
2025-06-05,8694,2930,4625.0,3127.0,1778.0,781.0,146942.00,-9086.00,1547596.00,223466.00,7863.4333,4439.8,7103.2857,1867,719562.00,875590.00,98320.0,114102.0,2362.3333,8398
2025-06-04,6976,4003,3606.0,3026.0,2437.0,1456.0,-90694.00,14596.00,1504994.00,187982.00,7911.2333,4359.6,6816.1429,1962.4286,817105.00,711815.00,96561.0,111410.0,1428.3333,8685.6667
2025-06-03,16024,1586,3546.0,4133.0,842.0,700.0,481804.00,-62484.00,5890159.00,242241.00,7574.2333,4455.8333,5154.1429,1994,1165630.00,1707915.00,95821.0,105240.0,1300.6667,3839
2025-06-02,2194,1498,1252.0,699.0,646.0,657.0,80061.00,-84758.00,356960.00,415336.00,7656.6,4582.4,5785.4286,2562.4286,258340.00,423159.00,95191.0,103889.0,1423,6126
2025-05-30,7839,1201,3882.0,3400.0,472.0,714.0,244866.00,-92465.00,1999376.00,267075.00,7611.8,4804.1667,5183.5714,2607.5714,909906.00,1247237.00,97999.0,106002.0,1593.6667,5563.3333
2025-05-29,1484,1203,621.0,806.0,216.0,822.0,-103078.00,-258739.00,320656.00,399983.00,7652.8333,4825.9667,5740.4286,2925.1429,263727.00,419388.00,97133.0,105511.0,2749.6667,6724
2025-05-28,9055,1865,3022.0,2929.0,1326.0,341.0,45466.00,158759.00,1984827.00,245792.00,7523.5333,4890.2333,5564.4286,3371.5714,792382.00,679089.00,96350.0,102399.0,2730.3333,5169
2025-05-27,6151,1713,3347.0,2068.0,658.0,688.0,204353.00,21692.00,1182255.00,475574.00,7458.0333,4918.3,5212.2857,3491.7143,649643.00,832304.00,95572.0,98895.0,3985,5323
2025-05-23,4966,4671,2696.0,1844.0,3548.0,1084.0,56103.00,276577.00,851378.00,527456.00,7650.4,4954.4667,5961.8571,3448.4286,740075.00,519601.00,95074.0,101280.0,2933.6667,4876.3333
2025-05-22,4390,1807,1617.0,2354.0,1050.0,677.0,171.00,246521.00,523297.00,443625.00,7894.2667,5031.8,7012.5714,4197.1429,576534.00,330184.00,94091.0,99563.0,3473.3333,5207
2025-05-21,6613,5477,1291.0,2030.0,1955.0,3002.0,-192974.00,-218705.00,1796247.00,1011912.00,7987.4667,5016.9667,6644.7143,4325.4286,904098.00,929829.00,91487.0,95054.0,3311,5610.3333
2025-05-20,3626,1517,1206.0,2188.0,579.0,619.0,-29254.00,-10908.00,1236575.00,117079.00,8006.7,5185.6,6716.5714,5020.7143,660766.00,642420.00,91560.0,93519.0,3656.6667,5630.3333
2025-05-19,5382,3426,2779.0,2300.0,1203.0,1589.0,843498.00,214580.00,1872604.00,1156879.00,8524.5667,5438.4667,6864.4286,5189.1429,1041165.00,1670083.00,89174.0,91067.0,3970.6667,7240.6667
2025-05-16,7823,4990,2673.0,4131.0,1125.0,2542.0,-1267433.00,-38094.00,3204169.00,465024.00,8891.2667,6070.2333,6066.2857,5277.8571,2115481.00,886142.00,105131.0,129528.0,4656.6667,8548
2025-05-15,3686,2554,1510.0,2036.0,1384.0,1084.0,-55706.00,-12162.00,919785.00,603226.00,9386.6667,6352.8333,5949.1429,5858.2857,747669.00,704125.00,104267.0,128152.0,5930.3333,8665.3333
2025-05-14,10213,4368,4959.0,4020.0,728.0,1177.0,-102127.00,4178.00,827863.00,1451319.00,9142.9667,6314.4333,5404.2857,6006.5714,631339.00,525034.00,101013.0,125793.0,6602.3333,6637.3333
2025-05-13,11745,7048,6814.0,2785.0,2561.0,3032.0,1664222.00,46272.00,3735060.00,664239.00,8902.8333,6138.8667,4723,6122.5714,1104201.00,2722151.00,99607.0,122583.0,5788,4861.3333
2025-05-12,4038,6375,2030.0,1828.0,2072.0,3467.0,145096.00,-131525.00,1072537.00,415859.00,9015.9,5982.3667,6152.2857,6077.4286,578037.00,854658.00,97362.0,120682.0,5533.3333,4260.6667
2025-05-09,4129,6384,1558.0,2412.0,3913.0,1947.0,141733.00,764280.00,1049091.00,1717940.00,8981.3667,6009.9667,10264.8571,6433.5714,1608491.00,985944.00,94845.0,121165.0,5611,3839.6667
2025-05-08,6417,4605,942.0,1337.0,3096.0,1196.0,-149703.00,445361.00,1736137.00,1397576.00,9024.1,5935.9,11145.4286,7670.7143,1318871.00,723807.00,92185.0,115648.0,5878,3833.6667
2025-05-07,2236,5611,1098.0,939.0,3342.0,1850.0,-4014.00,-60859.00,376368.00,735895.00,9230.1,5966.3,11942.1429,7226.5714,490265.00,547110.00,88810.0,114675.0,6627.6667,5413.6667
2025-05-06,2866,6617,775.0,1702.0,1020.0,1924.0,-64782.00,-238579.00,879985.00,2716438.00,9592.8667,6015.7333,12544.4286,6759.4286,521376.00,695173.00,84390.0,114020.0,6441.6667,9139.3333
2025-05-05,6399,5406,1649.0,3531.0,3423.0,1646.0,120192.00,430772.00,688190.00,896377.00,9633.5667,5864.8,13644.7143,6563,897398.00,586818.00,84039.0,113857.0,7598.6667,17978.6667
2025-05-02,6976,7860,3169.0,3378.0,5682.0,1526.0,37918.00,591756.00,2141807.00,1231502.00,9832.6667,5756.7333,13525,5915.5714,1863707.00,1309869.00,89124.0,122182.0,9400.3333,19847
2025-05-01,14043,6059,6780.0,6599.0,2321.0,3450.0,31188.00,-221553.00,2732508.00,666624.00,9461.3,5859.1667,12720.2857,5278.1429,1501633.00,1754374.00,85752.0,118727.0,8214.6667,17770.3333
2025-04-30,32917,8877,17086.0,13808.0,3049.0,4983.0,352797.00,-262213.00,4142646.00,1185726.00,8462.8,5745.3333,8862.7143,4649,2052737.00,2667747.00,81441.0,132944.0,6371.3333,9158.6667
2025-04-29,12581,13265,6917.0,4760.0,6106.0,6310.0,195649.00,1383.00,1211370.00,1251021.00,8571.7667,5557.3667,7731.8571,3510.4286,1069504.00,1263770.00,70790.0,126034.0,3293.3333,9665.3333
2025-04-28,7813,2502,3594.0,3553.0,881.0,1462.0,-348160.00,-123615.00,1306143.00,596725.00,9308.5,5685.0667,7543.5714,4275,984125.00,759580.00,69517.0,124565.0,3568.6667,9107
2025-04-25,7082,3347,3850.0,2751.0,546.0,2168.0,-335809.00,-98179.00,2035476.00,342994.00,9328.7,5642.4333,6919.7143,4062.1429,1182730.00,945100.00,71707.0,132022.0,2985.3333,9549.6667
2025-04-24,14101,4031,8000.0,4596.0,1721.0,2264.0,489684.00,-166447.00,1856966.00,660808.00,9067,5696.2333,5644.7143,4028.1429,862123.00,1518254.00,69391.0,129925.0,3132.6667,6820.6667
2025-04-23,6138,3328,4056.0,1619.0,1857.0,1035.0,268553.00,129564.00,1258720.00,385271.00,9749.3,5706.5667,5365.8571,3917.7143,686283.00,825272.00,67558.0,128808.0,3788.3333,6329.6667
2025-04-22,8410,1597,3342.0,4386.0,526.0,1028.0,162118.00,-117592.00,1186676.00,444087.00,9945.7667,5864.5,5698.2857,4511.8571,646630.00,926340.00,67188.0,122693.0,5874,5691.3333
2025-04-21,5914,4473,891.0,2699.0,1003.0,1191.0,-143836.00,-184216.00,873552.00,948837.00,11313.4333,6051.0333,6525.7143,4462.4286,470793.00,511173.00,63329.0,118593.0,5002,4625
2025-04-17,4665,5295,2545.0,1615.0,1227.0,2478.0,33076.00,-39894.00,448730.00,1138927.00,12431.8667,6257.7,7203.4286,4424.8571,582159.00,655129.00,65432.0,165289.0,4501.3333,4795.3333
2025-04-16,6495,7854,2107.0,1095.0,4526.0,2954.0,221159.00,1231299.00,1375727.00,5050747.00,12460.6667,6247.4333,6876,4242.2857,3337949.00,2327809.00,65220.0,160402.0,2735,4025.6667
2025-04-15,2715,1857,1274.0,1363.0,718.0,1024.0,-49597.00,-256069.00,603336.00,625942.00,12922.5333,6454.5333,9476.4286,5550.1429,485546.00,692018.00,64668.0,159731.0,4034.6667,6699.6667
2025-04-14,5176,3793,2038.0,2912.0,899.0,2729.0,-217317.00,-170030.00,911759.00,994491.00,12865,6382.8667,11426.1429,8428.7143,905511.00,858224.00,63253.0,158193.0,4146,8876.3333
2025-04-11,4186,2555,1205.0,763.0,895.0,1399.0,95421.00,-251956.00,718393.00,641769.00,13266.9667,6432.8667,13477.8571,9639.7143,381514.00,728891.00,66562.0,159689.0,4971.6667,10617.3333
2025-04-10,10737,5756,3887.0,5694.0,4203.0,1456.0,-104319.00,-38430.00,1061252.00,1429926.00,13124.4667,6330.4,12358.5714,9276.8571,1196647.00,1130758.00,68318.0,156704.0,5245,8439.3333
2025-04-09,11706,4127,3732.0,7299.0,1411.0,2586.0,-91458.00,-582333.00,2488230.00,1860775.00,13327.0667,6247.6,11335,8941.7143,1846618.00,2337493.00,65059.0,155412.0,7540,11510
2025-04-08,9409,5032,5529.0,3478.0,3159.0,1601.0,309214.00,240949.00,1717168.00,1316552.00,13202.933333333333,6098.4333333333333333,11052.2857142857142857,8462.8571428571428571,1420814.00,1489079.00,62582.0,149644.0,13843.666666666667,14648.333333333333
2025-04-07,4203,6576,1466.0,2223.0,1839.0,4322.0,-185870.00,-1346692.00,850390.00,2987296.00,13062.833333333333,5879.2333333333333333,10893.7142857142857143,8553.7142857142857143,1258406.00,2419228.00,61697.0,147414.0,15329.000000000000,19430.000000000000
2025-04-04,20918,11012,6594.0,9257.0,4884.0,5286.0,-399784.00,-605667.00,2631016.00,4782512.00,12941.600000000000,5906.1666666666666667,9005.2857142857142857,7321.0000000000000000,3189820.00,3395703.00,56729.0,138299.0,12730.3333333333333333,13424.666666666667
2025-04-03,18824,23943,14512.0,3859.0,13877.0,9369.0,891322.00,3219224.00,2383468.00,8672583.00,12586.166666666667,5199.2000000000000000,7518.4285714285714286,4832.4285714285714286,6521502.00,4193600.00,50424.0,134502.0,5343.0000000000000000,8663.6666666666666667
2025-04-02,18548,11032,2917.0,9834.0,1287.0,9457.0,-2208800.00,-3184250.00,3901982.00,3879787.00,13519.833333333333,5119.4333333333333333,6832.8571428571428571,4413.5714285714285714,3033495.00,4008945.00,41360.0,119839.0,2225.6666666666666667,4957.6666666666666667
2025-04-01,2902,3216,1381.0,1399.0,943.0,2045.0,193930.00,-8096.00,382201.00,417578.00,14361.966666666667,5429.7333333333333333,7506.8571428571428571,4079.5714285714285714,275511.00,477537.00,39947.0,118736.0,3557.6666666666666667,5021.3333333333333333
2025-03-31,4541,1781,1754.0,2627.0,961.0,641.0,125486.00,31467.00,760998.00,412538.00,15040.833333333333,5713.9666666666666667,8708.0000000000000000,4484.8571428571428571,510808.00,604827.00,38903.0,115703.0,3758.3333333333333333,6074.0000000000000000
2025-03-28,7430,1680,3654.0,2847.0,645.0,855.0,139169.00,15979.00,751311.00,305478.00,15339.000000000000,5893.1000000000000000,8061.1428571428571429,5549.4285714285714286,400696.00,523886.00,41327.0,120296.0,5372.6666666666666667,6402.6666666666666667
2025-03-27,3093,7212,1243.0,1151.0,3465.0,3040.0,101550.00,145379.00,408740.00,1045523.00,16482.633333333333,5916.7333333333333333,8042.4285714285714286,5299.4285714285714286,611958.00,568129.00,38866.0,118585.0,5668.6666666666666667,9954.6666666666666667
2025-03-26,7699,2383,3401.0,3801.0,1853.0,473.0,71842.00,288631.00,1005872.00,582862.00,17265.633333333333,6200.6000000000000000,9206.8571428571428571,6048.4285714285714286,877958.00,661169.00,37057.0,114284.0,5167.0000000000000000,9928.3333333333333333
2025-03-25,8416,6523,5904.0,2202.0,2734.0,2253.0,137124.00,36982.00,527352.00,1074457.00,18231.233333333333,6355.0000000000000000,12278.142857142857,6021.2857142857142857,585647.00,685789.00,34420.0,114851.0,4532.0000000000000000,11439.3333333333333333
2025-03-24,13749,8100,7298.0,5883.0,3105.0,4289.0,-71529.00,-367450.00,1670580.00,1499643.00,18481.366666666667,6209.1666666666666667,11412.2857142857142857,5159.5714285714285714,1373804.00,1669725.00,30708.0,105486.0,4876.0000000000000000,7823.6666666666666667
2025-03-21,7620,878,4276.0,3182.0,420.0,362.0,116053.00,-12962.00,617284.00,213326.00,18516.266666666667,6251.0333333333333333,11216.5714285714285714,5840.5714285714285714,333640.00,462655.00,41930.0,124834.0,6404.0000000000000000,6271.0000000000000000
2025-03-20,12949,4618,5230.0,6908.0,2145.0,2167.0,-16857.00,26473.00,976374.00,338131.00,18399.300000000000,6252.9333333333333333,13167.714285714286,5700.5714285714285714,635706.00,592376.00,40317.0,117038.0,7406.6666666666666667,7238.0000000000000000
2025-03-19,2902,9132,680.0,1920.0,1039.0,7670.0,-103087.00,-455855.00,468471.00,826412.00,19822.033333333333,6080.5000000000000000,14796.571428571429,5301.0000000000000000,394321.00,747089.00,33733.0,116860.0,6473.6666666666666667,16242.333333333333
2025-03-18,2962,5462,957.0,1815.0,1665.0,2203.0,-128616.00,-108565.00,506965.00,1040917.00,20667.833333333333,6100.1333333333333333,21079.714285714286,5959.1428571428571429,634752.00,614701.00,31855.0,115290.0,5342.3333333333333333,17817.666666666667
2025-03-17,15850,7626,8458.0,6733.0,3756.0,3719.0,93448.00,334405.00,1496091.00,716650.00,21770.466666666667,6530.2000000000000000,24275.142857142857,6511.8571428571428571,1171419.00,930462.00,29516.0,118026.0,4682.0000000000000000,14617.666666666667
2025-03-14,29915,6333,10065.0,17894.0,2480.0,1479.0,-2215730.00,-44589.00,5449365.00,1503049.00,22371.000000000000,7058.8333333333333333,21052.857142857143,6685.1428571428571429,4238852.00,1780242.00,28329.0,112398.0,3783.6666666666666667,13515.000000000000
2025-03-13,7688,2068,2212.0,5017.0,1125.0,917.0,-52412.00,327708.00,1171976.00,739853.00,24127.733333333333,7571.2000000000000000,22321.857142857143,7542.5714285714285714,1108777.00,728657.00,26822.0,111263.0,5206.0000000000000000,15720.333333333333
2025-03-12,6250,5645,2205.0,3634.0,3013.0,2614.0,-23540.00,779877.00,1393348.00,1254599.00,25120.200000000000,7809.2333333333333333,21921.857142857143,6970.8571428571428571,1702614.00,899197.00,23688.0,112011.0,6680.6666666666666667,29285.000000000000
2025-03-11,26607,3638,8602.0,16077.0,1647.0,1857.0,-68341.00,-93731.00,2099774.00,633567.00,24928.266666666667,8012.8000000000000000,20441.571428571429,7030.4285714285714286,1212856.00,1238246.00,21019.0,97890.0,9299.6666666666666667,33155.333333333333
2025-03-10,14304,6335,5778.0,7422.0,4912.0,964.0,-25475.00,540337.00,1386485.00,946211.00,24755.066666666667,8000.4000000000000000,19321.285714285714,6508.5714285714285714,1386817.00,821005.00,15917.0,85857.0,9703.3333333333333333,30840.333333333333
2025-03-07,46944,10069,30925.0,14475.0,2765.0,5105.0,2144056.00,-494434.00,4747942.00,2601936.00,23461.533333333333,7778.4333333333333333,15155.571428571429,5304.8571428571428571,2051307.00,4689797.00,16805.0,71923.0,9037.0000000000000000,20716.000000000000
2025-03-06,38218,11495,20614.0,17246.0,4194.0,5652.0,665715.00,-527862.00,3290954.00,2804470.00,22761.833333333333,7822.5666666666666667,10508.0000000000000000,3742.2857142857142857,2224384.00,3417961.00,13144.0,56995.0,5753.0000000000000000,9126.6666666666666667
2025-03-05,7359,7546,4995.0,1804.0,3098.0,3320.0,696723.00,-342071.00,1452150.00,1388383.00,23530.733333333333,8265.4666666666666667,9456.7142857142857143,2664.2857142857142857,756441.00,1795235.00,10837.0,51263.0,4589.3333333333333333,12088.6666666666666667
2025-03-04,16571,8070,10952.0,4388.0,3580.0,3139.0,232512.00,-89391.00,1299806.00,2109087.00,23432.900000000000,8780.8333333333333333,9558.1428571428571429,3200.0000000000000000,1314397.00,1636300.00,8159.0,40063.0,2793.3333333333333333,8719.0000000000000000
2025-03-03,3450,1643,1942.0,1414.0,476.0,322.0,74468.00,83538.00,664923.00,229095.00,23797.366666666667,8906.3000000000000000,10231.1428571428571429,3355.8571428571428571,419731.00,410661.00,6609.0,38379.0,2793.3333333333333333,13497.000000000000
2025-02-28,16245,4055,7689.0,3222.0,1397.0,1426.0,637500.00,25324.00,2254197.00,1013885.00,23930.600000000000,9112.6000000000000000,14561.571428571429,4010.7142857142857143,984118.00,1596294.00,4179.0,24979.0,1627.3333333333333333,9977.0000000000000000
2025-02-27,6462,2682,3087.0,2470.0,750.0,1415.0,304506.00,-44091.00,1451222.00,715121.00,24679.100000000000,9665.1000000000000000,17662.142857142857,5416.8571428571428571,772036.00,1120633.00,2000.0,21741.0,733.3333333333333333,7823.0000000000000000
2025-02-26,17784,1643,14036.0,3551.0,345.0,1143.0,1635790.00,-227715.00,3470837.00,483010.00,24399.866666666667,9748.1333333333333333,18679.714285714286,6654.7142857142857143,1006058.00,2869563.00,542.0,5573.0,4125.6666666666666667,7655.3333333333333333
2025-02-25,5685,557,4533.0,1052.0,90.0,271.0,652790.00,-74591.00,1130550.00,159062.00,,,,,253089.00,980470.00,,,,
2025-02-24,0,0,,,,,,,0,0,25089.866666666667,9975.9666666666666667,25550.000000000000,8714.4285714285714286,0,0,99780.0,177841.0,7731.0000000000000000,24000.000000000000
2025-02-21,17281,11820,8533.0,6398.0,5813.0,5747.0,684367.00,-36972.00,3098550.00,1798539.00,24990.166666666667,9701.7000000000000000,27536.857142857143,8582.8571428571428571,1912020.00,2633359.00,146771.0,269625.0,7966.0000000000000000,27628.333333333333
2025-02-20,8161,2734,3841.0,2843.0,1480.0,1130.0,205604.00,94615.00,2730437.00,459778.00,25796.866666666667,9954.6333333333333333,31711.571428571429,9785.8571428571428571,1400713.00,1511702.00,146401.0,270640.0,10490.6666666666666667,33210.333333333333
2025-02-19,46558,8639,15095.0,21452.0,3888.0,4168.0,163638.00,210692.00,5068758.00,768732.00,24536.833333333333,9867.2666666666666667,28096.571428571429,9083.8571428571428571,2753247.00,2706193.00,144275.0,263852.0,9962.3333333333333333,23149.333333333333
2025-02-18,28166,12525,13711.0,12475.0,4961.0,5978.0,14052.00,-83612.00,5967837.00,1170856.00,24066.100000000000,9675.3000000000000000,25311.000000000000,7599.4285714285714286,3214081.00,3311745.00,141805.0,260622.0,8427.6666666666666667,26228.000000000000
2025-02-14,24907,10308,8775.0,13706.0,4447.0,5728.0,-531429.00,-737685.00,3897564.00,1656233.00,23403.866666666667,9372.7333333333333333,23101.428571428571,6794.7142857142857143,2459913.00,2666169.00,151151.0,273532.0,8624.6666666666666667,28322.000000000000
2025-02-13,16375,7054,7847.0,6864.0,3053.0,3790.0,-94801.00,-82567.00,3089127.00,1631435.00,23533.000000000000,9237.1666666666666667,27274.142857142857,6352.5714285714285714,2218864.00,2206630.00,148705.0,268168.0,9991.6666666666666667,35325.000000000000
2025-02-12,37402,7921,18763.0,16155.0,3323.0,4475.0,227045.00,-665853.00,6359933.00,2476235.00,22427.833333333333,9086.5000000000000000,25979.000000000000,6085.4285714285714286,3736907.00,4629805.00,147033.0,267410.0,8593.0000000000000000,29942.000000000000
2025-02-11,31189,10899,11287.0,15354.0,2281.0,4541.0,1056939.00,-491616.00,7624707.00,2042250.00,21771.433333333333,8773.7666666666666667,28513.285714285714,7461.0000000000000000,3133596.00,4682151.00,140600.0,270907.0,5671.3333333333333333,22434.666666666667
2025-02-10,37384,11155,20913.0,14109.0,4840.0,5010.0,344437.00,-194637.00,8884580.00,1835939.00,20626.700000000000,8454.3666666666666667,30020.000000000000,9037.7142857142857143,4675085.00,5214159.00,136127.0,279481.0,3511.3333333333333333,13120.0000000000000000
2025-02-07,21253,3725,12791.0,7050.0,1558.0,1992.0,349210.00,-172284.00,2409266.00,489609.00,20395.033333333333,8444.4666666666666667,35611.000000000000,10996.8571428571428571,1093304.00,1614798.00,144135.0,281767.0,3589.3333333333333333,21230.333333333333
2025-02-06,8667,2134,4967.0,3311.0,1188.0,870.0,79518.00,77282.00,1278549.00,429910.00,20721.766666666667,8606.3333333333333333,39519.142857142857,12518.571428571429,807176.00,809412.00,143512.0,279162.0,4895.0000000000000000,27786.666666666667
2025-02-05,9440,4675,2326.0,5028.0,1751.0,2366.0,-433938.00,-289714.00,1521026.00,1413056.00,21182.633333333333,8824.9666666666666667,41149.000000000000,13242.857142857143,1354239.00,1210015.00,141341.0,288038.0,10179.3333333333333333,40949.666666666667
2025-02-04,45584,3959,28304.0,15474.0,1525.0,2307.0,1151979.00,-164872.00,7126624.00,780031.00,20715.700000000000,8797.9333333333333333,35938.142857142857,13529.142857142857,3146076.00,4462927.00,138900.0,283518.0,16257.000000000000,41732.000000000000
2025-02-03,28336,6051,12350.0,14954.0,2256.0,3549.0,72624.00,-81740.00,3811023.00,1119052.00,19909.666666666667,8673.3333333333333333,33052.714285714286,13151.857142857143,2275743.00,2430107.00,137432.0,263766.0,20053.000000000000,52416.666666666667
2025-01-31,48929,20528,20600.0,21731.0,7682.0,10772.0,-518367.00,-210153.00,8677981.00,2261326.00,18500.433333333333,8066.2333333333333333,28523.857142857143,12050.571428571429,4420716.00,4112502.00,147750.0,269946.0,17472.333333333333,48115.000000000000
2025-01-30,47931,22192,23954.0,19483.0,9050.0,6610.0,-275742.00,409470.00,6968658.00,5113946.00,17243.800000000000,7529.0000000000000000,26023.142857142857,11856.428571428571,4263952.00,3578740.00,142535.0,277646.0,13323.3333333333333333,39087.666666666667
2025-01-29,60390,17439,24621.0,31964.0,6466.0,9414.0,938848.00,-152976.00,6767671.00,3009748.00,15826.566666666667,7291.8666666666666667,19344.000000000000,12726.714285714286,3988384.00,5080208.00,132210.0,232394.0,9498.0000000000000000,21993.666666666667
2025-01-28,36024,12786,13151.0,11621.0,5506.0,5318.0,599109.00,-279957.00,5184838.00,3556322.00,14783.100000000000,6921.4333333333333333,16252.571428571429,11672.571428571429,3089500.00,3968566.00,127737.0,208741.0,6372.6666666666666667,12698.3333333333333333
2025-01-27,20849,9745,10808.0,8795.0,4667.0,4668.0,1025096.00,359282.00,4587021.00,2186027.00,14328.233333333333,6674.8333333333333333,16165.857142857143,11743.857142857143,2908376.00,3574190.00,124024.0,199144.0,7397.3333333333333333,11491.0000000000000000
2025-01-24,9108,5963,4696.0,3734.0,2622.0,2937.0,179807.00,119130.00,2247942.00,1044693.00,14136.533333333333,6558.9666666666666667,18995.714285714286,13643.000000000000,1476165.00,1536842.00,132843.0,206115.0,12354.0000000000000000,18597.000000000000
2025-01-23,8138,3410,3772.0,3979.0,1522.0,1647.0,86912.00,274770.00,2533592.00,767484.00,14179.066666666667,6525.8333333333333333,19177.000000000000,13746.428571428571,1679630.00,1491772.00,131586.0,205024.0,19061.000000000000,20429.666666666667
2025-01-22,17227,12819,7729.0,7673.0,4263.0,7582.0,-725455.00,35959.00,4101355.00,1343920.00,14493.666666666667,6196.9333333333333333,19021.428571428571,12713.000000000000,2827500.00,2066086.00,129842.0,207391.0,16590.333333333333,19482.000000000000
2025-01-21,30426,20833,15401.0,12571.0,9593.0,9693.0,416624.00,-455150.00,6199249.00,3029161.00,13714.933333333333,5746.5333333333333333,16138.714285714286,9995.0000000000000000,3849697.00,4721471.00,114661.0,193659.0,13060.6666666666666667,16087.333333333333
2025-01-17,13636,23531,5923.0,6390.0,10903.0,7989.0,-28045.00,542387.00,4404193.00,3376628.00,13699.200000000000,5300.0666666666666667,16232.142857142857,7146.5714285714285714,3474664.00,2904232.00,183346.0,272877.0,11636.0000000000000000,21181.000000000000
2025-01-16,14384,5407,4369.0,9240.0,2145.0,3039.0,-875660.00,-1818599.00,3145831.00,2584088.00,13537.433333333333,5294.4000000000000000,18800.428571428571,7848.7142857142857143,2289209.00,3232148.00,183005.0,265256.0,11211.6666666666666667,19522.000000000000
2025-01-15,20242,10244,10304.0,8821.0,3379.0,6566.0,55763.00,-950487.00,3986771.00,2070658.00,13046.700000000000,5077.4666666666666667,17159.714285714286,7245.0000000000000000,2359423.00,3365673.00,177646.0,265482.0,9658.6666666666666667,18154.000000000000
2025-01-14,28917,19257,13815.0,13927.0,5381.0,13424.0,1119473.00,-1703997.00,5536800.00,2830733.00,12551.166666666667,4620.7000000000000000,15035.000000000000,5460.5714285714285714,2560885.00,5512360.00,161630.0,248075.0,3842.0000000000000000,11930.6666666666666667
2025-01-13,9407,4134,5171.0,3870.0,1932.0,969.0,400186.00,132876.00,1617402.00,1870809.00,13466.533333333333,4912.9666666666666667,14411.142857142857,5045.8571428571428571,990164.00,1257474.00,158995.0,241200.0,3661.3333333333333333,13558.333333333333
2025-01-10,16138,5585,7413.0,7545.0,2574.0,2694.0,458578.00,-6670.00,3180121.00,1604306.00,13759.233333333333,5070.4333333333333333,14998.428571428571,4674.7142857142857143,1945416.00,2410664.00,160097.0,239959.0,5240.3333333333333333,18966.333333333333
2025-01-08,10247,1807,5615.0,4028.0,648.0,1028.0,33102.00,-2234.00,2008696.00,552844.00,13729.233333333333,5375.1666666666666667,14141.285714285714,4902.4285714285714286,1154008.00,1189344.00,159194.0,236527.0,6644.0000000000000000,18469.666666666667
2025-01-07,14290,3592,7663.0,5736.0,2052.0,1397.0,698768.00,529257.00,2687973.00,1188090.00,13745.766666666667,5444.9333333333333333,13742.285714285714,4606.0000000000000000,1754290.00,1923801.00,158700.0,236003.0,7702.0000000000000000,18387.666666666667
2025-01-06,32362,10322,14519.0,15708.0,4406.0,4511.0,266197.00,236955.00,5112932.00,2998060.00,13010.500000000000,5157.0000000000000000,9553.7142857142857143,3356.1428571428571429,3196752.00,3225994.00,152830.0,232656.0,4671.6666666666666667,9280.3333333333333333
2025-01-03,8757,6018,4164.0,3839.0,2880.0,2747.0,332760.00,-124448.00,2153814.00,1375770.00,13284.333333333333,5167.2666666666666667,10346.0000000000000000,2986.1428571428571429,1461659.00,1918867.00,155601.0,233598.0,3661.3333333333333333,13111.0000000000000000
2025-01-02,14044,6766,6492.0,7129.0,3227.0,3170.0,-72668.00,-146451.00,2304585.00,2173029.00,13156.433333333333,5015.2000000000000000,10978.1428571428571429,3018.1428571428571429,2110835.00,2184618.00,152941.0,234838.0,2539.6666666666666667,9845.3333333333333333
2024-12-31,5040,1231,3080.0,1796.0,693.0,443.0,10495.00,19839.00,829535.00,263666.00,13203.033333333333,5188.5666666666666667,13581.857142857143,4447.1428571428571429,516823.00,507479.00,152404.0,233404.0,2635.0000000000000000,11997.6666666666666667
2024-12-30,20249,2987,13270.0,6721.0,1499.0,1124.0,-43055.00,5981.00,2236392.00,474411.00,12945.600000000000,5588.0666666666666667,15200.000000000000,4470.1428571428571429,1333463.00,1284427.00,153228.0,229778.0,2163.6666666666666667,6262.0000000000000000
2024-12-27,4247,3401,1484.0,2397.0,2026.0,1274.0,-459816.00,-96031.00,1119719.00,750461.00,13289.966666666667,5634.6000000000000000,15186.857142857143,4314.7142857142857143,1080368.00,716583.00,156277.0,235913.0,2172.6666666666666667,9614.0000000000000000
2024-12-26,11497,1517,3141.0,4705.0,220.0,1165.0,-685371.00,-494984.00,2122364.00,736304.00,13596.633333333333,5956.9666666666666667,14494.714285714286,4428.7142857142857143,1101834.00,911447.00,155403.0,230122.0,3997.0000000000000000,11938.0000000000000000
2024-12-24,3042,1573,1276.0,1444.0,994.0,546.0,-133727.00,-31577.00,351432.00,405272.00,13883.266666666667,6034.7333333333333333,15521.857142857143,5071.8571428571428571,421581.00,319431.00,155352.0,228797.0,7217.3333333333333333,18679.333333333333
2024-12-23,14303,3428,5582.0,7956.0,758.0,2382.0,-15793.00,-672688.00,2038104.00,1242684.00,13818.833333333333,6021.8000000000000000,16031.857142857143,6057.1428571428571429,1241802.00,1898697.00,154435.0,221519.0,7124.0000000000000000,24437.000000000000
2024-12-20,18469,6990,7140.0,5836.0,3128.0,3412.0,439482.00,-384558.00,5275100.00,1321720.00,13469.366666666667,5939.5000000000000000,14067.714285714286,5297.5714285714285714,1864075.00,2688115.00,168777.0,254664.0,5565.0000000000000000,19665.666666666667
2024-12-19,23266,11234,9219.0,12564.0,5513.0,5000.0,-437633.00,967586.00,3718834.00,2873657.00,13608.566666666667,5824.3333333333333333,11773.000000000000,4028.0000000000000000,3784085.00,2378866.00,171098.0,241327.0,2592.0000000000000000,14127.666666666667
2024-12-18,31576,3148,16752.0,11879.0,1374.0,1675.0,1107844.00,-44550.00,6173097.00,534980.00,13583.700000000000,5852.6666666666666667,7741.7142857142857143,3933.5714285714285714,2441568.00,3593962.00,170140.0,232744.0,3567.6666666666666667,7013.0000000000000000
2024-12-17,4155,2313,1914.0,1911.0,1176.0,950.0,-24961.00,62618.00,1025769.00,1167132.00,13692.633333333333,5863.4000000000000000,8493.0000000000000000,3948.2857142857142857,1058780.00,971201.00,169552.0,231426.0,6238.3333333333333333,11585.6666666666666667
2024-12-16,6652,2315,2486.0,3836.0,768.0,1309.0,-338237.00,-123921.00,1058036.00,477482.00,13949.500000000000,5946.9333333333333333,11352.0000000000000000,4039.2857142857142857,826237.00,611921.00,168676.0,228454.0,6024.3333333333333333,10941.6666666666666667
2024-12-13,10232,6075,4829.0,4320.0,2002.0,2470.0,-245489.00,-102484.00,1931146.00,2449686.00,13937.133333333333,5892.4333333333333333,10899.4285714285714286,4217.2857142857142857,1341473.00,1198468.00,172139.0,235713.0,4781.6666666666666667,9932.0000000000000000
2024-12-12,17873,10325,8833.0,7802.0,5676.0,3925.0,-67528.00,872226.00,2558016.00,2238463.00,13734.800000000000,5803.7666666666666667,10226.7142857142857143,4190.4285714285714286,2656241.00,1716487.00,169822.0,230090.0,2169.0000000000000000,5093.3333333333333333
2024-12-11,4720,1673,1694.0,2821.0,402.0,1199.0,-412723.00,-260867.00,1006750.00,504467.00,14421.233333333333,5846.4333333333333333,10914.0000000000000000,4699.5714285714285714,784173.00,632317.00,169823.0,230088.0,2416.6666666666666667,6658.0000000000000000
2024-12-10,7203,2347,4375.0,2514.0,977.0,1191.0,337443.00,-34761.00,1467805.00,349544.00,14782.033333333333,6509.2666666666666667,10673.5714285714285714,4898.0000000000000000,655630.00,1027834.00,169137.0,225852.0,2618.3333333333333333,13145.3333333333333333
2024-12-09,3357,2487,1454.0,1719.0,866.0,1469.0,-140930.00,-71474.00,740557.00,355629.00,17490.300000000000,7415.4000000000000000,12201.285714285714,5336.1428571428571429,545304.00,475848.00,167722.0,224481.0,4229.6666666666666667,14381.000000000000
2024-12-06,9414,2416,4012.0,4375.0,1135.0,724.0,-524241.00,88839.00,3106443.00,584091.00,18479.600000000000,8040.4333333333333333,16123.285714285714,6834.1428571428571429,2021196.00,1408116.00,173946.0,227154.0,6803.3333333333333333,15631.000000000000
2024-12-05,26665,2952,12791.0,10124.0,1449.0,1333.0,253918,237366,2977822,731958,17782.666666666667,8010.6000000000000000,15873.857142857143,7885.1428571428571429,1581043,1597595,172020.0,225646.0,7565.0000000000000000,9919.6666666666666667
2024-12-04,7064,7321,2761.0,3871.0,1064.0,6008.0,-549066,-375795,2272359,782769,17688.666666666667,7838.8000000000000000,16200.000000000000,8403.4285714285714286,1553284,1380013,172322.0,226552.0,6370.0000000000000000,9405.0000000000000000
2024-12-03,13164,10137,5959.0,6225.0,5934.0,3452.0,-319023,65721,3336292,981691,17544.633333333333,8218.3000000000000000,16431.714285714286,7767.4285714285714286,2119679,1734935,166419.0,226583.0,4842.3333333333333333,9700.6666666666666667
2024-12-02,9531,5237,3920.0,4918.0,1718.0,3041.0,-886760,-156842,3909372,755687,17495.933333333333,8248.5000000000000000,16542.142857142857,7259.8571428571428571,2539609,1809691,165514.0,229288.0,7397.3333333333333333,18813.000000000000
2024-11-29,5520,3736,2602.0,2437.0,1988.0,1353.0,-91656,83501,2310469,481815,17881.666666666667,8326.1000000000000000,18178.142857142857,7629.8571428571428571,1371015,1195858,167673.0,237128.0,9588.3333333333333333,25279.333333333333
2024-11-27,14051,5554,7947.0,5641.0,2641.0,2773.0,885254,-232864,3180151,1834395,17555.333333333333,8259.8666666666666667,17629.000000000000,7151.2857142857142857,1838742,2956860,164162.0,228624.0,11386.6666666666666667,23711.333333333333
2024-11-26,36868,12902,16436.0,15765.0,3646.0,7359.0,457506,-828148,11333283,2849460,16619.100000000000,7951.6000000000000000,13281.857142857143,6227.0000000000000000,5595285,6880939,158103.0,222560.0,8981.0000000000000000,16350.666666666667
2024-11-25,24919,10309,8038.0,15117.0,4185.0,4357.0,-2029404,38161,6126593,1831173,16055.000000000000,7861.4000000000000000,11511.428571428571,6893.1428571428571429,4713858,2646293,155955.0,220164.0,6106.0000000000000000,11479.0000000000000000
2024-11-22,9347,10949,3239.0,4264.0,3240.0,6349.0,-24721,-748669,2490283,2119969,16540.166666666667,7722.8333333333333333,12258.714285714286,6014.2857142857142857,1553245,2277193,150905.0,221537.0,4565.0000000000000000,14020.666666666667
2024-11-21,14786,5685,6274.0,8055.0,3035.0,2102.0,-90680,211552,1812757,894530,16266.066666666667,7627.3000000000000000,13103.142857142857,6800.4285714285714286,1415864,1113632,147902.0,214696.0,3404.6666666666666667,12494.3333333333333333
2024-11-20,10304,1684,4495.0,4793.0,728.0,811.0,6687,59076,1495077,691166,16279.566666666667,7665.2666666666666667,13294.142857142857,7117.8571428571428571,1033641,981252,147447.0,210282.0,4987.3333333333333333,11205.6666666666666667
2024-11-19,16972,6326,7205.0,8263.0,3496.0,2596.0,314259,554574,2058317,1495979,16075.500000000000,7531.6000000000000000,12636.714285714286,6648.4285714285714286,1797408,1557093,142995.0,207937.0,7869.3333333333333333,9723.6666666666666667
2024-11-18,10207,2204,4065.0,4112.0,590.0,1456.0,-179621,-121924,1261337,638666,15917.633333333333,7548.7000000000000000,12319.285714285714,6979.4285714285714286,869381,811684,141864.0,205198.0,8733.6666666666666667,11180.6666666666666667
2024-11-15,6438,6432,2521.0,3320.0,2093.0,3484.0,-231499,-292118,1706072,1413477,16155.700000000000,7464.4333333333333333,15319.857142857143,7171.8571428571428571,1359999,1420618,171227.0,252750.0,10319.0000000000000000,15933.666666666667
2024-11-14,12526,14972,6111.0,4596.0,11816.0,2369.0,330145,10809614,2513863,13495550,16734.366666666667,7022.7666666666666667,17934.714285714286,5604.1428571428571429,13398503,1483284,172936.0,249079.0,6630.3333333333333333,15638.666666666667
2024-11-13,14578,4797,6921.0,6981.0,1721.0,2706.0,215370,-179761,2200440,1027468,16329.566666666667,6940.8000000000000000,16912.571428571429,5295.2857142857142857,1284083,1679214,173425.0,242005.0,6044.6666666666666667,14902.666666666667
2024-11-12,20697,11188,10432.0,8048.0,5755.0,4577.0,585226,512893,3196745,2658387,15762.666666666667,6623.8000000000000000,16007.000000000000,4385.7142857142857143,2608759,2681092,170828.0,227896.0,3822.3333333333333333,10665.3333333333333333
2024-11-11,11641,3906,5642.0,3950.0,1889.0,1804.0,445897,-157912,3290371,861634,15538.200000000000,6558.6333333333333333,15752.714285714286,4462.0000000000000000,1389210,1993019,169092.0,221189.0,5113.3333333333333333,15932.333333333333
2024-11-08,12370,3040,4616.0,5550.0,706.0,2111.0,-109388,-47857,2808812,322671,15410.233333333333,6643.0000000000000000,15671.714285714286,5122.7142857142857143,1213390,1151859,173207.0,224577.0,5432.6666666666666667,22085.666666666667
2024-11-07,7985,4521,3658.0,3981.0,1097.0,3272.0,40932,-293972,1869701,543803,16258.366666666667,6977.3333333333333333,18147.142857142857,4898.7142857142857143,992258,1327162,170999.0,226479.0,4804.0000000000000000,21898.333333333333
2024-11-06,27442,7779,14194.0,9979.0,3089.0,4387.0,26119,-290968,4801578,967312,15783.766666666667,7154.1666666666666667,16802.142857142857,6963.4285714285714286,2396622,2713709,167497.0,213776.0,3818.0000000000000000,17537.000000000000
2024-11-05,30830,3998,16862.0,11661.0,1747.0,1854.0,-395582,-86192,2196278,537870,15196.433333333333,7110.1666666666666667,24484.285714285714,10631.0000000000000000,1387506,1078116,164699.0,207868.0,3965.3333333333333333,10547.3333333333333333
2024-11-04,7423,2635,4429.0,2529.0,1074.0,464.0,352606,47573,1335754,336683,15135.000000000000,7177.9666666666666667,29008.571428571429,13278.428571428571,628453,933486,163519.0,203419.0,5642.0000000000000000,12007.3333333333333333
2024-11-01,14358,4821,5534.0,7938.0,1700.0,2764.0,-536942,-76236,2189950,971954,14941.733333333333,7117.8333333333333333,27779.857142857143,12883.571428571429,1744965,1284259,167320.0,216686.0,5019.3333333333333333,15659.000000000000
2024-10-31,9861,4440,4492.0,4302.0,2307.0,1779.0,53148,62420,1084573,1000793,14952.933333333333,7134.5666666666666667,26977.428571428571,12558.857142857143,948653,939381,167175.0,213034.0,10950.0000000000000000,18381.000000000000
2024-10-30,11803,7665,6331.0,4534.0,1808.0,733.0,-68220,-19967,2154263,7240248,14770.166666666667,6955.8666666666666667,26554.571428571429,14538.428571428571,1264628,1216375,160827.0,207883.0,18285.333333333333,42648.333333333333
2024-10-29,25313,2953,10488.0,11403.0,1204.0,1616.0,171710,-106610,4250357,486100,14463.400000000000,7041.9666666666666667,24091.285714285714,14994.142857142857,2024043,2302363,158874.0,190735.0,24356.666666666667,47241.666666666667
2024-10-28,18027,22232,10117.0,6542.0,3283.0,18238.0,-156296,171179,2844329,1284812,14040.800000000000,6387.1666666666666667,23957.714285714286,12684.428571428571,2058376,1730901,170657.0,189854.0,17631.666666666667,43151.666666666667
2024-10-25,84605,29671,29259.0,40613.0,14714.0,10015.0,-2624064,1240127,23904396,3502504,11703.400000000000,5618.0333333333333333,12480.000000000000,8955.2857142857142857,12118557,8254366,177787.0,195509.0,8463.6666666666666667,16364.666666666667
2024-10-24,39093,21167,15137.0,16644.0,10255.0,8527.0,539870,387931,7004769,3004658,10586.733333333333,4973.1333333333333333,8149.7142857142857143,6453.4285714285714286,3892567,4044506,165470.0,176959.0,8582.0000000000000000,6281.3333333333333333
2024-10-23,5757,2057,2508.0,2909.0,982.0,871.0,-118657,116907,1697756,426864,10659.133333333333,4973.3333333333333333,8469.5714285714285714,7245.7142857142857143,1104719,869155,164893.0,177516.0,9944.0000000000000000,7052.3333333333333333
2024-10-22,4244,2167,1622.0,2296.0,736.0,1292.0,-118105,-10968,1135195,341643,10583.000000000000,4939.8333333333333333,11277.8571428571428571,7906.4285714285714286,754798,647661,164274.0,176714.0,11243.0000000000000000,11335.0000000000000000
2024-10-21,8843,21522,3983.0,4188.0,10384.0,6778.0,39817,352870,2367116,3012329,10438.466666666667,4294.2666666666666667,10952.1428571428571429,5234.5714285714285714,2207249,1894196,146217.0,173417.0,5258.0000000000000000,9807.6666666666666667
2024-10-18,8070,6143,2693.0,4776.0,2435.0,3471.0,-387153,381901,2549839,2854867,10579.800000000000,4301.4333333333333333,11329.1428571428571429,4760.2857142857142857,2947050,2177996,170921.0,220057.0,4428.3333333333333333,10044.6666666666666667
2024-10-17,17092,6064,7237.0,8955.0,2672.0,3096.0,-497818,-68939,4301697,1373610,10825.166666666667,4344.6333333333333333,10437.4285714285714286,4224.8571428571428571,2887213,2458334,167653.0,215056.0,4941.3333333333333333,7012.6666666666666667
2024-10-16,4261,3567,2014.0,1991.0,2048.0,1275.0,-122878,257142,1481783,601000,10797.233333333333,4306.4333333333333333,10610.2857142857142857,4103.4285714285714286,1176261,796241,165710.0,214515.0,6016.3333333333333333,13559.666666666667
2024-10-15,8781,3654,4978.0,2839.0,1990.0,1424.0,762980,139709,3084421,462524,10933.433333333333,4429.1000000000000000,11295.8571428571428571,4139.1428571428571429,1282236,1905507,165118.0,212591.0,5738.0000000000000000,12820.3333333333333333
2024-10-14,7996,7603,3139.0,4239.0,3649.0,3589.0,-194459,192202,1835749,933193,11702.133333333333,4328.8333333333333333,14423.000000000000,3299.0000000000000000,1488262,1101601,168319.0,211679.0,4144.6666666666666667,13724.666666666667
2024-10-11,23902,6792,10267.0,11790.0,2422.0,1157.0,333690,288382,2018373,935826,11268.166666666667,4223.5666666666666667,11356.1428571428571429,2662.7142857142857143,1181441,1226749,166390.0,213924.0,2652.6666666666666667,9374.0000000000000000
2024-10-10,6563,2819,3649.0,2285.0,1410.0,1320.0,253556,71624,1114618,938312,11301.666666666667,4250.9333333333333333,10945.7142857142857143,2499.7142857142857143,855457,1037389,167022.0,213301.0,2618.6666666666666667,9010.0000000000000000
2024-10-09,10709,2823,5489.0,4535.0,516.0,2102.0,45263,-102034,2486698,439696,11141.200000000000,4265.9000000000000000,10116.8571428571428571,2375.1428571428571429,1307831,1455128,166428.0,210382.0,2979.0000000000000000,9967.0000000000000000
2024-10-08,10850,2316,5219.0,5294.0,908.0,1259.0,215934,-25239,1910047,639002,10979.033333333333,4417.3333333333333333,9785.5714285714285714,2840.1428571428571429,1090668,1331841,165336.0,206809.0,2781.0000000000000000,16312.333333333333
2024-10-07,5471,2717,3606.0,1624.0,1209.0,983.0,414585,-42271,1255926,587172,11210.066666666667,4419.4333333333333333,13779.571428571429,4530.7142857142857143,590604,1047460,163980.0,205360.0,2654.6666666666666667,15300.000000000000
2024-10-04,13580,3904,6697.0,6385.0,2110.0,1366.0,108694,120089,2500668,774783,11131.400000000000,4321.4333333333333333,13725.857142857143,5842.1428571428571429,1547754,1536359,165299.0,218523.0,1912.6666666666666667,12003.3333333333333333
2024-10-03,29886,1722,15278.0,11042.0,849.0,790.0,-80471,137932,1945560,300081,10276.9333333333333333,4339.2000000000000000,11343.5714285714285714,5978.7142857142857143,814389,595986,165037.0,209756.0,1989.0000000000000000,3677.0000000000000000
2024-10-02,2434,2338,1181.0,1022.0,1055.0,1176.0,72851,-227980,587413,674772,10918.233333333333,4563.8333333333333333,11793.000000000000,6311.7142857142857143,434115,734946,163585.0,208545.0,3066.6666666666666667,5709.3333333333333333
2024-10-01,3690,1678,2178.0,1347.0,738.0,778.0,449509,113856,1055113,446345,11031.800000000000,4747.0333333333333333,12488.714285714286,6503.0000000000000000,530466,866119,163089.0,208528.0,7357.6666666666666667,15622.333333333333
2024-09-30,4907,1951,1846.0,2531.0,574.0,1222.0,-14098,-120241,1309800,291728,11447.500000000000,4774.6333333333333333,13244.428571428571,6930.2857142857142857,653022,759165,162017.0,205491.0,11068.6666666666666667,18388.000000000000
2024-09-27,8531,5571,2729.0,5339.0,2774.0,2063.0,-80127,435502,2813621,947244,12112.500000000000,5352.4000000000000000,12928.571428571429,6463.5714285714285714,2029896,1514267,172331.0,214209.0,10104.3333333333333333,19947.666666666667
