date,call_volume,put_volume,call_volume_ask_side,call_volume_bid_side,put_volume_ask_side,put_volume_bid_side,net_call_premium,net_put_premium,put_premium,call_premium,avg_30_day_call_volume,avg_30_day_put_volume,avg_7_day_call_volume,avg_7_day_put_volume,bearish_premium,bullish_premium,put_open_interest,call_open_interest,avg_3_day_put_volume,avg_3_day_call_volume
2026-09-25,74513,28445,32287,34958,14594,11006,-768380.00,686635.00,4965846.00,8685342.00,115155.8667,56842,75144.2857,37019.7143,6996538.00,5541523.00,465191,644896,35773.6667,95923.6667
2026-09-24,69662,45487,28969,33185,18803,20535,472282.00,203645.00,5529829.00,11694030.00,115703.6333,56366.5,71255,33902.1429,7757700.00,8026337.00,449968,629810,27865.6667,92862
2026-09-23,101885,28398,50009,40461,11073,11999,425391.00,-606121.00,6554124.00,14534296.00,113631.7333,56095.0667,72865,34243.8571,7819676.00,8851188.00,441826,609532,32797.3333,80579
2026-09-22,116224,33436,60432,40633,11102,18207,3016356.00,-701313.00,4688915.00,22134587.00,111242.1,55886.4667,72951.5714,34177,8574779.00,12292448.00,428534,592971,41014.6667,65007.6667
2026-09-21,60477,21763,27732,27172,7747,10962,316591.00,-1216930.00,4675472.00,9963350.00,111328.9333,55978.4333,82858.1429,38393.1429,5898138.00,7431659.00,420062,572536,43351.3333,59254
2026-09-18,65036,43193,30695,27460,18821,15684,50941.00,-1422039.00,5324341.00,8771892.00,110756.0333,55520.1,81228.8571,34705.2857,5707320.00,7180300.00,509408,736127,36841.6667,51721
2026-09-17,69510,58088,28601,30940,30852,25204,-1004819.00,13864845.00,32390929.00,13470041.00,110005.2667,56486.1,79948.5714,30654.1429,33289137.00,8599663.00,493064,724843,27742.3333,66269.3333
2026-09-16,43216,28773,17946,20276,8919,17424,-433651.00,-8823104.00,17134037.00,6249691.00,110859.4,56852.2667,87033.1429,33394.7143,6902855.00,15592260.00,490128,719439,29140.6667,90807.3333
2026-09-15,42437,23664,16939,21140,8748,11169,-867274.00,-2937212.00,8689203.00,8040162.00,111348.3,57076.5,113688.5714,39592.4286,5793351.00,7863289.00,484654,716141,38344.6667,119936
2026-09-14,113155,30790,52837,47922,10845,16143,1588947.00,-945221.00,4296285.00,22991433.00,109791.0333,56856.3,116211.8571,39790.4286,11087601.00,13621769.00,479222,709061,33874,100094.6667
2026-09-11,116830,32968,55505,49938,13031,16211,1701237.00,-323622.00,3736824.00,9887455.00,107721.2333,57035.5667,114959.4286,41384.2857,5082845.00,7107704.00,496384,780043,32794.6667,81334
2026-09-10,129823,51276,52358,67061,25535,21226,-646976.00,11998156.00,40742735.00,10669716.00,104810.3333,56040.0333,111903.7143,40446.2857,28723383.00,19068391.00,489655,744959,31688.3333,68995.6667
2026-09-09,53631,17378,17805,29357,6028,8341,-945421.00,-709302.00,5626793.00,9405379.00,105623.4,56567.6333,120520.7143,45829.8571,5872365.00,5636246.00,485374,729815,48245,127460.3333
2026-09-08,60548,29730,22563,32120,12180,12377,-1419660.00,-821487.00,6325023.00,10355185.00,105668.4,56331.4667,131460,54896.4286,7624799.00,7026626.00,474932,707609,49060.3333,150883.6667
2026-09-04,92808,47957,35486,47002,20970,19677,-705346.00,1503614.00,10022559.00,12903006.00,104913.3667,55575.3333,134982.1429,53727.8571,11323497.00,9114537.00,505894,760217,47783,155968.6667
2026-09-03,229025,67048,107393,103021,25500,35084,5262184.00,-4357538.00,10186238.00,36775265.00,99724.5,54826.1667,123374.8571,50218.5714,16789620.00,26437142.00,495564,757589,40337,115771.3333
2026-09-02,130818,32176,42225,71260,12340,14386,-697205.00,-560652.00,5087424.00,15673927.00,98117.1667,55101.9333,143424.2857,53949.5714,9091993.00,8955440.00,488103,741219,47966,110148.6667
2026-09-01,108063,44125,53140,42452,18680,20278,3924320.00,1662326.00,12944595.00,21322926.00,97225.6667,54847.3333,164400.1429,68434,14311924.00,16573918.00,476877,741104,64323,119835.3333
2026-08-31,108433,44710,52529,43695,16533,23937,4046501.00,-8102726.00,29225414.00,17893977.00,95604.5667,54272.4333,199543.4286,101089.7143,14842482.00,29731397.00,467527,727973,62678.6667,122845.3333
2026-08-28,113950,55063,43776,55527,25310,22657,-816386.00,5599247.00,40023260.00,15961731.00,95094.2667,53808.6333,206572.1429,116859.8571,27731509.00,20792621.00,496081,807807,58485.3333,134120
2026-08-27,137123,93196,50963,70870,38522,44577,-6092954.00,-3805573.00,93002361.00,21331076.00,92809.1667,52128.9,193143.7143,109440.4286,54462381.00,48577240.00,496746,760145,46851,178800.3333
2026-08-26,117463,39777,45579,61151,16781,15460,-2337937.00,49867.00,9624906.00,19494545.00,90941.6,51739.1333,181559.5714,109608.2857,13719280.00,11331476.00,490108,740325,82097.3333,224610.6667
2026-08-25,147774,42483,58041,78071,17356,18614,-2823795.00,23991.00,9735510.00,22531137.00,87721.8,51010.0333,168184.7143,109190.4286,15952831.00,13105045.00,484037,714988,159036.3333,293498
2026-08-24,271164,58293,131091,115799,24591,25158,6380992.00,1280325.00,13658484.00,45392092.00,80969.7,49891.8667,136517.2857,105069.7143,23266847.00,28367514.00,468693,678885,194756.6667,257493.6667
2026-08-21,254894,145516,108511,118135,60006,67478,-5487889.00,340018.00,45828223.00,36216149.00,75654.4333,45969.1333,112403.1429,88742,42395787.00,30515976.00,677311,766100,160004.6667,186903.6667
2026-08-20,354436,273300,135400,181768,125246,106760,-24214638.00,8297713.00,75172599.00,70736680.00,65512.6,38406.9,67444.8571,52592.7143,82163095.00,49491771.00,624100,634343,82555.3333,80883
2026-08-19,163151,165454,63058,79387,74791,77947,-2843648.00,-1287736.00,46526914.00,34594858.00,62615.7,33786.0667,50499.7143,32839,33278555.00,42446003.00,557570,568140,40590,44549.3333
2026-08-18,43124,41260,17017,20441,16280,14983,348002.00,23496.00,6105109.00,12965846.00,65920.2333,33590.5667,53350.8571,30447.8571,8257908.00,8582414.00,542649,560933,36652.6667,46672
2026-08-17,36374,40952,15174,17652,13351,13207,-1378874.00,588744.00,7807616.00,9648309.00,67897.7,33196.8,54990.1429,28803.7143,8725231.00,6757613.00,521231,547961,33409.3333,63245.6667
2026-08-14,54150,39558,24838,26059,17969,17275,-599806.00,864082.00,7651783.00,9718410.00,73126,34383.8333,53966.8571,35590.8571,8253672.00,6769784.00,536944,579462,26975,58438.3333
2026-08-13,49492,29448,20676,24072,11905,9582,1547865.00,1033298.00,10329480.00,11750073.00,76622.1333,37817.2,56730.8571,37063.7143,7946078.00,8460645.00,526603,571804,26218.3333,56786
2026-08-12,86095,31222,39753,33413,10649,15676,2704565.00,-1426772.00,6419193.00,26126952.00,75644.9667,37677.3667,52589.2857,36945,11250139.00,15381476.00,523373,558159,23985,49115
2026-08-11,39728,20255,16310,18286,5519,12748,-1414316.00,-2159778.00,5230718.00,12052997.00,76143.3,38109.1667,56404.8571,37506.2857,7688407.00,8433869.00,516316,549501,27047.6667,51822
2026-08-10,44535,27178,19358,18140,12447,11658,92030.00,630616.00,6180771.00,10571432.00,76665.9667,38213.4333,57862.1429,39101.7143,7196416.00,6657830.00,505500,536199,47011,52639.3333
2026-08-07,63082,24522,22427,33924,8982,13190,-708426.00,-268002.00,3956533.00,8466068.00,76687.8667,39488.5,54921.2857,38657.1429,5713103.00,5272679.00,523097,561479,52089.6667,54558.6667
2026-08-06,47849,29443,18637,24104,12110,14567,-1200500.00,578563.00,4847694.00,9978423.00,76368.6333,39362.2333,59231.8571,39194.7143,7636996.00,5801933.00,523054,556910,52405.6667,57643.6667
2026-08-05,46987,87068,21583,21202,52177,32297,-711785.00,-2943324.00,23584837.00,11992154.00,76685.8,37165.5667,61362,29991.4286,11646551.00,22338077.00,512129,550330,31444.3333,64127
2026-08-04,68840,39758,25763,31524,14576,15379,-1729509.00,2595124.00,9742374.00,15958630.00,75915.9667,36628.6667,61550.1429,27922.1429,12598098.00,8273465.00,491133,533400,30973.6667,59425.6667
2026-08-03,57104,30391,22086,28370,14978,12256,-743355.00,718819.00,5100208.00,12926457.00,76220.6,37048.8,63872.2857,29948.1429,8867973.00,7405799.00,477631,518088,27980,54556.3333
2026-07-31,66437,24184,30608,31266,11505,9834,2275141.00,1184087.00,4458749.00,9929560.00,76595.9,38635.0667,66181,32271.7143,6124837.00,7215891.00,500608,547642,30987.3333,58418.3333
2026-07-30,54736,38346,23382,24797,16159,17598,1313783.00,-1037574.00,10836394.00,19602396.00,77102.4333,38137.3667,69978.4286,32006.1429,11962749.00,15492186.00,497417,538283,25753.6667,60805.6667
2026-07-29,42496,21410,22202,16467,8005,11764,-33357.00,-261678.00,3291052.00,8751660.00,78364.1333,38278.7667,72450.4286,32870.8571,5451217.00,5679538.00,489248,530177,27041.3333,70026
2026-07-28,78023,33206,37857,31685,13197,16501,1229047.00,-1574031.00,5592603.00,18519699.00,78173.4667,38256.6,75395.8571,34005.5714,9430048.00,12233126.00,483013,524822,30830.3333,68471.3333
2026-07-27,61898,22645,31761,23612,8206,10042,2375134.00,198687.00,4364304.00,13085987.00,78532.8333,38416.1,76349,36885.4286,6651321.00,8827768.00,476836,516885,36765,75371.3333
2026-07-24,70157,25273,31989,29049,9288,14057,-147163.00,-2423545.00,7731272.00,11370631.00,78061.6667,38624.7333,75103.1429,37287,7348575.00,9624957.00,491229,566243,40503,79091.6667
2026-07-23,73359,44573,25872,37935,13823,23952,-930685.00,-5315599.00,14227826.00,13718532.00,77972.6333,38238.9333,71934.7143,33863.7143,10310953.00,14695867.00,486269,549444,34799.6667,74572
2026-07-22,82598,40449,27162,45761,20286,13860,-1509725.00,743314.00,6882188.00,10385029.00,77125.1,37733.8333,69935.1429,31620.7143,8248902.00,5995863.00,467231,529808,35033,79919.6667
2026-07-21,81318,36487,32885,38961,16244,14514,-1950468.00,277555.00,8873085.00,15427446.00,81594.2333,38396.1667,71952,30384.5714,10272174.00,8044151.00,454123,505147,37138.6667,75670.3333
2026-07-20,59800,27463,26245,24636,12425,11766,397786.00,336739.00,6109753.00,11539959.00,83737,38798.1,70577.8571,33094.5714,7453744.00,7514791.00,443412,483057,37345.6667,76215.6667
2026-07-17,98641,41149,46536,42915,17367,18199,-2041737.00,-553920.00,5265429.00,16984516.00,85602.8667,38458.3667,67378.2857,31048.8571,10551672.00,9063855.00,502103,584219,30499.3333,60395.3333
2026-07-16,68570,42804,31928,28528,15504,23718,385546.00,-1383912.00,19023932.00,13009830.00,85754.5667,38131.5,77905.4286,29990.4286,13391186.00,16428144.00,496462,579072,24480.6667,60405.6667
2026-07-15,61436,28084,28616,24751,13905,11538,151839.00,1480110.00,6475002.00,16296927.00,87419.3,38918.5667,82800,30141.1429,10478726.00,9150455.00,487984,568421,24397.3333,71739
2026-07-14,51180,20610,18010,23448,9577,7643,-1532662.00,-57736.00,5042148.00,23308922.00,91154.8333,40867.5667,105631.2857,37935.2857,7584484.00,6109558.00,483254,560264,33005,71406
2026-07-13,68601,24748,33239,27579,11175,8446,1256067.00,3018975.00,10257409.00,13077305.00,91503.6667,41345.1333,117884.8571,53321.1429,10558004.00,8045791.00,480616,548279,33698.6667,73953.6667
2026-07-10,95436,27834,37011,46846,9938,15303,-1543915.00,-3929901.00,9709722.00,14016988.00,90568.2333,41503.4,112362.5714,53205.8571,9557522.00,12365346.00,496475,593576,36219,89561.6667
2026-07-09,50181,46433,20935,22615,22770,20291,218398.00,8815908.00,34329290.00,9640149.00,92144.7,41439.8,113005,51316.7143,24741460.00,16662520.00,491574,585405,30454.3333,104734
2026-07-08,76244,26829,28540,38035,10473,13413,-21536.00,58951.00,5833457.00,13697610.00,94177.4333,43563.9333,110715.1429,51813.4286,8331891.00,8251404.00,482656,592457,46567.6667,149652.3333
2026-07-07,142260,35395,56035,73576,17382,14298,-1188161.00,589115.00,8052489.00,21012030.00,96605.5667,48164.6333,99497.8571,55724.7143,14059802.00,11971256.00,476179,562406,78919,153691
2026-07-06,95698,29139,43959,42297,12567,12853,-1291926.00,667901.00,6893432.00,16921126.00,95570.6667,50201.3,91294.1429,55227,11710221.00,9750394.00,467079,537319,78215,140718.3333
2026-07-02,210999,75169,116262,75967,25958,44608,481431.00,-2579449.00,14316198.00,28403248.00,90057.7667,49390.4667,69223.1429,47512.5714,17717124.00,20778004.00,460442,548318,64228.3333,88611.3333
2026-07-01,154376,132449,62409,65632,60852,63629,-1041135.00,-5149391.00,76258518.00,37882104.00,86310.4333,46174.3667,53704.4286,31970,47115984.00,55318740.00,449529,494732,30180.6667,57224.3333
2026-06-30,56780,27027,18315,32835,10940,13261,-1398340.00,-371600.00,6068539.00,11866409.00,87089.0667,46446.1667,55056.2857,34251.1429,8551078.00,7524338.00,445041,472787,42096.3333,59544
2026-06-29,54678,33209,22812,23600,13042,16409,-1747188.00,754036.00,7846206.00,11162434.00,87092.0333,46235.1333,58344.5714,39760.1429,9444615.00,6943391.00,435296,456511,39578.3333,54075.3333
2026-06-26,60215,30306,27076,29684,15279,11521,-297166.00,1170661.00,6380760.00,9450926.00,86739.9667,46151.5333,59732.7143,38775.7143,6999878.00,6447787.00,455485,480026,36532.3333,52837.6667
2026-06-25,63739,62774,25853,31396,20572,29958,384335.00,-1913964.00,12566865.00,13246895.00,86439.0667,44972.6333,62105.2857,33472.5714,10166709.00,12941658.00,438227,471188,23491.3333,46839.6667
2026-06-24,38272,25655,15510,18162,11626,11115,-2302602.00,-556303.00,4924383.00,9352326.00,87031.7,45145.5,66966.8571,34456.2857,7290322.00,5544023.00,431702,467911,29271.3333,56163.3333
2026-06-23,56502,21168,26367,24396,7508,10870,-15778.00,-2012988.00,5753943.00,11667096.00,86863.5667,45209.2,69277.8571,35350.8571,6885902.00,8883112.00,430197,459368,46139.3333,63228
2026-06-22,45745,23651,17569,22189,8941,12563,401795.00,-421674.00,5521667.00,10420762.00,88658.0333,45349.7333,70746,36476.7143,6649775.00,7584299.00,423871,442772,46060.6667,71290.3333
2026-06-18,66243,42995,30657,28468,14119,25210,-72285.00,-759365.00,7114546.00,12252658.00,87438.7,44651.2333,71381,35048.7143,8289011.00,9090661.00,546054,591107,40279.6667,75991.6667
2026-06-17,77696,71772,28174,39895,27027,40241,-1955863.00,2387632.00,31602785.00,14506443.00,86006,42752.3667,68449,28409.2857,24439928.00,18162617.00,525769,578015,27202.6667,74194
2026-06-16,69932,23415,31298,30535,8169,11721,746293.00,-25270.00,4486863.00,13615888.00,84766.9,42827.7,89229,33115.2857,7639131.00,8542044.00,523820,570119,28541,75109.6667
2026-06-15,80347,25652,40150,33776,10566,12369,1453537.00,-715614.00,5938626.00,12523220.00,84692.7,43221.2,95477,35096.5714,7396849.00,9566000.00,519991,552385,30501,67001.3333
2026-06-12,72303,32541,30364,32975,14629,14939,-1096635.00,-272475.00,7211814.00,10961046.00,84701.7333,43879.2333,107236.1429,34870.2857,8154457.00,7330297.00,534695,586963,30653.6667,66463
2026-06-11,72679,27430,31151,32560,11117,13563,409612.00,671151.00,7146166.00,13546134.00,83468.9,45110.7333,107299.2857,35665.7143,8911395.00,8649856.00,531497,582052,29942.3333,61294
2026-06-10,56022,31532,26571,22513,12995,14712,95488.00,-138904.00,4746130.00,11131289.00,83194.3,45113.6333,115207.2857,38546.2857,6940310.00,7174702.00,523262,577173,38217.3333,114417.3333
2026-06-09,70688,32999,30146,32760,12804,17037,-797109.00,-1716441.00,6451707.00,17961732.00,81870.7333,44880.0333,128429.8571,45129.2857,10522177.00,11441509.00,524331,574499,40391.3333,132215.6667
2026-06-08,57172,25296,25191,25527,11905,11008,1226338.00,306523.00,5647996.00,14195748.00,82445.6333,45186.0333,131557.5714,47097.7143,8420002.00,9339817.00,516624,560462,42278.3333,164697.3333
2026-06-05,215392,56357,105935,84970,20045,26856,3760111.00,-811211.00,7512910.00,36806265.00,78588.3667,44283.7667,110412,43701.2857,16903380.00,21474702.00,525879,606938,34492,117273.6667
2026-06-04,124083,39521,51754,57525,15085,20370,-1339484.00,-1021077.00,7669318.00,26426364.00,76733.8,43857.6,106610.8571,44416.1429,14849133.00,14530726.00,521571,604308,38550.3333,113038.6667
2026-06-03,154617,30957,70752,59677,12436,14647,5219519.00,-225063.00,7078555.00,34167430.00,73520.6667,43578.5667,104126.4286,52929.8571,14526064.00,19970646.00,517537,585200,54591.3333,115915
2026-06-02,73121,32998,24879,37477,12269,16892,-2877381.00,-546895.00,8726375.00,14600959.00,74153.7,43549.1333,124409.7143,72989.5714,11206096.00,8875610.00,513783,567581,56617,117896.6667
2026-06-01,111378,51696,39317,56807,15557,29088,-2775851.00,-2035944.00,13027541.00,24282512.00,74814.7,43363.1667,117734.4286,78495.7143,16153918.00,15414011.00,491209,537043,50245.6667,103228.3333
2026-05-29,163246,79080,64612,81391,33537,35837,-1864907.00,-184440.00,17409431.00,31295647.00,70734.7667,41502.2333,100929.5714,74462,22550466.00,20869999.00,501905,552831,38727.3333,81304.6667
2026-05-28,79066,39075,31506,38613,17755,17209,-1290299.00,2444817.00,17291476.00,12917087.00,69860.2333,41642.3667,95628.1429,74017.8571,15278647.00,11543531.00,500797,537975,55886.6667,100691.3333
2026-05-27,67373,32582,27109,31639,9324,19805,-2547715.00,-738635.00,6649790.00,14151363.00,69377.1667,41611.7333,97451.8571,74389.1429,10339528.00,8530622.00,492579,515781,102831.3333,149935
2026-05-26,97475,44525,32680,49155,19395,20011,-3981947.00,-1006825.00,10409941.00,21565117.00,67461.6667,41473.4667,91350.7143,71868.1429,14846287.00,11872285.00,477241,485336,118069.3333,138993.6667
2026-05-22,137226,90553,51754,67302,37802,40462,-2559049.00,-1223889.00,21548142.00,24401691.00,64636.9667,40118.9333,78840.2857,62903.1429,18972911.00,17637751.00,534719,517107,104833,108455.6667
2026-05-21,215104,173416,85909,106615,71983,80974,-3477118.00,3978463.0000,43738073.0000,44947867.00,60104.9333,36190.3333,55927.1429,42044.7143,43099105.0000,36277074.00,494365,439206,59016.3333,50739.6667
2026-05-20,64651,90239,25235,30422,37281,41481,-605475.00,74981.00,14628505.00,19343475.00,59758.1333,34247.1,54698.5714,33559.2857,15488074.00,14807618.00,450092,413815,40663.6667,55902.3333
2026-05-19,45612,50844,19704,21348,29085,14903,1098157.00,-352872.00,9750960.00,17831802.00,59741.0667,33907.8,55533.7143,29592.8571,11606402.00,13057431.00,421689,402939,32675,58954
2026-05-18,41956,35966,18670,18647,16395,14001,-887210.00,-36708.00,7297943.00,17147785.00,59381.7333,33515.4333,63765.5714,28435.8571,11196210.00,10345708.00,404412,387193,29952.3333,61519.6667
2026-05-15,80139,35181,29218,41046,14176,17308,-2556403.00,-766124.00,5591974.00,14586324.00,58501.2,34034.7333,56554.7143,26558.5714,9977503.00,8187224.00,516095,448045,27361,53044
2026-05-14,54767,26878,24335,22938,9909,12949,1229293.00,-173684.00,4643137.00,15552227.00,57797.3333,34243,53690.1429,24834,8339950.00,9742927.00,510090,443769,28682,53472
2026-05-13,49653,27798,20343,22773,10914,12639,156563.00,-613800.00,5537296.00,13007756.00,57253.9333,34818.4,51276.7143,24530.7143,7837488.00,8607851.00,504736,440784,27109,54073.6667
2026-05-12,54712,27407,26859,22110,9593,13942,1912486.00,-405884.00,4855007.00,14868882.00,56397.6,35970.0667,54620.8571,25966.4286,7539230.00,9857600.00,497415,438586,27262.3333,69029.3333
2026-05-11,56051,30841,23577,25563,14752,12167,-1421958.00,922345.00,5693718.00,14618013.00,56137.9333,37431,56981.2857,29029.4286,10221110.00,7897498.00,489362,424599,24328.6667,60233.3333
2026-05-08,51458,23079,22445,21864,8993,11692,-33414.00,-425166.00,3225782.00,10524270.00,56054.0333,38182.5333,54729.2857,34928.8571,5937042.00,6328794.00,509611,445873,21571,54652.3333
2026-05-07,99579,27867,24436,22565,12279,12295,3639202.00,-227061.00,5776246.00,167133767.00,53610.0667,38090.1667,47330,35464.8571,14822384.00,32193787.00,503905,464242,20840.3333,32379
2026-05-06,29663,22040,11646,14087,8818,10318,-390976.00,351183.00,4364973.00,9551520.00,53997.5333,39374.5,47518.2857,36029.2857,6751461.00,6009302.00,497315,458241,25979.3333,48531.6667
2026-05-05,34715,14806,15401,14917,5018,6167,-44622.00,8953.00,2837574.00,11628004.00,54130.3667,40340.4333,53190.2857,38839.2857,6167240.00,6113665.00,493585,451810,38471.3333,61151.3333
2026-05-04,32759,25675,14074,15378,10577,11587,-345678.00,149985.00,6556179.00,8503710.00,55149,42296.8667,62749.5714,39355.5714,5971964.00,5476301.00,481814,443925,51371.3333,62129.6667
2026-05-01,78121,37457,33598,34393,18275,15084,68699.00,-367804.00,5035866.00,14447605.00,62787.1667,43277.9333,61367.4286,37824,8479715.00,8916218.00,541704,469142,49425.3333,52017.3333
2026-04-30,72574,52282,33189,30979,19949,21686,353079.00,-577321.00,8797129.00,18926675.00,62419.3,42995.3333,59317.2857,33581.7143,11808705.00,12739105.00,536683,462729,40661.6667,38153
2026-04-29,35694,64375,14888,16995,18850,23795,-628884.00,-624723.00,6751439.00,12388828.00,62168.6,41935.9667,67377,28973.1429,8591490.00,8587329.00,495704,455767,30695.3333,51061.3333
2026-04-28,47784,31619,18945,22309,11884,13447,-483037.00,-271262.00,6829057.00,10106877.00,61777.9333,41992.3667,79294.7143,31044.2857,7207898.00,6996123.00,479211,443625,29918.6667,68358
2026-04-27,30981,25991,11184,15237,10839,12604,-1623599.00,48880.00,4822741.00,8219101.00,63534.6333,43003.8333,80704.2857,30653,6679195.00,5006716.00,470759,436241,30167,80846.3333
2026-04-24,74419,34476,31086,34391,16294,14387,-1915787.00,1049886.00,6637581.00,14588716.00,62414.3333,42919.9667,77620.1429,31910.5714,11011845.00,8046172.00,499048,472395,26203.6667,75447.6667
2026-04-23,99674,29289,45577,43578,11944,13943,574670.00,242355.00,5450385.00,29136760.00,60471.2,42731.2667,70935.4286,32249.7143,15533502.00,15865817.00,491807,465598,27145.6667,72927
2026-04-22,68446,26736,21479,36641,9855,12805,-2329966.00,-8807.00,4161414.00,21216636.00,59623.4,43004.9667,66873.1429,34198.4286,12519540.00,10198381.00,487204,448928,33606,93847.6667
2026-04-21,58223,22586,28267,23149,10877,9289,809168.00,83477.00,4536133.00,15154574.00,59033.2,43422.4667,66053.4286,38102.8571,8586257.00,9311948.00,480721,443554,33828,88056
2026-04-20,92112,32115,39454,42710,14529,14092,-427684.00,-18567.00,4778799.00,21620819.00,58559.4667,43837.6667,64200.7143,41451.8571,11766698.00,11357581.00,466647,427616,37549.3333,74962
2026-04-17,131208,46117,62859,53323,22149,19915,-1439311.00,-762059.00,6990310.00,31519936.00,58730.3333,45590.3333,53206.2857,39426.8571,18047334.00,17370082.00,561824,506461,32731.3333,48853
2026-04-16,40848,23252,15978,20099,7794,10004,-662578.00,47216.00,4416213.00,9340093.00,58359.7,45728.5667,53813.7143,41914.4286,6048591.00,5338797.00,559352,504550,38439.6667,48573.6667
2026-04-15,52830,43279,26998,21184,11918,20399,100349.00,-1173481.00,11209828.00,12149314.00,58012.7,46406.6,50720.2857,39188.1429,8386574.00,9660404.00,537582,490903,40652.3333,48458.6667
2026-04-14,52881,31663,25510,20122,8712,20082,-980797.00,-1615976.00,5570309.00,15601370.00,57652.4,46117.0667,50840.5714,41916.2857,9136278.00,9771457.00,526411,479943,48617.3333,57212.6667
2026-04-13,40010,40377,16353,18996,15065,21929,-1842769.00,-785471.00,6866046.00,12514700.00,59074.9333,46861.0333,49932.1429,40880.4286,9383905.00,8326607.00,512500,468996,45805.6667,61958.3333
2026-04-10,52485,49917,19609,25046,22886,22228,-29348.00,411478.00,7689038.00,14976436.00,58716.1667,47204.8333,47198.7143,40186.5714,10030243.00,9589417.00,539035,485348,42721.6667,59496.6667
2026-04-09,79143,55558,35868,33857,21248,26760,-1237638.00,-4039488.00,16464634.00,22161894.00,57713.8667,46327.3333,40038.5714,41100.7143,14203644.00,17005494.00,522981,479698,32267.3333,43507.6667
2026-04-08,54247,31942,26582,21419,11381,16323,1345726.00,-397808.00,6946427.00,15346403.00,57882.8,46247.2667,39183.4286,47204.5714,9276908.00,11020442.00,513843,470535,38540,43333
2026-04-07,45100,40665,16078,23774,21561,14657,-2708708.00,803192.00,8002734.00,17265835.00,59153.6667,46396.1,39732.1429,47913.1429,13396425.00,9884525.00,504288,459459,36027,39516.6667
2026-04-06,31176,24195,14950,11747,9005,12209,3461481.00,-766297.00,3844262.00,19306152.00,62946.8333,51186.2333,39029.8571,48041.8571,8566025.00,12793803.00,495779,452626,42982,40241.6667
2026-04-02,53723,50760,24494,22218,20006,26075,1255952.00,-2103943.00,7449942.00,11315876.00,67781.4667,55864.3333,37253.2857,49443.2857,7025693.00,10385588.00,550001,472689,46714.3333,32008
2026-04-01,33651,33126,14288,16576,11380,19134,813863.00,-1980426.00,6569876.00,9030088.00,70889.8667,61591.3333,37974.5714,50965.8571,5973331.00,8767620.00,544105,464873,60562,36878
2026-03-31,33351,45060,14218,15578,15048,26491,-1556430.00,-2233005.00,7513068.00,11232152.00,71386.4,63408.4667,42255.5714,56581.2857,8271741.00,8921316.00,528616,462499,60750.3333,42074.6667
2026-03-30,29022,61957,11407,13154,29068,25420,-1814595.00,136908.00,12470578.00,11995657.00,72679.3667,64198,82004.7143,57285.8571,11073326.00,9121823.00,501840,451532,48463.3333,41154
2026-03-27,48261,74669,21393,20795,40932,28219,415322.00,-160613.00,6929378.00,11593264.00,74992.8667,65535.4667,83901.4286,52876.5714,8114828.00,8690763.00,523641,483608,43763.6667,38829.3333
2026-03-26,48941,45625,16155,29520,12106,16176,-1554877.00,151135.00,5674767.00,26717249.00,75135.6667,65136.5667,80934.5714,51015,16111570.00,14405558.00,523917,462917,43150,35415.6667
2026-03-25,26260,25096,12926,11070,8689,13730,863176.00,-1947565.00,7286883.00,8058914.00,75326.0667,65794.9,82335.1429,52188.5714,5852460.00,8663201.00,511782,454246,62907.3333,47768.3333
2026-03-24,41287,60570,23159,14220,23357,27183,1410190.00,-760954.00,12596889.00,10877532.00,75324.1333,66171.2333,88391.5714,51583.5714,8233278.00,10404422.00,492380,448026,65013.6667,136428
2026-03-23,38700,43784,21297,13784,14356,25579,-165385.00,-1554797.00,9337635.00,10644687.00,76790.4,68271.3,88693,49894.4286,8602297.00,9991709.00,476211,435336,65020.3333,144040.6667
2026-03-20,63318,84368,30410,24424,36303,41023,-54101.00,-2056094.00,15222218.00,14237659.00,76276.4,68409.8667,85559,41217.2857,12617094.00,14618046.00,635389,540317,47762.3333,132325.6667
2026-03-19,307266,66889,176925,117439,18329,33675,57277492.00,-1908082.00,12550797.00,504764506.00,68028.4667,68633.9667,47808.4286,36654.1429,213517293.00,286274417.00,614934,551291,36569.6667,41925
2026-03-18,61538,43804,23321,29985,18676,21252,-864584.00,-506600.00,7797349.00,21058569.00,69798.6667,70000.8,44805.4286,35412.2857,12856335.00,12498351.00,606356,541851,40746.6667,49306.3333
2026-03-17,28173,32594,12067,12104,19995,10320,-1031323.00,197064.00,4236423.00,14253046.00,72139.0333,70656.9333,51909.2857,37123.2857,9173941.00,7945554.00,602334,538814,40535.3333,53518.6667
2026-03-16,36064,33311,16250,15675,10894,18945,591700.00,-1327775.00,6450301.00,20033121.00,73053.7667,71014.4333,66233.5714,46464.1429,11431740.00,13351215.00,590404,530853,37307.6667,55290.6667
2026-03-13,83682,56335,39326,39098,22345,29590,752037.00,-662404.00,7037185.00,143431365.00,71185.7333,69806.4333,58526,42330.4286,72480524.00,76303355.00,614655,548860,30178.3333,41734
2026-03-12,40810,31960,19087,17407,10883,18468,224773.00,-1505930.00,7322898.00,15454164.00,70769.4667,69553.3667,58756,46853.2857,9325504.00,11056207.00,603459,542211,31228.6667,41636.3333
2026-03-11,41380,23628,12489,23827,7749,14042,-2522712.00,-329738.00,3732008.00,25879897.00,70892.9667,69876.3667,58854.8571,46760.2857,15451866.00,13225958.00,599704,535889,38209.6667,53809.6667
2026-03-10,43012,34947,18917,17496,17671,14495,238291.00,-624352.00,4834182.00,10875839.00,70254.7667,69588.5333,64522.5714,50724.4286,6561981.00,7424624.00,600121,527448,59459.6667,84917
2026-03-09,40517,35111,19147,18263,10833,18217,259930.00,-1609820.00,10054423.00,11578764.00,70258.6,69595.7,64694.7143,54313,7678951.00,9548701.00,590742,517337,56889,81321
2026-03-06,77900,44571,34402,29949,16665,24236,-1044056.00,-1221433.00,7798639.00,18069190.00,68804.7333,69333.5667,60576.7143,52121.8571,10389249.00,10566626.00,607141,541260,63238.6667,69494.3333
2026-03-05,136334,98697,53841,66540,34106,47988,-8607014.00,-787754.00,20234257.00,58323639.00,65730.1333,67598.4667,49574,42242.2857,37573916.00,29776777.00,569403,517554,37998.6667,38073.6667
2026-03-04,29729,27399,10076,15041,11482,13724,-1695510.00,-1114105.00,5704845.00,10824088.00,67120.3333,69307.8667,57216.4286,44775.2857,7711040.00,7129635.00,564708,512009,49764.3333,55726
2026-03-03,42420,63620,21274,18086,17529,40320,934064.00,-217306.00,7597664.00,51586534.00,69896.5667,70975.0333,71866.5714,59672.2857,13483759.00,44262329.00,555951,504260,48634.6667,55493.3333
2026-03-02,42072,22977,16346,18245,9858,10785,-2870484.00,-403192.00,4563605.00,24434310.00,71514.7333,71903.5333,94250.8571,83690.2857,13935671.00,11468379.00,548259,490936,50720,57827.3333
2026-02-27,82686,62696,43548,31652,22586,34148,1010629.00,-1274914.00,8781972.00,19109459.00,72105.6333,70958.1,100567.5714,104010.2857,11727333.00,14012876.00,566879,512807,39668,50037
2026-02-26,41722,60231,15555,21975,24012,32293,-812077.00,285774.00,9048728.00,7666562.00,74200.0333,70395.7667,101499.7143,109630.7143,8251761.00,7153910.00,543570,507899,34634.3333,63871.6667
2026-02-25,49074,29233,20922,21837,12665,14064,44388.00,49241.00,5588512.00,12132496.00,77321.5667,71102.1333,104176.4286,117689.2857,7911395.00,7906542.00,536646,498130,80856.3333,95837.3333
2026-02-24,59315,29540,24053,25657,12833,14144,-574584.00,354296.00,5682059.00,16247366.00,79142.9667,72096.1667,112512.2857,129868.2857,9994239.00,9065359.00,528642,482662,134710.6667,142319.6667
2026-02-23,83226,45130,38865,34319,16451,24101,495500.00,-1311692.00,9948205.00,23526762.00,79311.1667,72339.5333,108226.4286,128229.4286,14175589.00,15982781.00,514456,465301,187979.3333,156878.6667
2026-02-20,144971,167899,60599,68563,70596,80504,-87988.00,671624.00,35270719.00,29679236.00,75845.3667,67714.2667,92083.7143,110650.4286,29635900.00,28867000.00,666059,560436,165204.3333,124637.3333
2026-02-19,198762,191103,73370,105294,77850,93948,-1655660.00,-3788992.00,31191688.00,35594617.00,70997.6667,62014.6,69579,93615.7143,29541457.00,31675122.00,641242,519717,130051,80987
2026-02-18,126903,204936,44275,66077,79503,97868,-2971859.00,587865.00,43182930.00,37071205.00,67946.6667,55849.7333,63262.5714,79594.2857,36850811.00,33291087.00,548725,472793,100003.3333,77908
2026-02-17,48247,99574,17721,23888,46533,40292,-3117745.00,1987188.00,25686371.00,23302451.00,67396.9,53235.8667,63212.7143,78015.8571,23785722.00,18679183.00,521511,460250,78031.3333,79567.3333
2026-02-13,67811,85643,29387,31399,39147,33590,-2851077.00,2428233.00,16753851.00,25830014.00,66004.8,51113.0333,62072.2857,76297.1429,21518785.00,16239475.00,559434,497983,64432.3333,67621
2026-02-12,117666,114793,50109,55310,49069,46583,-4493222.00,1873892.00,24557408.00,51557570.00,62873.6667,47820.5,61640.5714,72013.7143,36007932.00,29657554.00,517612,478893,50121.3333,42142
2026-02-11,53225,33658,21940,16394,12322,17673,1472230.00,-63883.00,7117160.00,15693635.00,62091.3667,47300.8,68091.8571,74673.7143,8351298.00,9887411.00,514905,460651,74497.3333,51963
2026-02-10,31972,44846,11682,16239,21409,18917,-965349.00,409991.00,10123158.00,12048277.00,62022.7,46254.6,72596.7143,74558,10381110.00,9005770.00,505112,452701,89057,57271.6667
2026-02-09,41229,71860,15704,21017,32403,30340,-1446998.00,-823586.00,17864229.00,16699167.00,61357.7,44740.1,70655.5714,67163,14956665.00,14333253.00,489441,441434,89641,63471.3333
2026-02-06,82688,106786,35876,35296,42936,45274,269565.00,1335713.00,18037508.00,41252402.00,60165.6333,43903.4,62889,55389,25501766.00,24435618.00,491080,457062,82315.3333,74123.3333
2026-02-05,47898,88525,18651,24767,42903,39351,212427.00,2251411.00,15512130.00,22370369.00,60477.4667,42321.5667,62487.1429,47502.2857,18485606.00,16446622.00,453037,449405,70233,90952
2026-02-04,59828,73612,23306,29141,33186,28176,-3128977.00,1863190.00,13268113.00,33419296.00,60264.5333,41006.5667,57349.7143,40745.1429,23218173.00,18226006.00,432617,442456,60374.3333,92178
2026-02-03,114644,84809,52854,49554,29763,37856,-828074.00,-709202.00,14894343.00,46975044.00,57561.5667,39252.2,46776.5714,33676.1429,27116565.00,26997693.00,400824,425013,38803,63177
2026-02-02,98384,52278,48609,38995,15465,24961,3102838.00,-1185192.00,8755775.00,36202689.00,55216.2667,38182.2667,37619.4286,31451.7143,17452222.00,21740252.00,382205,417506,29499.6667,39823
2026-01-30,63506,44036,26689,27387,14332,24803,-13268.00,-352304.00,5114074.00,14022855.00,54067.1333,37839.7667,34846.5714,31824.2857,7711046.00,8050082.00,395197,444132,25927,33682.6667
2026-01-29,27641,20095,11181,11908,7413,10869,-463658.00,-223303.00,3582558.00,7963768.00,54396.6667,38217.8333,41102.8571,40193.7143,4767303.00,4526948.00,390830,439521,27999.3333,32424.3333
2026-01-28,28322,24368,11437,14037,9715,9144,-525823.00,-490705.00,4095675.00,5689274.00,56455.8333,39590.0333,55015,52946.1429,4087677.00,4052559.00,387068,433226,31652,36527.6667
2026-01-27,45085,33318,18868,20229,11792,18107,-1234606.00,-671127.00,4919978.00,9678035.00,60920.3667,39585.7,61519.5714,55448.1429,6814900.00,6251421.00,384046,420690,32781.6667,32927.3333
2026-01-26,23866,26312,9781,10752,11093,11312,-421171.00,-479899.00,3837309.00,6822554.00,62340.0333,40038.6667,72454.8571,56594,4696986.00,4755714.00,375540,412910,39559,39670.6667
2026-01-23,40632,35326,18162,18196,16846,14738,1914621.00,-1385717.00,7494210.00,17031641.00,63167.9667,40079.0667,81586.5714,57741.8571,9697334.00,12997672.00,399591,466026,54010.6667,49938.3333
2026-01-22,34284,36707,12542,17356,10206,24030,-25166.00,-627738.00,5008045.00,12774900.00,65011.6333,40319.9333,97077.4286,59701.4286,7808390.00,8410962.00,388708,456754,79653.3333,80412.6667
2026-01-21,44096,46644,21900,17164,14358,27196,3291539.00,-2076763.00,7158065.00,17931459.00,66638.3667,41274.3,107057.5714,61518.1429,8720566.00,14088868.00,375676,449513,81049.3333,95919.6667
2026-01-20,71435,78681,26832,39402,24982,41175,-1540303.00,-3502754.00,15142934.00,28516584.00,66059.2333,40846.1667,109462.8571,57768.1429,18601946.00,20564397.00,366996,421779,66266.6667,105579
2026-01-16,125707,113635,66685,48813,49806,52386,3036835.00,5253.00,10777154.00,34204871.00,65423.1333,39562.6,97361.4286,45697.5714,16615064.00,24399696.00,550077,650848,42842,98528
2026-01-15,90617,50832,36871,28912,23763,16210,-1201570.00,711904.00,8094169.00,14857039.00,64036.5,39386.6667,92034.8571,41309.1429,10564934.00,8651460.00,526852,620241,42706,115895.6667
2026-01-14,100413,34333,55699,37231,15693,15031,-656941.00,-293851.00,5207094.00,16875048.00,62952.3333,39680.9333,82743.4286,39260.1429,10138144.00,9775054.00,513570,586774,51048.6667,120410.3333
2026-01-13,104554,43361,45663,45158,13504,22897,-3167169.00,-1875625.00,7560236.00,38937383.00,62001.5667,39243.8667,72343.4286,36088.2857,20826553.00,19535009.00,496627,583485,54072,114983
2026-01-12,142720,50424,66486,56138,17778,26216,930717.00,-1143602.00,6777429.00,47274417.00,61010.6667,39955.8667,55676,32021.7143,21297972.00,23372291.00,480896,556417,46977.6667,81075.3333
2026-01-09,113957,59361,45352,56883,26345,22554,-3538885.00,323782.00,7169745.00,25224766.00,59086,38982.4667,42786.7143,25829.7143,16116852.00,12254185.00,481314,562004,33895,60866.6667
2026-01-08,88272,52431,45267,31890,33381,16508,1206795.00,580775.00,5767938.00,17849258.00,57738.2,38358.7333,34427.2857,20920.5714,10376104.00,11002124.00,468576,528691,23081.3333,43233.6667
2026-01-07,40997,29141,15721,18308,11702,12573,-1047028.00,-378545.00,4781037.00,8806449.00,60218.8,40340.8,32843.7143,18680.4286,6092134.00,5423651.00,459223,516747,20420.3333,40152.6667
2026-01-06,53331,20113,25414,20834,9185,9650,-227950.00,37710.00,2825889.00,13996024.00,65173,44713.4667,28264.8571,19582.1429,7565234.00,7299574.00,449636,499125,21035.3333,31058.3333
2026-01-05,35373,19990,15759,15390,8735,8733,957571.00,22836.00,2538179.00,11951748.00,67148.4,48768.4333,29915.2857,28395.7143,6010513.00,6945250.00,443216,488772,19711,27178
2026-01-02,31754,21158,15186,13196,5981,9712,553429.00,-571902.00,2043131.00,8755742.00,67402.6333,49282.3333,33558,31240.2857,4304425.00,5386436.00,450024,499676,18680.6667,26512
2025-12-31,26048,21958,13558,10574,8679,10197,-586745.00,-456939.00,4376774.00,4205840.00,67698.9333,49350.3,37471.1429,32983.7143,3875177.00,3745371.00,451063,502771,15848,27800
2025-12-30,23732,16017,9741,11646,9653,5122,297708.00,-314722.00,1665134.00,6109133.00,69098.1333,50683.9667,38874.4286,35292.4286,3164486.00,3776916.00,454608,496063,19317.3333,26982.3333
2025-12-29,29756,18067,12585,13886,6169,9680,868254.00,6924.00,3378607.00,6614275.00,69717.8667,51214.7333,38627.1429,35594.2857,4062256.00,4923586.00,448831,488974,40523.3333,32705.6667
2025-12-26,29912,13460,12302,14113,5331,6017,-385755.00,103483.00,1862088.00,5086326.00,69873.7333,51560.3333,38501.4286,38494.4286,3153806.00,2664568.00,483697,512585,49726.6667,41819.3333
2025-12-24,21279,26425,11122,7289,5778,17317,533096.00,-303773.00,2485435.00,3626982.00,70753.8333,51423.9667,40822.5714,39210.4286,2170645.00,3007514.00,488218,506880,52305.6667,52539.6667
2025-12-23,46926,81685,17705,24466,35070,37963,-887905.00,-577299.00,8797633.00,8666593.00,70597,49569.5667,46989.8571,36903.1429,7548830.00,7238307.00,463794,497855,35803.3333,48082.6667
2025-12-22,57253,41070,22999,26777,15379,20781,-781072.00,262902.00,6202954.00,13072912.00,70784.4333,49211.2667,64385.2857,35777.1429,8373468.00,7331119.00,451939,480996,28840,38340
2025-12-19,53440,34162,27900,20219,15440,15607,-317919.00,707378.00,5170496.00,9781026.00,70860.1333,48807.4333,66244.7143,36597,6507550.00,5482253.00,560754,560604,28706.3333,30204
2025-12-18,33555,32178,19021,11923,15050,12530,795697.00,584987.00,4877670.00,6647724.00,71684.1333,48630.8,70804,37219.8571,5032583.00,5243293.00,553717,565935,28459.3333,31528
2025-12-17,28025,20180,11924,10918,7637,9060,1035661.00,154309.00,3755863.00,10238390.00,72256.3,48490.4333,79599.5714,40613.1429,4390967.00,5273093.00,551340,562869,43577.3333,52218.6667
2025-12-16,29032,33761,12477,13191,19863,10785,593321.00,765825.00,4223182.00,9342706.00,72958.8,47926.1667,88723.2857,46543.7143,5969012.00,5796508.00,552570,558757,43386.3333,102215
2025-12-15,37527,31437,15745,16940,14290,14159,206664.00,-79875.00,4389844.00,12071583.00,75033.8333,48833.3667,91085.2857,51458,6805399.00,7091938.00,544795,553975,46207.6667,111858
2025-12-12,90097,65534,40871,34739,35531,21981,2725930.00,-810660.00,7903990.00,19716389.00,73760.5667,47555.8333,93446.2857,52828.5714,9668253.00,13204843.00,559317,569321,36542.3333,103649
2025-12-11,179021,33188,36255,26538,10289,17767,5680197.00,-846233.00,5430220.00,312215874.00,69956.9667,47969.1667,74874.4286,54595.1429,14050551.00,20576981.00,551776,597636,40124,73840
2025-12-10,66456,39901,25000,33956,20427,16423,-1669826.00,395486.00,5838685.00,22661521.00,69723.9667,47619.7333,75079,55060.8571,13300739.00,11235427.00,543470,587485,51915.3333,82654
2025-12-09,65470,36538,30857,28337,14738,18873,265729.00,-3095282.00,6155622.00,26297113.00,69845.8667,47926.6,76587.7143,54162.4286,12976578.00,16337589.00,535195,587160,61681.6667,78851
2025-12-08,89594,43933,41792,41150,18920,20300,1738160.00,-547443.00,7390417.00,138126421.00,68909.5667,47705.6,79930.4286,58141.1429,70681159.00,72186242.00,531995,549808,72080,84527.6667
2025-12-05,92898,75275,45474,38049,32356,36280,3248046.00,-980667.00,8108227.00,29194683.00,67993.3333,46394.7333,74690.2857,51696,14575396.00,18804109.00,545762,564876,62173,69901
2025-12-04,54061,65837,24962,23446,36901,25180,1090126.00,405223.00,7915635.00,20973110.00,68795.6,44954.1333,73801.2857,47107.7143,12787228.00,13472131.00,519393,563342,54614.3333,74510
2025-12-03,106624,75128,41745,38496,30001,31053,2252052.00,-846433.00,9019608.00,29390727.00,67195.1,43186,75057.1429,49032.7143,14677626.00,17776111.00,487216,545761,39654.6667,64312.3333
2025-12-02,49018,45554,24766,18883,14528,23305,2220960.00,-433716.00,5981607.00,15426933.00,66967.1667,42288.7,96905.5714,64138.2857,8343614.00,10998290.00,471602,541256,48398,85637.3333
2025-12-01,67888,43161,30278,28382,17255,20235,1924120.00,694527.00,5740733.00,30497206.00,66501.7333,42328.8667,100726.5714,78206.5714,15517127.00,17511311.00,456875,528811,44064,81747
2025-11-28,76031,30249,35350,29807,12245,13878,939133.00,-2917.00,2800071.00,12412578.00,67376.5667,43359.3333,95490.8571,79110.2857,5808009.00,6750092.00,478395,541166,45220.6667,72349.3333
2025-11-26,112993,71784,54019,42339,19211,43412,5167163.00,-2720939.00,8543513.00,23642710.00,69879,43834.7,84340,72283.5714,10023006.00,17911108.00,462871,527767,50827,73156.6667
2025-11-25,56217,30159,26876,23038,11079,15142,374880.00,-509259.00,3867666.00,11085064.00,78544.3667,46393.4667,85695.8571,75979,6349816.00,7233955.00,459943,519087,91205,121736.6667
2025-11-24,47838,33719,19952,21986,13227,17099,-1627939.00,55247.00,4561696.00,10575808.00,78561.3,46005.1,85768.7143,76017.7143,7702033.00,6018847.00,449970,507285,127178.3333,137335.6667
2025-11-21,115415,88603,46993,54608,39512,38940,-1946137.00,1171715.00,8439344.00,18206782.00,79298.7,44764.2333,74222,66764.1429,13531989.00,10414137.00,595390,591230,109835.6667,111991
2025-11-20,201957,151293,88004,93478,68484,67011,8012881.00,-485447.00,14349362.00,54084742.00,75785.7,40900.9333,52182.7143,48341.4286,26807013.00,35305341.00,567404,562103,67403.6667,56317.6667
2025-11-19,94635,141639,33925,46284,51194,76390,-1706504.00,-2138517.00,18280507.00,17600850.00,74505.2,36667.5333,44695,31829.1429,15935732.00,16367745.00,517466,539374,38866.3333,46675.3333
2025-11-18,39381,36575,12791,19062,16646,14582,-5283960.00,2819520.00,8966965.00,14487618.00,75447.9,36076.3333,48051.4286,30935.7143,14660539.00,6557059.00,506356,530999,38004.6667,49664.3333
2025-11-17,34937,23997,14364,15122,9514,10375,2748.00,-7939.00,3937305.00,8342595.00,76831.6,35856.7667,51019.1429,30657.1429,5372493.00,5383180.00,499274,523688,37948.3333,49548
2025-11-14,65708,56027,29958,28628,26706,24576,603914.00,-59807.00,6635727.00,12808947.00,76326.5333,34854.8667,49957.2857,26493.1429,8626047.00,9289768.00,502456,560690,26717.3333,43539.3333
2025-11-13,48348,33990,19387,22603,15755,10849,-1765394.00,336463.00,3808108.00,11331930.00,77377.9,34925.4333,49506.1429,23918.7143,7101559.00,4999702.00,501566,552395,24071.6667,41497
2025-11-12,34588,23828,13571,18392,8838,12578,-592529.00,-16185.00,3627576.00,6167849.00,78649.3667,35483.4,51723.1429,22919.4286,4699253.00,4122909.00,492582,542679,26236,50926.3333
2025-11-11,47682,22334,23179,20279,6119,13654,-1733914.00,-838283.00,3339172.00,17646032.00,78237.7333,35201.4333,59165.4286,28107.8571,10022582.00,9126951.00,493539,540349,26140.3333,53602.6667
2025-11-10,42221,26053,18777,18994,8166,14682,1720830.00,-330333.00,3320368.00,16130139.00,77958.3333,35148.9333,60548,28272.8571,7915606.00,9966769.00,482825,530695,26415.6667,58954
2025-11-07,62876,30321,29263,27036,12412,14243,-1234309.00,144498.00,5313493.00,28172400.00,77178.4667,35039.1,60839,30453.8571,16273991.00,14896759.00,499388,574280,21631.6667,53058.6667
2025-11-06,55711,22047,20738,30603,10836,9350,-690708.00,233194.00,3477767.00,9048587.00,77082.7333,35230.2333,61375.4286,31506.8571,6126395.00,5202493.00,496843,571822,19893.6667,51190.6667
2025-11-05,58275,26879,24763,28027,10428,10884,-150716.00,256604.00,4985712.00,10809795.00,76797.7,34837.9333,62925.7143,34201.8571,7257174.00,6849854.00,489511,562993,30485,65025
2025-11-04,45190,15969,20860,19736,6245,6862,905390.00,-188959.00,2657776.00,9191261.00,76613.8,35166.9,65256.4286,37249.5714,4817907.00,5912256.00,487466,563051,34231.3333,67261.3333
2025-11-03,50107,16833,21920,22973,6599,8075,-864639.00,-181954.00,2358812.00,8713894.00,76152.7667,35586.8,67442.7143,39980.4286,5399259.00,4716574.00,484538,554154,43816.3333,72196.6667
2025-10-31,99778,58653,42155,47340,25061,27885,-3181123.00,-336838.00,7701599.00,18895182.00,74732.4,34954.3,64350,34832.7143,13672397.00,10828112.00,496769,581416,34071.3333,58759.3333
2025-10-30,51899,27208,22477,24938,9937,14728,-183008.00,-440798.00,3506558.00,8229463.00,74843.4,35213.7333,65308.5714,34100.7143,5245807.00,5503597.00,496415,571063,40250,64502
2025-10-29,64913,45588,24813,32839,10573,26315,-2301193.00,-1326376.00,5069134.00,11729985.00,76304.5,36118.7333,62061,30250.2857,7847843.00,6873026.00,475872,559580,37488.3333,63366
2025-10-28,59466,29418,21294,32174,13815,11721,-1918276.00,559983.00,4663648.00,10157492.00,75847.5667,35575.1333,61269.4286,32385.7143,7940676.00,5462417.00,469000,552528,39665.3333,65347.6667
2025-10-27,69127,45744,25975,36681,16163,19800,-1880893.00,279999.00,6324811.00,12926980.00,74500.2667,34721.7,66005,34588.4286,9293085.00,7132193.00,449339,534406,31957,68348.3333
2025-10-24,61505,37303,24555,28033,19910,11823,-1886748.00,452126.00,5635042.00,10696279.00,74879.2,34819.0667,84085.1429,41551.5714,7520342.00,5181468.00,459745,562427,26884,67383
2025-10-23,65411,35949,23412,35289,12943,14847,-2386542.00,-591876.00,5219966.00,11342363.00,74220.8333,34463.9667,119909,51690.5714,8055880.00,6261214.00,453381,550121,21112.6667,59639.3333
2025-10-22,78129,22619,36316,32558,9600,9869,478600.00,-243262.00,3479633.00,12077620.00,72796.9667,34554.0667,115654.2857,51611.8571,6497865.00,7219727.00,448028,548498,28361.6667,51571.3333
2025-10-21,58609,22084,27961,23267,9294,7772,-554968.00,152977.00,5297127.00,10567577.00,72193.3333,34497.0333,126929.7143,55796.5714,6069030.00,5361085.00,440568,527100,41388,66127
2025-10-20,42180,18635,17183,19650,8207,8403,-1281963.00,252189.00,2733868.00,10411463.00,72507.8,34842.6,134699.2857,58190.7143,6097610.00,4563458.00,436310,510953,63858,114755.6667
2025-10-17,53925,44366,22406,24251,14549,24232,92008.00,-839634.00,5224168.00,13385609.00,72283.4,34304.5333,135027.1429,53943.7143,7635045.00,8568807.00,501039,610547,84710,202173.3333
2025-10-16,102276,61163,37543,55821,30435,25376,-5197301.00,2249066.00,11393990.00,23421702.00,72169.9667,33648.2333,130082.2857,47897.4286,19647095.00,12200728.00,499844,600403,71678.3333,184196.6667
2025-10-15,188066,86045,90304,79517,31025,36659,2556187.00,280517.00,12772324.00,46494088.00,68433.9333,31744.6333,114136.8571,38092.4286,24823949.00,27208219.00,467484,585782,60122.3333,167353.6667
2025-10-14,316178,106922,175928,113269,39952,52545,17717086.00,-383649.00,16852354.00,76945647.00,59912.3333,28823.7333,76190.8571,26527.8571,33852514.00,51953249.00,433092,545271,36279.6667,94150
2025-10-13,48346,22068,20351,25444,9685,9860,-1293327.00,290270.00,3118544.00,8916893.00,61274.1667,29415.4667,80697,28533.4286,6418995.00,4835398.00,427650,528615,33802.6667,96774.6667
2025-10-10,137537,51377,70150,54281,24366,23138,4093494.00,248965.00,8204110.00,22271321.00,59355.9333,28985.7,71439.1429,26989.1429,12117780.00,15962309.00,430826,575054,22956.6667,73483
2025-10-09,96567,35394,37826,44378,12208,18827,-3545087.00,-893072.00,8607781.00,20520792.00,58244.9,28739.7,62691.4286,23915,14235382.00,11583367.00,424195,550200,16962,66776.6667
2025-10-08,56220,14637,24253,26634,5741,7500,-917202.00,-323938.00,2824790.00,10520980.00,58802.7,29487.4333,59494.1429,25320.8571,6336918.00,5743654.00,419914,534645,20739.6667,64888.6667
2025-10-07,67662,18839,32416,29768,8303,8732,919499.00,-380838.00,4275646.00,10019254.00,60143.2333,30406.5,55468.1429,26490.4286,5887481.00,7187818.00,414582,526791,26495.6667,68964.3333
2025-10-06,76448,17410,41623,28671,6601,7832,513864.00,-113838.00,3661294.00,11272729.00,63334,32949.7333,52095.4286,27972,5962363.00,6590065.00,407843,519802,34214.6667,67725.6667
2025-10-03,50556,25970,24077,21732,11240,12437,-297532.00,-504886.00,7576720.00,8743856.00,69509.6,39180.7,51976.5714,26420.5714,7399685.00,7607039.00,428168,535706,30183,62651.3333
2025-10-02,79889,36107,32140,37844,12186,16112,-993820.00,-1004202.00,7682489.00,12230638.00,71416.4333,42133.4667,46231.4286,24953.5714,8667718.00,8678100.00,413012,518928,26306.6667,47301.3333
2025-10-01,72732,40567,35759,29151,11514,28269,-60530.00,-258710.00,7390528.00,12097076.00,70904.4333,42303.0667,41023.4286,23362.5714,8315089.00,7796756.00,393764,498412,21793,36217.3333
2025-09-30,35333,13875,16733,14938,5639,7038,534178.00,-209143.00,2575544.00,6430668.00,71538.1,43156.4,44142.5714,27048.7143,3751737.00,4495058.00,390864,491970,26428.3333,42052.6667
2025-09-29,33839,24478,15151,13024,12187,9612,340352.00,45434.00,3539457.00,6771305.00,71810.4667,43688.7,47198.2857,28550.5714,4486677.00,4781595.00,382078,483396,23305.6667,47347.6667
2025-09-26,39480,27026,16808,19573,10184,12450,-335908.00,-429068.00,6430265.00,6197171.00,79879.3,43628.2,57093.4286,35080.8571,5151389.00,5244549.00,413154,510728,22909.6667,47412
2025-09-25,52839,27781,23998,23237,15256,10817,-622867.00,-127776.00,6227959.00,8403268.00,80204.2667,44502.3667,56081.8571,32985,7022307.00,6527216.00,403191,503431,23459.3333,41891
2025-09-24,49724,15110,13748,33482,6904,6772,195824.00,18378.00,4962233.00,6408643.00,80958.5,45173.6333,53079.5714,33703.7143,5287392.00,5464838.00,399630,479190,31648.6667,44372
2025-09-23,39673,25838,18712,17424,9588,16999,361375.00,-367679.00,3634976.00,7333318.00,80749.9667,44902.1667,57822.4286,35758.8571,4726537.00,5264851.00,387939,471774,34699.6667,49557.3333
2025-09-22,36276,29430,13948,17374,14234,12507,12130.00,-1408843.00,6172647.00,6137761.00,82214.2,45534.9333,59163,35168.2857,4959876.00,6380849.00,375971,463916,49135.6667,73714
2025-09-19,57167,39678,24035,28122,16295,19565,-224916.00,-508514.00,9641684.00,12725938.00,82068.2667,45377.8,56055.2857,33117.4286,10331723.00,10615321.00,501718,574627,40279.6667,69911
2025-09-18,55229,34991,23071,26034,13953,17307,-646111.00,-1444399.00,6176840.00,12394429.00,85170.3667,46193.4333,53951.1429,31029.1429,8233065.00,9031353.00,502402,569761,35329.6667,61070.6667
2025-09-17,108746,72738,49369,46468,34501,32208,2119340.00,425085.00,7347496.00,24732116.00,83510.9667,44719.2,45789.4286,24781.1429,13572645.00,15266900.00,484820,564379,24491.6667,49113
2025-09-16,45758,13110,14890,16501,4896,6595,883010.00,-444355.00,2754831.00,9305113.00,84366.3667,45610.9,45994.4286,26940.2857,4115716.00,5443081.00,482141,552948,28553.6667,49080.3333
2025-09-15,28708,20141,12003,12589,9317,8335,-417683.00,1184318.00,5190157.00,7866288.00,85080.2333,46534.7333,56018,29987.8571,6755372.00,5153371.00,476414,545836,30280.6667,51315.3333
2025-09-12,72873,40224,31918,31280,17064,20653,83478.00,-1091296.00,4690556.00,14439754.00,83729.7667,45986.2667,56462.5714,28375.4286,7884121.00,9058895.00,489705,561815,23663.6667,40524.3333
2025-09-11,45660,25296,20936,19772,9017,13410,638163.00,736157.00,3998087.00,10214919.00,83357.8,45726.9667,58586.8571,27518.1429,6526023.00,6428029.00,481872,560591,24899,42509
2025-09-10,35413,25322,13401,18748,9734,13504,-331539.00,-1253061.00,6650278.00,7119578.00,83838.1,45550.8333,66270.8571,29589.2857,5832078.00,6753600.00,480563,557924,25866.3333,46435.6667
2025-09-09,40500,20373,16739,17139,10971,7297,-171523.00,80140.00,2983581.00,9109841.00,83598.0667,45433.0333,71912.2857,32176.5714,5475060.00,5223397.00,472605,554609,32900,65893.3333
2025-09-08,51614,29002,23968,19679,12854,12720,2082802.00,793739.00,6673521.00,15501736.00,83621,45315.5667,73572.5714,32035.4286,9468329.00,10755530.00,464655,552725,32878.3333,74017
2025-09-05,47193,28224,21149,20964,10617,15596,-307333.00,-1520961.00,4618607.00,9653407.00,83707.3667,45145.5667,77252.7143,33299,5752266.00,6965894.00,491419,586101,29902,78462.6667
2025-09-04,98873,41474,44231,38855,17699,18534,-6684.00,60447.00,6413867.00,22618344.00,81401.5667,44470.6,78539.1429,34004.2857,11951804.00,11884673.00,481940,579061,29350.6667,75238.6667
2025-09-03,75985,28937,34982,31621,10897,11623,363170.00,498941.00,4173070.00,14619522.00,79642.1667,43981.4667,92280,43257.1429,8184947.00,8049176.00,475976,581811,32533,76573.6667
2025-09-02,60530,19295,27342,26161,8396,8642,21581.00,58393.00,3947349.00,10817682.00,79907.1333,44366.2,117322,70914.8571,6590171.00,6553359.00,471497,575110,35439.3333,77475.6667
2025-08-29,89201,39820,38764,37942,17049,18705,-508506.00,331543.00,6929535.00,11048338.00,78431.0667,44223.1,124163.8571,83039.1429,8263901.00,7423852.00,492317,629080,34522.3333,72060
2025-08-28,79990,38484,29477,39664,18556,11515,-1620789.00,3806617.00,16352353.00,10208366.00,76732.2333,43431.6333,120932.7143,84063.5714,12916662.00,7489256.00,486990,624045,37164.6667,81356
2025-08-27,63236,28014,23278,33889,9764,15585,-621006.00,157669.00,5098504.00,7353055.00,75723.5333,43272.4,119662.2857,85700.8571,5980542.00,5201867.00,477192,621937,59062.3333,117667.6667
2025-08-26,72954,37069,30915,33535,11721,21701,-487520.00,-1039383.00,7171075.00,8819005.00,74404.5,42842.7333,115241.7143,86183.4286,6866548.00,7418411.00,470141,603830,117672.3333,171957.6667
2025-08-25,107878,46411,47716,47661,17942,23436,-460716.00,724890.00,9992328.00,14144090.00,72450.6667,42021.8333,140051.2857,83154.8571,10996737.00,9811131.00,460871,571101,143765.3333,181696.3333
2025-08-22,172171,93707,74547,78801,47017,38622,-1186176.00,1042265.00,11716462.00,23400585.00,68709.5,40108,124396.5714,77483.2857,16530975.00,14302534.00,560484,630366,127748,143430
2025-08-21,235824,212899,100914,108659,92693,97948,-2139945.00,-1892028.00,35830106.00,40693050.00,63300.4333,34121.0333,101043.2857,52104.5714,34645768.00,34970987.00,531225,572408,69940,82936.3333
2025-08-20,137094,124690,57041,65352,47102,67665,-178104.00,-286459.00,15620443.00,24478276.00,60112.1333,30695.2,86232.2857,36819.4286,17426748.00,17842103.00,471173,522368,41859,51241.6667
2025-08-19,57372,45655,22153,29119,19480,20602,640821.00,50641.00,8636464.00,12274514.00,59691.9667,30169.3,89493.8571,37213.4286,8886284.00,9476464.00,459761,509327,35044.3333,125966
2025-08-18,54343,39475,20894,26460,15367,16557,63107.00,1414095.00,7973989.00,11826157.00,59097.0667,29838.9667,89271.8571,36569,8565158.00,7214170.00,442185,479641,39888,128714.3333
2025-08-15,42010,40447,19130,17063,17267,19948,112869.00,-80930.00,6093974.00,9197605.00,58688.4667,29031.4,104455,39285.1429,6706486.00,6900285.00,540632,579214,38155,138828
2025-08-14,281545,25211,20215,23483,11033,11242,-3846773.00,-150261.00,4459087.00,277630515.00,50527.5333,28833.5667,72657.7143,39756.5714,11912478.00,8215966.00,535668,596531,35649.3333,56118.6667
2025-08-13,62588,54006,24636,31434,28563,18492,-485994.00,614810.00,7295620.00,41751055.00,50006.4667,27762.1,73919.4286,37735.8571,22957170.00,21859861.00,518339,590270,33785,61990.3333
2025-08-12,72351,35248,19071,49151,9045,11674,-18457058.00,22795.00,4527891.00,94456120.00,48809.3,27134.0667,70744.1429,39537,88514120.00,6837964.00,517090,573949,33690.3333,55469.6667
2025-08-11,33417,17694,14149,15303,7130,7941,-612601.00,78770.00,2470973.00,11231658.00,49364.5,27647.7333,70593,40405,6373762.00,5682391.00,512601,566701,47612.3333,93761.3333
2025-08-08,80203,48413,32910,36237,18715,14005,-1498593.00,141315.00,5961056.00,17988728.00,48079.1667,27583.6,64064.1429,35991.2857,10611450.00,8971542.00,518978,589345,40978.3333,86681.6667
2025-08-07,52789,34964,24227,22480,13340,17065,1202645.00,-126572.00,3867254.00,11824460.00,47555.3667,27214.8,63640.2857,33859,6220979.00,7550196.00,514070,586949,42610.6667,92892
2025-08-06,148292,59460,72186,57610,23931,28001,6048497.00,-1157573.00,8678188.00,47363980.00,44604.4667,26215.2667,47212.7143,27770.2857,17630495.00,32687085.00,493940,580775,38742.6667,60169.3333
2025-08-05,58964,28511,24233,27141,10000,15447,-201757.00,-399432.00,3916868.00,9576644.00,44135.9,26109.4,46261,27337,5915531.00,5765706.00,485880,575290,37162.3333,51301
2025-08-04,71420,39861,38491,24482,12073,24244,1618464.00,-1091448.00,5432810.00,11728911.00,43668,25715.9667,43170.1429,24946,6239263.00,8949175.00,479089,556995,29714.3333,38994.6667
2025-08-01,50124,47856,22642,21544,22041,22701,882957.00,1748610.00,5254004.00,9664665.00,43616.2667,25217.4333,40252.2857,21141.5714,7248571.00,6382918.00,485595,572680,20441.6667,38894
2025-07-31,32359,23770,14068,13535,10804,10792,546273.00,-5337.00,5147349.00,6155002.00,44053.5667,25982.1333,38944.2857,19783.4286,4851892.00,5403502.00,478622,568441,18131.3333,39207.3333
2025-07-30,34501,17517,13200,17509,7193,8318,-420213.00,-203971.00,1924047.00,5492102.00,44418.3667,26316.4667,43798.2857,21686.2857,3429196.00,3212954.00,477865,564418,20785,45141
2025-07-29,49822,20038,21412,17223,9708,7584,1288201.00,93368.00,2669363.00,11172687.00,44288.6,26673.7667,43097.8571,23899,4982368.00,6177201.00,472157,557275,21813.6667,45128.3333
2025-07-28,33299,16839,15862,13151,6765,7978,173967.00,59168.00,2462225.00,6873642.00,45159.8667,27795.2,42487.2857,23599.1429,4164499.00,4281269.00,466648,549521,23275.6667,43928.3333
2025-07-25,52302,25478,22528,24037,9784,13216,-948971.00,-1304536.00,4128776.00,9922401.00,45406.9333,27875.3,39726.2857,23279,6186353.00,6541918.00,487992,563861,19537.3333,34228.6667
2025-07-24,49784,23124,21934,21059,8748,11740,44006.00,443053.00,3500319.00,8219641.00,45562.1667,27817.1,37383.2857,23429.7143,5324683.00,4925636.00,482880,558281,22108.3333,40460.3333
2025-07-23,29699,21225,14220,11586,6911,11438,66003.00,-121926.00,2580094.00,4582067.00,46398.2,28073.5667,40178.1429,23509.5714,2677379.00,2865308.00,474145,550520,26875.6667,45533.6667
2025-07-22,23203,14263,10591,10180,4608,8531,312708.00,-194925.00,1449966.00,3750371.00,47888.6667,28742.5667,45425.7143,26656.5714,2138092.00,2645725.00,470170,546281,27034.6667,47474.3333
2025-07-21,68479,30837,19340,43358,12826,14592,1414017.00,-529430.00,6072392.00,8764593.00,47228,29244.5,46150.4286,27007,5673837.00,7617284.00,459478,516579,24501.3333,35639.6667
2025-07-18,44919,35527,17669,23028,13750,18495,-184659.00,356432.00,5290945.00,5805605.00,46879.7333,28940.3333,45654.1429,25062.4286,5353955.00,4812864.00,504439,584528,20718.6667,31794.3333
2025-07-17,29025,14740,12012,13057,5159,7767,205913.00,-621875.00,3024593.00,3878217.00,48548.9667,29658.0333,47903,27225,2652069.00,3479857.00,503462,580073,23066.6667,38540.3333
2025-07-16,32975,23237,11975,16801,6520,14359,-364111.00,-687472.00,2946263.00,4322553.00,49919.2333,30044.0333,48406,28129,3044211.00,3367572.00,495433,574163,27418.3333,47527.3333
2025-07-15,33383,24179,12368,17004,7889,13087,-518989.00,-320453.00,3907177.00,4547952.00,51365.0333,30905.6,47887.2857,26992,3839307.00,3640795.00,486799,570058,30455.3333,60917
2025-07-14,49263,21784,23094,20833,8317,10638,1148741.00,-257645.00,5769536.00,7761585.00,50645.6,30874.3333,46095,26633.7143,5408299.00,6814685.00,482993,562775,30499,58311
2025-07-11,59936,36292,24207,29671,12619,20716,-273828.00,-529655.00,4966826.00,8938923.00,49530.1667,30438.6667,44240.7143,24572.2857,6148300.00,6404127.00,498557,575499,28361,53254.6667
2025-07-10,73552,33290,29451,36027,11650,17882,-1994737.00,201113.00,4914981.00,13658404.00,48618.6333,30298.4667,38938.4286,22160.4286,9263029.00,7067179.00,487548,555904,27119.3333,40902.6667
2025-07-09,41445,21915,15312,19498,7304,12437,-3929884.00,-513829.00,2956668.00,12288905.00,48342.7333,30596.8,40171,23758.8571,9090196.00,5063941.00,478479,548264,25221,37005
2025-07-08,44767,29878,18191,20897,11589,14724,-493030.00,-356808.00,4811356.00,7021406.00,48049.8333,30759.8333,39724.7143,26131.8571,5246671.00,5110449.00,469563,539276,21687,34321.6667
2025-07-07,36496,29565,14848,16595,8580,18114,714315.00,-642267.00,4091188.00,6670529.00,48315.0667,31316.9667,39807.4286,25322.5714,4006061.00,5362643.00,451303,532374,19119.3333,37808.3333
2025-07-03,29752,16220,10342,13146,5766,8503,-97571.00,57833.00,1232816.00,3609618.00,48959.9,32423.7,44095,27216,2093457.00,1937887.00,464517,550755,19181.6667,40036.3333
2025-07-02,36717,19276,13314,17913,5525,11403,-1047856.00,-1041518.00,3123577.00,6386386.00,49793.5,33851.3667,45265,28081.5714,4193106.00,4186768.00,462805,545552,23791,44488.3333
2025-07-01,46956,21862,20808,17625,7932,10703,454925.00,-571595.00,3197846.00,8354125.00,54035.2,35919.7667,46754.5714,28966.7143,4381385.00,5407905.00,456424,543564,32000,42717.3333
2025-06-30,36436,16407,15544,15581,6906,7125,133349.00,-27702.00,2289682.00,6223092.00,60816.3667,41047.7,48488.2857,31322.8571,3629933.00,3790984.00,451490,535250,34497.6667,42930.3333
2025-06-27,50073,33104,20915,20949,13466,15179,-265719.00,461763.00,4074181.00,7235534.00,63966.8333,44286.8333,47831.8571,33266.7143,5219507.00,4492025.00,469000,552383,33287.6667,46161
2025-06-26,41643,46489,17718,18300,16459,23894,-295272.00,-2175474.00,8220681.00,6147442.00,64863.8,44737.0667,48375,30560.7143,5431113.00,7311315.00,469004,544973,26236.3333,47249
2025-06-25,37075,23900,13244,15696,12854,7970,-419880.00,265584.00,3856538.00,8258839.00,66178.1,46166,49639.8571,31540.2857,5505133.00,4819669.00,458139,537392,27622.3333,54018.3333
2025-06-24,59765,29474,26325,26511,10788,14934,1701496.00,52584.00,5118879.00,14708623.00,65555.5333,46918.3,49593,34541.4286,8137760.00,9786672.00,454312,526615,28764.3333,50287.3333
2025-06-23,44907,25335,19135,20258,8123,11665,75794.00,-816592.00,4970966.00,8207608.00,66753.4667,47755.5333,51708.2857,34905.1429,5055410.00,5947796.00,446171,518487,35889.6667,50477.6667
2025-06-20,57383,28058,22712,27230,10305,14308,1178556.00,-428008.00,2902032.00,13378765.00,66850.2,47932.8333,51288,33950.8571,6199354.00,7805918.00,1068915,735583,35719.3333,46498.3333
2025-06-18,48572,32900,19622,22525,8996,12586,55860.00,-711486.00,4755035.00,9104956.00,66316.3667,48161.4,52174.8571,33382.1429,5277535.00,6044881.00,1057461,724075,35005,45617.3333
2025-06-17,45478,46711,15500,25087,11299,31885,-272386.00,-5643584.00,9613284.00,7107359.00,66235.6667,47745.7,55380.4286,31613.8571,4939374.00,10345772.00,1041440,718488,36262,50270.3333
2025-06-16,45445,27547,18765,21873,9508,14654,451890.00,-1000533.00,4548548.00,7817267.00,66780.1,49017.1333,55839.5714,34235,4681686.00,6134109.00,1033610,706104,36373.3333,55026.6667
2025-06-13,45929,30757,19106,21494,11565,15514,7199.00,-451551.00,4171627.00,5976217.00,66625.7333,49298.0333,54202.7143,33612.8571,4144773.00,4603523.00,1059721,721322,33247,57864
2025-06-12,59437,50482,27251,25910,18366,27454,-142004.00,135104.00,7645094.00,10128359.00,66816.1333,50100.8667,57012,31582.7143,7941334.00,7664226.00,1043821,710801,26059.3333,56311.6667
2025-06-11,59714,27881,19282,28336,11845,12057,-452196.00,-11826.00,4275806.00,10618618.00,65555.0333,50460.5333,59064.7143,32573.5714,5762829.00,5322459.00,1037483,704518,28210,59046
2025-06-10,54441,21378,22814,22273,8265,9771,-514788.00,-122032.00,3301789.00,10290263.00,64668.2667,50655.5667,62252.7143,36666.1429,5767928.00,5375172.00,1032569,693686,36382.3333,57118.6667
2025-06-09,54780,28919,19835,28676,12688,11718,-653935.00,310870.00,3998390.00,8542701.00,64652.4,51498.9,58381.2857,35512.8571,5851129.00,4886324.00,1016857,686072,35543.3333,50349
2025-06-06,67917,34333,23139,22921,17515,14299,17884.00,581217.00,3234527.00,9835448.00,64010.1,52962.6333,52460.7143,33925.5714,5287153.00,4723820.00,1045239,699096,36189.3333,54077.3333
2025-06-05,48659,45895,20613,21079,12238,29167,-226542.00,-96779.00,4854441.00,8074885.00,64764.9667,53121.2333,52110.2857,31524,5706205.00,5576442.00,1024470,691606,32496.6667,62552
2025-06-04,34471,26402,15511,15151,14352,10200,2427.00,693474.00,2751953.00,5939996.00,65366.0333,53825.6667,51924.1429,32161.5714,4224454.00,3533407.00,1014246,692113,40371.3333,76647.3333
2025-06-03,79102,36271,32946,32736,14604,15979,185414.00,254649.00,5398990.00,13179668.00,64161.4667,55298.2,45763.8571,31947,7807980.00,7677946.00,1006938,685408,35229.6667,59506.6667
2025-06-02,74083,34817,36053,29293,13002,17508,2368234.00,-796591.00,5098420.00,13567745.00,63892.8333,56360.4667,41531,33584.4286,6682813.00,9847638.00,1000305,670759,31364.6667,43636.6667
2025-05-30,76757,50026,44513,24688,27478,18503,3378379.00,-310943.00,5311967.00,13381704.00,63133.8,59215.3667,37579.5714,33498.1429,6846311.00,10535633.00,1011381,688084,24384,33453
2025-05-29,27680,20846,11937,12162,7669,10129,748179.00,-538931.00,3050999.00,4906386.00,64277.7,60672.5,42443.1429,39392.4286,2895118.00,4182228.00,1009209,685444,27723.6667,35282.3333
2025-05-28,26473,23222,10800,12487,12395,8839,-445824.00,-265396.00,2826909.00,4118140.00,65921.6,63280.8667,63548,48062.7143,3244985.00,3064557.00,1002211,680365,31572.6667,38451.3333
2025-05-27,46206,29084,20716,21012,12874,13417,-529416.00,387158.00,4504571.00,6944080.00,67296.0333,65393.6333,91214.4286,68228.5714,5660125.00,4743551.00,991975,668683,37304.3333,37867
2025-05-23,33168,30865,13701,15666,11588,15165,108884.00,-365857.00,4277993.00,4975853.00,69474.4667,69642.8,107131.4286,82430.4286,3659873.00,4134614.00,1038291,702720,43490,43176.6667
2025-05-22,35980,34769,13277,18519,14091,17223,-294013.00,-98448.00,5370207.00,4762063.00,71732.9333,73832.9667,111784.5714,86034.2857,4711870.00,4516305.00,1030212,700248,52602.3333,51758.3333
2025-05-21,44453,46279,17485,22852,21255,20988,-629731.00,647384.00,7423386.00,6548191.00,71984.1333,76388.4333,116363.2857,88961.2857,7051938.00,5774823.00,1019644,691366,65147.3333,95009.6667
2025-05-20,49097,49422,17350,24589,24066,21444,-1412045.00,517098.00,5364282.00,7931246.00,72215.7333,77950.4667,115219.1429,89335.7143,6829357.00,4900214.00,1013425,682907,105421.6667,158601
2025-05-19,61725,62106,24883,30919,21466,28522,-317550.00,-816824.00,7765543.00,11212210.00,72800.1,81441.4333,117950.5714,87670.8571,8029855.00,8529129.00,989545,672238,128145.6667,186221.6667
2025-05-16,174207,83914,84512,72871,30639,42322,2583095.00,-988152.00,8751012.00,26847737.00,70632.2,84549.9333,101676,80451.2857,13967740.00,17538987.00,1131507,778495,120173,151003.3333
2025-05-15,239871,170245,88534,129581,69157,70777,-797472.00,-668060.00,24806310.00,33016904.00,65036.2667,80110.2,72059.7143,61810.1429,25959943.00,25830531.00,1114552,728130,85680.6667,96547.6667
2025-05-14,144587,130278,55168,60892,52125,58828,-1172085.00,-3138608.00,18460839.00,26103000.00,63110.5333,77143.5667,57555.4286,48090.4286,17235215.00,19201738.00,1078240,678093,59602.3333,62048
2025-05-13,68552,59996,25209,30626,25529,25489,179520.00,-367678.00,9809630.00,15269324.00,64126.8,76428.9667,56587.7143,48903.8571,10664016.00,11211214.00,1063866,663728,56421,66145.6667
2025-05-12,76504,66768,32246,33169,29219,27395,1580812.00,1658389.00,11437168.00,18945525.00,63020.7667,75530.1333,51558.2857,44963.2857,13346441.00,13268864.00,1051865,637924,45290.6667,60739.3333
2025-05-09,41088,52043,17623,19264,22087,25476,1074799.00,831879.00,9120793.00,9566499.00,63270.0333,74925.8,54995.5714,48181,7972404.00,8215324.00,1066923,651968,41195.3333,57895.6667
2025-05-08,80845,50452,21859,24103,18852,25160,-2625052.00,762643.00,8937238.00,47403511.00,62997.0667,74321.4333,46572.1429,46498,16739492.00,13351797.00,1053778,654349,35791.3333,45299.6667
2025-05-07,60285,33377,26202,30297,12623,17395,1117315.00,-1000602.00,5552715.00,90040491.00,64803.9,75354.1,41936.8571,45619.7143,46825741.00,45748658.00,1046053,638465,46562.3333,45797.3333
2025-05-06,32557,39757,11096,15508,15210,18671,-3040595.00,-529755.00,8149423.00,14557134.00,65581.5667,75266.5333,45043.5714,47685.7143,10585296.00,8074456.00,1036893,635525,46371.3333,48711
2025-05-05,43057,34240,19347,18964,12036,14637,124282.00,-624210.00,5927563.00,13598200.00,66186.4,75497.0667,45842.2857,53972.1429,8052394.00,8800886.00,1022892,626885,59813.6667,56075
2025-05-02,61778,65690,26738,23933,24189,33019,259726.00,-165083.00,8112005.00,18162005.00,71905.5,74295.2,47203.2857,51824,9615770.00,10040579.00,1038580,640184,50807.3333,42776
2025-05-01,41298,39184,18151,19013,15085,20831,-1294739.00,-550512.00,5925881.00,10819953.00,71876.3667,73744.9333,48804,53017,7922819.00,7178592.00,1027206,635885,46822.3333,38289.3333
2025-04-30,65149,74567,31157,28055,21214,44212,1109745.00,-960785.00,10872119.00,17719204.00,71185.7333,73069.5333,45634.8571,53857,11536250.00,13606780.00,1005727,623176,40039.6667,34674.3333
2025-04-29,21881,38671,10338,9048,13416,20086,219373.00,-668255.00,5649023.00,5018978.00,72891.4333,73201.9333,51941,57859,4250439.00,5138067.00,998306,620058,53231,43596.6667
2025-04-28,27838,27229,9295,14996,11229,12718,-1294239.00,-228815.00,5080204.00,6347361.00,74809.1333,74195.2667,55676.4286,73351,5484966.00,4419542.00,992933,609674,61039,58085.6667
2025-04-25,54304,54219,19556,28549,18553,31346,-3107127.00,-897108.00,6876897.00,10602186.00,74949.9667,75597.8333,56775.4286,74828.2857,8877822.00,6667803.00,1016676,635552,58811,57485.3333
2025-04-24,48648,78245,21324,23260,16601,56843,-1227364.00,-2778589.00,12622453.00,11287297.00,75909.9667,75947.4333,60652.8571,78146.5714,8488249.00,13401887.00,1026303,635751,59545,55591
2025-04-23,71305,50653,34072,32017,22102,18656,675508.00,565662.00,9322002.00,14101393.00,75871.1333,76421.0333,62957.7143,84120,10177614.00,10287460.00,1010872,620344,64889,53830.6667
2025-04-22,52503,47535,25042,22022,16385,24405,354669.00,-1394067.00,8258287.00,14000668.00,77414.8,78404.3667,69531.7143,99949.2857,9098960.00,10847696.00,993593,614136,94268.3333,54325
2025-04-21,42965,80447,16514,20136,26801,43256,729087.00,-2185400.00,15191306.00,10088599.00,79445.7333,79153.3667,78213,111381.7143,8946315.00,11860802.00,980566,600154,88972.6667,60669
2025-04-17,66024,66685,32812,26566,29599,30989,1296486.5000,457535.00,9426795.00,14233073.5000,79121,78491.3333,76208,119418.5714,10321760.5000,11160712.00,1087400,784049,100568.6667,63924.3333
2025-04-16,53986,135673,23046,25824,65337,56145,-1478801.00,2136816.00,29708044.00,12297454.00,78810.9333,74982.5,76502.1429,113791.4286,20695003.00,17079386.00,1036413,772340,86166.6667,75075.3333
2025-04-15,61997,64560,23576,33189,26861,31811,-6175416.00,-525034.00,10292164.00,29032137.00,78587.6,75045.7333,78967.7143,128402.1429,25389340.00,11740953.00,1012512,765248,117426.6667,87250
2025-04-14,75790,101473,36205,31874,41002,52351,-556143.00,-1211077.00,17847417.00,21316471.00,78238.7667,73936.9,83736.2857,139215.8571,17642084.00,18297018.00,966957,759649,137093.6667,96564.6667
2025-04-11,87439,92467,41799,36544,36937,47494,2679351.00,218834.00,14944482.00,22416107.00,78264.1,72407.2667,81529.7143,131299.5714,15892495.00,18353012.00,1026938,787438,147252.3333,84748
2025-04-10,98521,158340,45966,45095,71443,73493,609848.00,1098799.00,30388691.00,24013587.00,77567.2667,68457.5,79857.4286,114576.5714,25702496.00,25213545.00,987288,778330,126566.6667,70589.3333
2025-04-09,103734,160474,48582,44804,66027,80231,-453734.00,49048.00,29970966.00,24450106.00,77836.4667,64954.9333,79186.8571,97160,24434739.00,23931957.00,963274,764317,128687,62430
2025-04-08,51989,122943,22070,25597,54963,54006,-348378.00,2389266.00,31960685.00,15505263.00,81790.100000000000,62618.200000000000,77948.857142857143,85282.857142857143,22982136.00,20244492.00,928694,761046,146762.333333333333,81490.333333333333
2025-04-07,56045,96283,24257,27218,44563,42583,801596.00,2773414.00,37412531.00,13468859.00,84239.866666666667,61784.966666666667,76880.428571428571,76372.857142857143,24134601.00,22162783.00,918599,760858,127019.000000000000,86806.333333333333
2025-04-04,79256,166835,35176,36398,71233,65550,-595221.00,104988.00,36733451.00,14205077.00,88838.433333333333,60776.100000000000,75937.571428571429,57156.571428571429,20766688.00,20066479.00,969516,790467,85167.000000000000,89326.000000000000
2025-04-03,109170,177169,50194,48640,93588,62886,1704624.00,5038375.00,24775390.00,18909946.00,94609.166666666667,61703.366666666667,76697.571428571429,41040.571428571429,21082487.00,17748736.00,923844,774056,38963.333333333333,85949.333333333333
2025-04-02,71993,37053,37545,26027,17210,12692,581988.00,155225.00,5060098.00,11011057.00,96789.733333333333,63912.733333333333,74396.714285714286,41051.571428571429,6868005.00,7294768.00,907958,765200,39880.000000000000,76392.666666666667
2025-04-01,86815,41279,36343,40271,16014,20654,-104360.00,195592.00,9112483.00,16902539.00,96739.300000000000,64594.266666666667,70737.714285714286,41034.000000000000,11584203.00,11284251.00,899936,754395,37424.666666666667,63643.000000000000
2025-03-31,99040,38558,42662,47973,17265,17874,-603949.00,-789249.00,9767244.00,25402235.00,98838.866666666667,64876.733333333333,89925.000000000000,39759.142857142857,13070290.00,19655590.00,889399,719043,35345.666666666667,54848.333333333333
2025-03-28,43323,39803,16872,22645,20087,14088,433813.00,1485024.00,10635904.00,6948451.00,99670.766666666667,65189.933333333333,89510.857142857143,37312.428571428571,8542381.00,7491170.00,895819,749735,43530.333333333333,78570.666666666667
2025-03-27,48566,33913,24498,18693,13239,14957,1109370.00,-917575.00,18756404.00,7463084.00,100223.233333333333,65736.066666666667,88920.000000000000,40225.571428571429,9036112.00,11063057.00,894407,742441,44602.666666666667,81011.000000000000
2025-03-26,72656,32321,27131,37107,13392,12392,-115022.00,1399773.00,8447552.00,9984153.00,98964.400000000000,65501.133333333333,88976.571428571429,41700.142857142857,8569291.00,7054496.00,885561,732532,47547.666666666667,77193.000000000000
2025-03-25,114490,64357,40282,48706,25247,22216,-355252.00,2425568.00,18548670.00,15545223.00,96387.800000000000,64384.300000000000,84816.428571428571,40653.285714285714,14775665.00,11994845.00,862439,685614,35973.333333333333,116813.333333333333
2025-03-24,55887,37130,26471,23041,16589,16623,1625667.00,2658526.00,11873156.00,9540095.00,96278.866666666667,65002.233333333333,85193.857142857143,49105.571428571429,9823213.00,8790354.00,860791,670206,31155.333333333333,111659.000000000000
2025-03-21,61202,41156,20016,31412,11396,23991,-1199649.00,-1362665.00,10884475.00,7692717.00,96850.866666666667,64924.466666666667,87514.714285714286,55902.285714285714,7231289.00,7394305.00,990267,779657,35538.333333333333,106068.333333333333
2025-03-20,233351,29634,103710,84006,13745,12740,27985720.00,1007633.00,8689055.00,306218376.00,91744.333333333333,65573.433333333333,64198.857142857143,60934.714285714286,122474053.00,153532350.00,984347,796174,39874.666666666667,52635.333333333333
2025-03-19,40424,22676,16647,14166,9983,10367,-134144.00,883180.00,6136253.00,8531522.00,92429.566666666667,66382.966666666667,72540.142857142857,72986.000000000000,6845806.00,5828482.00,980138,789075,51325.666666666667,67617.000000000000
2025-03-18,44430,54305,19136,21639,28328,22752,-857799.00,3093800.00,12529342.00,10287377.00,93432.433333333333,66994.766666666667,81034.857142857143,79930.571428571429,12462016.00,8510417.00,965344,774997,65322.666666666667,72316.666666666667
2025-03-17,73052,42643,33728,31314,18384,19523,-1577732.00,-359008.00,9360684.00,15645683.00,93168.466666666667,67308.100000000000,78639.142857142857,80527.857142857143,11798656.00,10579932.00,962007,765707,80686.000000000000,73782.000000000000
2025-03-14,85369,57029,38993,38784,19738,31515,3338000.00,-1787243.00,10731204.00,14322207.00,92489.766666666667,66551.433333333333,72827.000000000000,76724.857142857143,8653385.00,13778628.00,965920,789188,83296.666666666667,68705.666666666667
2025-03-13,58529,96296,24273,28464,37442,52379,-24078.00,-6600629.00,34683132.00,9183040.00,92976.133333333333,64431.700000000000,72365.285714285714,72462.142857142857,14030879.00,27272610.00,956805,779891,86876.333333333333,82133.666666666667
2025-03-12,77448,88733,30187,39704,40227,39189,-1020943.00,-1635093.00,22360084.00,13855166.00,93155.000000000000,62861.066666666667,70633.428571428571,69530.000000000000,16003788.00,16617938.00,949707,760109,91604.333333333333,90948.666666666667
2025-03-11,70140,64861,26925,30197,22178,29722,-377081.00,-1115350.00,21741993.00,15777339.00,93911.066666666667,62090.133333333333,73213.285714285714,66918.142857142857,14273311.00,15011580.00,941259,741703,85592.000000000000,86329.333333333333
2025-03-10,98813,107035,35955,40531,54500,37396,814664.00,2319840.00,41243776.00,26202716.00,93057.300000000000,59688.400000000000,70185.142857142857,57319.857142857143,30455027.00,28949851.00,921864,716255,60049.666666666667,68286.333333333333
2025-03-07,103893,102917,46448,48401,46768,46232,195405.00,217582.00,23905887.00,14574818.00,91069.900000000000,56887.733333333333,71316.142857142857,50531.285714285714,17589670.00,17567493.00,943091,734986,47896.333333333333,52087.666666666667
2025-03-06,56282,46824,18392,28098,22837,19450,-913937.00,303415.00,8085339.00,9644754.00,90563.200000000000,56396.566666666667,87647.000000000000,51390.857142857143,8373456.00,7156104.00,934640,724548,55024.333333333333,55102.000000000000
2025-03-05,44684,30408,22582,17728,12194,13476,190269.00,-98486.00,5813156.00,5423390.00,91171.133333333333,56733.266666666667,99769.000000000000,57230.571428571429,4713079.00,5001834.00,925934,720777,60414.333333333333,69607.000000000000
2025-03-04,55297,66457,23029,26865,30728,27885,633529.00,391045.00,11967880.00,14395831.00,91294.633333333333,55904.166666666667,122899.857142857143,67246.571428571429,11374950.00,11617434.00,916525,715371,51544.333333333333,77046.666666666667
2025-03-03,65325,68208,26357,30625,39227,23179,-1360961.00,864766.00,11446920.00,11921750.00,90631.433333333333,55180.133333333333,153895.142857142857,86786.428571428571,11813478.00,9587751.00,893465,708382,47274.000000000000,92541.666666666667
2025-02-28,88199,46578,38171,41372,20263,21471,-287350.00,-661715.00,7069837.00,14132386.00,89776.633333333333,54536.900000000000,160925.285714285714,94894.428571428571,9411228.00,9785593.00,933590,757449,49361.666666666667,120008.000000000000
2025-02-27,77616,39847,31388,37515,17349,19013,-998660.00,-627224.00,6297498.00,15386831.00,88511.000000000000,53815.733333333333,162023.285714285714,98019.857142857143,9910454.00,9539018.00,925330,757609,59841.333333333333,137315.333333333333
2025-02-26,111810,55397,45372,56016,18303,28445,-818807.00,-1031816.00,9422537.00,18267178.00,86290.400000000000,53000.200000000000,169197.142857142857,96824.857142857143,12203978.00,12416987.00,910686,746642,86898.666666666667,172449.666666666667
2025-02-25,170598,52841,87456,66483,21305,24911,424103.00,493389.00,9999222.00,31063464.00,83659.400000000000,52695.500000000000,154580.285714285714,96304.571428571429,18625115.00,18555829.00,897505,745414,137614.000000000000,209681.000000000000
2025-02-24,129538,71286,53819,63205,35237,29770,-265353.00,182290.00,16450860.00,21662837.00,80656.333333333333,50931.766666666667,145380.571428571429,93306.142857142857,17347606.00,16899963.00,899987,711730,148296.666666666667,212305.000000000000
2025-02-21,217213,136569,83163,113989,63929,57064,-5666199.00,-42971.00,23925106.00,32349304.00,74261.033333333333,47096.466666666667,119334.571428571429,77406.714285714286,28189893.00,22566665.00,1018508,818324,123348.666666666667,168334.666666666667
2025-02-20,282292,204987,116618,142139,96670,90577,-5245451.00,3108383.00,35881128.00,46759774.00,66635.333333333333,41352.233333333333,84320.285714285714,52530.285714285714,42487914.00,34134080.00,996179,729679,70697.000000000000,128246.333333333333
2025-02-19,137410,103334,56327,64511,48471,44597,-141170.00,-2097326.00,14244700.00,34442605.00,63781.866666666667,38590.800000000000,72207.285714285714,45720.857142857143,20463160.00,22746344.00,966763,678652,52652.000000000000,105203.000000000000
2025-02-18,85302,61725,36228,39063,28746,24419,-1639199.00,-265419.00,9729320.00,27628706.00,62432.900000000000,37699.533333333333,71215.857142857143,42449.142857142857,17068032.00,15694252.00,939373,653315,48842.666666666667,98482.333333333333
2025-02-14,162027,47032,93312,56529,20829,21484,25021.00,804080.00,6590460.00,44021381.00,57960.700000000000,36861.033333333333,59519.857142857143,42745.000000000000,24527509.00,20959372.00,970257,637444,41589.666666666667,56103.666666666667
2025-02-13,68280,49199,31789,26155,22582,21368,4714567.00,432731.00,5931152.00,25834287.00,57127.766666666667,36205.433333333333,58477.142857142857,42425.428571428571,11548043.00,15829879.00,959336,632327,35474.000000000000,45741.000000000000
2025-02-12,65140,50297,28774,25133,22725,21732,1842205.00,1184041.00,7884206.00,26135832.00,57089.233333333333,35736.366666666667,59816.571428571429,45620.000000000000,13972660.00,14630824.00,937200,623344,37264.333333333333,41567.333333333333
2025-02-11,34891,25273,11921,17172,6136,13375,-2287195.00,-648765.00,4299511.00,13329887.00,58767.100000000000,35654.433333333333,64136.857142857143,49444.285714285714,7358363.00,5719933.00,926747,611607,41781.000000000000,56057.666666666667
2025-02-10,37192,30852,16178,15559,11800,15532,969728.00,-523643.00,4876672.00,12405121.00,59850.033333333333,35356.866666666667,68110.571428571429,49941.000000000000,6414959.00,7908330.00,913638,604264,47864.666666666667,70378.666666666667
2025-02-07,52619,55668,20354,23843,26498,20755,-1368793.00,421067.00,8123816.00,18722229.00,62063.700000000000,36119.233333333333,71039.285714285714,46660.428571428571,12373534.00,10583674.00,950706,615622,44962.666666666667,73166.000000000000
2025-02-06,78362,38823,29288,39768,15161,17282,-3274050.00,-621831.00,5218967.00,24347144.00,62193.100000000000,36771.366666666667,71675.285714285714,47059.142857142857,14189091.00,11272022.00,940022,610879,56241.333333333333,71884.000000000000
2025-02-05,80155,49103,36031,32084,17141,26139,1071180.00,-1638436.00,7670443.00,26320627.00,61479.700000000000,36344.000000000000,73484.857142857143,46006.285714285714,12776815.00,15486431.00,923180,587910,57221.333333333333,66876.666666666667
2025-02-04,60981,46962,26582,25889,18473,22643,-1987501.00,-1094386.00,7629260.00,20616418.00,62058.700000000000,36274.400000000000,75230.428571428571,44295.000000000000,13004871.00,12111756.00,908146,583533,53010.333333333333,68219.000000000000
2025-02-03,74516,72659,35884,30346,28002,32108,1581109.00,-319079.00,11083210.00,24005114.00,60989.766666666667,34685.266666666667,70909.714285714286,36614.714285714286,14847216.00,16747404.00,878151,574311,39692.000000000000,67753.666666666667
2025-01-31,65133,52043,23117,33865,25400,20885,-3481801.00,199312.00,6619575.00,18188039.00,61806.633333333333,33916.333333333333,67473.714285714286,33764.142857142857,12676549.00,8995436.00,881967,591531,36215.666666666667,73647.333333333333
2025-01-30,65008,34329,27194,30980,13162,17618,1158623.00,1134669.00,5069385.00,15864226.00,61576.966666666667,33775.600000000000,67175.714285714286,34647.000000000000,9277997.00,9301951.00,872541,594612,38683.666666666667,82918.666666666667
2025-01-29,73120,32704,37101,27640,13794,14294,1785110.00,267448.00,6208173.00,14645738.00,69488.200000000000,33980.233333333333,65158.857142857143,35915.571428571429,8054950.00,9572612.00,860990,571776,39443.333333333333,82945.333333333333
2025-01-28,82814,41614,29875,45258,16305,19380,-5917071.00,-1174879.00,7390683.00,25751337.00,69346.033333333333,60101.233333333333,59818.142857142857,36611.714285714286,17583838.00,12841646.00,845362,581616,31871.000000000000,70097.666666666667
2025-01-27,92822,41733,47542,33515,17981,19380,5520948.00,-120537.00,6226286.00,29745926.00,68661.766666666667,59933.733333333333,55494.285714285714,34547.142857142857,13131003.00,18772488.00,829242,568287,28656.333333333333,52850.666666666667
2025-01-24,73200,34983,32890,28922,13456,18526,461087.00,-849618.00,4687696.00,14530608.00,69873.766666666667,61332.400000000000,50701.000000000000,32151.285714285714,7837290.00,9147995.00,853184,589406,30498.333333333333,49424.666666666667
2025-01-23,44271,18897,18020,20938,7445,9222,-1015023.00,-301137.00,4748873.00,8269065.00,71943.833333333333,62903.466666666667,50832.571428571429,33870.428571428571,6218563.00,5504677.00,847801,580103,38060.666666666667,54335.000000000000
2025-01-22,41081,32089,16763,18743,7762,19155,-647512.00,-1914756.00,5412855.00,8359494.00,81554.766666666667,64084.333333333333,58059.285714285714,35529.142857142857,5208539.00,6475783.00,832569,568530,42860.000000000000,55784.333333333333
2025-01-21,62922,40509,27453,26198,17178,18482,-37592.00,-31857.00,6518681.00,11964728.00,82414.166666666667,64113.166666666667,54705.571428571429,32367.000000000000,8239320.00,8233585.00,817221,562202,38450.666666666667,55662.000000000000
2025-01-17,59002,41584,22554,29053,14989,18422,647821.00,-1167974.00,5016270.00,15766112.00,83421.966666666667,65131.100000000000,49898.714285714286,29499.285714285714,7479599.00,9295394.00,1089794,855419,30660.000000000000,49210.333333333333
2025-01-16,45429,46487,20099,19862,18674,21207,-859281.00,-1486640.00,9930401.00,11507840.00,85089.666666666667,64579.066666666667,51054.714285714286,27524.000000000000,9107295.00,9734654.00,1078398,848385,25474.666666666667,49131.333333333333
2025-01-15,62555,27281,30347,26199,15645,9914,-136538.00,211994.00,3225060.00,11264320.00,85219.833333333333,64815.666666666667,49519.142857142857,26554.000000000000,6544526.00,6195994.00,1074142,822213,30947.666666666667,58835.666666666667
2025-01-14,39647,18212,16620,18757,8438,7843,3424109.00,261767.00,3125343.00,12526645.00,86667.400000000000,65641.533333333333,50260.000000000000,28950.428571428571,5477045.00,8639387.00,1071923,815780,31001.666666666667,58768.666666666667
2025-01-13,45192,30931,16265,23606,14038,13848,-1627703.00,337111.00,5869787.00,12049886.00,89673.366666666667,66739.966666666667,47784.142857142857,27657.000000000000,8947524.00,6982710.00,1057633,810693,27861.333333333333,52156.000000000000
2025-01-10,91668,43700,46199,34369,22340,17827,-280803.00,1235459.00,6576954.00,20686984.00,95130.866666666667,66817.366666666667,40873.285714285714,25632.857142857143,12169325.00,10653063.00,1070158,824299,24181.333333333333,39440.333333333333
2025-01-08,39446,18374,17238,17550,7968,8569,2237843.00,619297.00,3190002.00,8089786.00,99980.633333333333,69912.733333333333,44378.714285714286,28183.000000000000,4099441.00,5717987.00,1069690,814717,24887.000000000000,43560.333333333333
2025-01-07,25354,21510,8969,13721,10110,9191,-4714920.00,154223.00,4876499.00,13116621.00,102652.133333333333,70647.566666666667,52932.000000000000,28369.428571428571,10665478.00,5796335.00,1062200,808890,29379.333333333333,50053.333333333333
2025-01-06,53521,32660,22463,20698,16471,12192,-565001.00,-593606.00,6667760.00,11712334.00,104120.133333333333,71119.566666666667,55240.428571428571,26835.857142857143,7372745.00,7401350.00,1048907,796498,25785.000000000000,41500.000000000000
2025-01-03,51806,20491,22686,23101,7260,9479,928260.00,-408449.00,3138894.00,9348324.00,110533.900000000000,76317.500000000000,64843.714285714286,35128.428571428571,4504519.00,5841228.00,1056678,830848,28798.333333333333,38662.000000000000
2025-01-02,44833,34987,18433,22176,10164,11680,-240050.00,290215.00,8948731.00,7786766.00,118935.600000000000,79259.000000000000,70188.142857142857,38471.285714285714,5813806.00,5283541.00,1046377,823097,29211.000000000000,45045.666666666667
2024-12-31,27861,21877,12013,13293,7506,8949,267885.00,-150626.00,2996667.00,4780070.00,119931.933333333333,79718.800000000000,74601.285714285714,40529.142857142857,3135780.00,3554291.00,1040494,819428,29523.666666666667,64167.666666666667
2024-12-30,43292,29531,19511,21081,10727,12471,-1257572.00,-320708.00,5079408.00,8906596.00,123437.700000000000,79917.466666666667,79609.714285714286,42721.000000000000,6647087.00,5710223.00,1029979,814206,26988.333333333333,72963.666666666667
2024-12-27,63984,36225,24819,32941,15010,17624,-350794.00,1110232.00,4954206.00,11799984.00,123875.366666666667,79471.700000000000,76533.142857142857,41115.285714285714,8120003.00,6658977.00,1044184,844903,41093.000000000000,91312.000000000000
2024-12-26,85227,22815,42043,19209,8679,12183,7146116.00,-336673.00,2840668.00,80102058.00,123303.433333333333,79540.100000000000,77163.428571428571,41995.285714285714,5872233.00,41524242.00,1036387,827275,52950.333333333333,90317.666666666667
2024-12-24,69680,21925,37261,25475,9396,10406,2296966.00,759701.00,3873572.00,10028209.00,122113.566666666667,79498.600000000000,75511.714285714286,43164.142857142857,5383042.00,6920307.00,1030853,824995,57736.000000000000,86675.333333333333
2024-12-23,119029,78539,48721,57787,35443,36047,-1343739.00,-1498800.00,17588152.00,17497572.00,120146.733333333333,78259.433333333333,102858.571428571429,37493.285714285714,15807918.00,15962979.00,1017954,796784,46514.333333333333,73116.000000000000
2024-12-20,82244,58387,35069,37638,24813,23845,-3887987.00,-315315.00,7033812.00,17423082.00,118732.800000000000,77113.333333333333,102330.714285714286,147044.285714285714,12823969.00,9251297.00,1165481,851358,35380.333333333333,59850.666666666667
2024-12-19,58753,36282,22323,30745,17701,15095,-1575744.00,170322.00,6128196.00,13918019.00,121374.166666666667,77661.033333333333,104265.142857142857,147105.142857142857,9996396.00,8250330.00,1154883,841889,32944.666666666667,70146.000000000000
2024-12-18,78351,44874,33479,37185,27581,13438,558882.00,1230064.00,5354607.00,14613245.00,119935.333333333333,77399.166666666667,108723.571428571429,151686.428571428571,9401722.00,8730540.00,1147682,838132,28022.333333333333,63401.666666666667
2024-12-17,42448,24985,19502,18544,9815,11800,320878.00,53972.00,3148970.00,11198373.00,120102.933333333333,78160.000000000000,117855.714285714286,157549.857142857143,6078935.00,6345841.00,1144684,834158,32641.666666666667,152738.000000000000
2024-12-16,89639,28975,48783,31676,11329,14607,-993169.00,-315916.00,3703442.00,19339753.00,118211.033333333333,78261.100000000000,152108.571428571429,163055.571428571429,10146941.00,9469688.00,1139349,815632,298064.666666666667,149041.333333333333
2024-12-13,58118,30107,26013,25445,13766,12371,3611720.00,-689111.00,3601360.00,18390468.00,117649.000000000000,78347.133333333333,156478.000000000000,164665.142857142857,7034120.00,11334951.00,1180466,838340,300265.000000000000,153766.666666666667
2024-12-12,310457,38843,35470,37268,17570,15912,757129.00,-3174.00,6027688.00,538390333.00,108254.000000000000,77566.000000000000,124875.000000000000,169419.285714285714,23482872.00,24243175.00,1166717,917737,312965.000000000000,86801.000000000000
2024-12-11,78549,825244,34534,33476,595176,219533,4099302.00,5508718.00,67600372.00000000,25420442.00,106589.433333333333,50825.700000000000,127290.857142857143,55802.428571428571,60953548.00000000,27981220.00000000,753885,912667,59893.333333333333,96075.666666666667
2024-12-10,72294,36708,32496,30142,14946,19585,6981357.00,-1312782.00,5201616.00,35526244.00,105043.300000000000,50419.766666666667,126457.428571428571,55469.714285714286,13846397.00,22140536.00,748034,908027,70162.333333333333,181780.666666666667
2024-12-09,109560,76943,48404,49465,38847,32200,-854860.00,107527.00,9875748.00,26331423.00,102528.733333333333,48831.766666666667,122673.714285714286,50619.000000000000,16182746.00,15220359.00,735634,874132,58306.000000000000,174828.666666666667
2024-12-06,106373,66029,46846,45056,26873,29274,-1940176.00,-908625.00,7258158.00,27752913.00,99914.000000000000,48048.966666666667,126816.285714285714,50312.571428571429,15709284.00,14677733.00,742424,880126,60337.000000000000,169116.333333333333
2024-12-05,329409,67515,90837,114382,30599,29471,-67703,1340793,11962272,66196854,90940.766666666667,47584.866666666667,116242.571428571429,47242.142857142857,26940659,25532163,722383,919117,47807.333333333333,91133.333333333333
2024-12-04,88704,41374,38970,31180,21614,15831,2669210,1224420,4866001,25870594,89677.400000000000,47492.433333333333,129990.428571428571,57222.285714285714,11989613,13434403,705962,902479,45475.666666666667,83718.666666666667
2024-12-03,89236,72122,40001,31123,24349,38415,648139,-361029,6803720,34350713,87698.333333333333,45631.033333333333,132313.714285714286,53141.285714285714,16779816,17788984,682446,891618,35764.333333333333,81664.666666666667
2024-12-02,95460,29926,35967,46978,14188,12366,236686,374837,4295500,23010774,86221.866666666667,45571.066666666667,132613.857142857143,55554.714285714286,11908673,11770522,675388,888213,47083.666666666667,94968.333333333333
2024-11-29,66460,34379,30749,26597,10298,18984,1426508,-1102067,3399212,15713645,85007.800000000000,45166.033333333333,158008.000000000000,75847.571428571429,6233876,8762451,689323,912562,50964.666666666667,157946.000000000000
2024-11-27,83074,42988,38342,34918,17730,21887,-931022,-1021096,6766176,29569967,83501.600000000000,44834.600000000000,188552.285714285714,87311.000000000000,16675344,16746890,672968,895046,73713.666666666667,191901.000000000000
2024-11-26,135371,63884,68300,54685,29601,28068,1039128,-771597,7075728,28445348,80737.666666666667,43977.566666666667,177463.714285714286,83280.571428571429,14685573,16496298,651663,876183,66937.333333333333,181943.666666666667
2024-11-25,255393,46022,131952,113051,20122,21031,5181977,27978,5690411,43259693,73472.800000000000,43176.066666666667,162188.285714285714,81776.142857142857,19475689,26314065,644885,837153,67203.333333333333,129333.000000000000
2024-11-22,184939,111235,93710,68249,53728,49047,5083775,-1915096,9625006,44496279,68545.600000000000,40703.166666666667,146784.714285714286,69150.000000000000,19860457,28994248,689609,923709,88934.666666666667,149093.000000000000
2024-11-21,105499,43555,53376,42485,19570,19668,4366216,-885740,4514334,24912260,66096.966666666667,40082.433333333333,141437.571428571429,66480.285714285714,10364127,15616083,675069,924619,115493.666666666667,212888.000000000000
2024-11-20,97561,46820,52071,35411,16406,25119,2061923,-2330309,7380667,16345221,63777.966666666667,39495.633333333333,132355.142857142857,62746.000000000000,8171164,12563396,664546,896829,111777.333333333333,199618.000000000000
2024-11-19,244219,176429,110741,104949,62679,82934,2551409,-1486215,13048359,48473436,56944.100000000000,34788.700000000000,106041.571428571429,43451.000000000000,25481760,29519384,646973,892178,64798.000000000000,167700.000000000000
2024-11-18,296884,123232,122553,146291,50587,56011,-5503731,680474,14353230,46952986,48552.300000000000,32817.266666666667,69319.000000000000,29275.571428571429,30490456,24306251,581968,812253,31338.000000000000,94443.333333333333
2024-11-15,57751,35671,23886,25804,16791,15307,-873048,-114357,4367581,11119013,49811.733333333333,33641.700000000000,80782.285714285714,31710.142857142857,7344376,6585685,685196,893540,27736.666666666667,97882.666666666667
2024-11-14,148465,35491,69965,68235,19009,13141,-5630611,97164,3872382,35422716,45719.800000000000,33814.066666666667,64599.571428571429,31928.285714285714,22442516,14050741,676653,863015,22799.666666666667,59722.333333333333
2024-11-13,77114,22852,30877,36713,9471,10158,2499788,251553,2604241,15428635,44403.333333333333,34875.700000000000,60365.571428571429,35493.714285714286,6827625,9075860,667598,846285,28970.333333333333,54025.666666666667
2024-11-12,68069,24867,35011,27383,9327,13276,1117016,66976,3606329,13021380,44809.366666666667,36854.866666666667,55338.857142857143,36513.857142857143,6697870,7747910,660788,830266,28682.666666666667,44611.333333333333
2024-11-11,33984,20680,15559,14163,6655,11537,523986,-1270291,3128088,8159531,45762.466666666667,38069.066666666667,56377.857142857143,38229.285714285714,4140167,5934444,653703,821920,39360.333333333333,79281.333333333333
2024-11-08,60024,41364,28083,24420,16948,17800,2340202,197920,4970899,17147923,46593.100000000000,38088.300000000000,51889.714285714286,34521.428571428571,8145104,10287386,655589,830758,37911.666666666667,71002.000000000000
2024-11-07,39826,24004,18986,16613,10110,10185,-315868,301900,3061703,9801521,48707.633333333333,39570.133333333333,50287.714285714286,34383.000000000000,5765675,5147907,649839,827135,45847.000000000000,73552.000000000000
2024-11-06,137994,52713,80816,48288,20037,28234,-813269,-1793241,7383189,15488399,48788.166666666667,39478.300000000000,34275.714285714286,30356.857142857143,9753408,10733380,633592,832428,38945.333333333333,38514.666666666667
2024-11-05,35186,37018,16020,14728,15149,13571,525475,-266833,5713204,9273087,49237.366666666667,39588.066666666667,34123.857142857143,29254.714285714286,6241529,7033837,621823,829961,37502.000000000000,40538.333333333333
2024-11-04,47476,47810,16682,17942,19635,15612,-389069,23353,9357967,10650752,49797.033333333333,40060.166666666667,31331.714285714286,28502.571428571429,8120047,7707625,605169,819865,26701.666666666667,34248.666666666667
2024-11-01,32882,32008,13536,11997,8685,17389,44540,-1141942,4645501,6762280,51068.700000000000,40460.600000000000,35236.000000000000,31586.000000000000,4002066,5188548,623549,850556,23710.666666666667,32825.333333333333
2024-10-31,41257,32688,17229,18742,11291,12970,-217684,-410977,5306621,7599752,53426.900000000000,42210.833333333333,36599.714285714286,32430.714285714286,5163414,5356707,611039,845389,20991.333333333333,27709.666666666667
2024-10-30,28607,15409,12174,13325,5363,8524,-370848,-316829,1695985,6507541,54901.500000000000,43772.533333333333,36779.285714285714,32555.142857142857,3413796,3359777,608649,838352,25622.666666666667,29548.333333333333
2024-10-29,28612,23035,12275,12613,7712,13579,20066,-459252,2604247,10066732,55920.233333333333,47784.933333333333,40001.285714285714,33282.571428571429,5195642,5674960,604086,834397,32126.000000000000,29321.333333333333
2024-10-28,25910,24530,9712,9749,6230,16345,777870,-1215015,2857942,6197085,56854.033333333333,49368.033333333333,40591.000000000000,32953.714285714286,2741081,4733966,593590,827183,41813.333333333333,40755.333333333333
2024-10-25,34123,29303,11955,14138,12651,14885,-71412,-22585,2573954,7616143,57983.200000000000,50929.400000000000,41128.857142857143,33488.285714285714,4025658,3976831,635673,840004,44912.666666666667,46315.333333333333
2024-10-24,27931,42545,12927,11737,14870,21990,-256028,221413,4085085,8614695,59929.533333333333,51874.433333333333,44632.000000000000,32863.714285714286,5850111,5372670,625887,838055,36157.666666666667,46959.666666666667
2024-10-23,60212,53592,27105,24946,21800,26519,471079,-361947,6363322,13184514,60888.933333333333,51710.866666666667,41379.857142857143,28347.285714285714,8127865,8960891,607810,830633,27669.333333333333,43944.333333333333
2024-10-22,50803,38601,26534,19151,14213,17722,1360716,60105,4609115,9926845,60801.100000000000,52740.233333333333,39425.571428571429,28125.428571428571,5231628,6532239,594016,825286,22211.666666666667,37022.666666666667
2024-10-21,29864,16280,11634,14257,6609,7437,-60439,151613,1704861,4832941,60858.433333333333,53862.133333333333,39736.428571428571,29361.571428571429,2957371,2745319,588732,813028,27800.000000000000,39697.333333333333
2024-10-18,51166,28127,18932,16430,14011,11871,-1366929,467085,2905901,12598423,60124.466666666667,54460.033333333333,36425.714285714286,29517.142857142857,6593616,4759602,650805,896684,31148.666666666667,40126.333333333333
2024-10-17,30038,22228,13532,12244,9190,10837,101598,-32822,3192524,6390384,60361.066666666667,55042.833333333333,37735.000000000000,31373.285714285714,3944424,4078844,646706,890935,31065.000000000000,42596.000000000000
2024-10-16,37888,33045,16433,16187,12030,18913,-447826,-368239,3956951,10169559,60214.600000000000,55385.500000000000,38769.571428571429,35808.142857142857,6052031,5972444,635099,882848,32399.333333333333,42341.000000000000
2024-10-15,52453,38173,25138,21406,15595,19672,364978,-60926,5399089,12480622,60027.166666666667,55750.000000000000,44924.000000000000,38984.000000000000,7968355,8394259,625883,882888,27986.000000000000,35536.666666666667
2024-10-14,37447,21977,17066,12761,7923,11425,3192083,-350279,3143076,11917023,63637.866666666667,56619.400000000000,43246.857142857143,41653.285714285714,3784528,7326890,624731,879584,30399.000000000000,32384.666666666667
2024-10-11,37123,37048,15575,17409,8787,25975,-99936,-584863,2821394,4627600,63261.033333333333,56401.700000000000,43317.857142857143,44175.142857142857,3040238,3525165,638705,897147,29790.000000000000,33078.000000000000
2024-10-10,32040,24933,11857,15316,10443,12286,-756495,-1801462,3733748,5904700,62950.866666666667,56680.366666666667,50205.000000000000,52647.857142857143,3280689,4325656,637281,890012,42842.000000000000,37441.333333333333
2024-10-09,27991,29216,14675,10337,10142,15143,98756,-398873,3074487,4387979,63473.200000000000,56873.033333333333,55145.857142857143,56632.142857142857,2930281,3427910,632768,889339,53238.000000000000,59955.666666666667
2024-10-08,39203,35221,17044,16670,10323,20973,6962,-606379,4080232,5941323,63070.500000000000,56521.866666666667,61680.142857142857,57592.142857142857,3842180,4455521,623903,882246,55051.666666666667,55457.000000000000
2024-10-07,45130,64089,20017,20593,35381,21058,486948,364863,7130503,8275017,63087.633333333333,55464.200000000000,69984.714285714286,58216.428571428571,6603145,6725230,618381,862394,51922.333333333333,52953.666666666667
2024-10-04,95534,60404,42229,44259,25113,29789,278052,-360899,4563537,10641624,62095.700000000000,55592.666666666667,76395.571428571429,56724.142857142857,6406948,7045899,645654,877467,59868.333333333333,47859.000000000000
2024-10-03,25707,40662,9341,14237,19610,17743,-335611,-393639,3240224,3355957,64736.033333333333,55929.066666666667,79674.857142857143,56674.000000000000,2925388,2983416,635662,873433,65349.666666666667,60149.000000000000
2024-10-02,37620,54701,16122,18018,23288,25214,-1427606,-513740,5506172,8980052,65659.900000000000,55358.766666666667,83481.428571428571,57712.857142857143,7780856,5563745,630976,871983,61096.333333333333,75923.333333333333
2024-10-01,80250,84242,42042,25887,43938,34189,-453062,1732606,7658263,9943989,64951.600000000000,53574.233333333333,82164.571428571429,51967.000000000000,8674991,6489323,602269,841208,55835.333333333333,83594.000000000000
2024-09-30,62577,57106,29375,29367,31427,20631,504244,698512,4548831,9362601,67176.133333333333,53265.066666666667,89225.428571428571,55979.714285714286,6493456,6299188,577457,845443,53452.666666666667,109538.333333333333
2024-09-27,84943,41941,34705,41444,18795,19828,-225159,-262716,3718665,6459034,85700.466666666667,55936.266666666667,87497.142857142857,58882.428571428571,4527246,4564803,605931,836450,52909.333333333333,97444.666666666667
